,7Networks_LH_SomMot_8,7Networks_LH_SomMot_9,7Networks_LH_SomMot_10,7Networks_LH_SomMot_11,7Networks_LH_SomMot_12,7Networks_LH_SomMot_13,7Networks_LH_SomMot_14,7Networks_LH_SomMot_15,7Networks_LH_SomMot_16,7Networks_LH_SomMot_17,7Networks_LH_SomMot_18,7Networks_LH_SomMot_19,7Networks_LH_SomMot_20,7Networks_LH_SomMot_21,7Networks_LH_SomMot_22,7Networks_LH_SomMot_23,7Networks_LH_SomMot_24,7Networks_LH_SomMot_25,7Networks_LH_SomMot_26,7Networks_LH_SomMot_27,7Networks_LH_SomMot_28,7Networks_LH_SomMot_29,7Networks_LH_SomMot_30,7Networks_LH_SomMot_31,7Networks_LH_SomMot_32,7Networks_LH_SomMot_33,7Networks_LH_SomMot_34,7Networks_LH_SomMot_35,7Networks_LH_SomMot_36,7Networks_LH_SomMot_37,7Networks_RH_SomMot_9,7Networks_RH_SomMot_10,7Networks_RH_SomMot_11,7Networks_RH_SomMot_12,7Networks_RH_SomMot_13,7Networks_RH_SomMot_14,7Networks_RH_SomMot_15,7Networks_RH_SomMot_16,7Networks_RH_SomMot_17,7Networks_RH_SomMot_18,7Networks_RH_SomMot_19,7Networks_RH_SomMot_20,7Networks_RH_SomMot_21,7Networks_RH_SomMot_22,7Networks_RH_SomMot_23,7Networks_RH_SomMot_24,7Networks_RH_SomMot_25,7Networks_RH_SomMot_26,7Networks_RH_SomMot_27,7Networks_RH_SomMot_28,7Networks_RH_SomMot_29,7Networks_RH_SomMot_30,7Networks_RH_SomMot_31,7Networks_RH_SomMot_32,7Networks_RH_SomMot_33,7Networks_RH_SomMot_34,7Networks_RH_SomMot_35,7Networks_RH_SomMot_36,7Networks_RH_SomMot_37,7Networks_RH_SomMot_38,7Networks_RH_SomMot_39,7Networks_RH_SomMot_40,C3 GM left dorsal horn,C3 GM left intermediate zone,C3 GM left ventral horn,C3 GM right dorsal horn,C3 GM right intermediate zone,C3 GM right ventral horn,C3 WM ascending,C3 WM descending,C4 GM left dorsal horn,C4 GM left intermediate zone,C4 GM left ventral horn,C4 GM right dorsal horn,C4 GM right intermediate zone,C4 GM right ventral horn,C4 WM ascending,C4 WM descending,C5 GM left dorsal horn,C5 GM left intermediate zone,C5 GM left ventral horn,C5 GM right dorsal horn,C5 GM right intermediate zone,C5 GM right ventral horn,C5 WM ascending,C5 WM descending,C6 GM left dorsal horn,C6 GM left intermediate zone,C6 GM left ventral horn,C6 GM right dorsal horn,C6 GM right intermediate zone,C6 GM right ventral horn,C6 WM ascending,C6 WM descending,C7 GM left dorsal horn,C7 GM left intermediate zone,C7 GM left ventral horn,C7 GM right dorsal horn,C7 GM right intermediate zone,C7 GM right ventral horn,C7 WM ascending,C7 WM descending,C8 GM left dorsal horn,C8 GM left intermediate zone,C8 GM left ventral horn,C8 GM right dorsal horn,C8 GM right intermediate zone,C8 GM right ventral horn,C8 WM ascending,C8 WM descending
7Networks_LH_SomMot_8,1.0,0.4477785286568349,0.4140616494952297,0.3564072394220207,0.39121656114714326,0.2653727925225692,0.4393313227925039,0.4039912847703199,0.4033558616393152,0.24744992904671223,0.28390585254253603,0.19766574484234375,0.38163782728753826,0.09751356366373616,0.16413386903689273,-0.009802693702089336,0.24749357873411498,0.13619513686979592,0.39459940726436427,0.04390648759145218,0.23720956849789382,0.12960229553203773,0.1136528180151114,0.31812124329743263,0.047948281995983645,0.32931326547682754,0.1488010873888883,0.3023061954271801,0.19841925105651223,0.27535807481854374,0.40977214822560604,0.2833609608750277,0.5262042555253361,0.5383755974569744,0.3968898980488203,0.46678064819714765,0.2772161759976893,0.24646648264850546,0.44373594489969986,0.22933522059647193,0.2629147955328347,0.055563090450050506,0.22212464306513655,0.18868738444245883,0.12183743886031509,0.34903435267990196,0.09563116249208554,0.3061637284774009,0.06439781644163005,0.18917869833597148,0.004418223678006218,0.3307284074349874,0.18951772757977906,0.01224286847427635,0.334755420403316,0.20891433997461006,0.15138572919449028,0.1419704917110186,0.008420413389401301,0.1433917922737335,0.28198295488974334,0.09508810464721187,0.01617534119136782,-0.004520935728876552,0.015341342460253826,0.059150124396045486,0.03617254038722774,0.057633144696375455,-0.017196923091374498,-0.03060032790699621,0.04470269315451849,0.04991821317003392,-0.011920937022626083,0.016384184036902904,0.006226910450267854,-0.02233828194368266,-0.0027570271048423826,-0.025385734407096135,0.11956870161566485,0.13409402865909203,0.1648505999654801,-0.08395813753830736,0.01805754833585194,0.020317216409263164,0.1397789143959503,0.11451081607116174,-0.0012283388338952162,0.06845212756808373,0.05234982015201245,0.0057761060232459326,0.05881074458904833,0.019561437543545106,0.07896392489262753,0.07737858926715624,0.02800494920127323,-0.03000127777756068,-0.03745693619353804,0.1457545036145254,0.06571705260341792,0.06906824462736737,0.016122763335567794,0.03336989003661131,0.016598979222488562,0.003675224537382117,-0.00897720519974988,-0.010971110738362202,0.05542312112949547,0.04773086512482809,0.03130028300094876,0.043766774712234884
7Networks_LH_SomMot_9,0.4477785286568349,1.0,0.40786486684261114,0.47676673985322404,0.657565621476384,0.5778636021344454,0.4400243243849067,0.355053504233539,0.4456724477759427,0.39496918781927554,0.2684044319448914,0.32436667876932074,0.6046767931944419,0.08263068256566504,0.18655443643938058,0.0691601138230078,0.38944349066252926,0.2952399970355046,0.5873957800762568,0.10939682901489402,0.24674473217502962,0.15710547998418495,0.20273130776838164,0.4493286881367622,0.12426568899565019,0.5243440206071366,0.2684852703042255,0.36320244155407805,0.3692912576586345,0.3829574125206065,0.2864789816301152,0.2812624628895176,0.4812830156335658,0.5733026524264793,0.3153793358057275,0.4703494349683814,0.37036811591587276,0.343716978100038,0.45172619783090584,0.271948016894643,0.3261267659962652,0.21270882466457594,0.3379044817616097,0.34361243111029777,0.18428287598456555,0.4092209490956194,0.28678089774872745,0.3698119507742647,0.08719684459186774,0.2279328093808648,0.07651151201725963,0.3871396167873801,0.18163208738224193,0.16388161228454173,0.365034699227944,0.38197280880759155,0.2869382808464703,0.29529971360813384,0.12975501702603387,0.4172454600338581,0.4105689819388643,0.26821815682095235,0.027555607720886038,-0.018079163206965884,-0.014683311025841316,0.08215571504864991,0.013957205495072893,0.014318317594347672,-0.011027250607056276,-0.031065460003492373,0.054334818960088065,-0.027959755702481926,-0.07598874727577075,-0.041214595110799675,-0.07992600535936469,-0.11014398374549614,-0.060646127801184835,-0.09745762461322241,-0.0071329430041360475,0.026976161168497857,0.07939719539918154,-0.013679072622528028,0.026609198636295375,0.05193129623229348,0.05976046335637187,0.08892059616387485,-0.029394807726738845,0.013567835830511863,0.027453294523219905,0.0254988998202528,0.03207917403473038,0.034755477158005164,0.07772423116508342,0.05779427925012949,0.04865753072944679,-0.03035362844486241,-0.02080297914561925,0.08728565234216293,-0.013605530902087956,-0.02359421324776548,0.04060437084869202,-0.005525530483447794,-0.011788066655658952,0.024815413725678897,-0.031125834643287303,-0.0783984231731841,0.04935715100804405,0.03163246863520129,-0.027970537229174697,0.04231788108280634
7Networks_LH_SomMot_10,0.4140616494952297,0.40786486684261114,1.0,0.4506906225633897,0.41220420773895167,0.3243449755368792,0.30888240367341885,0.1869693559625684,0.2815687905919575,0.2506742142326133,0.14802575344940866,0.16816054125059848,0.3213837434151029,0.08141808653874306,0.1454213556390078,0.01621664407171158,0.19572242737797466,0.15248767889848894,0.2632311785049177,0.010366342234734545,0.14672477951411747,0.08437202444099048,0.0062238678183671615,0.1123517459262036,0.05875726040254546,0.2743689034070085,0.14263899306159114,0.17196474751517907,0.1699616010780189,0.18319036580295006,0.32540104607336284,0.39719593343285786,0.47147452523147976,0.504521209524858,0.3924986141527359,0.5259463696612922,0.3669972366203751,0.3216807408262488,0.44948406667335983,0.25451399582278944,0.16857553782539753,0.04357626021674001,0.2816075929948419,0.27998895505412946,0.1234589754398745,0.24988701594292698,0.1860714160577183,0.2610399386768354,0.0022828094573026383,0.14455128649923232,-0.027896309825683623,0.21891128708023574,0.0866139534498128,-0.03342188850706545,0.24267285118413745,0.16197360380738768,0.1848713302707315,0.1672444395887721,0.08673062770192515,0.16405985540074566,0.2680892012101092,0.039132517769426646,0.07832745062983232,0.04197148565990989,0.06788078036557597,0.07023736877165063,0.04075842667530841,0.06882517447454653,0.06307314920519387,0.061675615265459845,0.06215726924932188,0.038507960315452644,0.0068247746736986555,0.019198280752145948,-0.02866269965423937,-0.05123572002020693,-0.0015614937534069691,-0.023270286315814123,0.023345169554371232,0.012306663615498772,0.05718721259617228,0.0005033319364731709,-0.009589074758139192,0.05328602838559587,0.041498150768341215,0.028696605060251658,-0.07569237287749313,-0.043344367451024705,-0.06870826156122285,0.021877540942939304,-0.00782590333953172,-0.022643564498388696,-0.010336531704863478,-0.05250845391216368,0.017221484466022195,-0.02907802024335054,-0.03482516576411193,0.026843326620641015,-0.035075469960592194,0.015603778206920408,-0.03391380112852681,-0.04473089853806342,0.013305721338399325,0.02941953310381197,-0.019856841387748885,-0.10267104904498965,-0.021758269780468537,0.001984894558829089,-0.035948759125524525,0.01955785700707372
7Networks_LH_SomMot_11,0.3564072394220207,0.47676673985322404,0.4506906225633897,1.0,0.6088156041998416,0.5846618516251544,0.3839504979239576,0.29902286712712633,0.2936409945514311,0.3968614661005808,0.0981388194335626,0.12572385437067066,0.48548482951775596,-0.0180177131878052,0.0253504871413356,0.09644448184014758,0.2034405014159048,0.13598509644056359,0.2815684678157955,-0.10864640998997206,0.003037341837970755,-0.05871409242084389,-0.08743220468774164,0.22557874302063843,0.09068690247466357,0.2412674725063274,0.06484133778814637,0.10502380469037673,0.09600386623804924,0.28386244498986934,0.38575501711127225,0.3113972322986132,0.42173601660142296,0.5575590947860424,0.28436184516106194,0.5843111791937828,0.5584697239813777,0.5639856797780146,0.5272353659134902,0.4900955967402395,0.3925776433970407,0.0007408103414922958,0.5344922254852268,0.24699794690992513,0.12292886954397086,0.1701502091098874,0.26828254935935675,0.3402229792491153,0.03459011426525255,0.12553742700625428,0.014012700412841543,0.28390062755077683,-0.018290006251298792,0.11780595376455018,0.26544709756029644,0.23646111662960975,0.18209152222733352,0.17972575750429706,0.14888736608529554,0.359603502345049,0.29823444641216185,0.1969755559552829,0.060036220680968186,-0.012788253933962433,-0.019901835366867935,0.042148615240783255,-0.04847203966906945,-0.05955720257837919,-0.07457196726250385,-0.09202790281303361,-0.002425602344804182,-0.06940475914104065,-0.10589454546883367,-0.04629328145044306,-0.09224866045495402,-0.11036324604611032,-0.0710447580288959,-0.08172815415377184,0.038893432008860605,-0.01571789152468267,-0.0008842455463981655,0.0022048462600503783,-0.019534640157344955,-0.010421759670061523,0.010893275849111645,-0.03987955474616666,-0.1291884299158659,-0.049342011397078674,-0.03864553638532745,0.038533915236275855,0.011315332703622722,0.021743564992122533,-0.010359118931811993,-0.027054660412094606,-0.019184838940889116,-0.1274201497195133,-0.12542832802230616,-0.010499476905657373,-0.06746213085931332,-0.05632993493327917,-0.05660581755728571,-0.0672991556279546,0.0037182454785481857,-0.04066134438121316,-0.07708414586119801,-0.1267839189783428,-0.03139585397318341,-0.032259610171075905,-0.032868002304818913,0.015137826556915751
7Networks_LH_SomMot_12,0.39121656114714326,0.657565621476384,0.41220420773895167,0.6088156041998416,1.0,0.6648543218888993,0.6010669519719798,0.4500891066397035,0.552299261299789,0.49535302419853555,0.2692057159395376,0.35253851706427175,0.605761694268539,0.005282430117056138,0.20345242930585952,0.07800352601606529,0.40842536609886015,0.29400219146785034,0.4865597028273652,-0.01665053937555384,0.04795335020465214,-0.009428313559110432,0.19538801729097627,0.38229380154806275,0.14455549399413956,0.5284156260823589,0.3092731327855734,0.25626326210354844,0.3018931435923206,0.42881805665749134,0.3213019501114073,0.2552069141061999,0.4351380663119453,0.5735366776014512,0.2846863640649082,0.5425829655538309,0.5390321804503108,0.5287026346589335,0.6015263746577868,0.479555762992835,0.46365497260612615,0.1587941207511679,0.5378054142587558,0.43326126059837566,0.1429068595281847,0.43628923532664027,0.33232302011732484,0.4249096698839691,0.0663092545777075,0.1801204982819104,0.016758196905178734,0.4426341421992239,0.2400347019313415,0.11032937219693448,0.4791620166603366,0.3200345357344191,0.3094568279594222,0.3779917800452649,0.13174657595230166,0.43209200782723683,0.47517857952764847,0.2653312535646805,0.023063071431453617,-0.11393860310655686,-0.08956616462929999,-0.06113068645248323,-0.1226294409503873,-0.11291735690596431,-0.12931869047423858,-0.13439250091771077,-0.07814636439577358,-0.1454722631754834,-0.17857438527193603,-0.07549502503361655,-0.17078150801260797,-0.21491701175515313,-0.17720614349440114,-0.19212189291521292,-0.03900041567876105,-0.025376564624631177,0.04241195290655015,-0.06363199948032457,-0.033597195094252866,0.015202179388137994,0.005654860508322745,0.043166008226936725,-0.13952498059644597,-0.10192053143144245,-0.04991970430727018,0.03141993471073113,-0.019631986501230582,0.0282418309907303,0.0013544438683898137,-0.015959419232013536,-0.04229362257294995,-0.13679022533526225,-0.1316465531937939,-0.028395749453422093,-0.0974780440400766,-0.058145106343480635,-0.06960745905801012,-0.08179794755760592,-0.037568363051050394,-0.03504288097222671,-0.09935280452619126,-0.06511086146724393,0.025645329871786988,0.008329430767883107,-0.029863334456959795,-0.006089294990745609
7Networks_LH_SomMot_13,0.2653727925225692,0.5778636021344454,0.3243449755368792,0.5846618516251544,0.6648543218888993,1.0,0.49813575443861946,0.4285310879462631,0.40252439161785936,0.5523254806872535,0.10092007274319276,0.23189478643578004,0.7019725768658415,0.07012823428361452,0.030562084771464514,0.12567454179381235,0.2658769195089357,0.18326766305997763,0.500225413131324,-0.05860453545478139,0.03430359870166145,-0.021485032461426936,0.1136582280064774,0.3898056858297589,0.15092767839703194,0.3867771100098081,0.24102138430068112,0.2190229053969736,0.19317531338420244,0.4165507240844057,0.3251625617088065,0.2668641461306484,0.33041431625976586,0.4320525664805774,0.16965505355727759,0.40780949616644535,0.5006582221030427,0.5635027196476206,0.45925163544162234,0.5611521789655936,0.4955118641715076,0.129378950597852,0.627864376195929,0.29915504102436324,0.20376594655176924,0.22593621921109927,0.3237327376401164,0.4122289854673358,0.10706869701068397,0.1542311513582368,0.16967881145073835,0.313223692168526,0.09274945708270822,0.16188038303772673,0.36168713480911224,0.33742061083441366,0.2759454948890722,0.23413108219376713,0.19310905562325514,0.4915010353788357,0.38134378240071065,0.3370145157974142,-0.02716244424894476,-0.09933774942892057,-0.09912191911316622,-0.009671535669542581,-0.08010841300535278,-0.07530464525765539,-0.10549490488517503,-0.131018378193594,-0.06576359329759059,-0.11833770131352993,-0.14384737899161393,-0.052411199446390076,-0.1379074817392516,-0.18059411178559043,-0.13510196220370205,-0.13756867891723332,-0.049128430553146425,-0.00043154342832478926,0.005898701543261782,-0.07834872477239056,-0.04402832491159315,-0.017365038432154294,-0.026972896298567764,0.0035771124981447975,-0.1310012578632995,-0.051709860593856516,-0.05521130563407846,0.06123388658174966,0.03284304355243873,0.026278205823501072,0.0256741316456259,0.009152739993912579,-0.048830770893123904,-0.08587571365846593,-0.11610873734017045,-0.005883107032070832,-0.0010740787580615532,-0.0201334381379982,0.03310324767835053,0.017208400991034867,-0.03609160548253969,0.028135966625856407,-0.01430518462288702,-0.07674393410155726,0.0707282885365418,0.06341248605741436,0.015393602043731523,0.06354279800060215
7Networks_LH_SomMot_14,0.4393313227925039,0.4400243243849067,0.30888240367341885,0.3839504979239576,0.6010669519719798,0.49813575443861946,1.0,0.651705544933663,0.5938242587985721,0.6094467967476843,0.31676139436485323,0.4486266326735988,0.5194256634259038,0.02259535452430259,0.16429579606675712,0.10583162009789626,0.39913530292357935,0.31898371681935683,0.45982113131777896,-0.006339437404381134,0.09895983222485596,0.02934978018591353,0.29957781285900337,0.30210275038980494,0.19307441541923565,0.4626727375798812,0.3271925373710809,0.24760527595641485,0.26861075110865285,0.27768691324141587,0.2939898838989872,0.20464913431742998,0.3604103154733265,0.4330920174978585,0.17606975667203054,0.3528618250815086,0.5106454317591279,0.5162914052116188,0.5639402539990748,0.5546689305886737,0.5790023758771888,0.23879748993707312,0.44663416666233946,0.35637562032262743,0.15922933033731354,0.41750375156261366,0.2138008954774883,0.29111424961480964,0.09080437046265409,0.1668396072961056,0.02058910012921244,0.3734996345796913,0.24218940897578828,0.12093842767824577,0.3443995488674223,0.246586158612314,0.2516911611207481,0.20096440754505246,0.049510431557513994,0.20734837167030612,0.25527173805503856,0.16986500868552262,0.09176253789790723,-0.04541909967541486,-0.0478225040642913,0.012254255212227822,-0.018834631626191065,-0.03884676067626438,-0.042622580462534775,-0.03451639828500404,0.0024709373309784828,-0.02893344726457452,-0.08697609472052031,-0.031106620255566406,-0.08470247794768355,-0.13199835415556216,-0.08315134416781078,-0.08615919105921489,0.03462925814270969,0.02086855608552426,0.10298066748856448,-0.08143982312051647,-0.03005598939116502,-0.012387988934549149,0.06555319640397364,0.08162937588135497,-0.029531958759906288,0.029476862100630663,0.047330131242993755,0.051237379703946394,0.009968330993722139,0.0072331371871840145,0.07668363355670368,0.07299939682284538,0.016327048785327584,-0.051706084807085904,-0.08290145648914954,0.17142100724205678,0.08262701208163582,0.07297396319151968,0.07977102054936747,0.04883182189608075,0.03740310465676373,-0.03353566874756511,-0.05436238199791522,0.056255386130176104,0.09277275987945387,0.06912833732920681,0.10541652428618817,0.060466909949570866
7Networks_LH_SomMot_15,0.4039912847703199,0.355053504233539,0.1869693559625684,0.29902286712712633,0.4500891066397035,0.4285310879462631,0.651705544933663,1.0,0.6369472368781008,0.6313170761146395,0.35593801566245403,0.4135051656685256,0.5488365192451403,0.15717476336489586,0.19536755026542243,0.11365493241868704,0.3765145533026538,0.3082248619470726,0.4945432603603606,0.09331148948983813,0.18129942773990784,0.10415429745972755,0.38685876910889777,0.36972175425649706,0.1942658450079818,0.4500569731711621,0.3423277725851143,0.3227230922352116,0.2740201388498119,0.33152433858044705,0.2822661083873188,0.17805971124727496,0.3547726345075622,0.4104073140594488,0.13764526346554157,0.2489733204088523,0.35859024118807337,0.435875049525422,0.4628261805011776,0.4868559730716342,0.6053408754999422,0.30892001967253846,0.4069156263404392,0.30956698750913675,0.33120892433730015,0.4576579265686823,0.26262947936855113,0.36536036469609806,0.13972085446509375,0.2374300695681583,0.12424909124841081,0.4673429527534856,0.3462323942241884,0.16097541294178658,0.3986019617250429,0.3358701358089819,0.21627466115795707,0.2603070109620438,0.09014465425293526,0.22171868676028375,0.31003723597733723,0.15568831924793397,-0.023837396633021323,-0.08612502354929895,-0.07675547332963485,0.01376844456860161,-0.018491733858120817,0.01070694998911942,-0.047761468333353166,-0.03268117897781013,0.027216912755795606,0.07663367736886775,0.043348733555720824,0.03342487467313358,0.025018524644816843,-0.0319102049533632,0.069055866838207,0.05558420768578149,0.09687137796662341,0.07036193754602925,0.1316180627929966,0.01820601077826047,0.054757838005987554,0.06411330632882599,0.14157473383185115,0.1521472061044405,0.05407296181649482,0.07662888616822984,0.10791824340143483,0.050318974656890926,0.06311453279734265,0.002195696713378279,0.12790830985288476,0.12911374750128393,0.04585831453307669,-0.021997729184677392,-0.05450060462655104,0.1709149681026463,0.14506098949762097,0.06771968203600286,0.10418658206743656,0.051375213251657635,0.03288566673876471,-0.007913114928236797,-0.032330670767150266,0.07365365885442608,0.1168821234308979,0.09170571828131223,0.12695198707487013,0.05084506366785084
7Networks_LH_SomMot_16,0.4033558616393152,0.4456724477759427,0.2815687905919575,0.2936409945514311,0.552299261299789,0.40252439161785936,0.5938242587985721,0.6369472368781008,1.0,0.5082152091655692,0.2733166666434392,0.5872762411833575,0.5854834631904553,0.13109107156324326,0.18808577864649226,0.09635517088763057,0.3384057090217503,0.3059743664677762,0.5720981516096466,0.07312250871068474,0.13709230048076476,0.06317442369462524,0.5294873985189423,0.35585018423761594,0.15152082147369628,0.4822008569246874,0.3704960955902519,0.31486868325506107,0.31392596625580826,0.3674113855247204,0.21154114119383227,0.12754047521227765,0.35971081567603885,0.3948028757717106,0.19332050568463943,0.30192821120242547,0.26680229255577065,0.3076314589130258,0.42204261594870146,0.3406698699117927,0.4097803099793932,0.24230248523704628,0.34474169637822977,0.40369717931138327,0.245314559971496,0.4157780679977994,0.2510541878440463,0.39041459127580164,0.08935034865266445,0.17892932778055207,0.13540953999809868,0.3662777124019867,0.4388963144355334,0.07746987032631009,0.4048005494953784,0.3068503660495512,0.20172969945895286,0.26394182814112316,0.11818251433286929,0.24599104907022543,0.327962946687201,0.20658674644817812,0.027340455838723278,-0.03730829668331754,-0.014932543909762949,0.0487078122957365,-0.019347101825486816,-0.0006860324693694483,0.01745652728488484,-0.008138236121767232,0.04164922320220032,0.09279617729768526,0.04289979433866569,-0.002991982001949991,-0.0007247106734250252,-0.031981303598950975,0.03272757834836028,0.049666646359641776,0.08349259520135142,0.06971641963123366,0.09959476886503991,0.039319202817904374,0.04831667044178508,0.062099946680095004,0.08432302881058346,0.07742302735989992,0.03600265708139952,0.038887692416595655,0.06009902656150804,0.0011019067050188427,0.027784360672961996,-0.026045999521373972,0.0475181635991866,0.06298929395236384,0.03339803345775193,-0.03818832621767448,-0.020810192968201253,0.1028363471308844,0.11511401416341237,0.08727874543871343,0.04198046559443906,0.029016329277623994,0.0367056269265127,-0.03741506768384572,-0.036483231550797114,-0.009807403182696302,0.03596352107245964,0.052554463208188275,0.04652265249119918,0.0024535376216425395
7Networks_LH_SomMot_17,0.24744992904671223,0.39496918781927554,0.2506742142326133,0.3968614661005808,0.49535302419853555,0.5523254806872535,0.6094467967476843,0.6313170761146395,0.5082152091655692,1.0,0.21501978995210858,0.48132717928010865,0.5686358487744503,0.1396900075029354,0.19227359671591834,0.2511744000559152,0.39710946867103813,0.48483384652206746,0.43112746485409814,0.008244356187205868,0.06949582466144061,0.04902222856254318,0.19728439426618996,0.19639743240862276,0.25516150339368915,0.409663283425702,0.27786994988051156,0.20028586011725022,0.21373527478708393,0.2071908884950697,0.3893971797130672,0.21468814712411322,0.21048439424639753,0.3138273028656524,0.06520528976544349,0.2318806702767362,0.610445432493539,0.7247924378770332,0.4205248989089129,0.7493138033738408,0.7368842177046051,0.2537998001852375,0.6438366162000394,0.3323734008958952,0.23894599927429638,0.2844489811156008,0.27998206869825487,0.2946289372858107,0.2987900486540282,0.26421054173591385,0.15327310823866616,0.3826455475693141,0.028349044656506586,0.2297383312985086,0.3365181111785719,0.2800731770210549,0.3198870504561317,0.0488961193661687,0.1836039669814149,0.249761740056138,0.20886196813729377,0.24945950337780937,-0.058326367641064,-0.0726823936528056,-0.08423508563643523,-0.041373692207478406,-0.039205820771613296,-0.04834048205758967,-0.09428369047243047,-0.08134128424095834,0.018780778685936365,0.026068995168070954,-0.016246377783857492,0.029327880414405025,-0.04310605603325854,-0.08623487757482663,0.0005634346350247414,-0.010736173250431143,0.09932251590812756,0.10903035842014337,0.1828726390516107,0.040265904282723676,0.09950145122936467,0.12718632154704093,0.14504439294864957,0.19398787856143435,-0.03256573192944827,0.03428953996489316,0.04676440762532829,0.03496636105105828,0.045666784970671996,0.0401411390533067,0.08988647773834696,0.07401285644750921,0.08562107414773724,0.017288600619813802,-0.04550211559858347,0.10739495396203225,0.07428241057295244,0.03395448445650502,0.10040980974753724,0.023126908429072123,0.1086535694138471,-0.029592604348240854,-0.03357173222378597,0.05713656588736913,0.06894956312635207,0.06249329018734415,0.13420968351766785,0.08482024049268538
7Networks_LH_SomMot_18,0.28390585254253603,0.2684044319448914,0.14802575344940866,0.0981388194335626,0.2692057159395376,0.10092007274319276,0.31676139436485323,0.35593801566245403,0.2733166666434392,0.21501978995210858,1.0,0.23249262194183332,0.1987505154538776,0.11733161177899319,0.33252302174501575,0.10696873622835368,0.49602663539318204,0.25800005675130655,0.32396420172172585,0.14671002837951697,0.30862461234545485,0.2189027367429699,0.21128227466471858,0.25091127133410396,0.09529474687897842,0.4562388889874417,0.25915746781487087,0.35891432083063435,0.28382375940816973,0.25911372588249604,0.14521440673083003,0.11896431286684815,0.3262071621982332,0.33484095088030996,0.1998718274272693,0.22293274593013235,0.16324795507891243,0.11233750399849554,0.23191880870559298,0.12873436391844983,0.2672930797592817,0.29872244019499355,0.10940382526888767,0.22250690480548743,0.166141677857913,0.5737492311631694,0.18011505983291728,0.2250208336037625,0.11098852732786316,0.265248997330826,0.004915714423133634,0.483668877793095,0.2955499341205026,0.09139674972890327,0.375097296709409,0.22640239537121137,0.22930988998878837,0.25484764202113735,0.10723628586374934,0.12852169009094055,0.3195389921421681,0.14323386414432096,0.03122396900539907,0.03625661423254249,0.027450044709735034,0.009090467256759124,0.0437115426323476,0.06495631771527716,0.0006122608843710074,0.0251666920364486,0.12456504897960097,0.1462552773182805,0.10856399561285643,0.11811057584569744,0.10223196658636803,0.08617462006625531,0.11235734473180822,0.09294083046617323,0.162264918921538,0.13624388674532914,0.1875448845023762,0.07822911579773702,0.11362512873765937,0.13543278835808917,0.22452921859401012,0.19995550355569885,0.1424690167404417,0.16047436593655062,0.15925020980875573,0.0832551993471559,0.14436367143565254,0.12187120453921041,0.19745479107285227,0.14764842888375712,0.06257955657290966,0.019227611366883144,0.061284715564615726,0.12135839728916784,0.040732987879105655,0.030616800373640327,0.02359381439276572,0.021834472059804638,0.05420902096780589,0.09976411770558183,0.025139053380684152,0.09466631213258539,0.16892569399745638,0.1440123489727866,0.11204079489041459,0.08996403155200226
7Networks_LH_SomMot_19,0.19766574484234375,0.32436667876932074,0.16816054125059848,0.12572385437067066,0.35253851706427175,0.23189478643578004,0.4486266326735988,0.4135051656685256,0.5872762411833575,0.48132717928010865,0.23249262194183332,1.0,0.4107520615662934,0.1885629695736273,0.265562064170121,0.2067339944131935,0.32203810417783074,0.48724535012675646,0.46352996717926404,0.19842245081652715,0.16628358991775163,0.11337158407405123,0.5616185654536824,0.1294027698692771,0.1805842429695325,0.39750175968593493,0.3655091463678248,0.20841622748376915,0.21882779918655515,0.05457681991295349,0.1065420723936826,0.15723287882644976,0.12450999989205964,0.12921991230601357,0.021215627309360028,0.12971014663992142,0.2442979901169065,0.2514866107147048,0.21818103156588145,0.26678888452890903,0.3077482385707723,0.3245188887379109,0.25261568390470507,0.4504976995766718,0.2653497028663455,0.31959102863549654,0.2680500190294178,0.2495076903248536,0.2297216782486871,0.3107391262991025,0.18428642261832612,0.26987685010799217,0.3268113637320561,0.18330476945849847,0.25802894404185645,0.3290206049657184,0.2823795959641866,0.15899942179608717,0.12945399233303004,0.10437774262526868,0.17947794748777654,0.16665194230833555,0.051811093145379995,-0.007301789720206173,0.005959575902549046,-0.0062540929548949254,-0.008046560321936028,0.03291847092985594,-6.254980560463555e-05,0.04309031986034664,0.07390726538067174,0.10713393481891262,0.08775575187570331,-0.0015382881033897697,0.028921530888210433,0.018198275572812866,0.06012092156984453,0.06894848455657704,0.030525007675504725,-0.002342897388047943,0.060842918327710445,0.06779187067547526,0.08137413252534138,0.0681002317049783,0.07143526463801379,0.0714879192948878,0.043947415856307695,0.05313354002497774,0.07512307634205431,0.040915014363383774,0.08406974570539419,0.07678033123531859,0.13069618531990126,0.11597837741557931,0.09947893798338794,0.059148634468577474,0.05959517444053507,0.1714465059243291,0.1354040844872585,0.12507158037796617,0.1571330090538579,0.08738611695527011,0.029042176549650845,-0.009843198402431984,-0.0009285559312216758,0.005836233429436466,0.07301907973523938,0.09526364078220521,0.03904164803622758,-0.006477272132022761
7Networks_LH_SomMot_20,0.38163782728753826,0.6046767931944419,0.3213837434151029,0.48548482951775596,0.605761694268539,0.7019725768658415,0.5194256634259038,0.5488365192451403,0.5854834631904553,0.5686358487744503,0.1987505154538776,0.4107520615662934,1.0,0.18429839666379044,0.1548263091111607,0.1483673999083444,0.34168625950144627,0.23688837557839296,0.756511027340553,0.06488434327914136,0.23069274706862938,0.12918381086466116,0.3148794184430179,0.5644377168056659,0.21267899373724136,0.5475293165163602,0.32302771618851706,0.39608539149745936,0.3148368889016119,0.5296602674064801,0.33620705057485917,0.25589209799530604,0.4602551129377558,0.5143585864367903,0.24300671508906524,0.440962581693878,0.3878800972789447,0.48477851311509934,0.4262297927387956,0.48785377060102064,0.5025003942681953,0.21418296920894309,0.5812456361382639,0.3676083984893044,0.36715726427197654,0.30992171772722,0.3745575389055811,0.5708365980204763,0.1763453325762305,0.2663637264201785,0.3302181697486884,0.38636361217470655,0.24972601617298315,0.2120036844796909,0.46962290742781615,0.5200042785595912,0.3045906216723877,0.2739816332028105,0.29214586271071435,0.5286708324656413,0.44530186631096225,0.395213820911,0.032354230348095765,-0.02008779164816818,-0.03874182903958307,0.07298294840500856,-0.018946084181188816,-0.012851856753755853,-0.04245434145986201,-0.0619316970454165,0.0013769889164797317,0.0006732554418373488,-0.026107014038131815,0.0006555009612274497,-0.05376822910829749,-0.10041306085846156,-0.041970021584558474,-0.0462598551884904,0.09340139569191601,0.12847312956533355,0.12967895348417446,0.015044524502017457,0.057673399299763416,0.06846015023562027,0.1298815709965074,0.1130468033490715,0.024972732497661104,0.08385126600610832,0.0851390329669391,0.07661369819884432,0.09919385080389578,0.05808661867689182,0.13370288724216906,0.10168679943005768,0.004192213108771596,-0.03495351176356584,-0.06196884128003678,0.0696779488786574,0.10066417026158396,0.07453867720546972,0.087685561375339,0.05706494905426374,-0.01016528269914334,0.021578502823947833,-0.014250294664384945,0.023800622844898794,0.09995092852056675,0.10062294465990672,0.056615956459565554,0.10605628339814333
7Networks_LH_SomMot_21,0.09751356366373616,0.08263068256566504,0.08141808653874306,-0.0180177131878052,0.005282430117056138,0.07012823428361452,0.02259535452430259,0.15717476336489586,0.13109107156324326,0.1396900075029354,0.11733161177899319,0.1885629695736273,0.18429839666379044,1.0,0.410651435744171,0.18139652529422637,0.15184310882445204,0.13265631749937606,0.2782658116621338,0.5860092380543225,0.5606246384847904,0.6082963013735821,0.1110381837070255,0.10928060844629063,0.32284952047287635,0.17011741751129528,0.23286419839755643,0.4222511373503101,0.36824287000283396,0.0628659887245566,0.07398130857262789,0.14785799424238022,0.06928501636897465,0.06362863127361298,0.049896016104374365,0.1195663553612802,0.024373188021926166,0.03259093341497232,0.025173034217667485,0.08876883443467432,0.06361782315314925,0.19824599269238263,0.09357613856030574,0.15256456362857518,0.3147887920978322,0.10379066866377244,0.22792700801694651,0.15790279579811464,0.32104006402675533,0.28131772418688555,0.2708045862459293,0.2200417514293575,0.029896508721286928,0.1740303129825129,0.0473152074765907,0.1485902132714112,0.17910365562090982,0.06705332962443215,0.2333465593901384,0.04059758103609544,0.14385513216679505,0.17965026258864641,0.029954316509884397,0.02567809710767887,0.021862619539686136,-0.021517872657128324,-0.008873011305718466,0.01640889892204694,-0.028509656671713915,0.005089633454974102,0.05944345975871793,0.11836276222089556,0.11846146269631018,0.031536379893060476,0.03645908129194384,0.053770044583062594,0.12641404394504777,0.10530201902238522,0.1856117529909834,0.20602484002664387,0.10970988612456703,0.09273034789314093,0.13020153584324082,0.053672777454722126,0.11533126364286586,0.0740563620524992,0.014193684868948982,0.09286482642302972,0.07344316850745725,-0.021551715750043735,0.10787441449974487,0.12098251355707144,0.09623259809040394,0.09156340351089848,0.060106054658046845,0.0801887591673319,0.06555368988809775,0.015724256692832634,0.09637186703188776,0.0841695946637489,0.1472744959781507,0.07341683098010625,-0.03193090537004438,0.05580419680233548,-0.004893061124867122,0.1089694186413917,0.11144627122257728,0.11908147232901763,0.02615029698067494,0.016826221972955302
7Networks_LH_SomMot_22,0.16413386903689273,0.18655443643938058,0.1454213556390078,0.0253504871413356,0.20345242930585952,0.030562084771464514,0.16429579606675712,0.19536755026542243,0.18808577864649226,0.19227359671591834,0.33252302174501575,0.265562064170121,0.1548263091111607,0.410651435744171,1.0,0.26492480264521795,0.44889769192992895,0.2883379627288023,0.2308716289080427,0.318694280937027,0.3398472522256638,0.34336762658328934,0.17426011398833285,0.06472030379584429,0.1989600427029333,0.32927749455972044,0.1720999425074211,0.41894248910405696,0.32610366156927434,0.11340083829403985,0.18679296493528866,0.17434485742487885,0.21580603863440498,0.24654155703120592,0.18898296912641932,0.27209907889214624,0.18145331182161228,0.14816928664377055,0.21290275555379293,0.1666159148258277,0.21041510533233834,0.26140103857266395,0.1656188389901393,0.3823784076377366,0.24573875473185783,0.4069840743612446,0.3658618210827671,0.24373907243173457,0.4198599426077722,0.35018706489425555,0.18636240631439036,0.4257964751002612,0.20951906828544303,0.15973616287660974,0.34247317775586233,0.1973763068959903,0.28747848817170607,0.19888480744329406,0.15003800958260224,0.07041754011470168,0.26861002149210833,0.22039921680463126,0.14365727504445075,0.12865608572341805,0.13375954133703824,0.006133836547352414,0.0653358784379081,0.08321388605488643,0.05636557562916442,0.06512545665170154,0.11869604283815305,0.11648067579850402,0.10086477403108181,0.0815644474047641,0.013308200461176386,0.000522386734566968,0.09632529778663537,0.04997040069657355,0.1526251279208816,0.1279263364486754,0.12767349578196052,0.06428025382624183,0.10582773508817196,0.09781885995086072,0.16128859222066907,0.11647769512656239,0.04578903379566277,0.051286586619080164,0.12330527183413692,0.004066984775056765,0.055667696603979126,0.09237473374512783,0.09514590392449576,0.08568087235532092,0.01737777313819596,0.027635599808778725,0.08733873387991037,-0.002517805716309883,-0.036075980054897046,0.0077143097392141265,0.004278580047291872,0.015167059267559636,-0.01567929431887093,0.09329298711290815,0.008459009431341738,0.08933955529878641,0.17833442841777727,0.1504828144785895,-0.002500153013397138,0.016420738196532735
7Networks_LH_SomMot_23,-0.009802693702089336,0.0691601138230078,0.01621664407171158,0.09644448184014758,0.07800352601606529,0.12567454179381235,0.10583162009789626,0.11365493241868704,0.09635517088763057,0.2511744000559152,0.10696873622835368,0.2067339944131935,0.1483673999083444,0.18139652529422637,0.26492480264521795,1.0,0.3078738743572895,0.16258556148122896,0.1995478350927609,0.11182984286495738,0.0956779398500487,0.16556566542776874,0.11178579347304252,-0.05758113251469019,0.3129618941471659,0.16750954967547627,-0.030166886789869875,0.15877760861436657,0.1092722512876607,0.023581100790168317,0.12012475647841996,0.0675361035292349,0.020171802750500553,0.07189637005170792,-0.0618498905548078,0.10777638435580625,0.2359203774689822,0.1942724395405769,-0.0244188688553454,0.21610118331269018,0.21698005751769384,0.2697916114292255,0.18983929393594123,0.15674902454107642,0.19329345047463062,0.11862200230804003,0.22976945615180042,0.10945839734946149,0.39504028890933635,0.20950488358691893,0.29454815032667847,0.3008521496872739,0.013670545756986556,0.4153166136968126,0.08124980840334266,0.15249513789355393,0.18517091669972488,0.020986466127694055,0.20881060570038393,0.18319992773052696,0.07378175639217764,0.27814827053563806,0.10719827717811009,0.06654069627650001,0.057082817143094725,0.04541361186308044,0.03680463683375883,0.09643191977281705,0.031768250845355464,0.07246081071692005,0.05498610059488362,0.07117244200221512,0.0655302648263232,0.0046702063735681405,0.00561856734981009,0.007315646339681176,0.033783760622937614,0.03168212257988759,0.14590049941912955,0.08775380040401035,0.06379736669558592,0.11289680896635619,0.07984534681615406,0.019996059678144284,0.11703985680457785,0.07677193633045776,0.041512832240915745,0.07337623999622772,0.03567633328007974,-0.020096382365245854,0.022577245780564015,0.016336507292815865,0.04078387391136208,0.036839804979352624,0.029661554489748086,0.024665809859955343,0.023231605273816763,0.09638435261111418,0.004911110056697658,0.0660768984667785,0.09274577030868209,0.09150307391012373,0.08374317779030471,0.03927270037089607,0.026420523085368974,0.09601374950934012,0.08697466243383432,0.11644578512924629,0.11349307393647105,0.07791066278989649
7Networks_LH_SomMot_24,0.24749357873411498,0.38944349066252926,0.19572242737797466,0.2034405014159048,0.40842536609886015,0.2658769195089357,0.39913530292357935,0.3765145533026538,0.3384057090217503,0.39710946867103813,0.49602663539318204,0.32203810417783074,0.34168625950144627,0.15184310882445204,0.44889769192992895,0.3078738743572895,1.0,0.416431380927116,0.3622699187148439,0.14256600953414833,0.22121588599428604,0.22529622598051677,0.24552030616283488,0.24844443650694634,0.19305124808817453,0.564361553310144,0.27630541289328314,0.4216740292277732,0.36085419324617657,0.28741547787068766,0.22664102612662407,0.18251233415433726,0.2695396305706213,0.36951412139830214,0.21909327222938543,0.2711738891834928,0.36797339912987814,0.3221777386805465,0.2926193956314456,0.2987202868197134,0.36424100106678653,0.3012509340524926,0.3143857784106721,0.37833424772931107,0.12875189643319157,0.5710877312481771,0.2879647907958211,0.25321093883419615,0.2940099360815363,0.31681548161299916,0.03016981644296313,0.5976272214430389,0.2350448383549396,0.13085724336852944,0.4712758742008679,0.25632876318824305,0.3170952763333747,0.2620141680462113,0.0783500224108827,0.19413845318911102,0.382534494466836,0.2235947005732995,0.0076393722860496885,-0.02329306238673289,-0.014452523739097313,-0.0016557998364515238,0.03314305159798503,0.04292025406412302,-0.06167134632919395,-0.00293394615493717,0.025838397642626992,0.04037504408085684,-0.013448250471563396,0.04536048628829092,-0.02946031169582603,-0.080275614471187,-0.02819845007335448,-0.043892439292305095,0.10461912072074736,0.10667671869280658,0.14219036592338172,0.09556731693525491,0.11308771219456248,0.13687727801225924,0.1704165379737196,0.20127069235661457,0.04597059767673295,0.10370752874331814,0.09820895523522251,0.007298928764765767,0.12044920443886314,0.10914403779638913,0.16317370687981206,0.14208377541344638,0.05428028048907155,-0.01703997420174581,-0.01626680749111101,0.14412827948363977,-0.01657613481064721,0.007948362896464788,0.06168740138260713,0.015279067326004023,0.14601601738693834,0.1403934651602928,0.04015620108658852,0.09561865061082316,0.14893959916405913,0.1071489152113391,0.13833226632141526,0.11676343064519631
7Networks_LH_SomMot_25,0.13619513686979592,0.2952399970355046,0.15248767889848894,0.13598509644056359,0.29400219146785034,0.18326766305997763,0.31898371681935683,0.3082248619470726,0.3059743664677762,0.48483384652206746,0.25800005675130655,0.48724535012675646,0.23688837557839296,0.13265631749937606,0.2883379627288023,0.16258556148122896,0.416431380927116,1.0,0.2424614553753847,0.09033299334496186,0.06037109631351567,0.0803502119396048,0.2344755992267063,0.14877209459255025,0.07336082802889736,0.3735226196471184,0.3772592562973076,0.14883552622998433,0.17526653792249602,0.06809501240642205,0.1810188876584584,0.06008362068209414,0.09746823086435812,0.12203323445199449,0.0007830760358180508,0.07970190644709782,0.36147445895135044,0.28775192273647354,0.1786836771151297,0.2633475197015949,0.28850265426905464,0.2286056302809286,0.22519758188115338,0.26459095274720085,-0.028255223899787518,0.30439482580320715,0.0013738526694138562,0.005734371713334434,0.22666505637637577,0.15417390918579532,-0.019852913163132646,0.30155779780299247,-0.007474293829890119,0.14416656431778307,0.2437138644318109,0.01191719266719821,0.10506667443199944,0.08105762324351153,-0.012628511537558385,0.07769402974798868,0.1117718704520529,0.08284441277173916,-0.07287369753790528,-0.0948369902542662,-0.061905153869473775,-0.1368724351194865,-0.12747509101832863,-0.12379658890974497,-0.14147641168432862,-0.11756356643472085,-0.008323817117145275,0.028190560026532096,0.04092666483174983,0.0018682098159535643,-0.0288897919620251,-0.05044562663509345,-0.003512107053959029,-0.018325721383898236,-0.01972060022224329,0.050895523105753564,0.06890488895809538,0.06220984519086634,0.12903859531012352,0.09717697269135092,0.06090211150488252,0.12665124581095583,-0.034048964852742745,0.06963779584924505,0.056955659009794414,0.04497862567798234,0.10517402641800519,0.12876863800305138,0.13290837871484848,0.10726890431871537,0.046990366043291,0.0384109649122887,0.023436648451110348,0.084976788785547,0.07432950943471266,0.07234650742966728,0.04408637939795803,0.008946562700736092,0.10727457558767893,-0.04062408448532705,-0.0052507300619196815,0.05298524281267915,0.004248945875460559,0.032669841483406376,0.08067487143626548,0.020822057224077192
7Networks_LH_SomMot_26,0.39459940726436427,0.5873957800762568,0.2632311785049177,0.2815684678157955,0.4865597028273652,0.500225413131324,0.45982113131777896,0.4945432603603606,0.5720981516096466,0.43112746485409814,0.32396420172172585,0.46352996717926404,0.756511027340553,0.2782658116621338,0.2308716289080427,0.1995478350927609,0.3622699187148439,0.2424614553753847,1.0,0.19680945081379825,0.4987368733547119,0.38261815962740264,0.4684461993498594,0.6339647351996486,0.2512445262040605,0.5725772262781357,0.33374352099583987,0.5797213766415773,0.44273503392477365,0.5068770013131346,0.21508663826555283,0.2196644177029588,0.4474761616881349,0.47420091165557776,0.20154601014272752,0.3842589059160757,0.25048185862298306,0.3147234336115688,0.29765284896921596,0.325150211950657,0.38784130340121753,0.30801695474521373,0.3698363516884775,0.3217297081436896,0.3690137399706236,0.3691722056817985,0.35430084223132574,0.5732008986053649,0.26927939675974266,0.2448091971506799,0.4502121684344256,0.4537688254625973,0.33425629885003144,0.29491627076033466,0.441321752790177,0.5514762546803085,0.3058573133484921,0.26687523468945973,0.30396406165808576,0.4802722284258697,0.40366646377289306,0.4202893287993307,0.05241178218278191,0.01985315094516422,0.00489892982777459,0.06350778051997949,0.010194727443863726,0.015004219046342747,-0.028374428515007315,-0.03842103597576591,0.038684413875349495,0.02596442547486687,0.008505517647819271,-0.009678935605394448,-0.05446849783873011,-0.08422523960024156,-0.012676149415632944,-0.03085795095089863,0.11227257381790859,0.16183458774068996,0.1614372302455976,0.051706659888571885,0.1199670641612336,0.09774039925017873,0.17239303447987558,0.18074141182885903,0.09342693803219558,0.1028785505880994,0.12234137497103773,0.03699637022375681,0.08173221081324199,0.08049968572095394,0.17702087430160637,0.13940225065630343,0.007563944565828918,-0.0581541474033921,-0.04949268516964594,0.10966375907613339,0.08516337854293204,0.0914865350145678,0.07598979321005091,0.024857171207195276,-0.0072828467174953886,0.03740307991776887,-0.01406882732102674,0.04917753745650027,0.10807428474744718,0.10622380408602027,0.06624257639131483,0.10587467380792606
7Networks_LH_SomMot_27,0.04390648759145218,0.10939682901489402,0.010366342234734545,-0.10864640998997206,-0.01665053937555384,-0.05860453545478139,-0.006339437404381134,0.09331148948983813,0.07312250871068474,0.008244356187205868,0.14671002837951697,0.19842245081652715,0.06488434327914136,0.5860092380543225,0.318694280937027,0.11182984286495738,0.14256600953414833,0.09033299334496186,0.19680945081379825,1.0,0.5516097641547779,0.6364677263391159,0.1985832966056402,0.1396040429366637,0.4103918388514718,0.27552885269748834,0.2468617548720769,0.4458554642793866,0.5156587747151803,0.010262984634324105,-0.0021720075176603357,0.12860646889797747,0.10204288851113752,0.051564515525994316,0.0790732750643776,0.08453035402694378,-0.022898104248359398,-0.07535844994369226,0.04181348868549467,-0.09486407329984545,-0.07775813435851552,0.15869307590427648,-0.03200960670398177,0.11703270093408787,0.34813717945659495,0.18195028991705856,0.22405097985020048,0.13781132139942184,0.2671323643762675,0.4332846204284594,0.175423325100094,0.2356361550271364,0.12587792956806457,0.2884535952768994,-0.001693469968380517,0.287733792482614,0.3454862048798329,0.1991134414247053,0.2975751291162506,0.09854544362752844,0.2539409364002979,0.22367817471135093,0.006013485487533275,-0.005862441008219204,0.0033808334427733416,0.04877798696105573,0.05395760938366593,0.10740738144663611,0.029116238521134197,0.04622306217070352,0.07564537670160364,0.11614774128650081,0.10388777409985432,0.041722290244849636,0.08776252516786244,0.0843811220850571,0.12062504143562765,0.10251705227005196,0.12365164618383616,0.15703258653146404,0.07176474408876102,0.10686192604047398,0.09846289033096342,0.05736002767625638,0.11264681990843192,0.06362264547483816,0.10924965265587032,0.13296771577618538,0.15847052394782818,0.08659568453177867,0.1536186445912728,0.20380584672991492,0.20424314127586862,0.18549374759331355,0.0684262215760487,0.04155232403213071,0.07862520896076372,0.13500061284175527,0.12035449868560134,0.13963740470196814,0.19235658595173596,0.10482469890562404,-0.046077860869544705,0.05441547171553874,-0.03622443852409285,0.14998146120244396,0.13663617301668254,0.09375367122846712,0.005386799745353251,-0.011212923913779599
7Networks_LH_SomMot_28,0.23720956849789382,0.24674473217502962,0.14672477951411747,0.003037341837970755,0.04795335020465214,0.03430359870166145,0.09895983222485596,0.18129942773990784,0.13709230048076476,0.06949582466144061,0.30862461234545485,0.16628358991775163,0.23069274706862938,0.5606246384847904,0.3398472522256638,0.0956779398500487,0.22121588599428604,0.06037109631351567,0.4987368733547119,0.5516097641547779,1.0,0.7786670756547115,0.13214841536092356,0.3257606442185084,0.3596622221284709,0.33280269591485667,0.17104650304689217,0.6405316895693164,0.5056111886993795,0.17494690614369296,0.04544688031866119,0.18545770518392699,0.267990651607915,0.24002116583398483,0.147325266894387,0.25224240945887105,0.043479295916793746,0.033526503919805786,0.0925934583941582,0.023259403888124607,0.05276091426308375,0.16400219783340464,0.030311403843047768,0.12744321036336273,0.35509483417686305,0.22186495015719424,0.3035886993704788,0.3109802291348597,0.2549435128756133,0.2845870602436385,0.30919837603295786,0.3407092846351755,0.10193196797833314,0.2597360435640498,0.12176368185384016,0.4285088392840265,0.3508597609721397,0.14653355414424676,0.18759931428326776,0.1650153369380327,0.2250727768819366,0.2587536405353842,-0.02815716896055235,-0.004658864760533322,-0.0013220380662669002,0.009050977200914537,0.017739127721778984,0.04757465545556049,-0.04910530083034366,-0.02221894023865351,0.06982456590039009,0.10125431456292495,0.11413748483881683,-0.039649178144318974,0.012453348837713997,0.04042234556908557,0.07711207858037049,0.07635648972529349,0.14665916402078055,0.19219079845000145,0.14796058617764282,0.10704891860830507,0.167854743672167,0.13455887383984436,0.17305454552774024,0.1875891372334074,0.10844921068869105,0.13668981193825333,0.15888663939036052,0.010288096493440185,0.0998167563939248,0.13709216441826133,0.20929066586469733,0.1853453733150549,0.1057927369974138,0.02833260440918528,0.06841182297596891,0.1627856212765719,0.07124531437900701,0.10759568124951947,0.18914745019854326,0.09302845952020596,0.004364902117086912,0.06106541279240464,-0.028041500527390965,0.0998236912915359,0.08552832760134951,0.056568599075617364,0.0218629119217147,0.03825216387872522
7Networks_LH_SomMot_29,0.12960229553203773,0.15710547998418495,0.08437202444099048,-0.05871409242084389,-0.009428313559110432,-0.021485032461426936,0.02934978018591353,0.10415429745972755,0.06317442369462524,0.04902222856254318,0.2189027367429699,0.11337158407405123,0.12918381086466116,0.6082963013735821,0.34336762658328934,0.16556566542776874,0.22529622598051677,0.0803502119396048,0.38261815962740264,0.6364677263391159,0.7786670756547115,1.0,0.060482412531290934,0.253636259339388,0.41447165438767886,0.27765480344203797,0.15957433195813361,0.6000806470033725,0.5773233599079239,0.1405063854596315,0.061123535774880076,0.1610112276387556,0.2241777774273768,0.18497813687769962,0.1209860496179178,0.1886272617157772,0.028641103142861793,0.0015255171801656987,0.04013629825545398,0.010085478265317359,0.006019192251894977,0.21126735083952336,-0.0033977471384090546,0.10802418593253114,0.30724173685590195,0.1578622800833455,0.2528199080907167,0.25603187711303993,0.36207643760447855,0.327645105994559,0.3162396270988443,0.32741640447308007,0.020286250086415603,0.30928184998797503,0.0787927004776629,0.32384594714714227,0.3592606837829175,0.09860268370701154,0.3057530893930887,0.14418510663614653,0.20778701099134647,0.2936586443837343,-0.03185375089720085,-0.00904874691173373,-0.011183897104432447,0.0014859233431502232,0.01863682108740407,0.05734530717547483,-0.04162942795936178,-0.01639541395196086,0.05801677596820812,0.09521422991584864,0.10667640111767118,-0.012997525266904189,0.01053952593978755,0.03483491457778682,0.08437854305230194,0.07142643359585404,0.1584764440012922,0.21652244477914762,0.1432178580614484,0.14834558092164626,0.17019719802865493,0.14256087255666516,0.1675367205733239,0.1791022477671305,0.1041409722140462,0.08780268837689098,0.11617760050907962,0.024765716626370317,0.0797480538576431,0.13532692799714835,0.17698254912932768,0.12054245581616486,0.05946360361395247,0.01989339463567831,0.039969211016860955,0.07305726962600777,0.03370196754109679,0.07517990772315718,0.142862135351298,0.057742142198543914,-0.011787249766411998,0.028331269363332703,-0.056667217680171196,0.1616575528463283,0.09700433060249107,0.0794752098124047,0.060223781257642946,0.0372783785900923
7Networks_LH_SomMot_30,0.1136528180151114,0.20273130776838164,0.0062238678183671615,-0.08743220468774164,0.19538801729097627,0.1136582280064774,0.29957781285900337,0.38685876910889777,0.5294873985189423,0.19728439426618996,0.21128227466471858,0.5616185654536824,0.3148794184430179,0.1110381837070255,0.17426011398833285,0.11178579347304252,0.24552030616283488,0.2344755992267063,0.4684461993498594,0.1985832966056402,0.13214841536092356,0.060482412531290934,1.0,0.2447175977833023,0.08909599215870018,0.3706592968527407,0.48471631746764454,0.29943032829696015,0.25757274102385996,0.1934017307979891,-0.08021249534882491,0.040104274485492995,0.06469375200020298,0.038899530620971845,0.01313525712950629,0.006335507274221277,-0.047633775320080673,-0.009633361399305583,0.07299411821782635,-0.016080256475045553,0.12907727646292955,0.21958790057936467,0.021336449998314803,0.29963169738095324,0.26585399179851155,0.35625113891216403,0.2249487060696764,0.2229047021793599,0.16721953933697725,0.1702964265065393,0.25576212658415504,0.2285723478561726,0.6605902475028255,0.16300244981221992,0.30547532985521936,0.2937743617624225,0.13790609719033467,0.3907677096599832,0.09160343943537265,0.09262869255935002,0.2385660428079484,0.15959051835930935,0.09194845099968099,0.023835689073169606,0.028103222090598668,0.011814223823311782,-0.019770489581618027,0.030057839875024504,0.0654374570343644,0.07303241159599823,0.0738201959637508,0.12004019337743518,0.08533286265315211,0.020670752286828537,0.06760592452322668,0.01972631708728312,0.05633597592325561,0.04538277254030196,0.04776428972462452,0.004022494639425863,0.03211098024706896,0.08335146548915305,0.05490039574450047,0.055631960275488467,0.07215703223883978,0.039057016765844284,0.09643494928689934,0.1188130500880032,0.09147988204480555,0.07849743350252067,0.1445476787993291,0.08839291416936447,0.1295532585843391,0.15577443276871733,0.07146425025875884,0.06095556841588337,0.07219204568305916,0.13005106798373517,0.17387078647319862,0.14373917694401347,0.12827443941572997,0.09581606166968878,0.040378086897736656,0.02314842205131994,-0.006879161742474087,0.0018242703744293651,0.05320369611232624,0.03840777833625139,0.013912425571256864,-0.044606815787202096
7Networks_LH_SomMot_31,0.31812124329743263,0.4493286881367622,0.1123517459262036,0.22557874302063843,0.38229380154806275,0.3898056858297589,0.30210275038980494,0.36972175425649706,0.35585018423761594,0.19639743240862276,0.25091127133410396,0.1294027698692771,0.5644377168056659,0.10928060844629063,0.06472030379584429,-0.05758113251469019,0.24844443650694634,0.14877209459255025,0.6339647351996486,0.1396040429366637,0.3257606442185084,0.253636259339388,0.2447175977833023,1.0,0.10138274980395022,0.5129081786824877,0.31338815192160974,0.5421411106608631,0.385576612386745,0.6759527551054388,0.22170647164776777,0.11609694657869885,0.4234391211643129,0.4354683292774993,0.20043358868027783,0.2779104673295569,0.1355431580943342,0.19172631945236474,0.26198118364362866,0.19038430736744544,0.2819924814440448,0.1688392119105998,0.2943083999231703,0.09144325022329668,0.16612725072199883,0.33493754106339435,0.13125628449653806,0.4527028329593125,0.09603812734755424,0.14902666240472698,0.25866235586232567,0.35414519127500055,0.23509754025703108,0.10325132139204207,0.41432129158156483,0.41510898672056823,0.13689712881178265,0.2863409993134582,0.19216366282056832,0.539009123134602,0.5031568492081695,0.3198686323404806,-0.03957149982561228,-0.04727362793529385,-0.055689118926027695,0.03506123307862673,-0.017652708847194002,-0.059208699951270094,-0.07846494933568095,-0.0975466524582312,-0.08316763457017937,-0.09985641019144598,-0.09888076124765752,-0.06142954558273006,-0.10353693031607296,-0.14740201487766308,-0.13394952149508033,-0.1280530832093459,-0.0005917860326178727,0.08812740468000443,0.054711053403441616,-0.04164652125313779,0.07066234695386157,-0.012595469581412406,0.05092774701523551,0.07850194291595902,0.015429667479290643,0.016193447123042055,0.03462258948395354,0.03621346775367179,0.03242268619748228,0.04120460010500059,0.07399047622461694,0.056479161822473485,-0.09918832467234213,-0.15732959605028218,-0.14574426349625297,0.041009778204018514,0.016686526972607696,0.0037572485676439127,-0.059234248468750916,-0.04833839281925715,0.04040330569508008,0.0031969614693238635,-0.034750199768761016,0.022426813271065535,0.03612167391361183,0.03182611527745207,0.037245942300112134,0.09800701185689992
7Networks_LH_SomMot_32,0.047948281995983645,0.12426568899565019,0.05875726040254546,0.09068690247466357,0.14455549399413956,0.15092767839703194,0.19307441541923565,0.1942658450079818,0.15152082147369628,0.25516150339368915,0.09529474687897842,0.1805842429695325,0.21267899373724136,0.32284952047287635,0.1989600427029333,0.3129618941471659,0.19305124808817453,0.07336082802889736,0.2512445262040605,0.4103918388514718,0.3596622221284709,0.41447165438767886,0.08909599215870018,0.10138274980395022,1.0,0.3929987784632098,0.08017350937433676,0.46804185681566723,0.49731990869089737,0.22559636812027756,0.21150398729439895,0.19611595793675538,0.09990013960278366,0.1695037249188783,0.013890812451876547,0.20888225208266054,0.2293355091782999,0.26204745566299076,0.12301145786972587,0.25163846924190436,0.22318752307789616,0.2357799062403383,0.2509838944001268,0.16640716733352928,0.2970933060527206,0.14473741326032377,0.30619290868707877,0.2316106466037755,0.3575269630744456,0.40495227941820366,0.2827262555474306,0.3989710547546214,0.020077199399553308,0.5999039564809587,0.0718383454073705,0.3962084783525078,0.47006549634752853,0.06629086613761721,0.4787938479516122,0.38503136001896615,0.250743704860342,0.5789019586436838,0.013763514054481441,-0.004096179632252671,-0.018180584432995046,0.04197464258563781,0.06620387778898108,0.10575348408120973,0.02606921428301366,0.05999927956469714,0.03614676967847864,0.013550560014176023,-0.012752808031562193,-0.05751949429800647,-0.04604482252017084,-0.03233046179274872,-0.03148877874196205,0.011598818274623873,0.052509893534953694,0.05392339303196622,0.02732371504111713,0.07875774137518389,0.07034538685788139,0.06001446525807032,0.0633578994425642,0.046946562740972135,0.04576777634006417,0.11466678459769872,0.0958645999487198,0.08216568108767087,0.15576042471447532,0.1376887869455612,0.11824482678200217,0.11266575721671085,-0.00046097280235074154,-0.07803222678812521,-0.06879101690301898,0.06324891089752842,0.03413108177245631,0.07629637224458301,0.09618727705336991,0.05763944902257184,0.05007713797153437,0.017023488394039134,-0.04003557680883742,0.08911282367122048,0.07098262666262642,0.04979065045003679,0.08152559931071168,0.010303873616186981
7Networks_LH_SomMot_33,0.32931326547682754,0.5243440206071366,0.2743689034070085,0.2412674725063274,0.5284156260823589,0.3867771100098081,0.4626727375798812,0.4500569731711621,0.4822008569246874,0.409663283425702,0.4562388889874417,0.39750175968593493,0.5475293165163602,0.17011741751129528,0.32927749455972044,0.16750954967547627,0.564361553310144,0.3735226196471184,0.5725772262781357,0.27552885269748834,0.33280269591485667,0.27765480344203797,0.3706592968527407,0.5129081786824877,0.3929987784632098,1.0,0.47672647128476164,0.5703688861145294,0.5642416053543643,0.5603741835300924,0.3002465421079266,0.2240803783923451,0.38082034559074157,0.47424812743562006,0.2591408519301373,0.3533420548599947,0.3253228393693158,0.3458241783715774,0.35401546654882177,0.3037534467813594,0.4041044371387313,0.3423988972993878,0.38698646472835085,0.4162166503657244,0.24772379873350142,0.5784620374294479,0.3064140043781868,0.43122358654539283,0.2101575617141676,0.3690520856635038,0.12163582045281676,0.5961738654603387,0.35828869799844515,0.322728771766243,0.49913918930947465,0.4682228745571878,0.44392234163880495,0.4277823356584086,0.34390921781290923,0.5386744204280887,0.6080037469734698,0.44156945807682413,0.036748086721723416,0.00731879036316483,0.003061956771671246,0.09846285003134325,0.051969234523687825,0.07557915481206552,0.012798813107234311,0.03156639295120756,0.020882189000192498,0.05884763822929314,0.03914863362346056,0.033973544153072056,0.01185707379028396,-0.04479036250243454,-0.010734956140610825,-0.014335346902765415,0.06833176886540175,0.07890244984703608,0.08513034661771163,0.011830900546589087,0.05454175708081209,0.036265455496678874,0.12185673467870674,0.10001917471501542,0.07771732573170874,0.08611234141575014,0.053191828217875305,0.07922346809240235,0.12803149864785912,0.0505922532878263,0.12978274502593187,0.08483789604947702,0.03386604434093744,-0.047024516944727,-0.02906253333919724,0.11226127235903018,0.04846660565781975,0.07097135436957516,0.04880475055331046,0.02354567121519801,0.0941158173075326,0.0651113451125447,0.00011771634346553509,0.1097413530404265,0.14209682764709738,0.132099088243592,0.11891140365312694,0.09718913450028349
7Networks_LH_SomMot_34,0.1488010873888883,0.2684852703042255,0.14263899306159114,0.06484133778814637,0.3092731327855734,0.24102138430068112,0.3271925373710809,0.3423277725851143,0.3704960955902519,0.27786994988051156,0.25915746781487087,0.3655091463678248,0.32302771618851706,0.23286419839755643,0.1720999425074211,-0.030166886789869875,0.27630541289328314,0.3772592562973076,0.33374352099583987,0.2468617548720769,0.17104650304689217,0.15957433195813361,0.48471631746764454,0.31338815192160974,0.08017350937433676,0.47672647128476164,1.0,0.30371784727327417,0.3344251040457076,0.3132748437842846,0.02504495197515927,0.0630926286889719,0.11448827191192068,0.12298594524314718,0.10739809451224264,0.07832215311657578,0.18385031447316105,0.16068646991804497,0.23823819034755797,0.18390299128633839,0.23354131062616013,0.14404864709668946,0.2074355549809848,0.3125812683940955,0.0796793724894967,0.392140333738922,0.03148407163665459,0.18295439928234541,0.05264559823462674,0.13441534513215972,-0.022026380771419506,0.25617319268753347,0.3281274498830105,0.037742646336086934,0.3623368206301871,0.10360867212603546,0.16239089061616896,0.4258665764999487,0.05299479411319073,0.12482032323494219,0.38202844295165483,0.10148183994403501,-0.006255714473896738,-0.09447878690649997,-0.08765253906021596,-0.06452824254488707,-0.11986743853233266,-0.13214567483147338,-0.11441591773987696,-0.09258986312497654,-0.0043016688940154925,0.1237049657272328,0.10166720780507418,0.10340867110289932,0.13390491394529772,0.08128522975156774,0.08939416005388502,0.0746561886630331,0.017187244732661696,0.015033964504317026,0.0342639632623561,0.040222669086707956,0.010305570149725529,0.0024025952815008127,0.04652237381858237,0.03564576559761041,-0.031823581492267605,0.05768313549264224,0.023467124126783,0.05235016950134351,0.10932387451742225,0.07503647636320047,0.09082533407434758,0.09400565595350101,0.011472152334813078,0.061839590734413606,0.09872251439185298,0.11197679239622566,0.16198317922880492,0.12207275218148061,0.12060786443731662,0.07989962796268246,0.07033575620590607,-0.01618694355223145,-0.04409322056700714,0.07037924348219939,0.07397130406431636,0.11766249597699638,0.08640991248439987,0.049632220741907
7Networks_LH_SomMot_35,0.3023061954271801,0.36320244155407805,0.17196474751517907,0.10502380469037673,0.25626326210354844,0.2190229053969736,0.24760527595641485,0.3227230922352116,0.31486868325506107,0.20028586011725022,0.35891432083063435,0.20841622748376915,0.39608539149745936,0.4222511373503101,0.41894248910405696,0.15877760861436657,0.4216740292277732,0.14883552622998433,0.5797213766415773,0.4458554642793866,0.6405316895693164,0.6000806470033725,0.29943032829696015,0.5421411106608631,0.46804185681566723,0.5703688861145294,0.30371784727327417,1.0,0.6623790737924956,0.5690544769307316,0.25277353412426995,0.29989465966584195,0.3911385764116398,0.4168743975847706,0.2551697323179605,0.33664149616168704,0.17096257623275946,0.18087649455442836,0.21899947078474338,0.17542555433795762,0.2412025296146041,0.3044165073694062,0.218984663546971,0.22184555621912772,0.326342163526183,0.4278118026244568,0.3649719199207153,0.45430082310960546,0.41792660060646597,0.3952800592050987,0.37825595566072295,0.5362595340999474,0.2860430476010576,0.34846526525412164,0.42430201160628295,0.5027513233611456,0.45246628170630426,0.31303733744650536,0.3703006943429472,0.45323814357890224,0.527028303130646,0.5480629816236121,0.05466670767379406,0.04844405616669143,0.0350063974180364,0.06955354755887447,0.0679465912744355,0.06936581614133844,-0.007503857382397841,0.02609757025419848,0.07069686269155272,0.09681083598487909,0.08300784653719283,0.0016940412268447332,0.0010608817999120342,-0.0056498644264519424,0.047567759342275424,0.05746692093662361,0.13573576918043667,0.15389444563734064,0.11451015534352854,0.06772819081979059,0.11978694280822298,0.10287954437865025,0.17683334767400063,0.1509891438523252,0.08955298548468758,0.11785959524963492,0.14596062534287305,0.0737570289817183,0.1502191664175284,0.16925968172267175,0.20491440019672635,0.1798274321115253,-0.013474463333554985,-0.05748399300169684,-0.009542259943121145,0.06594703879834854,0.008029195229015003,0.04325979417625943,0.040578395747978606,-0.0054866589527694815,0.07094039367068837,0.046667603339520775,-0.041838619607058515,0.06486092406578248,0.08054958169269155,0.05685571333193841,0.02089765295395112,0.0252493224282025
7Networks_LH_SomMot_36,0.19841925105651223,0.3692912576586345,0.1699616010780189,0.09600386623804924,0.3018931435923206,0.19317531338420244,0.26861075110865285,0.2740201388498119,0.31392596625580826,0.21373527478708393,0.28382375940816973,0.21882779918655515,0.3148368889016119,0.36824287000283396,0.32610366156927434,0.1092722512876607,0.36085419324617657,0.17526653792249602,0.44273503392477365,0.5156587747151803,0.5056111886993795,0.5773233599079239,0.25757274102385996,0.385576612386745,0.49731990869089737,0.5642416053543643,0.3344251040457076,0.6623790737924956,1.0,0.4540071372679047,0.20302584181954558,0.21088014091287297,0.2746366623071717,0.35053620984980705,0.2257506600546819,0.24967344721099186,0.15987121963205045,0.15061449126341808,0.20662497799162396,0.15008086863527234,0.1710528158966164,0.2314557441686695,0.19914527960362904,0.26460007306587097,0.25434839668335024,0.35558493830293625,0.26660943365225187,0.3483998919005991,0.36359673875694665,0.4196590437093099,0.20019910776405556,0.4232892820518336,0.2342346859557704,0.39280411061982595,0.30943394647235023,0.39944615055864047,0.5406612515117921,0.2568025723484335,0.4709125725607759,0.36455285272215215,0.4518095505928901,0.477779028559952,0.02223493610827246,-0.030318819353860493,-0.03998446587979326,0.08432721964216404,0.0278234270111601,0.04658702017203297,-0.014905672472059789,-0.016342827650784375,0.03644880332364737,0.0359692140650649,0.019194113426058413,-0.019183957366396956,-0.03760460299255637,-0.046774716313796524,0.031476509968205404,0.004116734530165504,0.06561323428066686,0.09957060008412574,0.07781540116000013,0.09220831687521831,0.06801630498155245,0.05694560016947738,0.12477340216588399,0.09034160957212808,0.0927218055607211,0.05482436096208084,0.07817783490869779,0.07607270340763886,0.08868086570174752,0.10981844732645353,0.15155073411603862,0.09830962574796098,0.08227873348082214,0.024965108036462028,0.016606597749765327,0.039229469572908425,0.01654247234786721,0.06567206564761861,0.08227065566470426,0.031144787311906365,0.0499045624165169,0.024705276272587253,-0.039042524319040955,0.12247395312077583,0.10380234494736483,0.07769513742609346,0.04142865968770342,0.024143029312172482
7Networks_LH_SomMot_37,0.27535807481854374,0.3829574125206065,0.18319036580295006,0.28386244498986934,0.42881805665749134,0.4165507240844057,0.27768691324141587,0.33152433858044705,0.3674113855247204,0.2071908884950697,0.25911372588249604,0.05457681991295349,0.5296602674064801,0.0628659887245566,0.11340083829403985,0.023581100790168317,0.28741547787068766,0.06809501240642205,0.5068770013131346,0.010262984634324105,0.17494690614369296,0.1405063854596315,0.1934017307979891,0.6759527551054388,0.22559636812027756,0.5603741835300924,0.3132748437842846,0.5690544769307316,0.4540071372679047,1.0,0.30658233526969714,0.20772616873435526,0.39527443025937387,0.4824130842708591,0.253093332398474,0.3109564415288552,0.14966148728334255,0.22365658322080292,0.2619602508719307,0.24347959964104277,0.2931330055044863,0.18316629445404714,0.35817950295016215,0.19136900574098842,0.1503646034511967,0.3532061398303729,0.21270791811997747,0.47378304666873117,0.1694819579265938,0.16667272419429707,0.28485858819211207,0.3980483479494342,0.25662570241935023,0.17531421125899152,0.4804001244302075,0.35543850979252606,0.21759505103991617,0.36544131810013014,0.3812116362111407,0.6750443715450379,0.6144569945600143,0.5110439367774896,0.022034683738396454,0.006639366487887099,-0.003625652790437146,0.07380693702037372,-0.01354918006234371,-0.024115403374245493,-0.025156183131434067,-0.04319560345539056,-0.06314445366249959,-0.039793672892047674,-0.03552218929673989,-0.03730040190825142,-0.06536269158075797,-0.09384428321602628,-0.060348601214777794,-0.04430908274730638,0.049739080358467545,0.06703414613655505,0.07285229486423778,0.02191020271616367,0.04895517073581256,0.03518273191987742,0.11609715849697551,0.06369799091644499,0.05374398187310485,0.04537984834971371,0.03060431896856495,0.09142857784574986,0.10303183032221636,0.07324180723933743,0.07860586661653815,0.034559101295639126,-0.10621562275734663,-0.116153512783667,-0.10173520895334148,-0.05937602276913615,-0.034132143105974795,0.003698691088301794,-0.07159029836690067,-0.04617117380820097,0.050078982782610144,-0.005727907182458819,-0.058576823346053575,-0.006161749543777468,0.012952981951151653,0.035560778989499574,0.029027576327254348,0.0733928905745616
7Networks_RH_SomMot_9,0.40977214822560604,0.2864789816301152,0.32540104607336284,0.38575501711127225,0.3213019501114073,0.3251625617088065,0.2939898838989872,0.2822661083873188,0.21154114119383227,0.3893971797130672,0.14521440673083003,0.1065420723936826,0.33620705057485917,0.07398130857262789,0.18679296493528866,0.12012475647841996,0.22664102612662407,0.1810188876584584,0.21508663826555283,-0.0021720075176603357,0.04544688031866119,0.061123535774880076,-0.08021249534882491,0.22170647164776777,0.21150398729439895,0.3002465421079266,0.02504495197515927,0.25277353412426995,0.20302584181954558,0.30658233526969714,1.0,0.4065850852082607,0.49718120981656083,0.4525001220794626,0.42514869726675836,0.3720582288440094,0.38240891414612616,0.43168278491355533,0.3495102236287037,0.43000606819736004,0.3889266209259147,0.15296591505459814,0.4156333986714809,0.18613541679170048,0.1594040031447059,0.2134227027011187,0.1721094281868942,0.24436477736525275,0.16589540043359713,0.29826816122309935,0.0855358029128892,0.3036535629589211,-0.05115840972549191,0.11510079235509367,0.2686484357139246,0.22577854552399843,0.2773002264567263,-0.004176612526078501,0.19922573300934243,0.26526778411685226,0.281358354225071,0.25668097890757957,0.024881975979896023,0.05056103658820563,0.08560089496843297,0.02644022198303387,0.02724613303137914,0.019510304255380296,0.04845636435415193,0.0189292767588687,0.09899111745875931,0.053602010953590476,0.0178550164135519,-0.0012346586506659098,-0.05731666157789523,-0.08314116749883058,0.036052558057238955,0.003103823071674469,0.07669721321267553,0.04520322692683171,0.06395489543227786,-0.02015272374055677,0.04542884040510375,0.02969482407627862,0.07220319023656972,0.03534024036606598,0.022166512974021942,0.01721152306813686,-0.0009161851851532926,0.069501748143014,0.06338673367168784,-0.03366145026668424,0.05849733565663756,-0.023312500123272222,0.03571147468603938,-0.010518892859211445,-0.05968030499222869,0.029963901375437498,0.012692386809196368,0.01123703636078951,0.017166854517235847,0.0060291632732302645,0.05031758020040803,-0.05537860920814542,-0.046496743303214835,-0.019812884165329385,-0.014310036971973228,-0.0251620901566954,0.01763451026019878,0.016329982434748414
7Networks_RH_SomMot_10,0.2833609608750277,0.2812624628895176,0.39719593343285786,0.3113972322986132,0.2552069141061999,0.2668641461306484,0.20464913431742998,0.17805971124727496,0.12754047521227765,0.21468814712411322,0.11896431286684815,0.15723287882644976,0.25589209799530604,0.14785799424238022,0.17434485742487885,0.0675361035292349,0.18251233415433726,0.06008362068209414,0.2196644177029588,0.12860646889797747,0.18545770518392699,0.1610112276387556,0.040104274485492995,0.11609694657869885,0.19611595793675538,0.2240803783923451,0.0630926286889719,0.29989465966584195,0.21088014091287297,0.20772616873435526,0.4065850852082607,1.0,0.4162334102214734,0.3873890178650322,0.46389919869248203,0.4521586061708686,0.2549346957556084,0.2944536544018343,0.33934048798521066,0.3004974357625431,0.21933351129465842,0.08341178261482747,0.3538095502276198,0.34055348326810236,0.2979524562047159,0.20547388660620158,0.3685912434399394,0.3249777071426238,0.15645325950858252,0.36511201147103167,0.1485731079099737,0.2326015323146266,0.13618515850062007,0.17922620576728385,0.25260648954304893,0.3585483301613285,0.36886990309776374,0.1511399880758489,0.23883862202276646,0.2745172697762795,0.33533090554256,0.3181264486102817,0.05120300511848086,0.037961767920194095,0.029139862893104006,0.08682239190925078,0.043037734246737916,0.05782311901093116,0.04352619800993504,0.048491508354063205,0.027800413577632077,0.006625771954256055,0.02202747636511895,-0.01634310209427649,-0.02078659064477303,0.030698869066676772,0.023065185842073902,0.05514047283802487,0.006659233417509681,0.005062017276519599,-0.023496864124487454,-0.013551687910530234,0.0370700225422081,0.05351927841778219,0.024546539966200487,-0.04809551463901762,0.05654396253546105,0.1352068485183772,0.09251956570721458,0.015417766523745609,0.0658595625926877,-0.006504413731977832,0.05101595772375697,0.0026975544744253024,0.08530595724218022,0.0588213807020755,0.045358304144446575,0.060787376060762545,0.0475100804220772,0.04079554470393848,0.07730187583694677,0.02450060770895945,0.02734734106167759,-0.013425152372692529,-0.04362121975763243,-0.04951072293265978,-0.007510044925995333,-0.013178981492650543,-0.06242577108496703,-0.014492476728883262
7Networks_RH_SomMot_11,0.5262042555253361,0.4812830156335658,0.47147452523147976,0.42173601660142296,0.4351380663119453,0.33041431625976586,0.3604103154733265,0.3547726345075622,0.35971081567603885,0.21048439424639753,0.3262071621982332,0.12450999989205964,0.4602551129377558,0.06928501636897465,0.21580603863440498,0.020171802750500553,0.2695396305706213,0.09746823086435812,0.4474761616881349,0.10204288851113752,0.267990651607915,0.2241777774273768,0.06469375200020298,0.4234391211643129,0.09990013960278366,0.38082034559074157,0.11448827191192068,0.3911385764116398,0.2746366623071717,0.39527443025937387,0.49718120981656083,0.4162334102214734,1.0,0.7582620207746806,0.6026805113608503,0.6237201227248768,0.27375899592015934,0.2544305186629534,0.5189195352123593,0.21303504983736704,0.24370158877537798,0.21629436869416968,0.257410343196182,0.2409630012251351,0.27757541977261846,0.4082882621636263,0.2693623702624301,0.45476830871091,0.041120280458078876,0.25847791621166105,0.12160544442542626,0.4180075839709465,0.21519469573987027,0.0690355453589495,0.40133952557289176,0.36417827474939296,0.2273140076704046,0.2501781325883391,0.1568899203377486,0.34463282261689404,0.4440781959155796,0.18519266134006587,0.0656334375149781,0.07713375059273068,0.10380831046743712,0.0862238011216787,0.073230586447395,0.09099808943626654,0.047974985131685896,0.02734275072685677,0.08867969033532709,0.06836980126689747,0.04573487602280489,0.01061865594228256,-0.03709362236200241,-0.045890505691937956,0.032492039999322105,0.017299113854946972,0.05525084965570956,0.0680220799237513,0.08106146083558657,0.007584847206495795,0.028271852132010212,0.022706355920093846,0.10769586400066734,0.07538505896993795,0.05446509727673486,0.06720974068206631,0.09059992444319283,0.03927738847283516,0.03361448481046411,-0.014851449617106147,0.08046235031850729,0.042359091659599786,-0.05797700072806326,-0.05179579033888689,-0.014610938754544176,0.06651720265208041,0.02655167844410158,0.0035148641485633803,0.0020310585602257916,0.03685718777670641,-0.02723989601995372,0.044047727687464296,0.0037304105910831954,0.015892071849365808,0.08501511933386914,0.05776901647553332,0.022532361231404497,0.06701656955234868
7Networks_RH_SomMot_12,0.5383755974569744,0.5733026524264793,0.504521209524858,0.5575590947860424,0.5735366776014512,0.4320525664805774,0.4330920174978585,0.4104073140594488,0.3948028757717106,0.3138273028656524,0.33484095088030996,0.12921991230601357,0.5143585864367903,0.06362863127361298,0.24654155703120592,0.07189637005170792,0.36951412139830214,0.12203323445199449,0.47420091165557776,0.051564515525994316,0.24002116583398483,0.18497813687769962,0.038899530620971845,0.4354683292774993,0.1695037249188783,0.47424812743562006,0.12298594524314718,0.4168743975847706,0.35053620984980705,0.4824130842708591,0.4525001220794626,0.3873890178650322,0.7582620207746806,1.0,0.5377889771844713,0.7154077364709236,0.41194975466771977,0.3977608131916284,0.5851883833798286,0.3250863260190028,0.3535138231384399,0.20527512039439202,0.407302730673734,0.30799044933286984,0.24611213185933026,0.45576240878926244,0.33192553714300743,0.5061263898163677,0.07195690617292146,0.22973584261592753,0.07379662714637433,0.513166793749808,0.2339766254858575,0.14608790163934401,0.4670250501352412,0.370990651636007,0.2703473106394352,0.33986594132691017,0.2128204096641982,0.47427775640947994,0.525032135551737,0.3013604935808168,0.07182341867591567,0.02362700487236755,0.019957662825271644,0.09629379327518311,0.05231156792164251,0.04842760377364081,-0.007306468844591695,-0.035004412252654986,0.029749211307028223,-0.020695713843505704,-0.07159767371358325,-0.011804767246693467,-0.0919497142136944,-0.11457359569120873,-0.04504725654987468,-0.07779423479199313,0.005603301798580187,0.034194076977707974,0.054253751577778696,-0.027097035665902186,-0.008688650442292327,0.0067734857111773905,0.08058189086416781,0.06585634853133912,0.008124893857706149,0.011105086882644388,0.039823609813960006,0.004123053559390128,-0.030321855590290138,-0.015296226233417932,0.015554578314415304,0.0010720701320266885,-0.04725721533816027,-0.09092363600275759,-0.05806582901609286,0.061797335968628644,-0.017571333361143186,-0.023077668799359782,-0.06425734479048711,-0.012097612450875973,0.010062654811897736,0.046444006984889284,0.01137844691327926,0.019549186439715417,0.09716300764056118,0.06675526014388976,0.060786050983129614,0.09847097924795488
7Networks_RH_SomMot_13,0.3968898980488203,0.3153793358057275,0.3924986141527359,0.28436184516106194,0.2846863640649082,0.16965505355727759,0.17606975667203054,0.13764526346554157,0.19332050568463943,0.06520528976544349,0.1998718274272693,0.021215627309360028,0.24300671508906524,0.049896016104374365,0.18898296912641932,-0.0618498905548078,0.21909327222938543,0.0007830760358180508,0.20154601014272752,0.0790732750643776,0.147325266894387,0.1209860496179178,0.01313525712950629,0.20043358868027783,0.013890812451876547,0.2591408519301373,0.10739809451224264,0.2551697323179605,0.2257506600546819,0.253093332398474,0.42514869726675836,0.46389919869248203,0.6026805113608503,0.5377889771844713,1.0,0.4727801258809607,0.14719425915790457,0.13690305531284616,0.3853102924015356,0.12487875290242127,0.13579900663055988,0.09422273729346478,0.23873034625804967,0.25961546292381205,0.2253034030234912,0.3185075860238294,0.2266847258303729,0.3439678285831323,0.03048269053916089,0.27412517368844674,0.06578155979345442,0.23688063036920487,0.2052665585266327,-0.04893786243141184,0.3303099000624411,0.2679703851190438,0.23684218440559318,0.2059184894048591,0.09648238602135048,0.2025323749069733,0.40293794622527124,0.12579265130792183,0.1013635292475339,0.07167144540802384,0.06883408872846411,0.054068893617676715,0.06713464905267923,0.07639702745225793,0.07311624067618921,0.03910481288104022,0.025016186482460342,0.03262480191505226,0.023031711729014633,0.004236086103103614,-0.06386229921247237,-0.03218419924680244,0.03661737733200316,0.009702379598732522,0.015263948396543391,-0.004353356691705056,0.0072283307301773845,-0.01987892415772924,-0.009464747437679931,0.011652880860401959,0.010316042155554745,-0.03992153405435397,-0.01090203456999425,0.007972038252062838,-0.026746247224559157,-0.06131205356834277,0.04639468473341848,-0.04005835276194601,-0.014180096075528704,-0.024893748478484953,0.039381091649813814,0.01186880667698272,0.0443521169088638,0.029087890124748578,0.023281493520308984,0.031498398137358066,0.007177992158052365,0.03282689552387514,-0.0061077001660584055,0.054575624224883566,0.03407424976484315,-0.04585248091875546,0.05991067712063896,0.045636997323759386,-0.05721544996674095,0.0028684812586306984
7Networks_RH_SomMot_14,0.46678064819714765,0.4703494349683814,0.5259463696612922,0.5843111791937828,0.5425829655538309,0.40780949616644535,0.3528618250815086,0.2489733204088523,0.30192821120242547,0.2318806702767362,0.22293274593013235,0.12971014663992142,0.440962581693878,0.1195663553612802,0.27209907889214624,0.10777638435580625,0.2711738891834928,0.07970190644709782,0.3842589059160757,0.08453035402694378,0.25224240945887105,0.1886272617157772,0.006335507274221277,0.2779104673295569,0.20888225208266054,0.3533420548599947,0.07832215311657578,0.33664149616168704,0.24967344721099186,0.3109564415288552,0.3720582288440094,0.4521586061708686,0.6237201227248768,0.7154077364709236,0.4727801258809607,1.0,0.40558269692619353,0.40747637399548226,0.6047235633986582,0.30953465706319205,0.2536962536221977,0.08195623362415563,0.39249563293088147,0.38665998909732746,0.25688319279686406,0.2893646806230885,0.3840803052294465,0.42290436215152194,0.025224810374636655,0.17703925158714626,0.06886712482370898,0.3973351078031911,0.16722330013316153,0.14689174900719118,0.33437351294165535,0.34741941832577666,0.25223776571487955,0.3385530567015945,0.1480790189994254,0.38906435235390585,0.4095655707979963,0.2614748076479786,0.10583027451064662,0.023247898132015426,0.044150025509248285,0.03540070975175045,-0.02220487446091737,0.0031993317929247117,-0.02710509734165252,-0.03904275059180688,0.008730434241246112,-0.04912114635807041,-0.09107546519675108,-0.024475284908512522,-0.09337533274263404,-0.11607088430975086,-0.0953492425396163,-0.106933594404903,0.003699212413174487,0.03152830834994979,0.03365153524364572,-0.009870041655959628,-0.005776012422043614,-0.014477457035951054,0.054861322972922295,-0.016751937474585872,-0.019027429985881143,0.06762334564407126,0.08123341540439828,0.003402618332454514,-0.01747221984609435,0.015614138517416918,0.03373266722429291,0.01353145682513176,-0.04832765866508357,-0.08934391268704958,-0.04732300811743981,0.018904364569034104,-0.05632351993213446,-0.006512521370899829,-0.013238665913257118,-0.0060841588828457254,-0.005957825051381372,0.03735731858289173,-0.013281834324235551,-0.03023894864531076,0.053081523060550875,0.03252352445069569,-0.03144927048742305,0.0636807087715733
7Networks_RH_SomMot_15,0.2772161759976893,0.37036811591587276,0.3669972366203751,0.5584697239813777,0.5390321804503108,0.5006582221030427,0.5106454317591279,0.35859024118807337,0.26680229255577065,0.610445432493539,0.16324795507891243,0.2442979901169065,0.3878800972789447,0.024373188021926166,0.18145331182161228,0.2359203774689822,0.36797339912987814,0.36147445895135044,0.25048185862298306,-0.022898104248359398,0.043479295916793746,0.028641103142861793,-0.047633775320080673,0.1355431580943342,0.2293355091782999,0.3253228393693158,0.18385031447316105,0.17096257623275946,0.15987121963205045,0.14966148728334255,0.38240891414612616,0.2549346957556084,0.27375899592015934,0.41194975466771977,0.14719425915790457,0.40558269692619353,1.0,0.7561322588082974,0.5228129304778724,0.6948927008770301,0.5703014607246655,0.10514271778270176,0.6311734500262304,0.31653051903656776,0.051305882635938195,0.22578004641035754,0.20573680208837802,0.2266095264783166,0.15929029383725918,0.16940512802689103,-0.038361871680739616,0.35321994667660905,-0.11471213462383131,0.1670072734479325,0.24336580740026068,0.14964802199296018,0.26774572866633006,0.12452639612402332,0.07313309815418827,0.2520064828918973,0.2693469755212271,0.20502659901912162,-0.043887344051248126,-0.10593346647338388,-0.1043759178382618,-0.09316971613848454,-0.06185187184674964,-0.06903891487928794,-0.179240509214195,-0.11812701969404443,-0.05399868089077162,-0.10440075758449187,-0.13477017323084708,-0.025073845537881927,-0.13186499118398357,-0.1663442677630379,-0.1199439859068792,-0.12738521919204632,-0.02448344800282447,-0.012515355459100676,-0.004312247440646287,-0.056816342454982106,0.010413192969294008,0.003064294307063659,0.009776222484262855,0.030188136209158615,-0.1688835158678537,-0.05492456579839942,-0.04538550562928468,-0.0012473411631871397,-0.042457623086596764,0.0022725043057829574,0.006120714651649618,-0.01682106178544916,-0.05616254483526701,-0.15326147886191052,-0.19148551455762935,-0.017330982783530735,-0.1218968580318267,-0.09583840303657085,-0.10472121034452912,-0.1100139825558872,0.09944259746029688,-0.07589206231032508,-0.08231418547870094,0.033394880495360456,0.011859432136718782,0.031670827388827566,0.06821104335080631,0.04098482176963692
7Networks_RH_SomMot_16,0.24646648264850546,0.343716978100038,0.3216807408262488,0.5639856797780146,0.5287026346589335,0.5635027196476206,0.5162914052116188,0.435875049525422,0.3076314589130258,0.7247924378770332,0.11233750399849554,0.2514866107147048,0.48477851311509934,0.03259093341497232,0.14816928664377055,0.1942724395405769,0.3221777386805465,0.28775192273647354,0.3147234336115688,-0.07535844994369226,0.033526503919805786,0.0015255171801656987,-0.009633361399305583,0.19172631945236474,0.26204745566299076,0.3458241783715774,0.16068646991804497,0.18087649455442836,0.15061449126341808,0.22365658322080292,0.43168278491355533,0.2944536544018343,0.2544305186629534,0.3977608131916284,0.13690305531284616,0.40747637399548226,0.7561322588082974,1.0,0.5406764122819008,0.8152524445666898,0.703875107219327,0.08544081576581797,0.740088003301533,0.33047374722071543,0.17750393065629533,0.17184327733542992,0.32120260095402786,0.30813037620341294,0.22549095963781898,0.20015881456884924,0.0896209411517464,0.33296068894988284,-0.10003554894685047,0.19560469622652257,0.27495324292088424,0.2557564898642083,0.3265030552486254,0.07913466656529193,0.1814093204795738,0.31872973930216897,0.2587509944689115,0.2619073416895824,-0.019189941589365524,-0.06726873422788134,-0.08517781232127107,-0.0230114308351879,-0.026051040833774866,-0.05068733898177167,-0.11261426530948017,-0.07558632012361319,-0.07994898280145467,-0.07500423753072787,-0.10771820717681858,-0.039931252361259544,-0.11594040925132584,-0.15487822264607853,-0.10720080144313966,-0.09574520921606122,0.025676548637339112,0.032542872643571065,0.06817702668252057,-0.017438437260760067,0.02755847607303097,0.03278199563582185,0.07142287995149832,0.0700934120613309,-0.11573268252528844,-0.026772713921993558,0.011477735710517092,0.04533469073370378,0.00010382919449267287,0.04966361830362314,0.03488126400257971,0.02853759720534333,-0.04934410188784048,-0.13484715197649066,-0.18804677512616355,0.013074124783575653,-0.06703811827732609,-0.06798730221529349,-0.06636919036538137,-0.08852953682400959,0.1107164743447663,-0.08342869295785389,-0.08865852425120747,0.04851492128827098,0.016725104285982274,0.015430393787805679,0.09622315266826553,0.05341239117020008
7Networks_RH_SomMot_17,0.44373594489969986,0.45172619783090584,0.44948406667335983,0.5272353659134902,0.6015263746577868,0.45925163544162234,0.5639402539990748,0.4628261805011776,0.42204261594870146,0.4205248989089129,0.23191880870559298,0.21818103156588145,0.4262297927387956,0.025173034217667485,0.21290275555379293,-0.0244188688553454,0.2926193956314456,0.1786836771151297,0.29765284896921596,0.04181348868549467,0.0925934583941582,0.04013629825545398,0.07299411821782635,0.26198118364362866,0.12301145786972587,0.35401546654882177,0.23823819034755797,0.21899947078474338,0.20662497799162396,0.2619602508719307,0.3495102236287037,0.33934048798521066,0.5189195352123593,0.5851883833798286,0.3853102924015356,0.6047235633986582,0.5228129304778724,0.5406764122819008,1.0,0.4817744033566963,0.4708532047090518,0.08918517761619925,0.4644550922283648,0.4157459427949962,0.2594437359214931,0.3632441995001694,0.33244141115347386,0.42407544810698644,0.020006515260875726,0.20786476167513507,-0.036987052270513965,0.37278945770246974,0.2120484207802293,0.057504153167630946,0.3744996890194309,0.2864477888945343,0.2547803441101393,0.3099224789521407,0.061993983989246826,0.2765780880187193,0.40075004088749505,0.11287287857936343,0.056223389899007034,-0.011453660234077175,0.005040098381638703,0.008894307919768373,0.026052205302892303,0.025420993579289064,-0.04621421881144566,-0.018945205657349563,-0.007153974953977356,-0.055028383648996315,-0.11106229330312126,-0.024096183490039908,-0.10844839101337699,-0.15594646206909898,-0.09587155548831368,-0.10838754842917778,-0.0031875170365016164,0.0037569769950606016,0.04800346721172276,-0.10008029489816894,-0.07770523866467832,-0.07810545115670069,0.01815828715358122,-0.019100005453324832,-0.12142985421055447,-0.0459241103009639,0.024418432017287415,-0.020130418446098076,-0.0830303117796891,-0.01682440980095258,0.029912505687157885,-0.0066381051957055195,-0.07634320071367949,-0.1250667474734721,-0.10538093490277556,0.0658673425741962,-0.008987068366833648,0.006638053984075182,-0.043761241125560464,-0.018629304967011817,0.020358155723030978,0.013994128313979864,-0.023039794762564986,-0.018420607585357202,0.030044560010393417,0.013472735922986877,0.007411621933139785,0.014662239264948362
7Networks_RH_SomMot_18,0.22933522059647193,0.271948016894643,0.25451399582278944,0.4900955967402395,0.479555762992835,0.5611521789655936,0.5546689305886737,0.4868559730716342,0.3406698699117927,0.7493138033738408,0.12873436391844983,0.26678888452890903,0.48785377060102064,0.08876883443467432,0.1666159148258277,0.21610118331269018,0.2987202868197134,0.2633475197015949,0.325150211950657,-0.09486407329984545,0.023259403888124607,0.010085478265317359,-0.016080256475045553,0.19038430736744544,0.25163846924190436,0.3037534467813594,0.18390299128633839,0.17542555433795762,0.15008086863527234,0.24347959964104277,0.43000606819736004,0.3004974357625431,0.21303504983736704,0.3250863260190028,0.12487875290242127,0.30953465706319205,0.6948927008770301,0.8152524445666898,0.4817744033566963,1.0,0.740373625224297,0.14657085091336483,0.7749285657048992,0.3463783889689744,0.16960789041645616,0.17602399546779468,0.2959952991364419,0.330229908553811,0.23717563946983772,0.22022682021895468,0.13402398974519733,0.32717668250943066,-0.09878532087165341,0.15866241005561513,0.2934345461793783,0.23511041879230735,0.30793290513186916,0.031321384790866366,0.1713554031150076,0.28648455682408946,0.23498667401735482,0.27713762881267046,-0.0002924578432947565,-0.05896734247955926,-0.09316162580357641,-0.008400514229153914,-0.02579477250078454,-0.06503466770652586,-0.11422142567000046,-0.10899513805514026,-0.03876359807641576,-0.04158518022974289,-0.07273735248879806,0.033848878072086974,-0.06779698815044323,-0.0929918517185242,-0.04549926842124086,-0.03453882888938836,0.058068070024627876,0.04337479629010104,0.08859164279381165,-0.05546754176579093,0.0002030714913389882,0.014549318376871337,0.06828214833871217,0.07007154090872851,-0.10080170773410918,-0.032670603730156955,0.008261865469443965,0.007205076093527295,0.009822390002237981,0.03948805168752616,0.010516886073294108,0.029493500299274715,-0.0004879916528654634,-0.09596938570492411,-0.14299102652004295,0.004272308241011164,-0.0438249544940842,-0.031139039201679267,-0.025412064921202997,-0.06490507411411922,0.0878288384303209,-0.07688169372895076,-0.08140454351105277,0.038614862640184135,0.03061938839831974,0.05412526817331266,0.11142208266495372,0.06504205068188228
7Networks_RH_SomMot_19,0.2629147955328347,0.3261267659962652,0.16857553782539753,0.3925776433970407,0.46365497260612615,0.4955118641715076,0.5790023758771888,0.6053408754999422,0.4097803099793932,0.7368842177046051,0.2672930797592817,0.3077482385707723,0.5025003942681953,0.06361782315314925,0.21041510533233834,0.21698005751769384,0.36424100106678653,0.28850265426905464,0.38784130340121753,-0.07775813435851552,0.05276091426308375,0.006019192251894977,0.12907727646292955,0.2819924814440448,0.22318752307789616,0.4041044371387313,0.23354131062616013,0.2412025296146041,0.1710528158966164,0.2931330055044863,0.3889266209259147,0.21933351129465842,0.24370158877537798,0.3535138231384399,0.13579900663055988,0.2536962536221977,0.5703014607246655,0.703875107219327,0.4708532047090518,0.740373625224297,1.0,0.2348861086457113,0.6772714526477935,0.32140492093458417,0.24920634780929288,0.32142527701710744,0.30018591750912954,0.3511961330926541,0.25798408033944864,0.24412734543837797,0.16300129110482997,0.3718549264035144,0.05513785562943535,0.1867713563696768,0.3712417262822066,0.3287065620293087,0.3321461507270141,0.09202297307652196,0.17756752341033752,0.3023903606473567,0.29757560505989256,0.2860497632207674,0.01374674251699747,-0.0313400790720142,-0.05220996797630283,0.023101564560545695,0.0009077896190741092,-0.025681853879896875,-0.06321079700171976,-0.029254806370727113,-0.017711541857828767,0.005299678455232541,-0.020463472357448668,0.026509338469126238,-0.043589473851032345,-0.08303640759131281,-0.006014368678468106,0.008403740242952831,0.09656442651433766,0.08067025145738324,0.13595859790390608,-0.050525863194891565,0.0187018102299861,0.05699769623620844,0.13169123251573367,0.14032024774561463,-0.030555523645742856,0.04539431316541276,0.05843221123409625,0.007256163888358568,0.018589341781522606,0.011697775475140624,0.06706576472316073,0.05606957456645708,0.042605776143380306,-0.05263361410694707,-0.09688698987313504,0.07129637967339601,0.030960781086723278,-0.00039852523915793905,0.0217079469264949,-0.03108373894087362,0.10963243747129198,-0.014533756318261645,-0.038156917102448576,0.052861289664191076,0.07180261233907745,0.07752217418221208,0.128886793809469,0.08575215555405949
7Networks_RH_SomMot_20,0.055563090450050506,0.21270882466457594,0.04357626021674001,0.0007408103414922958,0.1587941207511679,0.129378950597852,0.23879748993707312,0.30892001967253846,0.24230248523704628,0.2537998001852375,0.29872244019499355,0.3245188887379109,0.21418296920894309,0.19824599269238263,0.26140103857266395,0.2697916114292255,0.3012509340524926,0.2286056302809286,0.30801695474521373,0.15869307590427648,0.16400219783340464,0.21126735083952336,0.21958790057936467,0.1688392119105998,0.2357799062403383,0.3423988972993878,0.14404864709668946,0.3044165073694062,0.2314557441686695,0.18316629445404714,0.15296591505459814,0.08341178261482747,0.21629436869416968,0.20527512039439202,0.09422273729346478,0.08195623362415563,0.10514271778270176,0.08544081576581797,0.08918517761619925,0.14657085091336483,0.2348861086457113,1.0,0.09062278712748263,0.2180412047125379,0.22684175531962134,0.3629629060190092,0.2752964283244043,0.2278800639669254,0.27981977725108254,0.2924707846338533,0.2735664099583462,0.36188584769756554,0.2046978475275774,0.2063614295246516,0.278251907488881,0.28901123527390626,0.27390717628680245,0.09506884437674001,0.2035242537702201,0.18720853314376637,0.22176300023534115,0.23401358239917217,0.049936706580813124,0.09310584794798635,0.10159929531820863,-0.004519270930693612,0.06934071527379904,0.1259913996829385,0.045620253828107145,0.1009897905459649,0.07531266965193725,0.105867853803916,0.10047342069896036,0.018157045671133413,0.010384467904921127,-0.007240988997380237,0.05356103981219523,0.055165763523983925,0.1020660115071265,0.053781421920239665,0.1012727926838768,0.03929442139142608,0.04116841835920412,0.027510395500055216,0.1073178423273662,0.1069276589895087,0.10082002840365437,0.015795734419466592,0.075306929031809,-0.0012101612123989929,0.015312316196361175,-0.00548454191031718,0.099614156823744,0.08444384329925751,0.07763137933815131,0.06715046145800076,0.09902322545179158,0.04695453544305492,0.025287268719768375,0.00011420728493158513,0.05616100318887678,0.05050103474101293,0.06169695705436326,0.0894421776070496,0.060730885605931706,0.11675544996337436,0.17035250119637996,0.18664183752364666,0.1461195626722315,0.07118705201033779
7Networks_RH_SomMot_21,0.22212464306513655,0.3379044817616097,0.2816075929948419,0.5344922254852268,0.5378054142587558,0.627864376195929,0.44663416666233946,0.4069156263404392,0.34474169637822977,0.6438366162000394,0.10940382526888767,0.25261568390470507,0.5812456361382639,0.09357613856030574,0.1656188389901393,0.18983929393594123,0.3143857784106721,0.22519758188115338,0.3698363516884775,-0.03200960670398177,0.030311403843047768,-0.0033977471384090546,0.021336449998314803,0.2943083999231703,0.2509838944001268,0.38698646472835085,0.2074355549809848,0.218984663546971,0.19914527960362904,0.35817950295016215,0.4156333986714809,0.3538095502276198,0.257410343196182,0.407302730673734,0.23873034625804967,0.39249563293088147,0.6311734500262304,0.740088003301533,0.4644550922283648,0.7749285657048992,0.6772714526477935,0.09062278712748263,1.0,0.4298289552872099,0.30968318041997883,0.21961292411368222,0.43110823658297315,0.4884156050275603,0.2270108339160048,0.32856019560915517,0.18855080058303772,0.37039196625571835,0.01147527788769349,0.18139911726375207,0.37962667585296683,0.4090615047437963,0.4084896350431262,0.17692192383214048,0.28363457182174834,0.477993778541805,0.4447004505892454,0.3935888468981248,-0.018565465401538413,-0.1051464999474674,-0.12422146883266613,0.01377853439880552,-0.07037357091908228,-0.07761582769940563,-0.10484795544069375,-0.12746617943761224,-0.10398136875562705,-0.11019390530830965,-0.11896176631691797,-0.02544946330148283,-0.12936080856594673,-0.1476717127229682,-0.07389590663644077,-0.06731579401371225,0.050582773838732026,0.07801790606085933,0.0898328218726341,-0.049769431573059374,0.012927587863745342,0.043513146855832484,0.07732454053757844,0.059309776216671065,-0.10062301890653727,-0.00868216914734331,0.004738604874803052,0.010703865969779626,0.04119283084196302,0.03532953315836651,-0.0034904277744566637,0.002621227870862954,-0.011591758748616114,-0.11762755866524098,-0.1452529952495259,-0.022151486341165025,-0.05234967251094638,-0.03587496963849678,-0.07068537525894264,-0.06841454442561748,0.06491154750435447,-0.021632021799840986,-0.03111187968631439,-0.007389271293191497,0.047785304598292486,0.06349775924768815,0.05877916368651458,0.07198011655632357
7Networks_RH_SomMot_22,0.18868738444245883,0.34361243111029777,0.27998895505412946,0.24699794690992513,0.43326126059837566,0.29915504102436324,0.35637562032262743,0.30956698750913675,0.40369717931138327,0.3323734008958952,0.22250690480548743,0.4504976995766718,0.3676083984893044,0.15256456362857518,0.3823784076377366,0.15674902454107642,0.37833424772931107,0.26459095274720085,0.3217297081436896,0.11703270093408787,0.12744321036336273,0.10802418593253114,0.29963169738095324,0.09144325022329668,0.16640716733352928,0.4162166503657244,0.3125812683940955,0.22184555621912772,0.26460007306587097,0.19136900574098842,0.18613541679170048,0.34055348326810236,0.2409630012251351,0.30799044933286984,0.25961546292381205,0.38665998909732746,0.31653051903656776,0.33047374722071543,0.4157459427949962,0.3463783889689744,0.32140492093458417,0.2180412047125379,0.4298289552872099,1.0,0.342250223360739,0.4328254214480875,0.5563950020660174,0.42677809465321087,0.18140948293301717,0.356940588366074,0.11384399107589466,0.42885241810029756,0.37942749169223733,0.18546334931643113,0.3809079127951002,0.35711394533391,0.3869245526384461,0.4846299235199917,0.17951398213639708,0.26767597974511914,0.4179898117086236,0.24707508389844832,0.13195614660475455,0.009614627841157629,0.015025306065725321,0.06101918486712254,0.005394535774792387,0.05609461105083468,0.03047230570723412,0.044291937013608326,0.05237690259689336,0.06422612996617562,0.033324951837326394,0.04320555072537876,0.03854038010354913,0.03103879623026533,0.05122957391080628,0.043494486612753076,0.03859190673217975,0.0012894635442003445,0.07479335878125422,0.04060907713757557,0.02328600845479863,0.05779220645261293,0.07407450569578741,-0.009961646546093062,0.03656957801985242,0.07336534466038203,0.1069524175718292,0.03158738744826387,0.07980839471090967,0.0395764415141557,0.0861954151171386,0.055221161419534,0.053389661611045594,0.06824023644517412,0.09337943609874268,0.0988780598242662,0.06899224790991051,0.13853216900302184,0.12981437233307735,0.10374466443394034,0.044950391043637315,0.07415287565631111,0.03375817598428363,0.0032751905876721625,0.14074420641582458,0.164755635296487,0.019865397127450418,0.0764643440171049
7Networks_RH_SomMot_23,0.12183743886031509,0.18428287598456555,0.1234589754398745,0.12292886954397086,0.1429068595281847,0.20376594655176924,0.15922933033731354,0.33120892433730015,0.245314559971496,0.23894599927429638,0.166141677857913,0.2653497028663455,0.36715726427197654,0.3147887920978322,0.24573875473185783,0.19329345047463062,0.12875189643319157,-0.028255223899787518,0.3690137399706236,0.34813717945659495,0.35509483417686305,0.30724173685590195,0.26585399179851155,0.16612725072199883,0.2970933060527206,0.24772379873350142,0.0796793724894967,0.326342163526183,0.25434839668335024,0.1503646034511967,0.1594040031447059,0.2979524562047159,0.27757541977261846,0.24611213185933026,0.2253034030234912,0.25688319279686406,0.051305882635938195,0.17750393065629533,0.2594437359214931,0.16960789041645616,0.24920634780929288,0.22684175531962134,0.30968318041997883,0.342250223360739,1.0,0.2487690970717045,0.6686016137202339,0.5752156328686973,0.3775917502766167,0.5317892027662757,0.4928094148165501,0.3598970735242362,0.38165356136757095,0.3431765277987031,0.3072031399560349,0.6388583707400027,0.4782170869265333,0.27286175246107697,0.4085615074762137,0.316260142843107,0.35705119604021596,0.3156888158352301,0.02063160433367848,0.07170974521037166,0.0794951759258993,0.1423475489675152,0.13956790913423142,0.21909555864235247,0.14674008691629997,0.17295887727080642,-0.00044142534182401057,0.06942160205224784,0.07895384591014504,-0.022340780715988395,0.02215120151907738,0.04763568221479997,0.0675439116386278,0.10181757161750535,0.16552942469852286,0.11768243451355863,0.12636362961391398,0.06853902461277699,0.06395614162740614,0.07774197199604417,0.11022246514944144,0.09661224018578585,0.1387035465767768,0.19828914323404975,0.22896750676908165,0.005811415025846847,0.14712943101422304,0.10702567286060595,0.14861010717840237,0.16526290355033013,0.08652857360562993,0.030087141388851782,0.09234308562205563,0.11133499865896267,0.08096764018625875,0.10596210165066103,0.14838153504320029,0.09557331600286677,-0.03002843014476762,0.10724253323090174,0.057201989008912046,0.03402465038821748,0.15858739722539272,0.10926563379604806,0.016181498852207606,0.01721424080872799
7Networks_RH_SomMot_24,0.34903435267990196,0.4092209490956194,0.24988701594292698,0.1701502091098874,0.43628923532664027,0.22593621921109927,0.41750375156261366,0.4576579265686823,0.4157780679977994,0.2844489811156008,0.5737492311631694,0.31959102863549654,0.30992171772722,0.10379066866377244,0.4069840743612446,0.11862200230804003,0.5710877312481771,0.30439482580320715,0.3691722056817985,0.18195028991705856,0.22186495015719424,0.1578622800833455,0.35625113891216403,0.33493754106339435,0.14473741326032377,0.5784620374294479,0.392140333738922,0.4278118026244568,0.35558493830293625,0.3532061398303729,0.2134227027011187,0.20547388660620158,0.4082882621636263,0.45576240878926244,0.3185075860238294,0.2893646806230885,0.22578004641035754,0.17184327733542992,0.3632441995001694,0.17602399546779468,0.32142527701710744,0.3629629060190092,0.21961292411368222,0.4328254214480875,0.2487690970717045,1.0,0.3415158660887567,0.4064975907200557,0.20270291201367208,0.36940651909804856,0.04294377331879281,0.6300510768386629,0.5089195756704314,0.06274571850123102,0.5856952423276853,0.3532382055891414,0.33092631675192347,0.49996646407357564,0.10119057856137705,0.26738792987441967,0.5586736132722686,0.21122156257596714,0.04084920826833355,-0.03956241613674475,-0.023655824471302607,0.02622135888299224,0.03918393621090538,0.05533488768288568,-0.02491075156939941,0.020572726565443913,0.10749640865878926,0.12140086934027428,0.06869401140824313,0.10114410622497441,0.07130206300749602,0.021250946652052332,0.057116502405452026,0.028653714386941233,0.03771368116440365,0.019444141171767813,0.09907853089419022,-0.011956571410307005,0.03612629863403216,0.09586963875886467,0.11476870859247355,0.148532482271873,0.010096351117648337,0.03812129043175628,0.09618997769859591,0.07352679776783935,0.13687394295507394,0.10074267203175952,0.10678359881182277,0.12547355082342437,0.09736645606105881,0.071477829760013,0.11988964908250634,0.18041916610402597,0.1063149607310807,0.05386139326745499,0.10531623505263567,0.10820345718931422,0.06624867733432145,0.13957999438900714,0.05358169331005533,0.09673023872099634,0.21175304148430518,0.16601319783269644,0.13624577828031026,0.10363938875284695
7Networks_RH_SomMot_25,0.09563116249208554,0.28678089774872745,0.1860714160577183,0.26828254935935675,0.33232302011732484,0.3237327376401164,0.2138008954774883,0.26262947936855113,0.2510541878440463,0.27998206869825487,0.18011505983291728,0.2680500190294178,0.3745575389055811,0.22792700801694651,0.3658618210827671,0.22976945615180042,0.2879647907958211,0.0013738526694138562,0.35430084223132574,0.22405097985020048,0.3035886993704788,0.2528199080907167,0.2249487060696764,0.13125628449653806,0.30619290868707877,0.3064140043781868,0.03148407163665459,0.3649719199207153,0.26660943365225187,0.21270791811997747,0.1721094281868942,0.3685912434399394,0.2693623702624301,0.33192553714300743,0.2266847258303729,0.3840803052294465,0.20573680208837802,0.32120260095402786,0.33244141115347386,0.2959952991364419,0.30018591750912954,0.2752964283244043,0.43110823658297315,0.5563950020660174,0.6686016137202339,0.3415158660887567,1.0,0.6322920476363172,0.41168873162792763,0.4806372703337152,0.43186370699159327,0.4635137340063478,0.38157886312395617,0.33079705472217136,0.39939470039487385,0.6317332189420709,0.543252753888373,0.40177487418823615,0.3457262194407888,0.40575910939125037,0.4402664847792845,0.41449118388423706,0.040366064757657985,0.028773372537727406,0.030520756554035276,0.08396818431318727,0.05769699066502026,0.11637822212662685,0.076835338626029,0.0915635993643068,0.01631430706787284,0.008735198004288694,-0.0010896068142741844,-0.03363453869195617,-0.037953197132192036,-0.03482504269111714,-0.0012104028577451613,0.011875355702853113,0.12782147410351244,0.10255167814566335,0.10068704464090887,0.06802720715366702,0.0715538778193802,0.11055649954257862,0.09523313513363002,0.06629767508640015,0.07148972557682177,0.10322393125335352,0.15697609108281074,0.024772274847660754,0.09302794161051252,0.09274991514064329,0.09684989566367742,0.10274652433855772,0.03410695211746524,0.010839366201223999,0.055414659476049566,0.045599807526190805,0.026106736046869222,0.05709906223575394,0.10470017947510354,0.05918674067139192,0.02938720998661675,0.0900852882441744,0.021568364116375124,-0.018400650760141274,0.11568765475578437,0.0877953950819837,-0.008564331807485573,0.020376735181100458
7Networks_RH_SomMot_26,0.3061637284774009,0.3698119507742647,0.2610399386768354,0.3402229792491153,0.4249096698839691,0.4122289854673358,0.29111424961480964,0.36536036469609806,0.39041459127580164,0.2946289372858107,0.2250208336037625,0.2495076903248536,0.5708365980204763,0.15790279579811464,0.24373907243173457,0.10945839734946149,0.25321093883419615,0.005734371713334434,0.5732008986053649,0.13781132139942184,0.3109802291348597,0.25603187711303993,0.2229047021793599,0.4527028329593125,0.2316106466037755,0.43122358654539283,0.18295439928234541,0.45430082310960546,0.3483998919005991,0.47378304666873117,0.24436477736525275,0.3249777071426238,0.45476830871091,0.5061263898163677,0.3439678285831323,0.42290436215152194,0.2266095264783166,0.30813037620341294,0.42407544810698644,0.330229908553811,0.3511961330926541,0.2278800639669254,0.4884156050275603,0.42677809465321087,0.5752156328686973,0.4064975907200557,0.6322920476363172,1.0,0.34460281797328374,0.44603510662918894,0.5197399234865332,0.5101881084576362,0.44872625437617897,0.28536763297564366,0.6276430862429547,0.700298095687212,0.5006074134040971,0.36294686006930443,0.45289435336635825,0.5745537482134864,0.6325354948886732,0.48443907695622745,0.016128362007485336,0.01656080457273569,0.028174636229255094,0.11046645303284515,0.05945658081864524,0.08393321373919675,0.042480121365251707,0.02696863631033324,-0.016316457136008652,-0.015192589638025594,-0.026040438930711354,0.013802287992578812,-0.014075124652898159,-0.02504351367501002,-0.015145943034023404,-0.005425558893745143,0.11107394906784117,0.13308057308393706,0.13488848299430814,0.030733727153314284,0.06761047856813404,0.08757037500197672,0.1197313138924722,0.11742683363046379,0.04471440440994392,0.04972698030642157,0.09500228455474108,-0.027704191807670427,0.03354668782273172,0.014236872036061757,0.04452158590705066,0.035441323283211534,-0.050695435985315646,-0.06915985295633502,-0.034735620965960196,0.0291792431377978,0.05102893469543315,0.04946622165496982,-0.019661552181217585,-0.004432463089619004,-0.02307132022401368,0.1096578537153375,0.03328897892274698,0.01080432295498815,0.1550347717574678,0.14728952539149573,0.0383678350925086,0.09054174626138027
7Networks_RH_SomMot_27,0.06439781644163005,0.08719684459186774,0.0022828094573026383,0.03459011426525255,0.0663092545777075,0.10706869701068397,0.09080437046265409,0.13972085446509375,0.08935034865266445,0.2987900486540282,0.11098852732786316,0.2297216782486871,0.1763453325762305,0.32104006402675533,0.4198599426077722,0.39504028890933635,0.2940099360815363,0.22666505637637577,0.26927939675974266,0.2671323643762675,0.2549435128756133,0.36207643760447855,0.16721953933697725,0.09603812734755424,0.3575269630744456,0.2101575617141676,0.05264559823462674,0.41792660060646597,0.36359673875694665,0.1694819579265938,0.16589540043359713,0.15645325950858252,0.041120280458078876,0.07195690617292146,0.03048269053916089,0.025224810374636655,0.15929029383725918,0.22549095963781898,0.020006515260875726,0.23717563946983772,0.25798408033944864,0.27981977725108254,0.2270108339160048,0.18140948293301717,0.3775917502766167,0.20270291201367208,0.41168873162792763,0.34460281797328374,1.0,0.4995385795184055,0.5482893635631775,0.3705564235596381,0.10456970329154913,0.4592293281681079,0.3232477086247953,0.32164742295641974,0.46993847489087676,0.02692026903543452,0.4806416950097779,0.19712208888718374,0.23244467173699046,0.44522152344448646,-0.02048571006259536,0.016881048812706922,-0.018655674351079204,0.01786657076393791,0.06248146507804242,0.08129763513373775,-0.0018600848037952453,0.03647333748485547,0.017013665067991093,0.08137648863276706,0.08549399139093898,0.00043939722324750594,0.01569239561634404,0.039295642327653466,0.07082587414857315,0.07305723029055343,0.1902362588106907,0.19792802120190725,0.16866737695203354,0.11250899224498286,0.1707185932445491,0.18626802673995022,0.16839567873187522,0.2092691655691725,0.03241446751764023,0.054131898680420384,0.09412700988649707,0.031144175257484273,0.13667447547963366,0.16966956553237647,0.11674855394377731,0.11636488924514145,-0.029301283757103162,-0.03520865160929722,-0.011806890684735788,-0.03240119414904786,-0.02367360199379375,-0.00893858925179866,-0.024451306641452238,-0.05128095536995056,0.07263933343658126,0.056076683688045595,-0.005831063068113093,0.049795300109928754,0.08001206447051813,0.05774586492318209,0.04833299206911469,0.005798875257405142
7Networks_RH_SomMot_28,0.18917869833597148,0.2279328093808648,0.14455128649923232,0.12553742700625428,0.1801204982819104,0.1542311513582368,0.1668396072961056,0.2374300695681583,0.17892932778055207,0.26421054173591385,0.265248997330826,0.3107391262991025,0.2663637264201785,0.28131772418688555,0.35018706489425555,0.20950488358691893,0.31681548161299916,0.15417390918579532,0.2448091971506799,0.4332846204284594,0.2845870602436385,0.327645105994559,0.1702964265065393,0.14902666240472698,0.40495227941820366,0.3690520856635038,0.13441534513215972,0.3952800592050987,0.4196590437093099,0.16667272419429707,0.29826816122309935,0.36511201147103167,0.25847791621166105,0.22973584261592753,0.27412517368844674,0.17703925158714626,0.16940512802689103,0.20015881456884924,0.20786476167513507,0.22022682021895468,0.24412734543837797,0.2924707846338533,0.32856019560915517,0.356940588366074,0.5317892027662757,0.36940651909804856,0.4806372703337152,0.44603510662918894,0.4995385795184055,1.0,0.3240690683371152,0.45845406487945517,0.22235969435995404,0.359862806392608,0.3299109957372481,0.5535856853706452,0.6725374666181763,0.2057611905451364,0.5073721785190718,0.26518649579181963,0.4428907769759534,0.4096108772684897,-0.015337263612404405,-0.020997607133591466,-0.05133947554906517,0.10987706934133139,0.09797102907881068,0.16490643897589755,0.03430500318079294,0.04090763411907555,0.1346939287093419,0.1383520966105486,0.16035798795880452,0.019730620548117403,0.07403882196732797,0.11199352455719236,0.14124209884195774,0.16310869731836913,0.17434397308913518,0.15697138051522874,0.17488295905452297,0.05819809708559809,0.105578197981174,0.15481492762488475,0.17687837217934912,0.14650428712742616,0.09847170496954175,0.16024811501308,0.20118260784984193,0.060689523507208826,0.20074052615730217,0.1574283368137804,0.1883084372676569,0.20412725718437574,0.09554037288288213,0.03517506775791427,0.08761110855868899,0.12823069882134094,0.08560699734477867,0.10151781136574563,0.10989582474751285,0.08965842881421493,0.01414599288627585,0.09951039076060783,0.04737971606195143,0.031038013313210717,0.14861346694928212,0.10796094645719338,0.028710445025586326,0.025512394449986358
7Networks_RH_SomMot_29,0.004418223678006218,0.07651151201725963,-0.027896309825683623,0.014012700412841543,0.016758196905178734,0.16967881145073835,0.02058910012921244,0.12424909124841081,0.13540953999809868,0.15327310823866616,0.004915714423133634,0.18428642261832612,0.3302181697486884,0.2708045862459293,0.18636240631439036,0.29454815032667847,0.03016981644296313,-0.019852913163132646,0.4502121684344256,0.175423325100094,0.30919837603295786,0.3162396270988443,0.25576212658415504,0.25866235586232567,0.2827262555474306,0.12163582045281676,-0.022026380771419506,0.37825595566072295,0.20019910776405556,0.28485858819211207,0.0855358029128892,0.1485731079099737,0.12160544442542626,0.07379662714637433,0.06578155979345442,0.06886712482370898,-0.038361871680739616,0.0896209411517464,-0.036987052270513965,0.13402398974519733,0.16300129110482997,0.2735664099583462,0.18855080058303772,0.11384399107589466,0.4928094148165501,0.04294377331879281,0.43186370699159327,0.5197399234865332,0.5482893635631775,0.3240690683371152,1.0,0.22111287423843126,0.2293514623310161,0.39278023692113384,0.27075193358243793,0.49985450439605433,0.26660805851843433,0.06550601086223573,0.4771987361698752,0.37524208151096483,0.24489960092343094,0.4700606513648708,0.059148210494009465,0.07587357752801135,0.05514228561056453,0.06490020762634288,0.051257879379171,0.0844138297074833,0.07444799755637187,0.0652303865220575,0.047327126706142905,0.04760533264970458,0.04383318852026692,-0.024585111168215604,-0.0018516283543726947,0.004974829106136498,0.030976148888686605,0.03725552533959434,0.18604754330246645,0.1583453708664452,0.15049594066413272,0.0614832479285154,0.11873689059193153,0.11550103517330017,0.14735646403212677,0.15261292790665873,0.09887197029205531,0.10607263555703936,0.11925689329220397,0.033842384661750456,0.14313884026877663,0.12187720816926252,0.12855142100626338,0.12065570955122117,-0.04419264238015841,-0.03022927640745082,-0.0017538146749594575,-0.003057477264188567,0.061955200075487805,0.06765049536049057,0.030949098130512796,0.021447780326755674,-0.06545512430712101,0.017240953896540283,-0.05423943831685815,0.035409445109768775,0.09953906237624292,0.10085264891811464,0.003514466238785822,-0.002212798331485425
7Networks_RH_SomMot_30,0.3307284074349874,0.3871396167873801,0.21891128708023574,0.28390062755077683,0.4426341421992239,0.313223692168526,0.3734996345796913,0.4673429527534856,0.3662777124019867,0.3826455475693141,0.483668877793095,0.26987685010799217,0.38636361217470655,0.2200417514293575,0.4257964751002612,0.3008521496872739,0.5976272214430389,0.30155779780299247,0.4537688254625973,0.2356361550271364,0.3407092846351755,0.32741640447308007,0.2285723478561726,0.35414519127500055,0.3989710547546214,0.5961738654603387,0.25617319268753347,0.5362595340999474,0.4232892820518336,0.3980483479494342,0.3036535629589211,0.2326015323146266,0.4180075839709465,0.513166793749808,0.23688063036920487,0.3973351078031911,0.35321994667660905,0.33296068894988284,0.37278945770246974,0.32717668250943066,0.3718549264035144,0.36188584769756554,0.37039196625571835,0.42885241810029756,0.3598970735242362,0.6300510768386629,0.4635137340063478,0.5101881084576362,0.3705564235596381,0.45845406487945517,0.22111287423843126,1.0,0.3254686070747908,0.4204850278812171,0.530182048149379,0.48355830464352817,0.46578265610352876,0.42011405510669153,0.32847558454294584,0.4631869276049649,0.5477399842026609,0.4624006413354533,-0.009121179937027173,-0.05884264731441714,-0.08057499549245858,0.025411309234910882,0.0325554596173018,0.05986032089965215,-0.06615692873544335,-0.054373421939248906,0.0630122716568414,0.052983082328505,0.00998213818273721,0.015573302089356715,0.008149013959500925,-0.019448727428898173,-0.0029266070211109545,0.0011541860072981729,0.1430878606420921,0.10917336098660663,0.1618875298718589,0.06249625954530772,0.10889050247056943,0.1158714108291042,0.20245312433151486,0.18855429148234715,0.03760740737298158,0.085745518671601,0.12002483849222187,0.0342460632783431,0.1546079163368651,0.1252586527290329,0.12590114967619323,0.1310180541779068,-0.03831414182377595,-0.05223582374980316,0.011786517934191108,0.11290265945588758,0.021276640710120056,0.013875856903204444,0.038133932357658835,0.03166195075970691,0.0854857370129002,0.13996540315447642,0.050003337748058374,0.1042209021629318,0.1878394887455468,0.15011775867346172,0.13980117099247016,0.10695041783104382
7Networks_RH_SomMot_31,0.18951772757977906,0.18163208738224193,0.0866139534498128,-0.018290006251298792,0.2400347019313415,0.09274945708270822,0.24218940897578828,0.3462323942241884,0.4388963144355334,0.028349044656506586,0.2955499341205026,0.3268113637320561,0.24972601617298315,0.029896508721286928,0.20951906828544303,0.013670545756986556,0.2350448383549396,-0.007474293829890119,0.33425629885003144,0.12587792956806457,0.10193196797833314,0.020286250086415603,0.6605902475028255,0.23509754025703108,0.020077199399553308,0.35828869799844515,0.3281274498830105,0.2860430476010576,0.2342346859557704,0.25662570241935023,-0.05115840972549191,0.13618515850062007,0.21519469573987027,0.2339766254858575,0.2052665585266327,0.16722330013316153,-0.11471213462383131,-0.10003554894685047,0.2120484207802293,-0.09878532087165341,0.05513785562943535,0.2046978475275774,0.01147527788769349,0.37942749169223733,0.38165356136757095,0.5089195756704314,0.38157886312395617,0.44872625437617897,0.10456970329154913,0.22235969435995404,0.2293514623310161,0.3254686070747908,1.0,0.10980607031322275,0.5021972167974748,0.4014268659591035,0.21621534238019308,0.5676771720919565,0.11819593702592708,0.17930765227657527,0.44446834601920865,0.1498699276980602,0.1040723215567328,0.054187011570514886,0.0664401505206016,0.09026274049645852,0.05853570480683595,0.11869462274857799,0.13079143126464124,0.1254556443599722,0.08876058741075331,0.12786148946640533,0.06999326704940481,0.057844093917620465,0.08630540044591664,0.0363140807193804,0.04674891704492961,0.039493702274347495,0.05247638267530367,-0.006915784550976086,0.010338316743358533,0.005425237789419513,-0.02775583416057975,0.007469193296619236,0.013821311929120401,0.0002672500707106195,0.08464826944145407,0.05310005742151171,0.0482896046585379,0.022796344787226246,0.05714483757907165,-0.0016510257453869405,0.0468210191099802,0.05894195827772278,0.002078477691264976,0.039138200514530194,0.08274605793252168,0.10067827611259009,0.1393078931915542,0.09834551797654362,0.06273665002987742,0.09357994991076625,-0.010994269144462073,0.11784701008957275,0.0466914220800184,-0.01365592047312245,0.16143373832969668,0.12500379221842942,0.003794507162991127,0.004703711056424044
7Networks_RH_SomMot_32,0.01224286847427635,0.16388161228454173,-0.03342188850706545,0.11780595376455018,0.11032937219693448,0.16188038303772673,0.12093842767824577,0.16097541294178658,0.07746987032631009,0.2297383312985086,0.09139674972890327,0.18330476945849847,0.2120036844796909,0.1740303129825129,0.15973616287660974,0.4153166136968126,0.13085724336852944,0.14416656431778307,0.29491627076033466,0.2884535952768994,0.2597360435640498,0.30928184998797503,0.16300244981221992,0.10325132139204207,0.5999039564809587,0.322728771766243,0.037742646336086934,0.34846526525412164,0.39280411061982595,0.17531421125899152,0.11510079235509367,0.17922620576728385,0.0690355453589495,0.14608790163934401,-0.04893786243141184,0.14689174900719118,0.1670072734479325,0.19560469622652257,0.057504153167630946,0.15866241005561513,0.1867713563696768,0.2063614295246516,0.18139911726375207,0.18546334931643113,0.3431765277987031,0.06274571850123102,0.33079705472217136,0.28536763297564366,0.4592293281681079,0.359862806392608,0.39278023692113384,0.4204850278812171,0.10980607031322275,1.0,0.12642309040346889,0.4234508782945347,0.4514791340331279,0.13250890756799327,0.5788219315755316,0.48074536818695646,0.23786113546275567,0.6388228968490665,0.025927296179162576,0.03674236156281593,-0.003898884651281244,0.10421030560523163,0.06256004077251641,0.09808753109835744,0.03299264784780127,0.04664698344827419,0.024932884199413783,0.012237274618824292,0.009543151223040438,-0.05793982294307836,-0.019262246234319342,-0.0020274961653645486,-0.006638007811550826,0.013206453336736612,0.11688637148365445,0.12222237433921412,0.06401123632055973,0.12359093168718611,0.15183074802567778,0.09915120115564233,0.1499749868440142,0.09252530412078375,0.09911177532760887,0.13848732287126206,0.1086347821341014,0.11696260129594191,0.14367364834994265,0.1123315685696842,0.1481560665049296,0.10691794148758858,-0.04817358083254671,-0.11928519603559445,-0.037691953646225934,0.07899945138451457,0.019504805772438034,0.0821063617583402,0.06467313712337298,0.019972368848541686,0.054663003894497846,0.016879665780697228,-0.005947157667271753,0.09730178982214759,0.09644240421088077,0.09302064808267392,0.11699256110974804,0.057596481140630026
7Networks_RH_SomMot_33,0.334755420403316,0.365034699227944,0.24267285118413745,0.26544709756029644,0.4791620166603366,0.36168713480911224,0.3443995488674223,0.3986019617250429,0.4048005494953784,0.3365181111785719,0.375097296709409,0.25802894404185645,0.46962290742781615,0.0473152074765907,0.34247317775586233,0.08124980840334266,0.4712758742008679,0.2437138644318109,0.441321752790177,-0.001693469968380517,0.12176368185384016,0.0787927004776629,0.30547532985521936,0.41432129158156483,0.0718383454073705,0.49913918930947465,0.3623368206301871,0.42430201160628295,0.30943394647235023,0.4804001244302075,0.2686484357139246,0.25260648954304893,0.40133952557289176,0.4670250501352412,0.3303099000624411,0.33437351294165535,0.24336580740026068,0.27495324292088424,0.3744996890194309,0.2934345461793783,0.3712417262822066,0.278251907488881,0.37962667585296683,0.3809079127951002,0.3072031399560349,0.5856952423276853,0.39939470039487385,0.6276430862429547,0.3232477086247953,0.3299109957372481,0.27075193358243793,0.530182048149379,0.5021972167974748,0.12642309040346889,1.0,0.4613281965973463,0.3912727462821716,0.38038104763922576,0.24900394881542776,0.38975936254447924,0.6327195100130905,0.35047004679507976,0.0009401729461696237,0.007656020751222833,0.018031797314495387,-0.00042802031438289237,-0.004154257891774438,0.01515347379875018,-0.028171260386232973,-0.015668262701962688,-0.01631807484758704,0.046500797382545075,0.012353658368143934,0.02037524039996447,-0.005596017181308377,-0.05045855294100253,-0.031281806048579434,-0.023846373366664755,0.06411912970277768,0.09384668259880276,0.09851064853041108,0.0030262918697081757,0.06492013295670163,0.1129611983647527,0.08764215562066889,0.1507444010717927,0.05500673021347864,0.08569733023580053,0.1041867203695436,0.030787733313105442,0.08239131619587022,0.0682210767785629,0.09689465241833083,0.0886069911576436,0.008692005178599152,-0.03556796346765259,0.00758476483782764,0.061757118859597344,0.020277365502260433,0.0006715957567521567,0.0021477192326054993,-0.0018745297106528332,0.04688098499315956,0.08901045751194034,0.017977772309242634,0.016543474987102135,0.12195302499407858,0.10402391965973862,0.05362226471662122,0.0613867775626728
7Networks_RH_SomMot_34,0.20891433997461006,0.38197280880759155,0.16197360380738768,0.23646111662960975,0.3200345357344191,0.33742061083441366,0.246586158612314,0.3358701358089819,0.3068503660495512,0.2800731770210549,0.22640239537121137,0.3290206049657184,0.5200042785595912,0.1485902132714112,0.1973763068959903,0.15249513789355393,0.25632876318824305,0.01191719266719821,0.5514762546803085,0.287733792482614,0.4285088392840265,0.32384594714714227,0.2937743617624225,0.41510898672056823,0.3962084783525078,0.4682228745571878,0.10360867212603546,0.5027513233611456,0.39944615055864047,0.35543850979252606,0.22577854552399843,0.3585483301613285,0.36417827474939296,0.370990651636007,0.2679703851190438,0.34741941832577666,0.14964802199296018,0.2557564898642083,0.2864477888945343,0.23511041879230735,0.3287065620293087,0.28901123527390626,0.4090615047437963,0.35711394533391,0.6388583707400027,0.3532382055891414,0.6317332189420709,0.700298095687212,0.32164742295641974,0.5535856853706452,0.49985450439605433,0.48355830464352817,0.4014268659591035,0.4234508782945347,0.4613281965973463,1.0,0.6596567206239543,0.32319892309414977,0.4319565251422339,0.5515782244763203,0.5398719034275197,0.5216153354722801,0.0019031499084122252,0.034505781423583855,0.02363397270255157,0.1342418416383891,0.08926385617469598,0.1528519894328082,0.06923480227765472,0.08404026434192674,0.015559696171844746,-0.010082279212495224,-0.004918534559759838,-0.08103386809574419,-0.05960090195278433,-0.05603369763587777,-0.02793626123044994,-0.000628572860121898,0.14128517703352403,0.12680120458822147,0.13126418527720302,0.06256374011278062,0.09940818195567089,0.12547517583967324,0.1416175752325782,0.10469238583675969,0.10887331222737542,0.15292572500078871,0.1785145297379106,0.028027280569701808,0.15313887974425966,0.0998876407007813,0.13736754374817664,0.1471212328411054,0.06739619906440351,-0.02318638775652893,0.017854660958335527,0.11599168056063623,0.08340346949635921,0.08666309355737382,0.1156349853603025,0.08134621277100726,-0.005849579155978976,0.0973253701020696,0.01715022846354352,-0.004808304703398382,0.14693857838396351,0.11040368819316888,-0.02448194805188002,0.042625729577667644
7Networks_RH_SomMot_35,0.15138572919449028,0.2869382808464703,0.1848713302707315,0.18209152222733352,0.3094568279594222,0.2759454948890722,0.2516911611207481,0.21627466115795707,0.20172969945895286,0.3198870504561317,0.22930988998878837,0.2823795959641866,0.3045906216723877,0.17910365562090982,0.28747848817170607,0.18517091669972488,0.3170952763333747,0.10506667443199944,0.3058573133484921,0.3454862048798329,0.3508597609721397,0.3592606837829175,0.13790609719033467,0.13689712881178265,0.47006549634752853,0.44392234163880495,0.16239089061616896,0.45246628170630426,0.5406612515117921,0.21759505103991617,0.2773002264567263,0.36886990309776374,0.2273140076704046,0.2703473106394352,0.23684218440559318,0.25223776571487955,0.26774572866633006,0.3265030552486254,0.2547803441101393,0.30793290513186916,0.3321461507270141,0.27390717628680245,0.4084896350431262,0.3869245526384461,0.4782170869265333,0.33092631675192347,0.543252753888373,0.5006074134040971,0.46993847489087676,0.6725374666181763,0.26660805851843433,0.46578265610352876,0.21621534238019308,0.4514791340331279,0.3912727462821716,0.6596567206239543,1.0,0.2390794870962032,0.4982752985912427,0.3467082866708682,0.4781976723548615,0.5250374945045757,-0.023325187123842562,-0.014510117971009361,-0.04115029954343077,0.11651133963172303,0.07408705748694468,0.13070315919500344,0.029383528871926808,0.042944641884762304,0.027007488650987423,0.056748268120661985,0.06854690582222565,-0.06031134163509884,-0.018424062390353595,0.004853694704300268,0.033946180870631316,0.06337728112811428,0.13533530853485057,0.13594273923711278,0.14614740634834678,0.05379281244331617,0.0651363751249896,0.14379408749199823,0.15634114763971124,0.13733353968800202,0.06427630291319301,0.10381210445507169,0.14772000178309852,0.05795818227487924,0.14821209840248636,0.14082965480193532,0.14095152084206883,0.15931403772222563,0.09384512724601952,0.027133320628714402,0.046180701591065895,0.10360640290974386,0.052893961745019306,0.08955698261464774,0.12211286291290861,0.06835529228573808,0.043748533274970816,0.07463183420159804,0.031207375227266576,0.02106636585182029,0.13216545589008766,0.11033055651603137,0.027134711028784314,0.02864742858242065
7Networks_RH_SomMot_36,0.1419704917110186,0.29529971360813384,0.1672444395887721,0.17972575750429706,0.3779917800452649,0.23413108219376713,0.20096440754505246,0.2603070109620438,0.26394182814112316,0.0488961193661687,0.25484764202113735,0.15899942179608717,0.2739816332028105,0.06705332962443215,0.19888480744329406,0.020986466127694055,0.2620141680462113,0.08105762324351153,0.26687523468945973,0.1991134414247053,0.14653355414424676,0.09860268370701154,0.3907677096599832,0.2863409993134582,0.06629086613761721,0.4277823356584086,0.4258665764999487,0.31303733744650536,0.2568025723484335,0.36544131810013014,-0.004176612526078501,0.1511399880758489,0.2501781325883391,0.33986594132691017,0.2059184894048591,0.3385530567015945,0.12452639612402332,0.07913466656529193,0.3099224789521407,0.031321384790866366,0.09202297307652196,0.09506884437674001,0.17692192383214048,0.4846299235199917,0.27286175246107697,0.49996646407357564,0.40177487418823615,0.36294686006930443,0.02692026903543452,0.2057611905451364,0.06550601086223573,0.42011405510669153,0.5676771720919565,0.13250890756799327,0.38038104763922576,0.32319892309414977,0.2390794870962032,1.0,0.13575735638572506,0.37215182294111915,0.6027002178965876,0.19684915571478198,0.06989704809582493,-0.06141190166521342,-0.05353537350320454,-0.006646920444127842,-0.08217831581812968,-0.023574042407272223,-0.019801150543450895,-0.01784164244369951,-0.0452755199134053,-0.008358985948866757,-0.03278448303224576,0.03555627642475126,0.05473222097003848,-0.005155602168171785,-0.025009352394871315,-0.04336298085359905,0.04481758925003622,-0.05043979574507971,-0.03617993089456251,0.06979146969453974,0.010796011431081788,0.06069831026117357,0.04583087098828741,-0.02691772177483614,-0.03070905519669025,0.05192114220805193,0.04967017409990775,0.10749564561224996,0.1433551297908429,0.10659377845519596,0.05539517521373682,0.07482174755688926,-0.013117838476123361,0.039755922186253484,0.10396525334064638,0.026960604232868585,0.03427576923566861,0.054369092645080115,0.07789532926690847,0.0753712319324187,0.03340496959190062,0.08859534221119385,0.004403651434528304,0.01232052389727662,0.1273929394903235,0.10207300822780115,0.022129917863365618,0.04579461550211178
7Networks_RH_SomMot_37,0.008420413389401301,0.12975501702603387,0.08673062770192515,0.14888736608529554,0.13174657595230166,0.19310905562325514,0.049510431557513994,0.09014465425293526,0.11818251433286929,0.1836039669814149,0.10723628586374934,0.12945399233303004,0.29214586271071435,0.2333465593901384,0.15003800958260224,0.20881060570038393,0.0783500224108827,-0.012628511537558385,0.30396406165808576,0.2975751291162506,0.18759931428326776,0.3057530893930887,0.09160343943537265,0.19216366282056832,0.4787938479516122,0.34390921781290923,0.05299479411319073,0.3703006943429472,0.4709125725607759,0.3812116362111407,0.19922573300934243,0.23883862202276646,0.1568899203377486,0.2128204096641982,0.09648238602135048,0.1480790189994254,0.07313309815418827,0.1814093204795738,0.061993983989246826,0.1713554031150076,0.17756752341033752,0.2035242537702201,0.28363457182174834,0.17951398213639708,0.4085615074762137,0.10119057856137705,0.3457262194407888,0.45289435336635825,0.4806416950097779,0.5073721785190718,0.4771987361698752,0.32847558454294584,0.11819593702592708,0.5788219315755316,0.24900394881542776,0.4319565251422339,0.4982752985912427,0.13575735638572506,1.0,0.5308016166378678,0.398342626959087,0.6439651629023629,0.03273091804302851,0.05773959033427955,0.019372821427141727,0.17199565744565062,0.0884194995663047,0.11627051639062201,0.05038415980893436,0.0750340609775301,0.05168803035163483,0.06292498335092589,0.04982622413010449,0.01841346755984599,0.04101639964732346,0.04954250423723666,0.07006263056165317,0.08767973128583471,0.18732140866881314,0.1559963033808683,0.10380922505048062,0.11604976690217586,0.12474629174498161,0.10882582914574608,0.17064380572887983,0.0841793249724503,0.06148230072439264,0.07580906122563735,0.06877858026900044,0.14214496088886838,0.18507619551492016,0.12473258410206961,0.11053743242570317,0.054091257800054464,-0.08185749339941452,-0.09386262221654605,-0.029436956724981166,-0.07787708332829046,-0.009917387140104,0.040406299680307595,-0.03425456198894974,-0.02270422873893799,0.02755014300760331,0.07822952950238267,0.02115860950744927,0.0920114365034795,0.12693004394306373,0.11236872419341681,0.08137210629294582,0.05884554782885838
7Networks_RH_SomMot_38,0.1433917922737335,0.4172454600338581,0.16405985540074566,0.359603502345049,0.43209200782723683,0.4915010353788357,0.20734837167030612,0.22171868676028375,0.24599104907022543,0.249761740056138,0.12852169009094055,0.10437774262526868,0.5286708324656413,0.04059758103609544,0.07041754011470168,0.18319992773052696,0.19413845318911102,0.07769402974798868,0.4802722284258697,0.09854544362752844,0.1650153369380327,0.14418510663614653,0.09262869255935002,0.539009123134602,0.38503136001896615,0.5386744204280887,0.12482032323494219,0.45323814357890224,0.36455285272215215,0.6750443715450379,0.26526778411685226,0.2745172697762795,0.34463282261689404,0.47427775640947994,0.2025323749069733,0.38906435235390585,0.2520064828918973,0.31872973930216897,0.2765780880187193,0.28648455682408946,0.3023903606473567,0.18720853314376637,0.477993778541805,0.26767597974511914,0.316260142843107,0.26738792987441967,0.40575910939125037,0.5745537482134864,0.19712208888718374,0.26518649579181963,0.37524208151096483,0.4631869276049649,0.17930765227657527,0.48074536818695646,0.38975936254447924,0.5515782244763203,0.3467082866708682,0.37215182294111915,0.5308016166378678,1.0,0.6490241232312671,0.7040887488884454,0.0046109297445500125,0.0007310163015754458,-0.011196740297491126,0.11080129551121326,0.016705898023040202,0.04255295606915495,-0.006494251276857842,-0.000407862636212652,-0.1049592175785075,-0.13127454389420645,-0.12358627049016693,-0.08832004348886084,-0.11321223246496828,-0.12968734487620934,-0.13418789520087449,-0.10462002859261675,0.0035966308299151422,0.05218536981209128,0.002827860839616784,0.039680250676589764,0.09667105468286076,0.04524659572928725,0.07425907874873199,0.01779947848695447,0.03198617089299121,0.06986865000262464,0.0457232140676636,0.09235017130794121,0.1029383440405773,0.060734843801381354,0.0493925889534323,-0.0007340916077764483,-0.11237139294577156,-0.17115722676986206,-0.11816171582471534,-0.04928952294362164,-0.054291793575811924,-0.0013912110150459025,-0.055164649367508777,-0.033354608401680565,0.0050880525598077705,0.0090129877029025,-0.03308276618013552,-0.023622669783285487,0.046921857045932006,0.06347544466968118,0.024297071175468126,0.07004460543019661
7Networks_RH_SomMot_39,0.28198295488974334,0.4105689819388643,0.2680892012101092,0.29823444641216185,0.47517857952764847,0.38134378240071065,0.25527173805503856,0.31003723597733723,0.327962946687201,0.20886196813729377,0.3195389921421681,0.17947794748777654,0.44530186631096225,0.14385513216679505,0.26861002149210833,0.07378175639217764,0.382534494466836,0.1117718704520529,0.40366646377289306,0.2539409364002979,0.2250727768819366,0.20778701099134647,0.2385660428079484,0.5031568492081695,0.250743704860342,0.6080037469734698,0.38202844295165483,0.527028303130646,0.4518095505928901,0.6144569945600143,0.281358354225071,0.33533090554256,0.4440781959155796,0.525032135551737,0.40293794622527124,0.4095655707979963,0.2693469755212271,0.2587509944689115,0.40075004088749505,0.23498667401735482,0.29757560505989256,0.22176300023534115,0.4447004505892454,0.4179898117086236,0.35705119604021596,0.5586736132722686,0.4402664847792845,0.6325354948886732,0.23244467173699046,0.4428907769759534,0.24489960092343094,0.5477399842026609,0.44446834601920865,0.23786113546275567,0.6327195100130905,0.5398719034275197,0.4781976723548615,0.6027002178965876,0.398342626959087,0.6490241232312671,1.0,0.5128806714489333,0.026652980511424958,-0.0271834742698133,-0.03551631414316932,0.06814552093992345,-0.008593965131502351,0.044489964931226894,-0.012279766059230687,0.012522744145204665,-0.043386997181467074,0.012520896437783502,0.00672570755663538,0.01615025895651778,0.01796581715281383,-0.007600117772914538,-0.002410591452121076,0.01985454440794291,0.05045819231983955,0.06762604367598296,0.028214314199455807,0.057491304969935535,0.09285968042247358,0.10043506467967095,0.12293515743406071,0.05101240345369737,-0.009214666360016466,0.0874011674571163,0.062489684706115864,0.08551455635120318,0.14415457359809397,0.10029434157333618,0.07906239875673804,0.06177896933234275,-0.056063327282379845,-0.08176116606242799,-0.04436066006924114,-0.017721495249457403,-0.022205484519287087,-0.008406328926328657,-0.038489731894869254,-0.01623132925830431,0.013425436024052965,0.09299841673203306,0.0009849467961454198,-0.015680340834055784,0.1155816282120984,0.08884098989829967,-0.007474647093794392,0.025354757568346164
7Networks_RH_SomMot_40,0.09508810464721187,0.26821815682095235,0.039132517769426646,0.1969755559552829,0.2653312535646805,0.3370145157974142,0.16986500868552262,0.15568831924793397,0.20658674644817812,0.24945950337780937,0.14323386414432096,0.16665194230833555,0.395213820911,0.17965026258864641,0.22039921680463126,0.27814827053563806,0.2235947005732995,0.08284441277173916,0.4202893287993307,0.22367817471135093,0.2587536405353842,0.2936586443837343,0.15959051835930935,0.3198686323404806,0.5789019586436838,0.44156945807682413,0.10148183994403501,0.5480629816236121,0.477779028559952,0.5110439367774896,0.25668097890757957,0.3181264486102817,0.18519266134006587,0.3013604935808168,0.12579265130792183,0.2614748076479786,0.20502659901912162,0.2619073416895824,0.11287287857936343,0.27713762881267046,0.2860497632207674,0.23401358239917217,0.3935888468981248,0.24707508389844832,0.3156888158352301,0.21122156257596714,0.41449118388423706,0.48443907695622745,0.44522152344448646,0.4096108772684897,0.4700606513648708,0.4624006413354533,0.1498699276980602,0.6388228968490665,0.35047004679507976,0.5216153354722801,0.5250374945045757,0.19684915571478198,0.6439651629023629,0.7040887488884454,0.5128806714489333,1.0,0.05304189742973319,0.01815732712900182,-0.02528020261794857,0.10170135960340726,0.01729942562041313,0.03009938238915474,-0.003703821824766013,-0.006445852207242912,0.025567129439286553,0.01773145073419531,0.018001105272822646,-0.04138148453690306,-0.010370565511741684,0.01499833781092895,0.01611216208657443,0.059558607632120016,0.09662779571391567,0.1549771137203222,0.06446764059967913,0.1286689647613402,0.20857567942107508,0.16866816682501404,0.19039769543248108,0.10641050265692618,0.10449793646884163,0.16892674374950273,0.14331957731698344,0.10699692388587909,0.18868316089791123,0.16170173530061677,0.13810082940294335,0.09655222789806744,-0.025736902202396838,-0.08765253187512227,-0.02808306272585555,-0.01133036207526823,0.012336424157000698,0.10571770363196135,0.024953057617005513,0.009774018092899385,0.049315633483371604,-0.010695781876317312,-0.04622071562394928,-0.005304045322739119,0.044925319262380255,0.06398308551224356,0.03324610996644145,0.026804213902018377
C3 GM left dorsal horn,0.01617534119136782,0.027555607720886038,0.07832745062983232,0.060036220680968186,0.023063071431453617,-0.02716244424894476,0.09176253789790723,-0.023837396633021323,0.027340455838723278,-0.058326367641064,0.03122396900539907,0.051811093145379995,0.032354230348095765,0.029954316509884397,0.14365727504445075,0.10719827717811009,0.0076393722860496885,-0.07287369753790528,0.05241178218278191,0.006013485487533275,-0.02815716896055235,-0.03185375089720085,0.09194845099968099,-0.03957149982561228,0.013763514054481441,0.036748086721723416,-0.006255714473896738,0.05466670767379406,0.02223493610827246,0.022034683738396454,0.024881975979896023,0.05120300511848086,0.0656334375149781,0.07182341867591567,0.1013635292475339,0.10583027451064662,-0.043887344051248126,-0.019189941589365524,0.056223389899007034,-0.0002924578432947565,0.01374674251699747,0.049936706580813124,-0.018565465401538413,0.13195614660475455,0.02063160433367848,0.04084920826833355,0.040366064757657985,0.016128362007485336,-0.02048571006259536,-0.015337263612404405,0.059148210494009465,-0.009121179937027173,0.1040723215567328,0.025927296179162576,0.0009401729461696237,0.0019031499084122252,-0.023325187123842562,0.06989704809582493,0.03273091804302851,0.0046109297445500125,0.026652980511424958,0.05304189742973319,1.0,0.6103683495416564,0.5432970032059917,0.4245360421995162,0.3520652361901751,0.2786150351429821,0.565403512754597,0.4436811636001908,0.28208171920235375,0.2602062063900111,0.22301681722214095,0.2054694315300487,0.17409569961348084,0.1256203254601171,0.2141784803618719,0.1917850706530702,0.06371274828278846,-0.0595421304237994,-0.053294476927841776,-0.014372059520624298,-0.10621364304535377,-0.13665400779297693,-0.0402271289179095,-0.194299480885617,0.0008247615595231129,0.023193000099595264,0.025388736362247928,0.056243200796430436,0.06764041092975465,-0.014538869790311848,-0.01667518548273404,-0.012057985307014376,-0.0223068518315082,0.04205732633176446,0.09786031641603962,0.02264049140876421,0.09982435342736594,0.17596231662147332,0.061538038594343876,0.0831380999308286,0.06471818364140801,0.04174789423712238,0.08287287082281267,0.0038200786308121393,0.04363482566176329,0.08657080390509181,0.08452441669189094,0.07855801320703033
C3 GM left intermediate zone,-0.004520935728876552,-0.018079163206965884,0.04197148565990989,-0.012788253933962433,-0.11393860310655686,-0.09933774942892057,-0.04541909967541486,-0.08612502354929895,-0.03730829668331754,-0.0726823936528056,0.03625661423254249,-0.007301789720206173,-0.02008779164816818,0.02567809710767887,0.12865608572341805,0.06654069627650001,-0.02329306238673289,-0.0948369902542662,0.01985315094516422,-0.005862441008219204,-0.004658864760533322,-0.00904874691173373,0.023835689073169606,-0.04727362793529385,-0.004096179632252671,0.00731879036316483,-0.09447878690649997,0.04844405616669143,-0.030318819353860493,0.006639366487887099,0.05056103658820563,0.037961767920194095,0.07713375059273068,0.02362700487236755,0.07167144540802384,0.023247898132015426,-0.10593346647338388,-0.06726873422788134,-0.011453660234077175,-0.05896734247955926,-0.0313400790720142,0.09310584794798635,-0.1051464999474674,0.009614627841157629,0.07170974521037166,-0.03956241613674475,0.028773372537727406,0.01656080457273569,0.016881048812706922,-0.020997607133591466,0.07587357752801135,-0.05884264731441714,0.054187011570514886,0.03674236156281593,0.007656020751222833,0.034505781423583855,-0.014510117971009361,-0.06141190166521342,0.05773959033427955,0.0007310163015754458,-0.0271834742698133,0.01815732712900182,0.6103683495416564,1.0,0.8218906696426227,0.3729096185677079,0.6158473789167013,0.5169120721490885,0.6604074949178617,0.6767892805792186,0.23369386838237244,0.2735160226345219,0.19018704173841838,0.19219384819475,0.2117597633280957,0.1697293273778646,0.16841313541994835,0.17221910443269117,0.1155493074264234,-0.040652739504160304,-0.062165809677265274,0.0303178357668406,-0.06693323388647311,-0.10708276087308194,-0.040899629548938166,-0.16046279272311345,0.03814320515453596,0.007821664147915663,-0.00776781740235252,-0.005819032906623411,0.046362130901413924,-0.06714158155611792,-0.03315269718379725,-0.07596810004206317,0.047665930226639314,0.09088801100166591,0.10208149765736715,0.06021715619228718,0.13807103853044914,0.17469939022148362,0.09466193356824491,0.04665711295454509,-0.017794315541512794,0.04233012419146696,0.061106471596786685,-0.015905821536959637,0.01981938141680922,0.04876081434031773,0.016713659011680284,0.05627832446654307
C3 GM left ventral horn,0.015341342460253826,-0.014683311025841316,0.06788078036557597,-0.019901835366867935,-0.08956616462929999,-0.09912191911316622,-0.0478225040642913,-0.07675547332963485,-0.014932543909762949,-0.08423508563643523,0.027450044709735034,0.005959575902549046,-0.03874182903958307,0.021862619539686136,0.13375954133703824,0.057082817143094725,-0.014452523739097313,-0.061905153869473775,0.00489892982777459,0.0033808334427733416,-0.0013220380662669002,-0.011183897104432447,0.028103222090598668,-0.055689118926027695,-0.018180584432995046,0.003061956771671246,-0.08765253906021596,0.0350063974180364,-0.03998446587979326,-0.003625652790437146,0.08560089496843297,0.029139862893104006,0.10380831046743712,0.019957662825271644,0.06883408872846411,0.044150025509248285,-0.1043759178382618,-0.08517781232127107,0.005040098381638703,-0.09316162580357641,-0.05220996797630283,0.10159929531820863,-0.12422146883266613,0.015025306065725321,0.0794951759258993,-0.023655824471302607,0.030520756554035276,0.028174636229255094,-0.018655674351079204,-0.05133947554906517,0.05514228561056453,-0.08057499549245858,0.0664401505206016,-0.003898884651281244,0.018031797314495387,0.02363397270255157,-0.04115029954343077,-0.05353537350320454,0.019372821427141727,-0.011196740297491126,-0.03551631414316932,-0.02528020261794857,0.5432970032059917,0.8218906696426227,1.0,0.25965867244465124,0.48086510107665875,0.46562811693502143,0.6573324729736827,0.7250821726850216,0.19881059372349835,0.24085112833002262,0.15023758795354353,0.12969021120377558,0.16368610962682018,0.11169194508936885,0.1236864755395003,0.11407546853874587,0.10242932329701088,-0.07553827940795776,-0.07666151317527926,-0.010120381604772044,-0.1366715437259952,-0.181788804673837,-0.10121683376313839,-0.22999684324729383,0.029495444737157536,-0.007002804019020617,-0.034920770117143604,-0.07488359136565345,-0.02302282728986449,-0.13475854777226307,-0.07188987216695937,-0.14356405414435505,0.034333043729768746,0.07686873722974455,0.07747874068585588,0.03177525517714269,0.0929689586071436,0.15037284803179207,0.0734600706082234,-0.002255840344285559,-0.031167812840717745,0.03839563540311434,0.032206602900835976,-0.007431614609919002,0.017628063536302578,0.03475479036932436,0.003337856809233699,0.008145692633733407
C3 GM right dorsal horn,0.059150124396045486,0.08215571504864991,0.07023736877165063,0.042148615240783255,-0.06113068645248323,-0.009671535669542581,0.012254255212227822,0.01376844456860161,0.0487078122957365,-0.041373692207478406,0.009090467256759124,-0.0062540929548949254,0.07298294840500856,-0.021517872657128324,0.006133836547352414,0.04541361186308044,-0.0016557998364515238,-0.1368724351194865,0.06350778051997949,0.04877798696105573,0.009050977200914537,0.0014859233431502232,0.011814223823311782,0.03506123307862673,0.04197464258563781,0.09846285003134325,-0.06452824254488707,0.06955354755887447,0.08432721964216404,0.07380693702037372,0.02644022198303387,0.08682239190925078,0.0862238011216787,0.09629379327518311,0.054068893617676715,0.03540070975175045,-0.09316971613848454,-0.0230114308351879,0.008894307919768373,-0.008400514229153914,0.023101564560545695,-0.004519270930693612,0.01377853439880552,0.06101918486712254,0.1423475489675152,0.02622135888299224,0.08396818431318727,0.11046645303284515,0.01786657076393791,0.10987706934133139,0.06490020762634288,0.025411309234910882,0.09026274049645852,0.10421030560523163,-0.00042802031438289237,0.1342418416383891,0.11651133963172303,-0.006646920444127842,0.17199565744565062,0.11080129551121326,0.06814552093992345,0.10170135960340726,0.4245360421995162,0.3729096185677079,0.25965867244465124,1.0,0.6618980256184176,0.5534532300591858,0.5389202203650038,0.41079187691950997,0.2577372368250816,0.27310080225803246,0.22482935479671692,0.28506463093908696,0.2567351760577794,0.20746178942922064,0.2611851515628558,0.26080974849176464,0.17209673987361665,0.10501595775513246,0.08134392230281173,0.028457676808599057,0.041592343438149826,0.023455858653636547,0.11858164949011182,0.03254725598292724,0.14275428826884595,0.12459253203558573,0.1728208368363815,0.11679570266634641,0.12246455119172799,0.07184568694115745,0.1163822112652888,0.12032198101691703,-0.023609154340493068,0.012915070776768338,0.06727215349303915,0.13690361546809088,0.1189668815623016,0.16036779290702866,0.058170052628628836,0.12433085492053395,0.057114793513871574,0.12316203834747583,0.16035337501761704,-0.07463679374977837,0.09885328134912966,0.14642747301512607,0.11800495279358834,0.19043352472891176
C3 GM right intermediate zone,0.03617254038722774,0.013957205495072893,0.04075842667530841,-0.04847203966906945,-0.1226294409503873,-0.08010841300535278,-0.018834631626191065,-0.018491733858120817,-0.019347101825486816,-0.039205820771613296,0.0437115426323476,-0.008046560321936028,-0.018946084181188816,-0.008873011305718466,0.0653358784379081,0.03680463683375883,0.03314305159798503,-0.12747509101832863,0.010194727443863726,0.05395760938366593,0.017739127721778984,0.01863682108740407,-0.019770489581618027,-0.017652708847194002,0.06620387778898108,0.051969234523687825,-0.11986743853233266,0.0679465912744355,0.0278234270111601,-0.01354918006234371,0.02724613303137914,0.043037734246737916,0.073230586447395,0.05231156792164251,0.06713464905267923,-0.02220487446091737,-0.06185187184674964,-0.026051040833774866,0.026052205302892303,-0.02579477250078454,0.0009077896190741092,0.06934071527379904,-0.07037357091908228,0.005394535774792387,0.13956790913423142,0.03918393621090538,0.05769699066502026,0.05945658081864524,0.06248146507804242,0.09797102907881068,0.051257879379171,0.0325554596173018,0.05853570480683595,0.06256004077251641,-0.004154257891774438,0.08926385617469598,0.07408705748694468,-0.08217831581812968,0.0884194995663047,0.016705898023040202,-0.008593965131502351,0.01729942562041313,0.3520652361901751,0.6158473789167013,0.48086510107665875,0.6618980256184176,1.0,0.8109151784900595,0.6165418988636617,0.6419478503282676,0.20680827670081697,0.21021003525685772,0.1127639004749245,0.23760408085876245,0.1951471062551868,0.13888013479058683,0.14449110099454623,0.15209314895798243,0.049190000529750394,-0.05954754722765317,-0.054312069839007084,-0.042017679819797135,-0.057240040862884645,-0.050301700244630355,-0.021804038950164324,-0.06416346143708324,0.035911796131819475,-0.0560457599796724,-0.0159209171922055,0.019335842374341328,0.022717490693660625,-0.02277785648006025,-0.009947496652967366,-0.028469084836737726,-0.034302173638680836,0.0224709925934474,0.045839740893062635,0.12588909167828385,0.10373966071144711,0.11386746489666733,0.04687274115834794,0.08879506414358244,-0.08015264493433841,0.14465932895987085,0.15122917986402132,-0.01941937049737542,0.13867847844419084,0.15305041699985245,0.08007421368568945,0.16947173052298975
C3 GM right ventral horn,0.057633144696375455,0.014318317594347672,0.06882517447454653,-0.05955720257837919,-0.11291735690596431,-0.07530464525765539,-0.03884676067626438,0.01070694998911942,-0.0006860324693694483,-0.04834048205758967,0.06495631771527716,0.03291847092985594,-0.012851856753755853,0.01640889892204694,0.08321388605488643,0.09643191977281705,0.04292025406412302,-0.12379658890974497,0.015004219046342747,0.10740738144663611,0.04757465545556049,0.05734530717547483,0.030057839875024504,-0.059208699951270094,0.10575348408120973,0.07557915481206552,-0.13214567483147338,0.06936581614133844,0.04658702017203297,-0.024115403374245493,0.019510304255380296,0.05782311901093116,0.09099808943626654,0.04842760377364081,0.07639702745225793,0.0031993317929247117,-0.06903891487928794,-0.05068733898177167,0.025420993579289064,-0.06503466770652586,-0.025681853879896875,0.1259913996829385,-0.07761582769940563,0.05609461105083468,0.21909555864235247,0.05533488768288568,0.11637822212662685,0.08393321373919675,0.08129763513373775,0.16490643897589755,0.0844138297074833,0.05986032089965215,0.11869462274857799,0.09808753109835744,0.01515347379875018,0.1528519894328082,0.13070315919500344,-0.023574042407272223,0.11627051639062201,0.04255295606915495,0.044489964931226894,0.03009938238915474,0.2786150351429821,0.5169120721490885,0.46562811693502143,0.5534532300591858,0.8109151784900595,1.0,0.6131511362053034,0.6969320562737884,0.19354125642326628,0.21468917260936457,0.14176910972805012,0.18314078855079158,0.1919814349552479,0.16459639326064354,0.17200586723843514,0.1812352982882244,0.08339536101525152,-0.02745948357342302,-0.0013120952646002077,-0.026163124934646252,-0.049501193974115454,-0.0439663061872384,0.005630024291004096,-0.05013753727282459,0.09128365678506248,-0.005301609997075074,0.022695436955779216,0.013489061211763435,0.043787176446497246,-0.02143772340418425,0.04006785522712339,0.00481218537400007,0.010838802593262621,0.04183643524985009,0.03671134793124514,0.09686972514951539,0.05303237440370712,0.07536222375302241,0.06109238523765913,0.08599180054165166,-0.08839860583886779,0.1634057794401167,0.1525275336978146,0.011456585817693743,0.1622155269712871,0.152916759449497,0.05058012874777604,0.1255416204352691
C3 WM ascending,-0.017196923091374498,-0.011027250607056276,0.06307314920519387,-0.07457196726250385,-0.12931869047423858,-0.10549490488517503,-0.042622580462534775,-0.047761468333353166,0.01745652728488484,-0.09428369047243047,0.0006122608843710074,-6.254980560463555e-05,-0.04245434145986201,-0.028509656671713915,0.05636557562916442,0.031768250845355464,-0.06167134632919395,-0.14147641168432862,-0.028374428515007315,0.029116238521134197,-0.04910530083034366,-0.04162942795936178,0.0654374570343644,-0.07846494933568095,0.02606921428301366,0.012798813107234311,-0.11441591773987696,-0.007503857382397841,-0.014905672472059789,-0.025156183131434067,0.04845636435415193,0.04352619800993504,0.047974985131685896,-0.007306468844591695,0.07311624067618921,-0.02710509734165252,-0.179240509214195,-0.11261426530948017,-0.04621421881144566,-0.11422142567000046,-0.06321079700171976,0.045620253828107145,-0.10484795544069375,0.03047230570723412,0.14674008691629997,-0.02491075156939941,0.076835338626029,0.042480121365251707,-0.0018600848037952453,0.03430500318079294,0.07444799755637187,-0.06615692873544335,0.13079143126464124,0.03299264784780127,-0.028171260386232973,0.06923480227765472,0.029383528871926808,-0.019801150543450895,0.05038415980893436,-0.006494251276857842,-0.012279766059230687,-0.003703821824766013,0.565403512754597,0.6604074949178617,0.6573324729736827,0.5389202203650038,0.6165418988636617,0.6131511362053034,1.0,0.745234263503646,0.23795222664110355,0.3147424564577719,0.26734526646825807,0.18145541858477818,0.24628947893896339,0.2286824601694329,0.24703783358751463,0.2767055673615803,0.1456948733993274,-0.006723950381928977,0.0013459634965740197,0.059351544591591955,-0.044356422210971844,-0.08337748290923538,-0.02961961138004258,-0.149325033509524,0.01823795018548529,0.04080698288015363,0.004802954597042209,-0.01999471115153249,0.07118950789794509,-0.08918943856134265,-0.06220819923296392,-0.06230325006956822,0.01300551506363738,0.05826178346212638,0.038760065956266465,0.09403777848698544,0.16140506635762028,0.20818287227184243,0.09024390125283684,0.034628593233625236,-0.002394586094722148,0.07543535254537738,0.049552178097633445,-0.03915325976674428,0.033992253975998615,0.03298030756580317,0.02691793604358688,0.010759746221157019
C3 WM descending,-0.03060032790699621,-0.031065460003492373,0.061675615265459845,-0.09202790281303361,-0.13439250091771077,-0.131018378193594,-0.03451639828500404,-0.03268117897781013,-0.008138236121767232,-0.08134128424095834,0.0251666920364486,0.04309031986034664,-0.0619316970454165,0.005089633454974102,0.06512545665170154,0.07246081071692005,-0.00293394615493717,-0.11756356643472085,-0.03842103597576591,0.04622306217070352,-0.02221894023865351,-0.01639541395196086,0.07303241159599823,-0.0975466524582312,0.05999927956469714,0.03156639295120756,-0.09258986312497654,0.02609757025419848,-0.016342827650784375,-0.04319560345539056,0.0189292767588687,0.048491508354063205,0.02734275072685677,-0.035004412252654986,0.03910481288104022,-0.03904275059180688,-0.11812701969404443,-0.07558632012361319,-0.018945205657349563,-0.10899513805514026,-0.029254806370727113,0.1009897905459649,-0.12746617943761224,0.044291937013608326,0.17295887727080642,0.020572726565443913,0.0915635993643068,0.02696863631033324,0.03647333748485547,0.04090763411907555,0.0652303865220575,-0.054373421939248906,0.1254556443599722,0.04664698344827419,-0.015668262701962688,0.08404026434192674,0.042944641884762304,-0.01784164244369951,0.0750340609775301,-0.000407862636212652,0.012522744145204665,-0.006445852207242912,0.4436811636001908,0.6767892805792186,0.7250821726850216,0.41079187691950997,0.6419478503282676,0.6969320562737884,0.745234263503646,1.0,0.1763630024578371,0.2438520775250416,0.16580297886627945,0.11360966440646116,0.17892223361090054,0.15604774644352457,0.1472749482726534,0.17186202994716532,0.08312332273648447,-0.11865689093723898,-0.10449471439827067,-0.019570702067236583,-0.12712038662183134,-0.14608781020259748,-0.08641966016063035,-0.20974684045914516,0.03591353480990828,0.01253831099055412,-0.02542668297561736,-0.07269046741201396,0.00023107004333727536,-0.13219621050528568,-0.0937602587150824,-0.11094804220041182,0.03438746688033105,0.06556774466811632,0.03283205130968019,0.05914051242759075,0.08458806614218693,0.11807768759575535,0.05423032412577943,-0.00718477418416182,-0.02743621718515836,0.07718540480507584,0.04601798658363774,-0.005126416291462856,0.040796817149705185,0.026258392659448057,-0.01694047465166942,-0.021505630661936552
C4 GM left dorsal horn,0.04470269315451849,0.054334818960088065,0.06215726924932188,-0.002425602344804182,-0.07814636439577358,-0.06576359329759059,0.0024709373309784828,0.027216912755795606,0.04164922320220032,0.018780778685936365,0.12456504897960097,0.07390726538067174,0.0013769889164797317,0.05944345975871793,0.11869604283815305,0.05498610059488362,0.025838397642626992,-0.008323817117145275,0.038684413875349495,0.07564537670160364,0.06982456590039009,0.05801677596820812,0.0738201959637508,-0.08316763457017937,0.03614676967847864,0.020882189000192498,-0.0043016688940154925,0.07069686269155272,0.03644880332364737,-0.06314445366249959,0.09899111745875931,0.027800413577632077,0.08867969033532709,0.029749211307028223,0.025016186482460342,0.008730434241246112,-0.05399868089077162,-0.07994898280145467,-0.007153974953977356,-0.03876359807641576,-0.017711541857828767,0.07531266965193725,-0.10398136875562705,0.05237690259689336,-0.00044142534182401057,0.10749640865878926,0.01631430706787284,-0.016316457136008652,0.017013665067991093,0.1346939287093419,0.047327126706142905,0.0630122716568414,0.08876058741075331,0.024932884199413783,-0.01631807484758704,0.015559696171844746,0.027007488650987423,-0.0452755199134053,0.05168803035163483,-0.1049592175785075,-0.043386997181467074,0.025567129439286553,0.28208171920235375,0.23369386838237244,0.19881059372349835,0.2577372368250816,0.20680827670081697,0.19354125642326628,0.23795222664110355,0.1763630024578371,1.0,0.6816482707904518,0.549362680621827,0.44710295569625946,0.47903855479569657,0.4140491057874713,0.610319543802445,0.5036445866682144,0.2785814439261841,0.16255977205400418,0.20425831514119117,0.13593110993578786,0.06585323548311707,0.047290675009588175,0.21886611625651697,0.05115793156658161,0.16130693039824637,0.11120701201902021,0.12544272904285714,0.11699470768352672,0.15302163575886354,0.03057132102606254,0.17903105504334982,0.07786651089733425,0.14162586277690115,0.20461526138873595,0.22327166080431896,0.1926688457994988,0.22421502936813037,0.2137084814858192,0.25161889366512835,0.2512287077981406,0.10024027354335549,0.15400416786458576,0.1850048448860959,0.10104347219832199,0.1124364533819521,0.10286110261341133,0.15537662999555923,0.17740316985080104
C4 GM left intermediate zone,0.04991821317003392,-0.027959755702481926,0.038507960315452644,-0.06940475914104065,-0.1454722631754834,-0.11833770131352993,-0.02893344726457452,0.07663367736886775,0.09279617729768526,0.026068995168070954,0.1462552773182805,0.10713393481891262,0.0006732554418373488,0.11836276222089556,0.11648067579850402,0.07117244200221512,0.04037504408085684,0.028190560026532096,0.02596442547486687,0.11614774128650081,0.10125431456292495,0.09521422991584864,0.12004019337743518,-0.09985641019144598,0.013550560014176023,0.05884763822929314,0.1237049657272328,0.09681083598487909,0.0359692140650649,-0.039793672892047674,0.053602010953590476,0.006625771954256055,0.06836980126689747,-0.020695713843505704,0.03262480191505226,-0.04912114635807041,-0.10440075758449187,-0.07500423753072787,-0.055028383648996315,-0.04158518022974289,0.005299678455232541,0.105867853803916,-0.11019390530830965,0.06422612996617562,0.06942160205224784,0.12140086934027428,0.008735198004288694,-0.015192589638025594,0.08137648863276706,0.1383520966105486,0.04760533264970458,0.052983082328505,0.12786148946640533,0.012237274618824292,0.046500797382545075,-0.010082279212495224,0.056748268120661985,-0.008358985948866757,0.06292498335092589,-0.13127454389420645,0.012520896437783502,0.01773145073419531,0.2602062063900111,0.2735160226345219,0.24085112833002262,0.27310080225803246,0.21021003525685772,0.21468917260936457,0.3147424564577719,0.2438520775250416,0.6816482707904518,1.0,0.8154474422543034,0.46468162073586816,0.6840092220057592,0.6530505918912373,0.7496091763228142,0.7570394591836466,0.36396294608365515,0.26510129804523436,0.24563917061966908,0.26383004355684975,0.1640098594246256,0.13107757686711052,0.27625890907058975,0.13997919874630418,0.15724862002071255,0.19036948263041933,0.1772054387266542,0.20638670548562837,0.2592027235193131,0.11672191036775979,0.24182277809957706,0.17902232978801993,0.2009416692724676,0.2604019507231739,0.26188992371348707,0.2408151177101597,0.3241801201070109,0.2883360270008954,0.3302641591775836,0.2963214077448923,0.10742868961468506,0.06444749281109981,0.10319895737655857,0.03639914763839182,0.01892948932562295,0.029606146908601125,0.13335355798535753,0.06414391380025782
C4 GM left ventral horn,-0.011920937022626083,-0.07598874727577075,0.0068247746736986555,-0.10589454546883367,-0.17857438527193603,-0.14384737899161393,-0.08697609472052031,0.043348733555720824,0.04289979433866569,-0.016246377783857492,0.10856399561285643,0.08775575187570331,-0.026107014038131815,0.11846146269631018,0.10086477403108181,0.0655302648263232,-0.013448250471563396,0.04092666483174983,0.008505517647819271,0.10388777409985432,0.11413748483881683,0.10667640111767118,0.08533286265315211,-0.09888076124765752,-0.012752808031562193,0.03914863362346056,0.10166720780507418,0.08300784653719283,0.019194113426058413,-0.03552218929673989,0.0178550164135519,0.02202747636511895,0.04573487602280489,-0.07159767371358325,0.023031711729014633,-0.09107546519675108,-0.13477017323084708,-0.10771820717681858,-0.11106229330312126,-0.07273735248879806,-0.020463472357448668,0.10047342069896036,-0.11896176631691797,0.033324951837326394,0.07895384591014504,0.06869401140824313,-0.0010896068142741844,-0.026040438930711354,0.08549399139093898,0.16035798795880452,0.04383318852026692,0.00998213818273721,0.06999326704940481,0.009543151223040438,0.012353658368143934,-0.004918534559759838,0.06854690582222565,-0.03278448303224576,0.04982622413010449,-0.12358627049016693,0.00672570755663538,0.018001105272822646,0.22301681722214095,0.19018704173841838,0.15023758795354353,0.22482935479671692,0.1127639004749245,0.14176910972805012,0.26734526646825807,0.16580297886627945,0.549362680621827,0.8154474422543034,1.0,0.3460543813453254,0.5635570179443534,0.6226378270578341,0.7545257730361199,0.8041677443223247,0.33392343762155025,0.285549929737042,0.2457133771397203,0.3080090349612783,0.23782015263756306,0.18307780642228552,0.2726688076447875,0.15494395738060326,0.1844392367983001,0.22950782659976718,0.21476218490704757,0.19389412787942362,0.2469394142278136,0.11779386180630846,0.25867870025305667,0.19370710712399536,0.21566052138959363,0.25179276117207416,0.2526334534817368,0.2106187867472081,0.3170953410519397,0.2753439570463223,0.3171375074442389,0.2567204621939149,0.11833727325576766,0.022910293396504817,0.0672906537288403,0.016125519070112754,-0.019020471790942677,0.004870334189745099,0.09616777467503927,0.03123418294453076
C4 GM right dorsal horn,0.016384184036902904,-0.041214595110799675,0.019198280752145948,-0.04629328145044306,-0.07549502503361655,-0.052411199446390076,-0.031106620255566406,0.03342487467313358,-0.002991982001949991,0.029327880414405025,0.11811057584569744,-0.0015382881033897697,0.0006555009612274497,0.031536379893060476,0.0815644474047641,0.0046702063735681405,0.04536048628829092,0.0018682098159535643,-0.009678935605394448,0.041722290244849636,-0.039649178144318974,-0.012997525266904189,0.020670752286828537,-0.06142954558273006,-0.05751949429800647,0.033973544153072056,0.10340867110289932,0.0016940412268447332,-0.019183957366396956,-0.03730040190825142,-0.0012346586506659098,-0.01634310209427649,0.01061865594228256,-0.011804767246693467,0.004236086103103614,-0.024475284908512522,-0.025073845537881927,-0.039931252361259544,-0.024096183490039908,0.033848878072086974,0.026509338469126238,0.018157045671133413,-0.02544946330148283,0.04320555072537876,-0.022340780715988395,0.10114410622497441,-0.03363453869195617,0.013802287992578812,0.00043939722324750594,0.019730620548117403,-0.024585111168215604,0.015573302089356715,0.057844093917620465,-0.05793982294307836,0.02037524039996447,-0.08103386809574419,-0.06031134163509884,0.03555627642475126,0.01841346755984599,-0.08832004348886084,0.01615025895651778,-0.04138148453690306,0.2054694315300487,0.19219384819475,0.12969021120377558,0.28506463093908696,0.23760408085876245,0.18314078855079158,0.18145541858477818,0.11360966440646116,0.44710295569625946,0.46468162073586816,0.3460543813453254,1.0,0.715024349708664,0.5343168505654642,0.5636307922212271,0.44815952188534347,0.24344832484073234,0.14772486696900872,0.134128108778645,0.2285576688417581,0.10028115940319746,0.09632647989339331,0.20601160691974302,0.11389514923800392,0.06247731157816374,0.033755929909881265,0.047713748011278735,0.06335652158175699,0.10731496918397265,0.05322751076945317,0.06481616424066854,0.08427780536539636,0.10242739190992926,0.1563213135589024,0.20974426724778203,0.014134873488215096,0.11776688201276467,0.1366495218576094,0.1396108305603496,0.18233416895245488,0.04507774911010512,0.1193081724231252,0.13144086890280554,0.10764237564535928,0.15474850621332123,0.20135390398768893,0.20922733319021972,0.22207512384281045
C4 GM right intermediate zone,0.006226910450267854,-0.07992600535936469,-0.02866269965423937,-0.09224866045495402,-0.17078150801260797,-0.1379074817392516,-0.08470247794768355,0.025018524644816843,-0.0007247106734250252,-0.04310605603325854,0.10223196658636803,0.028921530888210433,-0.05376822910829749,0.03645908129194384,0.013308200461176386,0.00561856734981009,-0.02946031169582603,-0.0288897919620251,-0.05446849783873011,0.08776252516786244,0.012453348837713997,0.01053952593978755,0.06760592452322668,-0.10353693031607296,-0.04604482252017084,0.01185707379028396,0.13390491394529772,0.0010608817999120342,-0.03760460299255637,-0.06536269158075797,-0.05731666157789523,-0.02078659064477303,-0.03709362236200241,-0.0919497142136944,-0.06386229921247237,-0.09337533274263404,-0.13186499118398357,-0.11594040925132584,-0.10844839101337699,-0.06779698815044323,-0.043589473851032345,0.010384467904921127,-0.12936080856594673,0.03854038010354913,0.02215120151907738,0.07130206300749602,-0.037953197132192036,-0.014075124652898159,0.01569239561634404,0.07403882196732797,-0.0018516283543726947,0.008149013959500925,0.08630540044591664,-0.019262246234319342,-0.005596017181308377,-0.05960090195278433,-0.018424062390353595,0.05473222097003848,0.04101639964732346,-0.11321223246496828,0.01796581715281383,-0.010370565511741684,0.17409569961348084,0.2117597633280957,0.16368610962682018,0.2567351760577794,0.1951471062551868,0.1919814349552479,0.24628947893896339,0.17892223361090054,0.47903855479569657,0.6840092220057592,0.5635570179443534,0.715024349708664,1.0,0.8200644854437709,0.6736747875725047,0.6792668124788084,0.32641349275885045,0.2365982057546971,0.20268542592397715,0.3193275180302044,0.19623940478754592,0.12456228717707675,0.25484971889645686,0.13814816220004356,0.12475847372502567,0.1607833552736321,0.15976474895473544,0.14074755306929337,0.21357691901448964,0.12393275762977492,0.17732479765051856,0.17036501442308966,0.13956972621931577,0.20167541939233005,0.2393536803014134,0.13817587958156857,0.2326568593521855,0.23562821033734954,0.2649514556792463,0.23895075732440807,0.043870347054054876,0.04090058572422192,0.058978164147141215,0.046016062011688556,0.035801770266155525,0.06170084108802479,0.13752166410070188,0.07335358791129289
C4 GM right ventral horn,-0.02233828194368266,-0.11014398374549614,-0.05123572002020693,-0.11036324604611032,-0.21491701175515313,-0.18059411178559043,-0.13199835415556216,-0.0319102049533632,-0.031981303598950975,-0.08623487757482663,0.08617462006625531,0.018198275572812866,-0.10041306085846156,0.053770044583062594,0.000522386734566968,0.007315646339681176,-0.080275614471187,-0.05044562663509345,-0.08422523960024156,0.0843811220850571,0.04042234556908557,0.03483491457778682,0.01972631708728312,-0.14740201487766308,-0.03233046179274872,-0.04479036250243454,0.08128522975156774,-0.0056498644264519424,-0.046774716313796524,-0.09384428321602628,-0.08314116749883058,0.030698869066676772,-0.045890505691937956,-0.11457359569120873,-0.03218419924680244,-0.11607088430975086,-0.1663442677630379,-0.15487822264607853,-0.15594646206909898,-0.0929918517185242,-0.08303640759131281,-0.007240988997380237,-0.1476717127229682,0.03103879623026533,0.04763568221479997,0.021250946652052332,-0.03482504269111714,-0.02504351367501002,0.039295642327653466,0.11199352455719236,0.004974829106136498,-0.019448727428898173,0.0363140807193804,-0.0020274961653645486,-0.05045855294100253,-0.05603369763587777,0.004853694704300268,-0.005155602168171785,0.04954250423723666,-0.12968734487620934,-0.007600117772914538,0.01499833781092895,0.1256203254601171,0.1697293273778646,0.11169194508936885,0.20746178942922064,0.13888013479058683,0.16459639326064354,0.2286824601694329,0.15604774644352457,0.4140491057874713,0.6530505918912373,0.6226378270578341,0.5343168505654642,0.8200644854437709,1.0,0.699415194855247,0.7728525481629307,0.2993548143436378,0.26067090354966044,0.20692851019805644,0.34029211907335144,0.23494839155485772,0.16064717728069364,0.2512875996269071,0.14597986844843888,0.12702973997865696,0.20109045134127712,0.2041632284615681,0.15438579854116496,0.23018534019446024,0.15211470372909763,0.21692429480731074,0.195741651625282,0.1657353976894523,0.2113594237262781,0.22729912257587792,0.15250502663565388,0.27329763775726573,0.24498317292869543,0.2808887535359135,0.22002445059508824,0.06636645423650804,0.014946753418452235,0.03387288440887093,0.0069924938528609735,-0.0063139949498761784,0.00837368196111164,0.07517947399830875,0.012839978094905922
C4 WM ascending,-0.0027570271048423826,-0.060646127801184835,-0.0015614937534069691,-0.0710447580288959,-0.17720614349440114,-0.13510196220370205,-0.08315134416781078,0.069055866838207,0.03272757834836028,0.0005634346350247414,0.11235734473180822,0.06012092156984453,-0.041970021584558474,0.12641404394504777,0.09632529778663537,0.033783760622937614,-0.02819845007335448,-0.003512107053959029,-0.012676149415632944,0.12062504143562765,0.07711207858037049,0.08437854305230194,0.05633597592325561,-0.13394952149508033,-0.03148877874196205,-0.010734956140610825,0.08939416005388502,0.047567759342275424,0.031476509968205404,-0.060348601214777794,0.036052558057238955,0.023065185842073902,0.032492039999322105,-0.04504725654987468,0.03661737733200316,-0.0953492425396163,-0.1199439859068792,-0.10720080144313966,-0.09587155548831368,-0.04549926842124086,-0.006014368678468106,0.05356103981219523,-0.07389590663644077,0.05122957391080628,0.0675439116386278,0.057116502405452026,-0.0012104028577451613,-0.015145943034023404,0.07082587414857315,0.14124209884195774,0.030976148888686605,-0.0029266070211109545,0.04674891704492961,-0.006638007811550826,-0.031281806048579434,-0.02793626123044994,0.033946180870631316,-0.025009352394871315,0.07006263056165317,-0.13418789520087449,-0.002410591452121076,0.01611216208657443,0.2141784803618719,0.16841313541994835,0.1236864755395003,0.2611851515628558,0.14449110099454623,0.17200586723843514,0.24703783358751463,0.1472749482726534,0.610319543802445,0.7496091763228142,0.7545257730361199,0.5636307922212271,0.6736747875725047,0.699415194855247,1.0,0.8264718658324756,0.35698516318811985,0.2769460829471639,0.24794512416509723,0.322155804546038,0.22395927213557598,0.20570601240272585,0.2996691712433084,0.15347571972980212,0.14631108941885784,0.13359168979090208,0.14094256483094075,0.13891824756897272,0.1848893052567791,0.05403865732423762,0.18725741395202625,0.10939576263322474,0.21263832505378194,0.2688846444578136,0.2757422757738983,0.1462188616961882,0.2962408862904305,0.23381277718563556,0.26816557197901425,0.2606822739134205,0.07163717711049275,0.05779324517340481,0.08650572031313793,0.056198942832576766,0.0691524896340022,0.09509153831240882,0.11991355159728521,0.08317684064636616
C4 WM descending,-0.025385734407096135,-0.09745762461322241,-0.023270286315814123,-0.08172815415377184,-0.19212189291521292,-0.13756867891723332,-0.08615919105921489,0.05558420768578149,0.049666646359641776,-0.010736173250431143,0.09294083046617323,0.06894848455657704,-0.0462598551884904,0.10530201902238522,0.04997040069657355,0.03168212257988759,-0.043892439292305095,-0.018325721383898236,-0.03085795095089863,0.10251705227005196,0.07635648972529349,0.07142643359585404,0.04538277254030196,-0.1280530832093459,0.011598818274623873,-0.014335346902765415,0.0746561886630331,0.05746692093662361,0.004116734530165504,-0.04430908274730638,0.003103823071674469,0.05514047283802487,0.017299113854946972,-0.07779423479199313,0.009702379598732522,-0.106933594404903,-0.12738521919204632,-0.09574520921606122,-0.10838754842917778,-0.03453882888938836,0.008403740242952831,0.055165763523983925,-0.06731579401371225,0.043494486612753076,0.10181757161750535,0.028653714386941233,0.011875355702853113,-0.005425558893745143,0.07305723029055343,0.16310869731836913,0.03725552533959434,0.0011541860072981729,0.039493702274347495,0.013206453336736612,-0.023846373366664755,-0.000628572860121898,0.06337728112811428,-0.04336298085359905,0.08767973128583471,-0.10462002859261675,0.01985454440794291,0.059558607632120016,0.1917850706530702,0.17221910443269117,0.11407546853874587,0.26080974849176464,0.15209314895798243,0.1812352982882244,0.2767055673615803,0.17186202994716532,0.5036445866682144,0.7570394591836466,0.8041677443223247,0.44815952188534347,0.6792668124788084,0.7728525481629307,0.8264718658324756,1.0,0.3441433496584612,0.2923115666578368,0.24785732913694117,0.3212194491946867,0.24824658331339688,0.19885221951140056,0.2815085092478545,0.15845208495244223,0.14239082062085767,0.1993838079336507,0.20073399017874802,0.1668442968261376,0.23737064215981224,0.12065786940497622,0.23394148561872022,0.16898094683003928,0.20270555132701987,0.24702896842074407,0.25492382554243703,0.17880939847484534,0.32729395576582565,0.26831654760620394,0.3024593200703509,0.2496369258649592,0.12356393802918182,0.05321325464606488,0.07624331371598662,-0.010023784070823777,0.008320430508775574,0.02929775406489955,0.10851354282354862,0.04501529381455601
C5 GM left dorsal horn,0.11956870161566485,-0.0071329430041360475,0.023345169554371232,0.038893432008860605,-0.03900041567876105,-0.049128430553146425,0.03462925814270969,0.09687137796662341,0.08349259520135142,0.09932251590812756,0.162264918921538,0.030525007675504725,0.09340139569191601,0.1856117529909834,0.1526251279208816,0.14590049941912955,0.10461912072074736,-0.01972060022224329,0.11227257381790859,0.12365164618383616,0.14665916402078055,0.1584764440012922,0.04776428972462452,-0.0005917860326178727,0.052509893534953694,0.06833176886540175,0.017187244732661696,0.13573576918043667,0.06561323428066686,0.049739080358467545,0.07669721321267553,0.006659233417509681,0.05525084965570956,0.005603301798580187,0.015263948396543391,0.003699212413174487,-0.02448344800282447,0.025676548637339112,-0.0031875170365016164,0.058068070024627876,0.09656442651433766,0.1020660115071265,0.050582773838732026,0.03859190673217975,0.16552942469852286,0.03771368116440365,0.12782147410351244,0.11107394906784117,0.1902362588106907,0.17434397308913518,0.18604754330246645,0.1430878606420921,0.05247638267530367,0.11688637148365445,0.06411912970277768,0.14128517703352403,0.13533530853485057,0.04481758925003622,0.18732140866881314,0.0035966308299151422,0.05045819231983955,0.09662779571391567,0.06371274828278846,0.1155493074264234,0.10242932329701088,0.17209673987361665,0.049190000529750394,0.08339536101525152,0.1456948733993274,0.08312332273648447,0.2785814439261841,0.36396294608365515,0.33392343762155025,0.24344832484073234,0.32641349275885045,0.2993548143436378,0.35698516318811985,0.3441433496584612,1.0,0.6472042841272448,0.6074140243114875,0.3560714681250783,0.33342232644206576,0.26426345786270133,0.6260805514723776,0.42002406622744254,0.08079052102540746,0.23398018411315086,0.20267911388554552,0.1639565847234358,0.2795010685258628,0.2268856825356347,0.2702745085807837,0.2371287803347941,0.14118260755783255,0.1940872899226695,0.1678883886250224,0.11484646044988096,0.18212465560052743,0.20199751211332484,0.1953210554237583,0.13387664783701494,0.1340649981703954,0.13170723770867607,0.09094657748330827,0.06293557882136304,0.10087753006037331,0.09064141279504899,0.1174139323175539,0.10732862869656282
C5 GM left intermediate zone,0.13409402865909203,0.026976161168497857,0.012306663615498772,-0.01571789152468267,-0.025376564624631177,-0.00043154342832478926,0.02086855608552426,0.07036193754602925,0.06971641963123366,0.10903035842014337,0.13624388674532914,-0.002342897388047943,0.12847312956533355,0.20602484002664387,0.1279263364486754,0.08775380040401035,0.10667671869280658,0.050895523105753564,0.16183458774068996,0.15703258653146404,0.19219079845000145,0.21652244477914762,0.004022494639425863,0.08812740468000443,0.05392339303196622,0.07890244984703608,0.015033964504317026,0.15389444563734064,0.09957060008412574,0.06703414613655505,0.04520322692683171,0.005062017276519599,0.0680220799237513,0.034194076977707974,-0.004353356691705056,0.03152830834994979,-0.012515355459100676,0.032542872643571065,0.0037569769950606016,0.04337479629010104,0.08067025145738324,0.053781421920239665,0.07801790606085933,0.0012894635442003445,0.11768243451355863,0.019444141171767813,0.10255167814566335,0.13308057308393706,0.19792802120190725,0.15697138051522874,0.1583453708664452,0.10917336098660663,-0.006915784550976086,0.12222237433921412,0.09384668259880276,0.12680120458822147,0.13594273923711278,-0.05043979574507971,0.1559963033808683,0.05218536981209128,0.06762604367598296,0.1549771137203222,-0.0595421304237994,-0.040652739504160304,-0.07553827940795776,0.10501595775513246,-0.05954754722765317,-0.02745948357342302,-0.006723950381928977,-0.11865689093723898,0.16255977205400418,0.26510129804523436,0.285549929737042,0.14772486696900872,0.2365982057546971,0.26067090354966044,0.2769460829471639,0.2923115666578368,0.6472042841272448,1.0,0.7371304205088858,0.3712986926786847,0.525847977006427,0.29062963135526443,0.6094054744773673,0.5979926892217744,0.1257318657220371,0.3265837926662894,0.30997931256060723,0.20488527975375834,0.2325487643454225,0.21625456739686988,0.3166115606529075,0.2606169766667964,0.07122218520503526,0.08225604879399724,0.09516343431095829,0.04291909767637635,0.10009616094368605,0.0971728222319043,0.13239794807814495,0.0975768138704926,0.1455833920639797,0.08120886739752413,0.10253766045536553,0.04355448065977854,0.006617127017081159,-0.02404113182618705,0.09955189119879601,0.10289788609190836
C5 GM left ventral horn,0.1648505999654801,0.07939719539918154,0.05718721259617228,-0.0008842455463981655,0.04241195290655015,0.005898701543261782,0.10298066748856448,0.1316180627929966,0.09959476886503991,0.1828726390516107,0.1875448845023762,0.060842918327710445,0.12967895348417446,0.10970988612456703,0.12767349578196052,0.06379736669558592,0.14219036592338172,0.06890488895809538,0.1614372302455976,0.07176474408876102,0.14796058617764282,0.1432178580614484,0.03211098024706896,0.054711053403441616,0.02732371504111713,0.08513034661771163,0.0342639632623561,0.11451015534352854,0.07781540116000013,0.07285229486423778,0.06395489543227786,-0.023496864124487454,0.08106146083558657,0.054253751577778696,0.0072283307301773845,0.03365153524364572,-0.004312247440646287,0.06817702668252057,0.04800346721172276,0.08859164279381165,0.13595859790390608,0.1012727926838768,0.0898328218726341,0.07479335878125422,0.12636362961391398,0.09907853089419022,0.10068704464090887,0.13488848299430814,0.16866737695203354,0.17488295905452297,0.15049594066413272,0.1618875298718589,0.010338316743358533,0.06401123632055973,0.09851064853041108,0.13126418527720302,0.14614740634834678,-0.03617993089456251,0.10380922505048062,0.002827860839616784,0.028214314199455807,0.06446764059967913,-0.053294476927841776,-0.062165809677265274,-0.07666151317527926,0.08134392230281173,-0.054312069839007084,-0.0013120952646002077,0.0013459634965740197,-0.10449471439827067,0.20425831514119117,0.24563917061966908,0.2457133771397203,0.134128108778645,0.20268542592397715,0.20692851019805644,0.24794512416509723,0.24785732913694117,0.6074140243114875,0.7371304205088858,1.0,0.24448772566286994,0.3539749078700657,0.3222419222017692,0.6348701346698395,0.662322208879005,0.08548556653374585,0.2298738573901316,0.28007718051640124,0.1874598228728609,0.22720542286320133,0.21670542516932206,0.3127949878177132,0.2710948869186945,0.1026792571962527,0.14131663889928833,0.10162629647111202,0.1205921484611877,0.1033890155168265,0.07088205664832499,0.12175474671688678,0.0996145635948057,0.11634561492723158,0.13344030344783223,0.12649765733900872,0.08236141677199092,0.09591709863445025,0.06119516934495781,0.13391870172267542,0.17255399241232372
C5 GM right dorsal horn,-0.08395813753830736,-0.013679072622528028,0.0005033319364731709,0.0022048462600503783,-0.06363199948032457,-0.07834872477239056,-0.08143982312051647,0.01820601077826047,0.039319202817904374,0.040265904282723676,0.07822911579773702,0.06779187067547526,0.015044524502017457,0.09273034789314093,0.06428025382624183,0.11289680896635619,0.09556731693525491,0.06220984519086634,0.051706659888571885,0.10686192604047398,0.10704891860830507,0.14834558092164626,0.08335146548915305,-0.04164652125313779,0.07875774137518389,0.011830900546589087,0.040222669086707956,0.06772819081979059,0.09220831687521831,0.02191020271616367,-0.02015272374055677,-0.013551687910530234,0.007584847206495795,-0.027097035665902186,-0.01987892415772924,-0.009870041655959628,-0.056816342454982106,-0.017438437260760067,-0.10008029489816894,-0.05546754176579093,-0.050525863194891565,0.03929442139142608,-0.049769431573059374,0.04060907713757557,0.06853902461277699,-0.011956571410307005,0.06802720715366702,0.030733727153314284,0.11250899224498286,0.05819809708559809,0.0614832479285154,0.06249625954530772,0.005425237789419513,0.12359093168718611,0.0030262918697081757,0.06256374011278062,0.05379281244331617,0.06979146969453974,0.11604976690217586,0.039680250676589764,0.057491304969935535,0.1286689647613402,-0.014372059520624298,0.0303178357668406,-0.010120381604772044,0.028457676808599057,-0.042017679819797135,-0.026163124934646252,0.059351544591591955,-0.019570702067236583,0.13593110993578786,0.26383004355684975,0.3080090349612783,0.2285576688417581,0.3193275180302044,0.34029211907335144,0.322155804546038,0.3212194491946867,0.3560714681250783,0.3712986926786847,0.24448772566286994,1.0,0.6658584417733753,0.5541034533708742,0.48596772863478943,0.32596569552337434,0.10406338539835669,0.23861867252447977,0.20176410075287288,0.2108306059611829,0.2480333112899205,0.20647464991294404,0.17990562426771373,0.16835767367248874,0.16356504614108308,0.18296498886593274,0.16811494321182194,0.058373529376129704,0.1632801260435528,0.23289878324494578,0.2388978169416682,0.1767560229757334,0.10865533307043534,0.049451032599483885,0.06917605495667681,0.032554125292589796,-0.0034526248731552253,-0.009631977718996883,0.10048652010402964,0.07675006335072106
C5 GM right intermediate zone,0.01805754833585194,0.026609198636295375,-0.009589074758139192,-0.019534640157344955,-0.033597195094252866,-0.04402832491159315,-0.03005598939116502,0.054757838005987554,0.04831667044178508,0.09950145122936467,0.11362512873765937,0.08137413252534138,0.057673399299763416,0.13020153584324082,0.10582773508817196,0.07984534681615406,0.11308771219456248,0.12903859531012352,0.1199670641612336,0.09846289033096342,0.167854743672167,0.17019719802865493,0.05490039574450047,0.07066234695386157,0.07034538685788139,0.05454175708081209,0.010305570149725529,0.11978694280822298,0.06801630498155245,0.04895517073581256,0.04542884040510375,0.0370700225422081,0.028271852132010212,-0.008688650442292327,-0.009464747437679931,-0.005776012422043614,0.010413192969294008,0.02755847607303097,-0.07770523866467832,0.0002030714913389882,0.0187018102299861,0.04116841835920412,0.012927587863745342,0.02328600845479863,0.06395614162740614,0.03612629863403216,0.0715538778193802,0.06761047856813404,0.1707185932445491,0.105578197981174,0.11873689059193153,0.10889050247056943,-0.02775583416057975,0.15183074802567778,0.06492013295670163,0.09940818195567089,0.0651363751249896,0.010796011431081788,0.12474629174498161,0.09667105468286076,0.09285968042247358,0.20857567942107508,-0.10621364304535377,-0.06693323388647311,-0.1366715437259952,0.041592343438149826,-0.057240040862884645,-0.049501193974115454,-0.044356422210971844,-0.12712038662183134,0.06585323548311707,0.1640098594246256,0.23782015263756306,0.10028115940319746,0.19623940478754592,0.23494839155485772,0.22395927213557598,0.24824658331339688,0.33342232644206576,0.525847977006427,0.3539749078700657,0.6658584417733753,1.0,0.6782359370877851,0.558507023982461,0.5460552554873723,0.18249804473346756,0.3057515742284437,0.29310060856173004,0.1894418589153323,0.22967465195728118,0.23666417977069393,0.2893505936280172,0.23156225939028882,0.1647908742107231,0.08112780852504749,0.08723578770357684,0.09444826597618415,0.08998539862592006,0.16433944958263288,0.19352593806986793,0.11668452999721352,0.14332665530140015,-0.04094763825117354,-0.003153305252119614,-0.004205928610643075,-0.07259946040971363,-0.06121811611327648,0.051827591186349775,0.01817851262270204
C5 GM right ventral horn,0.020317216409263164,0.05193129623229348,0.05328602838559587,-0.010421759670061523,0.015202179388137994,-0.017365038432154294,-0.012387988934549149,0.06411330632882599,0.062099946680095004,0.12718632154704093,0.13543278835808917,0.0681002317049783,0.06846015023562027,0.053672777454722126,0.09781885995086072,0.019996059678144284,0.13687727801225924,0.09717697269135092,0.09774039925017873,0.05736002767625638,0.13455887383984436,0.14256087255666516,0.055631960275488467,-0.012595469581412406,0.06001446525807032,0.036265455496678874,0.0024025952815008127,0.10287954437865025,0.05694560016947738,0.03518273191987742,0.02969482407627862,0.05351927841778219,0.022706355920093846,0.0067734857111773905,0.011652880860401959,-0.014477457035951054,0.003064294307063659,0.03278199563582185,-0.07810545115670069,0.014549318376871337,0.05699769623620844,0.027510395500055216,0.043513146855832484,0.05779220645261293,0.07774197199604417,0.09586963875886467,0.11055649954257862,0.08757037500197672,0.18626802673995022,0.15481492762488475,0.11550103517330017,0.1158714108291042,0.007469193296619236,0.09915120115564233,0.1129611983647527,0.12547517583967324,0.14379408749199823,0.06069831026117357,0.10882582914574608,0.04524659572928725,0.10043506467967095,0.16866816682501404,-0.13665400779297693,-0.10708276087308194,-0.181788804673837,0.023455858653636547,-0.050301700244630355,-0.0439663061872384,-0.08337748290923538,-0.14608781020259748,0.047290675009588175,0.13107757686711052,0.18307780642228552,0.09632647989339331,0.12456228717707675,0.16064717728069364,0.20570601240272585,0.19885221951140056,0.26426345786270133,0.29062963135526443,0.3222419222017692,0.5541034533708742,0.6782359370877851,1.0,0.5414395028124024,0.5892080359231218,0.12219824767340162,0.18627218018222702,0.20589480337922264,0.26298703915603056,0.2429770533279496,0.2853224162447857,0.25194832689788926,0.22459812597662765,0.21497257616019477,0.16114311130292855,0.11494701946399244,0.16330619379636951,0.1647626292657115,0.19545294838669708,0.19455776717339493,0.12992088012493389,0.08336561876479798,0.012344556822781108,0.01767027977016995,0.023753473560814847,0.00584257815785366,0.011765144959656568,0.07624788274600083,0.0902946769694528
C5 WM ascending,0.1397789143959503,0.05976046335637187,0.041498150768341215,0.010893275849111645,0.005654860508322745,-0.026972896298567764,0.06555319640397364,0.14157473383185115,0.08432302881058346,0.14504439294864957,0.22452921859401012,0.07143526463801379,0.1298815709965074,0.11533126364286586,0.16128859222066907,0.11703985680457785,0.1704165379737196,0.06090211150488252,0.17239303447987558,0.11264681990843192,0.17305454552774024,0.1675367205733239,0.07215703223883978,0.05092774701523551,0.0633578994425642,0.12185673467870674,0.04652237381858237,0.17683334767400063,0.12477340216588399,0.11609715849697551,0.07220319023656972,0.024546539966200487,0.10769586400066734,0.08058189086416781,0.010316042155554745,0.054861322972922295,0.009776222484262855,0.07142287995149832,0.01815828715358122,0.06828214833871217,0.13169123251573367,0.1073178423273662,0.07732454053757844,0.07407450569578741,0.11022246514944144,0.11476870859247355,0.09523313513363002,0.1197313138924722,0.16839567873187522,0.17687837217934912,0.14735646403212677,0.20245312433151486,0.013821311929120401,0.1499749868440142,0.08764215562066889,0.1416175752325782,0.15634114763971124,0.04583087098828741,0.17064380572887983,0.07425907874873199,0.12293515743406071,0.19039769543248108,-0.0402271289179095,-0.040899629548938166,-0.10121683376313839,0.11858164949011182,-0.021804038950164324,0.005630024291004096,-0.02961961138004258,-0.08641966016063035,0.21886611625651697,0.27625890907058975,0.2726688076447875,0.20601160691974302,0.25484971889645686,0.2512875996269071,0.2996691712433084,0.2815085092478545,0.6260805514723776,0.6094054744773673,0.6348701346698395,0.48596772863478943,0.558507023982461,0.5414395028124024,1.0,0.6710232735556004,0.2200914001937423,0.32747190508737756,0.35081620216927617,0.2822560697074144,0.2927256349190337,0.3147486646323148,0.40744495129647706,0.3431250508969278,0.18965074414739802,0.18855008304382775,0.1292511596989338,0.1492499614409766,0.16232739882358455,0.18940292024603037,0.1730752466508895,0.12409018074203565,0.09021385552950206,0.09319740157875271,0.06499408890661836,0.09441442277552341,0.07170342900455204,0.03120459433164649,0.13012208500312825,0.13232967294395265
C5 WM descending,0.11451081607116174,0.08892059616387485,0.028696605060251658,-0.03987955474616666,0.043166008226936725,0.0035771124981447975,0.08162937588135497,0.1521472061044405,0.07742302735989992,0.19398787856143435,0.19995550355569885,0.0714879192948878,0.1130468033490715,0.0740563620524992,0.11647769512656239,0.07677193633045776,0.20127069235661457,0.12665124581095583,0.18074141182885903,0.06362264547483816,0.1875891372334074,0.1791022477671305,0.039057016765844284,0.07850194291595902,0.046946562740972135,0.10001917471501542,0.03564576559761041,0.1509891438523252,0.09034160957212808,0.06369799091644499,0.03534024036606598,-0.04809551463901762,0.07538505896993795,0.06585634853133912,-0.03992153405435397,-0.016751937474585872,0.030188136209158615,0.0700934120613309,-0.019100005453324832,0.07007154090872851,0.14032024774561463,0.1069276589895087,0.059309776216671065,-0.009961646546093062,0.09661224018578585,0.148532482271873,0.06629767508640015,0.11742683363046379,0.2092691655691725,0.14650428712742616,0.15261292790665873,0.18855429148234715,0.0002672500707106195,0.09252530412078375,0.1507444010717927,0.10469238583675969,0.13733353968800202,-0.02691772177483614,0.0841793249724503,0.01779947848695447,0.05101240345369737,0.10641050265692618,-0.194299480885617,-0.16046279272311345,-0.22999684324729383,0.03254725598292724,-0.06416346143708324,-0.05013753727282459,-0.149325033509524,-0.20974684045914516,0.05115793156658161,0.13997919874630418,0.15494395738060326,0.11389514923800392,0.13814816220004356,0.14597986844843888,0.15347571972980212,0.15845208495244223,0.42002406622744254,0.5979926892217744,0.662322208879005,0.32596569552337434,0.5460552554873723,0.5892080359231218,0.6710232735556004,1.0,0.16258307610533643,0.23511678084972196,0.3125720484234018,0.26730872095236025,0.21779837354459375,0.31308811597657676,0.4108589556961367,0.41317211174625573,0.15903795026455672,0.1121773980443798,0.06825112791078092,0.14881218789442408,0.06502725432410177,0.043387282961758755,0.12494102325912051,0.10295529486394654,0.11162829610080792,0.04018790703399646,0.02922013890033927,0.08230637903496721,0.029831866491341407,-0.010340737423058041,0.1244443488318847,0.12857524978021365
C6 GM left dorsal horn,-0.0012283388338952162,-0.029394807726738845,-0.07569237287749313,-0.1291884299158659,-0.13952498059644597,-0.1310012578632995,-0.029531958759906288,0.05407296181649482,0.03600265708139952,-0.03256573192944827,0.1424690167404417,0.043947415856307695,0.024972732497661104,0.014193684868948982,0.04578903379566277,0.041512832240915745,0.04597059767673295,-0.034048964852742745,0.09342693803219558,0.10924965265587032,0.10844921068869105,0.1041409722140462,0.09643494928689934,0.015429667479290643,0.04576777634006417,0.07771732573170874,-0.031823581492267605,0.08955298548468758,0.0927218055607211,0.05374398187310485,0.022166512974021942,0.05654396253546105,0.05446509727673486,0.008124893857706149,-0.01090203456999425,-0.019027429985881143,-0.1688835158678537,-0.11573268252528844,-0.12142985421055447,-0.10080170773410918,-0.030555523645742856,0.10082002840365437,-0.10062301890653727,0.03656957801985242,0.1387035465767768,0.010096351117648337,0.07148972557682177,0.04471440440994392,0.03241446751764023,0.09847170496954175,0.09887197029205531,0.03760740737298158,0.08464826944145407,0.09911177532760887,0.05500673021347864,0.10887331222737542,0.06427630291319301,-0.03070905519669025,0.06148230072439264,0.03198617089299121,-0.009214666360016466,0.10449793646884163,0.0008247615595231129,0.03814320515453596,0.029495444737157536,0.14275428826884595,0.035911796131819475,0.09128365678506248,0.01823795018548529,0.03591353480990828,0.16130693039824637,0.15724862002071255,0.1844392367983001,0.06247731157816374,0.12475847372502567,0.12702973997865696,0.14631108941885784,0.14239082062085767,0.08079052102540746,0.1257318657220371,0.08548556653374585,0.10406338539835669,0.18249804473346756,0.12219824767340162,0.2200914001937423,0.16258307610533643,1.0,0.5947259865057255,0.6126157810275487,0.1702646109869998,0.15499741667380879,0.1722280787811396,0.4770485971813865,0.3785009521918007,0.1790679403439813,0.05841349117828299,0.06773695745461267,0.18401362800862833,0.08073153359677644,0.10500467796260073,0.16932894605920096,0.08643797212714631,0.041147829384881485,-0.06267276039334033,-0.0644817536062152,-0.010694846879604567,-0.04039265774944582,-0.03790305921900043,0.0042482979452617324,0.02695197319402191
C6 GM left intermediate zone,0.06845212756808373,0.013567835830511863,-0.043344367451024705,-0.049342011397078674,-0.10192053143144245,-0.051709860593856516,0.029476862100630663,0.07662888616822984,0.038887692416595655,0.03428953996489316,0.16047436593655062,0.05313354002497774,0.08385126600610832,0.09286482642302972,0.051286586619080164,0.07337623999622772,0.10370752874331814,0.06963779584924505,0.1028785505880994,0.13296771577618538,0.13668981193825333,0.08780268837689098,0.1188130500880032,0.016193447123042055,0.11466678459769872,0.08611234141575014,0.05768313549264224,0.11785959524963492,0.05482436096208084,0.04537984834971371,0.01721152306813686,0.1352068485183772,0.06720974068206631,0.011105086882644388,0.007972038252062838,0.06762334564407126,-0.05492456579839942,-0.026772713921993558,-0.0459241103009639,-0.032670603730156955,0.04539431316541276,0.015795734419466592,-0.00868216914734331,0.07336534466038203,0.19828914323404975,0.03812129043175628,0.10322393125335352,0.04972698030642157,0.054131898680420384,0.16024811501308,0.10607263555703936,0.085745518671601,0.05310005742151171,0.13848732287126206,0.08569733023580053,0.15292572500078871,0.10381210445507169,0.05192114220805193,0.07580906122563735,0.06986865000262464,0.0874011674571163,0.16892674374950273,0.023193000099595264,0.007821664147915663,-0.007002804019020617,0.12459253203558573,-0.0560457599796724,-0.005301609997075074,0.04080698288015363,0.01253831099055412,0.11120701201902021,0.19036948263041933,0.22950782659976718,0.033755929909881265,0.1607833552736321,0.20109045134127712,0.13359168979090208,0.1993838079336507,0.23398018411315086,0.3265837926662894,0.2298738573901316,0.23861867252447977,0.3057515742284437,0.18627218018222702,0.32747190508737756,0.23511678084972196,0.5947259865057255,1.0,0.7553373939081636,0.24408228497841197,0.4981135912390722,0.3902648724827655,0.5539668420206886,0.5981981343106699,0.18785690862799756,0.13423853865865093,0.170241175170586,0.20111946789237092,0.14301512875277464,0.20008642311977598,0.2663704555740613,0.18690011410391216,0.1603131592149811,0.015471181861826428,-0.013769000842993963,-0.009902524409617964,-0.035376517459969226,-0.0695764635980296,0.06923000666480128,0.0423096405085383
C6 GM left ventral horn,0.05234982015201245,0.027453294523219905,-0.06870826156122285,-0.03864553638532745,-0.04991970430727018,-0.05521130563407846,0.047330131242993755,0.10791824340143483,0.06009902656150804,0.04676440762532829,0.15925020980875573,0.07512307634205431,0.0851390329669391,0.07344316850745725,0.12330527183413692,0.03567633328007974,0.09820895523522251,0.056955659009794414,0.12234137497103773,0.15847052394782818,0.15888663939036052,0.11617760050907962,0.09147988204480555,0.03462258948395354,0.0958645999487198,0.053191828217875305,0.023467124126783,0.14596062534287305,0.07817783490869779,0.03060431896856495,-0.0009161851851532926,0.09251956570721458,0.09059992444319283,0.039823609813960006,-0.026746247224559157,0.08123341540439828,-0.04538550562928468,0.011477735710517092,0.024418432017287415,0.008261865469443965,0.05843221123409625,0.075306929031809,0.004738604874803052,0.1069524175718292,0.22896750676908165,0.09618997769859591,0.15697609108281074,0.09500228455474108,0.09412700988649707,0.20118260784984193,0.11925689329220397,0.12002483849222187,0.0482896046585379,0.1086347821341014,0.1041867203695436,0.1785145297379106,0.14772000178309852,0.04967017409990775,0.06877858026900044,0.0457232140676636,0.062489684706115864,0.14331957731698344,0.025388736362247928,-0.00776781740235252,-0.034920770117143604,0.1728208368363815,-0.0159209171922055,0.022695436955779216,0.004802954597042209,-0.02542668297561736,0.12544272904285714,0.1772054387266542,0.21476218490704757,0.047713748011278735,0.15976474895473544,0.2041632284615681,0.14094256483094075,0.20073399017874802,0.20267911388554552,0.30997931256060723,0.28007718051640124,0.20176410075287288,0.29310060856173004,0.20589480337922264,0.35081620216927617,0.3125720484234018,0.6126157810275487,0.7553373939081636,1.0,0.2731846953497906,0.357432458312039,0.4470642112170195,0.6118896229268275,0.6809261810370243,0.20888988062676095,0.07587491634474093,0.14323022168851296,0.23122512034448311,0.06158378100085354,0.13205589217238056,0.2137875807553828,0.11656850707824389,0.12644158829557306,-0.014380922263021106,-0.030868867164529072,0.0011718097466264657,-0.037518394056462866,-0.07546660430424809,0.04704379982908954,0.008025717444872302
C6 GM right dorsal horn,0.0057761060232459326,0.0254988998202528,0.021877540942939304,0.038533915236275855,0.03141993471073113,0.06123388658174966,0.051237379703946394,0.050318974656890926,0.0011019067050188427,0.03496636105105828,0.0832551993471559,0.040915014363383774,0.07661369819884432,-0.021551715750043735,0.004066984775056765,-0.020096382365245854,0.007298928764765767,0.04497862567798234,0.03699637022375681,0.08659568453177867,0.010288096493440185,0.024765716626370317,0.07849743350252067,0.03621346775367179,0.08216568108767087,0.07922346809240235,0.05235016950134351,0.0737570289817183,0.07607270340763886,0.09142857784574986,0.069501748143014,0.015417766523745609,0.03927738847283516,0.004123053559390128,-0.06131205356834277,0.003402618332454514,-0.0012473411631871397,0.04533469073370378,-0.020130418446098076,0.007205076093527295,0.007256163888358568,-0.0012101612123989929,0.010703865969779626,0.03158738744826387,0.005811415025846847,0.07352679776783935,0.024772274847660754,-0.027704191807670427,0.031144175257484273,0.060689523507208826,0.033842384661750456,0.0342460632783431,0.022796344787226246,0.11696260129594191,0.030787733313105442,0.028027280569701808,0.05795818227487924,0.10749564561224996,0.14214496088886838,0.09235017130794121,0.08551455635120318,0.10699692388587909,0.056243200796430436,-0.005819032906623411,-0.07488359136565345,0.11679570266634641,0.019335842374341328,0.013489061211763435,-0.01999471115153249,-0.07269046741201396,0.11699470768352672,0.20638670548562837,0.19389412787942362,0.06335652158175699,0.14074755306929337,0.15438579854116496,0.13891824756897272,0.1668442968261376,0.1639565847234358,0.20488527975375834,0.1874598228728609,0.2108306059611829,0.1894418589153323,0.26298703915603056,0.2822560697074144,0.26730872095236025,0.1702646109869998,0.24408228497841197,0.2731846953497906,1.0,0.5637647059503053,0.5854567029135291,0.5634560912084523,0.45342023105093376,0.12039885291113696,0.12532993508403,0.07838703362317956,0.2039364115656132,0.18856942307628766,0.14383931793044938,0.2117430075569626,0.2221125156748422,0.07294754306948847,-0.005194127414315522,-0.03682935784988667,0.07488504847284294,0.0009557081217350868,-0.05170181742038219,0.0938210916251201,0.007764107016947794
C6 GM right intermediate zone,0.05881074458904833,0.03207917403473038,-0.00782590333953172,0.011315332703622722,-0.019631986501230582,0.03284304355243873,0.009968330993722139,0.06311453279734265,0.027784360672961996,0.045666784970671996,0.14436367143565254,0.08406974570539419,0.09919385080389578,0.10787441449974487,0.055667696603979126,0.022577245780564015,0.12044920443886314,0.10517402641800519,0.08173221081324199,0.1536186445912728,0.0998167563939248,0.0797480538576431,0.1445476787993291,0.03242268619748228,0.15576042471447532,0.12803149864785912,0.10932387451742225,0.1502191664175284,0.08868086570174752,0.10303183032221636,0.06338673367168784,0.0658595625926877,0.03361448481046411,-0.030321855590290138,0.04639468473341848,-0.01747221984609435,-0.042457623086596764,0.00010382919449267287,-0.0830303117796891,0.009822390002237981,0.018589341781522606,0.015312316196361175,0.04119283084196302,0.07980839471090967,0.14712943101422304,0.13687394295507394,0.09302794161051252,0.03354668782273172,0.13667447547963366,0.20074052615730217,0.14313884026877663,0.1546079163368651,0.05714483757907165,0.14367364834994265,0.08239131619587022,0.15313887974425966,0.14821209840248636,0.1433551297908429,0.18507619551492016,0.1029383440405773,0.14415457359809397,0.18868316089791123,0.06764041092975465,0.046362130901413924,-0.02302282728986449,0.12246455119172799,0.022717490693660625,0.043787176446497246,0.07118950789794509,0.00023107004333727536,0.15302163575886354,0.2592027235193131,0.2469394142278136,0.10731496918397265,0.21357691901448964,0.23018534019446024,0.1848893052567791,0.23737064215981224,0.2795010685258628,0.2325487643454225,0.22720542286320133,0.2480333112899205,0.22967465195728118,0.2429770533279496,0.2927256349190337,0.21779837354459375,0.15499741667380879,0.4981135912390722,0.357432458312039,0.5637647059503053,1.0,0.6547820715947859,0.5656954059699004,0.5938878921992651,0.17538520608635336,0.16313489989052726,0.1974508605542047,0.18074201934922607,0.23628910372603715,0.26142770440119695,0.29489549991468755,0.3079144266106132,0.1524638756282434,0.11273480882826832,0.10346414109453882,0.03103595693216544,0.07179879555732886,0.04169776988807938,0.13755763524510287,0.06298285154146548
C6 GM right ventral horn,0.019561437543545106,0.034755477158005164,-0.022643564498388696,0.021743564992122533,0.0282418309907303,0.026278205823501072,0.0072331371871840145,0.002195696713378279,-0.026045999521373972,0.0401411390533067,0.12187120453921041,0.07678033123531859,0.05808661867689182,0.12098251355707144,0.09237473374512783,0.016336507292815865,0.10914403779638913,0.12876863800305138,0.08049968572095394,0.20380584672991492,0.13709216441826133,0.13532692799714835,0.08839291416936447,0.04120460010500059,0.1376887869455612,0.0505922532878263,0.07503647636320047,0.16925968172267175,0.10981844732645353,0.07324180723933743,-0.03366145026668424,-0.006504413731977832,-0.014851449617106147,-0.015296226233417932,-0.04005835276194601,0.015614138517416918,0.0022725043057829574,0.04966361830362314,-0.01682440980095258,0.03948805168752616,0.011697775475140624,-0.00548454191031718,0.03532953315836651,0.0395764415141557,0.10702567286060595,0.10074267203175952,0.09274991514064329,0.014236872036061757,0.16966956553237647,0.1574283368137804,0.12187720816926252,0.1252586527290329,-0.0016510257453869405,0.1123315685696842,0.0682210767785629,0.0998876407007813,0.14082965480193532,0.10659377845519596,0.12473258410206961,0.060734843801381354,0.10029434157333618,0.16170173530061677,-0.014538869790311848,-0.06714158155611792,-0.13475854777226307,0.07184568694115745,-0.02277785648006025,-0.02143772340418425,-0.08918943856134265,-0.13219621050528568,0.03057132102606254,0.11672191036775979,0.11779386180630846,0.05322751076945317,0.12393275762977492,0.15211470372909763,0.05403865732423762,0.12065786940497622,0.2268856825356347,0.21625456739686988,0.21670542516932206,0.20647464991294404,0.23666417977069393,0.2853224162447857,0.3147486646323148,0.31308811597657676,0.1722280787811396,0.3902648724827655,0.4470642112170195,0.5854567029135291,0.6547820715947859,1.0,0.6514751384297507,0.7079923049515742,0.09741511969231154,0.06219378741997894,0.061299480399792994,0.19756857239811298,0.16008896572206457,0.2243176745181875,0.1821316242286613,0.15003939422994306,0.062269136602509115,0.02339061278880504,0.001408289787235709,0.009242003672946142,-0.005016805095356441,-0.05166126901645064,0.02472377515195229,-0.05897924768279548
C6 WM ascending,0.07896392489262753,0.07772423116508342,-0.010336531704863478,-0.010359118931811993,0.0013544438683898137,0.0256741316456259,0.07668363355670368,0.12790830985288476,0.0475181635991866,0.08988647773834696,0.19745479107285227,0.13069618531990126,0.13370288724216906,0.09623259809040394,0.09514590392449576,0.04078387391136208,0.16317370687981206,0.13290837871484848,0.17702087430160637,0.20424314127586862,0.20929066586469733,0.17698254912932768,0.1295532585843391,0.07399047622461694,0.11824482678200217,0.12978274502593187,0.09082533407434758,0.20491440019672635,0.15155073411603862,0.07860586661653815,0.05849733565663756,0.05101595772375697,0.08046235031850729,0.015554578314415304,-0.014180096075528704,0.03373266722429291,0.006120714651649618,0.03488126400257971,0.029912505687157885,0.010516886073294108,0.06706576472316073,0.099614156823744,-0.0034904277744566637,0.0861954151171386,0.14861010717840237,0.10678359881182277,0.09684989566367742,0.04452158590705066,0.11674855394377731,0.1883084372676569,0.12855142100626338,0.12590114967619323,0.0468210191099802,0.1481560665049296,0.09689465241833083,0.13736754374817664,0.14095152084206883,0.05539517521373682,0.11053743242570317,0.0493925889534323,0.07906239875673804,0.13810082940294335,-0.01667518548273404,-0.03315269718379725,-0.07188987216695937,0.1163822112652888,-0.009947496652967366,0.04006785522712339,-0.06220819923296392,-0.0937602587150824,0.17903105504334982,0.24182277809957706,0.25867870025305667,0.06481616424066854,0.17732479765051856,0.21692429480731074,0.18725741395202625,0.23394148561872022,0.2702745085807837,0.3166115606529075,0.3127949878177132,0.17990562426771373,0.2893505936280172,0.25194832689788926,0.40744495129647706,0.4108589556961367,0.4770485971813865,0.5539668420206886,0.6118896229268275,0.5634560912084523,0.5656954059699004,0.6514751384297507,1.0,0.7515872075463114,0.21054683776572225,0.12654771134474896,0.12006258368618689,0.2686496394530633,0.16438291115868114,0.16999337378361734,0.3313488341385512,0.22805003255901823,0.10660190567103887,-0.01571742111096604,-0.03670792231349709,0.01818295795790468,-0.023027048048328155,-0.05021561455710963,0.047499257154917034,0.009607416858414998
C6 WM descending,0.07737858926715624,0.05779427925012949,-0.05250845391216368,-0.027054660412094606,-0.015959419232013536,0.009152739993912579,0.07299939682284538,0.12911374750128393,0.06298929395236384,0.07401285644750921,0.14764842888375712,0.11597837741557931,0.10168679943005768,0.09156340351089848,0.08568087235532092,0.036839804979352624,0.14208377541344638,0.10726890431871537,0.13940225065630343,0.18549374759331355,0.1853453733150549,0.12054245581616486,0.15577443276871733,0.056479161822473485,0.11266575721671085,0.08483789604947702,0.09400565595350101,0.1798274321115253,0.09830962574796098,0.034559101295639126,-0.023312500123272222,0.0026975544744253024,0.042359091659599786,0.0010720701320266885,-0.024893748478484953,0.01353145682513176,-0.01682106178544916,0.02853759720534333,-0.0066381051957055195,0.029493500299274715,0.05606957456645708,0.08444384329925751,0.002621227870862954,0.055221161419534,0.16526290355033013,0.12547355082342437,0.10274652433855772,0.035441323283211534,0.11636488924514145,0.20412725718437574,0.12065570955122117,0.1310180541779068,0.05894195827772278,0.10691794148758858,0.0886069911576436,0.1471212328411054,0.15931403772222563,0.07482174755688926,0.054091257800054464,-0.0007340916077764483,0.06177896933234275,0.09655222789806744,-0.012057985307014376,-0.07596810004206317,-0.14356405414435505,0.12032198101691703,-0.028469084836737726,0.00481218537400007,-0.06230325006956822,-0.11094804220041182,0.07786651089733425,0.17902232978801993,0.19370710712399536,0.08427780536539636,0.17036501442308966,0.195741651625282,0.10939576263322474,0.16898094683003928,0.2371287803347941,0.2606169766667964,0.2710948869186945,0.16835767367248874,0.23156225939028882,0.22459812597662765,0.3431250508969278,0.41317211174625573,0.3785009521918007,0.5981981343106699,0.6809261810370243,0.45342023105093376,0.5938878921992651,0.7079923049515742,0.7515872075463114,1.0,0.19081804132020877,0.09590448044381918,0.13624799255707148,0.2771864376205792,0.13416114106757546,0.17979248146175658,0.2823456425689981,0.2518644887474496,0.12204525030950357,0.0001554724390106109,0.002022149655899008,0.028023545347910607,0.004293011567091683,-0.032210466697200374,0.0799561314249825,0.00049009238801526
C7 GM left dorsal horn,0.02800494920127323,0.04865753072944679,0.017221484466022195,-0.019184838940889116,-0.04229362257294995,-0.048830770893123904,0.016327048785327584,0.04585831453307669,0.03339803345775193,0.08562107414773724,0.06257955657290966,0.09947893798338794,0.004192213108771596,0.060106054658046845,0.01737777313819596,0.029661554489748086,0.05428028048907155,0.046990366043291,0.007563944565828918,0.0684262215760487,0.1057927369974138,0.05946360361395247,0.07146425025875884,-0.09918832467234213,-0.00046097280235074154,0.03386604434093744,0.011472152334813078,-0.013474463333554985,0.08227873348082214,-0.10621562275734663,0.03571147468603938,0.08530595724218022,-0.05797700072806326,-0.04725721533816027,0.039381091649813814,-0.04832765866508357,-0.05616254483526701,-0.04934410188784048,-0.07634320071367949,-0.0004879916528654634,0.042605776143380306,0.07763137933815131,-0.011591758748616114,0.053389661611045594,0.08652857360562993,0.09736645606105881,0.03410695211746524,-0.050695435985315646,-0.029301283757103162,0.09554037288288213,-0.04419264238015841,-0.03831414182377595,0.002078477691264976,-0.04817358083254671,0.008692005178599152,0.06739619906440351,0.09384512724601952,-0.013117838476123361,-0.08185749339941452,-0.11237139294577156,-0.056063327282379845,-0.025736902202396838,-0.0223068518315082,0.047665930226639314,0.034333043729768746,-0.023609154340493068,-0.034302173638680836,0.010838802593262621,0.01300551506363738,0.03438746688033105,0.14162586277690115,0.2009416692724676,0.21566052138959363,0.10242739190992926,0.13956972621931577,0.1657353976894523,0.21263832505378194,0.20270555132701987,0.14118260755783255,0.07122218520503526,0.1026792571962527,0.16356504614108308,0.1647908742107231,0.21497257616019477,0.18965074414739802,0.15903795026455672,0.1790679403439813,0.18785690862799756,0.20888988062676095,0.12039885291113696,0.17538520608635336,0.09741511969231154,0.21054683776572225,0.19081804132020877,1.0,0.6072813039110339,0.5421481753239126,0.27555106482639735,0.17701940175575068,0.22676695246764708,0.5188218460911894,0.3807312093872497,0.1398920991196285,0.08233597309182146,0.07325554604597218,0.03199656867300649,0.03817618115842681,0.03480293344453349,0.09659484195933468,0.06591194245391327
C7 GM left intermediate zone,-0.03000127777756068,-0.03035362844486241,-0.02907802024335054,-0.1274201497195133,-0.13679022533526225,-0.08587571365846593,-0.051706084807085904,-0.021997729184677392,-0.03818832621767448,0.017288600619813802,0.019227611366883144,0.059148634468577474,-0.03495351176356584,0.0801887591673319,0.027635599808778725,0.024665809859955343,-0.01703997420174581,0.0384109649122887,-0.0581541474033921,0.04155232403213071,0.02833260440918528,0.01989339463567831,0.06095556841588337,-0.15732959605028218,-0.07803222678812521,-0.047024516944727,0.061839590734413606,-0.05748399300169684,0.024965108036462028,-0.116153512783667,-0.010518892859211445,0.0588213807020755,-0.05179579033888689,-0.09092363600275759,0.01186880667698272,-0.08934391268704958,-0.15326147886191052,-0.13484715197649066,-0.1250667474734721,-0.09596938570492411,-0.05263361410694707,0.06715046145800076,-0.11762755866524098,0.06824023644517412,0.030087141388851782,0.071477829760013,0.010839366201223999,-0.06915985295633502,-0.03520865160929722,0.03517506775791427,-0.03022927640745082,-0.05223582374980316,0.039138200514530194,-0.11928519603559445,-0.03556796346765259,-0.02318638775652893,0.027133320628714402,0.039755922186253484,-0.09386262221654605,-0.17115722676986206,-0.08176116606242799,-0.08765253187512227,0.04205732633176446,0.09088801100166591,0.07686873722974455,0.012915070776768338,0.0224709925934474,0.04183643524985009,0.05826178346212638,0.06556774466811632,0.20461526138873595,0.2604019507231739,0.25179276117207416,0.1563213135589024,0.20167541939233005,0.2113594237262781,0.2688846444578136,0.24702896842074407,0.1940872899226695,0.08225604879399724,0.14131663889928833,0.18296498886593274,0.08112780852504749,0.16114311130292855,0.18855008304382775,0.1121773980443798,0.05841349117828299,0.13423853865865093,0.07587491634474093,0.12532993508403,0.16313489989052726,0.06219378741997894,0.12654771134474896,0.09590448044381918,0.6072813039110339,1.0,0.7140103645498528,0.18811660805440222,0.4204501307364636,0.30524345389248236,0.5381663408837641,0.5483164375550694,0.08510666617044575,0.19841285324557462,0.1687496030486146,0.1518274972329524,0.23147852988968365,0.1967096578157375,0.2096105481321077,0.22398738062939486
C7 GM left ventral horn,-0.03745693619353804,-0.02080297914561925,-0.03482516576411193,-0.12542832802230616,-0.1316465531937939,-0.11610873734017045,-0.08290145648914954,-0.05450060462655104,-0.020810192968201253,-0.04550211559858347,0.061284715564615726,0.05959517444053507,-0.06196884128003678,0.06555368988809775,0.08733873387991037,0.023231605273816763,-0.01626680749111101,0.023436648451110348,-0.04949268516964594,0.07862520896076372,0.06841182297596891,0.039969211016860955,0.07219204568305916,-0.14574426349625297,-0.06879101690301898,-0.02906253333919724,0.09872251439185298,-0.009542259943121145,0.016606597749765327,-0.10173520895334148,-0.05968030499222869,0.045358304144446575,-0.014610938754544176,-0.05806582901609286,0.0443521169088638,-0.04732300811743981,-0.19148551455762935,-0.18804677512616355,-0.10538093490277556,-0.14299102652004295,-0.09688698987313504,0.09902322545179158,-0.1452529952495259,0.09337943609874268,0.09234308562205563,0.11988964908250634,0.055414659476049566,-0.034735620965960196,-0.011806890684735788,0.08761110855868899,-0.0017538146749594575,0.011786517934191108,0.08274605793252168,-0.037691953646225934,0.00758476483782764,0.017854660958335527,0.046180701591065895,0.10396525334064638,-0.029436956724981166,-0.11816171582471534,-0.04436066006924114,-0.02808306272585555,0.09786031641603962,0.10208149765736715,0.07747874068585588,0.06727215349303915,0.045839740893062635,0.03671134793124514,0.038760065956266465,0.03283205130968019,0.22327166080431896,0.26188992371348707,0.2526334534817368,0.20974426724778203,0.2393536803014134,0.22729912257587792,0.2757422757738983,0.25492382554243703,0.1678883886250224,0.09516343431095829,0.10162629647111202,0.16811494321182194,0.08723578770357684,0.11494701946399244,0.1292511596989338,0.06825112791078092,0.06773695745461267,0.170241175170586,0.14323022168851296,0.07838703362317956,0.1974508605542047,0.061299480399792994,0.12006258368618689,0.13624799255707148,0.5421481753239126,0.7140103645498528,1.0,0.18108529771050855,0.26344345884921044,0.28447794915343966,0.5271416927874302,0.6129282311091568,0.06241086205418881,0.23498347213899443,0.2582483690709353,0.14251145289654532,0.2785049215406362,0.2826323665193424,0.2694115058708539,0.2902055877744384
C7 GM right dorsal horn,0.1457545036145254,0.08728565234216293,0.026843326620641015,-0.010499476905657373,-0.028395749453422093,-0.005883107032070832,0.17142100724205678,0.1709149681026463,0.1028363471308844,0.10739495396203225,0.12135839728916784,0.1714465059243291,0.0696779488786574,0.015724256692832634,-0.002517805716309883,0.09638435261111418,0.14412827948363977,0.084976788785547,0.10966375907613339,0.13500061284175527,0.1627856212765719,0.07305726962600777,0.13005106798373517,0.041009778204018514,0.06324891089752842,0.11226127235903018,0.11197679239622566,0.06594703879834854,0.039229469572908425,-0.05937602276913615,0.029963901375437498,0.060787376060762545,0.06651720265208041,0.061797335968628644,0.029087890124748578,0.018904364569034104,-0.017330982783530735,0.013074124783575653,0.0658673425741962,0.004272308241011164,0.07129637967339601,0.04695453544305492,-0.022151486341165025,0.0988780598242662,0.11133499865896267,0.18041916610402597,0.045599807526190805,0.0291792431377978,-0.03240119414904786,0.12823069882134094,-0.003057477264188567,0.11290265945588758,0.10067827611259009,0.07899945138451457,0.061757118859597344,0.11599168056063623,0.10360640290974386,0.026960604232868585,-0.07787708332829046,-0.04928952294362164,-0.017721495249457403,-0.01133036207526823,0.02264049140876421,0.06021715619228718,0.03177525517714269,0.13690361546809088,0.12588909167828385,0.09686972514951539,0.09403777848698544,0.05914051242759075,0.1926688457994988,0.2408151177101597,0.2106187867472081,0.014134873488215096,0.13817587958156857,0.15250502663565388,0.1462188616961882,0.17880939847484534,0.11484646044988096,0.04291909767637635,0.1205921484611877,0.058373529376129704,0.09444826597618415,0.16330619379636951,0.1492499614409766,0.14881218789442408,0.18401362800862833,0.20111946789237092,0.23122512034448311,0.2039364115656132,0.18074201934922607,0.19756857239811298,0.2686496394530633,0.2771864376205792,0.27555106482639735,0.18811660805440222,0.18108529771050855,1.0,0.5605542659808884,0.5669841633297025,0.5191092930742871,0.40866667910228593,0.08302122018878726,0.04701530983524782,0.041154041115351245,0.10207503038808732,0.11563233171299094,0.09488198727343133,0.16790742095179714,0.10428717296096085
C7 GM right intermediate zone,0.06571705260341792,-0.013605530902087956,-0.035075469960592194,-0.06746213085931332,-0.0974780440400766,-0.0010740787580615532,0.08262701208163582,0.14506098949762097,0.11511401416341237,0.07428241057295244,0.040732987879105655,0.1354040844872585,0.10066417026158396,0.09637186703188776,-0.036075980054897046,0.004911110056697658,-0.01657613481064721,0.07432950943471266,0.08516337854293204,0.12035449868560134,0.07124531437900701,0.03370196754109679,0.17387078647319862,0.016686526972607696,0.03413108177245631,0.04846660565781975,0.16198317922880492,0.008029195229015003,0.01654247234786721,-0.034132143105974795,0.012692386809196368,0.0475100804220772,0.02655167844410158,-0.017571333361143186,0.023281493520308984,-0.05632351993213446,-0.1218968580318267,-0.06703811827732609,-0.008987068366833648,-0.0438249544940842,0.030960781086723278,0.025287268719768375,-0.05234967251094638,0.06899224790991051,0.08096764018625875,0.1063149607310807,0.026106736046869222,0.05102893469543315,-0.02367360199379375,0.08560699734477867,0.061955200075487805,0.021276640710120056,0.1393078931915542,0.019504805772438034,0.020277365502260433,0.08340346949635921,0.052893961745019306,0.03427576923566861,-0.009917387140104,-0.054291793575811924,-0.022205484519287087,0.012336424157000698,0.09982435342736594,0.13807103853044914,0.0929689586071436,0.1189668815623016,0.10373966071144711,0.05303237440370712,0.16140506635762028,0.08458806614218693,0.22421502936813037,0.3241801201070109,0.3170953410519397,0.11776688201276467,0.2326568593521855,0.27329763775726573,0.2962408862904305,0.32729395576582565,0.18212465560052743,0.10009616094368605,0.1033890155168265,0.1632801260435528,0.08998539862592006,0.1647626292657115,0.16232739882358455,0.06502725432410177,0.08073153359677644,0.14301512875277464,0.06158378100085354,0.18856942307628766,0.23628910372603715,0.16008896572206457,0.16438291115868114,0.13416114106757546,0.17701940175575068,0.4204501307364636,0.26344345884921044,0.5605542659808884,1.0,0.7191385459024142,0.5453655087823215,0.5165458824296586,0.01618922136169912,0.015747769421685747,0.04935896879191432,0.11368856520244724,0.14390366624309003,0.14293699567516815,0.19099530744056062,0.1339263802474956
C7 GM right ventral horn,0.06906824462736737,-0.02359421324776548,0.015603778206920408,-0.05632993493327917,-0.058145106343480635,-0.0201334381379982,0.07297396319151968,0.06771968203600286,0.08727874543871343,0.03395448445650502,0.030616800373640327,0.12507158037796617,0.07453867720546972,0.0841695946637489,0.0077143097392141265,0.0660768984667785,0.007948362896464788,0.07234650742966728,0.0914865350145678,0.13963740470196814,0.10759568124951947,0.07517990772315718,0.14373917694401347,0.0037572485676439127,0.07629637224458301,0.07097135436957516,0.12207275218148061,0.04325979417625943,0.06567206564761861,0.003698691088301794,0.01123703636078951,0.04079554470393848,0.0035148641485633803,-0.023077668799359782,0.031498398137358066,-0.006512521370899829,-0.09583840303657085,-0.06798730221529349,0.006638053984075182,-0.031139039201679267,-0.00039852523915793905,0.00011420728493158513,-0.03587496963849678,0.13853216900302184,0.10596210165066103,0.05386139326745499,0.05709906223575394,0.04946622165496982,-0.00893858925179866,0.10151781136574563,0.06765049536049057,0.013875856903204444,0.09834551797654362,0.0821063617583402,0.0006715957567521567,0.08666309355737382,0.08955698261464774,0.054369092645080115,0.040406299680307595,-0.0013912110150459025,-0.008406328926328657,0.10571770363196135,0.17596231662147332,0.17469939022148362,0.15037284803179207,0.16036779290702866,0.11386746489666733,0.07536222375302241,0.20818287227184243,0.11807768759575535,0.2137084814858192,0.2883360270008954,0.2753439570463223,0.1366495218576094,0.23562821033734954,0.24498317292869543,0.23381277718563556,0.26831654760620394,0.20199751211332484,0.0971728222319043,0.07088205664832499,0.23289878324494578,0.16433944958263288,0.19545294838669708,0.18940292024603037,0.043387282961758755,0.10500467796260073,0.20008642311977598,0.13205589217238056,0.14383931793044938,0.26142770440119695,0.2243176745181875,0.16999337378361734,0.17979248146175658,0.22676695246764708,0.30524345389248236,0.28447794915343966,0.5669841633297025,0.7191385459024142,1.0,0.5194856985607628,0.49275256722330574,0.056892725328579835,0.018127164507982307,0.042821439624441834,0.06697360323062608,0.0578343334463515,0.07557799963392722,0.13889454922032582,0.08545270853025452
C7 WM ascending,0.016122763335567794,0.04060437084869202,-0.03391380112852681,-0.05660581755728571,-0.06960745905801012,0.03310324767835053,0.07977102054936747,0.10418658206743656,0.04198046559443906,0.10040980974753724,0.02359381439276572,0.1571330090538579,0.087685561375339,0.1472744959781507,0.004278580047291872,0.09274577030868209,0.06168740138260713,0.04408637939795803,0.07598979321005091,0.19235658595173596,0.18914745019854326,0.142862135351298,0.12827443941572997,-0.059234248468750916,0.09618727705336991,0.04880475055331046,0.12060786443731662,0.040578395747978606,0.08227065566470426,-0.07159029836690067,0.017166854517235847,0.07730187583694677,0.0020310585602257916,-0.06425734479048711,0.007177992158052365,-0.013238665913257118,-0.10472121034452912,-0.06636919036538137,-0.043761241125560464,-0.025412064921202997,0.0217079469264949,0.05616100318887678,-0.07068537525894264,0.12981437233307735,0.14838153504320029,0.10531623505263567,0.10470017947510354,-0.019661552181217585,-0.024451306641452238,0.10989582474751285,0.030949098130512796,0.038133932357658835,0.06273665002987742,0.06467313712337298,0.0021477192326054993,0.1156349853603025,0.12211286291290861,0.07789532926690847,-0.03425456198894974,-0.055164649367508777,-0.038489731894869254,0.024953057617005513,0.061538038594343876,0.09466193356824491,0.0734600706082234,0.058170052628628836,0.04687274115834794,0.06109238523765913,0.09024390125283684,0.05423032412577943,0.25161889366512835,0.3302641591775836,0.3171375074442389,0.1396108305603496,0.2649514556792463,0.2808887535359135,0.26816557197901425,0.3024593200703509,0.1953210554237583,0.13239794807814495,0.12175474671688678,0.2388978169416682,0.19352593806986793,0.19455776717339493,0.1730752466508895,0.12494102325912051,0.16932894605920096,0.2663704555740613,0.2137875807553828,0.2117430075569626,0.29489549991468755,0.1821316242286613,0.3313488341385512,0.2823456425689981,0.5188218460911894,0.5381663408837641,0.5271416927874302,0.5191092930742871,0.5453655087823215,0.5194856985607628,1.0,0.6702493483117808,0.0323597302049725,0.09995243216949257,0.09065213676954958,0.10448882243773842,0.16809820114139046,0.16464719487841503,0.2340220068229518,0.18509475255797297
C7 WM descending,0.03336989003661131,-0.005525530483447794,-0.04473089853806342,-0.0672991556279546,-0.08179794755760592,0.017208400991034867,0.04883182189608075,0.051375213251657635,0.029016329277623994,0.023126908429072123,0.021834472059804638,0.08738611695527011,0.05706494905426374,0.07341683098010625,0.015167059267559636,0.09150307391012373,0.015279067326004023,0.008946562700736092,0.024857171207195276,0.10482469890562404,0.09302845952020596,0.057742142198543914,0.09581606166968878,-0.04833839281925715,0.05763944902257184,0.02354567121519801,0.07989962796268246,-0.0054866589527694815,0.031144787311906365,-0.04617117380820097,0.0060291632732302645,0.02450060770895945,0.03685718777670641,-0.012097612450875973,0.03282689552387514,-0.0060841588828457254,-0.1100139825558872,-0.08852953682400959,-0.018629304967011817,-0.06490507411411922,-0.03108373894087362,0.05050103474101293,-0.06841454442561748,0.10374466443394034,0.09557331600286677,0.10820345718931422,0.05918674067139192,-0.004432463089619004,-0.05128095536995056,0.08965842881421493,0.021447780326755674,0.03166195075970691,0.09357994991076625,0.019972368848541686,-0.0018745297106528332,0.08134621277100726,0.06835529228573808,0.0753712319324187,-0.02270422873893799,-0.033354608401680565,-0.01623132925830431,0.009774018092899385,0.0831380999308286,0.04665711295454509,-0.002255840344285559,0.12433085492053395,0.08879506414358244,0.08599180054165166,0.034628593233625236,-0.00718477418416182,0.2512287077981406,0.2963214077448923,0.2567204621939149,0.18233416895245488,0.23895075732440807,0.22002445059508824,0.2606822739134205,0.2496369258649592,0.13387664783701494,0.0975768138704926,0.0996145635948057,0.1767560229757334,0.11668452999721352,0.12992088012493389,0.12409018074203565,0.10295529486394654,0.08643797212714631,0.18690011410391216,0.11656850707824389,0.2221125156748422,0.3079144266106132,0.15003939422994306,0.22805003255901823,0.2518644887474496,0.3807312093872497,0.5483164375550694,0.6129282311091568,0.40866667910228593,0.5165458824296586,0.49275256722330574,0.6702493483117808,1.0,0.02993305882006635,0.21129524003177966,0.24506673248286245,0.17149691179485324,0.33079812533909936,0.3134909118145401,0.31841032980665457,0.34596958334776645
C8 GM left dorsal horn,0.016598979222488562,-0.011788066655658952,0.013305721338399325,0.0037182454785481857,-0.037568363051050394,-0.03609160548253969,0.03740310465676373,0.03288566673876471,0.0367056269265127,0.1086535694138471,0.05420902096780589,0.029042176549650845,-0.01016528269914334,-0.03193090537004438,-0.01567929431887093,0.08374317779030471,0.14601601738693834,0.10727457558767893,-0.0072828467174953886,-0.046077860869544705,0.004364902117086912,-0.011787249766411998,0.040378086897736656,0.04040330569508008,0.05007713797153437,0.0941158173075326,0.07033575620590607,0.07094039367068837,0.0499045624165169,0.050078982782610144,0.05031758020040803,0.02734734106167759,-0.02723989601995372,0.010062654811897736,-0.0061077001660584055,-0.005957825051381372,0.09944259746029688,0.1107164743447663,0.020358155723030978,0.0878288384303209,0.10963243747129198,0.06169695705436326,0.06491154750435447,0.044950391043637315,-0.03002843014476762,0.06624867733432145,0.02938720998661675,-0.02307132022401368,0.07263933343658126,0.01414599288627585,-0.06545512430712101,0.0854857370129002,-0.010994269144462073,0.054663003894497846,0.04688098499315956,-0.005849579155978976,0.043748533274970816,0.03340496959190062,0.02755014300760331,0.0050880525598077705,0.013425436024052965,0.049315633483371604,0.06471818364140801,-0.017794315541512794,-0.031167812840717745,0.057114793513871574,-0.08015264493433841,-0.08839860583886779,-0.002394586094722148,-0.02743621718515836,0.10024027354335549,0.10742868961468506,0.11833727325576766,0.04507774911010512,0.043870347054054876,0.06636645423650804,0.07163717711049275,0.12356393802918182,0.1340649981703954,0.1455833920639797,0.11634561492723158,0.10865533307043534,0.14332665530140015,0.08336561876479798,0.09021385552950206,0.11162829610080792,0.041147829384881485,0.1603131592149811,0.12644158829557306,0.07294754306948847,0.1524638756282434,0.062269136602509115,0.10660190567103887,0.12204525030950357,0.1398920991196285,0.08510666617044575,0.06241086205418881,0.08302122018878726,0.01618922136169912,0.056892725328579835,0.0323597302049725,0.02993305882006635,1.0,0.30344146068315886,0.33924268876521224,0.1337589072607729,0.018866048748240914,0.04614621531045761,0.4143664715320661,0.2893393393515582
C8 GM left intermediate zone,0.003675224537382117,0.024815413725678897,0.02941953310381197,-0.04066134438121316,-0.03504288097222671,0.028135966625856407,-0.03353566874756511,-0.007913114928236797,-0.03741506768384572,-0.029592604348240854,0.09976411770558183,-0.009843198402431984,0.021578502823947833,0.05580419680233548,0.09329298711290815,0.03927270037089607,0.1403934651602928,-0.04062408448532705,0.03740307991776887,0.05441547171553874,0.06106541279240464,0.028331269363332703,0.02314842205131994,0.0031969614693238635,0.017023488394039134,0.0651113451125447,-0.01618694355223145,0.046667603339520775,0.024705276272587253,-0.005727907182458819,-0.05537860920814542,-0.013425152372692529,0.044047727687464296,0.046444006984889284,0.054575624224883566,0.03735731858289173,-0.07589206231032508,-0.08342869295785389,0.013994128313979864,-0.07688169372895076,-0.014533756318261645,0.0894421776070496,-0.021632021799840986,0.07415287565631111,0.10724253323090174,0.13957999438900714,0.0900852882441744,0.1096578537153375,0.056076683688045595,0.09951039076060783,0.017240953896540283,0.13996540315447642,0.11784701008957275,0.016879665780697228,0.08901045751194034,0.0973253701020696,0.07463183420159804,0.08859534221119385,0.07822952950238267,0.0090129877029025,0.09299841673203306,-0.010695781876317312,0.04174789423712238,0.04233012419146696,0.03839563540311434,0.12316203834747583,0.14465932895987085,0.1634057794401167,0.07543535254537738,0.07718540480507584,0.15400416786458576,0.06444749281109981,0.022910293396504817,0.1193081724231252,0.04090058572422192,0.014946753418452235,0.05779324517340481,0.05321325464606488,0.13170723770867607,0.08120886739752413,0.13344030344783223,0.049451032599483885,-0.04094763825117354,0.012344556822781108,0.09319740157875271,0.04018790703399646,-0.06267276039334033,0.015471181861826428,-0.014380922263021106,-0.005194127414315522,0.11273480882826832,0.02339061278880504,-0.01571742111096604,0.0001554724390106109,0.08233597309182146,0.19841285324557462,0.23498347213899443,0.04701530983524782,0.015747769421685747,0.018127164507982307,0.09995243216949257,0.21129524003177966,0.30344146068315886,1.0,0.7589557140597655,0.18610116517939806,0.5916148534498392,0.4322853222910516,0.45371308092623003,0.58682392753099
C8 GM left ventral horn,-0.00897720519974988,-0.031125834643287303,-0.019856841387748885,-0.07708414586119801,-0.09935280452619126,-0.01430518462288702,-0.05436238199791522,-0.032330670767150266,-0.036483231550797114,-0.03357173222378597,0.025139053380684152,-0.0009285559312216758,-0.014250294664384945,-0.004893061124867122,0.008459009431341738,0.026420523085368974,0.04015620108658852,-0.0052507300619196815,-0.01406882732102674,-0.03622443852409285,-0.028041500527390965,-0.056667217680171196,-0.006879161742474087,-0.034750199768761016,-0.04003557680883742,0.00011771634346553509,-0.04409322056700714,-0.041838619607058515,-0.039042524319040955,-0.058576823346053575,-0.046496743303214835,-0.04362121975763243,0.0037304105910831954,0.01137844691327926,0.03407424976484315,-0.013281834324235551,-0.08231418547870094,-0.08865852425120747,-0.023039794762564986,-0.08140454351105277,-0.038156917102448576,0.060730885605931706,-0.03111187968631439,0.03375817598428363,0.057201989008912046,0.05358169331005533,0.021568364116375124,0.03328897892274698,-0.005831063068113093,0.04737971606195143,-0.05423943831685815,0.050003337748058374,0.0466914220800184,-0.005947157667271753,0.017977772309242634,0.01715022846354352,0.031207375227266576,0.004403651434528304,0.02115860950744927,-0.03308276618013552,0.0009849467961454198,-0.04622071562394928,0.08287287082281267,0.061106471596786685,0.032206602900835976,0.16035337501761704,0.15122917986402132,0.1525275336978146,0.049552178097633445,0.04601798658363774,0.1850048448860959,0.10319895737655857,0.0672906537288403,0.13144086890280554,0.058978164147141215,0.03387288440887093,0.08650572031313793,0.07624331371598662,0.09094657748330827,0.10253766045536553,0.12649765733900872,0.06917605495667681,-0.003153305252119614,0.01767027977016995,0.06499408890661836,0.02922013890033927,-0.0644817536062152,-0.013769000842993963,-0.030868867164529072,-0.03682935784988667,0.10346414109453882,0.001408289787235709,-0.03670792231349709,0.002022149655899008,0.07325554604597218,0.1687496030486146,0.2582483690709353,0.041154041115351245,0.04935896879191432,0.042821439624441834,0.09065213676954958,0.24506673248286245,0.33924268876521224,0.7589557140597655,1.0,0.1855178639822506,0.4722053899203788,0.42314392243754506,0.5049513287765383,0.6269889125132805
C8 GM right dorsal horn,-0.010971110738362202,-0.0783984231731841,-0.10267104904498965,-0.1267839189783428,-0.06511086146724393,-0.07674393410155726,0.056255386130176104,0.07365365885442608,-0.009807403182696302,0.05713656588736913,0.09466631213258539,0.005836233429436466,0.023800622844898794,0.1089694186413917,0.08933955529878641,0.09601374950934012,0.09561865061082316,0.05298524281267915,0.04917753745650027,0.14998146120244396,0.0998236912915359,0.1616575528463283,0.0018242703744293651,0.022426813271065535,0.08911282367122048,0.1097413530404265,0.07037924348219939,0.06486092406578248,0.12247395312077583,-0.006161749543777468,-0.019812884165329385,-0.04951072293265978,0.015892071849365808,0.019549186439715417,-0.04585248091875546,-0.03023894864531076,0.033394880495360456,0.04851492128827098,-0.018420607585357202,0.038614862640184135,0.052861289664191076,0.11675544996337436,-0.007389271293191497,0.0032751905876721625,0.03402465038821748,0.09673023872099634,-0.018400650760141274,0.01080432295498815,0.049795300109928754,0.031038013313210717,0.035409445109768775,0.1042209021629318,-0.01365592047312245,0.09730178982214759,0.016543474987102135,-0.004808304703398382,0.02106636585182029,0.01232052389727662,0.0920114365034795,-0.023622669783285487,-0.015680340834055784,-0.005304045322739119,0.0038200786308121393,-0.015905821536959637,-0.007431614609919002,-0.07463679374977837,-0.01941937049737542,0.011456585817693743,-0.03915325976674428,-0.005126416291462856,0.10104347219832199,0.03639914763839182,0.016125519070112754,0.10764237564535928,0.046016062011688556,0.0069924938528609735,0.056198942832576766,-0.010023784070823777,0.06293557882136304,0.04355448065977854,0.08236141677199092,0.032554125292589796,-0.004205928610643075,0.023753473560814847,0.09441442277552341,0.08230637903496721,-0.010694846879604567,-0.009902524409617964,0.0011718097466264657,0.07488504847284294,0.03103595693216544,0.009242003672946142,0.01818295795790468,0.028023545347910607,0.03199656867300649,0.1518274972329524,0.14251145289654532,0.10207503038808732,0.11368856520244724,0.06697360323062608,0.10448882243773842,0.17149691179485324,0.1337589072607729,0.18610116517939806,0.1855178639822506,1.0,0.55146189034726,0.486534890143958,0.5532867795427325,0.4075360167500603
C8 GM right intermediate zone,0.05542312112949547,0.04935715100804405,-0.021758269780468537,-0.03139585397318341,0.025645329871786988,0.0707282885365418,0.09277275987945387,0.1168821234308979,0.03596352107245964,0.06894956312635207,0.16892569399745638,0.07301907973523938,0.09995092852056675,0.11144627122257728,0.17833442841777727,0.08697466243383432,0.14893959916405913,0.004248945875460559,0.10807428474744718,0.13663617301668254,0.08552832760134951,0.09700433060249107,0.05320369611232624,0.03612167391361183,0.07098262666262642,0.14209682764709738,0.07397130406431636,0.08054958169269155,0.10380234494736483,0.012952981951151653,-0.014310036971973228,-0.007510044925995333,0.08501511933386914,0.09716300764056118,0.05991067712063896,0.053081523060550875,0.011859432136718782,0.016725104285982274,0.030044560010393417,0.03061938839831974,0.07180261233907745,0.17035250119637996,0.047785304598292486,0.14074420641582458,0.15858739722539272,0.21175304148430518,0.11568765475578437,0.1550347717574678,0.08001206447051813,0.14861346694928212,0.09953906237624292,0.1878394887455468,0.16143373832969668,0.09644240421088077,0.12195302499407858,0.14693857838396351,0.13216545589008766,0.1273929394903235,0.12693004394306373,0.046921857045932006,0.1155816282120984,0.044925319262380255,0.04363482566176329,0.01981938141680922,0.017628063536302578,0.09885328134912966,0.13867847844419084,0.1622155269712871,0.033992253975998615,0.040796817149705185,0.1124364533819521,0.01892948932562295,-0.019020471790942677,0.15474850621332123,0.035801770266155525,-0.0063139949498761784,0.0691524896340022,0.008320430508775574,0.10087753006037331,0.006617127017081159,0.09591709863445025,-0.0034526248731552253,-0.07259946040971363,0.00584257815785366,0.07170342900455204,0.029831866491341407,-0.04039265774944582,-0.035376517459969226,-0.037518394056462866,0.0009557081217350868,0.07179879555732886,-0.005016805095356441,-0.023027048048328155,0.004293011567091683,0.03817618115842681,0.23147852988968365,0.2785049215406362,0.11563233171299094,0.14390366624309003,0.0578343334463515,0.16809820114139046,0.33079812533909936,0.018866048748240914,0.5916148534498392,0.4722053899203788,0.55146189034726,1.0,0.8261256359473813,0.5345380882953202,0.6406170275208338
C8 GM right ventral horn,0.04773086512482809,0.03163246863520129,0.001984894558829089,-0.032259610171075905,0.008329430767883107,0.06341248605741436,0.06912833732920681,0.09170571828131223,0.052554463208188275,0.06249329018734415,0.1440123489727866,0.09526364078220521,0.10062294465990672,0.11908147232901763,0.1504828144785895,0.11644578512924629,0.1071489152113391,0.032669841483406376,0.10622380408602027,0.09375367122846712,0.056568599075617364,0.0794752098124047,0.03840777833625139,0.03182611527745207,0.04979065045003679,0.132099088243592,0.11766249597699638,0.05685571333193841,0.07769513742609346,0.035560778989499574,-0.0251620901566954,-0.013178981492650543,0.05776901647553332,0.06675526014388976,0.045636997323759386,0.03252352445069569,0.031670827388827566,0.015430393787805679,0.013472735922986877,0.05412526817331266,0.07752217418221208,0.18664183752364666,0.06349775924768815,0.164755635296487,0.10926563379604806,0.16601319783269644,0.0877953950819837,0.14728952539149573,0.05774586492318209,0.10796094645719338,0.10085264891811464,0.15011775867346172,0.12500379221842942,0.09302064808267392,0.10402391965973862,0.11040368819316888,0.11033055651603137,0.10207300822780115,0.11236872419341681,0.06347544466968118,0.08884098989829967,0.06398308551224356,0.08657080390509181,0.04876081434031773,0.03475479036932436,0.14642747301512607,0.15305041699985245,0.152916759449497,0.03298030756580317,0.026258392659448057,0.10286110261341133,0.029606146908601125,0.004870334189745099,0.20135390398768893,0.06170084108802479,0.00837368196111164,0.09509153831240882,0.02929775406489955,0.09064141279504899,-0.02404113182618705,0.06119516934495781,-0.009631977718996883,-0.06121811611327648,0.011765144959656568,0.03120459433164649,-0.010340737423058041,-0.03790305921900043,-0.0695764635980296,-0.07546660430424809,-0.05170181742038219,0.04169776988807938,-0.05166126901645064,-0.05021561455710963,-0.032210466697200374,0.03480293344453349,0.1967096578157375,0.2826323665193424,0.09488198727343133,0.14293699567516815,0.07557799963392722,0.16464719487841503,0.3134909118145401,0.04614621531045761,0.4322853222910516,0.42314392243754506,0.486534890143958,0.8261256359473813,1.0,0.5486466660682205,0.6567605436918281
C8 WM ascending,0.03130028300094876,-0.027970537229174697,-0.035948759125524525,-0.032868002304818913,-0.029863334456959795,0.015393602043731523,0.10541652428618817,0.12695198707487013,0.04652265249119918,0.13420968351766785,0.11204079489041459,0.03904164803622758,0.056615956459565554,0.02615029698067494,-0.002500153013397138,0.11349307393647105,0.13833226632141526,0.08067487143626548,0.06624257639131483,0.005386799745353251,0.0218629119217147,0.060223781257642946,0.013912425571256864,0.037245942300112134,0.08152559931071168,0.11891140365312694,0.08640991248439987,0.02089765295395112,0.04142865968770342,0.029027576327254348,0.01763451026019878,-0.06242577108496703,0.022532361231404497,0.060786050983129614,-0.05721544996674095,-0.03144927048742305,0.06821104335080631,0.09622315266826553,0.007411621933139785,0.11142208266495372,0.128886793809469,0.1461195626722315,0.05877916368651458,0.019865397127450418,0.016181498852207606,0.13624577828031026,-0.008564331807485573,0.0383678350925086,0.04833299206911469,0.028710445025586326,0.003514466238785822,0.13980117099247016,0.003794507162991127,0.11699256110974804,0.05362226471662122,-0.02448194805188002,0.027134711028784314,0.022129917863365618,0.08137210629294582,0.024297071175468126,-0.007474647093794392,0.03324610996644145,0.08452441669189094,0.016713659011680284,0.003337856809233699,0.11800495279358834,0.08007421368568945,0.05058012874777604,0.02691793604358688,-0.01694047465166942,0.15537662999555923,0.13335355798535753,0.09616777467503927,0.20922733319021972,0.13752166410070188,0.07517947399830875,0.11991355159728521,0.10851354282354862,0.1174139323175539,0.09955189119879601,0.13391870172267542,0.10048652010402964,0.051827591186349775,0.07624788274600083,0.13012208500312825,0.1244443488318847,0.0042482979452617324,0.06923000666480128,0.04704379982908954,0.0938210916251201,0.13755763524510287,0.02472377515195229,0.047499257154917034,0.0799561314249825,0.09659484195933468,0.2096105481321077,0.2694115058708539,0.16790742095179714,0.19099530744056062,0.13889454922032582,0.2340220068229518,0.31841032980665457,0.4143664715320661,0.45371308092623003,0.5049513287765383,0.5532867795427325,0.5345380882953202,0.5486466660682205,1.0,0.677321043368005
C8 WM descending,0.043766774712234884,0.04231788108280634,0.01955785700707372,0.015137826556915751,-0.006089294990745609,0.06354279800060215,0.060466909949570866,0.05084506366785084,0.0024535376216425395,0.08482024049268538,0.08996403155200226,-0.006477272132022761,0.10605628339814333,0.016826221972955302,0.016420738196532735,0.07791066278989649,0.11676343064519631,0.020822057224077192,0.10587467380792606,-0.011212923913779599,0.03825216387872522,0.0372783785900923,-0.044606815787202096,0.09800701185689992,0.010303873616186981,0.09718913450028349,0.049632220741907,0.0252493224282025,0.024143029312172482,0.0733928905745616,0.016329982434748414,-0.014492476728883262,0.06701656955234868,0.09847097924795488,0.0028684812586306984,0.0636807087715733,0.04098482176963692,0.05341239117020008,0.014662239264948362,0.06504205068188228,0.08575215555405949,0.07118705201033779,0.07198011655632357,0.0764643440171049,0.01721424080872799,0.10363938875284695,0.020376735181100458,0.09054174626138027,0.005798875257405142,0.025512394449986358,-0.002212798331485425,0.10695041783104382,0.004703711056424044,0.057596481140630026,0.0613867775626728,0.042625729577667644,0.02864742858242065,0.04579461550211178,0.05884554782885838,0.07004460543019661,0.025354757568346164,0.026804213902018377,0.07855801320703033,0.05627832446654307,0.008145692633733407,0.19043352472891176,0.16947173052298975,0.1255416204352691,0.010759746221157019,-0.021505630661936552,0.17740316985080104,0.06414391380025782,0.03123418294453076,0.22207512384281045,0.07335358791129289,0.012839978094905922,0.08317684064636616,0.04501529381455601,0.10732862869656282,0.10289788609190836,0.17255399241232372,0.07675006335072106,0.01817851262270204,0.0902946769694528,0.13232967294395265,0.12857524978021365,0.02695197319402191,0.0423096405085383,0.008025717444872302,0.007764107016947794,0.06298285154146548,-0.05897924768279548,0.009607416858414998,0.00049009238801526,0.06591194245391327,0.22398738062939486,0.2902055877744384,0.10428717296096085,0.1339263802474956,0.08545270853025452,0.18509475255797297,0.34596958334776645,0.2893393393515582,0.58682392753099,0.6269889125132805,0.4075360167500603,0.6406170275208338,0.6567605436918281,0.677321043368005,1.0
