,7Networks_LH_SomMot_8,7Networks_LH_SomMot_9,7Networks_LH_SomMot_10,7Networks_LH_SomMot_11,7Networks_LH_SomMot_12,7Networks_LH_SomMot_13,7Networks_LH_SomMot_14,7Networks_LH_SomMot_15,7Networks_LH_SomMot_16,7Networks_LH_SomMot_17,7Networks_LH_SomMot_18,7Networks_LH_SomMot_19,7Networks_LH_SomMot_20,7Networks_LH_SomMot_21,7Networks_LH_SomMot_22,7Networks_LH_SomMot_23,7Networks_LH_SomMot_24,7Networks_LH_SomMot_25,7Networks_LH_SomMot_26,7Networks_LH_SomMot_27,7Networks_LH_SomMot_28,7Networks_LH_SomMot_29,7Networks_LH_SomMot_30,7Networks_LH_SomMot_31,7Networks_LH_SomMot_32,7Networks_LH_SomMot_33,7Networks_LH_SomMot_34,7Networks_LH_SomMot_35,7Networks_LH_SomMot_36,7Networks_LH_SomMot_37,7Networks_RH_SomMot_9,7Networks_RH_SomMot_10,7Networks_RH_SomMot_11,7Networks_RH_SomMot_12,7Networks_RH_SomMot_13,7Networks_RH_SomMot_14,7Networks_RH_SomMot_15,7Networks_RH_SomMot_16,7Networks_RH_SomMot_17,7Networks_RH_SomMot_18,7Networks_RH_SomMot_19,7Networks_RH_SomMot_20,7Networks_RH_SomMot_21,7Networks_RH_SomMot_22,7Networks_RH_SomMot_23,7Networks_RH_SomMot_24,7Networks_RH_SomMot_25,7Networks_RH_SomMot_26,7Networks_RH_SomMot_27,7Networks_RH_SomMot_28,7Networks_RH_SomMot_29,7Networks_RH_SomMot_30,7Networks_RH_SomMot_31,7Networks_RH_SomMot_32,7Networks_RH_SomMot_33,7Networks_RH_SomMot_34,7Networks_RH_SomMot_35,7Networks_RH_SomMot_36,7Networks_RH_SomMot_37,7Networks_RH_SomMot_38,7Networks_RH_SomMot_39,7Networks_RH_SomMot_40,C3 GM left dorsal horn,C3 GM left intermediate zone,C3 GM left ventral horn,C3 GM right dorsal horn,C3 GM right intermediate zone,C3 GM right ventral horn,C3 WM ascending,C3 WM descending,C4 GM left dorsal horn,C4 GM left intermediate zone,C4 GM left ventral horn,C4 GM right dorsal horn,C4 GM right intermediate zone,C4 GM right ventral horn,C4 WM ascending,C4 WM descending,C5 GM left dorsal horn,C5 GM left intermediate zone,C5 GM left ventral horn,C5 GM right dorsal horn,C5 GM right intermediate zone,C5 GM right ventral horn,C5 WM ascending,C5 WM descending,C6 GM left dorsal horn,C6 GM left intermediate zone,C6 GM left ventral horn,C6 GM right dorsal horn,C6 GM right intermediate zone,C6 GM right ventral horn,C6 WM ascending,C6 WM descending,C7 GM left dorsal horn,C7 GM left intermediate zone,C7 GM left ventral horn,C7 GM right dorsal horn,C7 GM right intermediate zone,C7 GM right ventral horn,C7 WM ascending,C7 WM descending,C8 GM left dorsal horn,C8 GM left intermediate zone,C8 GM left ventral horn,C8 GM right dorsal horn,C8 GM right intermediate zone,C8 GM right ventral horn,C8 WM ascending,C8 WM descending
7Networks_LH_SomMot_8,1.0,0.7232952183653858,0.621114116946509,0.5405409518960719,0.5701559041818923,0.5013602196175021,0.5040098785788243,0.5031244257466169,0.30796726871448077,0.5250609907781915,0.47672047822060426,0.4481206897778579,0.41272933556433555,0.31967635928660953,0.24168258004616255,0.4072854354657626,0.44869671300067115,0.5140238133333457,0.28987615168827935,0.04249483173376244,0.2490076325540906,0.2269864533279498,0.35082179475189734,0.35097280568918054,0.33526493234379645,0.3576468469793277,0.2038595332986896,0.3082409135006306,0.3703370752536474,0.10710513376116565,0.3367921698728786,0.42124117940480416,0.5925742349430897,0.6380040716813685,0.5255007428802575,0.4773518749097895,0.43216248318258493,0.6226481480571578,0.5698036634881731,0.5753557212408249,0.4598451039491388,0.3170318420699415,0.6049564306063455,0.44637058153617115,0.38253959196157944,0.47895306026761275,0.2166957403412235,0.4402415600130637,0.32521306828514224,0.25458615516206057,0.350440286941832,0.4644982002962438,0.401086353079132,0.4370377791340441,0.42991884350256826,0.41718401695969104,0.3786917005133783,0.09720623977299606,0.2916273460739682,0.2687452939338229,0.28857343680775477,0.29722015380957184,0.08730494632261375,0.13482048414216455,0.11952987024872194,-0.0005828285491766964,-0.007054049495713419,-0.01665440706044158,0.17316161116262382,0.08614951910095975,0.0029072042409954463,-0.018459812167754636,-0.012259927615995732,-0.005536256473968798,-0.017565090365322465,-0.028459795458505438,-0.009103818916484934,-0.014586879543480738,-0.07705111525858029,-0.1155004605897972,-0.0631164074925068,-0.04049569063505945,-0.11918480039860817,-0.13332007630578602,-0.07078160832010909,-0.08812434328775844,-0.032498101722355746,-0.10359212075513828,-0.03017346831574761,-0.015962316154820536,-0.09361507440068409,-0.039216770622554374,0.048394308444135066,0.0619937539745597,-0.09728938625548329,-0.06998642115498156,0.018816018762267978,0.03246593070220299,-0.03044339477971337,-0.008558378614026706,-0.01132853548049765,0.07593379109241795,-0.07697420510334523,-0.04463095775680588,-0.05110742934101063,0.059442848389336146,0.05795549687796037,-0.007453996534510322,0.027035587343969866,-0.042070699841848753
7Networks_LH_SomMot_9,0.7232952183653858,1.0,0.49779311968996875,0.4143312596111993,0.7026975308853542,0.46767729954467163,0.518328175976535,0.42906739361334073,0.36472493107121784,0.5503205809573085,0.38555659696881356,0.42621108659096163,0.42591166598711433,0.19084950977402806,0.17543192759627765,0.3369925890704887,0.3997152429034916,0.48386445460015604,0.2717947441947104,-0.07207185911589047,0.1879497156685308,0.08616086123484344,0.2403427454653435,0.3584732425274915,0.2480100662112778,0.2708666250689249,0.1396423643545772,0.2675482141741854,0.3000725111351647,0.07633340396623378,0.358587459946222,0.3896595874173313,0.5218670554069844,0.6992833282525766,0.45036936695283614,0.35383625181495587,0.503905436226925,0.6209758359594845,0.4445911283403653,0.5735183416134675,0.33505173608755245,0.2305392133494872,0.5015502306276212,0.402324358580201,0.2874116321790703,0.47702709772739205,0.16060671129193765,0.44826990431882546,0.22990245745807092,0.13172626092713904,0.35663703721068934,0.4191847317024282,0.3587121413719573,0.3908466442078978,0.4646475193295597,0.3609587889675626,0.261251675823418,0.031670861165298964,0.20776871473006228,0.23765792875815506,0.28391094616115253,0.28206062166065105,0.07438333861719212,0.13054023957770336,0.12210178807002826,0.04918217945038033,-0.00016472946766029988,-0.001700589353465402,0.16513548263315583,0.11952889976491714,0.07887520787385914,0.015397501017811963,0.0349343097675377,0.09497419762750159,0.04895408522842405,0.039215039322632594,0.09162055896699826,0.052092033674266146,-0.060827404961604346,-0.0683838468736283,-0.10273885498115809,-0.03359647893773776,-0.062443293006840796,-0.11229490585888127,-0.08213625999956883,-0.10360306322094576,0.04642831793935101,-0.056162781804460174,0.02901041034494934,-0.024608173457682122,-0.09569329932125292,-0.06514282739582056,0.09875183270603471,0.05160605723865256,-0.13629806019140597,-0.14077650791059965,-0.052670216679838074,0.11322231887984734,0.0020708282938381615,0.001673862014080877,-0.0054246533967180315,0.07636494706728295,-0.07632561582665964,0.024520024151361647,0.020463451681583207,0.16502070588641304,0.11554520934186481,0.06551417972959347,0.09573508615389112,0.06183917419186193
7Networks_LH_SomMot_10,0.621114116946509,0.49779311968996875,1.0,0.38102248472527867,0.4301533276635876,0.29275640929708086,0.4054179406000292,0.2504183334210074,0.2192064918102524,0.45972821657112195,0.4853075323966562,0.5191105381702241,0.37458826036810555,0.2609620789599813,0.3540085753399883,0.33207136789236236,0.5789385484730916,0.5135431380108973,0.40977036171753,0.14341210919378478,0.4277032289382214,0.3367454366145756,0.3917342691114794,0.4928654484854848,0.3927274280678608,0.483207905255116,0.16754564985193168,0.4175618329772669,0.33855926556083404,0.1825094767835176,0.40487818491610206,0.46432207246088136,0.46105685470891977,0.4979387593729716,0.4960424538149743,0.19695984464385405,0.30594233538188426,0.4461376125339082,0.35669762176048997,0.462531733317462,0.27003290956041764,0.29356725566715053,0.5131562801711368,0.4850547179839439,0.2569439584486707,0.519483371215075,0.2683785776417603,0.49285714595181,0.31018719007405565,0.24351628633703554,0.4295505076390604,0.5586240007352831,0.4137029893960932,0.43672824275218697,0.5098905159317392,0.45369341948261793,0.3488347455836974,0.14321528341628073,0.23285795339058196,0.3634952397078533,0.3283773589274671,0.30089974313296797,0.10684284393170304,0.11391799555356967,0.16739051899758053,0.061458956992625616,-0.07233430436679472,-0.029979414829607913,0.18743609371450884,0.12088214257487193,-0.10473458742099272,-0.0833830190671474,-0.01876930175328128,-0.12284018233943042,-0.07651697988178795,-0.03500986103154111,-0.042105961093321535,-0.015011605645969756,-0.1288716522204712,-0.11120279495867787,-0.07874978656685677,-0.025820120446673877,-0.07948112120966859,-0.07604975807077653,-0.060048893307645616,-0.05856648715991126,0.03615302774948509,-0.10444577815524983,0.04836012024594276,-0.005022171275912269,-0.13928684269460506,-0.06731308503792878,0.14337652025157974,0.11503091119807207,-0.07689753173365754,-0.015990379604822972,0.030907507832444118,-0.023767026844207936,-0.009520690575001198,0.01824067322178866,-0.017406045980037387,0.024048289612087426,0.005719110620688929,-0.045768962533117706,-0.08330779354765627,-0.019260303768948626,0.009510807384834603,-0.11773614101619645,-0.04180294178799118,-0.1382540778040309
7Networks_LH_SomMot_11,0.5405409518960719,0.4143312596111993,0.38102248472527867,1.0,0.2895835674378176,0.44256663708509125,0.28542962113521,0.5102424063991929,0.2874088324562606,0.3080965497668096,0.3227715253756528,0.2916922562460748,0.3037359437005586,0.44501597677659027,0.2734790407941163,0.3251574844427872,0.3149740845893855,0.41912851014395863,0.2031102775311948,0.25932879502134687,0.1879467360192151,0.3811215655941269,0.3503606465423521,0.19407899565195444,0.2582984666359298,0.2411123437340121,0.14896428434278955,0.2805231082291175,0.3168844933159418,0.137493705522819,0.22178077019378237,0.2155150360006452,0.4145119405528438,0.3606800381779394,0.3924495309419954,0.6050491734283973,0.2088781678065355,0.48166905628642387,0.5931066677152828,0.3529632828867786,0.5006384904729875,0.20721793347351608,0.4487267654926529,0.23991085267773682,0.3843195990044579,0.2951653294253769,0.23972339891749755,0.2013576424764734,0.3961287923249388,0.4173417310106301,0.2802628366360327,0.21019067202894892,0.35137380384188427,0.26605027617351423,0.1870974058473024,0.35708254184018734,0.45176519117327457,0.22161974075969645,0.3746447814445218,0.1445915763471489,0.17296326354733269,0.2506083598798448,0.04216328941478714,0.019941814072309723,0.03501767282866818,0.009520342265292666,0.011177714567305255,0.021719524103555415,0.10560790089949383,0.04637173479600135,-0.03645537035304597,-0.008488502446959926,-0.007202493496695972,-0.11721825519032601,-0.09618938584152006,-0.11221307043480985,-0.056050182373208454,-0.08165066310462939,-0.05420357554876833,-0.08131252494246977,-0.03956280108787551,-0.017467829244800313,-0.05472714165681404,-0.036818519652082944,-0.042169551820349725,-0.02110522458300958,0.06071748552902676,-0.022341338922532792,0.07602770445023445,-0.04127752545610921,-0.08858369609789148,-0.05976934974802422,0.13914480968536314,0.04624303972277717,0.019638768527899805,-0.045632242245288696,0.03118869244557326,0.052415995698185135,-0.03378829899496551,-0.015405445409175997,0.01210166884760289,-0.0282806322314164,0.0016534619900202695,0.022855356458918348,-0.0372020278327415,0.13265396319728945,0.06816559688269536,0.011329648228472712,0.060045539227977694,-0.01627433634570186
7Networks_LH_SomMot_12,0.5701559041818923,0.7026975308853542,0.4301533276635876,0.2895835674378176,1.0,0.6507498386306266,0.8110311699728923,0.5360812118081412,0.5043262414403218,0.775157399601563,0.3538195534195996,0.42103779176586337,0.4563012347171938,0.17835966255789623,0.15875397857255355,0.3323423925888377,0.3999069592694656,0.4386934523249716,0.2847006818656162,-0.10054289000398306,0.21174487851858437,0.05874133647987521,0.19181009680073777,0.35698684780475937,0.2496793093910119,0.27025952480208354,0.17407540772375596,0.2780869225406171,0.22734067035559924,0.0943854012763618,0.33466520766229285,0.3085013889968258,0.5093346006979139,0.7300730300253225,0.3381978192950902,0.22987511064529112,0.6813349861258806,0.7398195782530191,0.3208553290737965,0.7830678932029286,0.25638911447480867,0.27641737932571525,0.49001358323413113,0.455465119916165,0.21369740387267747,0.4247505947391126,0.160055281163047,0.535822168393884,0.19832927922059024,0.09899398325123379,0.34514765555963745,0.41110306570110317,0.3262926694602832,0.38157547029429345,0.4864383447584202,0.3620243897240785,0.2020731351129832,0.09070182489547828,0.19649262909144027,0.2577853994515431,0.2699992592671394,0.2764244107371641,0.04917563831179219,0.11171694784640544,0.07819093029594586,-0.008462743514481999,0.01393883328607617,-0.0022247590833531727,0.07277422841332067,0.07666179351183541,0.11963738325592298,0.062197349795576305,0.09365324863949605,0.13728215122034249,0.08976795072287429,0.07147725522060064,0.1350670422625348,0.10485735094018342,-0.06652816198530763,-0.05018280941442853,-0.04973043081627367,-0.051862387120575164,-0.026605981270916203,-0.03147986051726876,-0.06306961414097023,-0.03359018238356794,0.01900405564099236,-0.00828502733433601,0.06930190085777649,-0.0860618373048518,-0.08933067083399106,-0.040505989011919166,0.0573746600510438,0.018003572294969333,-0.16732435291214812,-0.16672274358371816,-0.1399413074425559,0.11474511157769057,-0.035864476243836214,-0.008130254302899917,-0.04578074994182097,-0.011479345173467865,-0.03052486092181792,0.015834782391865417,-0.014944673823406321,0.12077388892099679,0.036817709634845486,0.017870362622509905,0.055695719725919454,0.021818949489787
7Networks_LH_SomMot_13,0.5013602196175021,0.46767729954467163,0.29275640929708086,0.44256663708509125,0.6507498386306266,1.0,0.6436507524632756,0.6387595444817166,0.525115667828036,0.6210146091543852,0.2172815559073725,0.23959274876743752,0.493786847028243,0.32344972761518925,0.143296972603687,0.18605747483998483,0.22188923544860073,0.29421574690412744,0.20346828477640624,0.05497491183235437,0.11551130590749978,0.10348793882260555,0.12917307779043616,0.12523854670318038,0.18996645972277967,0.1041965857943935,0.26031973755085785,0.08528274740383131,0.23139313518052004,-0.0343575048353008,0.17146337879188034,0.1730414575212521,0.44511240313157985,0.5475926895990032,0.21515018902421038,0.3597213132934625,0.4312804911673709,0.632194279733101,0.29238697851378326,0.6635808599326177,0.25734054886850133,0.1927288523529067,0.4446663593509279,0.3236365122299508,0.1906859925439029,0.18567655437776645,0.26061353215144095,0.3567772746321765,0.14954039921260506,0.14270872155934947,0.17477230677024605,0.15363148805061877,0.29399253114743346,0.19257632525165552,0.20503438423148826,0.22295081545644063,0.1828441448029569,0.17319812727840578,0.18661122578066228,0.11351941219268262,0.09110337493264425,0.10379390194724092,-0.014056284592006061,0.04656336910744081,0.039447248591201835,-0.09450292743269396,-0.012487326772185935,-0.006420864915416354,0.007386508474487784,0.034136140797678995,0.013781407000090198,0.019668103014716432,0.05050974640061999,-0.039903392602615134,-0.049874892032288023,-0.026815988508160776,0.009954711993360834,0.018541790308554858,0.003369144980748998,-0.006327809479501721,0.03770013557206457,0.025811184338236065,-0.007190421839177741,0.028129284674777467,-0.015045659348425892,0.008282993367389052,-0.0007739765597392144,0.0003637935573575766,0.07002170059727948,-0.1137884116611502,-0.10138626267431254,-0.04001327881439034,0.013971355149463788,-0.011658954633825238,-0.08975588288912867,-0.15065747071843819,-0.1746481023502977,0.07771706022378488,-0.02544117770596335,-0.0024667096374482566,-0.0393888050605587,-0.08007317947293018,-0.016980873186052892,0.06522833932044067,0.04082308044533768,0.032103356572400904,0.022792131940747976,-0.006740559426958965,0.03010146222168515,0.032282739635244605
7Networks_LH_SomMot_14,0.5040098785788243,0.518328175976535,0.4054179406000292,0.28542962113521,0.8110311699728923,0.6436507524632756,1.0,0.5783834234611445,0.5973906256985834,0.8282826487236716,0.40719857037679436,0.4293118437140121,0.4505483274524228,0.19066375992702664,0.1985522563808309,0.4019366865089406,0.4204718921287108,0.4656421935854991,0.35820227874705285,-0.06653459773491444,0.2686745032630089,0.07452209604585895,0.24249690799658785,0.3578563221008638,0.3354644842744708,0.3230828046720958,0.2667641896912222,0.29570648853703946,0.2424190139255965,0.16485728703254296,0.2390750253505805,0.33384229511459,0.4823855360115306,0.6540407235889452,0.3295008051789126,0.21835155161222253,0.5982364818226786,0.73803467157586,0.30633265795289066,0.8113852070507798,0.2570936396713882,0.35932471300914187,0.5130582192279168,0.48049279255034005,0.20970897120659815,0.4316122722065662,0.23451552047361568,0.5975207378671776,0.21966848191761432,0.15581480102912887,0.37636644964482346,0.42568844673148853,0.35622449816667906,0.4130359591061309,0.5057976786417423,0.37708028933336213,0.2098244140978103,0.19416998195272986,0.2519452099297484,0.3170994394281858,0.32659995070546793,0.26517854610515684,0.02273587180694686,0.09227160918210188,0.04811873657328019,-0.03846130811778644,0.00986318741487065,-0.0057557025392879595,0.028377910339541724,0.03383169793916394,0.07343735245154022,0.06207990847630542,0.08389173065449804,0.08619163965210001,0.0819010710474226,0.077302193599421,0.09009896784788261,0.09281823053341318,-0.027482284239804387,-0.023793107554195916,0.014097984400617743,-0.009175189887182087,0.024823567696160016,0.0517644020834563,0.011561962098204938,0.03633046672591528,0.017121536834046464,0.012552949988138929,0.05281350328306245,-0.06318316269303177,-0.07404929100602786,-0.054050170968337224,0.04142198870251199,-0.03889225084549033,-0.10622342223149878,-0.10942903465952414,-0.12655017228504334,0.11495728431297356,-0.019830211135364373,0.010575143768535107,-0.01739532013696948,-0.007203599733468701,0.011365074164295127,0.04638078163477732,0.007995270792030893,0.06844802427880495,0.0091671706980509,-0.026912884589410883,0.06730741697607212,0.018588959256762395
7Networks_LH_SomMot_15,0.5031244257466169,0.42906739361334073,0.2504183334210074,0.5102424063991929,0.5360812118081412,0.6387595444817166,0.5783834234611445,1.0,0.3782784886684671,0.5984234638724425,0.38661730642815356,0.37150641355112624,0.44590831065417813,0.44805745212082243,0.18659045628212967,0.44007297483555147,0.40752261050163513,0.3888050222354946,0.22732241969127767,0.2185832594255485,0.183006801966775,0.28968070541821506,0.3178394024958111,0.2787026952803582,0.30139423103718727,0.2903179241253834,0.26086984575692806,0.2947817859148759,0.25632338802440485,0.15148888081213838,0.253954268308262,0.23777844557339148,0.4394378221225522,0.4720193131491887,0.3523416754826898,0.5187640253141376,0.4516500312863534,0.6683687702918536,0.5789067254218244,0.6064406985738272,0.5424668672172731,0.33611552699050573,0.5421340552624111,0.34318971274368887,0.40680100918189027,0.34428999280102535,0.24769402012331795,0.3473062425252551,0.3727587069295868,0.4048222382827881,0.29498406842907,0.2909206173241273,0.3629512244935875,0.31607194649149056,0.30218923239497686,0.36519523666155906,0.4010124890168401,0.21280575822939726,0.37959333475699064,0.2052809382125291,0.211198326522258,0.24369847083936544,-0.050062890123397756,-0.014933468583084093,-0.024873877193258564,-0.027594222745460584,-0.030008971266926594,-0.07279419249922753,-0.003215792587701377,-0.07248143139651719,0.04519855884989571,0.026368658370798107,0.001338504677422821,-0.0016709077424106003,0.006491316664246813,-0.0009449858828851814,-0.00574873220059037,-0.03745726317748669,-0.041632170873460515,-0.05068906618348957,-0.0020839594696107594,-0.005593784083179334,-0.010485532770406196,0.019065996614615936,-0.04448538546524166,-0.010456346347363083,0.05783595386001327,0.06184907024547801,0.0986723623871292,-0.09335615210859409,-0.074965788562523,-0.06072385880575554,0.05614354625536352,0.0013877675594143014,-0.09358484205969805,-0.13211579784035007,-0.1190686001463725,0.09869297975064407,-0.01094862067702826,0.007675332714540475,0.0009552686222145491,-0.024343394210855976,-0.014616256850689256,0.013679052323766717,-0.009899017780245536,0.09941896546131336,0.032401877257486875,-0.0120112609749454,0.013433040354673397,-0.02343843497862042
7Networks_LH_SomMot_16,0.30796726871448077,0.36472493107121784,0.2192064918102524,0.2874088324562606,0.5043262414403218,0.525115667828036,0.5973906256985834,0.3782784886684671,1.0,0.6647213289469792,0.3026611806267698,0.34334215371135085,0.5298459611612931,0.11939073498913627,0.18550258214226872,0.1567806128453421,0.1835044603743765,0.4651677769415115,0.3159896389874213,-0.05848257304426854,0.14111043626147576,-0.03634449404979375,0.13397849718183635,0.22130334062281304,0.2027359073272099,0.11454503620416787,0.2521075348671867,0.09404511973703804,0.18999062947784331,0.023776405540679616,0.20930366686472993,0.30776277831128984,0.40798982593392813,0.4895268043764163,0.23848933453594418,0.1279485796504019,0.44975188969085045,0.4792580236204745,0.09284849748191504,0.5770117700629184,0.024210570476831825,0.24703448502937686,0.37595281450831347,0.39796332077282054,-0.018391921312526954,0.3148987481864175,0.2872523095299866,0.4342716631076849,0.05743442982565131,0.059395604801121604,0.24988652713901943,0.19693802954077444,0.35218956487172653,0.23407515128343578,0.24961587170115107,0.19133543997989774,0.019745598722947295,0.2671647907249334,0.18450136871066952,0.12670393184530504,0.16599915339925983,0.08875644789211834,0.033259330283506264,0.061399189381247436,0.032262498828327504,-0.06025045306441515,-0.01123590962667979,-0.005507319800271505,0.0035091726244859084,-0.03369658705662663,0.10689352024038677,0.06427841415557309,0.0841030239329104,-0.004112405388524029,-0.01364508681549616,-0.022258317947026686,0.05168685284134332,0.0208735161917,-0.006010039918543007,0.023958178058446765,0.04186028609724457,0.017862484432844206,-0.0451733419498088,-0.01939784365795825,0.0217869800929565,0.009325121453143672,0.05850350316770076,0.06443441375496009,0.09807560757401824,-0.07241049555720369,-0.04615140517810183,-0.06913126586110004,0.028181699486936187,-0.04379451180691471,-0.07294876358727748,-0.1646748617938584,-0.1510817659668932,0.10620715912059443,-0.03596017506177749,-0.0064559912039251115,-0.061298034571026505,-0.06274917337861599,0.11192701270740404,0.12129877358422148,0.10572148219643139,0.07002698077427938,0.059352160501027276,0.05895907278286976,0.07634024528355854,0.07988407414661432
7Networks_LH_SomMot_17,0.5250609907781915,0.5503205809573085,0.45972821657112195,0.3080965497668096,0.775157399601563,0.6210146091543852,0.8282826487236716,0.5984234638724425,0.6647213289469792,1.0,0.47984037680899244,0.549639400166081,0.5900659737063358,0.23655268435477914,0.2593425614845234,0.39463569657469794,0.47947461747042663,0.563714741384665,0.4063594361246243,-0.043346202512890716,0.31180193773878173,0.12486299425683973,0.29689957564653174,0.4294855833932778,0.3532018342285702,0.3690921599601963,0.2960562787973119,0.34339188663218984,0.3025917330105564,0.1674165580413323,0.3029624101030553,0.4222167743835512,0.5186877264206661,0.6811444926243199,0.39699138785682986,0.22617567362602653,0.631919600608744,0.7362299769423896,0.3420092091344062,0.8404947061332677,0.2542177364967507,0.39980242749826883,0.600873328031903,0.6106606237629978,0.2333424527801254,0.5313227686749572,0.3105929153918299,0.6544767537255949,0.2543916331759878,0.1867295762834152,0.41030209833612885,0.5034321068082549,0.43442115773720275,0.44807803180340694,0.5573626448347657,0.43546827558789314,0.2431831580758134,0.2317249945142374,0.2763794306399291,0.3491138687401542,0.3824242152069953,0.30666010954915973,0.04871698721827818,0.13615913040482128,0.10779784419754913,-0.05539228164582766,0.013405223305889731,0.01476755020682429,0.07309584738279805,0.057504689757629686,0.04727045450216728,0.024437686289742695,0.07283929131327956,0.047278028564578314,0.02684917502329195,0.03573323797021988,0.06573592651572505,0.0449550365001616,-0.04695365899044491,-0.010961352665110148,0.04187814989578111,-0.02014869639204239,-0.021903859610005988,0.008229180511456624,-0.0038819703086619365,0.029857037660458337,0.0792546514696817,0.04333464294617233,0.11229109371551445,-0.05223326521975053,-0.06499317708791293,-0.028147531133108528,0.09065655073823513,0.021806953129801562,-0.13113836245119623,-0.1633650250034617,-0.15316004199753586,0.14741642981569575,-0.02630338882315559,0.02857140656325381,-0.018266166353639604,-0.002995979781549297,0.04092351622219969,0.07068442264202775,0.03915632480775319,0.09859944479511124,0.06971005522367577,0.0313725356828272,0.08456287704509773,0.05426598739020882
7Networks_LH_SomMot_18,0.47672047822060426,0.38555659696881356,0.4853075323966562,0.3227715253756528,0.3538195534195996,0.2172815559073725,0.40719857037679436,0.38661730642815356,0.3026611806267698,0.47984037680899244,1.0,0.6250077609670139,0.4583614212169513,0.2768290713347233,0.29072388236056024,0.6326427791531333,0.6231899119835631,0.6280942783306203,0.4460748895315983,0.11984058828200801,0.4623752923824506,0.3133222679320599,0.5155831459155761,0.5347967924116374,0.48004490711482434,0.5040475477157343,0.3828670114576182,0.4616121288488219,0.41732890741118805,0.25685684746133286,0.2737615271758616,0.488508959489706,0.41085946954976993,0.4030764953176505,0.5292648064648704,0.3071950768265438,0.32771065978462677,0.4698175921081547,0.5576138206262394,0.4841291253598782,0.42986473175437145,0.6002241200841464,0.6303664497141688,0.6392562335421742,0.38252917262732006,0.725390513313157,0.31968075809109636,0.5371259179523916,0.39876437104400214,0.364036460993558,0.4453305834486683,0.6240443822315925,0.46721518795748795,0.5374752377686656,0.576404291487114,0.5669115510903509,0.416862898431031,0.3023051909878325,0.45746193914207983,0.3836104541987691,0.4872302999876853,0.35202990857183275,0.005849060281562662,-0.019380335954031873,-0.03800051477637206,-0.005901225122573573,-0.07013632300789355,-0.07565267045505172,0.047022762899278064,-0.09257066565942532,-0.03462592423226861,-0.13800380650177377,-0.10041125212502103,-0.08119710138815854,-0.11176745506069731,-0.11119767054753284,-0.06065223984189578,-0.12412913249434045,-0.10062581815219286,-0.07334211913618403,-0.0852787804507412,-0.05820148143599665,-0.027842649350162414,-0.040356391262988185,-0.00033146789882835853,-0.008977327492247682,0.0536639051789075,-0.027159198040691265,0.034061714839707484,-0.05591779357569975,-0.08387390001888992,-0.03775999197736378,-0.026216638688074678,-0.05704607663832151,-0.0339057670867958,-0.13786697851167568,-0.03799419456703858,0.05725399993682984,-0.09165048526334943,-0.024487518689077968,-0.056953988500980476,-0.07314774314414389,0.11389557414272967,-0.02883758661643599,-0.0632665402513746,0.09395165002409545,-0.033623161619515986,-0.09102818600015561,-0.05894669532582298,-0.11852846038931523
7Networks_LH_SomMot_19,0.4481206897778579,0.42621108659096163,0.5191105381702241,0.2916922562460748,0.42103779176586337,0.23959274876743752,0.4293118437140121,0.37150641355112624,0.34334215371135085,0.549639400166081,0.6250077609670139,1.0,0.5965875787535869,0.2857567976624285,0.2609114840276332,0.4700757034734669,0.6492144697040378,0.6425691744184138,0.5205843629681703,0.04783467156249396,0.45916239087459976,0.29386293249843165,0.479498271574982,0.6020044668412764,0.42029512414139036,0.543867188852387,0.1547455736119503,0.5168602807266103,0.25506152502242646,0.3417144755152322,0.38698341768654365,0.5171169762060789,0.39390575841185216,0.47075746163927523,0.5226774570632714,0.25843558815835566,0.43634136398094187,0.5207833435022016,0.48492497313329636,0.4948232674992227,0.3885493984842185,0.5089728530668312,0.6389918542302307,0.7443627390148014,0.4260681896365047,0.7021887360351614,0.2989810629520983,0.6326172872867977,0.456876141584128,0.3044140305473101,0.5013535290908013,0.6368399571864539,0.4884757004645881,0.4992242979186916,0.6547436659975913,0.5711391800473047,0.3643655436818641,0.14362036965734448,0.35820970793098567,0.4303348735403195,0.48027961330210994,0.40974447486926097,0.06368011398911728,0.09187555356266032,0.0822352441551425,-0.0037268347390204243,-0.03191939115716829,-0.026643449413688316,0.10245068885371915,0.02189078484899582,-0.06318826572426996,-0.08668252587888413,-0.03751451155426154,-0.059911847837510405,-0.0651361603383644,-0.052504227879345604,-0.04711881643272953,-0.0710315179503391,-0.14115053508966752,-0.09991266372759654,-0.07023708754478242,-0.053256244343891056,-0.07793395123714719,-0.07890516434510846,-0.07678207989303613,-0.07612516064833605,0.040557839128812,0.02587306537336634,0.07395320687204786,-0.07998646716224726,-0.08592501350791942,-0.06885240942364584,0.04674380149836085,0.0779264205355521,-0.06927749580322949,-0.13124860629267707,-0.029914775374727663,0.08628724049553371,-0.09161731860799777,-0.03808801501125859,0.04161288661480033,0.016929745258240713,0.07354640175413213,0.01962371900082336,-0.018557651040107797,0.13883645516144721,0.07569842372031099,0.0003291298732744426,0.01159948123461491,-0.040727650313510874
7Networks_LH_SomMot_20,0.41272933556433555,0.42591166598711433,0.37458826036810555,0.3037359437005586,0.4563012347171938,0.493786847028243,0.4505483274524228,0.44590831065417813,0.5298459611612931,0.5900659737063358,0.4583614212169513,0.5965875787535869,1.0,0.45453805878194986,0.3338810875887936,0.2574836669417266,0.4514193860996459,0.5168169498548406,0.5189524201677844,0.10467076486903268,0.45029384240492065,0.21216296544366922,0.34688985467485345,0.4254821979555193,0.35630471994044227,0.3650668847440917,0.24083382268482081,0.3300998554939359,0.33205095153997966,0.20372488208575318,0.2889410032671255,0.3703400751538659,0.4117362214850915,0.46330973264023345,0.34503812913355175,0.2529684412167355,0.4356922546524925,0.47519690172028234,0.32899188769536614,0.5177551093270659,0.29255412587185686,0.3544064119654701,0.6523631129623325,0.6295667220894983,0.3382514224528927,0.47023226042500854,0.5453009492500275,0.6022687913721386,0.3503141200296571,0.2569669620244847,0.42124208312319644,0.44132378050951127,0.43537841348648965,0.38856272800668235,0.44841280293162755,0.4724194503000497,0.28621324131050063,0.2393089987492972,0.2841117974382456,0.3844380849799137,0.3850736235082879,0.2898158854550008,0.012192415836303249,0.09801294917347002,0.08032784954491846,-0.08096424071654428,-0.03011295299116277,-0.025305314568814876,0.052496063904145594,0.01683308936305948,-0.05796289344262101,-0.08095241121620574,-0.01599406791796471,-0.13142181201594547,-0.14094191291228453,-0.11964598638894854,-0.04957423709020395,-0.10400235578217437,-0.1092206452009273,-0.07339890552161474,-0.03956677598897486,-0.029387162315424566,-0.041232679780521364,-0.004336290555354276,-0.06704296051264813,-0.007092781960907005,0.10696143942298457,0.09672368370332779,0.11973734387621551,-0.009076805201042953,-0.022282107154789007,-0.029622078856765634,0.14882252921276634,0.1242441828283284,-0.12006551228450052,-0.19488612187287824,-0.1157390861671045,0.13077937189281066,-0.05304661535804946,0.04655204953516139,-0.02806942392572197,-0.02576829555596405,0.05419088382898748,0.08021812647911647,0.0031343758747786415,0.07803754504279754,0.03911894638786623,0.016734743165338607,-0.01962223264506937,-0.02026915441646125
7Networks_LH_SomMot_21,0.31967635928660953,0.19084950977402806,0.2609620789599813,0.44501597677659027,0.17835966255789623,0.32344972761518925,0.19066375992702664,0.44805745212082243,0.11939073498913627,0.23655268435477914,0.2768290713347233,0.2857567976624285,0.45453805878194986,1.0,0.4047106395265582,0.2650868103351666,0.38804361408049876,0.31643143893804676,0.4918165284638194,0.5872010415385471,0.5723366352838734,0.7099071514295577,0.5779728617924117,0.25972986407935533,0.5231753249786674,0.5036138577963485,0.23666894050313284,0.5478574811009211,0.44934929785967015,0.4538051998067391,0.13013755861558415,0.16170184804460963,0.255009424335034,0.23032342227151087,0.33692041791227345,0.46245726474357185,0.11868782423202298,0.4212431928674591,0.5009897001456317,0.2755668882234171,0.6445164234238355,0.24687281457525653,0.5325166021651518,0.24395510447040933,0.5888619682780941,0.22532665315324107,0.47148414860670324,0.3718602086268727,0.7110856320269392,0.6969849805574828,0.3910998763065802,0.3134725429652951,0.2270522769989393,0.41215057235655866,0.2387845655050481,0.5830584028954287,0.6685503822506298,0.1586376270410161,0.42684022582882436,0.46697095812854866,0.4327163841818231,0.4256340487242121,-0.09656639572993937,-0.022340258998766006,0.0009153357397176573,-0.05693249618494917,-0.048921800776337045,-0.03950827606471201,0.0021723899255792433,-0.008050553323409055,-0.09731961279920529,-0.08848589704801517,-0.09845223754260458,-0.046128502737385516,-0.059456406424949475,-0.06944636748830464,-0.060438358309528636,-0.12275533332152405,-0.013290854335423848,-0.07022044072418226,-0.03127996305014578,0.007308319734508481,-0.08287621376034288,-0.02953434577657175,-0.05723889009249027,-0.061167764736129206,0.12167066905164463,0.09257533021311787,0.10620325311698567,-0.09518040624972919,-0.093250166698389,-0.10488476824355625,0.11463114059730048,0.08066265224224796,-0.031391342951777014,-0.07160688635054588,0.011116062420215274,0.04882077631753844,-0.05055770641801717,0.00023555126525684228,-0.0014500955813738622,-0.0516766007981841,-0.09386400584597572,-0.07558450246377131,-0.12267670086844755,0.016116948913224797,-0.01681196667893618,-0.023484529513781948,-0.06089811890232604,-0.09700424463682746
7Networks_LH_SomMot_22,0.24168258004616255,0.17543192759627765,0.3540085753399883,0.2734790407941163,0.15875397857255355,0.143296972603687,0.1985522563808309,0.18659045628212967,0.18550258214226872,0.2593425614845234,0.29072388236056024,0.2609114840276332,0.3338810875887936,0.4047106395265582,1.0,0.2004621926974082,0.3230197184600572,0.3106916090167783,0.49206254588700704,0.3084322472456381,0.502830019235899,0.4391349626175176,0.4421490071548698,0.2745158204851705,0.30439722006477166,0.36392177416119253,0.013135694923936812,0.4345759148087248,0.33194028165029793,0.3443724402054437,0.15198842449434086,0.17435070873394287,0.23986076372425125,0.2114914782591629,0.1287137427767986,0.02143872744806291,0.16130254495781146,0.2854717279046937,0.11124750239041471,0.3030622235386563,0.13519906883845592,0.17291104179711111,0.24473614121700515,0.21663330328705274,0.1243898448852652,0.2545280756477416,0.2833063032117343,0.32974471094488367,0.30486292218977107,0.3389372497005602,0.41378862785875753,0.2480117822392199,0.230118705995789,0.30788579911355607,0.29651937913839593,0.3244312594329677,0.25741832307368295,-0.007437476074691278,0.15107818439888154,0.28352963275578846,0.2879630759378337,0.28960280176454095,-0.031093291032162823,0.030763352222738998,0.05511757784787941,-0.0659432174845925,-0.027973680967856535,-0.0072269540674112795,0.01970277104974445,0.00026908535300185416,-0.040646564036353236,-0.06056742863475793,-0.07967760268191856,-0.06530430406783426,-0.048114909637286,-0.053112497927560155,-0.0549425395521293,-0.08670954267733533,-0.08534270828045265,-0.09869014260914537,-0.08410349428331579,-0.12154597275799313,-0.14099705286562508,-0.13503376538278755,-0.10841596041024595,-0.10133672051154177,0.0834404653974294,-0.02095592138343141,-0.01570788577878183,-0.05207950589998465,-0.06402704568552674,-0.018590440849371916,0.03722037035698474,0.024058215905057717,-0.08236529942656327,-0.07775733520516173,-0.05032811651309389,0.09620680898457773,-0.012194362758385851,0.012380297570144501,-0.016119146201588275,-0.06520119476201346,0.048969626933648584,0.01718719337721728,0.008995289860867391,0.037375508498301964,0.0008659088841446307,-0.03259558881074842,0.02182995732431627,-0.031046385231969786
7Networks_LH_SomMot_23,0.4072854354657626,0.3369925890704887,0.33207136789236236,0.3251574844427872,0.3323423925888377,0.18605747483998483,0.4019366865089406,0.44007297483555147,0.1567806128453421,0.39463569657469794,0.6326427791531333,0.4700757034734669,0.2574836669417266,0.2650868103351666,0.2004621926974082,1.0,0.6104029645868956,0.424232412510053,0.31950018239900757,0.15772946873977411,0.3322928056229705,0.3084472771428848,0.4349736555374068,0.4322762805532483,0.5441472091751011,0.48582986066394185,0.36369391036811693,0.4114901138573021,0.423820398953064,0.25121622071279903,0.20216924441248943,0.36984842727533823,0.23058949290280806,0.2989606157272758,0.4638242028333041,0.3387129633913504,0.2779894830426634,0.4675319502093552,0.5812199975108039,0.4212836617737194,0.5020734800678047,0.4691786589949017,0.49788773433899675,0.45491016857667943,0.40202299745017217,0.5936383340033194,0.24634141966381518,0.40970968790334406,0.41465633950378783,0.41326739443935756,0.421807805272582,0.5754757103164535,0.36317465660698195,0.5626288077863867,0.45830779958298135,0.530331121459564,0.47524819738695706,0.19025727499059358,0.5350978595753055,0.3304554825150162,0.36982330023144067,0.38378548794064343,-0.021159407933234096,0.006091708858882113,-0.013450062241557441,0.062054214712867775,-0.00491542596792796,0.0216289818185784,0.10382898436352471,-0.031177160369482572,0.035750353481113724,-0.02073198798946057,-0.04156809118056217,-0.00480542468547927,0.014309974720824138,0.023685398184937173,0.023346073621454612,-0.031823161747286624,-0.02439259799447174,-0.034893393654506326,0.0026664863876439153,-0.037967138069993155,0.007254608785005276,0.02167386798743442,0.018592851781800552,0.06120133166420529,0.057845361004829544,0.032439885336930964,0.09630592673551938,-0.11653050355631815,-0.06713653232270556,-0.0799409346917118,-0.0052526185627921615,-0.009195092678921936,-0.005914246212240674,-0.053966056282451366,-0.013845524677814268,-0.01847726759454639,-0.07811316267706318,-0.03901306242638147,-0.0025547848145061162,-0.048719717418407325,0.09240891398531198,-0.07379301906808425,-0.06887123492051116,0.0906534007793229,-0.07210593055784913,-0.07843931287043424,-0.040431819042009036,-0.09454478079750743
7Networks_LH_SomMot_24,0.44869671300067115,0.3997152429034916,0.5789385484730916,0.3149740845893855,0.3999069592694656,0.22188923544860073,0.4204718921287108,0.40752261050163513,0.1835044603743765,0.47947461747042663,0.6231899119835631,0.6492144697040378,0.4514193860996459,0.38804361408049876,0.3230197184600572,0.6104029645868956,1.0,0.5841843806863711,0.5417448762309673,0.2527442001461505,0.5319766441554475,0.45840760232458516,0.5787121528193916,0.6193991554953409,0.5801414605553427,0.7117482483622138,0.2503122303988791,0.6104897255149828,0.4020259275311106,0.4178260337242091,0.3769244080997174,0.5020459197015469,0.3528579527913335,0.447493952648575,0.48872035066580616,0.2905905755090963,0.3807395512806402,0.5274614915922303,0.5435608502310193,0.45374103415422634,0.47054937794571683,0.395440651165056,0.5872459764979311,0.5591106133250171,0.4518605786683792,0.6674135679693128,0.2669465952728962,0.5811567577075699,0.5459736102943293,0.4602471553592113,0.576358572402295,0.6860425055315198,0.5162035717509429,0.6065783100663797,0.6546541188404316,0.6652381246649681,0.5250201502098001,0.14802938891497486,0.385576914898613,0.5099946079556964,0.5185021627460971,0.5051497402727517,-0.0356339373564062,0.06438714244107328,0.07224403256574986,0.07059841857271977,0.007863186119076819,0.032440981261523144,0.11690108521730036,0.044777970026471436,-0.04746442370853234,-0.06791798869662283,-0.055492865005707694,-0.07852607838969951,-0.03314936488546777,-0.01384207589066815,-0.029696775792704064,-0.055183271684536496,-0.14240847649426228,-0.1383972559845621,-0.08528699254574053,-0.14105641819628592,-0.12044134779031511,-0.09944374644552326,-0.09246514086414377,-0.056444362135679826,0.0704207475336411,0.05045919822539519,0.07871057873476595,-0.12263669286623562,-0.06394993010611545,-0.05947092317960289,0.0715562109014399,0.12846633584264608,-0.08794228096772369,-0.06833769302585155,-0.006299772411693856,-0.04185032997737023,-0.10540604140605832,-0.044769850345431385,0.00547624439988232,-0.030943982471257823,0.03190471463733316,-0.06860937326689918,-0.10688226701083475,0.04911288188302589,-0.04054703868193839,-0.11447910857093796,-0.10169848225861877,-0.1657912925589569
7Networks_LH_SomMot_25,0.5140238133333457,0.48386445460015604,0.5135431380108973,0.41912851014395863,0.4386934523249716,0.29421574690412744,0.4656421935854991,0.3888050222354946,0.4651677769415115,0.563714741384665,0.6280942783306203,0.6425691744184138,0.5168169498548406,0.31643143893804676,0.3106916090167783,0.424232412510053,0.5841843806863711,1.0,0.44393293828813385,0.11490645365730728,0.4090561632620932,0.3286917388744316,0.546001857894117,0.6273204556272672,0.39949092290965005,0.5167132669232126,0.3551596813852589,0.47790436452681584,0.35865632151479926,0.26967773693416264,0.3786500922460171,0.5065773842055626,0.5033013722330217,0.5437080296422064,0.5419296430738018,0.36886608787961156,0.46998002797535754,0.5858616599700224,0.491331184051522,0.5267327184156919,0.39290247854129307,0.4004261182824088,0.5973657532555404,0.5806459176864893,0.2860894867540528,0.6925068619691914,0.24927938126561505,0.5434128836051562,0.39290209448626107,0.3601765846846135,0.46073111187900495,0.5490441177325286,0.5310224904386239,0.49143847181804223,0.6015245570013266,0.5535703300120511,0.4257154404558026,0.3139997728163582,0.362589554307938,0.32277609226516674,0.46204166429385796,0.32499759458973404,0.046335698717425836,0.07650183181380123,0.06799432021630966,0.005650119861370932,0.010678903843250775,0.020882155941821464,0.10093121853623943,0.008336494019645646,-0.006930908353679885,-0.02231916429657907,0.02987369041518765,-0.041201647428748975,-0.06252506807579682,-0.05867715582781209,-0.01831071414809834,-0.006467153268414714,-0.12545159877348402,-0.096762610311196,-0.07459159873262232,-0.09546979943873331,-0.0986956992787046,-0.11094081694372769,-0.06956482032033035,-0.07939691359205023,0.08279777143471549,0.021120253936360914,0.062394343596212716,-0.06991574640406367,-0.09239565283202889,-0.10664046932826061,0.07770003420384287,-0.017159019124682373,-0.04160603480552674,-0.10725101166832687,-0.04072475534792463,0.09286279904778616,-0.025250347111832477,0.01568067883552288,0.021737587142711234,-0.007116541124076458,0.05442647441679427,0.015411053606886027,-0.025586275400106055,0.12325524453390485,0.03116526866304828,-0.029441679285955005,-0.018143669872205868,-0.056491240666504586
7Networks_LH_SomMot_26,0.28987615168827935,0.2717947441947104,0.40977036171753,0.2031102775311948,0.2847006818656162,0.20346828477640624,0.35820227874705285,0.22732241969127767,0.3159896389874213,0.4063594361246243,0.4460748895315983,0.5205843629681703,0.5189524201677844,0.4918165284638194,0.49206254588700704,0.31950018239900757,0.5417448762309673,0.44393293828813385,1.0,0.317122192267204,0.7782431253139946,0.5116918510399296,0.6087038917395963,0.4696389201721204,0.6561499157692189,0.673186815770402,0.2704763867947506,0.6786519463665598,0.4877157372112205,0.6091404881830916,0.223576457052452,0.39178710194608973,0.28218255188759417,0.34203349411631495,0.33854257074825644,0.09432853995456235,0.1830519345768,0.39702564672382684,0.2314048898754615,0.4025654263065487,0.30244866014073246,0.35319117121197857,0.539351472075178,0.5298817587223064,0.34491509730570924,0.4586071713214391,0.4608244414266363,0.750120759181408,0.533522496505896,0.44928706170021193,0.5580650586793343,0.5464051589217508,0.4243293773386728,0.576333005544464,0.6143138381559613,0.6623704600196366,0.40945271160059604,0.15874743369082572,0.31210631233566793,0.6773450297345021,0.6860980348029372,0.5078463151809598,0.03458111809693437,0.004233755020454453,0.03228881796855957,-0.036971062346252505,-0.06394905943419969,-0.027935603205048152,0.05635213574776502,0.0032452419784072565,-0.1243133801679069,-0.17414576879738694,-0.1364204886972514,-0.12225976696421334,-0.15039900495534084,-0.14125485213220715,-0.1121214215191169,-0.18774362030152789,-0.003760461050653289,-0.07491431947084351,-0.023375244507942084,0.018102829624886223,-0.04298172271884537,-0.007480241038780747,0.018432245900259114,0.010069477195318326,0.05371947948116826,0.022180037819728084,0.08815412083082562,-0.04692601489723528,-0.06950545486752793,-0.017812216981048734,0.04724357488651962,0.05853788992633171,-0.08059867979958371,-0.1061386911423494,-0.018496980332156757,0.060589021821700687,-0.07542666093374131,-0.04113871580376026,-0.0007664116774405698,-0.049912784263252206,0.04972204322870786,-0.03265996671490898,-0.07948036803528503,0.10148248836440413,-0.027032203015454552,-0.049055468681223346,-0.08917867393833742,-0.12378164720914775
7Networks_LH_SomMot_27,0.04249483173376244,-0.07207185911589047,0.14341210919378478,0.25932879502134687,-0.10054289000398306,0.05497491183235437,-0.06653459773491444,0.2185832594255485,-0.05848257304426854,-0.043346202512890716,0.11984058828200801,0.04783467156249396,0.10467076486903268,0.5872010415385471,0.3084322472456381,0.15772946873977411,0.2527442001461505,0.11490645365730728,0.317122192267204,1.0,0.43310740066823267,0.717880329553699,0.4796802470359076,0.1535236356684443,0.4251879791990333,0.3894730686735451,0.171107831357657,0.43017672433971693,0.4107079455639964,0.36851165694170135,0.10392704285258303,0.054260305441270446,0.05636721240803451,-0.058994390934526075,0.120259698987887,0.23734882370602953,-0.1383671120545423,0.11114373357445918,0.21564562227524642,-0.02845140592053243,0.37010483770377384,0.04882903891234271,0.1607176738106028,-0.01749415788067997,0.18217593164758766,0.061266771437641455,0.2090176393260855,0.09314796867679927,0.44439122466458525,0.6915087375850272,0.24119273302177988,0.1349270706637183,0.14018779100137221,0.2774281763277565,0.08102078156556296,0.37026671507230596,0.5236065909749268,0.1417302975133267,0.36206619329499734,0.29189664379133656,0.2487272973728022,0.2458372527542428,-0.04214427568936223,-0.04463323190173251,-0.0047539754696121605,0.0024564759097744334,-0.05745512746308188,-0.05866371521503071,0.011474707204574566,-0.04441381982528504,-0.13616512124026092,-0.1317480671066686,-0.15061771590012374,-0.11094362125235083,-0.08995855814670857,-0.06351027292062181,-0.11539177229514282,-0.16551315056643076,-0.013005519930407754,-0.05885830334313588,-0.05663227507946476,0.04504689103312591,-0.029848262948305716,0.020159677882255648,-0.03202687375477264,-0.06257156522090519,0.1872443884278457,0.10887361404355168,0.10263032677811702,-0.07148787455529194,-0.04169709077931376,-0.056299728539518284,0.09336714306538625,0.06984674397323452,0.025522261123184717,-0.021266703946265425,0.02021908415422496,-0.07181640377684104,-0.0757990816417243,-0.06606430517024751,0.06965619175801879,-0.036859375637735434,-0.08279331626900796,-0.09613376975114242,-0.1331069173030537,-0.03451212356768316,-0.033864921341940066,-0.0586508797375558,-0.10394035687659897,-0.1454018992692842
7Networks_LH_SomMot_28,0.2490076325540906,0.1879497156685308,0.4277032289382214,0.1879467360192151,0.21174487851858437,0.11551130590749978,0.2686745032630089,0.183006801966775,0.14111043626147576,0.31180193773878173,0.4623752923824506,0.45916239087459976,0.45029384240492065,0.5723366352838734,0.502830019235899,0.3322928056229705,0.5319766441554475,0.4090561632620932,0.7782431253139946,0.43310740066823267,1.0,0.6048969344439431,0.6143718364237192,0.4588450745890046,0.6377992275568489,0.6663281093865812,0.30250938618546935,0.6987390910887818,0.5376059957749909,0.607042345550399,0.16487193119849217,0.35771716652145596,0.26379614466647666,0.29385298157214795,0.3457634316160922,0.12525090028660063,0.10582828934005903,0.31262694418672593,0.25665603319019925,0.3113573962251062,0.36138691397895134,0.3789480150676506,0.523972114003315,0.4975215368005656,0.38843241196901734,0.4075023119153038,0.48729852600930407,0.6547296661144199,0.5847669133411658,0.5283197623949041,0.5299063002495242,0.5106374386845876,0.2552280549290392,0.5588457927801845,0.5667653814701237,0.6872728219474317,0.49984597122566626,0.18162012890689566,0.29808107077383944,0.6468401860319866,0.664115607698319,0.434798033752,-0.04010055945715808,-0.011445125719815359,0.03344975733870725,-0.052340025936994376,-0.09810004986303049,-0.0790807020209628,0.03207146884752541,-0.049444813305453875,-0.11715037548637175,-0.13792805095750305,-0.08743767981070778,-0.08840211860240577,-0.12016112451670809,-0.12105764073682665,-0.0706557884950288,-0.1466518713458388,-0.005861894106303184,-0.03381891260678472,0.0017934597460509201,0.0629885256469179,0.037348409544314114,0.07662455031758451,0.056744872522771134,0.056477423407924596,0.06760241753183732,0.0350515409513075,0.061548796849752396,-0.026357734555707116,-0.0370620036713643,-0.008746431253665142,0.056112444775876416,0.03272695778713829,-0.00589417852531877,-0.07290802115372036,0.027105536726978918,0.09269078969594755,-0.019579641169763618,0.04185261969430645,0.036392691867699035,-0.00047590754113398053,0.03165736523886261,-0.057357969491292786,-0.11069747468027087,0.033023568040990305,-0.04605713206363682,-0.06615940373481384,-0.10771674712815194,-0.13825157988648612
7Networks_LH_SomMot_29,0.2269864533279498,0.08616086123484344,0.3367454366145756,0.3811215655941269,0.05874133647987521,0.10348793882260555,0.07452209604585895,0.28968070541821506,-0.03634449404979375,0.12486299425683973,0.3133222679320599,0.29386293249843165,0.21216296544366922,0.7099071514295577,0.4391349626175176,0.3084472771428848,0.45840760232458516,0.3286917388744316,0.5116918510399296,0.717880329553699,0.6048969344439431,1.0,0.718751453236164,0.37113510510535486,0.5734906521049582,0.5995919450191979,0.16168644739145627,0.7131288773764536,0.5290733669317181,0.5887541249570211,0.16827216274853687,0.1832593079147595,0.17363205157371267,0.1493120132297972,0.3269461089926328,0.3028647925491024,0.07253082620516887,0.3149779352686403,0.41881885084870385,0.17339975787655698,0.534271711210208,0.2231715716589965,0.38336265892000254,0.19770908306887192,0.4168021230693559,0.2792825670102921,0.2399211875987583,0.29497911028874874,0.6827030677525268,0.7664483655724345,0.40136689445163054,0.3220698823227829,0.2988409395854706,0.45468282802590604,0.316346488005134,0.6067429129778862,0.7263747416005077,0.08194334313797175,0.4924846854874436,0.45251682230800366,0.4551588007465712,0.4984694496954723,-0.08326566118833328,-0.0568903275846339,-0.040747198038590046,-0.007748980780054794,-0.04806509709670489,-0.03707289473523804,0.014260527047943271,-0.05537799784573332,-0.1015607927990438,-0.1389240707177071,-0.14034248960764265,-0.09870163563083097,-0.09711796601891545,-0.08219219782953653,-0.10940499723331301,-0.1670925418265819,-0.02689293887328522,-0.07253095118880487,-0.06015369466077632,-0.017347611566038864,-0.07201073108251371,-0.05311855702544281,-0.04357765236750642,-0.0717776204019501,0.07816851294571629,0.006807796718962015,0.029446148241527054,-0.14911334189169967,-0.14178141742406306,-0.13360361987281733,0.05686031558473187,0.023770754570927925,-0.020056809212480146,-0.06256447278794766,-0.00978962727338789,-0.044509059345811605,-0.08599584296101377,-0.03953463542494932,0.009840743963275354,-0.08099333620998117,-0.027584020873096166,-0.09104801137236922,-0.1535494018843253,0.035435225277676057,-0.0041910322316627705,-0.05342604720872397,-0.06083037422050931,-0.149219264480855
7Networks_LH_SomMot_30,0.35082179475189734,0.2403427454653435,0.3917342691114794,0.3503606465423521,0.19181009680073777,0.12917307779043616,0.24249690799658785,0.3178394024958111,0.13397849718183635,0.29689957564653174,0.5155831459155761,0.479498271574982,0.34688985467485345,0.5779728617924117,0.4421490071548698,0.4349736555374068,0.5787121528193916,0.546001857894117,0.6087038917395963,0.4796802470359076,0.6143718364237192,0.718751453236164,1.0,0.5569141481343164,0.6255901131818108,0.7014714911630213,0.3122820848666678,0.7670688129689517,0.5232143363051691,0.6340072221828027,0.23898112177642974,0.35244074400069675,0.29612042153978935,0.29663786579782764,0.4829700728745089,0.2802941476094107,0.20217897955641922,0.4195499183949829,0.5204579911801098,0.32320832792885296,0.5489653094791962,0.33511301402636573,0.5316127897812598,0.43313535199127945,0.44516523872173286,0.5326002079022587,0.2734265652334392,0.4906167633974376,0.6375309231463355,0.6610483898494469,0.46583146777013573,0.5458351117784582,0.4510113246084175,0.6306915569556814,0.5497741830294802,0.6741618382737393,0.664311470871858,0.23920020721539986,0.5198051130968377,0.5434058275062082,0.6079143981594711,0.5670104424577559,-0.06186556315452127,-0.025299422078456257,-0.028823860302820598,-0.03793804044535632,-0.04135519625979338,-0.03358581937471802,9.633938519928375e-05,-0.07080921595217982,-0.05878056041046703,-0.13528666240272358,-0.14212373386456884,-0.08158247718692764,-0.09761941371429697,-0.10294485941079519,-0.11097856823476716,-0.17203430137687037,-0.036149093008405415,-0.11435327965493791,-0.08144028764663183,-0.050173829149806004,-0.12719755227105795,-0.12821609025325428,-0.059711929033524624,-0.11671181884638844,0.09650864243610842,0.00670965732995168,0.026074797530459902,-0.13039463438390642,-0.11587544047322691,-0.11178057580977092,0.008653121962669628,0.009488219476320302,-0.07413162187479183,-0.10945087205169052,-0.019280286786931045,0.007255095533127867,-0.10419990183236583,-0.05127171310485369,-0.005852230707793739,-0.03459474124826691,-0.01648250278370361,-0.055286322544814186,-0.09225082258152537,0.04731518639680415,0.0024504083195049714,-0.03587255643650658,-0.021457135337941222,-0.0988365890590364
7Networks_LH_SomMot_31,0.35097280568918054,0.3584732425274915,0.4928654484854848,0.19407899565195444,0.35698684780475937,0.12523854670318038,0.3578563221008638,0.2787026952803582,0.22130334062281304,0.4294855833932778,0.5347967924116374,0.6020044668412764,0.4254821979555193,0.25972986407935533,0.2745158204851705,0.4322762805532483,0.6193991554953409,0.6273204556272672,0.4696389201721204,0.1535236356684443,0.4588450745890046,0.37113510510535486,0.5569141481343164,1.0,0.4333036624147196,0.5375475857537093,0.2558121836424778,0.6264835483634302,0.3830742180553913,0.4122612992959342,0.43008520937945577,0.49468003026397767,0.36932634150863863,0.413758127522016,0.47256704084377593,0.14410578129629595,0.3499523637093698,0.43393758928592835,0.39202909113912426,0.40005346635106714,0.31755306019229945,0.2929579418606631,0.46351087036820554,0.5126898882176635,0.29679367859036526,0.6906779107295627,0.17466865220069552,0.5297585989156317,0.4048380472586953,0.3542376782134381,0.5063700870631342,0.6195314397893231,0.46798461679654857,0.5298788131554171,0.717085988397391,0.5854020217926754,0.42916821287963347,0.12300684117879314,0.3597909685826287,0.3923623852426357,0.496949162014766,0.43362915884496395,0.03994445190283806,0.11696581105082526,0.1199791302600379,0.13656629170460768,0.06345836701115859,0.0741173157292218,0.1589961428445026,0.0734377372101086,-0.012951283166264599,-0.05685626937929672,-0.014368556450230517,-0.046997977804372475,-0.04606323254297305,-0.024711480318862365,-0.0208520552387244,-0.04098887896404638,-0.10659102155749,-0.0974960388059725,-0.08314015771499295,-0.19017094825884323,-0.154097282169084,-0.17671057497055145,-0.10765688885859695,-0.11840433185366103,0.05110369327938625,0.006571614304065281,0.03372352931948866,-0.061739801812521276,-0.07038791940704857,-0.07421837701686335,0.04046505177585943,0.04883122663124953,-0.05416385951020661,-0.06405402853904622,-0.022833542374580233,0.024955177445465875,-0.05862967056928449,-0.004725998699830402,0.03333415881570214,0.02146788014025423,0.06657832914550875,0.05668007229474072,0.000382663354980461,0.15096894797985141,0.06447803665210966,0.0058101846000964226,0.02211349852896619,-0.025924297411120574
7Networks_LH_SomMot_32,0.33526493234379645,0.2480100662112778,0.3927274280678608,0.2582984666359298,0.2496793093910119,0.18996645972277967,0.3354644842744708,0.30139423103718727,0.2027359073272099,0.3532018342285702,0.48004490711482434,0.42029512414139036,0.35630471994044227,0.5231753249786674,0.30439722006477166,0.5441472091751011,0.5801414605553427,0.39949092290965005,0.6561499157692189,0.4251879791990333,0.6377992275568489,0.5734906521049582,0.6255901131818108,0.4333036624147196,1.0,0.744250318778111,0.3650806950270109,0.6488811219697774,0.5900567964428397,0.5506997706818278,0.15016011174138602,0.371271421233295,0.23452579102115462,0.28317884142456523,0.4455707771992588,0.21639352255368388,0.1511089667313149,0.3966356002074906,0.4507263565298623,0.35799683392129056,0.49693180984211466,0.3740241892375391,0.5588679442813005,0.4483956977317856,0.4575689728816475,0.462595043890712,0.4061579101955275,0.6136843095234996,0.6338679586029425,0.6090804108251878,0.5753273042442567,0.6432531844351462,0.33550494908820777,0.7468655020807828,0.5264857069657288,0.7120521397483954,0.5933251683152455,0.19597601284908245,0.5736066101080967,0.7159191836522673,0.6308653561400741,0.5663511727399707,-0.024830604891399776,0.010047698994984174,0.03309953490543415,0.024673056970692473,-0.05788060123481402,-0.016422182496278696,0.09301329502459674,0.0018858934109831492,-0.08675018348126115,-0.13295623955643374,-0.1322504475407356,-0.08853010850168996,-0.06311571956825511,-0.032734775025147336,-0.08274046148352845,-0.11916827584814935,0.03383117592302876,-0.03753904311422619,0.03950522061799923,0.0420190169452755,-0.04827123730479841,-0.007064387780225873,0.028954406615280523,0.011947192264461054,0.08697585992976756,0.047524237250828084,0.11316561250989228,-0.12248189700046973,-0.08708283840113909,-0.09095893117165081,0.09620229450361258,0.09213567784738079,-0.04715654195790476,-0.10734800276014647,-0.05689951901060958,-0.05340427442609551,-0.14868648671834714,-0.06322531993035432,-0.001359097222021804,-0.02082320213735145,-0.06317287547404138,-0.12265195518142587,-0.18041558339752686,0.06655730591262045,-0.035332658756679416,-0.07304694553301555,-0.09014285346715024,-0.15484556697446386
7Networks_LH_SomMot_33,0.3576468469793277,0.2708666250689249,0.483207905255116,0.2411123437340121,0.27025952480208354,0.1041965857943935,0.3230828046720958,0.2903179241253834,0.11454503620416787,0.3690921599601963,0.5040475477157343,0.543867188852387,0.3650668847440917,0.5036138577963485,0.36392177416119253,0.48582986066394185,0.7117482483622138,0.5167132669232126,0.673186815770402,0.3894730686735451,0.6663281093865812,0.5995919450191979,0.7014714911630213,0.5375475857537093,0.744250318778111,1.0,0.20571909053081322,0.7704476499100641,0.40603479231079354,0.6811171252294699,0.2659549827603881,0.3920065608820895,0.2774229281632285,0.33284532564353086,0.4650598067931157,0.21112972660414034,0.2293498477323801,0.4495651305981193,0.470674483855789,0.3673214091716071,0.5220955208137164,0.3257037484004382,0.5813642991853221,0.49401732539943355,0.49766455926441283,0.5313594161459456,0.3399517454174047,0.6536030254590761,0.6704295252099839,0.5936370563294576,0.6388718303907173,0.7042080185684323,0.4035451401247282,0.7181286970267152,0.6781602786245244,0.7238843168111996,0.5772713909226518,0.08646718033869455,0.44119435274920843,0.7640168663977706,0.7154345156276065,0.6870212564908857,-0.003801585617476836,0.023639371038678234,0.048314288142749934,0.0032446510795455566,-0.07141127754381336,-0.054511866321543284,0.07277249152790204,0.003852463550431058,-0.11335151107309632,-0.16384543294467946,-0.15264873547367236,-0.1064423290136826,-0.08817238396842808,-0.06674278743170407,-0.10514804298286905,-0.13841705124814294,-0.07304049201709165,-0.10876876500341512,-0.04521635765683323,-0.03762248544065821,-0.11338648818688313,-0.056393300981301984,-0.033813077645999855,-0.03415170458609145,0.09457359795432581,0.048141773078573966,0.07921789303088095,-0.12337371747361824,-0.07657710183338691,-0.07068864085487861,0.12282265255545392,0.10981303582525948,-0.08012753883622889,-0.0654390076000784,-0.032508096797573605,-0.03837958400825204,-0.12230142028711068,-0.09309277671523299,-0.035194152433970234,-0.06428439146780945,-0.046146968158814104,-0.13318583945865567,-0.1995089052198398,0.04019437512423733,-0.0702951260221491,-0.12190882260907103,-0.15111004921788487,-0.21110132740185467
7Networks_LH_SomMot_34,0.2038595332986896,0.1396423643545772,0.16754564985193168,0.14896428434278955,0.17407540772375596,0.26031973755085785,0.2667641896912222,0.26086984575692806,0.2521075348671867,0.2960562787973119,0.3828670114576182,0.1547455736119503,0.24083382268482081,0.23666894050313284,0.013135694923936812,0.36369391036811693,0.2503122303988791,0.3551596813852589,0.2704763867947506,0.171107831357657,0.30250938618546935,0.16168644739145627,0.3122820848666678,0.2558121836424778,0.3650806950270109,0.20571909053081322,1.0,0.13526392875349197,0.46476072843873656,0.06960437425715651,0.015586139168213421,0.2962247485456942,0.23601187206347907,0.18394585903732738,0.3104134887812511,0.24815244530208752,0.12940522016218878,0.25063791898057447,0.2343748591409616,0.3054737478277115,0.2252705018930651,0.32582202228526286,0.347267054149448,0.32510193319533465,0.1286202353294704,0.3169618339545633,0.2708299694691341,0.3134433602159388,0.11559221894879257,0.19983728424288583,0.10098048055976559,0.23865934479881326,0.2500358235383575,0.3031603962823542,0.228092361130064,0.29011079793830646,0.21932688050526622,0.6218550770977194,0.2737930531612667,0.14700919516283217,0.30770487677552016,-0.03351741865744471,-0.05317302949692466,-0.06391221009886845,-0.040856271329624834,-0.06686446689501373,-0.007833717962240435,0.036423906234467236,-0.027491802207452502,-0.05882525421543925,0.021175633862868783,0.017693743728849645,0.06650665499790064,0.05981492020911537,0.03582074472630462,0.050440222466873054,0.07628844964269985,0.013632065734844632,0.16140039579409582,0.08793135938558146,0.15518701642552832,0.16819167145657546,0.13059007205860876,0.1312445206619448,0.21994711458275767,0.15289367557813793,0.04931995552580268,0.037424698322615725,0.07620686725422705,-0.06795635403671807,-0.05502175710801236,-0.03341270620767424,-0.026912715941581327,-0.052098596571538765,0.0020910392109556434,-0.15697379085263724,-0.07991259771581749,0.00671860642111117,-0.07929078991324956,-0.01654462931312728,-0.009272727348410654,-0.041662037501485914,0.02464230266226629,0.01373640797326139,-0.009692961170046734,-0.03465657282427093,-0.04688024121571575,-0.019987248313635606,-0.08028842164963718,-0.017451783693295767
7Networks_LH_SomMot_35,0.3082409135006306,0.2675482141741854,0.4175618329772669,0.2805231082291175,0.2780869225406171,0.08528274740383131,0.29570648853703946,0.2947817859148759,0.09404511973703804,0.34339188663218984,0.4616121288488219,0.5168602807266103,0.3300998554939359,0.5478574811009211,0.4345759148087248,0.4114901138573021,0.6104897255149828,0.47790436452681584,0.6786519463665598,0.43017672433971693,0.6987390910887818,0.7131288773764536,0.7670688129689517,0.6264835483634302,0.6488811219697774,0.7704476499100641,0.13526392875349197,1.0,0.48189395809605107,0.7941248510328284,0.30149184526936895,0.36518061155093173,0.2765443599804465,0.32834928702871635,0.46068352517592387,0.15970983742831157,0.2153437199973945,0.43284672985065464,0.4373850920952631,0.36148326000456676,0.49085997642604534,0.3245909356996995,0.4903503034869084,0.45570848741516023,0.48254073955419224,0.505477608414887,0.25489037764826544,0.5984628847856988,0.7091986153282218,0.6427854216633406,0.5696226609156578,0.5949564533685696,0.39959513698947313,0.662726227773515,0.69431225049474,0.7596893052535215,0.6517975118216869,0.02772218722294313,0.4761070162707292,0.6677996011874758,0.7227987122436867,0.7162073344200546,-0.01890870353399449,0.02091374279204801,0.015302504755443855,0.06258003509576886,0.004334166367816261,0.0033114905444160073,0.09206565634587852,0.028848838529000848,-0.056251952803112244,-0.13569067137977672,-0.1330787970229338,-0.04363097246566304,-0.06360394144904324,-0.06916411714615292,-0.08913371563438933,-0.13535671232257504,-0.06664773844191112,-0.12629460243844784,-0.08047471633933037,-0.07176681433503644,-0.12387242009692258,-0.10440925949226307,-0.07800136027082603,-0.09087144636996738,0.11414518415359358,0.060062877462488846,0.062150074548291974,-0.056952011040686985,-0.04772323325080982,-0.03789698358503314,0.11046161166740576,0.06887192956459044,-0.07460430126402515,-0.09608846098251123,-0.039592621534426845,0.029250566587866258,-0.07296317673157642,-0.02874462262633556,0.018124309952090592,-0.0314973152589755,-0.005813651426041741,-0.052305849761819505,-0.11810486749280928,0.12614439304734576,0.018636927783146247,-0.005160377396320521,-0.024050667552502798,-0.09733591207821728
7Networks_LH_SomMot_36,0.3703370752536474,0.3000725111351647,0.33855926556083404,0.3168844933159418,0.22734067035559924,0.23139313518052004,0.2424190139255965,0.25632338802440485,0.18999062947784331,0.3025917330105564,0.41732890741118805,0.25506152502242646,0.33205095153997966,0.44934929785967015,0.33194028165029793,0.423820398953064,0.4020259275311106,0.35865632151479926,0.4877157372112205,0.4107079455639964,0.5376059957749909,0.5290733669317181,0.5232143363051691,0.3830742180553913,0.5900567964428397,0.40603479231079354,0.46476072843873656,0.48189395809605107,1.0,0.3604801221973407,0.18169310498893534,0.30146799177536604,0.2556539178815902,0.26883008717712537,0.4020614132994882,0.24915868131554653,0.10228182299837761,0.29655289953386627,0.35652256308406993,0.31738174681342923,0.36234834923379455,0.27544660811339416,0.4381948231665813,0.34909158420281633,0.28997370277242496,0.405601851949841,0.35127191421613596,0.4062039568771755,0.40262494887679245,0.46307232709798796,0.3135569593744319,0.41771127841115074,0.3664312037683785,0.556991392726802,0.3622077049486046,0.5796663469215673,0.5398076088456962,0.3311583441632451,0.5119384613913306,0.41735777493432347,0.4608238600044728,0.3886611935856796,0.01418335931982765,0.016185953742376018,0.004857207652329027,0.0034981212619645775,-0.044323940022337666,0.017926374719865162,0.11214629056117423,-0.010125734732312137,-0.10168162442292257,-0.11150676184010647,-0.09128070277809565,-0.11687006485109895,-0.1267622873186426,-0.1005696325318621,-0.05546236985993682,-0.13091744784663592,0.043358646057296,-0.04232984495079558,-0.041357029666025856,0.02490816742879274,-0.024381670375520942,-0.04328577543695934,0.03546644788727568,-0.012882387484542289,0.14683488016328813,0.025214541134061973,0.061926968240131414,-0.029589571637939942,-0.04157750892505908,-0.029815750878965146,0.12778266397881052,0.08433803560432432,-0.026671063048440694,-0.13607832797449024,-0.04079337991821886,-0.017253727051308638,-0.10139894431028738,-0.017643696856030806,0.057330967571581515,0.025805818381730093,-0.012704199654702595,-0.05296016262488218,-0.07693774017511919,0.047593705983756965,-0.0017787686009591408,-0.018452299754853116,-0.03434708808704261,-0.06507350900438857
7Networks_LH_SomMot_37,0.10710513376116565,0.07633340396623378,0.1825094767835176,0.137493705522819,0.0943854012763618,-0.0343575048353008,0.16485728703254296,0.15148888081213838,0.023776405540679616,0.1674165580413323,0.25685684746133286,0.3417144755152322,0.20372488208575318,0.4538051998067391,0.3443724402054437,0.25121622071279903,0.4178260337242091,0.26967773693416264,0.6091404881830916,0.36851165694170135,0.607042345550399,0.5887541249570211,0.6340072221828027,0.4122612992959342,0.5506997706818278,0.6811171252294699,0.06960437425715651,0.7941248510328284,0.3604801221973407,1.0,0.1426827196682078,0.1925339376731174,0.12944868411505195,0.15448618771798983,0.2571630711863632,0.022386653779969994,0.08097729619215283,0.23586165169486537,0.2313878349116153,0.18666522694240348,0.3476880852879564,0.21931718872078984,0.3064305906967473,0.29430001707293285,0.40042696921993254,0.2599390638609854,0.1908892320680608,0.48466878853680834,0.5857131218377918,0.5338397274110337,0.40847355558105514,0.41382309730521005,0.2660904228282428,0.5078015158717215,0.5373593106404979,0.5828498950538896,0.48125689349114387,0.026666478723315117,0.3631934289286005,0.6332169996661657,0.7243856711993164,0.6742671198898188,-0.05808696081355267,-0.05665910118164337,-0.0664815286003607,-0.012471691649379313,-0.07251097580429881,-0.09694985492579182,-0.014047217602273218,-0.06707623165172452,-0.08501723436221888,-0.1738496544814175,-0.1691856172819201,-0.06103497234796346,-0.08922392900557358,-0.09117994641513108,-0.10523631816631471,-0.17934671634805682,0.033348073146393944,-0.060305029092303904,-0.012164799053326571,-0.00034601234922338175,-0.07832485284878939,-0.020505185983426006,0.012582406161619236,-0.030316077767973355,0.07674472309785309,0.08386270849224713,0.044992735288926555,-0.045797121649470904,0.008119008086056959,-0.010321797530145999,0.07986986625129976,0.04251883160800959,-0.08231693514395425,-0.07538244606617338,-0.057934684703358115,0.00014246702053354155,-0.059057512148652194,-0.029707759704745765,-0.01660513369141578,-0.026622113687748077,-0.035432142891992174,-0.057981799801671646,-0.11459044195950108,0.10643334541737033,0.030183072196374748,0.0319681021570573,-0.05154014784436073,-0.0639724451664359
7Networks_RH_SomMot_9,0.3367921698728786,0.358587459946222,0.40487818491610206,0.22178077019378237,0.33466520766229285,0.17146337879188034,0.2390750253505805,0.253954268308262,0.20930366686472993,0.3029624101030553,0.2737615271758616,0.38698341768654365,0.2889410032671255,0.13013755861558415,0.15198842449434086,0.20216924441248943,0.3769244080997174,0.3786500922460171,0.223576457052452,0.10392704285258303,0.16487193119849217,0.16827216274853687,0.23898112177642974,0.43008520937945577,0.15016011174138602,0.2659549827603881,0.015586139168213421,0.30149184526936895,0.18169310498893534,0.1426827196682078,1.0,0.33467395532939714,0.4326558423666895,0.3678450005468836,0.33157072888704153,0.0829389422207924,0.3108061003544163,0.3424142909872168,0.2147881120687439,0.2923020691517727,0.10654342861684642,0.10918370569747925,0.28088908477876434,0.3364879983764138,0.08606342145134704,0.4148608641336121,0.11396660346466173,0.3127830696274518,0.16324611866142955,0.15604022436897244,0.2907064873038598,0.36779200496860337,0.32005551579499586,0.2563769716488409,0.378739035572648,0.2877933374254837,0.1864702482710854,0.03149249458830756,0.12455250645875841,0.17890148403249795,0.2035524357134716,0.195353061801382,0.07628554035539349,0.11018332809027515,0.1060913538112545,0.10904922627978543,0.04542730714757652,0.060271587116856463,0.17818639293616031,0.10568102938319536,-0.01330717519290936,0.02529146057761055,0.03497782028367418,-0.04333151105588881,-0.03044512852820169,-0.03803350674752904,-0.009933619036281064,-0.00848880324819531,-0.2105868527255464,-0.17797519549525093,-0.17373005591895974,-0.14116754079242952,-0.20850691806046667,-0.20325433195157713,-0.18499333058124665,-0.1802788735489813,0.08547754754045762,0.06452722639504388,0.12509690831518674,-0.012812408253702457,-0.06910108173770958,-0.0536712684431205,0.08194035171865732,0.13681160784127347,-0.0642677596702715,-0.061932920869524205,-0.022969381718933157,-0.0522536992829268,-0.010039715320766864,0.058863940143283604,0.06902319510632249,0.06370718961367385,0.030339566608740726,0.06468317464820891,0.06833021156683663,0.054392836540541355,0.11503278558519955,0.08507235564758783,0.09758927653185626,0.06281056748521928
7Networks_RH_SomMot_10,0.42124117940480416,0.3896595874173313,0.46432207246088136,0.2155150360006452,0.3085013889968258,0.1730414575212521,0.33384229511459,0.23777844557339148,0.30776277831128984,0.4222167743835512,0.488508959489706,0.5171169762060789,0.3703400751538659,0.16170184804460963,0.17435070873394287,0.36984842727533823,0.5020459197015469,0.5065773842055626,0.39178710194608973,0.054260305441270446,0.35771716652145596,0.1832593079147595,0.35244074400069675,0.49468003026397767,0.371271421233295,0.3920065608820895,0.2962247485456942,0.36518061155093173,0.30146799177536604,0.1925339376731174,0.33467395532939714,1.0,0.44350633734828554,0.4430868399275797,0.5642885843407073,0.19796947654105007,0.2912561978806738,0.3525705343639087,0.3129203342942104,0.3777989155953661,0.22229218604176376,0.34735113667839007,0.44699285566504343,0.4734274889502562,0.1934950406247304,0.5293383360877162,0.24418472630392313,0.4894756735464013,0.2669031073560444,0.2158564804911075,0.35643055717303174,0.48746787703689964,0.4168527669852992,0.4706691499186332,0.5270554681918659,0.45006356712276196,0.27463282294654423,0.17529828635574823,0.30203013323844685,0.3371954060914385,0.37305437989634,0.28907607422318127,0.010435530218732733,0.05489971863884331,0.11433679140105096,0.027054175980040153,-0.0626771912615751,0.007669010850536224,0.15617848076901233,0.09132796167246898,-0.09624039482681755,-0.1114436543438527,-0.033551849612781834,-0.0868309165347628,-0.0848425014735122,-0.04106135925933976,-0.04983919419285911,-0.05752602497745075,-0.0968122436308946,-0.09244749764340147,-0.0726315541288349,-0.06838337715149712,-0.06176621615643012,-0.05589260980181729,-0.03307060837638398,-0.09089045197177399,0.05201277974817206,0.027191787734236562,0.04392186965303527,-0.03260063677927579,-0.026418288192304008,-0.05979276228106706,0.024557520503601493,0.0487879828222898,-0.04555067219745227,-0.0776539196352398,0.009213720642167566,0.0627039127352133,0.0036288403816861223,0.07735914232330124,0.045911767305679405,0.14090283577124987,0.09341997162130032,0.09802618499350543,0.06810085417036307,0.11951262481794674,0.1208518877689785,0.06685599827360575,0.08442299151573687,0.037981232929951834
7Networks_RH_SomMot_11,0.5925742349430897,0.5218670554069844,0.46105685470891977,0.4145119405528438,0.5093346006979139,0.44511240313157985,0.4823855360115306,0.4394378221225522,0.40798982593392813,0.5186877264206661,0.41085946954976993,0.39390575841185216,0.4117362214850915,0.255009424335034,0.23986076372425125,0.23058949290280806,0.3528579527913335,0.5033013722330217,0.28218255188759417,0.05636721240803451,0.26379614466647666,0.17363205157371267,0.29612042153978935,0.36932634150863863,0.23452579102115462,0.2774229281632285,0.23601187206347907,0.2765443599804465,0.2556539178815902,0.12944868411505195,0.4326558423666895,0.44350633734828554,1.0,0.586859760304579,0.469240233030763,0.3684490752902877,0.44132915976823434,0.5558272204703102,0.323904022083956,0.5425141966348038,0.2445882121593662,0.28941483112370103,0.46633029653804625,0.4021321358556361,0.14637074958864074,0.41259510194777754,0.24483611350891993,0.4504740575444489,0.2479538514418699,0.24522830752913644,0.3515599637302221,0.3264791659274092,0.41489913155373714,0.3361976519022818,0.40019988621514013,0.342803369212254,0.25803103279076206,0.17823969264531406,0.24861409728968364,0.22261694406964702,0.26317745735415504,0.18246536796242108,0.01114184175798797,0.07095137537459184,0.08047219158572617,-0.013620962055145635,0.00086901543246217,0.003526034100983991,0.07596014468491331,0.05129861925066304,0.024512369915177596,0.043709480388005297,0.08860065327523911,-0.010567197554904019,0.0201363210861246,0.03809750165841819,0.02910997178690945,0.059209507384281046,-0.04423953302773659,-0.09975985495488375,-0.027390042293292522,-0.04389593360558449,-0.09753372259323781,-0.08494823150448078,-0.04630102170103364,-0.10325497812811806,0.041522240255168874,-0.00503719013567228,0.07423610018803616,-0.024690295504481923,-0.04175551262028155,-0.03204447256268267,0.030448555706160153,0.04856876141447484,-0.032529734927992146,-0.08946909467434319,-0.020606288976518478,0.05269372185644511,-0.007550963436289343,0.047335205134540564,6.575063141051003e-05,0.09040648161009411,0.024263337646243933,0.12255335727061671,0.04411173349887647,0.13688399829372558,0.1493643960995311,0.0671687223577116,0.10664672325597187,0.08152571147317482
7Networks_RH_SomMot_12,0.6380040716813685,0.6992833282525766,0.4979387593729716,0.3606800381779394,0.7300730300253225,0.5475926895990032,0.6540407235889452,0.4720193131491887,0.4895268043764163,0.6811444926243199,0.4030764953176505,0.47075746163927523,0.46330973264023345,0.23032342227151087,0.2114914782591629,0.2989606157272758,0.447493952648575,0.5437080296422064,0.34203349411631495,-0.058994390934526075,0.29385298157214795,0.1493120132297972,0.29663786579782764,0.413758127522016,0.28317884142456523,0.33284532564353086,0.18394585903732738,0.32834928702871635,0.26883008717712537,0.15448618771798983,0.3678450005468836,0.4430868399275797,0.586859760304579,1.0,0.4167148577731659,0.3301340810890405,0.5915670241181342,0.7002252022978784,0.3555375518145073,0.6719316778858464,0.29295975211596653,0.31631327262014963,0.552629943805362,0.4937341395204559,0.2482527740387821,0.47324556687826824,0.240819425927817,0.5457859722228124,0.25637291754041086,0.17932002154055734,0.34984521444765315,0.441994522136761,0.4254829611857899,0.3944285058225085,0.5318859789332755,0.39822477229474185,0.2798296541643113,0.11027298521077017,0.1712527584833476,0.27015953103323176,0.3195451537269764,0.25958017075042367,0.007979929129402517,0.09922353783060259,0.07592111777753831,-0.051233228155105344,-0.027668299913680108,-0.015157416440623324,0.07931075952436198,0.041397448939294944,0.06668702399819718,0.028819425496033446,0.07296891021447713,0.11303085781569941,0.05733576411799284,0.05516292172591169,0.11232426990530213,0.07581169967771373,0.005426059480553563,0.015216786107537355,0.019066928582684467,-0.015687453398311863,-0.03419986415550252,-0.03740647398870366,-0.009276758562647952,-0.03391001228221339,0.007128174776378958,0.005519828785084122,0.04913143703511595,-0.10153567290225687,-0.08744834128714325,-0.06886858790579103,0.010587589867510778,-0.0020632114627590157,-0.07376384380116538,-0.08966783564107243,-0.028926851949123818,0.136276088396675,-0.005076556922807905,0.04759040347654009,0.023814513771331643,0.0683098368468012,-0.015261042355466643,0.05155833080057763,0.03358532398058676,0.0937516022433865,0.09106602448693603,0.044819737722096464,0.0656717140492119,0.07312061514959027
7Networks_RH_SomMot_13,0.5255007428802575,0.45036936695283614,0.4960424538149743,0.3924495309419954,0.3381978192950902,0.21515018902421038,0.3295008051789126,0.3523416754826898,0.23848933453594418,0.39699138785682986,0.5292648064648704,0.5226774570632714,0.34503812913355175,0.33692041791227345,0.1287137427767986,0.4638242028333041,0.48872035066580616,0.5419296430738018,0.33854257074825644,0.120259698987887,0.3457634316160922,0.3269461089926328,0.4829700728745089,0.47256704084377593,0.4455707771992588,0.4650598067931157,0.3104134887812511,0.46068352517592387,0.4020614132994882,0.2571630711863632,0.33157072888704153,0.5642885843407073,0.469240233030763,0.4167148577731659,1.0,0.41227754815170653,0.28900880216361,0.48182607077636225,0.5683909973183868,0.4086248539881541,0.50985267907056,0.3817514867372152,0.5769879797897602,0.4951065720253747,0.38460797781159534,0.5860004418533986,0.22771738881893255,0.47371714732966796,0.4820392832191036,0.42349262062611953,0.3521423381328148,0.528766533241261,0.438574642323638,0.5504405299690411,0.5066394345875187,0.5936332754462372,0.5193371126875785,0.30810281171464327,0.5000705953521066,0.4019390426176076,0.45123913580051606,0.4012288739137327,0.048104094149587544,0.028099632238960896,0.08737618917778422,0.03702532561203081,-0.07293206835362945,-0.013382325775151053,0.15839702851984522,0.07077379220413078,-0.12002148799026416,-0.09501986008657115,-0.05924780079203076,-0.13275101739179435,-0.08942590734141627,-0.07387100774007842,-0.11640770598292005,-0.05983063778411799,-0.11305665869296228,-0.1801702349535477,-0.10133981781609465,-0.10448062406192136,-0.12609973045892142,-0.1213569487098353,-0.10192285168846217,-0.14559501602418543,0.12506296476828224,0.04040164574108915,0.08554232739580563,-0.012272602442809276,-0.06943600315013836,-0.10263101062892728,0.10826008900420651,0.08248746982057385,-0.03194111405652083,-0.09757566153538512,-0.03509333880799825,0.03863299581585093,-0.019125621482299713,-0.0010759477374457486,0.01039576969226927,0.06318096251829229,-0.012598806228698502,-0.016966714191981234,-0.05662670306319275,0.1610906023313126,0.07350297941147259,0.05598518847013988,0.01464734549512996,-0.010387680134083196
7Networks_RH_SomMot_14,0.4773518749097895,0.35383625181495587,0.19695984464385405,0.6050491734283973,0.22987511064529112,0.3597213132934625,0.21835155161222253,0.5187640253141376,0.1279485796504019,0.22617567362602653,0.3071950768265438,0.25843558815835566,0.2529684412167355,0.46245726474357185,0.02143872744806291,0.3387129633913504,0.2905905755090963,0.36886608787961156,0.09432853995456235,0.23734882370602953,0.12525090028660063,0.3028647925491024,0.2802941476094107,0.14410578129629595,0.21639352255368388,0.21112972660414034,0.24815244530208752,0.15970983742831157,0.24915868131554653,0.022386653779969994,0.0829389422207924,0.19796947654105007,0.3684490752902877,0.3301340810890405,0.41227754815170653,1.0,0.19485900507740042,0.4844160843328477,0.6773025257515615,0.265130384154326,0.6702454106279788,0.2594008996440117,0.4879721273594934,0.1642526989374846,0.5266889154625294,0.26732461445056843,0.18570472028974033,0.10963786122501773,0.439799391602066,0.4144736348698041,0.21498200832217548,0.19154543309661326,0.26534044717192995,0.2093745587921361,0.09656650320576166,0.3373713521079589,0.5128265183913703,0.2986643426756408,0.3212555410509844,0.10924603974751723,0.13208028696172347,0.1539941453531148,0.011593023164539865,0.014355611334016678,0.057216960589708564,0.02524093153615385,-0.004255580075405751,0.016713643700118234,0.08218504240733547,0.08588347286793079,-0.037215161781313545,0.0016584100467542365,-0.0032400753736820296,-0.017366979162903185,-0.005730971590684593,0.0001410139431563556,-0.014042113153589556,0.02619376068354736,0.012635982547038169,-0.009331776668351282,0.043280673749425264,-0.031999965608999974,-0.04736120236724648,-0.017906132260557435,-0.019817538593753164,0.003958243433222867,0.04538334414758725,0.021892445059635474,0.08953368791475882,-0.056665856663903794,-0.05826567364704577,-0.0289470470151913,0.07734403212441747,0.0492144379334533,0.043712656624696616,-0.008130580319100337,0.07641905288275813,0.11764499161096326,0.012794177186756944,0.03694206461714499,0.04857679929117033,0.05992404322064896,-0.027888457183977294,3.6740834939700385e-06,-0.04030125280350803,0.09645140671948162,0.049947525332742555,-0.0013765728571548935,0.006884196530958138,-0.013289303018186866
7Networks_RH_SomMot_15,0.43216248318258493,0.503905436226925,0.30594233538188426,0.2088781678065355,0.6813349861258806,0.4312804911673709,0.5982364818226786,0.4516500312863534,0.44975188969085045,0.631919600608744,0.32771065978462677,0.43634136398094187,0.4356922546524925,0.11868782423202298,0.16130254495781146,0.2779894830426634,0.3807395512806402,0.46998002797535754,0.1830519345768,-0.1383671120545423,0.10582828934005903,0.07253082620516887,0.20217897955641922,0.3499523637093698,0.1511089667313149,0.2293498477323801,0.12940522016218878,0.2153437199973945,0.10228182299837761,0.08097729619215283,0.3108061003544163,0.2912561978806738,0.44132915976823434,0.5915670241181342,0.28900880216361,0.19485900507740042,1.0,0.6818662792346734,0.30789653360952113,0.627253544924592,0.2001959595437937,0.26286159274695237,0.43466222648882874,0.405886257743646,0.18120064112039577,0.3973918813233527,0.08058403307698644,0.3841682424799713,0.17321051875753285,0.0810670910893635,0.31537530598353425,0.3133809408090745,0.3840501811151817,0.29447461978237766,0.39025175265340417,0.2658450959319978,0.17077193070740246,0.07888767433560304,0.2202690065533197,0.1529285452951107,0.1896464655710973,0.2358572593420562,-0.008589457618569262,0.07069237823972443,0.020986114863231518,0.0318252216398139,0.10579459415106425,0.0696279857344072,0.046287921361298286,0.03153151142809529,0.12971412390900036,0.08403366046778452,0.10462957795107697,0.11942973034671438,0.08760714688650563,0.05248581543059738,0.10891183282139603,0.09402559965701522,-0.06766749690712993,-0.025150408035800202,0.0001581645952746116,-0.13157477602198517,-0.09097146948299012,-0.09213974080380948,-0.09645474695246613,-0.03984742817325693,0.02191414555325907,0.014280918072501711,0.049623939542246434,-0.2130094146188785,-0.12120079144857111,-0.12744999739410287,-0.007931758891014763,-0.03572936093236086,-0.11709800274947138,-0.12899268309009845,-0.11880074451943777,0.09607081541671124,-0.05022014652484368,-0.029006411004416605,-0.020357623825781688,-0.0023064083619206833,-0.055421999542175464,-0.02457011650938928,-0.04967492557921776,0.12922685541859927,0.03201163862686487,0.03203578633539947,0.05321328603863935,0.013142872576675504
7Networks_RH_SomMot_16,0.6226481480571578,0.6209758359594845,0.4461376125339082,0.48166905628642387,0.7398195782530191,0.632194279733101,0.73803467157586,0.6683687702918536,0.4792580236204745,0.7362299769423896,0.4698175921081547,0.5207833435022016,0.47519690172028234,0.4212431928674591,0.2854717279046937,0.4675319502093552,0.5274614915922303,0.5858616599700224,0.39702564672382684,0.11114373357445918,0.31262694418672593,0.3149779352686403,0.4195499183949829,0.43393758928592835,0.3966356002074906,0.4495651305981193,0.25063791898057447,0.43284672985065464,0.29655289953386627,0.23586165169486537,0.3424142909872168,0.3525705343639087,0.5558272204703102,0.7002252022978784,0.48182607077636225,0.4844160843328477,0.6818662792346734,1.0,0.5688362832043499,0.7912399416916044,0.5172911690720969,0.33946644902634776,0.6573702622908927,0.48923668447422386,0.42494784852834344,0.5139718479644032,0.21341894507866324,0.5725649792655454,0.46443205763476914,0.40417218790098036,0.4534173885198501,0.4654535563410774,0.4712259637363015,0.4883907135021185,0.5392181957096395,0.525473620736512,0.4635411073677922,0.18478685044690157,0.3732034407839841,0.35752692965874683,0.4018069195573505,0.39060166359693205,0.029923792223848722,0.0970777456104365,0.08069515243354632,0.0301159576090858,0.07636445769393942,0.07037511587419758,0.11542361251608714,0.10281675296323628,0.05121432584390757,0.058542746161338664,0.059864175501425816,0.10164311654715441,0.09928301255071395,0.07620034771089114,0.09297560245772611,0.09131946712769305,-0.03076800477536152,-0.031667344599597455,0.0012853836542578972,-0.05778146832744352,-0.06062606845883913,-0.055409234140789146,-0.06102522275199265,-0.03138769920293013,0.07906636619405277,0.039489526845543056,0.11082509897365203,-0.16797170013530538,-0.15449344856642977,-0.10565533995669589,0.06689870831032892,0.010456574404499734,-0.0796291270078143,-0.08873948020973695,-0.06606815060979139,0.11647433875215647,-0.027166067761510263,-0.02514680368631016,0.01450761781407181,0.02170224470232801,-0.019270434333348133,0.036495091296624885,0.015104832819416816,0.12509021500833736,0.06795741818806951,0.035357556751987075,0.0764059248423515,0.056227228465746966
7Networks_RH_SomMot_17,0.5698036634881731,0.4445911283403653,0.35669762176048997,0.5931066677152828,0.3208553290737965,0.29238697851378326,0.30633265795289066,0.5789067254218244,0.09284849748191504,0.3420092091344062,0.5576138206262394,0.48492497313329636,0.32899188769536614,0.5009897001456317,0.11124750239041471,0.5812199975108039,0.5435608502310193,0.491331184051522,0.2314048898754615,0.21564562227524642,0.25665603319019925,0.41881885084870385,0.5204579911801098,0.39202909113912426,0.4507263565298623,0.470674483855789,0.2343748591409616,0.4373850920952631,0.35652256308406993,0.2313878349116153,0.2147881120687439,0.3129203342942104,0.323904022083956,0.3555375518145073,0.5683909973183868,0.6773025257515615,0.30789653360952113,0.5688362832043499,1.0,0.37595369294356723,0.8121329597366573,0.4061289308550114,0.6679929969561765,0.40678983519714335,0.6763095656544262,0.5366083594197819,0.2224298158257866,0.3284003257744903,0.6125168467582719,0.5355355970142908,0.38181521933055185,0.5112235266586684,0.35183549597234753,0.5100252458436445,0.3837938080668438,0.5642220253504281,0.6546611304033468,0.2080082685897432,0.5442430770568016,0.3308440691548066,0.3595370692379563,0.4370923831526897,-0.002828524400490639,0.01348535190669374,-0.0157567005928246,0.05158093046854579,0.023914001550234643,0.013543156546221137,0.0738081438484111,0.002897186895148482,-0.016378415490500665,-0.023249397465512026,-0.035192637058784774,-0.031065322350468945,-0.011886028120457835,-0.028888302578465492,-0.0503802386939295,-0.024528737703779314,-0.09486866277626266,-0.11115652419756485,-0.08389539332156687,-0.059893740507690654,-0.08268461331761179,-0.10143804756541558,-0.09600111530577958,-0.08348139596941884,0.0490126297321931,-0.0008052285866732923,0.05711153978152788,-0.11126595102138528,-0.12535024547439158,-0.08711404571360534,0.0581344288553695,0.047505342070606395,-0.008152574645782402,-0.07056762082618302,0.050040635266569204,0.027838183886864754,-0.1077400390196017,-0.06112948876260129,0.035231993537456964,0.023138031987580437,-0.024702186850009553,-0.07121850316742605,-0.0846545640199273,0.09560532065351181,-0.021121767227666052,-0.05410938785553294,0.006831704014126546,-0.06984040892314959
7Networks_RH_SomMot_18,0.5753557212408249,0.5735183416134675,0.462531733317462,0.3529632828867786,0.7830678932029286,0.6635808599326177,0.8113852070507798,0.6064406985738272,0.5770117700629184,0.8404947061332677,0.4841291253598782,0.4948232674992227,0.5177551093270659,0.2755668882234171,0.3030622235386563,0.4212836617737194,0.45374103415422634,0.5267327184156919,0.4025654263065487,-0.02845140592053243,0.3113573962251062,0.17339975787655698,0.32320832792885296,0.40005346635106714,0.35799683392129056,0.3673214091716071,0.3054737478277115,0.36148326000456676,0.31738174681342923,0.18666522694240348,0.2923020691517727,0.3777989155953661,0.5425141966348038,0.6719316778858464,0.4086248539881541,0.265130384154326,0.627253544924592,0.7912399416916044,0.37595369294356723,1.0,0.3172112035436872,0.375692925702336,0.6045223278974755,0.5660444009555361,0.26214432106738156,0.5107620742358142,0.2604846594787535,0.6329537494241203,0.2956634952431674,0.228552453976528,0.4244977578219459,0.4561235044340936,0.44057523127704906,0.45510705407785035,0.5651195580796025,0.4533654275356027,0.2974632377380274,0.22560288209752205,0.29712821120225424,0.33924308130613495,0.3930668621464954,0.31961368018757,0.0330326636900183,0.08688330703912461,0.0811853864718741,-0.040190228201529746,-0.007942658986867746,0.005771135368706576,0.07184240551414149,0.06442899392090008,0.050035095523936944,0.03770511774496193,0.06841732057321456,0.060794332535092296,0.05813843998430038,0.051630578312882425,0.07284517932363574,0.07464933666976593,-0.03387335614866871,-0.024348895510448776,0.028613520273558773,-0.006531450729183744,-0.001657725690413038,0.02286586534747797,0.02118692090378634,0.04383620743718918,0.009369049554706957,-0.0067421168324831296,0.04568205022164331,-0.08185274725530764,-0.09589475211092127,-0.043291151595612816,0.0389106470427321,-0.04157180428568623,-0.19252249299139668,-0.18540825818001222,-0.17118946232216842,0.19279472772221018,0.016061062127504126,0.05567687044055948,-0.04695911631071182,-0.02085926464347108,0.013424762963356757,0.059854553077838796,0.052132047530536185,0.07101304704773953,0.06899719461196342,0.05257707141339398,0.0736764602388223,0.06776059863302195
7Networks_RH_SomMot_19,0.4598451039491388,0.33505173608755245,0.27003290956041764,0.5006384904729875,0.25638911447480867,0.25734054886850133,0.2570936396713882,0.5424668672172731,0.024210570476831825,0.2542177364967507,0.42986473175437145,0.3885493984842185,0.29255412587185686,0.6445164234238355,0.13519906883845592,0.5020734800678047,0.47054937794571683,0.39290247854129307,0.30244866014073246,0.37010483770377384,0.36138691397895134,0.534271711210208,0.5489653094791962,0.31755306019229945,0.49693180984211466,0.5220955208137164,0.2252705018930651,0.49085997642604534,0.36234834923379455,0.3476880852879564,0.10654342861684642,0.22229218604176376,0.2445882121593662,0.29295975211596653,0.50985267907056,0.6702454106279788,0.2001959595437937,0.5172911690720969,0.8121329597366573,0.3172112035436872,1.0,0.35721483067501114,0.6352845874499001,0.3100717184052698,0.7261477649111499,0.38491987453635074,0.2798008834258334,0.3258190336716033,0.7175332309063961,0.6611113965795392,0.390962042537447,0.4302664802741429,0.25031508169340844,0.47762736330170835,0.3322938115832767,0.6107020065573616,0.7210300102177473,0.1819508093630123,0.49012292039103494,0.3812292983656604,0.4037932334221398,0.43972449717084533,-0.05531725602957347,-0.03884851572237269,-0.03404842653407095,0.004472628054899224,-0.021884796971620067,-0.030246581535872022,0.026525692370867732,-0.019659634233705876,-0.0697456112091858,-0.07551355708386363,-0.0984117181404293,-0.003318017914669721,0.000766963142675741,0.00461401580433764,-0.06768712053931895,-0.04547156310276698,-0.05168445903854609,-0.13213231706557602,-0.09283984744964223,-0.016289365681638454,-0.07677403314594715,-0.05410062037476977,-0.08164277398834739,-0.09366089803941094,0.0906452676706064,0.05934283778860324,0.08150504692501281,-0.09689576071469778,-0.06545323842633222,-0.05600961866892307,0.05199079045872989,0.06287627771451972,-0.017908948786992743,-0.061264129533225214,0.023390004383616405,0.06357977124698962,-0.05489285521364819,-0.01626562690769938,0.012524974317716153,0.025282836737843303,-0.08054111198223622,-0.09322800166220323,-0.12540436989912798,0.07577276606013372,-0.0064971150068336885,-0.03594017148442125,-0.020371543983289452,-0.08082246824501453
7Networks_RH_SomMot_20,0.3170318420699415,0.2305392133494872,0.29356725566715053,0.20721793347351608,0.27641737932571525,0.1927288523529067,0.35932471300914187,0.33611552699050573,0.24703448502937686,0.39980242749826883,0.6002241200841464,0.5089728530668312,0.3544064119654701,0.24687281457525653,0.17291104179711111,0.4691786589949017,0.395440651165056,0.4004261182824088,0.35319117121197857,0.04882903891234271,0.3789480150676506,0.2231715716589965,0.33511301402636573,0.2929579418606631,0.3740241892375391,0.3257037484004382,0.32582202228526286,0.3245909356996995,0.27544660811339416,0.21931718872078984,0.10918370569747925,0.34735113667839007,0.28941483112370103,0.31631327262014963,0.3817514867372152,0.2594008996440117,0.26286159274695237,0.33946644902634776,0.4061289308550114,0.375692925702336,0.35721483067501114,1.0,0.5096348619406154,0.49865448369522325,0.31615659166161886,0.4819232325628389,0.26601646246963295,0.41920837543515643,0.3186833213049168,0.2722379833452406,0.27173474219780375,0.39612224281014197,0.26037725605868134,0.3241149398452739,0.35054523896705303,0.40359769782185523,0.2622444825060769,0.218105244567105,0.2986246008655352,0.2634042321600654,0.3306405410461038,0.1485261843044182,-0.04729144947058554,-0.09333032183316396,-0.10671297995490618,-0.051516964239693736,-0.10620406834183131,-0.10297152109168836,-0.06549781065391846,-0.1497394837217089,0.04889864406112218,-0.060882792460619096,-0.023988837636964012,-0.013375819715323365,-0.04995419550859699,-0.04641087814150146,-0.012058681768786888,-0.06086804419597521,0.0011448067551059833,0.0317814715898757,0.017247498312448054,0.04301138611609956,0.08121757615481175,0.04215433098374352,0.09096637665601373,0.04716360639665045,0.01271222473438245,0.00033159570947230026,0.08542449641572453,-0.058256324269695736,-0.08571835760222979,-0.023080232277609997,-0.05061320834528583,-0.053030203001064674,-0.03688925240218066,-0.11994516279958195,-0.034956474997762714,0.13697096269006626,-0.006373645050728445,0.05992176528929874,-0.03897855995123726,-0.01743651005267215,0.062470437170698674,-0.036642328209118655,-0.031657142477614864,0.08522269985413443,-0.012827338268068965,-0.0005844053110116198,-0.017554644028832226,-0.038974348081050256
7Networks_RH_SomMot_21,0.6049564306063455,0.5015502306276212,0.5131562801711368,0.4487267654926529,0.49001358323413113,0.4446663593509279,0.5130582192279168,0.5421340552624111,0.37595281450831347,0.600873328031903,0.6303664497141688,0.6389918542302307,0.6523631129623325,0.5325166021651518,0.24473614121700515,0.49788773433899675,0.5872459764979311,0.5973657532555404,0.539351472075178,0.1607176738106028,0.523972114003315,0.38336265892000254,0.5316127897812598,0.46351087036820554,0.5588679442813005,0.5813642991853221,0.347267054149448,0.4903503034869084,0.4381948231665813,0.3064305906967473,0.28088908477876434,0.44699285566504343,0.46633029653804625,0.552629943805362,0.5769879797897602,0.4879721273594934,0.43466222648882874,0.6573702622908927,0.6679929969561765,0.6045223278974755,0.6352845874499001,0.5096348619406154,1.0,0.7115414998931945,0.6136053499229134,0.6284960029068848,0.5228035153739111,0.6805927767858576,0.5989509004169383,0.47721949921798923,0.4976881836948439,0.6462947318538664,0.46730970168918634,0.61821502612924,0.5803403387078141,0.6770437446967749,0.551201759442637,0.2861480941559085,0.4710126663921412,0.535630135171047,0.5355106036402171,0.4512477031045518,0.06083104512446502,0.0625835502531423,0.05467153194680486,-0.026131522585801828,-0.03175342044724861,-0.012719343730115922,0.08659948512191556,0.014306568224688693,-0.08398328250421257,-0.07539814061957177,-0.022783370380854606,-0.09525717218129905,-0.08381995732401097,-0.07243478391025454,-0.05676954999983338,-0.06745306672930272,-0.07138513954903211,-0.08583581105205736,-0.021571585649294775,0.03402338277433542,-0.019696851276276413,0.0025568414789664696,-0.018936983552871284,-0.0072741637131854215,0.04106250455308033,-0.006497043180714553,0.058579911843388906,-0.0688999366454741,-0.0980984663671678,-0.05572601665902747,0.07574281496789952,0.04670124856300227,-0.07058403833969264,-0.10193288357768118,0.00735745244226175,0.07551420828058182,-0.058493393360998354,0.013274295679180195,0.02324001185218638,0.07765586509786723,0.01943444591192818,0.011320572422943181,-0.043706670151403074,0.04760565138468135,0.030272925573877698,-0.0315712249663065,-0.010859042846693924,-0.058601740558471255
7Networks_RH_SomMot_22,0.44637058153617115,0.402324358580201,0.4850547179839439,0.23991085267773682,0.455465119916165,0.3236365122299508,0.48049279255034005,0.34318971274368887,0.39796332077282054,0.6106606237629978,0.6392562335421742,0.7443627390148014,0.6295667220894983,0.24395510447040933,0.21663330328705274,0.45491016857667943,0.5591106133250171,0.5806459176864893,0.5298817587223064,-0.01749415788067997,0.4975215368005656,0.19770908306887192,0.43313535199127945,0.5126898882176635,0.4483956977317856,0.49401732539943355,0.32510193319533465,0.45570848741516023,0.34909158420281633,0.29430001707293285,0.3364879983764138,0.4734274889502562,0.4021321358556361,0.4937341395204559,0.4951065720253747,0.1642526989374846,0.405886257743646,0.48923668447422386,0.40678983519714335,0.5660444009555361,0.3100717184052698,0.49865448369522325,0.7115414998931945,1.0,0.35823319993990355,0.6880017519732315,0.4583544123889939,0.7213164687474226,0.3665519334949924,0.23017558920385128,0.3885556019446456,0.6447543802507568,0.46808850550497355,0.5355209418870136,0.6569352435693423,0.5817357911791243,0.3041712322018096,0.2683504135414944,0.3266226534435725,0.46300896540291137,0.5203985266013903,0.32560560374891584,0.06051997094592453,0.0919736639357802,0.07723671776744404,-0.03729699231122917,-0.05363312496693031,-0.0470356458691273,0.05382728398311965,-0.01991065996395623,-0.056776527112124234,-0.06964855261067004,-0.00438820150935653,-0.07964121267655022,-0.10196173025212082,-0.08776770738365475,-0.05636463781735416,-0.09088446016826637,-0.05554852950705457,-0.04500787470330715,0.015003286288401595,0.04278040351021634,0.006717951240163654,0.012620670600654547,0.0194851854952469,0.0069586961326563584,0.018373238905982362,0.03134507268863065,0.0727671698454752,-0.053185267584299735,-0.023344640873182873,0.002918663406455156,0.014544346350998253,0.04537933882309551,-0.09393561027417902,-0.13985678608746963,-0.05607190534256878,0.12737910677028896,-0.059248755899099344,-0.011506593420600864,0.05840178428921233,0.04002726717156682,0.1108335152875299,0.0054535120977323584,-0.031182341220569308,0.11571121908818567,0.0651747819512466,0.01106201375438788,0.003982603786662066,-0.053975048572402214
7Networks_RH_SomMot_23,0.38253959196157944,0.2874116321790703,0.2569439584486707,0.3843195990044579,0.21369740387267747,0.1906859925439029,0.20970897120659815,0.40680100918189027,-0.018391921312526954,0.2333424527801254,0.38252917262732006,0.4260681896365047,0.3382514224528927,0.5888619682780941,0.1243898448852652,0.40202299745017217,0.4518605786683792,0.2860894867540528,0.34491509730570924,0.18217593164758766,0.38843241196901734,0.4168021230693559,0.44516523872173286,0.29679367859036526,0.4575689728816475,0.49766455926441283,0.1286202353294704,0.48254073955419224,0.28997370277242496,0.40042696921993254,0.08606342145134704,0.1934950406247304,0.14637074958864074,0.2482527740387821,0.38460797781159534,0.5266889154625294,0.18120064112039577,0.42494784852834344,0.6763095656544262,0.26214432106738156,0.7261477649111499,0.31615659166161886,0.6136053499229134,0.35823319993990355,1.0,0.33210658471183674,0.359831761562795,0.3830464121639068,0.7555912288925661,0.4933906571549537,0.41559223752633323,0.441844332758644,0.20350448522389777,0.4476072380533169,0.3560505514097359,0.6104105324469017,0.6355785091227928,0.09765298405308177,0.3886967363670495,0.49325959550518117,0.4916345541479646,0.5246644326614485,-0.04754814868789309,0.023317999272147463,-0.008344498240397572,0.017247462889332935,0.040488961200129486,0.013176674780335343,0.02587967835771252,0.028608879135903226,-0.07268371179068679,-0.08141629751971215,-0.09593288767753294,0.00017214470829627262,0.015616182486656322,0.0019006002025846094,-0.04092694123038806,-0.046020044058199684,-0.05885564387973074,-0.06525394859400813,-0.037436278534406835,-0.04670902701657102,-0.07238254596917741,-0.038804885731688346,-0.0766055625212817,-0.019508618186891823,0.02993539290241199,0.08700688369367857,0.08841553018922084,-0.03377462415046628,0.027550035013866037,0.06589259262530717,0.10109160422751225,0.14506457496595376,-0.01629077994798513,-0.03915359378275749,0.04810555667075697,0.09401537964801128,-0.005970501593443419,0.033661675209363175,0.02393724684295012,0.02239938899463251,-0.005236472160131727,-0.06159425612219097,-0.09938288463481353,0.11286942639346023,0.005247179126932026,-0.022225743343650385,-0.031507439623630173,-0.06860780510150022
7Networks_RH_SomMot_24,0.47895306026761275,0.47702709772739205,0.519483371215075,0.2951653294253769,0.4247505947391126,0.18567655437776645,0.4316122722065662,0.34428999280102535,0.3148987481864175,0.5313227686749572,0.725390513313157,0.7021887360351614,0.47023226042500854,0.22532665315324107,0.2545280756477416,0.5936383340033194,0.6674135679693128,0.6925068619691914,0.4586071713214391,0.061266771437641455,0.4075023119153038,0.2792825670102921,0.5326002079022587,0.6906779107295627,0.462595043890712,0.5313594161459456,0.3169618339545633,0.505477608414887,0.405601851949841,0.2599390638609854,0.4148608641336121,0.5293383360877162,0.41259510194777754,0.47324556687826824,0.5860004418533986,0.26732461445056843,0.3973918813233527,0.5139718479644032,0.5366083594197819,0.5107620742358142,0.38491987453635074,0.4819232325628389,0.6284960029068848,0.6880017519732315,0.33210658471183674,1.0,0.27941577252089494,0.5919931830218796,0.3967632267857077,0.34693860789032555,0.4895185667759121,0.7420242981087395,0.5378040143903411,0.606107202178882,0.7091433093141503,0.6027017766119322,0.4224559385380372,0.23455896623484607,0.45346225143140584,0.4081603025651245,0.4891396367901547,0.41190827471587055,0.08573439206148611,0.08967097416246791,0.09047770087619994,0.045993363202726595,-0.03650788736063997,-0.016992209512364773,0.12791561570915874,0.02211129902845298,-0.0640131575928636,-0.10650006340068008,-0.07244325063483553,-0.08944942484990262,-0.08033556068419719,-0.06804480375005158,-0.07812936335236323,-0.09569145746505939,-0.13356614695859428,-0.11855982599688619,-0.10518470535793181,-0.08213374198522003,-0.08005108120340018,-0.10336792257910367,-0.07617530631130577,-0.0793957651128268,0.05933351756303243,-0.02233207038781424,0.028065060341020204,-0.05035741725863446,-0.11557578692266426,-0.10304707783030198,0.017614432057607668,-0.006934010237323415,-0.06599041783007406,-0.10684559315982071,0.02452167596391733,0.08945865857450748,-0.0790805347781779,-0.001474390761367327,0.051354233622912505,0.06055171072098956,0.05523959306598135,-0.028562046803335024,-0.030311095363383566,0.1322016975066959,0.019867992351354707,-0.017976686043187324,-0.01261971951689333,-0.06401083340110356
7Networks_RH_SomMot_25,0.2166957403412235,0.16060671129193765,0.2683785776417603,0.23972339891749755,0.160055281163047,0.26061353215144095,0.23451552047361568,0.24769402012331795,0.2872523095299866,0.3105929153918299,0.31968075809109636,0.2989810629520983,0.5453009492500275,0.47148414860670324,0.2833063032117343,0.24634141966381518,0.2669465952728962,0.24927938126561505,0.4608244414266363,0.2090176393260855,0.48729852600930407,0.2399211875987583,0.2734265652334392,0.17466865220069552,0.4061579101955275,0.3399517454174047,0.2708299694691341,0.25489037764826544,0.35127191421613596,0.1908892320680608,0.11396660346466173,0.24418472630392313,0.24483611350891993,0.240819425927817,0.22771738881893255,0.18570472028974033,0.08058403307698644,0.21341894507866324,0.2224298158257866,0.2604846594787535,0.2798008834258334,0.26601646246963295,0.5228035153739111,0.4583544123889939,0.359831761562795,0.27941577252089494,1.0,0.5157165701800767,0.37011523855764333,0.3444771642327808,0.38669762926942414,0.363815535016493,0.25856793230061625,0.35661880763930026,0.2819239975096916,0.4158484578268919,0.3070052162472673,0.23685392126641253,0.27331224284666394,0.4088666394694025,0.35271710509572196,0.22086095883602783,-0.008116392328234811,0.06035476202265178,0.053313083407128745,-0.0363778827853117,-0.056178953281361604,-0.03019425519086033,-0.006543230247692472,-0.0028227515555734662,-0.15128598532526835,-0.14996323332455172,-0.0945836447904695,-0.20487743968914846,-0.2062937903464346,-0.16379241848793238,-0.13618668619238739,-0.1464081488118065,0.004786917470658159,-0.02712576788554028,0.0522062161932548,0.03929210944726008,-0.008439826086578265,0.048802126411053255,-0.021168579004027962,0.03341847159424424,0.03674722841263471,0.06839910887545415,0.13263896148811294,-0.0415113372060507,-0.027478457066740736,-0.036644135102895686,0.06517337519697694,0.049825613916259524,-0.039354161199616745,-0.07676860869065377,-0.005786162281599452,0.12138929903502235,-0.012584016352463345,0.08067818443345952,0.0134425084514022,0.016378324403140857,0.08891213708534337,0.022949860340558684,-0.026644250707792767,0.00946251347418419,-0.02419768437485526,-0.050053786164767265,-0.07603319693939316,-0.07788879375116603
7Networks_RH_SomMot_26,0.4402415600130637,0.44826990431882546,0.49285714595181,0.2013576424764734,0.535822168393884,0.3567772746321765,0.5975207378671776,0.3473062425252551,0.4342716631076849,0.6544767537255949,0.5371259179523916,0.6326172872867977,0.6022687913721386,0.3718602086268727,0.32974471094488367,0.40970968790334406,0.5811567577075699,0.5434128836051562,0.750120759181408,0.09314796867679927,0.6547296661144199,0.29497911028874874,0.4906167633974376,0.5297585989156317,0.6136843095234996,0.6536030254590761,0.3134433602159388,0.5984628847856988,0.4062039568771755,0.48466878853680834,0.3127830696274518,0.4894756735464013,0.4504740575444489,0.5457859722228124,0.47371714732966796,0.10963786122501773,0.3841682424799713,0.5725649792655454,0.3284003257744903,0.6329537494241203,0.3258190336716033,0.41920837543515643,0.6805927767858576,0.7213164687474226,0.3830464121639068,0.5919931830218796,0.5157165701800767,1.0,0.49123280572130323,0.3550736448247713,0.6265761310986283,0.6874436957802371,0.4694874983300787,0.6730327771215681,0.7746196362331955,0.7022453177751427,0.3725669726310113,0.21089479584738152,0.33194631915323297,0.6903511601150518,0.7185341788358334,0.5120731594716644,0.0698032679668172,0.11022857097237158,0.11507142887681597,-0.04106692943870878,-0.030565082857183873,0.0013683488269041662,0.08100346067195786,0.060245301909902106,-0.10434272873757035,-0.13139642133615176,-0.07100508715165649,-0.06584590746863318,-0.09226547986207423,-0.08732477323594746,-0.06052560599524206,-0.102933529000551,-0.05509009729985256,-0.09597789967755699,-0.011159232166243194,0.020277744924276427,-0.020393088386827733,0.01843956315694962,0.014708403403359285,0.01756031558210943,0.05288353144286881,0.04776354828039248,0.10611638827952871,-0.05018631746529102,-0.06585298308435507,-0.03740234470288763,0.08324831935368344,0.060577713525310564,-0.09077106348459729,-0.13119562449670394,-0.05059896273274295,0.08236425021210902,-0.07658466511324614,-0.004199381435021305,0.024384413970983575,0.03408079570228317,0.03346066488212491,0.005987796490603863,-0.03384238383427031,0.10330279267583753,0.020160269342172406,-0.018678747544322534,-0.00680505643534501,-0.060971468756216306
7Networks_RH_SomMot_27,0.32521306828514224,0.22990245745807092,0.31018719007405565,0.3961287923249388,0.19832927922059024,0.14954039921260506,0.21966848191761432,0.3727587069295868,0.05743442982565131,0.2543916331759878,0.39876437104400214,0.456876141584128,0.3503141200296571,0.7110856320269392,0.30486292218977107,0.41465633950378783,0.5459736102943293,0.39290209448626107,0.533522496505896,0.44439122466458525,0.5847669133411658,0.6827030677525268,0.6375309231463355,0.4048380472586953,0.6338679586029425,0.6704295252099839,0.11559221894879257,0.7091986153282218,0.40262494887679245,0.5857131218377918,0.16324611866142955,0.2669031073560444,0.2479538514418699,0.25637291754041086,0.4820392832191036,0.439799391602066,0.17321051875753285,0.46443205763476914,0.6125168467582719,0.2956634952431674,0.7175332309063961,0.3186833213049168,0.5989509004169383,0.3665519334949924,0.7555912288925661,0.3967632267857077,0.37011523855764333,0.49123280572130323,1.0,0.7730917273857612,0.5759129842999156,0.48987052943032433,0.3188385343155547,0.580700324690636,0.4672944174135887,0.7735526219379124,0.8105481932987878,0.08699620698078467,0.5191811546643762,0.634389204820761,0.6152814163466213,0.6284363392241689,-0.021158433367289252,0.033939825513238285,0.03876498746279978,0.0520514411297399,0.012626073589250109,0.01268703272792682,0.06651327467615867,0.04929022061221592,-0.10327536209011619,-0.0981553087539301,-0.10389787699557557,-0.06050177777692032,-0.030389031486661264,-0.042148071427229324,-0.10103719285988692,-0.08656003485408273,-0.08356293556530374,-0.11891703970761194,-0.06909585740498268,-0.06114894375328109,-0.10207263406922476,-0.055677606844444325,-0.11140023098472117,-0.0851192640846536,0.12919589553253194,0.1350883331821739,0.12499843646036654,-0.07264751134388843,-0.01364386285993584,-0.023567191587521668,0.12552693860042718,0.13199430621598401,-0.02521116630689399,-0.07360099069079297,0.022240546434334294,0.05063632430949026,-0.05472556788947595,0.0027954662300439044,0.028742005833105124,0.023180971872673737,-0.018151700291199908,-0.046692654772447426,-0.10768485336515367,0.13386556789316512,0.05984258052965767,0.02768043817673831,0.006290776242820061,-0.04983742889421205
7Networks_RH_SomMot_28,0.25458615516206057,0.13172626092713904,0.24351628633703554,0.4173417310106301,0.09899398325123379,0.14270872155934947,0.15581480102912887,0.4048222382827881,0.059395604801121604,0.1867295762834152,0.364036460993558,0.3044140305473101,0.2569669620244847,0.6969849805574828,0.3389372497005602,0.41326739443935756,0.4602471553592113,0.3601765846846135,0.44928706170021193,0.6915087375850272,0.5283197623949041,0.7664483655724345,0.6610483898494469,0.3542376782134381,0.6090804108251878,0.5936370563294576,0.19983728424288583,0.6427854216633406,0.46307232709798796,0.5338397274110337,0.15604022436897244,0.2158564804911075,0.24522830752913644,0.17932002154055734,0.42349262062611953,0.4144736348698041,0.0810670910893635,0.40417218790098036,0.5355355970142908,0.228552453976528,0.6611113965795392,0.2722379833452406,0.47721949921798923,0.23017558920385128,0.4933906571549537,0.34693860789032555,0.3444771642327808,0.3550736448247713,0.7730917273857612,1.0,0.4836173556687289,0.4052775528765157,0.3344868755356213,0.5175500176025234,0.3558075655341473,0.6549091092294418,0.7927208208728878,0.17881569985719545,0.582425146357114,0.4847632406685035,0.49059057664402034,0.5038254430163965,-0.04806666179250455,-0.016954997413031803,0.00670758161630159,0.0263351216226989,-0.04046160178656995,-0.05450861653909028,0.025550673565582223,-0.04693965047530256,-0.08886100268171299,-0.08849444918169319,-0.09379931169283716,-0.034296472308353476,-0.04062099989449606,-0.045842118417426636,-0.08526119044461808,-0.10907295113859379,-0.04052055316311752,-0.11226502973092159,-0.07883041814807631,0.012519366901747184,-0.06052139134838495,-0.012574138241794505,-0.06265173436917491,-0.09148486335387888,0.1794533061840459,0.1347742295303306,0.14442179034961425,-0.10439339948796988,-0.05771366186410478,-0.10783091823268166,0.0961217334741701,0.04415097519853109,0.001849959853662601,-0.05007295431157867,0.016083755870939062,0.0034751380238801947,-0.07108454559975236,-0.040499001943695906,0.01162868702386371,-0.02400671249921973,0.004647702177552633,-0.0341191281537726,-0.0993850958403553,0.10167214369847107,0.035767812555818804,0.0017368777032834726,-0.01753144891652347,-0.07125883050032816
7Networks_RH_SomMot_29,0.350440286941832,0.35663703721068934,0.4295505076390604,0.2802628366360327,0.34514765555963745,0.17477230677024605,0.37636644964482346,0.29498406842907,0.24988652713901943,0.41030209833612885,0.4453305834486683,0.5013535290908013,0.42124208312319644,0.3910998763065802,0.41378862785875753,0.421807805272582,0.576358572402295,0.46073111187900495,0.5580650586793343,0.24119273302177988,0.5299063002495242,0.40136689445163054,0.46583146777013573,0.5063700870631342,0.5753273042442567,0.6388718303907173,0.10098048055976559,0.5696226609156578,0.3135569593744319,0.40847355558105514,0.2907064873038598,0.35643055717303174,0.3515599637302221,0.34984521444765315,0.3521423381328148,0.21498200832217548,0.31537530598353425,0.4534173885198501,0.38181521933055185,0.4244977578219459,0.390962042537447,0.27173474219780375,0.4976881836948439,0.3885556019446456,0.41559223752633323,0.4895185667759121,0.38669762926942414,0.6265761310986283,0.5759129842999156,0.4836173556687289,1.0,0.5779831479172809,0.37971266230008305,0.5452978528261688,0.601131179550605,0.6152232326000426,0.4484819230181501,0.004288965708637525,0.3763534126175082,0.5614124808408137,0.5443115380951279,0.5431046162183055,0.06581666549491193,0.08769227146050736,0.10898294702267462,0.07524522649124368,-0.00325349481963909,0.005769193984516011,0.13770679019100107,0.03903987042358853,-0.06215851628992555,-0.10869990457981044,-0.11279522173215918,-0.08848784971294982,-0.058114642895891286,-0.05729045600858594,-0.08280430978121275,-0.08854516397646717,-0.11471195769062627,-0.10950142156061136,-0.020717803038647547,-0.1251538523020323,-0.13195994604241268,-0.08243613388568787,-0.07783418532922741,-0.02117078204084424,0.05906456825543221,0.06556423340768108,0.1059073147734053,-0.1788645961743163,-0.08676055307717977,-0.09969927226614786,0.08434682463756643,0.0731981613822788,-0.09476246375272668,-0.13051518720679176,-0.06163378871721873,0.06035542759938719,-0.11544246693931673,0.0007504740368048556,-0.04018776432124781,-0.029314479030044253,-0.017368354960053994,-0.05042421999978268,-0.07926625202998781,0.1155148080171752,-0.040491527638501765,-0.07820472236877272,-0.043438339390353076,-0.11673088856118505
7Networks_RH_SomMot_30,0.4644982002962438,0.4191847317024282,0.5586240007352831,0.21019067202894892,0.41110306570110317,0.15363148805061877,0.42568844673148853,0.2909206173241273,0.19693802954077444,0.5034321068082549,0.6240443822315925,0.6368399571864539,0.44132378050951127,0.3134725429652951,0.2480117822392199,0.5754757103164535,0.6860425055315198,0.5490441177325286,0.5464051589217508,0.1349270706637183,0.5106374386845876,0.3220698823227829,0.5458351117784582,0.6195314397893231,0.6432531844351462,0.7042080185684323,0.23865934479881326,0.5949564533685696,0.41771127841115074,0.41382309730521005,0.36779200496860337,0.48746787703689964,0.3264791659274092,0.441994522136761,0.528766533241261,0.19154543309661326,0.3133809408090745,0.4654535563410774,0.5112235266586684,0.4561235044340936,0.4302664802741429,0.39612224281014197,0.6462947318538664,0.6447543802507568,0.441844332758644,0.7420242981087395,0.363815535016493,0.6874436957802371,0.48987052943032433,0.4052775528765157,0.5779831479172809,1.0,0.41016395625590246,0.7392995291991634,0.7324641844479755,0.6756780533728199,0.45769538473488763,0.14370489802352918,0.44888485464418143,0.6435901344134317,0.6080816387201597,0.558234179289412,0.09699814246537938,0.11272965742702525,0.09648465114606489,0.04165579136915745,-0.05684325965049537,-0.020645957145665646,0.15886532825045135,0.051079472102113055,-0.15834079108236254,-0.16369268627983768,-0.1418617935164299,-0.12187777326473122,-0.09992266834716047,-0.07761201341696554,-0.1196643794528716,-0.1316550343695822,-0.12990553128560256,-0.13803816423467097,-0.09445424307701704,-0.05902132845558766,-0.1327627260432014,-0.10299833921774236,-0.08274998014468031,-0.09753544796364044,0.10393351264457047,-0.004681645892794288,0.06999139514843482,-0.06609748671875196,-0.11275495857295474,-0.08912978647829084,0.10403383317708148,0.09131269337111056,-0.10182153077904504,-0.08042416018398775,-0.0022942355854150428,-0.02311682900864423,-0.12503567126435275,-0.0448689120309577,0.011216810308222932,0.04489920323563653,-0.024596978349805305,-0.1077288561980544,-0.1281019861507283,0.04881033195356809,-0.06988144092086715,-0.142342595263321,-0.09031535448175743,-0.18050038677917335
7Networks_RH_SomMot_31,0.401086353079132,0.3587121413719573,0.4137029893960932,0.35137380384188427,0.3262926694602832,0.29399253114743346,0.35622449816667906,0.3629512244935875,0.35218956487172653,0.43442115773720275,0.46721518795748795,0.4884757004645881,0.43537841348648965,0.2270522769989393,0.230118705995789,0.36317465660698195,0.5162035717509429,0.5310224904386239,0.4243293773386728,0.14018779100137221,0.2552280549290392,0.2988409395854706,0.4510113246084175,0.46798461679654857,0.33550494908820777,0.4035451401247282,0.2500358235383575,0.39959513698947313,0.3664312037683785,0.2660904228282428,0.32005551579499586,0.4168527669852992,0.41489913155373714,0.4254829611857899,0.438574642323638,0.26534044717192995,0.3840501811151817,0.4712259637363015,0.35183549597234753,0.44057523127704906,0.25031508169340844,0.26037725605868134,0.46730970168918634,0.46808850550497355,0.20350448522389777,0.5378040143903411,0.25856793230061625,0.4694874983300787,0.3188385343155547,0.3344868755356213,0.37971266230008305,0.41016395625590246,1.0,0.3870775788080124,0.48970991778700834,0.44823674274674896,0.37119368409022024,0.3279016909319776,0.40218818316545474,0.2815673760612712,0.35945680655258094,0.3921488115867718,0.07166488359154932,0.12662606268963994,0.1203431028827769,0.01996764414862847,0.030038991656473932,0.03582423555312551,0.12479173122366163,0.08129298213463661,-0.09755542820506101,-0.12085690158964305,-0.05358536938549077,-0.09749979464199385,-0.11160222941540102,-0.09181724075615692,-0.02962155656495225,-0.06261523383151413,-0.03762857199401578,-0.061369549845884684,-0.00521511233807172,-0.08931731983761071,-0.07757734466144346,-0.08785193503953365,-0.06763731191056593,-0.03764426021454275,0.12157151384586007,0.09005558886456118,0.12876697703537926,-0.12627392547856758,-0.045437506089935256,-0.04144675316780926,0.07099765205542662,0.05947220899367338,-0.0638057841157574,-0.15956415429897122,-0.07563031872531778,0.019944103997304174,-0.11233750300529477,-0.060098855275384735,-0.006544801824348727,-0.055504049966178866,0.11648205287642106,0.053037066214937416,-1.4538542160474937e-06,0.13745579325484367,0.0664241166582148,0.007290891991594994,-0.02426703161798647,-0.042839493489715316
7Networks_RH_SomMot_32,0.4370377791340441,0.3908466442078978,0.43672824275218697,0.26605027617351423,0.38157547029429345,0.19257632525165552,0.4130359591061309,0.31607194649149056,0.23407515128343578,0.44807803180340694,0.5374752377686656,0.4992242979186916,0.38856272800668235,0.41215057235655866,0.30788579911355607,0.5626288077863867,0.6065783100663797,0.49143847181804223,0.576333005544464,0.2774281763277565,0.5588457927801845,0.45468282802590604,0.6306915569556814,0.5298788131554171,0.7468655020807828,0.7181286970267152,0.3031603962823542,0.662726227773515,0.556991392726802,0.5078015158717215,0.2563769716488409,0.4706691499186332,0.3361976519022818,0.3944285058225085,0.5504405299690411,0.2093745587921361,0.29447461978237766,0.4883907135021185,0.5100252458436445,0.45510705407785035,0.47762736330170835,0.3241149398452739,0.61821502612924,0.5355209418870136,0.4476072380533169,0.606107202178882,0.35661880763930026,0.6730327771215681,0.580700324690636,0.5175500176025234,0.5452978528261688,0.7392995291991634,0.3870775788080124,1.0,0.6748096477596497,0.7431419944999903,0.5921173782242539,0.174757162623949,0.5974471652920392,0.7139961434760016,0.6581604845671748,0.6880003393846219,0.03425241345789552,0.06938832064854336,0.05505162701772536,0.02240132421607433,-0.034834799403872886,0.023410948040677636,0.1383826379484713,0.0772733604789499,-0.09103020500510219,-0.13937382178507896,-0.14208467300296662,-0.08162943306185914,-0.07328076213398275,-0.06197248438985039,-0.11959128189768053,-0.13447210072915874,-0.04414826238591159,-0.12477506215750163,-0.042523123901016674,-0.029519317754434053,-0.12488304159036154,-0.09527141084464981,-0.045686084679735846,-0.07012795891377556,0.06789002724306988,0.02884425452617448,0.03573790022855251,-0.08630706045816061,-0.05892370947741878,-0.10009515963485463,0.09248968834777183,0.06342383479501604,-0.0803866436452682,-0.08614265877980608,-0.03322791910148005,0.008237223747032764,-0.08780525279299962,-0.03668171192093081,0.09158108673048121,0.09231221635887202,-0.04437260272221879,-0.07460305594466139,-0.12611010901317993,0.042805528017100684,-0.01540649673922654,-0.07328055010032307,-0.033633062331722835,-0.11899790967281391
7Networks_RH_SomMot_33,0.42991884350256826,0.4646475193295597,0.5098905159317392,0.1870974058473024,0.4864383447584202,0.20503438423148826,0.5057976786417423,0.30218923239497686,0.24961587170115107,0.5573626448347657,0.576404291487114,0.6547436659975913,0.44841280293162755,0.2387845655050481,0.29651937913839593,0.45830779958298135,0.6546541188404316,0.6015245570013266,0.6143138381559613,0.08102078156556296,0.5667653814701237,0.316346488005134,0.5497741830294802,0.717085988397391,0.5264857069657288,0.6781602786245244,0.228092361130064,0.69431225049474,0.3622077049486046,0.5373593106404979,0.378739035572648,0.5270554681918659,0.40019988621514013,0.5318859789332755,0.5066394345875187,0.09656650320576166,0.39025175265340417,0.5392181957096395,0.3837938080668438,0.5651195580796025,0.3322938115832767,0.35054523896705303,0.5803403387078141,0.6569352435693423,0.3560505514097359,0.7091433093141503,0.2819239975096916,0.7746196362331955,0.4672944174135887,0.3558075655341473,0.601131179550605,0.7324641844479755,0.48970991778700834,0.6748096477596497,1.0,0.7041503422105689,0.4125307817788703,0.11481315310585363,0.34406825826276827,0.6068000910461074,0.7139701400565175,0.5912455606417263,0.043748356120107794,0.10567898029775286,0.10018848145603602,0.021501590959199873,-0.01062396951153734,0.026326642017324077,0.13215982369773036,0.0848937242290333,-0.08166762387394973,-0.11783605042304186,-0.06604052524643134,-0.04626783745116634,-0.06678183075262988,-0.06248969368654899,-0.05706757935225498,-0.0841923454949928,-0.07892287361798576,-0.10722235352718226,-0.04436572581217576,-0.06261302466463475,-0.08474694374546067,-0.07340742132426073,-0.03044830164807419,-0.039257093643872795,0.02888890170073061,-0.019038272101418428,0.008275660544095653,-0.02835097306153435,-0.05655563308754224,-0.038863886689280466,0.048085737521888175,0.015601224769358744,-0.08915005409946106,-0.0871953696562197,-0.035203823190513656,0.05980640613039425,-0.05854591955846624,-0.014860982001588212,0.03688639622163336,0.07924878388638869,0.04143485719629659,0.025633662176542994,-0.0015805915734165169,0.13243117051286815,0.04957570388549901,0.0010473457298837256,0.01992023184789054,-0.022770077181248367
7Networks_RH_SomMot_34,0.41718401695969104,0.3609587889675626,0.45369341948261793,0.35708254184018734,0.3620243897240785,0.22295081545644063,0.37708028933336213,0.36519523666155906,0.19133543997989774,0.43546827558789314,0.5669115510903509,0.5711391800473047,0.4724194503000497,0.5830584028954287,0.3244312594329677,0.530331121459564,0.6652381246649681,0.5535703300120511,0.6623704600196366,0.37026671507230596,0.6872728219474317,0.6067429129778862,0.6741618382737393,0.5854020217926754,0.7120521397483954,0.7238843168111996,0.29011079793830646,0.7596893052535215,0.5796663469215673,0.5828498950538896,0.2877933374254837,0.45006356712276196,0.342803369212254,0.39822477229474185,0.5936332754462372,0.3373713521079589,0.2658450959319978,0.525473620736512,0.5642220253504281,0.4533654275356027,0.6107020065573616,0.40359769782185523,0.6770437446967749,0.5817357911791243,0.6104105324469017,0.6027017766119322,0.4158484578268919,0.7022453177751427,0.7735526219379124,0.6549091092294418,0.6152232326000426,0.6756780533728199,0.44823674274674896,0.7431419944999903,0.7041503422105689,1.0,0.7550934676752333,0.23467216115782427,0.5410537574420796,0.6931702042924978,0.7363752748223625,0.6624042731508196,-0.026441328608155224,0.039627691333753795,0.03941628693005516,0.027111687456897113,-0.017329342362719616,0.020056592060965103,0.10726326294572151,0.044469455808950994,-0.15154048380584761,-0.17117145974372125,-0.1465868032338991,-0.0820176432366566,-0.08347825421004608,-0.084180933265541,-0.12068291599437127,-0.14192040311944704,-0.06682158502457174,-0.12680946290691641,-0.06692700132406114,-0.062730230546039,-0.06740735808369212,-0.03003442889981797,-0.050137492416230875,-0.04102654071080014,0.13493799924557862,0.09640475035288126,0.11111509558210207,-0.06454796209868105,-0.026059164513459784,-0.02938255772351493,0.12224342380940484,0.09761520405807157,-0.06534299923397889,-0.0831313959635565,-0.004627472441272712,0.03497975518687626,-0.05308621105567614,0.022177128000733425,0.04401586393287261,0.04455371122843154,0.01734470527735845,-0.034526826338904415,-0.10809519969185152,0.14708861761010555,0.038119663587678695,-0.019156861511548776,-0.03474388320060365,-0.11556701001892081
7Networks_RH_SomMot_35,0.3786917005133783,0.261251675823418,0.3488347455836974,0.45176519117327457,0.2020731351129832,0.1828441448029569,0.2098244140978103,0.4010124890168401,0.019745598722947295,0.2431831580758134,0.416862898431031,0.3643655436818641,0.28621324131050063,0.6685503822506298,0.25741832307368295,0.47524819738695706,0.5250201502098001,0.4257154404558026,0.40945271160059604,0.5236065909749268,0.49984597122566626,0.7263747416005077,0.664311470871858,0.42916821287963347,0.5933251683152455,0.5772713909226518,0.21932688050526622,0.6517975118216869,0.5398076088456962,0.48125689349114387,0.1864702482710854,0.27463282294654423,0.25803103279076206,0.2798296541643113,0.5193371126875785,0.5128265183913703,0.17077193070740246,0.4635411073677922,0.6546611304033468,0.2974632377380274,0.7210300102177473,0.2622444825060769,0.551201759442637,0.3041712322018096,0.6355785091227928,0.4224559385380372,0.3070052162472673,0.3725669726310113,0.8105481932987878,0.7927208208728878,0.4484819230181501,0.45769538473488763,0.37119368409022024,0.5921173782242539,0.4125307817788703,0.7550934676752333,1.0,0.23151864134245503,0.6188924969219661,0.4943461747046314,0.5032195204932098,0.5757119632331639,-0.022082490193198273,0.0460171633637884,0.03939736541557127,0.08037160756497672,0.02106421280940454,0.02779910327165007,0.11307435908643432,0.05872094118303159,-0.0851791927612625,-0.07846597308874245,-0.07273465413877761,-0.05409539374603833,-0.03825177869039995,-0.03462585873779531,-0.08260734539635768,-0.0726084334681834,-0.05573070303311934,-0.09913531375581716,-0.060674409702240695,-0.06632739198614235,-0.09572781302673417,-0.06596499326431732,-0.08228692368267046,-0.07700773260032516,0.13096316010452355,0.1125299646426376,0.10404031976522211,-0.0604671067797092,-0.018018304212855454,-0.047847047141001735,0.12366628318191723,0.08697803053082569,0.0029598734712622354,-0.05608004897793008,0.02269216225047577,0.025314052875108677,-0.045215574750641946,0.0017712598292791927,0.04680689959283654,0.028127795733743376,0.009899464470392767,-0.023450535918856177,-0.0877657040844282,0.11566197892297926,0.057323091956463554,-0.0018455557296023154,0.018685426758578625,-0.06450213504290486
7Networks_RH_SomMot_36,0.09720623977299606,0.031670861165298964,0.14321528341628073,0.22161974075969645,0.09070182489547828,0.17319812727840578,0.19416998195272986,0.21280575822939726,0.2671647907249334,0.2317249945142374,0.3023051909878325,0.14362036965734448,0.2393089987492972,0.1586376270410161,-0.007437476074691278,0.19025727499059358,0.14802938891497486,0.3139997728163582,0.15874743369082572,0.1417302975133267,0.18162012890689566,0.08194334313797175,0.23920020721539986,0.12300684117879314,0.19597601284908245,0.08646718033869455,0.6218550770977194,0.02772218722294313,0.3311583441632451,0.026666478723315117,0.03149249458830756,0.17529828635574823,0.17823969264531406,0.11027298521077017,0.30810281171464327,0.2986643426756408,0.07888767433560304,0.18478685044690157,0.2080082685897432,0.22560288209752205,0.1819508093630123,0.218105244567105,0.2861480941559085,0.2683504135414944,0.09765298405308177,0.23455896623484607,0.23685392126641253,0.21089479584738152,0.08699620698078467,0.17881569985719545,0.004288965708637525,0.14370489802352918,0.3279016909319776,0.174757162623949,0.11481315310585363,0.23467216115782427,0.23151864134245503,1.0,0.27858274618978823,0.08063104916378301,0.22966925904379681,-0.052115535877512116,-0.052635907467329365,-0.04396552770428683,-0.008260370622765419,-0.11442328298263295,-0.06570691439181746,-0.042320221454574695,-0.0626311017976463,-0.060749529326782695,-0.0841939860048634,-0.047566041229274894,0.02507407645332409,-0.01567449438564611,-0.030608280461423852,-0.013792715034509373,0.03834389089357913,-0.0009024529838934393,0.18002984645650646,0.12144775121480655,0.16277384070544107,0.16793789437899995,0.17796639041788861,0.20300640902589118,0.22158802828383126,0.21061661525217787,0.0859455580868549,0.12473627162893722,0.13089890491584863,0.008756190139182014,0.025422267026647728,0.012467027412147828,0.01474142511497641,-0.05930201444066904,0.06559844630398619,-0.05742436950266123,-0.0090088562260294,0.060126995772470104,-0.01310993388764232,0.02793940972111039,-0.0025341562343520947,0.012648504552072977,0.09014605606875023,0.057623446137787825,0.006247674632230258,0.03206396943984284,0.05042779859813586,0.04592263958231696,-0.028203677606038924,0.016487441616942877
7Networks_RH_SomMot_37,0.2916273460739682,0.20776871473006228,0.23285795339058196,0.3746447814445218,0.19649262909144027,0.18661122578066228,0.2519452099297484,0.37959333475699064,0.18450136871066952,0.2763794306399291,0.45746193914207983,0.35820970793098567,0.2841117974382456,0.42684022582882436,0.15107818439888154,0.5350978595753055,0.385576914898613,0.362589554307938,0.31210631233566793,0.36206619329499734,0.29808107077383944,0.4924846854874436,0.5198051130968377,0.3597909685826287,0.5736066101080967,0.44119435274920843,0.2737930531612667,0.4761070162707292,0.5119384613913306,0.3631934289286005,0.12455250645875841,0.30203013323844685,0.24861409728968364,0.1712527584833476,0.5000705953521066,0.3212555410509844,0.2202690065533197,0.3732034407839841,0.5442430770568016,0.29712821120225424,0.49012292039103494,0.2986246008655352,0.4710126663921412,0.3266226534435725,0.3886967363670495,0.45346225143140584,0.27331224284666394,0.33194631915323297,0.5191811546643762,0.582425146357114,0.3763534126175082,0.44888485464418143,0.40218818316545474,0.5974471652920392,0.34406825826276827,0.5410537574420796,0.6188924969219661,0.27858274618978823,1.0,0.44169711373572595,0.4237077526213286,0.5454629389243597,0.021223516165254554,-0.01637689079784314,-0.02548281254527722,0.05117048838201142,-0.06277136515383021,-0.07396127984846568,0.04806724592540032,-0.04908637145294259,-0.1113566149635587,-0.12987355589352723,-0.10971010969070531,-0.1500332406508319,-0.11590270565896295,-0.08830751729398482,-0.13248331532647978,-0.11929730812557265,-0.07835376167804145,-0.12999697037281246,-0.03989271252669033,-0.04519176161185053,-0.0962354159619377,-0.04027695746722448,-0.0615931492226364,-0.0489446927686778,0.13384654014855552,0.08201161991114327,0.11719906757526877,-0.09526177965124907,-0.04633788053011249,-0.11471357489649112,0.08931898107294384,0.04036203431457085,-0.02666902152889895,-0.10235254242581364,-0.009147385151798184,-0.0536289046441896,-0.17243349086989082,-0.09489116991275649,0.020003644321031612,0.011758414184173446,0.034983632119446176,-0.03043750942328354,-0.05020154979094756,0.13993347324719593,0.04817314070939569,0.0011759984577370147,0.06372021099187519,-0.04080487917356641
7Networks_RH_SomMot_38,0.2687452939338229,0.23765792875815506,0.3634952397078533,0.1445915763471489,0.2577853994515431,0.11351941219268262,0.3170994394281858,0.2052809382125291,0.12670393184530504,0.3491138687401542,0.3836104541987691,0.4303348735403195,0.3844380849799137,0.46697095812854866,0.28352963275578846,0.3304554825150162,0.5099946079556964,0.32277609226516674,0.6773450297345021,0.29189664379133656,0.6468401860319866,0.45251682230800366,0.5434058275062082,0.3923623852426357,0.7159191836522673,0.7640168663977706,0.14700919516283217,0.6677996011874758,0.41735777493432347,0.6332169996661657,0.17890148403249795,0.3371954060914385,0.22261694406964702,0.27015953103323176,0.4019390426176076,0.10924603974751723,0.1529285452951107,0.35752692965874683,0.3308440691548066,0.33924308130613495,0.3812292983656604,0.2634042321600654,0.535630135171047,0.46300896540291137,0.49325959550518117,0.4081603025651245,0.4088666394694025,0.6903511601150518,0.634389204820761,0.4847632406685035,0.5614124808408137,0.6435901344134317,0.2815673760612712,0.7139961434760016,0.6068000910461074,0.6931702042924978,0.4943461747046314,0.08063104916378301,0.44169711373572595,1.0,0.7642149777789433,0.6692111425755326,0.027642226074995793,0.030581012048290387,0.05908753347153546,-0.010233057438898924,-0.09701058245975239,-0.06283290761230999,0.07627192297343162,0.06003746220528401,-0.1468632834666621,-0.18000574232831248,-0.15735591324663603,-0.1333600937013163,-0.1082303104257304,-0.09163823612584959,-0.12801349658239256,-0.1430065875442494,-0.04842681771439915,-0.0882620075052227,-0.012345090745750836,0.010863455073674607,-0.051959303166949945,0.0383418451162903,-0.013539795332070058,0.01802322892976265,0.11002752560083591,0.04570604181930353,0.06818870724701459,-0.057303078091414446,-0.04888774616598068,-0.06703495414009542,0.16733188030860874,0.11406216773374837,-0.12125312668411725,-0.10194127538428692,-0.059403780197083964,-0.03124621502611988,-0.11726601770798958,-0.0619958840943265,-0.04561569259016317,0.018292985070291923,-0.08673745657450624,-0.09878523077533115,-0.16980340336065688,0.049154285214688204,-0.024232093174093042,-0.0710524638338115,-0.07692047496643929,-0.1490263829947844
7Networks_RH_SomMot_39,0.28857343680775477,0.28391094616115253,0.3283773589274671,0.17296326354733269,0.2699992592671394,0.09110337493264425,0.32659995070546793,0.211198326522258,0.16599915339925983,0.3824242152069953,0.4872302999876853,0.48027961330210994,0.3850736235082879,0.4327163841818231,0.2879630759378337,0.36982330023144067,0.5185021627460971,0.46204166429385796,0.6860980348029372,0.2487272973728022,0.664115607698319,0.4551588007465712,0.6079143981594711,0.496949162014766,0.6308653561400741,0.7154345156276065,0.30770487677552016,0.7227987122436867,0.4608238600044728,0.7243856711993164,0.2035524357134716,0.37305437989634,0.26317745735415504,0.3195451537269764,0.45123913580051606,0.13208028696172347,0.1896464655710973,0.4018069195573505,0.3595370692379563,0.3930668621464954,0.4037932334221398,0.3306405410461038,0.5355106036402171,0.5203985266013903,0.4916345541479646,0.4891396367901547,0.35271710509572196,0.7185341788358334,0.6152814163466213,0.49059057664402034,0.5443115380951279,0.6080816387201597,0.35945680655258094,0.6581604845671748,0.7139701400565175,0.7363752748223625,0.5032195204932098,0.22966925904379681,0.4237077526213286,0.7642149777789433,1.0,0.6690240125441793,-0.00714253116146208,0.0012055698636848544,0.028255891096110042,-0.048365630829277736,-0.06142088309097097,-0.041440010624884456,0.0660776389681707,0.038277329371548346,-0.1559495446035157,-0.1995949146068696,-0.1591980339570512,-0.050761988761361995,-0.10227686902470981,-0.11629500424283853,-0.11267061711766448,-0.1675384216352881,-0.003250053383929521,-0.0763951058320582,0.009552368093793572,0.024366004326289766,-0.025386858315588446,0.03872647079040983,0.04766339848795275,0.03119651984484973,0.059672779401509946,0.04174134699872872,0.024438194703474785,-0.005175084686639949,-0.01208711793211938,-0.007218022437226176,0.07629311187637765,0.01997854826779015,-0.08495857015328531,-0.09574350725384521,-0.03399314139399973,0.08123591872814785,-0.011633009647636113,0.03454276317889539,0.04084869243248187,0.0890157245473795,-0.01697429055039511,-0.008422545737257684,-0.06071465265392264,0.13746089237593642,0.08208801285108414,0.06371503958752353,0.011015156321441393,-0.009127190539353056
7Networks_RH_SomMot_40,0.29722015380957184,0.28206062166065105,0.30089974313296797,0.2506083598798448,0.2764244107371641,0.10379390194724092,0.26517854610515684,0.24369847083936544,0.08875644789211834,0.30666010954915973,0.35202990857183275,0.40974447486926097,0.2898158854550008,0.4256340487242121,0.28960280176454095,0.38378548794064343,0.5051497402727517,0.32499759458973404,0.5078463151809598,0.2458372527542428,0.434798033752,0.4984694496954723,0.5670104424577559,0.43362915884496395,0.5663511727399707,0.6870212564908857,-0.03351741865744471,0.7162073344200546,0.3886611935856796,0.6742671198898188,0.195353061801382,0.28907607422318127,0.18246536796242108,0.25958017075042367,0.4012288739137327,0.1539941453531148,0.2358572593420562,0.39060166359693205,0.4370923831526897,0.31961368018757,0.43972449717084533,0.1485261843044182,0.4512477031045518,0.32560560374891584,0.5246644326614485,0.41190827471587055,0.22086095883602783,0.5120731594716644,0.6284363392241689,0.5038254430163965,0.5431046162183055,0.558234179289412,0.3921488115867718,0.6880003393846219,0.5912455606417263,0.6624042731508196,0.5757119632331639,-0.052115535877512116,0.5454629389243597,0.6692111425755326,0.6690240125441793,1.0,0.02343577706090457,0.045141345020611526,0.024125418038037347,0.025221292556530557,-0.03056584661425847,-0.025316978054910108,0.1007629296845059,0.08047182121540397,-0.11765824703083765,-0.18809414601151886,-0.1970814996393144,-0.09476877715909847,-0.10494072505272688,-0.1085782131834712,-0.133411007975984,-0.16234765507927576,-0.07985667243435234,-0.16223272171481007,-0.09453646755951298,-0.11666849195978242,-0.2055263326588666,-0.1418418877466711,-0.1243552138071402,-0.12419680347322783,0.09303591487749552,0.06470608463227098,0.04986056370895266,-0.07319888085383065,-0.00015153898631939952,-0.02161065208002555,0.14475067498181265,0.10060235967724258,-0.10696759345416412,-0.06816148076176726,-0.03518937009558456,0.03611734166450273,-0.07331433253507758,-0.04065949937294643,0.04500569747403744,0.03918774248222882,-0.019711629422672922,-0.030129209513574517,-0.08536838334275867,0.13935327030327596,0.05237075975479496,0.02384763941347871,0.024067094224915563,-0.049645966110722195
C3 GM left dorsal horn,0.08730494632261375,0.07438333861719212,0.10684284393170304,0.04216328941478714,0.04917563831179219,-0.014056284592006061,0.02273587180694686,-0.050062890123397756,0.033259330283506264,0.04871698721827818,0.005849060281562662,0.06368011398911728,0.012192415836303249,-0.09656639572993937,-0.031093291032162823,-0.021159407933234096,-0.0356339373564062,0.046335698717425836,0.03458111809693437,-0.04214427568936223,-0.04010055945715808,-0.08326566118833328,-0.06186556315452127,0.03994445190283806,-0.024830604891399776,-0.003801585617476836,-0.05317302949692466,-0.01890870353399449,0.01418335931982765,-0.05808696081355267,0.07628554035539349,0.010435530218732733,0.01114184175798797,0.007979929129402517,0.048104094149587544,0.011593023164539865,-0.008589457618569262,0.029923792223848722,-0.002828524400490639,0.0330326636900183,-0.05531725602957347,-0.04729144947058554,0.06083104512446502,0.06051997094592453,-0.04754814868789309,0.08573439206148611,-0.008116392328234811,0.0698032679668172,-0.021158433367289252,-0.04806666179250455,0.06581666549491193,0.09699814246537938,0.07166488359154932,0.03425241345789552,0.043748356120107794,-0.026441328608155224,-0.022082490193198273,-0.052635907467329365,0.021223516165254554,0.027642226074995793,-0.00714253116146208,0.02343577706090457,1.0,0.5765068057396739,0.4791236472277153,0.4529689925553538,0.2348537642841055,0.17335842756569284,0.5720740190777577,0.3851503226299256,-0.033678190731392825,-0.01109140123217452,-0.029673104130269377,-0.16114473193995343,-0.18738123932113224,-0.18271798619712004,-0.16999075208755188,-0.07887528585078779,-0.14859262721772357,-0.09640452802907999,-0.06100684560995204,-0.08620836640151644,-0.09614690376884069,-0.08889984443223181,-0.14237439027392668,-0.07711204839493362,0.042961406304062144,-0.025030006174679292,0.05155858435639332,0.04345744634109632,-0.041818934257854025,-0.015353970332994302,0.09754763132074609,0.04292181569314979,-0.10813148530832971,-0.06536152871570215,-0.019158496676531522,0.025255935852958645,-0.03712645063524458,-0.006380040563445369,0.15266887386302777,0.13118841433166653,-0.09124816063337497,0.08567351698329248,0.0891581307261382,-0.07042319026510714,0.04826599954615498,0.08109841174548933,0.14877466278739684,0.11656203877579153
C3 GM left intermediate zone,0.13482048414216455,0.13054023957770336,0.11391799555356967,0.019941814072309723,0.11171694784640544,0.04656336910744081,0.09227160918210188,-0.014933468583084093,0.061399189381247436,0.13615913040482128,-0.019380335954031873,0.09187555356266032,0.09801294917347002,-0.022340258998766006,0.030763352222738998,0.006091708858882113,0.06438714244107328,0.07650183181380123,0.004233755020454453,-0.04463323190173251,-0.011445125719815359,-0.0568903275846339,-0.025299422078456257,0.11696581105082526,0.010047698994984174,0.023639371038678234,-0.06391221009886845,0.02091374279204801,0.016185953742376018,-0.05665910118164337,0.11018332809027515,0.05489971863884331,0.07095137537459184,0.09922353783060259,0.028099632238960896,0.014355611334016678,0.07069237823972443,0.0970777456104365,0.01348535190669374,0.08688330703912461,-0.03884851572237269,-0.09333032183316396,0.0625835502531423,0.0919736639357802,0.023317999272147463,0.08967097416246791,0.06035476202265178,0.11022857097237158,0.033939825513238285,-0.016954997413031803,0.08769227146050736,0.11272965742702525,0.12662606268963994,0.06938832064854336,0.10567898029775286,0.039627691333753795,0.0460171633637884,-0.04396552770428683,-0.01637689079784314,0.030581012048290387,0.0012055698636848544,0.045141345020611526,0.5765068057396739,1.0,0.7892357678769216,0.42370362452052834,0.5654008566845806,0.4532498369158152,0.6228301265230515,0.6501680091294852,0.005683362397133223,0.07695009450192276,0.04228613659920369,-0.002344339625975024,-0.0600293018426078,-0.08647042296662785,-0.039572624764896314,0.043152067780622236,-0.10816893449130317,-0.0523275596812964,0.008032910521669432,-0.14297235138809894,-0.14884171535728832,-0.15076847623532566,-0.19726187124347008,-0.11139582601363623,0.05853442178195539,0.11410897468085479,0.07363992123925092,0.07161113716655129,0.09195393013254748,0.0029076339060495255,0.08262202004498614,0.0943977323260651,0.11085029455838782,0.08928771478360592,0.10914030585329397,0.0455921690006299,0.032903966210453786,0.05605936114985702,0.21821305656265533,0.21819152807660364,0.028402162571771167,0.17394343985025545,0.18468103742634429,-0.028921757889577793,0.13483714502617167,0.14366796035969648,0.23090447644790676,0.23433122500895134
C3 GM left ventral horn,0.11952987024872194,0.12210178807002826,0.16739051899758053,0.03501767282866818,0.07819093029594586,0.039447248591201835,0.04811873657328019,-0.024873877193258564,0.032262498828327504,0.10779784419754913,-0.03800051477637206,0.0822352441551425,0.08032784954491846,0.0009153357397176573,0.05511757784787941,-0.013450062241557441,0.07224403256574986,0.06799432021630966,0.03228881796855957,-0.0047539754696121605,0.03344975733870725,-0.040747198038590046,-0.028823860302820598,0.1199791302600379,0.03309953490543415,0.048314288142749934,-0.040856271329624834,0.015302504755443855,0.004857207652329027,-0.0664815286003607,0.1060913538112545,0.11433679140105096,0.08047219158572617,0.07592111777753831,0.08737618917778422,0.057216960589708564,0.020986114863231518,0.08069515243354632,-0.0157567005928246,0.0811853864718741,-0.03404842653407095,-0.10671297995490618,0.05467153194680486,0.07723671776744404,-0.008344498240397572,0.09047770087619994,0.053313083407128745,0.11507142887681597,0.03876498746279978,0.00670758161630159,0.10898294702267462,0.09648465114606489,0.1203431028827769,0.05505162701772536,0.10018848145603602,0.03941628693005516,0.03939736541557127,-0.008260370622765419,-0.02548281254527722,0.05908753347153546,0.028255891096110042,0.024125418038037347,0.4791236472277153,0.7892357678769216,1.0,0.3486613225376563,0.3911327956858317,0.37216213969011136,0.6177051939857653,0.7347109815424714,-0.061792049681728856,0.04728956680538388,0.0728723310225635,-0.020349252654348712,-0.07447704207088685,-0.06634370353842338,-0.0013517599904635396,0.07167389218013015,-0.01290085962623745,-0.022740175068374235,0.05926642997330417,-0.07369240534221422,-0.10011997433306787,-0.07575348807954473,-0.09747092379175674,-0.03914436760777059,0.033268891792669744,0.04786096269697676,0.04198964699808254,0.043299266083296546,0.018734216586652676,-0.08009256183896028,0.10709107378849524,0.06476743116758027,0.09783355188173626,0.06677910988843101,0.06862370532568736,0.07265101664551066,0.03605589868097545,0.05865737162961066,0.17427657227142498,0.2046545022184284,-0.010070106526585182,0.11484365283979095,0.11504774502070313,-0.04946796328545335,0.15595728683937107,0.14526753673594522,0.1866994485557297,0.18875507553217488
C3 GM right dorsal horn,-0.0005828285491766964,0.04918217945038033,0.061458956992625616,0.009520342265292666,-0.008462743514481999,-0.09450292743269396,-0.03846130811778644,-0.027594222745460584,-0.06025045306441515,-0.05539228164582766,-0.005901225122573573,-0.0037268347390204243,-0.08096424071654428,-0.05693249618494917,-0.0659432174845925,0.062054214712867775,0.07059841857271977,0.005650119861370932,-0.036971062346252505,0.0024564759097744334,-0.052340025936994376,-0.007748980780054794,-0.03793804044535632,0.13656629170460768,0.024673056970692473,0.0032446510795455566,-0.06686446689501373,0.06258003509576886,0.0034981212619645775,-0.012471691649379313,0.10904922627978543,0.027054175980040153,-0.013620962055145635,-0.051233228155105344,0.03702532561203081,0.02524093153615385,0.0318252216398139,0.0301159576090858,0.05158093046854579,-0.040190228201529746,0.004472628054899224,-0.051516964239693736,-0.026131522585801828,-0.03729699231122917,0.017247462889332935,0.045993363202726595,-0.0363778827853117,-0.04106692943870878,0.0520514411297399,0.0263351216226989,0.07524522649124368,0.04165579136915745,0.01996764414862847,0.02240132421607433,0.021501590959199873,0.027111687456897113,0.08037160756497672,-0.11442328298263295,0.05117048838201142,-0.010233057438898924,-0.048365630829277736,0.025221292556530557,0.4529689925553538,0.42370362452052834,0.3486613225376563,1.0,0.5885015364335443,0.47909833881380187,0.5997671868522939,0.46554903227729455,0.05258791793734427,0.08051487962366623,0.003232599874167075,-0.025560026751712567,-0.005302290797983119,-0.0148694126317001,-0.040894357964515606,0.0405673546152861,-0.0603681146905147,0.0011499082038297244,-0.007148594198799437,-0.12673789137975192,-0.05285461846446857,-0.05038344350009105,-0.08954519213400294,0.021352414311598057,0.08458882449593039,0.07855791313661134,0.10641453580285812,0.06798291117090403,0.07496710622065504,0.03787603038231294,0.14978707126774912,0.09856754485083337,0.04809154313461949,0.08310537542959094,0.08506289811304663,-0.02639669069477935,0.025304190788532948,0.03317409629532266,0.09961091966633957,0.11154261863258452,-0.03564284232815212,0.1186552752564506,0.07781827153648939,0.04707225737912098,0.10679173097526905,0.08344531268427764,0.12954926708263498,0.12216084614956003
C3 GM right intermediate zone,-0.007054049495713419,-0.00016472946766029988,-0.07233430436679472,0.011177714567305255,0.01393883328607617,-0.012487326772185935,0.00986318741487065,-0.030008971266926594,-0.01123590962667979,0.013405223305889731,-0.07013632300789355,-0.03191939115716829,-0.03011295299116277,-0.048921800776337045,-0.027973680967856535,-0.00491542596792796,0.007863186119076819,0.010678903843250775,-0.06394905943419969,-0.05745512746308188,-0.09810004986303049,-0.04806509709670489,-0.04135519625979338,0.06345836701115859,-0.05788060123481402,-0.07141127754381336,-0.007833717962240435,0.004334166367816261,-0.044323940022337666,-0.07251097580429881,0.04542730714757652,-0.0626771912615751,0.00086901543246217,-0.027668299913680108,-0.07293206835362945,-0.004255580075405751,0.10579459415106425,0.07636445769393942,0.023914001550234643,-0.007942658986867746,-0.021884796971620067,-0.10620406834183131,-0.03175342044724861,-0.05363312496693031,0.040488961200129486,-0.03650788736063997,-0.056178953281361604,-0.030565082857183873,0.012626073589250109,-0.04046160178656995,-0.00325349481963909,-0.05684325965049537,0.030038991656473932,-0.034834799403872886,-0.01062396951153734,-0.017329342362719616,0.02106421280940454,-0.06570691439181746,-0.06277136515383021,-0.09701058245975239,-0.06142088309097097,-0.03056584661425847,0.2348537642841055,0.5654008566845806,0.3911327956858317,0.5885015364335443,1.0,0.8273694663607124,0.4979217581448674,0.5753883495471468,0.07857940536663034,0.14282118667413074,0.06002027326226069,0.06301869711588741,0.07125583827747425,0.02222605371517467,0.019972630117214,0.10255127152192543,-0.050410687970818616,-0.020654327355507904,0.014623975782688418,-0.14008407160010378,-0.0950282996373292,-0.0792595980160264,-0.13249951045581407,-0.010402468799926918,0.04292745680283166,0.12477747499985987,0.06793045739310109,0.07086351173851012,0.11719557863343585,0.07096675458732066,0.03304663957064671,0.07563604444858706,0.1534812824745008,0.10698317426507924,0.1022968221315786,-0.03862478604211881,0.07197139394068121,0.06486045191640114,0.16048789836751085,0.1189772537564805,0.07243396423349356,0.20681729636078508,0.16578140107263298,0.06196956395620348,0.09600507469068519,0.11343260487954372,0.1953074970864139,0.22677858723888616
C3 GM right ventral horn,-0.01665440706044158,-0.001700589353465402,-0.029979414829607913,0.021719524103555415,-0.0022247590833531727,-0.006420864915416354,-0.0057557025392879595,-0.07279419249922753,-0.005507319800271505,0.01476755020682429,-0.07565267045505172,-0.026643449413688316,-0.025305314568814876,-0.03950827606471201,-0.0072269540674112795,0.0216289818185784,0.032440981261523144,0.020882155941821464,-0.027935603205048152,-0.05866371521503071,-0.0790807020209628,-0.03707289473523804,-0.03358581937471802,0.0741173157292218,-0.016422182496278696,-0.054511866321543284,0.036423906234467236,0.0033114905444160073,0.017926374719865162,-0.09694985492579182,0.060271587116856463,0.007669010850536224,0.003526034100983991,-0.015157416440623324,-0.013382325775151053,0.016713643700118234,0.0696279857344072,0.07037511587419758,0.013543156546221137,0.005771135368706576,-0.030246581535872022,-0.10297152109168836,-0.012719343730115922,-0.0470356458691273,0.013176674780335343,-0.016992209512364773,-0.03019425519086033,0.0013683488269041662,0.01268703272792682,-0.05450861653909028,0.005769193984516011,-0.020645957145665646,0.03582423555312551,0.023410948040677636,0.026326642017324077,0.020056592060965103,0.02779910327165007,-0.042320221454574695,-0.07396127984846568,-0.06283290761230999,-0.041440010624884456,-0.025316978054910108,0.17335842756569284,0.4532498369158152,0.37216213969011136,0.47909833881380187,0.8273694663607124,1.0,0.5078789100368443,0.6552055707611671,-0.010751003305901717,0.06498706529745939,0.0404033795968851,-0.04912811842080081,-0.015335031983243288,-0.017345185106245827,-0.03640820069332973,0.06330870575049503,-0.04337627201796137,-0.03273846211350511,0.027691637435038104,-0.15433694255803418,-0.12428009051054491,-0.09964668802310758,-0.11295733403820951,0.00348254032754401,0.03895081191726723,0.043357374053667505,0.019939917456832892,0.013082629767682496,0.013904056204637649,-0.01543896918893078,0.014233186180650056,0.032287425984389106,0.09645882998868442,0.051137425885634795,0.05674564063166631,-0.0631776862842538,0.0640651585867834,0.08951870442085681,0.15830786132603233,0.12537630061309774,0.07132890048630654,0.19150407970478533,0.15994971643781966,0.02298367286684945,0.09493742949237234,0.08647493326381331,0.17984334200518826,0.19885517976657682
C3 WM ascending,0.17316161116262382,0.16513548263315583,0.18743609371450884,0.10560790089949383,0.07277422841332067,0.007386508474487784,0.028377910339541724,-0.003215792587701377,0.0035091726244859084,0.07309584738279805,0.047022762899278064,0.10245068885371915,0.052496063904145594,0.0021723899255792433,0.01970277104974445,0.10382898436352471,0.11690108521730036,0.10093121853623943,0.05635213574776502,0.011474707204574566,0.03207146884752541,0.014260527047943271,9.633938519928375e-05,0.1589961428445026,0.09301329502459674,0.07277249152790204,-0.027491802207452502,0.09206565634587852,0.11214629056117423,-0.014047217602273218,0.17818639293616031,0.15617848076901233,0.07596014468491331,0.07931075952436198,0.15839702851984522,0.08218504240733547,0.046287921361298286,0.11542361251608714,0.0738081438484111,0.07184240551414149,0.026525692370867732,-0.06549781065391846,0.08659948512191556,0.05382728398311965,0.02587967835771252,0.12791561570915874,-0.006543230247692472,0.08100346067195786,0.06651327467615867,0.025550673565582223,0.13770679019100107,0.15886532825045135,0.12479173122366163,0.1383826379484713,0.13215982369773036,0.10726326294572151,0.11307435908643432,-0.0626311017976463,0.04806724592540032,0.07627192297343162,0.0660776389681707,0.1007629296845059,0.5720740190777577,0.6228301265230515,0.6177051939857653,0.5997671868522939,0.4979217581448674,0.5078789100368443,1.0,0.6823178176114933,-0.08702290899699835,-0.02110892627475174,-0.008921472759468474,-0.11197094894402894,-0.15403272517550648,-0.13130573951121816,-0.059936074654823514,-0.031282845419225706,-0.06961644736439487,-0.03302337102512226,0.014457708791743655,-0.11606283310011674,-0.09501388431932117,-0.07506035353827505,-0.09136009668129011,-0.028319353479983277,0.026857699216354298,-0.02749907623166949,0.013708880223514757,0.051571623662563314,-0.020734266700562595,-0.034857949056505126,0.12636976089700833,0.07628245425284896,0.013767782723765009,0.07678609627727555,0.10102090257995275,0.030165797552964807,0.07171472882880948,0.08857108589481992,0.24511217280316483,0.2820840219642437,-0.10660486389513915,0.10382791472931076,0.07978917591805018,-0.041369207945024467,0.1572114511103802,0.1442773949203903,0.18116788939134193,0.18436375199712043
C3 WM descending,0.08614951910095975,0.11952889976491714,0.12088214257487193,0.04637173479600135,0.07666179351183541,0.034136140797678995,0.03383169793916394,-0.07248143139651719,-0.03369658705662663,0.057504689757629686,-0.09257066565942532,0.02189078484899582,0.01683308936305948,-0.008050553323409055,0.00026908535300185416,-0.031177160369482572,0.044777970026471436,0.008336494019645646,0.0032452419784072565,-0.04441381982528504,-0.049444813305453875,-0.05537799784573332,-0.07080921595217982,0.0734377372101086,0.0018858934109831492,0.003852463550431058,-0.05882525421543925,0.028848838529000848,-0.010125734732312137,-0.06707623165172452,0.10568102938319536,0.09132796167246898,0.05129861925066304,0.041397448939294944,0.07077379220413078,0.08588347286793079,0.03153151142809529,0.10281675296323628,0.002897186895148482,0.06442899392090008,-0.019659634233705876,-0.1497394837217089,0.014306568224688693,-0.01991065996395623,0.028608879135903226,0.02211129902845298,-0.0028227515555734662,0.060245301909902106,0.04929022061221592,-0.04693965047530256,0.03903987042358853,0.051079472102113055,0.08129298213463661,0.0772733604789499,0.0848937242290333,0.044469455808950994,0.05872094118303159,-0.060749529326782695,-0.04908637145294259,0.06003746220528401,0.038277329371548346,0.08047182121540397,0.3851503226299256,0.6501680091294852,0.7347109815424714,0.46554903227729455,0.5753883495471468,0.6552055707611671,0.6823178176114933,1.0,-0.0997536635428873,0.012597611481867155,0.031044522192552063,-0.04895916570007955,-0.05723842545048446,-0.04818124832630626,-0.03180341731622877,0.08675287637852185,-0.041134741473456055,-0.05560670562884417,0.035180819528730596,-0.11947916771653962,-0.14892550348893285,-0.11236764846198503,-0.14249408397876423,-0.061381091401105065,0.044778916877445764,-0.006676639743728151,0.0010789754805305763,0.06913691345636651,0.0033892817245271454,-0.017909839289876064,0.11468241512876154,0.06692268877505461,0.05324568421867487,0.033110949838934416,0.02067547477660664,0.03228066746754775,0.06792024752262846,0.08010670420726022,0.17030543738116774,0.21699669466855281,-0.04629911898583647,0.14337196645663486,0.135790827244196,-0.03862446211726916,0.16385267407098617,0.13934444845715627,0.21186264091461118,0.2334862926119642
C4 GM left dorsal horn,0.0029072042409954463,0.07887520787385914,-0.10473458742099272,-0.03645537035304597,0.11963738325592298,0.013781407000090198,0.07343735245154022,0.04519855884989571,0.10689352024038677,0.04727045450216728,-0.03462592423226861,-0.06318826572426996,-0.05796289344262101,-0.09731961279920529,-0.040646564036353236,0.035750353481113724,-0.04746442370853234,-0.006930908353679885,-0.1243133801679069,-0.13616512124026092,-0.11715037548637175,-0.1015607927990438,-0.05878056041046703,-0.012951283166264599,-0.08675018348126115,-0.11335151107309632,0.021175633862868783,-0.056251952803112244,-0.10168162442292257,-0.08501723436221888,-0.01330717519290936,-0.09624039482681755,0.024512369915177596,0.06668702399819718,-0.12002148799026416,-0.037215161781313545,0.12971412390900036,0.05121432584390757,-0.016378415490500665,0.050035095523936944,-0.0697456112091858,0.04889864406112218,-0.08398328250421257,-0.056776527112124234,-0.07268371179068679,-0.0640131575928636,-0.15128598532526835,-0.10434272873757035,-0.10327536209011619,-0.08886100268171299,-0.06215851628992555,-0.15834079108236254,-0.09755542820506101,-0.09103020500510219,-0.08166762387394973,-0.15154048380584761,-0.0851791927612625,-0.0841939860048634,-0.1113566149635587,-0.1468632834666621,-0.1559495446035157,-0.11765824703083765,-0.033678190731392825,0.005683362397133223,-0.061792049681728856,0.05258791793734427,0.07857940536663034,-0.010751003305901717,-0.08702290899699835,-0.0997536635428873,1.0,0.7385650478380457,0.6693914175657769,0.5138885439654969,0.4455767688478647,0.3691942073084956,0.6397951751129505,0.5280669737021485,0.2755039036405943,0.25004145462177313,0.2546629010919118,0.1810610559098822,0.19348260709219733,0.1461977828437589,0.2319276379646112,0.22994312733896366,0.02112253889780003,0.08385182349363209,0.0810843946634314,0.01505872010920503,0.07329740027106352,0.06323713000316153,-0.0435819605942828,-0.0013802140020952424,0.10044491552974437,-0.027086420765385383,-0.02051791088170482,0.011757990682717382,-0.07610430886101234,-0.09829611581467337,-0.08109109763666783,-0.10239748743292838,0.1817647149027928,0.0828939545750749,0.08523998258652828,0.045772159043784094,-0.05209789932987341,0.03660499635145772,0.07301743968607718,0.09190864875832061
C4 GM left intermediate zone,-0.018459812167754636,0.015397501017811963,-0.0833830190671474,-0.008488502446959926,0.062197349795576305,0.019668103014716432,0.06207990847630542,0.026368658370798107,0.06427841415557309,0.024437686289742695,-0.13800380650177377,-0.08668252587888413,-0.08095241121620574,-0.08848589704801517,-0.06056742863475793,-0.02073198798946057,-0.06791798869662283,-0.02231916429657907,-0.17414576879738694,-0.1317480671066686,-0.13792805095750305,-0.1389240707177071,-0.13528666240272358,-0.05685626937929672,-0.13295623955643374,-0.16384543294467946,0.017693743728849645,-0.13569067137977672,-0.11150676184010647,-0.1738496544814175,0.02529146057761055,-0.1114436543438527,0.043709480388005297,0.028819425496033446,-0.09501986008657115,0.0016584100467542365,0.08403366046778452,0.058542746161338664,-0.023249397465512026,0.03770511774496193,-0.07551355708386363,-0.060882792460619096,-0.07539814061957177,-0.06964855261067004,-0.08141629751971215,-0.10650006340068008,-0.14996323332455172,-0.13139642133615176,-0.0981553087539301,-0.08849444918169319,-0.10869990457981044,-0.16369268627983768,-0.12085690158964305,-0.13937382178507896,-0.11783605042304186,-0.17117145974372125,-0.07846597308874245,-0.047566041229274894,-0.12987355589352723,-0.18000574232831248,-0.1995949146068696,-0.18809414601151886,-0.01109140123217452,0.07695009450192276,0.04728956680538388,0.08051487962366623,0.14282118667413074,0.06498706529745939,-0.02110892627475174,0.012597611481867155,0.7385650478380457,1.0,0.8348649088017204,0.5031860871724052,0.6169680220762042,0.5210467176305805,0.6792320862557624,0.7452773485775508,0.21524259225272835,0.20318094036203882,0.22072764939418016,0.1311818690103155,0.1874744771442859,0.10902313080120295,0.17325919469355913,0.19826033690345232,0.06554275416011658,0.10511859194106755,0.12371879283712758,0.06868420206641078,0.09057143600902579,0.0775127996799365,-0.022738096969262326,0.07148154996549329,0.07957355248376986,-0.004602184888039942,0.01287167362907254,0.054459328995092954,-0.016923993331537553,-0.04361557634223561,-0.0199184381136263,-0.022893041987996993,0.15466064154605486,0.11209040077565266,0.1392129706967644,0.008755097063575771,-0.024100789561236114,0.04633931594915981,0.10774417408601364,0.16455231952007948
C4 GM left ventral horn,-0.012259927615995732,0.0349343097675377,-0.01876930175328128,-0.007202493496695972,0.09365324863949605,0.05050974640061999,0.08389173065449804,0.001338504677422821,0.0841030239329104,0.07283929131327956,-0.10041125212502103,-0.03751451155426154,-0.01599406791796471,-0.09845223754260458,-0.07967760268191856,-0.04156809118056217,-0.055492865005707694,0.02987369041518765,-0.1364204886972514,-0.15061771590012374,-0.08743767981070778,-0.14034248960764265,-0.14212373386456884,-0.014368556450230517,-0.1322504475407356,-0.15264873547367236,0.06650665499790064,-0.1330787970229338,-0.09128070277809565,-0.1691856172819201,0.03497782028367418,-0.033551849612781834,0.08860065327523911,0.07296891021447713,-0.05924780079203076,-0.0032400753736820296,0.10462957795107697,0.059864175501425816,-0.035192637058784774,0.06841732057321456,-0.0984117181404293,-0.023988837636964012,-0.022783370380854606,-0.00438820150935653,-0.09593288767753294,-0.07244325063483553,-0.0945836447904695,-0.07100508715165649,-0.10389787699557557,-0.09379931169283716,-0.11279522173215918,-0.1418617935164299,-0.05358536938549077,-0.14208467300296662,-0.06604052524643134,-0.1465868032338991,-0.07273465413877761,0.02507407645332409,-0.10971010969070531,-0.15735591324663603,-0.1591980339570512,-0.1970814996393144,-0.029673104130269377,0.04228613659920369,0.0728723310225635,0.003232599874167075,0.06002027326226069,0.0404033795968851,-0.008921472759468474,0.031044522192552063,0.6693914175657769,0.8348649088017204,1.0,0.4626944742434408,0.4734922981906793,0.452387485327809,0.7227778652495841,0.7421241825689306,0.27812139572958594,0.26597554384958466,0.2984341200966502,0.195910527231723,0.24680811843249986,0.18933086758450077,0.2661109184053586,0.2675089381106432,0.046852207338349675,0.045150609186559644,0.11099667154877234,0.061349918780192296,0.040680028294879274,0.06457096056309915,0.009868081747781022,0.038846581053917625,0.06565341402873437,-0.03311576664021523,0.010722857526473483,0.037468181431935546,-0.05494824793349836,-0.055106930008537065,-0.0637950080990899,-0.021333382336391198,0.1833132215923365,0.13754175804340857,0.13148358339337057,0.04528874930767697,0.0032071536735658376,0.05981946403138427,0.09749606092217421,0.1630479837587169
C4 GM right dorsal horn,-0.005536256473968798,0.09497419762750159,-0.12284018233943042,-0.11721825519032601,0.13728215122034249,-0.039903392602615134,0.08619163965210001,-0.0016709077424106003,-0.004112405388524029,0.047278028564578314,-0.08119710138815854,-0.059911847837510405,-0.13142181201594547,-0.046128502737385516,-0.06530430406783426,-0.00480542468547927,-0.07852607838969951,-0.041201647428748975,-0.12225976696421334,-0.11094362125235083,-0.08840211860240577,-0.09870163563083097,-0.08158247718692764,-0.046997977804372475,-0.08853010850168996,-0.1064423290136826,0.05981492020911537,-0.04363097246566304,-0.11687006485109895,-0.06103497234796346,-0.04333151105588881,-0.0868309165347628,-0.010567197554904019,0.11303085781569941,-0.13275101739179435,-0.017366979162903185,0.11942973034671438,0.10164311654715441,-0.031065322350468945,0.060794332535092296,-0.003318017914669721,-0.013375819715323365,-0.09525717218129905,-0.07964121267655022,0.00017214470829627262,-0.08944942484990262,-0.20487743968914846,-0.06584590746863318,-0.06050177777692032,-0.034296472308353476,-0.08848784971294982,-0.12187777326473122,-0.09749979464199385,-0.08162943306185914,-0.04626783745116634,-0.0820176432366566,-0.05409539374603833,-0.01567449438564611,-0.1500332406508319,-0.1333600937013163,-0.050761988761361995,-0.09476877715909847,-0.16114473193995343,-0.002344339625975024,-0.020349252654348712,-0.025560026751712567,0.06301869711588741,-0.04912811842080081,-0.11197094894402894,-0.04895916570007955,0.5138885439654969,0.5031860871724052,0.4626944742434408,1.0,0.745396805083627,0.635092157853077,0.683248665886315,0.5698634425749461,0.25435495291623594,0.24307252174180202,0.23234501267391566,0.18442454863546956,0.21225109547931914,0.18326003934887244,0.23754991055877317,0.2161712388085329,0.055123335172247816,0.1525925307724469,0.14352883515137252,0.025121885655580125,0.10465367001245687,0.07958959518116912,0.02998127489116837,0.004713334767943371,0.10590487714173463,0.005909562680799832,0.0014526976087393037,0.07356229765617305,-0.015358848065195245,-0.059236971949136574,-0.05411722324732228,-0.067987627437328,0.07932030449428887,0.03563986240142606,0.01635968129588392,-0.015639926550637305,-0.00829203905613042,0.0291648063233199,0.021136853346257842,0.08129357322308133
C4 GM right intermediate zone,-0.017565090365322465,0.04895408522842405,-0.07651697988178795,-0.09618938584152006,0.08976795072287429,-0.049874892032288023,0.0819010710474226,0.006491316664246813,-0.01364508681549616,0.02684917502329195,-0.11176745506069731,-0.0651361603383644,-0.14094191291228453,-0.059456406424949475,-0.048114909637286,0.014309974720824138,-0.03314936488546777,-0.06252506807579682,-0.15039900495534084,-0.08995855814670857,-0.12016112451670809,-0.09711796601891545,-0.09761941371429697,-0.04606323254297305,-0.06311571956825511,-0.08817238396842808,0.03582074472630462,-0.06360394144904324,-0.1267622873186426,-0.08922392900557358,-0.03044512852820169,-0.0848425014735122,0.0201363210861246,0.05733576411799284,-0.08942590734141627,-0.005730971590684593,0.08760714688650563,0.09928301255071395,-0.011886028120457835,0.05813843998430038,0.000766963142675741,-0.04995419550859699,-0.08381995732401097,-0.10196173025212082,0.015616182486656322,-0.08033556068419719,-0.2062937903464346,-0.09226547986207423,-0.030389031486661264,-0.04062099989449606,-0.058114642895891286,-0.09992266834716047,-0.11160222941540102,-0.07328076213398275,-0.06678183075262988,-0.08347825421004608,-0.03825177869039995,-0.030608280461423852,-0.11590270565896295,-0.1082303104257304,-0.10227686902470981,-0.10494072505272688,-0.18738123932113224,-0.0600293018426078,-0.07447704207088685,-0.005302290797983119,0.07125583827747425,-0.015335031983243288,-0.15403272517550648,-0.05723842545048446,0.4455767688478647,0.6169680220762042,0.4734922981906793,0.745396805083627,1.0,0.8640807699482885,0.6629614693215984,0.7322034192850541,0.20140523631463456,0.19912361593219324,0.18434492951230574,0.10779324761577459,0.17417229355318295,0.11165888908771938,0.1786918991261245,0.16475918372527612,0.08817659207234299,0.15693525131271516,0.13837271611952726,0.0006358435677529262,0.09401882236644403,0.07411050206986544,0.014992702372302455,0.07534366582009898,0.024083066205257093,-0.04035533932274927,-0.05510096832108945,0.052040932873305745,-0.01278259393544674,-0.05017580562318085,-0.10430692433135258,-0.10445152329694243,0.05547550321752396,0.04996147491796796,0.038633600417785414,0.01830480345334268,0.02264247458344163,0.03700998193077081,0.016235372139568553,0.10120527387125099
C4 GM right ventral horn,-0.028459795458505438,0.039215039322632594,-0.03500986103154111,-0.11221307043480985,0.07147725522060064,-0.026815988508160776,0.077302193599421,-0.0009449858828851814,-0.022258317947026686,0.03573323797021988,-0.11119767054753284,-0.052504227879345604,-0.11964598638894854,-0.06944636748830464,-0.053112497927560155,0.023685398184937173,-0.01384207589066815,-0.05867715582781209,-0.14125485213220715,-0.06351027292062181,-0.12105764073682665,-0.08219219782953653,-0.10294485941079519,-0.024711480318862365,-0.032734775025147336,-0.06674278743170407,0.050440222466873054,-0.06916411714615292,-0.1005696325318621,-0.09117994641513108,-0.03803350674752904,-0.04106135925933976,0.03809750165841819,0.05516292172591169,-0.07387100774007842,0.0001410139431563556,0.05248581543059738,0.07620034771089114,-0.028888302578465492,0.051630578312882425,0.00461401580433764,-0.04641087814150146,-0.07243478391025454,-0.08776770738365475,0.0019006002025846094,-0.06804480375005158,-0.16379241848793238,-0.08732477323594746,-0.042148071427229324,-0.045842118417426636,-0.05729045600858594,-0.07761201341696554,-0.09181724075615692,-0.06197248438985039,-0.06248969368654899,-0.084180933265541,-0.03462585873779531,-0.013792715034509373,-0.08830751729398482,-0.09163823612584959,-0.11629500424283853,-0.1085782131834712,-0.18271798619712004,-0.08647042296662785,-0.06634370353842338,-0.0148694126317001,0.02222605371517467,-0.017345185106245827,-0.13130573951121816,-0.04818124832630626,0.3691942073084956,0.5210467176305805,0.452387485327809,0.635092157853077,0.8640807699482885,1.0,0.656878857254965,0.7601637292420728,0.24520456095846982,0.2059058818183729,0.20368289405866746,0.12080550213459439,0.1632516584389338,0.1327366767248457,0.21367847278121443,0.16801182027162972,0.09082027822583222,0.12882624260674774,0.14266741044123687,0.0051526570498753015,0.08009602810344513,0.0714389145183665,0.03018138378839593,0.09366936387069066,0.01168396701211804,-0.06455843101459435,-0.08859342515522448,0.030392710133841573,-0.050692868404959464,-0.07448696433166817,-0.11511298038905513,-0.1257916622845116,0.0644721487989809,0.06698369556967856,0.024358910716922748,0.05481998585639111,0.058850801469785295,0.05839422997952149,-0.002909306432796287,0.10698380994971336
C4 WM ascending,-0.009103818916484934,0.09162055896699826,-0.042105961093321535,-0.056050182373208454,0.1350670422625348,0.009954711993360834,0.09009896784788261,-0.00574873220059037,0.05168685284134332,0.06573592651572505,-0.06065223984189578,-0.04711881643272953,-0.04957423709020395,-0.060438358309528636,-0.0549425395521293,0.023346073621454612,-0.029696775792704064,-0.01831071414809834,-0.1121214215191169,-0.11539177229514282,-0.0706557884950288,-0.10940499723331301,-0.11097856823476716,-0.0208520552387244,-0.08274046148352845,-0.10514804298286905,0.07628844964269985,-0.08913371563438933,-0.05546236985993682,-0.10523631816631471,-0.009933619036281064,-0.04983919419285911,0.02910997178690945,0.11232426990530213,-0.11640770598292005,-0.014042113153589556,0.10891183282139603,0.09297560245772611,-0.0503802386939295,0.07284517932363574,-0.06768712053931895,-0.012058681768786888,-0.05676954999983338,-0.05636463781735416,-0.04092694123038806,-0.07812936335236323,-0.13618668619238739,-0.06052560599524206,-0.10103719285988692,-0.08526119044461808,-0.08280430978121275,-0.1196643794528716,-0.02962155656495225,-0.11959128189768053,-0.05706757935225498,-0.12068291599437127,-0.08260734539635768,0.03834389089357913,-0.13248331532647978,-0.12801349658239256,-0.11267061711766448,-0.133411007975984,-0.16999075208755188,-0.039572624764896314,-0.0013517599904635396,-0.040894357964515606,0.019972630117214,-0.03640820069332973,-0.059936074654823514,-0.03180341731622877,0.6397951751129505,0.6792320862557624,0.7227778652495841,0.683248665886315,0.6629614693215984,0.656878857254965,1.0,0.7526997950882084,0.40488826630559005,0.3872285856280163,0.368244671931377,0.2513127076155931,0.299700941028643,0.2935496051741739,0.4021367714201109,0.36374387492654336,0.08983853833493587,0.08728233643121826,0.13877205758996358,0.04168035012628683,0.06881395552560536,0.08624531468854643,0.05500449641481695,0.028872662697830672,0.09192447542536442,-0.04984786071691192,-0.03862469462443162,0.056411814867071086,-0.08747555204903575,-0.10573696700532945,-0.12009734638042843,-0.11595644877655481,0.1029635026413408,0.08101948839216692,0.059681863143441274,0.03485139118313277,-0.02670080083125501,0.051363977615334955,0.002117810123113029,0.11520912505602664
C4 WM descending,-0.014586879543480738,0.052092033674266146,-0.015011605645969756,-0.08165066310462939,0.10485735094018342,0.018541790308554858,0.09281823053341318,-0.03745726317748669,0.0208735161917,0.0449550365001616,-0.12412913249434045,-0.0710315179503391,-0.10400235578217437,-0.12275533332152405,-0.08670954267733533,-0.031823161747286624,-0.055183271684536496,-0.006467153268414714,-0.18774362030152789,-0.16551315056643076,-0.1466518713458388,-0.1670925418265819,-0.17203430137687037,-0.04098887896404638,-0.11916827584814935,-0.13841705124814294,0.013632065734844632,-0.13535671232257504,-0.13091744784663592,-0.17934671634805682,-0.00848880324819531,-0.05752602497745075,0.059209507384281046,0.07581169967771373,-0.05983063778411799,0.02619376068354736,0.09402559965701522,0.09131946712769305,-0.024528737703779314,0.07464933666976593,-0.04547156310276698,-0.06086804419597521,-0.06745306672930272,-0.09088446016826637,-0.046020044058199684,-0.09569145746505939,-0.1464081488118065,-0.102933529000551,-0.08656003485408273,-0.10907295113859379,-0.08854516397646717,-0.1316550343695822,-0.06261523383151413,-0.13447210072915874,-0.0841923454949928,-0.14192040311944704,-0.0726084334681834,-0.0009024529838934393,-0.11929730812557265,-0.1430065875442494,-0.1675384216352881,-0.16234765507927576,-0.07887528585078779,0.043152067780622236,0.07167389218013015,0.0405673546152861,0.10255127152192543,0.06330870575049503,-0.031282845419225706,0.08675287637852185,0.5280669737021485,0.7452773485775508,0.7421241825689306,0.5698634425749461,0.7322034192850541,0.7601637292420728,0.7526997950882084,1.0,0.2529287860325099,0.22157677801397385,0.24322561064111936,0.1275248894557853,0.1877593447881408,0.14441792470654322,0.20854131541125767,0.20690858506154014,0.10890468798133941,0.11335972369411003,0.1474019959130398,0.05105696806638873,0.0763216121323024,0.08485333909180501,0.029939026406161477,0.0675247720425822,0.018253245862513954,-0.06293614067293578,-0.05916603696629187,0.056500979385804534,-0.029579282221289135,-0.05095232348564984,-0.10632777505875302,-0.07468840183701134,0.1277738652111177,0.13779590400495983,0.11263756802896516,0.043677239012813875,0.032181353393465756,0.07479782953729847,0.04272967841229971,0.19067885344582902
C5 GM left dorsal horn,-0.07705111525858029,-0.060827404961604346,-0.1288716522204712,-0.05420357554876833,-0.06652816198530763,0.003369144980748998,-0.027482284239804387,-0.041632170873460515,-0.006010039918543007,-0.04695365899044491,-0.10062581815219286,-0.14115053508966752,-0.1092206452009273,-0.013290854335423848,-0.08534270828045265,-0.02439259799447174,-0.14240847649426228,-0.12545159877348402,-0.003760461050653289,-0.013005519930407754,-0.005861894106303184,-0.02689293887328522,-0.036149093008405415,-0.10659102155749,0.03383117592302876,-0.07304049201709165,0.16140039579409582,-0.06664773844191112,0.043358646057296,0.033348073146393944,-0.2105868527255464,-0.0968122436308946,-0.04423953302773659,0.005426059480553563,-0.11305665869296228,0.012635982547038169,-0.06766749690712993,-0.03076800477536152,-0.09486866277626266,-0.03387335614866871,-0.05168445903854609,0.0011448067551059833,-0.07138513954903211,-0.05554852950705457,-0.05885564387973074,-0.13356614695859428,0.004786917470658159,-0.05509009729985256,-0.08356293556530374,-0.04052055316311752,-0.11471195769062627,-0.12990553128560256,-0.03762857199401578,-0.04414826238591159,-0.07892287361798576,-0.06682158502457174,-0.05573070303311934,0.18002984645650646,-0.07835376167804145,-0.04842681771439915,-0.003250053383929521,-0.07985667243435234,-0.14859262721772357,-0.10816893449130317,-0.01290085962623745,-0.0603681146905147,-0.050410687970818616,-0.04337627201796137,-0.06961644736439487,-0.041134741473456055,0.2755039036405943,0.21524259225272835,0.27812139572958594,0.25435495291623594,0.20140523631463456,0.24520456095846982,0.40488826630559005,0.2529287860325099,1.0,0.6998945657425429,0.7058484728399218,0.45279257217041974,0.4164804742952521,0.3988846336869577,0.6607140834683495,0.4700712453310721,0.028985280928803512,0.01857877575278463,0.05747138212191042,0.02287375127957358,-0.01212341497699042,0.010241220512141902,0.007309863694951372,-0.0852885954693858,0.05993801777388499,-0.02971202685132805,-0.028656369320037435,0.01362699565677065,-0.08570059530796656,-0.08852921246398618,-0.0585004053098902,-0.012799984595375789,-0.029241449313173313,-0.020526405553381123,-0.03724174686490876,0.005866801883191327,-0.0012699959729645506,0.04759799618699019,-0.05963090254001204,0.06787492415662612
C5 GM left intermediate zone,-0.1155004605897972,-0.0683838468736283,-0.11120279495867787,-0.08131252494246977,-0.05018280941442853,-0.006327809479501721,-0.023793107554195916,-0.05068906618348957,0.023958178058446765,-0.010961352665110148,-0.07334211913618403,-0.09991266372759654,-0.07339890552161474,-0.07022044072418226,-0.09869014260914537,-0.034893393654506326,-0.1383972559845621,-0.096762610311196,-0.07491431947084351,-0.05885830334313588,-0.03381891260678472,-0.07253095118880487,-0.11435327965493791,-0.0974960388059725,-0.03753904311422619,-0.10876876500341512,0.08793135938558146,-0.12629460243844784,-0.04232984495079558,-0.060305029092303904,-0.17797519549525093,-0.09244749764340147,-0.09975985495488375,0.015216786107537355,-0.1801702349535477,-0.009331776668351282,-0.025150408035800202,-0.031667344599597455,-0.11115652419756485,-0.024348895510448776,-0.13213231706557602,0.0317814715898757,-0.08583581105205736,-0.04500787470330715,-0.06525394859400813,-0.11855982599688619,-0.02712576788554028,-0.09597789967755699,-0.11891703970761194,-0.11226502973092159,-0.10950142156061136,-0.13803816423467097,-0.061369549845884684,-0.12477506215750163,-0.10722235352718226,-0.12680946290691641,-0.09913531375581716,0.12144775121480655,-0.12999697037281246,-0.0882620075052227,-0.0763951058320582,-0.16223272171481007,-0.09640452802907999,-0.0523275596812964,-0.022740175068374235,0.0011499082038297244,-0.020654327355507904,-0.03273846211350511,-0.03302337102512226,-0.05560670562884417,0.25004145462177313,0.20318094036203882,0.26597554384958466,0.24307252174180202,0.19912361593219324,0.2059058818183729,0.3872285856280163,0.22157677801397385,0.6998945657425429,1.0,0.7262342749656904,0.4114666325113626,0.5923547536077091,0.4886393027735826,0.6645406585771135,0.6173795503804516,-0.02404511220922007,0.0045254533183012174,0.004017690969997161,-0.009353250886058704,-0.01011826228979769,0.022202704452418842,0.0034416301881234103,-0.1324242042157788,0.06463994042802845,0.006625802832925477,-0.025776163495080526,0.06957764201669495,0.0012791710086386596,-0.0005907270495648576,-0.052055595323239175,-0.0014176233760484862,0.10060545281758185,0.08587515467172477,0.1277039489654353,-0.05291240052617179,-0.0463859128020798,0.004875836460907053,0.014841215003246698,0.09997378129974695
C5 GM left ventral horn,-0.0631164074925068,-0.10273885498115809,-0.07874978656685677,-0.03956280108787551,-0.04973043081627367,0.03770013557206457,0.014097984400617743,-0.0020839594696107594,0.04186028609724457,0.04187814989578111,-0.0852787804507412,-0.07023708754478242,-0.03956677598897486,-0.03127996305014578,-0.08410349428331579,0.0026664863876439153,-0.08528699254574053,-0.07459159873262232,-0.023375244507942084,-0.05663227507946476,0.0017934597460509201,-0.06015369466077632,-0.08144028764663183,-0.08314015771499295,0.03950522061799923,-0.04521635765683323,0.15518701642552832,-0.08047471633933037,-0.041357029666025856,-0.012164799053326571,-0.17373005591895974,-0.0726315541288349,-0.027390042293292522,0.019066928582684467,-0.10133981781609465,0.043280673749425264,0.0001581645952746116,0.0012853836542578972,-0.08389539332156687,0.028613520273558773,-0.09283984744964223,0.017247498312448054,-0.021571585649294775,0.015003286288401595,-0.037436278534406835,-0.10518470535793181,0.0522062161932548,-0.011159232166243194,-0.06909585740498268,-0.07883041814807631,-0.020717803038647547,-0.09445424307701704,-0.00521511233807172,-0.042523123901016674,-0.04436572581217576,-0.06692700132406114,-0.060674409702240695,0.16277384070544107,-0.03989271252669033,-0.012345090745750836,0.009552368093793572,-0.09453646755951298,-0.06100684560995204,0.008032910521669432,0.05926642997330417,-0.007148594198799437,0.014623975782688418,0.027691637435038104,0.014457708791743655,0.035180819528730596,0.2546629010919118,0.22072764939418016,0.2984341200966502,0.23234501267391566,0.18434492951230574,0.20368289405866746,0.368244671931377,0.24322561064111936,0.7058484728399218,0.7262342749656904,1.0,0.35416580996069175,0.40357571999052216,0.43081039318342274,0.6466461493675293,0.6571921336149757,-0.0021437228131870444,0.020686065089883715,0.05325032027644442,-0.008630088461976887,0.0028088133742873306,0.007071278401966601,0.0068997068240266605,-0.09544848999628602,0.024628486755498814,-0.041238175044251146,-0.03902947449109446,0.038468540941419396,-0.04954431125020686,-0.02312709721061251,-0.0573478226263117,0.030305082103471628,0.07536053540121511,0.038486280036661435,0.06896132444081417,-0.01678240572170611,-0.04190291584009437,-0.007067458644748189,-5.269322925786856e-05,0.08282489331599785
C5 GM right dorsal horn,-0.04049569063505945,-0.03359647893773776,-0.025820120446673877,-0.017467829244800313,-0.051862387120575164,0.025811184338236065,-0.009175189887182087,-0.005593784083179334,0.017862484432844206,-0.02014869639204239,-0.05820148143599665,-0.053256244343891056,-0.029387162315424566,0.007308319734508481,-0.12154597275799313,-0.037967138069993155,-0.14105641819628592,-0.09546979943873331,0.018102829624886223,0.04504689103312591,0.0629885256469179,-0.017347611566038864,-0.050173829149806004,-0.19017094825884323,0.0420190169452755,-0.03762248544065821,0.16819167145657546,-0.07176681433503644,0.02490816742879274,-0.00034601234922338175,-0.14116754079242952,-0.06838337715149712,-0.04389593360558449,-0.015687453398311863,-0.10448062406192136,-0.031999965608999974,-0.13157477602198517,-0.05778146832744352,-0.059893740507690654,-0.006531450729183744,-0.016289365681638454,0.04301138611609956,0.03402338277433542,0.04278040351021634,-0.04670902701657102,-0.08213374198522003,0.03929210944726008,0.020277744924276427,-0.06114894375328109,0.012519366901747184,-0.1251538523020323,-0.05902132845558766,-0.08931731983761071,-0.029519317754434053,-0.06261302466463475,-0.062730230546039,-0.06632739198614235,0.16793789437899995,-0.04519176161185053,0.010863455073674607,0.024366004326289766,-0.11666849195978242,-0.08620836640151644,-0.14297235138809894,-0.07369240534221422,-0.12673789137975192,-0.14008407160010378,-0.15433694255803418,-0.11606283310011674,-0.11947916771653962,0.1810610559098822,0.1311818690103155,0.195910527231723,0.18442454863546956,0.10779324761577459,0.12080550213459439,0.2513127076155931,0.1275248894557853,0.45279257217041974,0.4114666325113626,0.35416580996069175,1.0,0.6962849118874139,0.6390283332595725,0.6394923093272176,0.46601940821562804,-0.019526342531906278,-0.11779473467230896,-0.12484481215567546,0.1585279584635498,-0.044773851910149425,-0.022096204065537122,0.06910308691394913,-0.07950896125172037,0.03689408178245677,0.003103150894721394,0.022707233228512938,-0.021157629969725228,-0.055251085730383294,-0.04655261645647961,-0.045785973094803645,0.032203765789869186,0.021201693654561017,0.019675752418370076,-0.015265566693319122,-0.02796541698485638,0.026730547914460466,0.021175300018349906,-0.02084115435010824,0.01619775169694727
C5 GM right intermediate zone,-0.11918480039860817,-0.062443293006840796,-0.07948112120966859,-0.05472714165681404,-0.026605981270916203,-0.007190421839177741,0.024823567696160016,-0.010485532770406196,-0.0451733419498088,-0.021903859610005988,-0.027842649350162414,-0.07793395123714719,-0.041232679780521364,-0.08287621376034288,-0.14099705286562508,0.007254608785005276,-0.12044134779031511,-0.0986956992787046,-0.04298172271884537,-0.029848262948305716,0.037348409544314114,-0.07201073108251371,-0.12719755227105795,-0.154097282169084,-0.04827123730479841,-0.11338648818688313,0.13059007205860876,-0.12387242009692258,-0.024381670375520942,-0.07832485284878939,-0.20850691806046667,-0.06176621615643012,-0.09753372259323781,-0.03419986415550252,-0.12609973045892142,-0.04736120236724648,-0.09097146948299012,-0.06062606845883913,-0.08268461331761179,-0.001657725690413038,-0.07677403314594715,0.08121757615481175,-0.019696851276276413,0.006717951240163654,-0.07238254596917741,-0.08005108120340018,-0.008439826086578265,-0.020393088386827733,-0.10207263406922476,-0.06052139134838495,-0.13195994604241268,-0.1327627260432014,-0.07757734466144346,-0.12488304159036154,-0.08474694374546067,-0.06740735808369212,-0.09572781302673417,0.17796639041788861,-0.0962354159619377,-0.051959303166949945,-0.025386858315588446,-0.2055263326588666,-0.09614690376884069,-0.14884171535728832,-0.10011997433306787,-0.05285461846446857,-0.0950282996373292,-0.12428009051054491,-0.09501388431932117,-0.14892550348893285,0.19348260709219733,0.1874744771442859,0.24680811843249986,0.21225109547931914,0.17417229355318295,0.1632516584389338,0.299700941028643,0.1877593447881408,0.4164804742952521,0.5923547536077091,0.40357571999052216,0.6962849118874139,1.0,0.7955591147710208,0.6533964386427262,0.6515135916845363,-0.017081651412926394,-0.07124606905691223,-0.08109614969915695,0.1534879914976051,0.024401841790110925,0.024943351759099064,0.06840707599954143,-0.09840498697782434,-0.001223140092056967,-0.018169253603652805,-0.009995995577716701,0.04906077583796441,0.03135035532433324,0.026825983516911373,-0.04989622302867596,0.015400350657557795,0.11336043492865006,0.06063949756191416,0.02294895180294694,-0.048217240668827384,-0.035274343628562806,-0.016310899046517464,-0.0005738377699481389,0.02036434938562178
C5 GM right ventral horn,-0.13332007630578602,-0.11229490585888127,-0.07604975807077653,-0.036818519652082944,-0.03147986051726876,0.028129284674777467,0.0517644020834563,0.019065996614615936,-0.01939784365795825,0.008229180511456624,-0.040356391262988185,-0.07890516434510846,-0.004336290555354276,-0.02953434577657175,-0.13503376538278755,0.02167386798743442,-0.09944374644552326,-0.11094081694372769,-0.007480241038780747,0.020159677882255648,0.07662455031758451,-0.05311855702544281,-0.12821609025325428,-0.17671057497055145,-0.007064387780225873,-0.056393300981301984,0.1312445206619448,-0.10440925949226307,-0.04328577543695934,-0.020505185983426006,-0.20325433195157713,-0.05589260980181729,-0.08494823150448078,-0.03740647398870366,-0.1213569487098353,-0.017906132260557435,-0.09213974080380948,-0.055409234140789146,-0.10143804756541558,0.02286586534747797,-0.05410062037476977,0.04215433098374352,0.0025568414789664696,0.012620670600654547,-0.038804885731688346,-0.10336792257910367,0.048802126411053255,0.01843956315694962,-0.055677606844444325,-0.012574138241794505,-0.08243613388568787,-0.10299833921774236,-0.08785193503953365,-0.09527141084464981,-0.07340742132426073,-0.03003442889981797,-0.06596499326431732,0.20300640902589118,-0.04027695746722448,0.0383418451162903,0.03872647079040983,-0.1418418877466711,-0.08889984443223181,-0.15076847623532566,-0.07575348807954473,-0.05038344350009105,-0.0792595980160264,-0.09964668802310758,-0.07506035353827505,-0.11236764846198503,0.1461977828437589,0.10902313080120295,0.18933086758450077,0.18326003934887244,0.11165888908771938,0.1327366767248457,0.2935496051741739,0.14441792470654322,0.3988846336869577,0.4886393027735826,0.43081039318342274,0.6390283332595725,0.7955591147710208,1.0,0.6888465602583603,0.7422850998620931,0.023066143699149163,0.029586428490685518,-0.011759166850945925,0.12919223333392554,0.09397178701112252,0.06799092536845346,0.0627034999934164,-0.11910404650785338,0.028887175715180947,-0.020185578598268764,-0.04885475010451996,0.055219305729449206,0.06590963261552125,0.07260847023216202,-0.054310960768662334,-0.027781230778422306,0.08887236152428847,0.020972080083344707,-0.05665438985255667,-0.0031479809797805057,-0.03539774542484437,-0.028066785018442904,-0.0629165598670174,-0.04391911843815908
C5 WM ascending,-0.07078160832010909,-0.08213625999956883,-0.060048893307645616,-0.042169551820349725,-0.06306961414097023,-0.015045659348425892,0.011561962098204938,-0.04448538546524166,0.0217869800929565,-0.0038819703086619365,-0.00033146789882835853,-0.07678207989303613,-0.06704296051264813,-0.05723889009249027,-0.10841596041024595,0.018592851781800552,-0.09246514086414377,-0.06956482032033035,0.018432245900259114,-0.03202687375477264,0.056744872522771134,-0.04357765236750642,-0.059711929033524624,-0.10765688885859695,0.028954406615280523,-0.033813077645999855,0.21994711458275767,-0.07800136027082603,0.03546644788727568,0.012582406161619236,-0.18499333058124665,-0.03307060837638398,-0.04630102170103364,-0.009276758562647952,-0.10192285168846217,-0.019817538593753164,-0.09645474695246613,-0.06102522275199265,-0.09600111530577958,0.02118692090378634,-0.08164277398834739,0.09096637665601373,-0.018936983552871284,0.0194851854952469,-0.0766055625212817,-0.07617530631130577,-0.021168579004027962,0.014708403403359285,-0.11140023098472117,-0.06265173436917491,-0.07783418532922741,-0.08274998014468031,-0.06763731191056593,-0.045686084679735846,-0.03044830164807419,-0.050137492416230875,-0.08228692368267046,0.22158802828383126,-0.0615931492226364,-0.013539795332070058,0.04766339848795275,-0.1243552138071402,-0.14237439027392668,-0.19726187124347008,-0.09747092379175674,-0.08954519213400294,-0.13249951045581407,-0.11295733403820951,-0.09136009668129011,-0.14249408397876423,0.2319276379646112,0.17325919469355913,0.2661109184053586,0.23754991055877317,0.1786918991261245,0.21367847278121443,0.4021367714201109,0.20854131541125767,0.6607140834683495,0.6645406585771135,0.6466461493675293,0.6394923093272176,0.6533964386427262,0.6888465602583603,1.0,0.7524814412377453,-0.017100424669527103,0.008335312479127416,-0.01435505546227916,0.04245650325709864,0.014571058953445593,0.019737685873389643,0.05281549950049191,-0.10852855957636832,0.039464481717120026,-0.034700238159893364,-0.03344794149832507,-0.026940469072093933,-0.046643160112165155,-0.0583094983892756,-0.14331837703731998,-0.06885829681977215,0.10065092547645327,0.042673858804165056,0.013142617362218667,-0.06672432824821242,-0.07289700721729366,-0.07692184956493896,-0.06373164724080649,-0.013657172147133521
C5 WM descending,-0.08812434328775844,-0.10360306322094576,-0.05856648715991126,-0.02110522458300958,-0.03359018238356794,0.008282993367389052,0.03633046672591528,-0.010456346347363083,0.009325121453143672,0.029857037660458337,-0.008977327492247682,-0.07612516064833605,-0.007092781960907005,-0.061167764736129206,-0.10133672051154177,0.06120133166420529,-0.056444362135679826,-0.07939691359205023,0.010069477195318326,-0.06257156522090519,0.056477423407924596,-0.0717776204019501,-0.11671181884638844,-0.11840433185366103,0.011947192264461054,-0.03415170458609145,0.15289367557813793,-0.09087144636996738,-0.012882387484542289,-0.030316077767973355,-0.1802788735489813,-0.09089045197177399,-0.10325497812811806,-0.03391001228221339,-0.14559501602418543,0.003958243433222867,-0.03984742817325693,-0.03138769920293013,-0.08348139596941884,0.04383620743718918,-0.09366089803941094,0.04716360639665045,-0.0072741637131854215,0.0069586961326563584,-0.019508618186891823,-0.0793957651128268,0.03341847159424424,0.01756031558210943,-0.0851192640846536,-0.09148486335387888,-0.02117078204084424,-0.09753544796364044,-0.03764426021454275,-0.07012795891377556,-0.039257093643872795,-0.04102654071080014,-0.07700773260032516,0.21061661525217787,-0.0489446927686778,0.01802322892976265,0.03119651984484973,-0.12419680347322783,-0.07711204839493362,-0.11139582601363623,-0.03914436760777059,0.021352414311598057,-0.010402468799926918,0.00348254032754401,-0.028319353479983277,-0.061381091401105065,0.22994312733896366,0.19826033690345232,0.2675089381106432,0.2161712388085329,0.16475918372527612,0.16801182027162972,0.36374387492654336,0.20690858506154014,0.4700712453310721,0.6173795503804516,0.6571921336149757,0.46601940821562804,0.6515135916845363,0.7422850998620931,0.7524814412377453,1.0,-0.014601937629020886,0.042307544456197034,0.03680480875698864,0.047818774397716174,0.04649737866203696,0.034879149525629274,0.08984731914786294,-0.10179719946261745,0.031805841211422214,0.014281330608630289,-0.026646834855315597,0.010513031653752681,0.03448488862950945,0.04384532364352999,-0.10031054843347506,-0.09451860732331828,0.109419235537152,0.004338947540456293,-0.03572849701090315,-0.04941612693296762,-0.10576839106600906,-0.10086838405720767,-0.09731330411163643,-0.07378587054937573
C6 GM left dorsal horn,-0.032498101722355746,0.04642831793935101,0.03615302774948509,0.06071748552902676,0.01900405564099236,-0.0007739765597392144,0.017121536834046464,0.05783595386001327,0.05850350316770076,0.0792546514696817,0.0536639051789075,0.040557839128812,0.10696143942298457,0.12167066905164463,0.0834404653974294,0.057845361004829544,0.0704207475336411,0.08279777143471549,0.05371947948116826,0.1872443884278457,0.06760241753183732,0.07816851294571629,0.09650864243610842,0.05110369327938625,0.08697585992976756,0.09457359795432581,0.04931995552580268,0.11414518415359358,0.14683488016328813,0.07674472309785309,0.08547754754045762,0.05201277974817206,0.041522240255168874,0.007128174776378958,0.12506296476828224,0.04538334414758725,0.02191414555325907,0.07906636619405277,0.0490126297321931,0.009369049554706957,0.0906452676706064,0.01271222473438245,0.04106250455308033,0.018373238905982362,0.02993539290241199,0.05933351756303243,0.03674722841263471,0.05288353144286881,0.12919589553253194,0.1794533061840459,0.05906456825543221,0.10393351264457047,0.12157151384586007,0.06789002724306988,0.02888890170073061,0.13493799924557862,0.13096316010452355,0.0859455580868549,0.13384654014855552,0.11002752560083591,0.059672779401509946,0.09303591487749552,0.042961406304062144,0.05853442178195539,0.033268891792669744,0.08458882449593039,0.04292745680283166,0.03895081191726723,0.026857699216354298,0.044778916877445764,0.02112253889780003,0.06554275416011658,0.046852207338349675,0.055123335172247816,0.08817659207234299,0.09082027822583222,0.08983853833493587,0.10890468798133941,0.028985280928803512,-0.02404511220922007,-0.0021437228131870444,-0.019526342531906278,-0.017081651412926394,0.023066143699149163,-0.017100424669527103,-0.014601937629020886,1.0,0.5898647393129737,0.6305571332577397,0.07426189611705732,0.1569046502581698,0.12051718112726581,0.5077545141412677,0.4303498350871936,0.08341204939783817,-0.09036528779065683,-0.00244977247667551,0.0018821037782944673,-0.08317143067149896,-0.04953223434418642,0.024527449146705224,-0.04661236753356654,0.02528652144976022,0.10028202456793717,0.05488446274999949,0.1098679958983089,0.06145559590219863,-0.003812455762687468,0.03879152449743835,0.05836108108665034
C6 GM left intermediate zone,-0.10359212075513828,-0.056162781804460174,-0.10444577815524983,-0.022341338922532792,-0.00828502733433601,0.0003637935573575766,0.012552949988138929,0.06184907024547801,0.06443441375496009,0.04333464294617233,-0.027159198040691265,0.02587306537336634,0.09672368370332779,0.09257533021311787,-0.02095592138343141,0.032439885336930964,0.05045919822539519,0.021120253936360914,0.022180037819728084,0.10887361404355168,0.0350515409513075,0.006807796718962015,0.00670965732995168,0.006571614304065281,0.047524237250828084,0.048141773078573966,0.037424698322615725,0.060062877462488846,0.025214541134061973,0.08386270849224713,0.06452722639504388,0.027191787734236562,-0.00503719013567228,0.005519828785084122,0.04040164574108915,0.021892445059635474,0.014280918072501711,0.039489526845543056,-0.0008052285866732923,-0.0067421168324831296,0.05934283778860324,0.00033159570947230026,-0.006497043180714553,0.03134507268863065,0.08700688369367857,-0.02233207038781424,0.06839910887545415,0.04776354828039248,0.1350883331821739,0.1347742295303306,0.06556423340768108,-0.004681645892794288,0.09005558886456118,0.02884425452617448,-0.019038272101418428,0.09640475035288126,0.1125299646426376,0.12473627162893722,0.08201161991114327,0.04570604181930353,0.04174134699872872,0.06470608463227098,-0.025030006174679292,0.11410897468085479,0.04786096269697676,0.07855791313661134,0.12477747499985987,0.043357374053667505,-0.02749907623166949,-0.006676639743728151,0.08385182349363209,0.10511859194106755,0.045150609186559644,0.1525925307724469,0.15693525131271516,0.12882624260674774,0.08728233643121826,0.11335972369411003,0.01857877575278463,0.0045254533183012174,0.020686065089883715,-0.11779473467230896,-0.07124606905691223,0.029586428490685518,0.008335312479127416,0.042307544456197034,0.5898647393129737,1.0,0.7319848044864847,0.08373897848805856,0.5088956277254877,0.31664192006980124,0.3557526608061498,0.5449115300256369,0.12306399503662709,-0.03838786676111725,0.002740054211654651,0.024762234571900972,-0.014793432327229399,0.012932331346855667,0.048561913883776515,-0.0809423002904919,0.14634101361291868,0.12632792469444676,0.08313314657839109,0.0831266065655052,0.03874445429630951,0.05822740192822106,0.041834346632442614,0.08389760721074513
C6 GM left ventral horn,-0.03017346831574761,0.02901041034494934,0.04836012024594276,0.07602770445023445,0.06930190085777649,0.07002170059727948,0.05281350328306245,0.0986723623871292,0.09807560757401824,0.11229109371551445,0.034061714839707484,0.07395320687204786,0.11973734387621551,0.10620325311698567,-0.01570788577878183,0.09630592673551938,0.07871057873476595,0.062394343596212716,0.08815412083082562,0.10263032677811702,0.061548796849752396,0.029446148241527054,0.026074797530459902,0.03372352931948866,0.11316561250989228,0.07921789303088095,0.07620686725422705,0.062150074548291974,0.061926968240131414,0.044992735288926555,0.12509690831518674,0.04392186965303527,0.07423610018803616,0.04913143703511595,0.08554232739580563,0.08953368791475882,0.049623939542246434,0.11082509897365203,0.05711153978152788,0.04568205022164331,0.08150504692501281,0.08542449641572453,0.058579911843388906,0.0727671698454752,0.08841553018922084,0.028065060341020204,0.13263896148811294,0.10611638827952871,0.12499843646036654,0.14442179034961425,0.1059073147734053,0.06999139514843482,0.12876697703537926,0.03573790022855251,0.008275660544095653,0.11111509558210207,0.10404031976522211,0.13089890491584863,0.11719906757526877,0.06818870724701459,0.024438194703474785,0.04986056370895266,0.05155858435639332,0.07363992123925092,0.04198964699808254,0.10641453580285812,0.06793045739310109,0.019939917456832892,0.013708880223514757,0.0010789754805305763,0.0810843946634314,0.12371879283712758,0.11099667154877234,0.14352883515137252,0.13837271611952726,0.14266741044123687,0.13877205758996358,0.1474019959130398,0.05747138212191042,0.004017690969997161,0.05325032027644442,-0.12484481215567546,-0.08109614969915695,-0.011759166850945925,-0.01435505546227916,0.03680480875698864,0.6305571332577397,0.7319848044864847,1.0,-0.015074690771613927,0.21170616405377576,0.1746515769318427,0.3914490491867854,0.5417565680287657,0.13853730103692088,-0.057350896937122225,0.03247932753064359,0.025031802714001256,-0.10195619586982296,-0.0821992697281779,0.02013988449022196,-0.1446647296927513,0.13484631683156698,0.043468020360907855,0.026967308124187205,0.06892738251281892,-0.04619321757989109,-0.0320882948048588,-0.026973146001123043,0.011417506699720874
C6 GM right dorsal horn,-0.015962316154820536,-0.024608173457682122,-0.005022171275912269,-0.04127752545610921,-0.0860618373048518,-0.1137884116611502,-0.06318316269303177,-0.09335615210859409,-0.07241049555720369,-0.05223326521975053,-0.05591779357569975,-0.07998646716224726,-0.009076805201042953,-0.09518040624972919,-0.05207950589998465,-0.11653050355631815,-0.12263669286623562,-0.06991574640406367,-0.04692601489723528,-0.07148787455529194,-0.026357734555707116,-0.14911334189169967,-0.13039463438390642,-0.061739801812521276,-0.12248189700046973,-0.12337371747361824,-0.06795635403671807,-0.056952011040686985,-0.029589571637939942,-0.045797121649470904,-0.012812408253702457,-0.03260063677927579,-0.024690295504481923,-0.10153567290225687,-0.012272602442809276,-0.056665856663903794,-0.2130094146188785,-0.16797170013530538,-0.11126595102138528,-0.08185274725530764,-0.09689576071469778,-0.058256324269695736,-0.0688999366454741,-0.053185267584299735,-0.03377462415046628,-0.05035741725863446,-0.0415113372060507,-0.05018631746529102,-0.07264751134388843,-0.10439339948796988,-0.1788645961743163,-0.06609748671875196,-0.12627392547856758,-0.08630706045816061,-0.02835097306153435,-0.06454796209868105,-0.0604671067797092,0.008756190139182014,-0.09526177965124907,-0.057303078091414446,-0.005175084686639949,-0.07319888085383065,0.04345744634109632,0.07161113716655129,0.043299266083296546,0.06798291117090403,0.07086351173851012,0.013082629767682496,0.051571623662563314,0.06913691345636651,0.01505872010920503,0.06868420206641078,0.061349918780192296,0.025121885655580125,0.0006358435677529262,0.0051526570498753015,0.04168035012628683,0.05105696806638873,0.02287375127957358,-0.009353250886058704,-0.008630088461976887,0.1585279584635498,0.1534879914976051,0.12919223333392554,0.04245650325709864,0.047818774397716174,0.07426189611705732,0.08373897848805856,-0.015074690771613927,1.0,0.606432489057361,0.5614944501337659,0.3687056871394218,0.30590122718271895,-0.012258027561404506,0.0370739469871401,0.07249090317714915,0.10776159332388038,0.16927727131517148,0.167385173108272,0.08221446304997794,0.20631585137653202,0.029056310440468285,0.1376513829724661,0.12168708929586194,0.12117146564545467,0.17908391525455952,0.22464139920697654,0.1762456718610485,0.2199436787288639
C6 GM right intermediate zone,-0.09361507440068409,-0.09569329932125292,-0.13928684269460506,-0.08858369609789148,-0.08933067083399106,-0.10138626267431254,-0.07404929100602786,-0.074965788562523,-0.04615140517810183,-0.06499317708791293,-0.08387390001888992,-0.08592501350791942,-0.022282107154789007,-0.093250166698389,-0.06402704568552674,-0.06713653232270556,-0.06394993010611545,-0.09239565283202889,-0.06950545486752793,-0.04169709077931376,-0.0370620036713643,-0.14178141742406306,-0.11587544047322691,-0.07038791940704857,-0.08708283840113909,-0.07657710183338691,-0.05502175710801236,-0.04772323325080982,-0.04157750892505908,0.008119008086056959,-0.06910108173770958,-0.026418288192304008,-0.04175551262028155,-0.08744834128714325,-0.06943600315013836,-0.05826567364704577,-0.12120079144857111,-0.15449344856642977,-0.12535024547439158,-0.09589475211092127,-0.06545323842633222,-0.08571835760222979,-0.0980984663671678,-0.023344640873182873,0.027550035013866037,-0.11557578692266426,-0.027478457066740736,-0.06585298308435507,-0.01364386285993584,-0.05771366186410478,-0.08676055307717977,-0.11275495857295474,-0.045437506089935256,-0.05892370947741878,-0.05655563308754224,-0.026059164513459784,-0.018018304212855454,0.025422267026647728,-0.04633788053011249,-0.04888774616598068,-0.01208711793211938,-0.00015153898631939952,-0.041818934257854025,0.09195393013254748,0.018734216586652676,0.07496710622065504,0.11719557863343585,0.013904056204637649,-0.020734266700562595,0.0033892817245271454,0.07329740027106352,0.09057143600902579,0.040680028294879274,0.10465367001245687,0.09401882236644403,0.08009602810344513,0.06881395552560536,0.0763216121323024,-0.01212341497699042,-0.01011826228979769,0.0028088133742873306,-0.044773851910149425,0.024401841790110925,0.09397178701112252,0.014571058953445593,0.04649737866203696,0.1569046502581698,0.5088956277254877,0.21170616405377576,0.606432489057361,1.0,0.7768184841515696,0.2944990654249867,0.4564871123817631,0.04359307548175303,-0.016513165335796696,-0.013866560844435329,0.0845505790693851,0.08151759326993568,0.08107173105604439,-0.0077110942998898455,0.0343897260276467,0.13850604668543826,0.14336887468534265,0.10626544772321994,0.20207553232179926,0.1559192114396076,0.228076691115192,0.13784799642515558,0.17580189596949536
C6 GM right ventral horn,-0.039216770622554374,-0.06514282739582056,-0.06731308503792878,-0.05976934974802422,-0.040505989011919166,-0.04001327881439034,-0.054050170968337224,-0.06072385880575554,-0.06913126586110004,-0.028147531133108528,-0.03775999197736378,-0.06885240942364584,-0.029622078856765634,-0.10488476824355625,-0.018590440849371916,-0.0799409346917118,-0.05947092317960289,-0.10664046932826061,-0.017812216981048734,-0.056299728539518284,-0.008746431253665142,-0.13360361987281733,-0.11178057580977092,-0.07421837701686335,-0.09095893117165081,-0.07068864085487861,-0.03341270620767424,-0.03789698358503314,-0.029815750878965146,-0.010321797530145999,-0.0536712684431205,-0.05979276228106706,-0.03204447256268267,-0.06886858790579103,-0.10263101062892728,-0.0289470470151913,-0.12744999739410287,-0.10565533995669589,-0.08711404571360534,-0.043291151595612816,-0.05600961866892307,-0.023080232277609997,-0.05572601665902747,0.002918663406455156,0.06589259262530717,-0.10304707783030198,-0.036644135102895686,-0.03740234470288763,-0.023567191587521668,-0.10783091823268166,-0.09969927226614786,-0.08912978647829084,-0.04144675316780926,-0.10009515963485463,-0.038863886689280466,-0.02938255772351493,-0.047847047141001735,0.012467027412147828,-0.11471357489649112,-0.06703495414009542,-0.007218022437226176,-0.02161065208002555,-0.015353970332994302,0.0029076339060495255,-0.08009256183896028,0.03787603038231294,0.07096675458732066,-0.01543896918893078,-0.034857949056505126,-0.017909839289876064,0.06323713000316153,0.0775127996799365,0.06457096056309915,0.07958959518116912,0.07411050206986544,0.0714389145183665,0.08624531468854643,0.08485333909180501,0.010241220512141902,0.022202704452418842,0.007071278401966601,-0.022096204065537122,0.024943351759099064,0.06799092536845346,0.019737685873389643,0.034879149525629274,0.12051718112726581,0.31664192006980124,0.1746515769318427,0.5614944501337659,0.7768184841515696,1.0,0.24163822892488085,0.4659313949722248,-0.0043168791836784735,-0.03900344591945614,-0.021513327190521566,0.10541772182620414,0.04253327160220905,0.02164668257338896,-0.00895650752747792,0.0008479246467122496,0.10332600529043806,0.112500646066462,0.10059437413722032,0.22100126336139944,0.12804747686474832,0.2079504256016684,0.1187986617259067,0.16827585423759775
C6 WM ascending,0.048394308444135066,0.09875183270603471,0.14337652025157974,0.13914480968536314,0.0573746600510438,0.013971355149463788,0.04142198870251199,0.05614354625536352,0.028181699486936187,0.09065655073823513,-0.026216638688074678,0.04674380149836085,0.14882252921276634,0.11463114059730048,0.03722037035698474,-0.0052526185627921615,0.0715562109014399,0.07770003420384287,0.04724357488651962,0.09336714306538625,0.056112444775876416,0.05686031558473187,0.008653121962669628,0.04046505177585943,0.09620229450361258,0.12282265255545392,-0.026912715941581327,0.11046161166740576,0.12778266397881052,0.07986986625129976,0.08194035171865732,0.024557520503601493,0.030448555706160153,0.010587589867510778,0.10826008900420651,0.07734403212441747,-0.007931758891014763,0.06689870831032892,0.0581344288553695,0.0389106470427321,0.05199079045872989,-0.05061320834528583,0.07574281496789952,0.014544346350998253,0.10109160422751225,0.017614432057607668,0.06517337519697694,0.08324831935368344,0.12552693860042718,0.0961217334741701,0.08434682463756643,0.10403383317708148,0.07099765205542662,0.09248968834777183,0.048085737521888175,0.12224342380940484,0.12366628318191723,0.01474142511497641,0.08931898107294384,0.16733188030860874,0.07629311187637765,0.14475067498181265,0.09754763132074609,0.08262202004498614,0.10709107378849524,0.14978707126774912,0.03304663957064671,0.014233186180650056,0.12636976089700833,0.11468241512876154,-0.0435819605942828,-0.022738096969262326,0.009868081747781022,0.02998127489116837,0.014992702372302455,0.03018138378839593,0.05500449641481695,0.029939026406161477,0.007309863694951372,0.0034416301881234103,0.0068997068240266605,0.06910308691394913,0.06840707599954143,0.0627034999934164,0.05281549950049191,0.08984731914786294,0.5077545141412677,0.3557526608061498,0.3914490491867854,0.3687056871394218,0.2944990654249867,0.24163822892488085,1.0,0.5911734288827662,-0.0560474541082122,-0.04137097863279465,-0.04161068273494515,-0.050961054382350844,-0.005663834098334661,0.018241339947170622,-0.026981291090582286,-0.017438776257153222,-0.021790271140000813,0.10722096025129423,-0.007871107667074093,0.056011757608795704,0.09762298334532614,0.046982856419488114,-0.004448798420147425,0.030758511123379323
C6 WM descending,0.0619937539745597,0.05160605723865256,0.11503091119807207,0.04624303972277717,0.018003572294969333,-0.011658954633825238,-0.03889225084549033,0.0013877675594143014,-0.04379451180691471,0.021806953129801562,-0.05704607663832151,0.0779264205355521,0.1242441828283284,0.08066265224224796,0.024058215905057717,-0.009195092678921936,0.12846633584264608,-0.017159019124682373,0.05853788992633171,0.06984674397323452,0.03272695778713829,0.023770754570927925,0.009488219476320302,0.04883122663124953,0.09213567784738079,0.10981303582525948,-0.052098596571538765,0.06887192956459044,0.08433803560432432,0.04251883160800959,0.13681160784127347,0.0487879828222898,0.04856876141447484,-0.0020632114627590157,0.08248746982057385,0.0492144379334533,-0.03572936093236086,0.010456574404499734,0.047505342070606395,-0.04157180428568623,0.06287627771451972,-0.053030203001064674,0.04670124856300227,0.04537933882309551,0.14506457496595376,-0.006934010237323415,0.049825613916259524,0.060577713525310564,0.13199430621598401,0.04415097519853109,0.0731981613822788,0.09131269337111056,0.05947220899367338,0.06342383479501604,0.015601224769358744,0.09761520405807157,0.08697803053082569,-0.05930201444066904,0.04036203431457085,0.11406216773374837,0.01997854826779015,0.10060235967724258,0.04292181569314979,0.0943977323260651,0.06476743116758027,0.09856754485083337,0.07563604444858706,0.032287425984389106,0.07628245425284896,0.06692268877505461,-0.0013802140020952424,0.07148154996549329,0.038846581053917625,0.004713334767943371,0.07534366582009898,0.09366936387069066,0.028872662697830672,0.0675247720425822,-0.0852885954693858,-0.1324242042157788,-0.09544848999628602,-0.07950896125172037,-0.09840498697782434,-0.11910404650785338,-0.10852855957636832,-0.10179719946261745,0.4303498350871936,0.5449115300256369,0.5417565680287657,0.30590122718271895,0.4564871123817631,0.4659313949722248,0.5911734288827662,1.0,-0.09531335883595883,-0.05164633262789432,-0.01757702618057974,-0.07042608872713502,-0.05873130216603816,-0.039932594850466505,0.042836379057724146,0.01694065668760181,0.009926030871900053,0.1013220160426084,0.07186369698896847,0.06661026950128339,0.117521609899754,0.09085652594307204,0.06750873145916082,0.1046794745816704
C7 GM left dorsal horn,-0.09728938625548329,-0.13629806019140597,-0.07689753173365754,0.019638768527899805,-0.16732435291214812,-0.08975588288912867,-0.10622342223149878,-0.09358484205969805,-0.07294876358727748,-0.13113836245119623,-0.0339057670867958,-0.06927749580322949,-0.12006551228450052,-0.031391342951777014,-0.08236529942656327,-0.005914246212240674,-0.08794228096772369,-0.04160603480552674,-0.08059867979958371,0.025522261123184717,-0.00589417852531877,-0.020056809212480146,-0.07413162187479183,-0.05416385951020661,-0.04715654195790476,-0.08012753883622889,0.0020910392109556434,-0.07460430126402515,-0.026671063048440694,-0.08231693514395425,-0.0642677596702715,-0.04555067219745227,-0.032529734927992146,-0.07376384380116538,-0.03194111405652083,0.043712656624696616,-0.11709800274947138,-0.0796291270078143,-0.008152574645782402,-0.19252249299139668,-0.017908948786992743,-0.03688925240218066,-0.07058403833969264,-0.09393561027417902,-0.01629077994798513,-0.06599041783007406,-0.039354161199616745,-0.09077106348459729,-0.02521116630689399,0.001849959853662601,-0.09476246375272668,-0.10182153077904504,-0.0638057841157574,-0.0803866436452682,-0.08915005409946106,-0.06534299923397889,0.0029598734712622354,0.06559844630398619,-0.02666902152889895,-0.12125312668411725,-0.08495857015328531,-0.10696759345416412,-0.10813148530832971,0.11085029455838782,0.09783355188173626,0.04809154313461949,0.1534812824745008,0.09645882998868442,0.013767782723765009,0.05324568421867487,0.10044491552974437,0.07957355248376986,0.06565341402873437,0.10590487714173463,0.024083066205257093,0.01168396701211804,0.09192447542536442,0.018253245862513954,0.05993801777388499,0.06463994042802845,0.024628486755498814,0.03689408178245677,-0.001223140092056967,0.028887175715180947,0.039464481717120026,0.031805841211422214,0.08341204939783817,0.12306399503662709,0.13853730103692088,-0.012258027561404506,0.04359307548175303,-0.0043168791836784735,-0.0560474541082122,-0.09531335883595883,1.0,0.5201599259247996,0.5234863306293787,-0.06529401002528525,-0.09480770170919459,-0.13426712030837223,0.2430764875038157,0.05073473770724307,0.20788397897086058,0.08262787341697769,0.0594524512032412,0.04022571159075528,-0.02941505003954694,-0.05011230781401499,0.03078704842167756,0.03450148302257445
C7 GM left intermediate zone,-0.06998642115498156,-0.14077650791059965,-0.015990379604822972,-0.045632242245288696,-0.16672274358371816,-0.15065747071843819,-0.10942903465952414,-0.13211579784035007,-0.1646748617938584,-0.1633650250034617,-0.13786697851167568,-0.13124860629267707,-0.19488612187287824,-0.07160688635054588,-0.07775733520516173,-0.053966056282451366,-0.06833769302585155,-0.10725101166832687,-0.1061386911423494,-0.021266703946265425,-0.07290802115372036,-0.06256447278794766,-0.10945087205169052,-0.06405402853904622,-0.10734800276014647,-0.0654390076000784,-0.15697379085263724,-0.09608846098251123,-0.13607832797449024,-0.07538244606617338,-0.061932920869524205,-0.0776539196352398,-0.08946909467434319,-0.08966783564107243,-0.09757566153538512,-0.008130580319100337,-0.12899268309009845,-0.08873948020973695,-0.07056762082618302,-0.18540825818001222,-0.061264129533225214,-0.11994516279958195,-0.10193288357768118,-0.13985678608746963,-0.03915359378275749,-0.10684559315982071,-0.07676860869065377,-0.13119562449670394,-0.07360099069079297,-0.05007295431157867,-0.13051518720679176,-0.08042416018398775,-0.15956415429897122,-0.08614265877980608,-0.0871953696562197,-0.0831313959635565,-0.05608004897793008,-0.05742436950266123,-0.10235254242581364,-0.10194127538428692,-0.09574350725384521,-0.06816148076176726,-0.06536152871570215,0.08928771478360592,0.06677910988843101,0.08310537542959094,0.10698317426507924,0.051137425885634795,0.07678609627727555,0.033110949838934416,-0.027086420765385383,-0.004602184888039942,-0.03311576664021523,0.005909562680799832,-0.04035533932274927,-0.06455843101459435,-0.04984786071691192,-0.06293614067293578,-0.02971202685132805,0.006625802832925477,-0.041238175044251146,0.003103150894721394,-0.018169253603652805,-0.020185578598268764,-0.034700238159893364,0.014281330608630289,-0.09036528779065683,-0.03838786676111725,-0.057350896937122225,0.0370739469871401,-0.016513165335796696,-0.03900344591945614,-0.04137097863279465,-0.05164633262789432,0.5201599259247996,1.0,0.7308328943007566,-0.016592871811778653,0.3662924085181116,0.15631806786813968,0.42801922179561797,0.39137540770072304,0.056529483395679946,0.08382092245953737,0.06988282159241015,-0.038349122611842076,0.10778000701303024,0.037978311679598656,0.0801471376035149,0.0646979166740672
C7 GM left ventral horn,0.018816018762267978,-0.052670216679838074,0.030907507832444118,0.03118869244557326,-0.1399413074425559,-0.1746481023502977,-0.12655017228504334,-0.1190686001463725,-0.1510817659668932,-0.15316004199753586,-0.03799419456703858,-0.029914775374727663,-0.1157390861671045,0.011116062420215274,-0.05032811651309389,-0.013845524677814268,-0.006299772411693856,-0.04072475534792463,-0.018496980332156757,0.02021908415422496,0.027105536726978918,-0.00978962727338789,-0.019280286786931045,-0.022833542374580233,-0.05689951901060958,-0.032508096797573605,-0.07991259771581749,-0.039592621534426845,-0.04079337991821886,-0.057934684703358115,-0.022969381718933157,0.009213720642167566,-0.020606288976518478,-0.028926851949123818,-0.03509333880799825,0.07641905288275813,-0.11880074451943777,-0.06606815060979139,0.050040635266569204,-0.17118946232216842,0.023390004383616405,-0.034956474997762714,0.00735745244226175,-0.05607190534256878,0.04810555667075697,0.02452167596391733,-0.005786162281599452,-0.05059896273274295,0.022240546434334294,0.016083755870939062,-0.06163378871721873,-0.0022942355854150428,-0.07563031872531778,-0.03322791910148005,-0.035203823190513656,-0.004627472441272712,0.02269216225047577,-0.0090088562260294,-0.009147385151798184,-0.059403780197083964,-0.03399314139399973,-0.03518937009558456,-0.019158496676531522,0.10914030585329397,0.06862370532568736,0.08506289811304663,0.1022968221315786,0.05674564063166631,0.10102090257995275,0.02067547477660664,-0.02051791088170482,0.01287167362907254,0.010722857526473483,0.0014526976087393037,-0.05510096832108945,-0.08859342515522448,-0.03862469462443162,-0.05916603696629187,-0.028656369320037435,-0.025776163495080526,-0.03902947449109446,0.022707233228512938,-0.009995995577716701,-0.04885475010451996,-0.03344794149832507,-0.026646834855315597,-0.00244977247667551,0.002740054211654651,0.03247932753064359,0.07249090317714915,-0.013866560844435329,-0.021513327190521566,-0.04161068273494515,-0.01757702618057974,0.5234863306293787,0.7308328943007566,1.0,-0.008159362592259172,0.12598617281419858,0.07621064852370531,0.4896589651604674,0.4703356683179272,0.04203464616274972,0.03316557016840773,0.08277760854018133,0.0009718351095722118,0.061770683602372305,0.013033166285635906,0.10607972229961647,0.05605181316463145
C7 GM right dorsal horn,0.03246593070220299,0.11322231887984734,-0.023767026844207936,0.052415995698185135,0.11474511157769057,0.07771706022378488,0.11495728431297356,0.09869297975064407,0.10620715912059443,0.14741642981569575,0.05725399993682984,0.08628724049553371,0.13077937189281066,0.04882077631753844,0.09620680898457773,-0.01847726759454639,-0.04185032997737023,0.09286279904778616,0.060589021821700687,-0.07181640377684104,0.09269078969594755,-0.044509059345811605,0.007255095533127867,0.024955177445465875,-0.05340427442609551,-0.03837958400825204,0.00671860642111117,0.029250566587866258,-0.017253727051308638,0.00014246702053354155,-0.0522536992829268,0.0627039127352133,0.05269372185644511,0.136276088396675,0.03863299581585093,0.11764499161096326,0.09607081541671124,0.11647433875215647,0.027838183886864754,0.19279472772221018,0.06357977124698962,0.13697096269006626,0.07551420828058182,0.12737910677028896,0.09401537964801128,0.08945865857450748,0.12138929903502235,0.08236425021210902,0.05063632430949026,0.0034751380238801947,0.06035542759938719,-0.02311682900864423,0.019944103997304174,0.008237223747032764,0.05980640613039425,0.03497975518687626,0.025314052875108677,0.060126995772470104,-0.0536289046441896,-0.03124621502611988,0.08123591872814785,0.03611734166450273,0.025255935852958645,0.0455921690006299,0.07265101664551066,-0.02639669069477935,-0.03862478604211881,-0.0631776862842538,0.030165797552964807,0.03228066746754775,0.011757990682717382,0.054459328995092954,0.037468181431935546,0.07356229765617305,0.052040932873305745,0.030392710133841573,0.056411814867071086,0.056500979385804534,0.01362699565677065,0.06957764201669495,0.038468540941419396,-0.021157629969725228,0.04906077583796441,0.055219305729449206,-0.026940469072093933,0.010513031653752681,0.0018821037782944673,0.024762234571900972,0.025031802714001256,0.10776159332388038,0.0845505790693851,0.10541772182620414,-0.050961054382350844,-0.07042608872713502,-0.06529401002528525,-0.016592871811778653,-0.008159362592259172,1.0,0.5090026566638278,0.4981066679716268,0.3347866915996958,0.24298204446037244,0.11690064588323261,0.18605129577107346,0.17831560477426783,0.16116263423528188,0.21887707929860484,0.2637128585715431,0.18166828512098987,0.24161294086935184
C7 GM right intermediate zone,-0.03044339477971337,0.0020708282938381615,-0.009520690575001198,-0.03378829899496551,-0.035864476243836214,-0.02544117770596335,-0.019830211135364373,-0.01094862067702826,-0.03596017506177749,-0.02630338882315559,-0.09165048526334943,-0.09161731860799777,-0.05304661535804946,-0.05055770641801717,-0.012194362758385851,-0.07811316267706318,-0.10540604140605832,-0.025250347111832477,-0.07542666093374131,-0.0757990816417243,-0.019579641169763618,-0.08599584296101377,-0.10419990183236583,-0.05862967056928449,-0.14868648671834714,-0.12230142028711068,-0.07929078991324956,-0.07296317673157642,-0.10139894431028738,-0.059057512148652194,-0.010039715320766864,0.0036288403816861223,-0.007550963436289343,-0.005076556922807905,-0.019125621482299713,0.012794177186756944,-0.05022014652484368,-0.027166067761510263,-0.1077400390196017,0.016061062127504126,-0.05489285521364819,-0.006373645050728445,-0.058493393360998354,-0.059248755899099344,-0.005970501593443419,-0.0790805347781779,-0.012584016352463345,-0.07658466511324614,-0.05472556788947595,-0.07108454559975236,-0.11544246693931673,-0.12503567126435275,-0.11233750300529477,-0.08780525279299962,-0.05854591955846624,-0.05308621105567614,-0.045215574750641946,-0.01310993388764232,-0.17243349086989082,-0.11726601770798958,-0.011633009647636113,-0.07331433253507758,-0.03712645063524458,0.032903966210453786,0.03605589868097545,0.025304190788532948,0.07197139394068121,0.0640651585867834,0.07171472882880948,0.06792024752262846,-0.07610430886101234,-0.016923993331537553,-0.05494824793349836,-0.015358848065195245,-0.01278259393544674,-0.050692868404959464,-0.08747555204903575,-0.029579282221289135,-0.08570059530796656,0.0012791710086386596,-0.04954431125020686,-0.055251085730383294,0.03135035532433324,0.06590963261552125,-0.046643160112165155,0.03448488862950945,-0.08317143067149896,-0.014793432327229399,-0.10195619586982296,0.16927727131517148,0.08151759326993568,0.04253327160220905,-0.005663834098334661,-0.05873130216603816,-0.09480770170919459,0.3662924085181116,0.12598617281419858,0.5090026566638278,1.0,0.7534973516645416,0.3996342098463144,0.4603639530274652,0.03013050509264526,0.18542603397159682,0.1592968282058906,-0.014315715334243783,0.2734595016165208,0.22388324652472733,0.1312780406806522,0.20309885932907196
C7 GM right ventral horn,-0.008558378614026706,0.001673862014080877,0.01824067322178866,-0.015405445409175997,-0.008130254302899917,-0.0024667096374482566,0.010575143768535107,0.007675332714540475,-0.0064559912039251115,0.02857140656325381,-0.024487518689077968,-0.03808801501125859,0.04655204953516139,0.00023555126525684228,0.012380297570144501,-0.03901306242638147,-0.044769850345431385,0.01568067883552288,-0.04113871580376026,-0.06606430517024751,0.04185261969430645,-0.03953463542494932,-0.05127171310485369,-0.004725998699830402,-0.06322531993035432,-0.09309277671523299,-0.01654462931312728,-0.02874462262633556,-0.017643696856030806,-0.029707759704745765,0.058863940143283604,0.07735914232330124,0.047335205134540564,0.04759040347654009,-0.0010759477374457486,0.03694206461714499,-0.029006411004416605,-0.02514680368631016,-0.06112948876260129,0.05567687044055948,-0.01626562690769938,0.05992176528929874,0.013274295679180195,-0.011506593420600864,0.033661675209363175,-0.001474390761367327,0.08067818443345952,-0.004199381435021305,0.0027954662300439044,-0.040499001943695906,0.0007504740368048556,-0.0448689120309577,-0.060098855275384735,-0.03668171192093081,-0.014860982001588212,0.022177128000733425,0.0017712598292791927,0.02793940972111039,-0.09489116991275649,-0.0619958840943265,0.03454276317889539,-0.04065949937294643,-0.006380040563445369,0.05605936114985702,0.05865737162961066,0.03317409629532266,0.06486045191640114,0.08951870442085681,0.08857108589481992,0.08010670420726022,-0.09829611581467337,-0.04361557634223561,-0.055106930008537065,-0.059236971949136574,-0.05017580562318085,-0.07448696433166817,-0.10573696700532945,-0.05095232348564984,-0.08852921246398618,-0.0005907270495648576,-0.02312709721061251,-0.04655261645647961,0.026825983516911373,0.07260847023216202,-0.0583094983892756,0.04384532364352999,-0.04953223434418642,0.012932331346855667,-0.0821992697281779,0.167385173108272,0.08107173105604439,0.02164668257338896,0.018241339947170622,-0.039932594850466505,-0.13426712030837223,0.15631806786813968,0.07621064852370531,0.4981066679716268,0.7534973516645416,1.0,0.39360323113768914,0.5158277086682231,0.019384486123336514,0.18805040030121137,0.15838981368445726,-0.025856866803605504,0.28025783896113476,0.2615181679666759,0.14302152946664626,0.21013058689939929
C7 WM ascending,-0.01132853548049765,-0.0054246533967180315,-0.017406045980037387,0.01210166884760289,-0.04578074994182097,-0.0393888050605587,-0.01739532013696948,0.0009552686222145491,-0.061298034571026505,-0.018266166353639604,-0.056953988500980476,0.04161288661480033,-0.02806942392572197,-0.0014500955813738622,-0.016119146201588275,-0.0025547848145061162,0.00547624439988232,0.021737587142711234,-0.0007664116774405698,0.06965619175801879,0.036392691867699035,0.009840743963275354,-0.005852230707793739,0.03333415881570214,-0.001359097222021804,-0.035194152433970234,-0.009272727348410654,0.018124309952090592,0.057330967571581515,-0.01660513369141578,0.06902319510632249,0.045911767305679405,6.575063141051003e-05,0.023814513771331643,0.01039576969226927,0.04857679929117033,-0.020357623825781688,0.01450761781407181,0.035231993537456964,-0.04695911631071182,0.012524974317716153,-0.03897855995123726,0.02324001185218638,0.05840178428921233,0.02393724684295012,0.051354233622912505,0.0134425084514022,0.024384413970983575,0.028742005833105124,0.01162868702386371,-0.04018776432124781,0.011216810308222932,-0.006544801824348727,0.09158108673048121,0.03688639622163336,0.04401586393287261,0.04680689959283654,-0.0025341562343520947,0.020003644321031612,-0.04561569259016317,0.04084869243248187,0.04500569747403744,0.15266887386302777,0.21821305656265533,0.17427657227142498,0.09961091966633957,0.16048789836751085,0.15830786132603233,0.24511217280316483,0.17030543738116774,-0.08109109763666783,-0.0199184381136263,-0.0637950080990899,-0.05411722324732228,-0.10430692433135258,-0.11511298038905513,-0.12009734638042843,-0.10632777505875302,-0.0585004053098902,-0.052055595323239175,-0.0573478226263117,-0.045785973094803645,-0.04989622302867596,-0.054310960768662334,-0.14331837703731998,-0.10031054843347506,0.024527449146705224,0.048561913883776515,0.02013988449022196,0.08221446304997794,-0.0077110942998898455,-0.00895650752747792,-0.026981291090582286,0.042836379057724146,0.2430764875038157,0.42801922179561797,0.4896589651604674,0.3347866915996958,0.3996342098463144,0.39360323113768914,1.0,0.6486934843478045,-0.04334344552831691,0.18416764947663142,0.19507685627683866,-0.04633210280882273,0.24419318820891245,0.20448882691912001,0.2693831729610832,0.2550242858558923
C7 WM descending,0.07593379109241795,0.07636494706728295,0.024048289612087426,-0.0282806322314164,-0.011479345173467865,-0.08007317947293018,-0.007203599733468701,-0.024343394210855976,-0.06274917337861599,-0.002995979781549297,-0.07314774314414389,0.016929745258240713,-0.02576829555596405,-0.0516766007981841,-0.06520119476201346,-0.048719717418407325,-0.030943982471257823,-0.007116541124076458,-0.049912784263252206,-0.036859375637735434,-0.00047590754113398053,-0.08099333620998117,-0.03459474124826691,0.02146788014025423,-0.02082320213735145,-0.06428439146780945,-0.041662037501485914,-0.0314973152589755,0.025805818381730093,-0.026622113687748077,0.06370718961367385,0.14090283577124987,0.09040648161009411,0.0683098368468012,0.06318096251829229,0.05992404322064896,-0.0023064083619206833,0.02170224470232801,0.023138031987580437,-0.02085926464347108,0.025282836737843303,-0.01743651005267215,0.07765586509786723,0.04002726717156682,0.02239938899463251,0.06055171072098956,0.016378324403140857,0.03408079570228317,0.023180971872673737,-0.02400671249921973,-0.029314479030044253,0.04489920323563653,-0.055504049966178866,0.09231221635887202,0.07924878388638869,0.04455371122843154,0.028127795733743376,0.012648504552072977,0.011758414184173446,0.018292985070291923,0.0890157245473795,0.03918774248222882,0.13118841433166653,0.21819152807660364,0.2046545022184284,0.11154261863258452,0.1189772537564805,0.12537630061309774,0.2820840219642437,0.21699669466855281,-0.10239748743292838,-0.022893041987996993,-0.021333382336391198,-0.067987627437328,-0.10445152329694243,-0.1257916622845116,-0.11595644877655481,-0.07468840183701134,-0.012799984595375789,-0.0014176233760484862,0.030305082103471628,0.032203765789869186,0.015400350657557795,-0.027781230778422306,-0.06885829681977215,-0.09451860732331828,-0.04661236753356654,-0.0809423002904919,-0.1446647296927513,0.20631585137653202,0.0343897260276467,0.0008479246467122496,-0.017438776257153222,0.01694065668760181,0.05073473770724307,0.39137540770072304,0.4703356683179272,0.24298204446037244,0.4603639530274652,0.5158277086682231,0.6486934843478045,1.0,-0.09879133763817625,0.22663777618877254,0.2794437432334242,-0.07012981383235181,0.3426143738912939,0.2781353890138338,0.3464215659968619,0.3645208102293728
C8 GM left dorsal horn,-0.07697420510334523,-0.07632561582665964,0.005719110620688929,0.0016534619900202695,-0.03052486092181792,-0.016980873186052892,0.011365074164295127,-0.014616256850689256,0.11192701270740404,0.04092351622219969,0.11389557414272967,0.07354640175413213,0.05419088382898748,-0.09386400584597572,0.048969626933648584,0.09240891398531198,0.03190471463733316,0.05442647441679427,0.04972204322870786,-0.08279331626900796,0.03165736523886261,-0.027584020873096166,-0.01648250278370361,0.06657832914550875,-0.06317287547404138,-0.046146968158814104,0.02464230266226629,-0.005813651426041741,-0.012704199654702595,-0.035432142891992174,0.030339566608740726,0.09341997162130032,0.024263337646243933,-0.015261042355466643,-0.012598806228698502,-0.027888457183977294,-0.055421999542175464,-0.019270434333348133,-0.024702186850009553,0.013424762963356757,-0.08054111198223622,0.062470437170698674,0.01943444591192818,0.1108335152875299,-0.005236472160131727,0.05523959306598135,0.08891213708534337,0.03346066488212491,-0.018151700291199908,0.004647702177552633,-0.017368354960053994,-0.024596978349805305,0.11648205287642106,-0.04437260272221879,0.04143485719629659,0.01734470527735845,0.009899464470392767,0.09014605606875023,0.034983632119446176,-0.08673745657450624,-0.01697429055039511,-0.019711629422672922,-0.09124816063337497,0.028402162571771167,-0.010070106526585182,-0.03564284232815212,0.07243396423349356,0.07132890048630654,-0.10660486389513915,-0.04629911898583647,0.1817647149027928,0.15466064154605486,0.1833132215923365,0.07932030449428887,0.05547550321752396,0.0644721487989809,0.1029635026413408,0.1277738652111177,-0.029241449313173313,0.10060545281758185,0.07536053540121511,0.021201693654561017,0.11336043492865006,0.08887236152428847,0.10065092547645327,0.109419235537152,0.02528652144976022,0.14634101361291868,0.13484631683156698,0.029056310440468285,0.13850604668543826,0.10332600529043806,-0.021790271140000813,0.009926030871900053,0.20788397897086058,0.056529483395679946,0.04203464616274972,0.11690064588323261,0.03013050509264526,0.019384486123336514,-0.04334344552831691,-0.09879133763817625,1.0,0.534520531431376,0.5020948610108781,0.1551135184000139,0.05542009432093655,-0.01754087265871263,0.24334815381632816,0.19358710840382082
C8 GM left intermediate zone,-0.04463095775680588,0.024520024151361647,-0.045768962533117706,0.022855356458918348,0.015834782391865417,0.06522833932044067,0.04638078163477732,0.013679052323766717,0.12129877358422148,0.07068442264202775,-0.02883758661643599,0.01962371900082336,0.08021812647911647,-0.07558450246377131,0.01718719337721728,-0.07379301906808425,-0.06860937326689918,0.015411053606886027,-0.03265996671490898,-0.09613376975114242,-0.057357969491292786,-0.09104801137236922,-0.055286322544814186,0.05668007229474072,-0.12265195518142587,-0.13318583945865567,0.01373640797326139,-0.052305849761819505,-0.05296016262488218,-0.057981799801671646,0.06468317464820891,0.09802618499350543,0.12255335727061671,0.05155833080057763,-0.016966714191981234,3.6740834939700385e-06,-0.02457011650938928,0.036495091296624885,-0.07121850316742605,0.059854553077838796,-0.09322800166220323,-0.036642328209118655,0.011320572422943181,0.0054535120977323584,-0.06159425612219097,-0.028562046803335024,0.022949860340558684,0.005987796490603863,-0.046692654772447426,-0.0341191281537726,-0.05042421999978268,-0.1077288561980544,0.053037066214937416,-0.07460305594466139,0.025633662176542994,-0.034526826338904415,-0.023450535918856177,0.057623446137787825,-0.03043750942328354,-0.09878523077533115,-0.008422545737257684,-0.030129209513574517,0.08567351698329248,0.17394343985025545,0.11484365283979095,0.1186552752564506,0.20681729636078508,0.19150407970478533,0.10382791472931076,0.14337196645663486,0.0828939545750749,0.11209040077565266,0.13754175804340857,0.03563986240142606,0.04996147491796796,0.06698369556967856,0.08101948839216692,0.13779590400495983,-0.020526405553381123,0.08587515467172477,0.038486280036661435,0.019675752418370076,0.06063949756191416,0.020972080083344707,0.042673858804165056,0.004338947540456293,0.10028202456793717,0.12632792469444676,0.043468020360907855,0.1376513829724661,0.14336887468534265,0.112500646066462,0.10722096025129423,0.1013220160426084,0.08262787341697769,0.08382092245953737,0.03316557016840773,0.18605129577107346,0.18542603397159682,0.18805040030121137,0.18416764947663142,0.22663777618877254,0.534520531431376,1.0,0.7640831700268615,0.1428626501211634,0.5011273645433454,0.3760031607803208,0.5650005083187838,0.6813363994995777
C8 GM left ventral horn,-0.05110742934101063,0.020463451681583207,-0.08330779354765627,-0.0372020278327415,-0.014944673823406321,0.04082308044533768,0.007995270792030893,-0.009899017780245536,0.10572148219643139,0.03915632480775319,-0.0632665402513746,-0.018557651040107797,0.0031343758747786415,-0.12267670086844755,0.008995289860867391,-0.06887123492051116,-0.10688226701083475,-0.025586275400106055,-0.07948036803528503,-0.1331069173030537,-0.11069747468027087,-0.1535494018843253,-0.09225082258152537,0.000382663354980461,-0.18041558339752686,-0.1995089052198398,-0.009692961170046734,-0.11810486749280928,-0.07693774017511919,-0.11459044195950108,0.06833021156683663,0.06810085417036307,0.04411173349887647,0.03358532398058676,-0.05662670306319275,-0.04030125280350803,-0.04967492557921776,0.015104832819416816,-0.0846545640199273,0.052132047530536185,-0.12540436989912798,-0.031657142477614864,-0.043706670151403074,-0.031182341220569308,-0.09938288463481353,-0.030311095363383566,-0.026644250707792767,-0.03384238383427031,-0.10768485336515367,-0.0993850958403553,-0.07926625202998781,-0.1281019861507283,-1.4538542160474937e-06,-0.12611010901317993,-0.0015805915734165169,-0.10809519969185152,-0.0877657040844282,0.006247674632230258,-0.05020154979094756,-0.16980340336065688,-0.06071465265392264,-0.08536838334275867,0.0891581307261382,0.18468103742634429,0.11504774502070313,0.07781827153648939,0.16578140107263298,0.15994971643781966,0.07978917591805018,0.135790827244196,0.08523998258652828,0.1392129706967644,0.13148358339337057,0.01635968129588392,0.038633600417785414,0.024358910716922748,0.059681863143441274,0.11263756802896516,-0.03724174686490876,0.1277039489654353,0.06896132444081417,-0.015265566693319122,0.02294895180294694,-0.05665438985255667,0.013142617362218667,-0.03572849701090315,0.05488446274999949,0.08313314657839109,0.026967308124187205,0.12168708929586194,0.10626544772321994,0.10059437413722032,-0.007871107667074093,0.07186369698896847,0.0594524512032412,0.06988282159241015,0.08277760854018133,0.17831560477426783,0.1592968282058906,0.15838981368445726,0.19507685627683866,0.2794437432334242,0.5020948610108781,0.7640831700268615,1.0,0.0813558225427842,0.3504223242573622,0.31279015131477306,0.6130679995892258,0.7080348120832511
C8 GM right dorsal horn,0.059442848389336146,0.16502070588641304,-0.019260303768948626,0.13265396319728945,0.12077388892099679,0.032103356572400904,0.06844802427880495,0.09941896546131336,0.07002698077427938,0.09859944479511124,0.09395165002409545,0.13883645516144721,0.07803754504279754,0.016116948913224797,0.037375508498301964,0.0906534007793229,0.04911288188302589,0.12325524453390485,0.10148248836440413,-0.03451212356768316,0.033023568040990305,0.035435225277676057,0.04731518639680415,0.15096894797985141,0.06655730591262045,0.04019437512423733,-0.03465657282427093,0.12614439304734576,0.047593705983756965,0.10643334541737033,0.054392836540541355,0.11951262481794674,0.13688399829372558,0.0937516022433865,0.1610906023313126,0.09645140671948162,0.12922685541859927,0.12509021500833736,0.09560532065351181,0.07101304704773953,0.07577276606013372,0.08522269985413443,0.04760565138468135,0.11571121908818567,0.11286942639346023,0.1322016975066959,0.00946251347418419,0.10330279267583753,0.13386556789316512,0.10167214369847107,0.1155148080171752,0.04881033195356809,0.13745579325484367,0.042805528017100684,0.13243117051286815,0.14708861761010555,0.11566197892297926,0.03206396943984284,0.13993347324719593,0.049154285214688204,0.13746089237593642,0.13935327030327596,-0.07042319026510714,-0.028921757889577793,-0.04946796328545335,0.04707225737912098,0.06196956395620348,0.02298367286684945,-0.041369207945024467,-0.03862446211726916,0.045772159043784094,0.008755097063575771,0.04528874930767697,-0.015639926550637305,0.01830480345334268,0.05481998585639111,0.03485139118313277,0.043677239012813875,0.005866801883191327,-0.05291240052617179,-0.01678240572170611,-0.02796541698485638,-0.048217240668827384,-0.0031479809797805057,-0.06672432824821242,-0.04941612693296762,0.1098679958983089,0.0831266065655052,0.06892738251281892,0.12117146564545467,0.20207553232179926,0.22100126336139944,0.056011757608795704,0.06661026950128339,0.04022571159075528,-0.038349122611842076,0.0009718351095722118,0.16116263423528188,-0.014315715334243783,-0.025856866803605504,-0.04633210280882273,-0.07012981383235181,0.1551135184000139,0.1428626501211634,0.0813558225427842,1.0,0.4627517371030727,0.44300817313733576,0.2953329546722255,0.2266829221342713
C8 GM right intermediate zone,0.05795549687796037,0.11554520934186481,0.009510807384834603,0.06816559688269536,0.036817709634845486,0.022792131940747976,0.0091671706980509,0.032401877257486875,0.059352160501027276,0.06971005522367577,-0.033623161619515986,0.07569842372031099,0.03911894638786623,-0.01681196667893618,0.0008659088841446307,-0.07210593055784913,-0.04054703868193839,0.03116526866304828,-0.027032203015454552,-0.033864921341940066,-0.04605713206363682,-0.0041910322316627705,0.0024504083195049714,0.06447803665210966,-0.035332658756679416,-0.0702951260221491,-0.04688024121571575,0.018636927783146247,-0.0017787686009591408,0.030183072196374748,0.11503278558519955,0.1208518877689785,0.1493643960995311,0.09106602448693603,0.07350297941147259,0.049947525332742555,0.03201163862686487,0.06795741818806951,-0.021121767227666052,0.06899719461196342,-0.0064971150068336885,-0.012827338268068965,0.030272925573877698,0.0651747819512466,0.005247179126932026,0.019867992351354707,-0.02419768437485526,0.020160269342172406,0.05984258052965767,0.035767812555818804,-0.040491527638501765,-0.06988144092086715,0.0664241166582148,-0.01540649673922654,0.04957570388549901,0.038119663587678695,0.057323091956463554,0.05042779859813586,0.04817314070939569,-0.024232093174093042,0.08208801285108414,0.05237075975479496,0.04826599954615498,0.13483714502617167,0.15595728683937107,0.10679173097526905,0.09600507469068519,0.09493742949237234,0.1572114511103802,0.16385267407098617,-0.05209789932987341,-0.024100789561236114,0.0032071536735658376,-0.00829203905613042,0.02264247458344163,0.058850801469785295,-0.02670080083125501,0.032181353393465756,-0.0012699959729645506,-0.0463859128020798,-0.04190291584009437,0.026730547914460466,-0.035274343628562806,-0.03539774542484437,-0.07289700721729366,-0.10576839106600906,0.06145559590219863,0.03874445429630951,-0.04619321757989109,0.17908391525455952,0.1559192114396076,0.12804747686474832,0.09762298334532614,0.117521609899754,-0.02941505003954694,0.10778000701303024,0.061770683602372305,0.21887707929860484,0.2734595016165208,0.28025783896113476,0.24419318820891245,0.3426143738912939,0.05542009432093655,0.5011273645433454,0.3504223242573622,0.4627517371030727,1.0,0.7983601548382512,0.5975305002728072,0.6645776675007499
C8 GM right ventral horn,-0.007453996534510322,0.06551417972959347,-0.11773614101619645,0.011329648228472712,0.017870362622509905,-0.006740559426958965,-0.026912884589410883,-0.0120112609749454,0.05895907278286976,0.0313725356828272,-0.09102818600015561,0.0003291298732744426,0.016734743165338607,-0.023484529513781948,-0.03259558881074842,-0.07843931287043424,-0.11447910857093796,-0.029441679285955005,-0.049055468681223346,-0.0586508797375558,-0.06615940373481384,-0.05342604720872397,-0.03587255643650658,0.0058101846000964226,-0.07304694553301555,-0.12190882260907103,-0.019987248313635606,-0.005160377396320521,-0.018452299754853116,0.0319681021570573,0.08507235564758783,0.06685599827360575,0.0671687223577116,0.044819737722096464,0.05598518847013988,-0.0013765728571548935,0.03203578633539947,0.035357556751987075,-0.05410938785553294,0.05257707141339398,-0.03594017148442125,-0.0005844053110116198,-0.0315712249663065,0.01106201375438788,-0.022225743343650385,-0.017976686043187324,-0.050053786164767265,-0.018678747544322534,0.02768043817673831,0.0017368777032834726,-0.07820472236877272,-0.142342595263321,0.007290891991594994,-0.07328055010032307,0.0010473457298837256,-0.019156861511548776,-0.0018455557296023154,0.04592263958231696,0.0011759984577370147,-0.0710524638338115,0.06371503958752353,0.02384763941347871,0.08109841174548933,0.14366796035969648,0.14526753673594522,0.08344531268427764,0.11343260487954372,0.08647493326381331,0.1442773949203903,0.13934444845715627,0.03660499635145772,0.04633931594915981,0.05981946403138427,0.0291648063233199,0.03700998193077081,0.05839422997952149,0.051363977615334955,0.07479782953729847,0.04759799618699019,0.004875836460907053,-0.007067458644748189,0.021175300018349906,-0.016310899046517464,-0.028066785018442904,-0.07692184956493896,-0.10086838405720767,-0.003812455762687468,0.05822740192822106,-0.0320882948048588,0.22464139920697654,0.228076691115192,0.2079504256016684,0.046982856419488114,0.09085652594307204,-0.05011230781401499,0.037978311679598656,0.013033166285635906,0.2637128585715431,0.22388324652472733,0.2615181679666759,0.20448882691912001,0.2781353890138338,-0.01754087265871263,0.3760031607803208,0.31279015131477306,0.44300817313733576,0.7983601548382512,1.0,0.5453557610363441,0.7115374038472064
C8 WM ascending,0.027035587343969866,0.09573508615389112,-0.04180294178799118,0.060045539227977694,0.055695719725919454,0.03010146222168515,0.06730741697607212,0.013433040354673397,0.07634024528355854,0.08456287704509773,-0.05894669532582298,0.01159948123461491,-0.01962223264506937,-0.06089811890232604,0.02182995732431627,-0.040431819042009036,-0.10169848225861877,-0.018143669872205868,-0.08917867393833742,-0.10394035687659897,-0.10771674712815194,-0.06083037422050931,-0.021457135337941222,0.02211349852896619,-0.09014285346715024,-0.15111004921788487,-0.08028842164963718,-0.024050667552502798,-0.03434708808704261,-0.05154014784436073,0.09758927653185626,0.08442299151573687,0.10664672325597187,0.0656717140492119,0.01464734549512996,0.006884196530958138,0.05321328603863935,0.0764059248423515,0.006831704014126546,0.0736764602388223,-0.020371543983289452,-0.017554644028832226,-0.010859042846693924,0.003982603786662066,-0.031507439623630173,-0.01261971951689333,-0.07603319693939316,-0.00680505643534501,0.006290776242820061,-0.01753144891652347,-0.043438339390353076,-0.09031535448175743,-0.02426703161798647,-0.033633062331722835,0.01992023184789054,-0.03474388320060365,0.018685426758578625,-0.028203677606038924,0.06372021099187519,-0.07692047496643929,0.011015156321441393,0.024067094224915563,0.14877466278739684,0.23090447644790676,0.1866994485557297,0.12954926708263498,0.1953074970864139,0.17984334200518826,0.18116788939134193,0.21186264091461118,0.07301743968607718,0.10774417408601364,0.09749606092217421,0.021136853346257842,0.016235372139568553,-0.002909306432796287,0.002117810123113029,0.04272967841229971,-0.05963090254001204,0.014841215003246698,-5.269322925786856e-05,-0.02084115435010824,-0.0005738377699481389,-0.0629165598670174,-0.06373164724080649,-0.09731330411163643,0.03879152449743835,0.041834346632442614,-0.026973146001123043,0.1762456718610485,0.13784799642515558,0.1187986617259067,-0.004448798420147425,0.06750873145916082,0.03078704842167756,0.0801471376035149,0.10607972229961647,0.18166828512098987,0.1312780406806522,0.14302152946664626,0.2693831729610832,0.3464215659968619,0.24334815381632816,0.5650005083187838,0.6130679995892258,0.2953329546722255,0.5975305002728072,0.5453557610363441,1.0,0.7202995123995936
C8 WM descending,-0.042070699841848753,0.06183917419186193,-0.1382540778040309,-0.01627433634570186,0.021818949489787,0.032282739635244605,0.018588959256762395,-0.02343843497862042,0.07988407414661432,0.05426598739020882,-0.11852846038931523,-0.040727650313510874,-0.02026915441646125,-0.09700424463682746,-0.031046385231969786,-0.09454478079750743,-0.1657912925589569,-0.056491240666504586,-0.12378164720914775,-0.1454018992692842,-0.13825157988648612,-0.149219264480855,-0.0988365890590364,-0.025924297411120574,-0.15484556697446386,-0.21110132740185467,-0.017451783693295767,-0.09733591207821728,-0.06507350900438857,-0.0639724451664359,0.06281056748521928,0.037981232929951834,0.08152571147317482,0.07312061514959027,-0.010387680134083196,-0.013289303018186866,0.013142872576675504,0.056227228465746966,-0.06984040892314959,0.06776059863302195,-0.08082246824501453,-0.038974348081050256,-0.058601740558471255,-0.053975048572402214,-0.06860780510150022,-0.06401083340110356,-0.07788879375116603,-0.060971468756216306,-0.04983742889421205,-0.07125883050032816,-0.11673088856118505,-0.18050038677917335,-0.042839493489715316,-0.11899790967281391,-0.022770077181248367,-0.11556701001892081,-0.06450213504290486,0.016487441616942877,-0.04080487917356641,-0.1490263829947844,-0.009127190539353056,-0.049645966110722195,0.11656203877579153,0.23433122500895134,0.18875507553217488,0.12216084614956003,0.22677858723888616,0.19885517976657682,0.18436375199712043,0.2334862926119642,0.09190864875832061,0.16455231952007948,0.1630479837587169,0.08129357322308133,0.10120527387125099,0.10698380994971336,0.11520912505602664,0.19067885344582902,0.06787492415662612,0.09997378129974695,0.08282489331599785,0.01619775169694727,0.02036434938562178,-0.04391911843815908,-0.013657172147133521,-0.07378587054937573,0.05836108108665034,0.08389760721074513,0.011417506699720874,0.2199436787288639,0.17580189596949536,0.16827585423759775,0.030758511123379323,0.1046794745816704,0.03450148302257445,0.0646979166740672,0.05605181316463145,0.24161294086935184,0.20309885932907196,0.21013058689939929,0.2550242858558923,0.3645208102293728,0.19358710840382082,0.6813363994995777,0.7080348120832511,0.2266829221342713,0.6645776675007499,0.7115374038472064,0.7202995123995936,1.0
