,7Networks_LH_SomMot_8,7Networks_LH_SomMot_9,7Networks_LH_SomMot_10,7Networks_LH_SomMot_11,7Networks_LH_SomMot_12,7Networks_LH_SomMot_13,7Networks_LH_SomMot_14,7Networks_LH_SomMot_15,7Networks_LH_SomMot_16,7Networks_LH_SomMot_17,7Networks_LH_SomMot_18,7Networks_LH_SomMot_19,7Networks_LH_SomMot_20,7Networks_LH_SomMot_21,7Networks_LH_SomMot_22,7Networks_LH_SomMot_23,7Networks_LH_SomMot_24,7Networks_LH_SomMot_25,7Networks_LH_SomMot_26,7Networks_LH_SomMot_27,7Networks_LH_SomMot_28,7Networks_LH_SomMot_29,7Networks_LH_SomMot_30,7Networks_LH_SomMot_31,7Networks_LH_SomMot_32,7Networks_LH_SomMot_33,7Networks_LH_SomMot_34,7Networks_LH_SomMot_35,7Networks_LH_SomMot_36,7Networks_LH_SomMot_37,7Networks_RH_SomMot_9,7Networks_RH_SomMot_10,7Networks_RH_SomMot_11,7Networks_RH_SomMot_12,7Networks_RH_SomMot_13,7Networks_RH_SomMot_14,7Networks_RH_SomMot_15,7Networks_RH_SomMot_16,7Networks_RH_SomMot_17,7Networks_RH_SomMot_18,7Networks_RH_SomMot_19,7Networks_RH_SomMot_20,7Networks_RH_SomMot_21,7Networks_RH_SomMot_22,7Networks_RH_SomMot_23,7Networks_RH_SomMot_24,7Networks_RH_SomMot_25,7Networks_RH_SomMot_26,7Networks_RH_SomMot_27,7Networks_RH_SomMot_28,7Networks_RH_SomMot_29,7Networks_RH_SomMot_30,7Networks_RH_SomMot_31,7Networks_RH_SomMot_32,7Networks_RH_SomMot_33,7Networks_RH_SomMot_34,7Networks_RH_SomMot_35,7Networks_RH_SomMot_36,7Networks_RH_SomMot_37,7Networks_RH_SomMot_38,7Networks_RH_SomMot_39,7Networks_RH_SomMot_40,C3 GM left dorsal horn,C3 GM left intermediate zone,C3 GM left ventral horn,C3 GM right dorsal horn,C3 GM right intermediate zone,C3 GM right ventral horn,C3 WM ascending,C3 WM descending,C4 GM left dorsal horn,C4 GM left intermediate zone,C4 GM left ventral horn,C4 GM right dorsal horn,C4 GM right intermediate zone,C4 GM right ventral horn,C4 WM ascending,C4 WM descending,C5 GM left dorsal horn,C5 GM left intermediate zone,C5 GM left ventral horn,C5 GM right dorsal horn,C5 GM right intermediate zone,C5 GM right ventral horn,C5 WM ascending,C5 WM descending,C6 GM left dorsal horn,C6 GM left intermediate zone,C6 GM left ventral horn,C6 GM right dorsal horn,C6 GM right intermediate zone,C6 GM right ventral horn,C6 WM ascending,C6 WM descending,C7 GM left dorsal horn,C7 GM left intermediate zone,C7 GM left ventral horn,C7 GM right dorsal horn,C7 GM right intermediate zone,C7 GM right ventral horn,C7 WM ascending,C7 WM descending,C8 GM left dorsal horn,C8 GM left intermediate zone,C8 GM left ventral horn,C8 GM right dorsal horn,C8 GM right intermediate zone,C8 GM right ventral horn,C8 WM ascending,C8 WM descending
7Networks_LH_SomMot_8,1.0,0.7857918966377513,0.7931988843996104,0.7281281366808404,0.6904454469440398,0.19479967722002914,0.5441856820965636,0.6215326175711582,0.32920524895228476,0.6045501407527298,0.6460090373067414,0.7003126167045822,0.41897783064972605,0.48412822738600575,0.5300722559402365,0.5956275478327743,0.6167180430740093,0.6611087367765072,0.5857327547097646,0.4973276823124257,0.4209938531363786,0.5805313383145861,0.6118973878911678,0.42005607749068785,0.5302389980830992,0.614847582115139,0.5693823678686157,0.5738686445771312,0.46870838571150414,0.43260879920113204,0.5827085139338988,0.668817249395266,0.7924843290271061,0.7511946825428244,0.6890926403601659,0.7788527710685964,0.446177143762687,0.6681413889530978,0.6484104399729098,0.6362634439571491,0.6048855770533693,0.5349941312332627,0.4821100314984932,0.6712577458859315,0.5367610701804081,0.6775216472528707,0.5025028853963923,0.5548608139762382,0.5226245637210154,0.47729599995742134,0.47838779140372767,0.6238356083964004,0.5496401764458448,0.5493746971723372,0.5227860846025866,0.5761890886314076,0.4077795865344012,0.5273175992795299,0.3985153797193548,0.48569963309146025,0.4111693728371157,0.3821592942614062,0.007786351576061783,0.08958449090648689,0.0682388907377354,-0.0752112059661756,0.024929013319276844,-0.0006056270323855584,-0.07632959691091613,-0.00813144105980081,0.07668807806210762,0.06783843305637248,0.07336716210380603,0.07937121659014608,0.09767863450622088,0.12831553491945347,0.09780849079853972,0.11185127299455427,-0.010602872054372646,0.060707964338544654,0.04688685831713312,-0.07966200563779766,0.017466098647682893,0.023911446549881768,0.0012187362775315505,0.051337998658680134,0.07176526846271963,0.08883503649563171,0.05585238509650489,0.0896350181139837,0.10956936158081597,0.05348592551746215,0.08337180330914841,0.06750574624023185,0.10965986361779922,0.07217927350967077,0.1466601932426369,0.007673003906163953,0.07495539658935574,0.12724857462305378,0.07190889962490152,0.1223761517523143,0.060050632344839705,0.06609910316626444,0.03348864804125509,0.125773158241703,0.13670087166590433,0.10098192503661217,0.06242083407894234,0.04431213964642056
7Networks_LH_SomMot_9,0.7857918966377513,1.0,0.7717644423454799,0.854609830340319,0.6185603181567902,0.10949802957072888,0.5127778309366308,0.5558701640632416,0.411013000722941,0.47170957055959134,0.6154813813638124,0.6460084317918955,0.3688450025652628,0.5361489540935004,0.4501663713829635,0.6689655985969143,0.7065813255865349,0.6488736362096478,0.6228635346134692,0.6665150157088705,0.40532914694938615,0.701025603639666,0.7130437637296445,0.3941478809643106,0.6971416733535111,0.7056613995135484,0.7030997977791923,0.5778518165394818,0.6477187711372732,0.576053182248345,0.6201153210930561,0.7092809053236447,0.7481803053406926,0.8649987153614221,0.6708752392523022,0.8479835032546,0.49237181963802246,0.6490812585920461,0.6523406317290036,0.5363279767420274,0.6678738735005458,0.5388280312276154,0.35364062457890594,0.6305696782688783,0.6627074925498836,0.7202736013076677,0.46061978116627206,0.6464028664580845,0.6424415360541639,0.537222784933045,0.5608740279689599,0.6953369141441276,0.6728736520873774,0.6924369742528974,0.567305573232277,0.6323682270544241,0.4931531345845958,0.5463409735597721,0.5736413964031495,0.6652406793495763,0.5969848106099477,0.49553489154247665,0.06747877333520576,0.11572312452032764,0.0914802285572757,-0.0011932195056571129,0.022254924300705064,0.022605567263445283,0.049812951697470104,0.06133127892902652,0.0440403435177184,-0.007250844510014603,0.011357765221901255,0.08246973181743307,0.06288341063086152,0.1075157815973297,0.07170015697608588,0.07199434511526828,0.07028214113687796,0.11405654020093565,0.0878778707933067,-0.011816936900109173,0.059632303035864434,0.060275487890130666,0.06078084372630445,0.07778193141501681,0.0683175241689934,0.08457763348659342,0.06249249545478501,0.04578681619039231,0.07879201326979605,0.03315593927190536,0.0536996203930788,0.06502547814398629,0.1045137270813362,0.11953647764821135,0.19372706705603604,0.02097866185718003,0.10112416409830965,0.09071243372001261,0.04207057787182044,0.09356473792496545,0.06612104977698441,0.06264034188191085,0.07094706489672778,0.055037304728708485,0.09027595823630705,0.06500398521776188,0.07904199391797666,0.0734338307783461
7Networks_LH_SomMot_10,0.7931988843996104,0.7717644423454799,1.0,0.7707480838543815,0.5992655076334997,0.11261954824100771,0.4906834749998648,0.5017161951282183,0.2532344025322772,0.5216242566960929,0.6301821110494191,0.6631180866592621,0.32261053130571293,0.3409223763711708,0.45731888796139564,0.6161973178733254,0.6569409035051629,0.6543969851083403,0.546677271744249,0.46040355266115157,0.36672948838768604,0.5295908134761445,0.5288667688954244,0.423235419222567,0.5837712676660731,0.6597660470165345,0.5505746450645723,0.6283725834200212,0.4833369391966425,0.4859433451355908,0.6151753156963945,0.7501141697710672,0.8185825373123143,0.7637235589713847,0.7806062324929941,0.7348754390536069,0.39535889190617457,0.612327810768158,0.5531106226908705,0.5845435157483367,0.5113757298341235,0.48451801033719905,0.3619816810419903,0.6408740799081819,0.4473566401415129,0.7153640130415874,0.47311075923288093,0.5282954782431606,0.4778654862380425,0.41813506457204674,0.4786699359368888,0.6830541884027331,0.5158192255558475,0.5636661881313156,0.5988080640793415,0.6366511126409947,0.4443080932704293,0.49844639071084906,0.379475983905189,0.5374359254234168,0.41194895700968454,0.407818832713537,0.004760116758332796,0.12576214533794655,0.11448762218435873,-0.08017688620922513,0.04608219666962144,0.040124965823100614,-0.05932144495169808,0.005248096073075978,0.11465154691773795,0.10570812666744026,0.11107359488518757,0.11678725344836,0.11122297228114789,0.12953414368680707,0.11564014938232273,0.109415936750628,-0.029787621644947516,0.018338423697511423,0.01947593824846076,-0.07541335478495273,-0.0009279017966666242,0.02863070227282521,-0.006876346464724527,0.025091225030444444,0.07419249167873677,0.10573634261922238,0.07681174350128356,0.05420649669557949,0.10909027465000026,0.08577016585339811,0.11548148732938537,0.12186981499916168,0.08710200275367952,0.09333321098347602,0.13851849402673255,0.04122255489078048,0.13353153455779407,0.15121767924856824,0.10268016986612209,0.16687043425285406,0.09254571847480023,0.04376544133457815,0.04539347926528721,0.1482739679272469,0.11668655066341267,0.09592490170806887,0.11489444463018698,0.057896997639534216
7Networks_LH_SomMot_11,0.7281281366808404,0.854609830340319,0.7707480838543815,1.0,0.5869964396589135,0.11958886514679663,0.5120214105278981,0.5015955383369086,0.4099936983669141,0.47393683719888485,0.5661432568239876,0.6177554516395302,0.3157631648747787,0.4532536746365021,0.4157987453978058,0.5953544905470272,0.7079267103006931,0.5675361225597232,0.5784912474500903,0.5992161391367988,0.36670131144157614,0.6444409371055827,0.6431561002698007,0.3733703937741905,0.6324953999649452,0.6923243757648507,0.6281886954498161,0.543385568795007,0.6360675693711977,0.5512425516248305,0.6120632437884932,0.7072901834454179,0.7371329607535143,0.8672106537444647,0.6971875544452136,0.8157549212885661,0.44155692186459555,0.6757285572195524,0.5598638466603013,0.5818337687594831,0.5392936536523945,0.527281733121753,0.2667251305955429,0.6435019133324988,0.5784059296917196,0.6841147459353563,0.45615221847857806,0.6657115312968294,0.6218358623342057,0.4175787173489442,0.5916531673439115,0.6230629182913965,0.6581934114979952,0.6147258879322776,0.5517843117465654,0.6287784357746549,0.44960893352563247,0.44334122796617575,0.523295582577063,0.6411244606218004,0.5658307085611702,0.4409125205472453,0.048117461303361704,0.13564562748087067,0.11518087687046126,-0.040224287183542325,0.0029788898643783803,0.007260378173586482,0.06985360929008758,0.014002249185588199,0.044970060825323684,0.01785903530645508,0.013829701660224201,0.12915820846873124,0.08144833873662,0.09036293610811166,0.07527878086834634,0.04600227936367333,0.061212494410353716,0.1022027747514811,0.09622287064024129,-0.0016723737507219004,0.04720116793013676,0.07215746704455368,0.06544856750106398,0.05653720630869809,0.012055381421302979,0.06980035462791166,0.04538899258606334,0.030889687538148317,0.0797235117821185,0.051931893785582016,0.04848630603970254,0.06834951157327653,0.11925958174897802,0.10137728551385816,0.16913220221762873,0.0541603928092723,0.09460253504320977,0.11000532287427855,0.05501759985432118,0.08810824031760152,0.0837084852014298,0.052970652324891634,0.051941718493941885,0.12367356866299666,0.09118877339281634,0.057331514098447764,0.10164501180923217,0.060690839805427665
7Networks_LH_SomMot_12,0.6904454469440398,0.6185603181567902,0.5992655076334997,0.5869964396589135,1.0,0.4271110294368447,0.6773560604813995,0.5136647980508483,0.4199735390384109,0.7038521003994472,0.6037064944314403,0.7313783454833511,0.4013902603528069,0.36958176386773567,0.4988122205740229,0.4819429511558088,0.5644993459858176,0.6470460143724973,0.5321981395235712,0.3778767210995092,0.3966967633869873,0.4787764943948033,0.5004269723467588,0.44609923358722253,0.45107736293071116,0.5584371060919117,0.447253868232861,0.5793771346525833,0.40474042021501827,0.444749867028296,0.5359410079604239,0.6239710571673056,0.6407076101531831,0.6092627633023564,0.5559380328019188,0.5734868642679891,0.5258521030818878,0.7103921817559125,0.4995860302904427,0.7299964319635476,0.44373509466627326,0.4958533513050422,0.4616766864921042,0.7536564780804107,0.4433448689013009,0.657323358517602,0.5482078627988908,0.57348260518014,0.4629250521596898,0.3825297953788571,0.5198677524058609,0.5723263703421166,0.487663902710131,0.46947027524191065,0.520669519069277,0.570553731442725,0.40338496999049445,0.44395918206300405,0.34292754883794413,0.4653807625768461,0.39562932371633164,0.33895125756535804,-0.009737865760192985,0.12328096334884225,0.07636623777238344,-0.06150276203601762,-0.014699173778936833,-0.041402192812364916,-0.08633631038230173,-0.012983240414239601,0.06064565940919146,0.06444481713205942,0.07934694990513243,0.06518281035751908,0.07972877724174081,0.10738948368126039,0.08875794774296498,0.1035588544232956,-0.0006579412839727867,0.026973251299638883,0.010105074486810542,-0.10372010859805694,-0.02643555123257622,-0.013470762092401254,-0.01082556453811595,0.01926995923855074,0.07653434077151533,0.09915588377410962,0.06772011332920798,0.07614603205567652,0.10177607577427937,0.07704392350732686,0.0564358322570716,0.07006370249914211,0.0849993015059704,0.06695755973415868,0.10261554201798294,0.03773519745393957,0.07116929714472885,0.10354643205011411,0.07744137593044371,0.09345723338980982,-0.002416481298158917,0.0023864319051531864,-0.04658070727940009,0.04988464106700005,0.06521315392129655,0.033801561631368424,-0.014963976346201798,-0.027219927359642692
7Networks_LH_SomMot_13,0.19479967722002914,0.10949802957072888,0.11261954824100771,0.11958886514679663,0.4271110294368447,1.0,0.5053145173776296,0.3767318885354788,0.3589990542406875,0.5056818292307835,0.22373840257565616,0.2941319906059272,0.41220137808490903,0.22691233319522605,0.20520441103278592,0.06192191022456762,0.10005361464632107,0.1965961269694152,0.26785564825471914,0.11997486510050388,0.3734041379391762,0.2217607013906538,0.24631551849634578,0.3644287424060593,0.10310765727472665,0.18864665083220167,0.19619793717647452,0.25995481960727607,0.1409595357471319,0.23709474297122063,0.1702977307847352,0.1399089572888716,0.09453302880455082,0.09135649394273956,0.08745599290964685,0.10957533549285602,0.2765661701846651,0.37786732520045196,0.12417218901739402,0.3852096843872063,0.07597853275261014,0.031303851923795215,0.297856757540393,0.24471162354907944,0.10609622273118481,0.1538662959168564,0.3050275305865392,0.21051757938369262,0.18697647875541015,0.13445333956415942,0.24647585453083964,0.13788544120321206,0.14800549889365214,0.04778245579855477,0.15032127575461043,0.18739257340506243,0.18059739371235678,0.1931306382799372,0.02004269928979944,0.14082606759865263,0.14701491587939888,0.16301414626189206,-0.12137810890488547,-0.025618344021368977,0.006356167266351675,-0.0689126075153765,-0.08447719255268354,-0.03219636454082887,-0.04591689930967652,-0.08339917690678414,0.05352953776595907,0.060592581822426606,0.0828476972830565,0.08291084751545863,0.027692361730971803,0.033356170160035274,0.05667327753613473,0.05260526591243424,0.04971035547624639,0.10135716001448399,0.05086451985868514,0.018095312191494593,0.14373041227712202,0.18502910081105642,0.12034527323333422,0.1388954423330762,0.02605961862589194,0.08793196042416296,0.027632251391336075,0.06416827975874957,0.09991865729284109,0.10260683351088637,0.04389714652443317,0.04934204386774681,0.0016328664636099859,0.02390657292320975,0.019864647505745806,0.06465798296924286,0.08224515387724898,0.03518765348761229,0.03999827901941494,0.0256589627384536,-0.021496799723755004,-0.020529773467480385,-0.03505659975265075,-0.016052185304985,-0.022743700933459104,-0.03448587415949014,0.00017901427815459624,-0.010705645298323055
7Networks_LH_SomMot_14,0.5441856820965636,0.5127778309366308,0.4906834749998648,0.5120214105278981,0.6773560604813995,0.5053145173776296,1.0,0.477172250261068,0.5281234977357193,0.7684666898201098,0.49613568851832457,0.6244174688850387,0.4711033205997925,0.36017029379589943,0.452699844993539,0.39908804940770937,0.5201359019499339,0.4749387086371669,0.5672565302009535,0.33913203472460596,0.5027075171217829,0.4509154999810376,0.5712489869781779,0.4483713253342197,0.43157108320133314,0.5290041384664391,0.5049543015767883,0.4370367674432451,0.351417794964181,0.44894581378735765,0.4444481376178131,0.5238930371302533,0.47879361589245284,0.5290419783177581,0.4157895073894702,0.464997149717389,0.3566300378079605,0.746616297139144,0.3491878157079372,0.7792372118191738,0.3148941336139142,0.3637955777629632,0.3750465521582131,0.6268796164752564,0.3921760437965694,0.5037418830720987,0.5727562916289124,0.6156045624087849,0.49587179679906684,0.3588182418668308,0.5859696651187083,0.45550942461192007,0.4911288122960166,0.3749013680454489,0.4320715735866931,0.5073671316172075,0.35414236528405096,0.29964844115118205,0.23790866537056313,0.4783441744356812,0.44625284810841975,0.3498702511753364,-0.03192944205922589,0.003137418561139702,-0.019130579606617282,-0.08753684357737886,-0.0842976129170214,-0.07238278259233093,-0.04479871409935842,-0.0803976498769724,-0.006274519370026104,-0.017134433301150474,0.0002384452157528373,0.04400304214305992,0.011304151030082484,0.03960146670050002,0.0666320712972908,0.013085236830923367,0.037395967589992724,0.06229749550891909,0.0500117206761358,-0.052746047214402285,0.044361278691412424,0.07879107890526223,0.052149456118305015,0.0760097568929718,-0.021134801388869293,0.03406281077957377,-0.015549345611628814,0.0686252616097245,0.15091453758999424,0.12383250220934819,0.019396362980907304,0.049772009327427605,0.10132364170903756,0.06653482881341824,0.12957280430354282,0.022049878086101656,0.064048857971401,0.06098238379139583,0.0850078877411127,0.05888888786481389,0.026535990530155713,-0.02574364907145819,-0.00827283801804039,-0.003100587791408914,-0.0339545604251945,-0.03529966402799604,-0.019509762193161983,-0.042447406885627655
7Networks_LH_SomMot_15,0.6215326175711582,0.5558701640632416,0.5017161951282183,0.5015955383369086,0.5136647980508483,0.3767318885354788,0.477172250261068,1.0,0.4216435744005218,0.5868843639312299,0.5173294511243021,0.5801957631354228,0.5607292921979784,0.5669866610951774,0.562915647821662,0.376590478536237,0.41602104311756344,0.5260161409254073,0.5248446232256638,0.46017083853651747,0.5190009867117993,0.5645263660397967,0.592301028942227,0.42709445180867195,0.33207399428987366,0.39784224013697433,0.5656837432038413,0.3885496865250058,0.365363345622064,0.3577558501147012,0.39724813059627934,0.4285915367965128,0.47039224338550817,0.5057519020463872,0.3774350621032797,0.5771044646553785,0.4822234490170683,0.5632098687593442,0.5879027991179494,0.4737882812109534,0.6299341588570779,0.48008054894826985,0.49207561456183774,0.524991069690171,0.543207232447064,0.4797089986394233,0.44277415378449964,0.4329877534027588,0.5353405756140744,0.48686965805350485,0.4250997988721703,0.35142341913717806,0.4895254533487248,0.2922016526734524,0.24604903994503022,0.36409824292988274,0.3724846505810669,0.4564518207008682,0.20966799761583785,0.31078693022962456,0.38437206396319024,0.27874378472657796,0.04730222950654165,0.10961119574435348,0.05707868255626792,-0.00853698081503552,0.011899761214796986,0.016875420906538076,0.02609479826069204,0.04678124503502712,0.04689563336291474,0.03423072499357996,0.0512713932516705,0.11689177939150218,0.02543784707162229,0.07393035314875213,0.08363865121310199,0.10798406697579942,0.09500757391752437,0.15696778720417806,0.1342226216543353,0.04133263620835004,0.14017604633124528,0.14469568125742724,0.16479770362696688,0.16208098845550764,0.03410333084281143,0.09199532054679489,0.04429645479055465,0.08686102027228251,0.16921095728086058,0.12005625821122838,0.10922276341214274,0.10510994891537642,0.12255833865954689,0.06466142626356683,0.10894664665852963,0.02059436255634442,0.06858468963250793,0.0306448566869843,0.047533148457704615,0.06991928273490639,-0.004233589812665378,-0.00797994056389469,0.026971791864858534,0.011183008850155858,0.045052015869417615,0.04554251075355303,0.012040519790405995,0.019039413134878842
7Networks_LH_SomMot_16,0.32920524895228476,0.411013000722941,0.2532344025322772,0.4099936983669141,0.4199735390384109,0.3589990542406875,0.5281234977357193,0.4216435744005218,1.0,0.4928247469069523,0.38348771641306845,0.5364800999252445,0.5385432151669914,0.3679785898614497,0.4155403642739862,0.3431104894077939,0.4616831579557034,0.4259198764153019,0.50167348849724,0.3064211550400562,0.4543243553430373,0.4011192715603129,0.5346184311191582,0.33703108146050603,0.3401285573251983,0.39497266755038185,0.5331619989159577,0.20778003803282133,0.2942744910402901,0.4549804409503263,0.41884458163969,0.37520912722144756,0.24380788812830842,0.42043752014933344,0.2417660907328846,0.40132854163118953,0.49557617896011896,0.5075571277137843,0.34768895145924594,0.45716072882971137,0.34273801290666733,0.3681116932560378,0.33674308490976645,0.4638673632647158,0.4736814325382105,0.36067229431051645,0.4403375801691429,0.5432568015676873,0.4669475127286244,0.2933380678263555,0.5721507946681959,0.2969623716835552,0.43519883162318335,0.2736746340805578,0.15068168172834068,0.30512519673410404,0.3189603821553523,0.2800723915030493,0.1907632788055487,0.40743026158644513,0.5438297985282028,0.2705727383474229,0.11232125465346464,0.01403810370130752,0.0962399869924274,0.06967107350166223,-0.04729894232757239,0.0050937926716069955,0.18015502871812816,0.05511366290961385,0.03347567864811709,-0.11238387373499246,-0.09779564302444435,0.03789594918327561,-0.07776641842329311,-0.04008705421902571,-0.015616989043111585,-0.05174675500850343,0.22870959710470973,0.24393453054951528,0.23687503943263524,0.16572601410099783,0.20173163539901776,0.21644594216567037,0.2643720604522797,0.279896908617973,0.04885360093783736,0.04388526983848074,0.04387690646047961,0.12507323100107726,0.15459173688545477,0.1591205768857161,0.05527576901842535,0.059874191781761,0.09440368516555246,0.060142708095763275,0.10057587191110567,0.02670223294755718,0.041743194657869125,-0.052145826263432164,-0.044605937356194426,-0.07368309531493665,0.020948645626199584,-0.01119512997379895,-0.030765244366064728,0.012133120490125276,0.02357843493641346,-0.002327345452372641,-0.053472527349421164,-0.08487885958229609
7Networks_LH_SomMot_17,0.6045501407527298,0.47170957055959134,0.5216242566960929,0.47393683719888485,0.7038521003994472,0.5056818292307835,0.7684666898201098,0.5868843639312299,0.4928247469069523,1.0,0.5904281625999356,0.7174859249390567,0.5606527942478375,0.4007243469311176,0.5252714583970027,0.4076275734276669,0.47643573284073815,0.5535241516876481,0.5890436079814073,0.29473773520540186,0.5122576999986908,0.4235865735054863,0.5245402554677742,0.4917108620717721,0.39714910446198337,0.513792645745461,0.4673264711295675,0.547666054181973,0.31184586671700665,0.4155414083683679,0.44895304554735027,0.545092891662103,0.533283216177807,0.48812540113831304,0.44681288978772643,0.4669114279993055,0.33683236811634915,0.6906781112092988,0.38814114124971577,0.784148203152688,0.3624733173405033,0.41223513853521715,0.5240177068255032,0.6778491735568585,0.36353401801855517,0.5533749678092218,0.6237185686024989,0.527630340170802,0.43279138595184485,0.39291485162510664,0.5367813993051136,0.48619013946195566,0.42191211275215856,0.36465422851848395,0.47364142518803726,0.5360264915582238,0.39429610148050703,0.41311142969922626,0.21653342756143526,0.3864199983772303,0.331311179360085,0.3228315551027678,-0.04411587189569872,0.03799402134621444,0.034216485880058586,-0.11279536281109959,-0.08305816704268097,-0.05261041638212219,-0.07630411265597857,-0.05539232499749475,0.04547198340582159,0.07092707270636657,0.09800542756308657,0.0874644031544429,0.0732884005901193,0.12280605929741953,0.13238287800205054,0.11784631689015282,0.03662212978049975,0.07538852756912466,0.07380898391330476,-0.08728489685967489,0.02495547355951965,0.06450383748310796,0.07469821320389007,0.10243290561500784,0.06737585868925083,0.11171208917771419,0.028110210454344364,0.06975043098145654,0.16308858564828044,0.11072521518929843,0.07448526831098676,0.08855145695827678,0.08084684842345427,0.05703805092613278,0.10132107707443884,0.04438364591559726,0.09898941428109476,0.12957029307297135,0.10675119619773424,0.11420194546973828,0.034184293525949275,0.00314931683414122,-0.008088499769818432,0.060681146708070975,0.03710471109664687,0.021208463718607316,0.015705709966988814,-0.008832694852899616
7Networks_LH_SomMot_18,0.6460090373067414,0.6154813813638124,0.6301821110494191,0.5661432568239876,0.6037064944314403,0.22373840257565616,0.49613568851832457,0.5173294511243021,0.38348771641306845,0.5904281625999356,1.0,0.6487000747227507,0.4326671072398122,0.44066831559063036,0.6043765006679603,0.6469722184804312,0.7345194767541732,0.8105809677723578,0.5956943289296845,0.44583637026761036,0.49598025666218415,0.5206226465295183,0.6111465527665284,0.5496491729888421,0.5219548500299079,0.6329804795236843,0.553952563949573,0.6521426436932038,0.4342343875013188,0.49355051124379967,0.532941400001893,0.6137544506152857,0.6550210793658119,0.6094362103827222,0.5659504556713474,0.6388741194946365,0.3669347833842738,0.562184739692611,0.5310065044347362,0.5672550236889311,0.5206460959696763,0.5733354207540919,0.44568106847991407,0.6458095748560819,0.48581565674526095,0.8008828076187595,0.5613615735507296,0.4983373511444453,0.4995705496403348,0.49829064141015744,0.48503718039385607,0.705743990838905,0.5360332182908741,0.5388458532343158,0.6149024071583981,0.6445637822388622,0.5011093909310396,0.5856337896834486,0.33967258017755747,0.4567432562427967,0.40435747155539103,0.34373443427736045,-0.032555535188896714,0.16871437308833637,0.13919397517147528,-0.0978171549571589,0.031200297946462254,0.030149014695940515,-0.05550809251534971,0.02843792901826864,0.07650592832059179,0.0530652032162712,0.09553871455919045,0.043846505252152425,0.026254788924762875,0.09427388477331068,0.09371728278659403,0.09314293548384782,-0.034863387127626495,-0.019409315820203995,-0.029139104166055318,-0.1303148166836431,-0.07939002816901183,-0.05527656314077628,-0.0656649258951534,-0.013833607271204522,0.10709429695968717,0.14927437296737545,0.13132683040838275,0.07034589423860951,0.11624474740422532,0.0568748436323572,0.08960378939476389,0.13120316229345752,0.1387162838146824,0.1407570225001358,0.1594941878722562,-0.021792304386359884,0.04619107377113753,0.039159689284514514,0.0751873248873053,0.09249221807408238,0.054872524706469854,0.03354806967087042,-0.015854899422007834,0.04134561765216778,0.07934615229803779,0.017857061911468717,-0.00850298917094843,-0.010090484644645134
7Networks_LH_SomMot_19,0.7003126167045822,0.6460084317918955,0.6631180866592621,0.6177554516395302,0.7313783454833511,0.2941319906059272,0.6244174688850387,0.5801957631354228,0.5364800999252445,0.7174859249390567,0.6487000747227507,1.0,0.607482461465145,0.46997902399967323,0.5938561057563617,0.5192889637267212,0.5979442005561731,0.688748967887457,0.7603541824634708,0.4195763729746159,0.5139311770891224,0.5716137413180724,0.60647301590672,0.473151100674423,0.5389045712514703,0.6171532834446307,0.6048706537005997,0.6339319041418051,0.43930209998699443,0.5050189321611697,0.523159127779266,0.6497791607333456,0.6373493911157588,0.6478159720158353,0.5841342905992822,0.6400298474400469,0.49586526522308705,0.6735495228688005,0.49765355129642896,0.7254699485212102,0.4974857567409499,0.5349636243306264,0.5685059964563749,0.8302187745552089,0.4929085463304909,0.6554604955671053,0.6326299292248372,0.6418400884511966,0.5532042586140693,0.5123865733385512,0.5904736455943331,0.596714896587823,0.5479211954565278,0.5063605230029445,0.5713870493039558,0.650703023838399,0.5183396457466899,0.48523752749671695,0.377869799027885,0.4933397413959661,0.46062279468093875,0.4200036995039608,0.00466484830983005,0.03716535543918084,0.11555808514199663,-0.07335418101166148,-0.08166058785755316,0.027012071828689796,-0.010068441316862728,0.025075870152170908,0.10050504657996062,0.05427876101156591,0.08878697961070016,0.10643173005906321,0.0719381527627176,0.13002552489208527,0.1337019772956501,0.11179982660373744,0.07123556321963503,0.1010140309069383,0.08112241808533993,-0.011334658525204318,0.07237775561383782,0.08808340089372713,0.09525805414847795,0.10715766077172784,0.07854928501514719,0.1227430431466035,0.053220161043801346,0.1301455454383236,0.16989181988456592,0.11007897724433852,0.10274456458570105,0.09503087855761687,0.14068714709010646,0.09954678022062402,0.1238733926078572,0.03220227318979647,0.06884472272154132,0.06052503713458736,0.029417359643470774,0.061840104896268594,0.012123360691769614,0.014006000048492685,-0.04254909112318116,0.09367336941985743,0.11082803566787296,0.024722541949142238,-0.003015135557533613,-0.05837468734990433
7Networks_LH_SomMot_20,0.41897783064972605,0.3688450025652628,0.32261053130571293,0.3157631648747787,0.4013902603528069,0.41220137808490903,0.4711033205997925,0.5607292921979784,0.5385432151669914,0.5606527942478375,0.4326671072398122,0.607482461465145,1.0,0.6629454587923169,0.6313614951793037,0.17045494040757508,0.27908739535864796,0.43140166255466783,0.7559442295839892,0.2453003243744463,0.6845293977667153,0.49290356412362285,0.5694301613271417,0.4719595822636826,0.25959740755880034,0.3487012960344618,0.5309176703792993,0.44139775351593197,0.20935201587781124,0.38423501947113287,0.2737181786616049,0.37689812765341907,0.26318632085991617,0.3270082612992951,0.24715323769007805,0.3994689934349159,0.39420628760580845,0.44002301888692014,0.3226700438820541,0.4770112758495179,0.3262142692726989,0.23312497565532456,0.5920521713950346,0.5027870734294702,0.338179646997368,0.3347194825723767,0.5159796750714436,0.40144183772358877,0.36372765677679614,0.4645780509296589,0.39894332103000185,0.2538769015879823,0.38048549967310885,0.13577394302136653,0.24345943119823923,0.31856266576671183,0.36886653248442824,0.3421442612686788,0.055694311439704595,0.224993839698326,0.2938561946674152,0.28543652944316455,0.016791651903078762,-0.028117383522195064,0.10271531334952565,-0.09841152372236933,-0.10702252181042216,0.029717345125831605,0.052003661325452116,0.012946312344658512,0.11604639885000297,0.013480273932232986,0.05332476562316325,0.1258504609233955,0.023328506857562353,0.054801212143943234,0.08082355776534159,0.06835499815031608,0.13243194112106627,0.1808822740616232,0.13134857128061103,0.07125227043101601,0.14770485376025616,0.12225428586786465,0.16369503729814713,0.17876549114576928,0.10133349682522302,0.12432752848116503,0.03727700125435261,0.16062804316114407,0.22717790378143482,0.12725837141812466,0.15490565785286795,0.12739470214959692,0.07001601059625957,0.06447259264967294,0.0472175817490244,0.05490770901750315,0.05815505917191791,-0.018202790389868957,0.012984587969863882,-0.020679366352720014,0.015102910744196129,-0.006705770412074097,0.004798800383090134,0.05837297264619191,0.019588863062686333,0.00474563265171993,0.00043497124119520105,-0.037949874808139175
7Networks_LH_SomMot_21,0.48412822738600575,0.5361489540935004,0.3409223763711708,0.4532536746365021,0.36958176386773567,0.22691233319522605,0.36017029379589943,0.5669866610951774,0.3679785898614497,0.4007243469311176,0.44066831559063036,0.46997902399967323,0.6629454587923169,1.0,0.5028424567095492,0.2792294853243362,0.3868254015950339,0.3957572990527774,0.6568480006069314,0.6384739188243498,0.5947927476198773,0.7499826069870897,0.70786610284989,0.4210188060359726,0.3506430782488391,0.39196361562095255,0.5982425123835383,0.3950679163118517,0.48778458204773323,0.4098843006697422,0.30924056944714623,0.377115337789758,0.36110761822752013,0.45867730240923293,0.2675742438338117,0.5476595457397477,0.3695921908161609,0.43675722360246055,0.4603325274226246,0.3455421303242972,0.5751243510668561,0.3176953453559154,0.4545414314427619,0.3887476688311127,0.6324833217741855,0.3933507335348034,0.4109106294885958,0.43107428788702407,0.5997441632338611,0.6152569057775654,0.3807933007360573,0.2898941531690751,0.5729000110487853,0.3688758631431664,0.3010603216695441,0.35191861925750545,0.336172772390122,0.3516071353413428,0.35912452101033987,0.30288103516408255,0.3992565397266838,0.2714688165776651,0.0463088090521967,0.057381061131962896,0.014491323395626494,-0.031063929394720267,0.02008612324406969,-0.012713373359394457,0.07423451689238794,0.02826413810714916,0.034576090697380324,-0.012692382344050466,0.003664104626167275,0.0466018176185456,-0.005234503843804029,0.04615974457387003,0.020614893477992065,0.04457153823140387,0.10780721652146738,0.1713865073371532,0.1458347576413626,0.05561943370011993,0.11957783217366726,0.09297829711674177,0.13278536097996954,0.12288035038330505,0.06046939392949677,0.08414402122529281,0.04869441614501129,0.025082597933256973,0.10309737519677943,0.03982421664708256,0.008201676585946506,0.06486364718965418,0.044210888969802464,0.08520464528159341,0.07730279148783506,-0.02697223886507015,0.05285144115879503,-0.0034094437274686073,-0.024553087452078418,-0.048099532032535995,-0.028015922135408565,-0.024291006230009002,0.015007669394866727,-0.0038205234503643866,0.024345790580640094,0.05775785382985346,0.01684667802306205,0.03550082150874766
7Networks_LH_SomMot_22,0.5300722559402365,0.4501663713829635,0.45731888796139564,0.4157987453978058,0.4988122205740229,0.20520441103278592,0.452699844993539,0.562915647821662,0.4155403642739862,0.5252714583970027,0.6043765006679603,0.5938561057563617,0.6313614951793037,0.5028424567095492,1.0,0.3513822705946269,0.47672887359561994,0.5841354164635364,0.6605954123762747,0.24524349608528104,0.6769246163565164,0.42265853231053546,0.5388512793459376,0.495204892313021,0.29350695270676413,0.3915192381001099,0.4531068928994743,0.44581534257853284,0.19818480710548667,0.3413897197406866,0.3634481240895698,0.48124398144424224,0.431553543522558,0.44614578590921095,0.3565983924208228,0.49198187842984636,0.41387541654855936,0.5139373289935985,0.3366074499167738,0.5178297820857842,0.3730360313543165,0.47576063013531994,0.5048651812070413,0.627295743358161,0.37044485231896324,0.5622194957219261,0.6038384343422221,0.4961041226773385,0.36996388062559027,0.40385366513861193,0.4835230264465025,0.40043553743633514,0.4651723101431623,0.24764111516255083,0.3277550328403846,0.40869488801682985,0.3254642828089303,0.3333040485785134,0.07528042816057837,0.27126272291214826,0.2903241927933206,0.19480093566484585,0.01851975149664993,0.1243605092083962,0.13248561759475308,-0.06733194257925497,-0.008558382911207375,-0.005747821113611593,-0.018634411920222794,-0.004679736712924205,0.04101526436660282,-0.008218607761360013,0.036317935597079694,0.06511054127978698,0.01035440925610554,0.05884889396431886,0.0804304354677871,0.05420489655472803,0.06297059405186828,0.11150134800722317,0.06711620761505982,-0.02475014982864818,0.05449808601628367,0.043015374694786675,0.045352250763480255,0.08692887270960695,0.15269548992727386,0.11891626090486014,0.07300137097790002,0.18061248593011855,0.1908890919887835,0.11307966956999631,0.1701353668271987,0.12855954489962118,0.08798706335252765,0.03829836368482555,0.06180027449336205,-0.05672512002906664,-0.0431732782006418,-0.050350041929287555,-0.012118797391528895,-0.047102568512595,0.037717386872999664,0.02865016586645412,0.009106102867033903,0.09019460457804465,0.09209892950081834,0.07663760703833697,-0.008161133558386944,-0.032199795427900184
7Networks_LH_SomMot_23,0.5956275478327743,0.6689655985969143,0.6161973178733254,0.5953544905470272,0.4819429511558088,0.06192191022456762,0.39908804940770937,0.376590478536237,0.3431104894077939,0.4076275734276669,0.6469722184804312,0.5192889637267212,0.17045494040757508,0.2792294853243362,0.3513822705946269,1.0,0.764842222074648,0.6435152056918102,0.4280275923819658,0.5597614759800053,0.32803369058396725,0.5237083321366917,0.5615007934518289,0.4259802117157337,0.7116238525061176,0.6709991086287078,0.5733540102478917,0.5694296442804653,0.5357380625245256,0.540647044837419,0.6297610536939888,0.5889879502837155,0.6585524860947898,0.6494243095714527,0.5564553070790924,0.6203682031380104,0.3351670407920804,0.5185340337570851,0.5249603231349207,0.45924650211204765,0.5591905982229288,0.5381729593163984,0.24479336312168315,0.4949122640981963,0.5489966697806462,0.7709670824390543,0.4632338120772053,0.5063290292013326,0.5367391092907895,0.4846706644067055,0.5175161044460453,0.8080509463781237,0.5363313826549969,0.7337237291073538,0.582512132915866,0.6787616067146224,0.585448292631806,0.6391561542741001,0.48521341474844143,0.5891759184391994,0.507293542264309,0.5166631737557724,0.025259602663098967,0.1380419761605146,0.09352872001256227,-0.01669778999514545,0.07441839643973433,0.05578420695265386,0.009356452537803513,0.041516697338529786,0.02162725452169597,0.008609466691224954,0.033710157509940275,0.000619299692945106,0.015558652042695378,0.0804084731161363,0.07223314415596714,0.06770421760346682,-0.0020450730581748054,0.05675669103966257,0.05504829209859479,-0.059621368613791186,0.012740624479754142,0.02862871010844447,0.007583470070298932,0.06622355062809461,0.10561310155179482,0.12918680716679998,0.11365697272044202,0.02957461266187843,0.06523108637692836,0.025902487884271956,0.043028248622751245,0.08986042628411002,0.12270741235986757,0.1517922394249428,0.19650463354421618,0.006793231299381148,0.13835280407145423,0.10647744861615355,0.0468791241377349,0.1350252054509442,0.0821130147760713,0.015587637573128692,-0.02208309685827261,0.022598878832956415,0.06216924704118659,0.02806860358246593,0.0052887393336962085,0.016902029962448162
7Networks_LH_SomMot_24,0.6167180430740093,0.7065813255865349,0.6569409035051629,0.7079267103006931,0.5644993459858176,0.10005361464632107,0.5201359019499339,0.41602104311756344,0.4616831579557034,0.47643573284073815,0.7345194767541732,0.5979442005561731,0.27908739535864796,0.3868254015950339,0.47672887359561994,0.764842222074648,1.0,0.7155513487347492,0.5590450336300342,0.5761799287976764,0.4429384594675859,0.5842425695749934,0.6458561206041743,0.48685368681606367,0.672233636776264,0.7604016096236005,0.6261331200497542,0.6109986641178412,0.5701196194655173,0.6194443464905953,0.6618807026207086,0.6610726431782339,0.6667216224101963,0.7274791745313917,0.6472816438800835,0.6708208419009584,0.39810443225607517,0.6125569712695457,0.47424564389977697,0.5587936742794987,0.49730522984856645,0.5786009770217044,0.2768524331569177,0.649568688035993,0.5301746919478372,0.793329327893314,0.5519356585196658,0.6476354485342427,0.6037697890414881,0.4725334382362204,0.6291590023292992,0.7738241462197502,0.6171337982689981,0.6779601741905379,0.6289926609495254,0.7099622725976452,0.5743469519829743,0.5447273898313585,0.4823447132348188,0.6478798784791584,0.5877778400159067,0.4873074694683969,0.03296181308578508,0.1453698273924836,0.1237287181021282,0.005233694938940183,0.028961836519883967,0.046767608353670914,0.04377933244339087,0.026646158651962768,0.05533202320398054,0.01622089328983066,0.025387418163157247,0.025246474718470267,0.033741028707193664,0.08949468892452081,0.08851480070178559,0.04202609854970713,0.006511975859479571,0.06306659307657593,0.06808332719657623,-0.08691087028049488,-0.0333544257791522,-0.035282270534172676,-0.022553694701791478,0.04916155767592128,0.07479027792611932,0.11655620363081759,0.1280652301583691,0.025707111833761634,0.053040729341234924,0.022031498954531544,0.03760985822341641,0.09132596637967376,0.11702638667270202,0.12453063759699629,0.17947326597089538,-0.05228134014317726,0.06488325498057126,0.0482305829265973,0.00035211425114858137,0.08003730220341275,0.0989105568628052,0.08557188136139648,0.039896765531690984,0.06384047052241956,0.09861011653063007,0.03829289377375784,0.039389456018200965,0.032724925017363696
7Networks_LH_SomMot_25,0.6611087367765072,0.6488736362096478,0.6543969851083403,0.5675361225597232,0.6470460143724973,0.1965961269694152,0.4749387086371669,0.5260161409254073,0.4259198764153019,0.5535241516876481,0.8105809677723578,0.688748967887457,0.43140166255466783,0.3957572990527774,0.5841354164635364,0.6435152056918102,0.7155513487347492,1.0,0.5992338820352047,0.42102543643052576,0.47623834542855936,0.5130196862788471,0.5949491073863847,0.541518194890945,0.5847942153596181,0.6798932768344085,0.5920833457448011,0.6714491169344514,0.4347288091957262,0.5421045763811225,0.5556946419179277,0.6193392173144776,0.6688981927436619,0.6195752497519026,0.6090532122092559,0.6309416008133011,0.48521119987555617,0.5790519091274059,0.5721886601694475,0.5481437191606849,0.5528023144708542,0.5979390788893028,0.4375488127626036,0.6675881801615448,0.5029902726896603,0.8257930836207414,0.5430571297069369,0.4877520089929775,0.4792647658888232,0.5036895182947165,0.4873874912957506,0.7461958636406588,0.5441513287547226,0.5637374605840603,0.588971292213859,0.6298974551545204,0.5161641005103801,0.6642067236577668,0.37239666093749413,0.4985311436844644,0.44789082301683436,0.384887374928359,-0.0028815447582579428,0.15168065019942084,0.17335192536435445,-0.06460706729815788,0.0032004941389370215,0.06907239023663636,-0.028809609064220174,0.07840131321271125,0.13504360062619675,0.08880913604745384,0.13948265933967297,0.07799941826956672,0.09070377314383835,0.1583270895260543,0.14094302239151052,0.14056739203272484,0.0229649768180543,0.007933978211713474,0.0034936309364336456,-0.10060622666230669,-0.06266346844858293,-0.042176996939709825,-0.027192810834020493,0.0032186656136684202,0.137198303739061,0.159703843627576,0.13595377350775503,0.0775805840952325,0.1108960491052342,0.06285344048395188,0.10893378126852526,0.11566097971248249,0.1001963797053449,0.10685876688115756,0.11617247886190711,-0.008258587740239154,0.06631246781352355,0.02354494166167991,0.028861570585683546,0.043311291013129916,0.06749860761985921,0.024589286968112006,-0.021789017838756225,0.03871565086409515,0.0642957381845656,-0.00729726166519026,-0.0073065047918680235,-0.04010611858940089
7Networks_LH_SomMot_26,0.5857327547097646,0.6228635346134692,0.546677271744249,0.5784912474500903,0.5321981395235712,0.26785564825471914,0.5672565302009535,0.5248446232256638,0.50167348849724,0.5890436079814073,0.5956943289296845,0.7603541824634708,0.7559442295839892,0.6568480006069314,0.6605954123762747,0.4280275923819658,0.5590450336300342,0.5992338820352047,1.0,0.47504961308647187,0.6968893901156177,0.6853543490716536,0.7737747004570799,0.5400942038962903,0.5579867250716526,0.6388836946744415,0.7521424129598587,0.6397070387637784,0.47756330776840666,0.5647256285042049,0.4163278931090483,0.5632137746438042,0.4919288329979545,0.5923018886939454,0.45063553858241606,0.6036914115198883,0.3873616965775415,0.5688835125269674,0.36783979257451543,0.6232690374691638,0.4080399671476997,0.39935325516636083,0.502051326653737,0.7259632746298159,0.4876333521289483,0.5889454089222075,0.6743505285170383,0.7160460609140104,0.5977460305995459,0.574676354388017,0.6466007646371077,0.5203544859532858,0.6404241639867816,0.4627812323431646,0.597779012053087,0.6548785018428868,0.5427458536240839,0.4395118752186836,0.37987586333451206,0.5474965822026403,0.5375556884093803,0.4818900411793292,0.017552152048305732,-0.01203836840798841,0.09813625141132165,-0.09292045739314782,-0.09274840830861324,0.043613651402469644,0.04563709132986103,0.05289276294989098,0.08556138367797209,0.021951978041725773,0.07685008526877662,0.07042976136510655,0.043053957919146055,0.1007987083707237,0.11073068126601507,0.08939900252757797,0.04262393618631745,0.09435478067415994,0.037305536477631185,-0.04231520548465469,0.06795039464425294,0.06563412621262517,0.05423760190259659,0.07152207302568858,0.07246735611833133,0.1092550698400043,0.061646946265261654,0.08064345179124024,0.1554037513241577,0.0974621518073459,0.09881167818785559,0.1164101945882488,0.0843435319164549,0.11499885767390298,0.1077014793694997,0.005632986844550588,0.07642485399431276,0.02026965329477654,0.008040795892355847,0.010337457978382533,0.044276647904043134,0.04372133357500005,0.027875252670024407,0.10846546307012064,0.10972081759389292,0.05476262724772576,0.04634069339040034,-0.00838724303388116
7Networks_LH_SomMot_27,0.4973276823124257,0.6665150157088705,0.46040355266115157,0.5992161391367988,0.3778767210995092,0.11997486510050388,0.33913203472460596,0.46017083853651747,0.3064211550400562,0.29473773520540186,0.44583637026761036,0.4195763729746159,0.2453003243744463,0.6384739188243498,0.24524349608528104,0.5597614759800053,0.5761799287976764,0.42102543643052576,0.47504961308647187,1.0,0.3796063476912068,0.8316734212426683,0.7001112133616747,0.3615988837513414,0.6762203156223119,0.6167417087292522,0.6541817743414721,0.46172213173721033,0.8107111363372604,0.5468653255411868,0.40275857895263534,0.4358116189328375,0.47772240078488487,0.6037998784311145,0.3964211467615651,0.59563558820259,0.3286353432005291,0.4538130360949077,0.501910955662769,0.2988108226578726,0.6049467496827646,0.363429399376098,0.18900359662014474,0.3567505458725748,0.6967301578448499,0.5276980929254603,0.36873857950760536,0.5352757567650145,0.7712274722568426,0.6608729460731029,0.5015693150771493,0.5220831541870194,0.6765404371623891,0.7347803137613117,0.5243644288376929,0.579141960327199,0.5319091297989457,0.45603167920697396,0.7452231158089393,0.5856629081458031,0.6006021101949923,0.45592334760737385,0.04198743928461358,0.08158470068038061,-0.0347069317123109,0.014662551233410483,0.04967296835166159,-0.06398382052481054,0.02567837858240901,-0.011595783919541691,0.021011549667360588,-0.00041662464045699624,0.0008504382149471013,0.028507122394357223,0.016275590324038667,0.04324076649780797,0.018542933084018,0.01995945663452214,0.04261097979463142,0.1089727414532421,0.10952269716494328,-0.030770870319180292,0.035910146883125424,0.03057375309331425,0.047721891777905145,0.04374286211060808,-0.017476254829126205,-0.019843018048671966,0.015573355824447264,-0.06738115483929862,-0.043637811582950985,-0.04880003500934099,-0.09136494967077981,-0.024292335272219957,0.09998773927154116,0.19403916057317633,0.15702734392008721,0.04435554483999066,0.2022814745027385,0.1409376712609127,0.057731270673618884,0.14916835254409908,0.046107058813605474,0.028979166374430595,0.030677158124979773,-0.03200815265440901,0.08143024483566888,0.08909285495357462,0.037968407876380485,0.07051947695027612
7Networks_LH_SomMot_28,0.4209938531363786,0.40532914694938615,0.36672948838768604,0.36670131144157614,0.3966967633869873,0.3734041379391762,0.5027075171217829,0.5190009867117993,0.4543243553430373,0.5122576999986908,0.49598025666218415,0.5139311770891224,0.6845293977667153,0.5947927476198773,0.6769246163565164,0.32803369058396725,0.4429384594675859,0.47623834542855936,0.6968893901156177,0.3796063476912068,1.0,0.5803222183152734,0.6176896553974004,0.6662205497798795,0.4052872281178703,0.4972107666057689,0.5911275437156857,0.5623526872067439,0.37616195885847803,0.5764658046153034,0.3736328969373289,0.4062890604598231,0.3256775961874485,0.38390485212207576,0.31604729062722164,0.4197050295295891,0.3703977010545955,0.49908838033224784,0.21388923145190028,0.48322784780211275,0.25549239726541395,0.26867704922755237,0.44116637650701374,0.47950877520192253,0.33788486154936276,0.45133944195434295,0.6624339982397834,0.5350625048995553,0.4839541076436033,0.4824323487750466,0.5915400100133591,0.37264861605819366,0.4758330020547851,0.2707371878951367,0.4004517003065325,0.4841384892016494,0.5208398957452536,0.32896288155710446,0.1580846509588616,0.3940231684276644,0.43762074208688023,0.38853003126300356,-0.00545077453267938,0.0031588363279146754,0.07849078563344883,-0.08457042918092657,-0.06374510549746049,0.019883541676584654,0.009553208452720575,-0.013424755822190933,0.07701554835494069,0.04705056616511593,0.07708625331390384,0.02611226612569596,0.033517109767459356,0.0777117100247172,0.08647877514444692,0.07410147012183219,0.11931747010089752,0.19985551924944533,0.11240222791652367,0.05968664329422958,0.1598189173627059,0.1329228106042629,0.15690442044902533,0.16391726734122045,0.03556761704906874,0.0877890840216271,0.02500274738800586,0.08703660737495056,0.15349355996755348,0.13569221696666717,0.11893105919253803,0.12817404925500797,0.07913859375840393,0.059515420971258795,0.08168144918230057,-0.0020659336817973046,0.012991986024336235,-0.04273247453869657,0.04321230173977814,-0.016455431988688502,0.00242926112928442,-0.009205238955646008,-0.017848996713625317,0.11648597330063723,0.06749458945923931,0.04703916340529854,0.031326008062996326,-0.027918237269773695
7Networks_LH_SomMot_29,0.5805313383145861,0.701025603639666,0.5295908134761445,0.6444409371055827,0.4787764943948033,0.2217607013906538,0.4509154999810376,0.5645263660397967,0.4011192715603129,0.4235865735054863,0.5206226465295183,0.5716137413180724,0.49290356412362285,0.7499826069870897,0.42265853231053546,0.5237083321366917,0.5842425695749934,0.5130196862788471,0.6853543490716536,0.8316734212426683,0.5803222183152734,1.0,0.7834585771507809,0.5284052614357687,0.6556569960243188,0.6721557604060502,0.7731824922500083,0.5905102702433368,0.8039374883127963,0.6525559230505498,0.4753276118975903,0.5146884081873636,0.5299145366491167,0.6444246880402151,0.45108545756079543,0.6615182684518257,0.41900802413143023,0.5332454273772917,0.48987779402192894,0.43293113584341836,0.590146290143315,0.4159218530755253,0.3230057650169918,0.515508229008598,0.6799411618417395,0.5558123760059795,0.5064421259198765,0.6507272621049016,0.8310543740138118,0.6680803860194737,0.621037339208879,0.5101836656805191,0.6933395521037345,0.6138862921543486,0.554679029273885,0.637086706219168,0.558991345719601,0.47358817503580936,0.6272957775933236,0.6145262682117599,0.6569132731121966,0.49807438033087004,0.0364124445878569,0.03253341639005293,0.015538485627852311,0.002746628463173308,0.008652697818708173,-0.013713796293579137,0.05828701522370098,0.012924435362060624,-0.004580696513119508,-0.053152749884933,-0.0196883335751818,0.005505713799261078,-0.013946895096172878,0.041567316006097435,-0.011400816047240943,0.013090426535624897,0.04990821112289033,0.11151531703688254,0.09166903812820336,0.03658388406089418,0.08803065388186766,0.08091736610893001,0.10419153190333844,0.07148659495870989,0.013033911508418948,0.05757202018337194,0.044792191497939365,0.01107721894360247,0.0710218209341783,0.04491262092528473,-0.03385180032210992,0.05128457297466036,0.11626073702645726,0.16666258191729197,0.18271140465833105,0.0484872942725262,0.14238508768571337,0.07873502871364028,0.05026433851702589,0.07323890009480978,-0.018622860858313092,-0.02802201173260366,-0.034458555231954235,0.023479891760655004,0.07319792107899037,0.055562878545231606,0.02169248749757577,-0.0004444152297559606
7Networks_LH_SomMot_30,0.6118973878911678,0.7130437637296445,0.5288667688954244,0.6431561002698007,0.5004269723467588,0.24631551849634578,0.5712489869781779,0.592301028942227,0.5346184311191582,0.5245402554677742,0.6111465527665284,0.60647301590672,0.5694301613271417,0.70786610284989,0.5388512793459376,0.5615007934518289,0.6458561206041743,0.5949491073863847,0.7737747004570799,0.7001112133616747,0.6176896553974004,0.7834585771507809,1.0,0.5205829917069051,0.6394216310336238,0.6849741808301966,0.872844652477471,0.5188705088341982,0.6336284895960724,0.6612740168901782,0.5175345613445222,0.5419012143096227,0.5322600125286854,0.6662914656025779,0.45200071399962644,0.6844437853996622,0.4294191294448866,0.6081206546502061,0.4958554938132902,0.526940118641127,0.5663022501773737,0.47159376095612143,0.33440359404289066,0.5625658276960959,0.6689877585873701,0.6095987560526478,0.559729114526922,0.7247273724526565,0.7365305817830492,0.611728943625506,0.6843932382840316,0.552611743434438,0.7786212197733589,0.6024273591573034,0.528901166637768,0.6128999327447503,0.5054811591483944,0.5304270723179936,0.5353147053111112,0.6624236362424959,0.7253697481235588,0.4800686888473284,0.04585973262875083,0.06581008287132026,0.0446335320313242,-0.03270462499857628,-0.0419245831441177,-0.036091666045122144,0.01746293465203925,0.025817843456838928,0.014085765574674822,-0.04219290688929137,-0.00947439928069556,0.024887822550427083,-0.02652074025640323,0.03442721943202886,0.030317028388613453,0.011631397737015785,0.07980498919411824,0.10146500495759804,0.05753168339727154,-0.00944630081319882,0.061637521999387296,0.05521920288724822,0.06418262476207004,0.054433021456667834,0.04985895499836868,0.07227312004199303,0.034762673526001535,0.0041293684133220715,0.09104025851738434,0.03710131586550505,0.013121670264178735,0.04517172719320092,0.040438282780338716,0.08259200658951786,0.11286882022963873,0.017358604255991703,0.10413327866731899,0.07260776281902508,0.009420506555924194,0.029231939142788783,0.029659167567329576,-0.0065982539000216675,-0.00951161022000332,0.012896250094538078,0.04482386251697536,0.015075427408789385,-0.007516164416788209,-0.040223411106389176
7Networks_LH_SomMot_31,0.42005607749068785,0.3941478809643106,0.423235419222567,0.3733703937741905,0.44609923358722253,0.3644287424060593,0.4483713253342197,0.42709445180867195,0.33703108146050603,0.4917108620717721,0.5496491729888421,0.473151100674423,0.4719595822636826,0.4210188060359726,0.495204892313021,0.4259802117157337,0.48685368681606367,0.541518194890945,0.5400942038962903,0.3615988837513414,0.6662205497798795,0.5284052614357687,0.5205829917069051,1.0,0.4212268426325088,0.5468924986499091,0.5551825550787346,0.6641687575043104,0.41215435130407335,0.6662929067769212,0.4741931650035647,0.45310068902023354,0.43626586674266754,0.41991291872752745,0.4189997159666408,0.42326593388031514,0.3320537741930649,0.4421836248541445,0.24689638696714258,0.4214457358939258,0.2791442972691838,0.27997579411235146,0.29442763215062717,0.45866239281377524,0.3253628285283763,0.5391677175275678,0.560988745629171,0.4648766112669987,0.4889041025908945,0.4166962194499768,0.5368610570427075,0.4887840365536799,0.42059408664733944,0.3461128107525266,0.5552456039707709,0.5918997409509649,0.524646470554417,0.3886859443992069,0.18799127506068083,0.4269753690744756,0.4707875302484823,0.29519024304364655,-0.02369171261784839,-0.025472550541002385,0.05918397979676792,-0.11514840538692576,-0.11628848332762579,-0.001004247061006584,-0.02887005640461683,-0.0265066258851098,0.10981289214324141,0.10007626992321765,0.11662686776839848,0.055514566853525224,0.0625296976190536,0.10671756243189354,0.11092928940451255,0.08733173436000229,0.08474801803366482,0.08831685320855187,0.03214732873082046,-0.002982242620490328,0.07834453117553461,0.08570595627418427,0.08127598013748216,0.09684374289511025,0.025798117155615995,0.0528985507605471,-0.006493347870374548,0.09062965897859114,0.10521592463842085,0.06824266518309229,0.023043412301540264,0.04486028319481771,0.05251882557055526,0.03979771555162843,0.06975961418673658,0.07997920801732578,0.06419921471621717,0.059845151951918266,0.07380124538153335,0.04675737229695837,0.06437933070927265,0.012800584392384235,-0.026401821007159994,0.10528370876804158,0.054437547006494544,0.009405163425062306,0.03875583751964869,-0.02636107841935574
7Networks_LH_SomMot_32,0.5302389980830992,0.6971416733535111,0.5837712676660731,0.6324953999649452,0.45107736293071116,0.10310765727472665,0.43157108320133314,0.33207399428987366,0.3401285573251983,0.39714910446198337,0.5219548500299079,0.5389045712514703,0.25959740755880034,0.3506430782488391,0.29350695270676413,0.7116238525061176,0.672233636776264,0.5847942153596181,0.5579867250716526,0.6762203156223119,0.4052872281178703,0.6556569960243188,0.6394216310336238,0.4212268426325088,1.0,0.8682428116286541,0.6861232408025248,0.6734820473833866,0.7574711984708073,0.709736911242309,0.49815861588551336,0.5527340608235515,0.5601688082531543,0.6405424097964113,0.54798485614731,0.5920962428887897,0.3021634678792802,0.47817175032464404,0.378833805042668,0.4525424014725303,0.43131757488906153,0.39290925216826483,0.2345235013648128,0.5164195491803502,0.5144781170533469,0.6771773801948877,0.5098803937329871,0.6238527272950471,0.6188915772618677,0.5294936172792984,0.6159510484380099,0.7580289969241462,0.6397724674539037,0.8019716400256666,0.7079844348209758,0.7309179358535551,0.6586424090123072,0.5651176425062474,0.7343131523315921,0.7780157256909661,0.646670309582916,0.7208531757138135,0.0879946283155929,0.09610193474877365,0.07272192283410622,0.006712902732582355,0.035285757796389844,0.027747828136743934,0.021131184198358396,0.05043755840865307,0.1172767269281234,0.1015347036159776,0.13792613021932215,0.08845533906173793,0.12985238021849882,0.17441076212138606,0.14525408385852762,0.14793819256165236,0.03167596982016393,0.04718742219764307,0.027344098950480566,-0.06164133200339557,0.005195471021765053,0.030677538954851216,0.03715338549147249,0.06298056203036526,0.05262097771203932,0.054177745513062425,0.06141351034619801,0.023485667409848233,0.05140004177057413,0.01886077151309712,0.022835523132702817,0.07239004315005663,0.10360529130147325,0.18301598307670056,0.20184854295812116,0.11603588387771971,0.22565861551453398,0.18562202273633313,0.11929118907209632,0.20282008081594985,0.09761302648322559,0.040754091964687905,0.016642510751512535,0.062214366667195264,0.09573294047576601,0.05959578998917157,0.060867158882477776,0.049081567071733154
7Networks_LH_SomMot_33,0.614847582115139,0.7056613995135484,0.6597660470165345,0.6923243757648507,0.5584371060919117,0.18864665083220167,0.5290041384664391,0.39784224013697433,0.39497266755038185,0.513792645745461,0.6329804795236843,0.6171532834446307,0.3487012960344618,0.39196361562095255,0.3915192381001099,0.6709991086287078,0.7604016096236005,0.6798932768344085,0.6388836946744415,0.6167417087292522,0.4972107666057689,0.6721557604060502,0.6849741808301966,0.5468924986499091,0.8682428116286541,1.0,0.7388554230664407,0.7367986462363953,0.7167088678461228,0.788208107107179,0.590779634950172,0.6244768695129896,0.6373461215128399,0.694606827634326,0.6352144049730594,0.6220001759623599,0.3793408384120791,0.574766106513445,0.3840767682104808,0.5682666970264103,0.38500388690958376,0.4513779688507086,0.2575115774321438,0.630648933606582,0.473564816545225,0.7059530418798726,0.5947040688397912,0.698905068795111,0.6379066855405721,0.47777870883449847,0.6927257395255809,0.7608598343045421,0.6551973388973396,0.7098718588178643,0.7607187528441225,0.779824918068311,0.6337799017079263,0.5598218843631152,0.6294121224945752,0.80227824039587,0.6932743989568586,0.6652197087609542,0.029720828798281845,0.06345242462238529,0.10238257612121127,-0.050008476215078916,-0.020912167871297693,0.02240819368987619,0.008963717450280727,0.020694104201174547,0.0762942093739332,0.07115815521939402,0.1061475441186753,0.05445304301576998,0.09552653752475748,0.1286819071226483,0.10196317113504186,0.09579847383825375,0.00888846205163888,0.04685126139578161,0.02485458199040489,-0.07613992839947646,-0.004697586694468332,0.017061908363470938,0.024125525371907597,0.04196198275604166,0.0404512842936092,0.07869606953692419,0.07479538717541402,0.05426577581030475,0.09917642513640232,0.07348006461740703,0.04735804801171706,0.10358231004009724,0.09562193525333987,0.17097148163411266,0.17765825717766057,0.07900481690330441,0.17682072198015913,0.13750480666693674,0.10640199146386935,0.16785068854904026,0.10503750597462932,0.09463301650708261,0.03679159589040968,0.09769291818116524,0.14320481543806893,0.05853977344137686,0.06825268003098821,0.03285104274394824
7Networks_LH_SomMot_34,0.5693823678686157,0.7030997977791923,0.5505746450645723,0.6281886954498161,0.447253868232861,0.19619793717647452,0.5049543015767883,0.5656837432038413,0.5331619989159577,0.4673264711295675,0.553952563949573,0.6048706537005997,0.5309176703792993,0.5982425123835383,0.4531068928994743,0.5733540102478917,0.6261331200497542,0.5920833457448011,0.7521424129598587,0.6541817743414721,0.5911275437156857,0.7731824922500083,0.872844652477471,0.5551825550787346,0.6861232408025248,0.7388554230664407,1.0,0.5572679157461033,0.6533676421027755,0.7605706358405807,0.553082419482517,0.5361874559017484,0.5267760427950211,0.6768239950148651,0.47822266132173447,0.6683497582969348,0.4693389730138666,0.5574129963265974,0.4665182544609834,0.4738421000561228,0.5303459952980879,0.4334504674788644,0.29513785288832206,0.5499420889817669,0.6375257846023743,0.5748120085247057,0.5322893250761618,0.722589483750183,0.7458506252748034,0.566437152802117,0.7045748126258924,0.5708291272093697,0.7164877908426707,0.5740452526145089,0.5507622776581298,0.6522580915152004,0.5688430444814292,0.5655981338628764,0.5002575528200677,0.7269493254770839,0.8072181132094414,0.5393110261034902,0.059433719715927646,-0.009100651609402363,0.030215851276377065,-0.02663482951943606,-0.07392556141489318,-0.009682066100333604,0.04812278124550882,0.02459137741670413,0.015172955692034081,-0.03393813809338984,-0.003284064723219631,0.008637747154922595,-0.0016437299218361255,0.06384399278400804,0.02936369542301261,0.015563094914944686,0.07803858245648981,0.10841824795486041,0.06870216238457717,0.06183197058932506,0.11896144686878149,0.11502765049103994,0.12341846288825457,0.10456768786398667,0.05084895022373136,0.05978681338163566,0.05796973242568758,0.03788133337199212,0.10413032159879969,0.09178391814652063,0.03660506671466826,0.07196627782257455,0.07304918189826135,0.12649919072113333,0.15378107242663655,0.06618716670904361,0.13736347899314355,0.05414875435059114,0.030137901891837474,0.051778254615523565,0.010258031596252253,0.012331100705181458,-0.002839123444798797,0.04606190549856895,0.08614064958995514,0.023686757565895812,0.013631703433109888,-0.06462360185695855
7Networks_LH_SomMot_35,0.5738686445771312,0.5778518165394818,0.6283725834200212,0.543385568795007,0.5793771346525833,0.25995481960727607,0.4370367674432451,0.3885496865250058,0.20778003803282133,0.547666054181973,0.6521426436932038,0.6339319041418051,0.44139775351593197,0.3950679163118517,0.44581534257853284,0.5694296442804653,0.6109986641178412,0.6714491169344514,0.6397070387637784,0.46172213173721033,0.5623526872067439,0.5905102702433368,0.5188705088341982,0.6641687575043104,0.6734820473833866,0.7367986462363953,0.5572679157461033,1.0,0.586592257044064,0.6643654089674956,0.5125048628408689,0.5817395100684559,0.608050876732919,0.5676260409910822,0.6060143626504922,0.537581455464725,0.31749209447784876,0.5177209533766266,0.33861241335432773,0.5311835568218802,0.34120432607585,0.35160199407342707,0.3988650941024387,0.6110657081452973,0.30718438202629494,0.7108203789094676,0.5627539617894545,0.47083690989438726,0.455971117982737,0.5254575684486016,0.49162868969494505,0.7258144168926473,0.4699865223057247,0.5732419760822439,0.7943729304710452,0.7759588245256447,0.7047269936505113,0.5683261169504058,0.4520608800542793,0.5393856356031658,0.39622972994216193,0.5632627109202311,-0.04160696876515138,0.023458866272511647,0.09038872065798016,-0.12342304038945225,-0.0923019752117242,0.02410013304849161,-0.053963124675834834,0.002038816857441735,0.16826891996839133,0.16777762456076178,0.201331143999362,0.1225630931332176,0.14946582722880786,0.18244199795547889,0.19339542165295942,0.19538778459661232,-0.0415991962284651,-0.014669320358729213,-0.050464392923351385,-0.13148491801418108,-0.0417956089828797,-0.01791864859659496,-0.03222300038161961,-0.00502270723441274,0.062097514615099936,0.17183510458737633,0.10607430386805515,0.04720634034824051,0.09789855022259615,0.05536887819156659,0.08788247146900986,0.15175039983494237,0.05469924809045334,0.12226364058855442,0.13081662641240244,0.09840425860702515,0.1668885704256287,0.16179010886543885,0.14328779947341352,0.1836728484579324,0.059552351536171305,0.033490755840858595,-0.04246886508117752,0.14702405939575935,0.12544671011768677,0.03734593015194092,0.07830729697433653,0.023086366201226532
7Networks_LH_SomMot_36,0.46870838571150414,0.6477187711372732,0.4833369391966425,0.6360675693711977,0.40474042021501827,0.1409595357471319,0.351417794964181,0.365363345622064,0.2942744910402901,0.31184586671700665,0.4342343875013188,0.43930209998699443,0.20935201587781124,0.48778458204773323,0.19818480710548667,0.5357380625245256,0.5701196194655173,0.4347288091957262,0.47756330776840666,0.8107111363372604,0.37616195885847803,0.8039374883127963,0.6336284895960724,0.41215435130407335,0.7574711984708073,0.7167088678461228,0.6533676421027755,0.586592257044064,1.0,0.6784098985564582,0.41652982766049756,0.4306193789474577,0.4836304534685707,0.6010453379698284,0.4401671806420683,0.5476987788166567,0.29862997264636143,0.4175181323711353,0.3975047131480179,0.3144485317000071,0.45919396898358134,0.32135446768259995,0.12663635365468204,0.38595388119538704,0.5640115978342117,0.5103105996700066,0.3966312884135734,0.5703719959923987,0.7381939910717065,0.5032066420129622,0.5957068123634098,0.5292468192445455,0.5998290747614909,0.6955168391481666,0.6150392754510398,0.6475389008317218,0.5358389665967003,0.38661613089383623,0.7797260428734257,0.6768214619687879,0.6426874690272468,0.543698061973495,0.021149883866867558,0.04398410407122955,0.0015989216828045936,0.01627852540016576,0.04487653926081733,-0.002014742556170748,0.0429126514072324,0.004150114034859064,0.05393700217912182,0.02338287240098827,0.027132051105937673,0.03164968931788708,0.04879458177848225,0.0774690899987797,0.0405622742756121,0.03518070299889639,0.052226458483438466,0.08759699808537279,0.06822826955326355,-0.019436314243453705,0.03429121597587928,0.04945859822958647,0.06594902625759866,0.05888600559062286,-0.004659911460424987,0.04668313967075195,0.07009791243912496,-0.04516422807428928,0.007353503987082025,0.02269253667015963,-0.05194812634712639,0.05419079974726264,0.09420633250113274,0.183425089325956,0.1892249840696367,0.12335387745113213,0.2256058141238212,0.18485179828778495,0.10154102895988777,0.14115883331602194,-0.0009285075108175067,-0.009386677865635875,-0.052695324526503794,0.032913655152321246,0.1016839507835614,0.07442554319778019,0.03812033754615111,0.028334217258572915
7Networks_LH_SomMot_37,0.43260879920113204,0.576053182248345,0.4859433451355908,0.5512425516248305,0.444749867028296,0.23709474297122063,0.44894581378735765,0.3577558501147012,0.4549804409503263,0.4155414083683679,0.49355051124379967,0.5050189321611697,0.38423501947113287,0.4098843006697422,0.3413897197406866,0.540647044837419,0.6194443464905953,0.5421045763811225,0.5647256285042049,0.5468653255411868,0.5764658046153034,0.6525559230505498,0.6612740168901782,0.6662929067769212,0.709736911242309,0.788208107107179,0.7605706358405807,0.6643654089674956,0.6784098985564582,1.0,0.5728649527332655,0.4823653825972805,0.46288034585920507,0.5856333977401834,0.5061042907518799,0.5151249149611106,0.43142163499762426,0.4963937239150537,0.2872095961152039,0.40515136441514316,0.3030493537136581,0.29563343884069293,0.12550899580852448,0.456218793207393,0.4207928769812892,0.5171759527228178,0.4871395077641983,0.6268271136810215,0.6153621478328353,0.40466276714694344,0.6955272564848632,0.5807712667553832,0.5470615876361948,0.5412194602548412,0.5954259124320042,0.6580814310251757,0.5994595064707968,0.4261068829583209,0.47450366469474997,0.7295476525738366,0.7866577136880216,0.5292931068488609,0.07473299138785607,-0.0007821629016205293,0.024514274912258223,0.00031532064989492993,-0.11686157314770791,-0.029599276189476612,0.04540701505725455,-0.008938220839405783,0.09738350096759561,0.06820240551369817,0.08074233245441773,0.02876709226251596,0.07126476280598425,0.10147378968266582,0.059355051509472144,0.04836454334546324,0.10412327616506206,0.12682634481294627,0.07576835302643371,0.09127016412918627,0.1331844956807366,0.1347703640959683,0.15696915381808843,0.14317054530405923,-0.0019568718636683536,0.0326407318379662,0.01008034928681411,0.04759453277234074,0.06116290139503508,0.06685108329780219,-0.02407276773326671,0.031129699916732728,0.02590265245053925,0.07901418977218179,0.12431851514322526,0.10701861838875966,0.1430392060638968,0.0901803883005962,0.059525780275221915,0.08699957551649062,0.024095536310362178,-0.010014757326708246,-0.05875195594801494,0.06751236144220894,0.069677067014992,-0.01019377039922766,-0.0035307675096576856,-0.09267812858657526
7Networks_RH_SomMot_9,0.5827085139338988,0.6201153210930561,0.6151753156963945,0.6120632437884932,0.5359410079604239,0.1702977307847352,0.4444481376178131,0.39724813059627934,0.41884458163969,0.44895304554735027,0.532941400001893,0.523159127779266,0.2737181786616049,0.30924056944714623,0.3634481240895698,0.6297610536939888,0.6618807026207086,0.5556946419179277,0.4163278931090483,0.40275857895263534,0.3736328969373289,0.4753276118975903,0.5175345613445222,0.4741931650035647,0.49815861588551336,0.590779634950172,0.553082419482517,0.5125048628408689,0.41652982766049756,0.5728649527332655,1.0,0.6302140314869713,0.6539615277766898,0.6660822346381658,0.6485069940883299,0.6491907091591395,0.48424719583038495,0.6404575637228883,0.46029164059283356,0.48655308203562947,0.4239436751056794,0.3868561442330401,0.242505125163255,0.4868871094388345,0.43694217161195115,0.5965688412752491,0.4048862043468929,0.49272119069538883,0.47897680453486235,0.3200687715229091,0.5040404798087397,0.6266049856373661,0.44103815583194744,0.47147440600143203,0.4459380465640196,0.5522363737058388,0.4081859020810166,0.4979465819517734,0.3087127609014313,0.540110734016146,0.5167746852742682,0.381186240766149,0.05248585518556109,0.028958877802216974,0.1119598220448511,0.028090063737334695,-0.06779369217686794,0.03005565221897765,0.09246279335359736,0.022745627443084324,0.020070670687595972,0.04120666210663278,0.018127930224389344,0.050372288221619634,0.07277283093940023,0.0989693400493735,0.0423348456093972,0.06047486308857191,0.07398487799153854,0.09751502849351101,0.07792477281730764,0.06160607005762345,0.08631102863482251,0.0837997705842743,0.09323100303490929,0.09112931928153578,0.05160863464819375,0.06862165034389722,0.04287343519866091,-0.0032607759309298983,0.0534108553877601,0.03425275420596833,0.0016350958429851774,0.05219869806956833,0.04522802811988017,0.030703946853318256,0.09646176677317839,-0.05326717187546457,0.026844927230630106,0.00196677162015392,0.053983603049125056,0.028511089665168923,0.07017503187482557,0.08556330076069507,0.042303064056864556,0.07221985157056499,0.10014803886950331,0.020448263465180107,0.07574650075334723,0.015338876691667083
7Networks_RH_SomMot_10,0.668817249395266,0.7092809053236447,0.7501141697710672,0.7072901834454179,0.6239710571673056,0.1399089572888716,0.5238930371302533,0.4285915367965128,0.37520912722144756,0.545092891662103,0.6137544506152857,0.6497791607333456,0.37689812765341907,0.377115337789758,0.48124398144424224,0.5889879502837155,0.6610726431782339,0.6193392173144776,0.5632137746438042,0.4358116189328375,0.4062890604598231,0.5146884081873636,0.5419012143096227,0.45310068902023354,0.5527340608235515,0.6244768695129896,0.5361874559017484,0.5817395100684559,0.4306193789474577,0.4823653825972805,0.6302140314869713,1.0,0.7405078722239534,0.7154380460963832,0.7584020761897743,0.6718531051009786,0.3782696146075644,0.5860729752410059,0.44823207763712153,0.5981162146236697,0.4545128571634664,0.49907506828286874,0.34845266139241515,0.6677872136853029,0.4497127097942553,0.6936473554316978,0.5063965874842581,0.5703183630558939,0.4875675198736328,0.42490646744831256,0.5203620361607837,0.6385239495821023,0.5289064082561995,0.5422458078240261,0.5667325400403466,0.6221402805956197,0.4415331682354468,0.42148124918035734,0.38500012642700204,0.5449297230074167,0.4443459614951977,0.40703563487257455,0.020969668256001075,0.11136457381433079,0.12054224973865886,-0.061185726148664514,-0.034951641968984315,-0.023199678774022146,-0.01454381550318161,-0.01436399569110206,0.06763656721685181,0.07855281696075209,0.0835947057090649,0.08055696540847179,0.10730367113003784,0.11663879201173998,0.09971883046512396,0.08252549177227263,-0.005360966065057878,0.0010449530747251277,0.0024290754280036735,-0.01952250851147881,-0.04269543920482882,-0.05073655027250493,-0.0027944061865419457,-0.02392187574316462,0.03537619518221942,0.06417588902248889,0.014588203859691177,0.06579564801056809,0.08793294546757328,0.027639703764794278,0.036156294258939986,0.060003643606075095,0.13106667384610574,0.14084743784331635,0.19213283769483652,0.03677013345559682,0.10035831667516117,0.10514752750200129,0.10346376357056784,0.13460373073579304,0.10393853686068684,0.029772244448376253,0.04931856989409376,0.11268782213589781,0.05724732924346916,0.05455640048148407,0.10714630618642143,0.03171253200232297
7Networks_RH_SomMot_11,0.7924843290271061,0.7481803053406926,0.8185825373123143,0.7371329607535143,0.6407076101531831,0.09453302880455082,0.47879361589245284,0.47039224338550817,0.24380788812830842,0.533283216177807,0.6550210793658119,0.6373493911157588,0.26318632085991617,0.36110761822752013,0.431553543522558,0.6585524860947898,0.6667216224101963,0.6688981927436619,0.4919288329979545,0.47772240078488487,0.3256775961874485,0.5299145366491167,0.5322600125286854,0.43626586674266754,0.5601688082531543,0.6373461215128399,0.5267760427950211,0.608050876732919,0.4836304534685707,0.46288034585920507,0.6539615277766898,0.7405078722239534,1.0,0.7799220997950249,0.7446775466570895,0.7624543852665895,0.42171214993320855,0.6271210900180697,0.5859821781259668,0.5989769277538085,0.5670299915127746,0.5300397419925117,0.3800778449877723,0.6621188604101688,0.5143373395389244,0.7403431599107734,0.49290563342326255,0.5266053683678911,0.5142334766590736,0.43893933590374473,0.4700364638505059,0.689281400908937,0.5396306909236052,0.626202635349893,0.5978772891376497,0.6473480108850143,0.4674690558762471,0.5389118834658846,0.4308629397793971,0.535870754369523,0.4200515461332254,0.41146497267680676,-0.1044245423373286,0.09061272358144597,0.06932162774998218,-0.08251119126307613,0.03322264097881115,0.020393172606479895,-0.1004299833477829,-0.022254289240146174,0.08427151459744346,0.13731778464515063,0.13469743555978728,0.06328662954319329,0.11974746773407188,0.13914992327729717,0.12987960367646345,0.12091785703896209,-0.04739570215795449,0.007003299604005162,-0.010763484148084436,-0.12909201062506978,-0.06052616372786604,-0.05818986387938965,-0.06884167589320751,-0.03654253093011559,0.05169340979636286,0.09704306515207933,0.055024456948112525,0.05585659607742135,0.07047669322420715,0.02464849867152213,0.03566726510764629,0.08099927357728744,0.10982496057256513,0.12042941188437342,0.15289160149543196,-0.001098505220399536,0.06472656150205625,0.09529774369025215,0.10539117034029673,0.1411790728193339,0.0660593993979925,0.05591418592374597,0.019805556394414066,0.09449568820425923,0.12214380202870431,0.07440548290795368,0.07199856745897885,0.021887099112780046
7Networks_RH_SomMot_12,0.7511946825428244,0.8649987153614221,0.7637235589713847,0.8672106537444647,0.6092627633023564,0.09135649394273956,0.5290419783177581,0.5057519020463872,0.42043752014933344,0.48812540113831304,0.6094362103827222,0.6478159720158353,0.3270082612992951,0.45867730240923293,0.44614578590921095,0.6494243095714527,0.7274791745313917,0.6195752497519026,0.5923018886939454,0.6037998784311145,0.38390485212207576,0.6444246880402151,0.6662914656025779,0.41991291872752745,0.6405424097964113,0.694606827634326,0.6768239950148651,0.5676260409910822,0.6010453379698284,0.5856333977401834,0.6660822346381658,0.7154380460963832,0.7799220997950249,1.0,0.7052933806598037,0.8619640258817748,0.505674856658357,0.7028140558266454,0.6136108384054113,0.5824845111007533,0.5915093263507922,0.5247856236245013,0.28718441221306357,0.6618239507499584,0.612164669646425,0.6959865566960336,0.49972836700214346,0.6935019690619598,0.654073071041275,0.4928638569874746,0.6228959505638944,0.6671633607183994,0.6752557251058416,0.6570154406482407,0.5786753206317174,0.6678298327197549,0.49621546663441823,0.4871801596333206,0.5192432200783103,0.672240060388338,0.6142615162716485,0.44277957154625114,0.007851579086391648,0.09380672899820379,0.060559341437449385,-0.022521986505248164,-0.005250249410496676,-0.010629072886485682,0.02910733643235827,-0.00024387437387169076,0.00933338373694708,-0.012838672360087084,-0.01880422910589406,0.044748168616188536,0.04424522864255845,0.0747790421614724,0.029322803427447593,0.022378985410395034,0.03514506118116068,0.08938954308256422,0.08436869605793365,0.008927734076244424,0.04694002292680076,0.05375007759756362,0.04534206992117498,0.05888754526467742,0.026416170311649674,0.06350502266908967,0.05125934872431256,0.047705023844108116,0.07845416320029791,0.04098609919824559,0.013274138414663123,0.05228086361809828,0.0921545257929249,0.10298804193196455,0.18256569385458174,-0.003914647341888726,0.06564394129277701,0.08209010865346596,0.04012425275378871,0.10063985512768357,0.06001311778982194,0.05400853035131568,0.03883070692206163,0.06359628529306965,0.09460646865788197,0.03436113479392251,0.04465493998162541,0.011970436594445298
7Networks_RH_SomMot_13,0.6890926403601659,0.6708752392523022,0.7806062324929941,0.6971875544452136,0.5559380328019188,0.08745599290964685,0.4157895073894702,0.3774350621032797,0.2417660907328846,0.44681288978772643,0.5659504556713474,0.5841342905992822,0.24715323769007805,0.2675742438338117,0.3565983924208228,0.5564553070790924,0.6472816438800835,0.6090532122092559,0.45063553858241606,0.3964211467615651,0.31604729062722164,0.45108545756079543,0.45200071399962644,0.4189997159666408,0.54798485614731,0.6352144049730594,0.47822266132173447,0.6060143626504922,0.4401671806420683,0.5061042907518799,0.6485069940883299,0.7584020761897743,0.7446775466570895,0.7052933806598037,1.0,0.673564263644929,0.38944465006416396,0.5592279135961792,0.4300451976016773,0.5197338848630482,0.4026876517172132,0.3801421743500262,0.23663960839558024,0.5728961263290805,0.33539730674932045,0.6536536784091633,0.4002757762124878,0.4608927526749205,0.4160556332819447,0.3646193365495166,0.4288239565150033,0.6590321884727451,0.440933042078981,0.5295911055496121,0.6020641744042703,0.6003382979720565,0.44315643820197737,0.44617102839908906,0.4019154599013049,0.525177765389257,0.41616194044896787,0.39440369559365046,0.016128162390443086,0.13063117461698134,0.15787443346178562,-0.04365459071906597,-0.05302033061896753,0.015481752558021172,-0.032950928281782366,0.012740232756678075,0.1364154371227458,0.13319692909654407,0.13623963772898826,0.10972883374863725,0.1477215292631018,0.14892161164296372,0.11611425925940606,0.1171955937057624,-0.02222799651315728,0.006929973317619139,-0.012826526667262294,-0.04621573703633779,-0.032756470115290474,-0.03610244927087007,-0.01780110928969012,-0.02258046981998946,0.05762182015306723,0.10035990607789774,0.04428644476604465,0.05275465609359524,0.06494876257831464,0.0073405748648893215,0.07500159251730654,0.06640714927722188,0.06483136056515122,0.07008715260056984,0.1179349623598328,0.081441164984611,0.1382822353422373,0.14526980948608778,0.10661674899123538,0.16819723828901922,0.09919560023851486,0.052886680685278145,0.02872097678415104,0.18475434892598286,0.0967035100083504,0.04023757940733945,0.10958616773431931,0.02100514674120607
7Networks_RH_SomMot_14,0.7788527710685964,0.8479835032546,0.7348754390536069,0.8157549212885661,0.5734868642679891,0.10957533549285602,0.464997149717389,0.5771044646553785,0.40132854163118953,0.4669114279993055,0.6388741194946365,0.6400298474400469,0.3994689934349159,0.5476595457397477,0.49198187842984636,0.6203682031380104,0.6708208419009584,0.6309416008133011,0.6036914115198883,0.59563558820259,0.4197050295295891,0.6615182684518257,0.6844437853996622,0.42326593388031514,0.5920962428887897,0.6220001759623599,0.6683497582969348,0.537581455464725,0.5476987788166567,0.5151249149611106,0.6491907091591395,0.6718531051009786,0.7624543852665895,0.8619640258817748,0.673564263644929,1.0,0.5034126256486092,0.698844884948122,0.6931876046019769,0.5161046157433797,0.6662314101124808,0.5657368351349403,0.3936803896344341,0.6231371538161522,0.6517588401474551,0.6809795775504628,0.48791270510818896,0.6221931325326713,0.630327305610656,0.5510461901223637,0.5324921100413493,0.6264200411945025,0.6591758025078743,0.606180022457734,0.4919503501091629,0.5857893070155654,0.4643800079952484,0.5491688765989542,0.46380081181050614,0.5545417318287212,0.5434467492147793,0.40174607527489836,0.042716687153816976,0.12996719885989885,0.09331049850885725,-0.00481627542500072,0.032093681656596526,0.03752236691644682,0.03854890566540387,0.055346688364084844,0.026209665520778247,-0.0050281728061228525,-0.004833836650793291,0.08306882027425243,0.057179423579807216,0.09817279910399182,0.0363324028064083,0.06384940900042749,0.02594041525738813,0.08107758921866469,0.04816935160153948,0.012549363921898872,0.05973465857513625,0.06289348201920467,0.049599298368792025,0.05353879564007551,0.05718993867042249,0.08611100012066253,0.057540069343983216,0.06831280713620567,0.08829964682820822,0.038886560148965674,0.05378599924822823,0.058857991732858064,0.08101476057451595,0.1147592000576261,0.14297551624575475,-0.017640697595582996,0.05907048308497054,0.04926206626216446,0.037238581258874186,0.046466994052967746,0.05872396959951149,0.033107377238666205,0.04783382232307605,0.05086865830007535,0.05686999281514607,0.03791366968761959,0.048183036224364754,0.028487307686073292
7Networks_RH_SomMot_15,0.446177143762687,0.49237181963802246,0.39535889190617457,0.44155692186459555,0.5258521030818878,0.2765661701846651,0.3566300378079605,0.4822234490170683,0.49557617896011896,0.33683236811634915,0.3669347833842738,0.49586526522308705,0.39420628760580845,0.3695921908161609,0.41387541654855936,0.3351670407920804,0.39810443225607517,0.48521119987555617,0.3873616965775415,0.3286353432005291,0.3703977010545955,0.41900802413143023,0.4294191294448866,0.3320537741930649,0.3021634678792802,0.3793408384120791,0.4693389730138666,0.31749209447784876,0.29862997264636143,0.43142163499762426,0.48424719583038495,0.3782696146075644,0.42171214993320855,0.505674856658357,0.38944465006416396,0.5034126256486092,1.0,0.6004571901446174,0.5163625948566075,0.4340216033019989,0.497223438980233,0.4233704739718972,0.37681946166566105,0.46124819631647984,0.49768325881601494,0.40486970349528495,0.30094472811729744,0.43004661136718714,0.45232985327062886,0.2839867060104883,0.43264204173787774,0.35994907135423954,0.4160362675551364,0.2724117171629383,0.185529998420947,0.31241255771709336,0.29995336780225096,0.40045220086286315,0.20453659291579998,0.4009662181266463,0.47997156318445217,0.2540393106480187,0.09315019882742684,0.06378341729392935,0.07782546707577864,0.09958326071042481,-0.03517278340545472,0.019808740896108845,0.06617415605998937,0.06847915536180608,0.050514445138637565,-0.0026995364937558246,0.017440075750649847,0.06650188130077317,0.04740183584681047,0.05905443110801166,0.01357762042754769,0.043574653126354564,0.13757273035726547,0.16159463047069125,0.12849128277947197,0.11073844910011799,0.13957661188278206,0.12276039790469553,0.1775458223703739,0.1507963774772783,0.09323269681321403,0.062412966092446814,0.07105333844394794,0.057808549366032205,0.05952991195745713,0.10122086428824019,0.016637627124532005,0.03288082412530074,0.013246175212550799,0.03973427862327874,0.019613619101201255,0.029400430534842977,0.03219760616627897,-0.04027072735411478,-0.030247931232111346,-0.06750845101659758,0.026451142254139557,0.018070426355155777,0.022643789505542935,-0.01766825343248016,0.033268131845953834,-0.010133889503550765,0.02244355578846865,-0.027250375625241217
7Networks_RH_SomMot_16,0.6681413889530978,0.6490812585920461,0.612327810768158,0.6757285572195524,0.7103921817559125,0.37786732520045196,0.746616297139144,0.5632098687593442,0.5075571277137843,0.6906781112092988,0.562184739692611,0.6735495228688005,0.44002301888692014,0.43675722360246055,0.5139373289935985,0.5185340337570851,0.6125569712695457,0.5790519091274059,0.5688835125269674,0.4538130360949077,0.49908838033224784,0.5332454273772917,0.6081206546502061,0.4421836248541445,0.47817175032464404,0.574766106513445,0.5574129963265974,0.5177209533766266,0.4175181323711353,0.4963937239150537,0.6404575637228883,0.5860729752410059,0.6271210900180697,0.7028140558266454,0.5592279135961792,0.698844884948122,0.6004571901446174,1.0,0.5791141872168982,0.7773627756460463,0.49491611138295055,0.4956753534302071,0.43098379132892967,0.6686128268990136,0.5167339760820162,0.61629348884556,0.5411788613682302,0.6141896623361016,0.5680149086828069,0.44825569191061515,0.5796466246406214,0.5498908759963778,0.5691281892727849,0.4583297749458039,0.44540596991573383,0.5460953145597456,0.4398813601162609,0.4708390781626206,0.32221650226277915,0.5081869953527918,0.4845711295934775,0.37524179864583224,-0.007879853960956903,0.10532356565467876,0.08063665538242473,-0.05972642416961005,-0.054946242860362024,-0.003472733533211057,0.029293765513691623,0.008781861471055514,0.01602097784714863,0.050579375176793236,0.05713578454597245,0.13571489816945723,0.11749731610598343,0.14552409746657136,0.09853477141539016,0.1149432997541968,0.05720225120974161,0.11642470079402688,0.08684600580812311,0.004173215987719654,0.09684639847994239,0.10675358613682093,0.09568959308601979,0.1051908817211833,0.05416471194207796,0.09594095143891904,0.06201885613837534,0.03325217471718193,0.10834134802383917,0.08141074269511006,0.04939876178810065,0.07337744442223852,0.07667228492762472,0.06619866361314478,0.11144094026794706,-0.023656052532032786,0.036774916447966245,0.042144071728936104,0.05622288078838995,0.03370336104332842,0.02835309200905843,-0.016036726095743144,-0.005697361268789226,0.012970453112375782,0.023690031390471992,0.006012922267324609,0.004062599106386932,-0.019589363532726285
7Networks_RH_SomMot_17,0.6484104399729098,0.6523406317290036,0.5531106226908705,0.5598638466603013,0.4995860302904427,0.12417218901739402,0.3491878157079372,0.5879027991179494,0.34768895145924594,0.38814114124971577,0.5310065044347362,0.49765355129642896,0.3226700438820541,0.4603325274226246,0.3366074499167738,0.5249603231349207,0.47424564389977697,0.5721886601694475,0.36783979257451543,0.501910955662769,0.21388923145190028,0.48987779402192894,0.4958554938132902,0.24689638696714258,0.378833805042668,0.3840767682104808,0.4665182544609834,0.33861241335432773,0.3975047131480179,0.2872095961152039,0.46029164059283356,0.44823207763712153,0.5859821781259668,0.6136108384054113,0.4300451976016773,0.6931876046019769,0.5163625948566075,0.5791141872168982,1.0,0.3441329710356692,0.829659862721614,0.49911375811871334,0.46839877534853824,0.44732041693532115,0.7175079934500869,0.5307234456208387,0.29413372901217016,0.34033755281146477,0.5240971397605482,0.5331805960106883,0.30709039164279106,0.46833747047609153,0.5089586825335366,0.4507418535164578,0.2755581389069948,0.3838477515788283,0.32169627057300193,0.5778493899093013,0.3557663888052249,0.3059203539613189,0.3701963225600169,0.22721515742499018,0.044295309002502774,0.1315957621322754,0.0568236419027377,0.0059787338388333075,0.09421243455095137,0.0428229644986019,0.030161372272191844,0.08130816246702278,0.07520952959503505,0.02257006233750911,0.028341826776477137,0.14917015404058376,0.07940910060751807,0.10801734672884573,0.10127163958914073,0.11743644436916373,0.0857596019637079,0.09238577928071129,0.09857106005934664,0.039034618806086815,0.0740754139944679,0.05216712827036828,0.07605802265867878,0.08467649842616552,0.12439568075893447,0.11489947506270175,0.08565019765567139,0.06885857519381358,0.0917223002183077,0.021488328611467915,0.03868415418606495,0.04167648017572901,0.057671476493273394,0.10969155829415045,0.09209239574850975,0.020373940602994155,0.0984507126038105,0.049302267121861365,0.033528930546165146,0.03260050476892989,0.014319638467307882,-0.04460641158135331,-0.023299096751985833,0.0038719308117101886,0.030959510142817358,0.037435197519344814,-0.009311010973002826,0.004002426895152889
7Networks_RH_SomMot_18,0.6362634439571491,0.5363279767420274,0.5845435157483367,0.5818337687594831,0.7299964319635476,0.3852096843872063,0.7792372118191738,0.4737882812109534,0.45716072882971137,0.784148203152688,0.5672550236889311,0.7254699485212102,0.4770112758495179,0.3455421303242972,0.5178297820857842,0.45924650211204765,0.5587936742794987,0.5481437191606849,0.6232690374691638,0.2988108226578726,0.48322784780211275,0.43293113584341836,0.526940118641127,0.4214457358939258,0.4525424014725303,0.5682666970264103,0.4738421000561228,0.5311835568218802,0.3144485317000071,0.40515136441514316,0.48655308203562947,0.5981162146236697,0.5989769277538085,0.5824845111007533,0.5197338848630482,0.5161046157433797,0.4340216033019989,0.7773627756460463,0.3441329710356692,1.0,0.31411784087881633,0.4326562445845274,0.4878407532953953,0.7901650120112793,0.3594602313100057,0.6237394510614487,0.6335285966398458,0.6612897273291107,0.47071901916234327,0.38313694293122796,0.6046578553634969,0.5516262942790928,0.5221357879219324,0.4364828257305577,0.5465584340126847,0.6163959679846753,0.4437421248765286,0.3671275803500821,0.2745699942050914,0.5225092231069774,0.40377735820755084,0.4222098181506292,-0.050698294782030286,0.0711706295119208,0.07658575058385983,-0.1215849009844273,-0.06651287843149753,-0.03007464627022328,-0.0884357254010822,-0.03848699140329017,0.04163571585898831,0.10668332442798766,0.11891221110421839,0.10018885071158655,0.13244023986898326,0.16006050730204266,0.14400642908635014,0.12964252313011124,0.0037479225390521743,0.04126399606304177,0.02990006203130855,-0.10248841229498884,-0.002038721674434553,0.02789290765117246,0.02267791137779598,0.05083575414702643,0.0028481761596082125,0.06604992474514311,0.03245130859188037,0.05862079366193188,0.14108480930912815,0.10781892218468951,0.06381778250336008,0.08108134152329959,0.15126013253420165,0.08103381699226635,0.13350647219680842,0.022346893736732584,0.062360013951691044,0.10202619084387392,0.08927088912152241,0.0970940859621671,0.06030471029930963,0.026127872678454938,0.029209624599961622,0.0518893663334004,0.01671596726154538,-0.010302247988741268,0.029725847036053944,0.005219446598140634
7Networks_RH_SomMot_19,0.6048855770533693,0.6678738735005458,0.5113757298341235,0.5392936536523945,0.44373509466627326,0.07597853275261014,0.3148941336139142,0.6299341588570779,0.34273801290666733,0.3624733173405033,0.5206460959696763,0.4974857567409499,0.3262142692726989,0.5751243510668561,0.3730360313543165,0.5591905982229288,0.49730522984856645,0.5528023144708542,0.4080399671476997,0.6049467496827646,0.25549239726541395,0.590146290143315,0.5663022501773737,0.2791442972691838,0.43131757488906153,0.38500388690958376,0.5303459952980879,0.34120432607585,0.45919396898358134,0.3030493537136581,0.4239436751056794,0.4545128571634664,0.5670299915127746,0.5915093263507922,0.4026876517172132,0.6662314101124808,0.497223438980233,0.49491611138295055,0.829659862721614,0.31411784087881633,1.0,0.49637248136287276,0.512373127780342,0.4360540019308245,0.8206643984589924,0.5581439460139909,0.31459649053490024,0.34622237820194257,0.6206964566941177,0.6625490602829992,0.30845859882010135,0.5014874491534274,0.5736313181976334,0.5311651818630553,0.29112740033875917,0.3932199016202994,0.39168575206090017,0.6183311433101578,0.4307935050506792,0.3174605962768377,0.407178003383747,0.2620240525330372,0.07475979121389016,0.10512697778437236,0.01321734186401864,0.08208035860578071,0.08685111981405595,0.0193798904368147,0.06279921627354443,0.07750710026468487,0.04287365765427992,-0.0441027883915925,-0.0249522145653288,0.1087232411148883,0.002598811840480641,0.05873718165307434,0.06260598589462012,0.07137768655013378,0.0804681681625275,0.13454654848854763,0.1356081401339971,0.037087540529053505,0.09613525814787509,0.0645376052955032,0.08598140607549976,0.11958048933795883,0.11375595923589624,0.09858090854873773,0.0757527493326764,0.041877686185860935,0.07717990222365319,0.010262546471925356,0.022902529999595238,0.03770672225224078,0.08816434301327333,0.09393442917372008,0.12224294926276537,0.014602595049033117,0.10238947902906029,0.0526038984578756,-0.0021043119797530046,0.03944041929340458,0.021677654441432572,-0.049872649231231865,-0.03634383664973745,-0.04441347974826169,-0.0029090360073163904,-7.6119169700401894e-06,-0.018539971830719048,0.0019005553190637808
7Networks_RH_SomMot_20,0.5349941312332627,0.5388280312276154,0.48451801033719905,0.527281733121753,0.4958533513050422,0.031303851923795215,0.3637955777629632,0.48008054894826985,0.3681116932560378,0.41223513853521715,0.5733354207540919,0.5349636243306264,0.23312497565532456,0.3176953453559154,0.47576063013531994,0.5381729593163984,0.5786009770217044,0.5979390788893028,0.39935325516636083,0.363429399376098,0.26867704922755237,0.4159218530755253,0.47159376095612143,0.27997579411235146,0.39290925216826483,0.4513779688507086,0.4334504674788644,0.35160199407342707,0.32135446768259995,0.29563343884069293,0.3868561442330401,0.49907506828286874,0.5300397419925117,0.5247856236245013,0.3801421743500262,0.5657368351349403,0.4233704739718972,0.4956753534302071,0.49911375811871334,0.4326562445845274,0.49637248136287276,1.0,0.33343401364480435,0.5893478166370426,0.4997760207440766,0.6294292561585314,0.40623392174257456,0.46414039355019654,0.4328713730012133,0.28335885744018124,0.4335766834852037,0.4819147129912314,0.4612612081710003,0.43315708186139285,0.30848764766645087,0.4119774200464661,0.2828341158287227,0.4366702437396114,0.2669746583081034,0.36292762420299324,0.3562424836125056,0.24163624772687828,0.06819135482231112,0.15721357357407265,0.1381875624526394,0.04992398186358104,0.11762220318327397,0.07504672510301838,0.06563435587855432,0.1409450044600171,0.030264196771826832,-0.030882875869404282,-0.0043965798762848896,0.002203575480916556,0.0018202963209471206,0.06256700413634698,0.04075959152178126,0.060879655617880446,0.10870373095520804,0.08335389909058284,0.08527643742175219,-0.03850423428021857,-0.014075633962020101,-0.003982452038031407,0.056217393125476973,0.05749761523291114,0.08230593824274039,0.12300727327270022,0.08261233387253937,0.0876713173966006,0.12317113211320158,0.09565500177097651,0.08625363261104345,0.08925508386797783,0.16843687768643825,0.16224550959462822,0.18257187062443506,-0.012210928949392448,0.013366012815128031,0.0158720899595024,0.04336997821724022,0.00941794631924133,0.04607681967943576,0.015483915960892523,0.005549440269116654,-0.007384183422694831,0.05049526082423301,0.027472798404304156,-0.028999746929632933,-0.02835865075093758
7Networks_RH_SomMot_21,0.4821100314984932,0.35364062457890594,0.3619816810419903,0.2667251305955429,0.4616766864921042,0.297856757540393,0.3750465521582131,0.49207561456183774,0.33674308490976645,0.5240177068255032,0.44568106847991407,0.5685059964563749,0.5920521713950346,0.4545414314427619,0.5048651812070413,0.24479336312168315,0.2768524331569177,0.4375488127626036,0.502051326653737,0.18900359662014474,0.44116637650701374,0.3230057650169918,0.33440359404289066,0.29442763215062717,0.2345235013648128,0.2575115774321438,0.29513785288832206,0.3988650941024387,0.12663635365468204,0.12550899580852448,0.242505125163255,0.34845266139241515,0.3800778449877723,0.28718441221306357,0.23663960839558024,0.3936803896344341,0.37681946166566105,0.43098379132892967,0.46839877534853824,0.4878407532953953,0.512373127780342,0.33343401364480435,1.0,0.5833324897748827,0.4284363043766314,0.4212466103970928,0.5570614983171938,0.3039243920116555,0.30073326971091674,0.5085176021388974,0.26761706514008976,0.35862797617276915,0.3606520143124744,0.24037970619927165,0.2794292669991012,0.3307956475725397,0.3835173218909352,0.48444067098294097,0.12250988717145816,0.09772644640217541,0.11756161103607303,0.24125824185411443,-0.03188200995868192,0.06795683465566893,0.16735513217536985,-0.03478061279053792,0.04699035973857247,0.10583946160136361,0.030421316211980694,0.11489636438567742,0.14772020279212492,0.10558822074393324,0.15283341203289144,0.11874713347347939,0.07013658785821829,0.11035344688788302,0.1563642888177747,0.18376869626443146,0.1097602187426442,0.15196948995915022,0.11425579004825397,0.011372150232553717,0.09829617225193003,0.046650922645494156,0.11723311179961465,0.1735910998329353,0.0835653920647794,0.09052705024753363,0.06401237088780008,0.11587369203615827,0.15947062484357336,0.11170098697630934,0.1542923426160347,0.13270841524017105,0.08891134371948056,0.06889391814674263,0.028988477303346086,0.0277198108129609,0.020436511464937822,-0.019153840623262697,0.0396885485285228,0.009705019452936323,0.0352846148885139,0.009218078952985181,-0.014854047712386602,0.030006058244316798,0.039235290902570996,0.014528359446059676,0.015197089319165299,0.03708756042735802
7Networks_RH_SomMot_22,0.6712577458859315,0.6305696782688783,0.6408740799081819,0.6435019133324988,0.7536564780804107,0.24471162354907944,0.6268796164752564,0.524991069690171,0.4638673632647158,0.6778491735568585,0.6458095748560819,0.8302187745552089,0.5027870734294702,0.3887476688311127,0.627295743358161,0.4949122640981963,0.649568688035993,0.6675881801615448,0.7259632746298159,0.3567505458725748,0.47950877520192253,0.515508229008598,0.5625658276960959,0.45866239281377524,0.5164195491803502,0.630648933606582,0.5499420889817669,0.6110657081452973,0.38595388119538704,0.456218793207393,0.4868871094388345,0.6677872136853029,0.6621188604101688,0.6618239507499584,0.5728961263290805,0.6231371538161522,0.46124819631647984,0.6686128268990136,0.44732041693532115,0.7901650120112793,0.4360540019308245,0.5893478166370426,0.5833324897748827,1.0,0.4725333739292146,0.7129171301183821,0.7357032297457682,0.756697452536419,0.550350888623857,0.45650952276278794,0.6716518717072866,0.6135526471304752,0.6197788583882965,0.510251045641217,0.6230502634390188,0.69922721553521,0.504567261281249,0.450758443123861,0.3620121842559551,0.5593854165707484,0.4822164396454079,0.4269733517816499,-0.014167503568108551,0.07388761171786999,0.16034814087676222,-0.09636159439625473,-0.05018988427048638,0.05645546778627961,-0.021152837465451192,0.07154732655248301,0.07642535655454008,0.079255419381557,0.11168888332550228,0.07784209877028463,0.09337953402684859,0.13987284993306082,0.13105842870717396,0.1385391728891816,0.03805510935960952,0.05586513862215926,0.019990590067960154,-0.08212697414846336,-0.01314806793099858,-0.023483280172617735,0.019068506249080637,0.03003843233253932,0.02923446669649472,0.08077743240988372,0.05458664221933377,0.07299300302488371,0.1249603434080631,0.08670606471550464,0.06380818232404509,0.08898464262638833,0.17211986645430585,0.13144923297587116,0.1539517533563255,-0.014860716612999422,0.02427205399265447,0.055447414070460034,0.052407176444943984,0.08227533789458763,0.0923693630147445,0.09363554803519733,0.040469590510566,0.09976604110602033,0.11745000319212051,0.038428203962641315,0.045409574674998544,0.005933637442701108
7Networks_RH_SomMot_23,0.5367610701804081,0.6627074925498836,0.4473566401415129,0.5784059296917196,0.4433448689013009,0.10609622273118481,0.3921760437965694,0.543207232447064,0.4736814325382105,0.36353401801855517,0.48581565674526095,0.4929085463304909,0.338179646997368,0.6324833217741855,0.37044485231896324,0.5489966697806462,0.5301746919478372,0.5029902726896603,0.4876333521289483,0.6967301578448499,0.33788486154936276,0.6799411618417395,0.6689877585873701,0.3253628285283763,0.5144781170533469,0.473564816545225,0.6375257846023743,0.30718438202629494,0.5640115978342117,0.4207928769812892,0.43694217161195115,0.4497127097942553,0.5143373395389244,0.612164669646425,0.33539730674932045,0.6517588401474551,0.49768325881601494,0.5167339760820162,0.7175079934500869,0.3594602313100057,0.8206643984589924,0.4997760207440766,0.4284363043766314,0.4725333739292146,1.0,0.5455609517622731,0.45541226571830085,0.5699431939594771,0.7899566381665241,0.6429542122601164,0.5347711028134317,0.47642289849555414,0.6910910042719591,0.6026697085543705,0.3458914247625961,0.49995322206959847,0.3964397269238561,0.5126693355389425,0.5186493058840536,0.4788253228597915,0.6096587978661991,0.33277547334188873,0.06933389254836851,0.096640652317512,0.014219274874065659,0.0617009690833284,0.09180600303140458,0.012010049170508567,0.10370512717300995,0.07891605051244571,0.01564233314910844,-0.01301804435083494,0.0025450196001252224,0.07193317880360146,0.02250591522385044,0.07228901074327107,0.04733258858900588,0.0626343825923148,0.10576229861796634,0.16075238813372228,0.14589423914542546,0.09450892243219555,0.14221235381407513,0.10268891145468166,0.148900685445281,0.14296765614515267,0.049363187127651455,-0.003984938604935838,0.02038332143119287,0.02381033881876849,0.06181143324817975,0.028098007976758623,-0.041662083923565726,-0.0008888425419500798,0.1150571425612137,0.12129432880938117,0.15141547168212593,0.021361138020843846,0.09897316084104729,0.03458209908378136,0.03322246711033516,0.026689533148773186,-0.00300276625130378,-0.050520953654062874,-0.015713928641604896,-0.06370433152554444,-0.010062626519338484,0.014888587152226058,-0.03288587075479559,-0.010795364637503342
7Networks_RH_SomMot_24,0.6775216472528707,0.7202736013076677,0.7153640130415874,0.6841147459353563,0.657323358517602,0.1538662959168564,0.5037418830720987,0.4797089986394233,0.36067229431051645,0.5533749678092218,0.8008828076187595,0.6554604955671053,0.3347194825723767,0.3933507335348034,0.5622194957219261,0.7709670824390543,0.793329327893314,0.8257930836207414,0.5889454089222075,0.5276980929254603,0.45133944195434295,0.5558123760059795,0.6095987560526478,0.5391677175275678,0.6771773801948877,0.7059530418798726,0.5748120085247057,0.7108203789094676,0.5103105996700066,0.5171759527228178,0.5965688412752491,0.6936473554316978,0.7403431599107734,0.6959865566960336,0.6536536784091633,0.6809795775504628,0.40486970349528495,0.61629348884556,0.5307234456208387,0.6237394510614487,0.5581439460139909,0.6294292561585314,0.4212466103970928,0.7129171301183821,0.5455609517622731,1.0,0.5971244746512016,0.5788498947519758,0.534383221863274,0.5484564633115557,0.5400564848141809,0.8507932009910013,0.6266375572218127,0.7278555949547252,0.7121627825854981,0.753770459749971,0.6069243063766905,0.6700117075283808,0.49616198804327266,0.5884330212411922,0.45524845107916173,0.49202677467267303,-0.022221306676023463,0.1667601488029517,0.1685587235683449,-0.06881985004131164,0.017077464717184822,0.07321766789458675,-0.037143263401303014,0.07549668618237362,0.10074711102218262,0.09931574961961258,0.1349001200922219,0.12989112341088419,0.10927635695902548,0.17487565544335032,0.17680440606446665,0.16811798781788687,-0.03637782816292408,-0.005097506518026737,-0.005049159463013066,-0.17675352546177595,-0.09802666094852822,-0.06846277849029195,-0.07995855323794873,-0.022817674756367114,0.14958215156722326,0.19190119356320154,0.1493312254489754,0.03237199473546088,0.10319787007415869,0.05162909966713948,0.12246420364112086,0.1463719160146783,0.14591640597568098,0.14734700515316748,0.16802473779165827,0.0385529348655189,0.15194307643260765,0.14110178589010045,0.08580942650123387,0.14003336077726142,0.08754111337650576,0.05751079720908592,0.0321577413922781,0.08250911632635466,0.10261846970770386,0.06796486919751481,0.07938034607219528,0.07281218633271395
7Networks_RH_SomMot_25,0.5025028853963923,0.46061978116627206,0.47311075923288093,0.45615221847857806,0.5482078627988908,0.3050275305865392,0.5727562916289124,0.44277415378449964,0.4403375801691429,0.6237185686024989,0.5613615735507296,0.6326299292248372,0.5159796750714436,0.4109106294885958,0.6038384343422221,0.4632338120772053,0.5519356585196658,0.5430571297069369,0.6743505285170383,0.36873857950760536,0.6624339982397834,0.5064421259198765,0.559729114526922,0.560988745629171,0.5098803937329871,0.5947040688397912,0.5322893250761618,0.5627539617894545,0.3966312884135734,0.4871395077641983,0.4048862043468929,0.5063965874842581,0.49290563342326255,0.49972836700214346,0.4002757762124878,0.48791270510818896,0.30094472811729744,0.5411788613682302,0.29413372901217016,0.6335285966398458,0.31459649053490024,0.40623392174257456,0.5570614983171938,0.7357032297457682,0.45541226571830085,0.5971244746512016,1.0,0.7285796332289959,0.5697784520240483,0.5053764673566563,0.7488826149345851,0.516447176417852,0.567661613412944,0.46523223184830187,0.586775489104964,0.6716316118711413,0.5159854382140359,0.3976362919555594,0.29472954212285074,0.48405017989227084,0.4833364881013825,0.40600546592966297,-0.039900021960261274,0.04045616644639444,0.15498245029209867,-0.09800460884384443,-0.022985672179425095,0.03541810652287262,0.006553197390769978,0.04641566079417019,0.09054261123461076,0.1254131025050649,0.1667284925553755,0.028227360544965413,0.07233938447298156,0.12211609436211666,0.11831981945237363,0.14489611201072286,0.0651258217250401,0.09000740802828872,0.02068015580509975,-0.05045104217547816,0.01486583805121451,-0.013848458152804426,0.04768770058192801,0.05269270250634126,-0.05135934870647885,-0.04215708029233244,-0.036643361029000385,0.030045581760760196,0.07596380564845641,0.06964209537882474,-0.0010326063905764615,0.02655331390618768,0.122876937228411,0.10705327631713386,0.10892967355741107,0.015438458986725245,0.04510170232853051,0.00879384832381782,0.04866210543153969,0.03716278592243176,0.06295620076005207,0.04349670393798717,-0.0027079888750520414,0.08700047098473213,0.10509171721947165,0.039650355653635214,-0.0003604032541997485,-0.015559343622298787
7Networks_RH_SomMot_26,0.5548608139762382,0.6464028664580845,0.5282954782431606,0.6657115312968294,0.57348260518014,0.21051757938369262,0.6156045624087849,0.4329877534027588,0.5432568015676873,0.527630340170802,0.4983373511444453,0.6418400884511966,0.40144183772358877,0.43107428788702407,0.4961041226773385,0.5063290292013326,0.6476354485342427,0.4877520089929775,0.7160460609140104,0.5352757567650145,0.5350625048995553,0.6507272621049016,0.7247273724526565,0.4648766112669987,0.6238527272950471,0.698905068795111,0.722589483750183,0.47083690989438726,0.5703719959923987,0.6268271136810215,0.49272119069538883,0.5703183630558939,0.5266053683678911,0.6935019690619598,0.4608927526749205,0.6221931325326713,0.43004661136718714,0.6141896623361016,0.34033755281146477,0.6612897273291107,0.34622237820194257,0.46414039355019654,0.3039243920116555,0.756697452536419,0.5699431939594771,0.5788498947519758,0.7285796332289959,1.0,0.7526462182588194,0.4537850326633993,0.8890534819106914,0.5258904558999654,0.7570210307360852,0.5883679806528812,0.5938585701062631,0.7211155195884084,0.4863564494199803,0.32135371761108017,0.5033512839062689,0.7818912675544766,0.7753091501934618,0.5076587168272443,0.03647034917776876,0.017064696846734884,0.04834888382232227,0.012332737057239456,-0.023651436283837337,-0.009618662047525746,0.043355766489108515,0.03040771226443959,-0.02802571433370895,-0.005138369406224878,0.01583772664422897,-0.030972287677641253,0.008716074156979524,0.036660941420960755,0.01157584351049436,0.008294800980733532,0.0444487149859483,0.08396363141425717,0.047477012249848564,-0.008081658098547016,0.03788557532592397,0.026100503679811718,0.07109981889976101,0.05308823538183699,-0.09596513443983722,-0.06064124326526402,-0.04756719529218366,0.0019056372171103921,0.058797610354997885,0.07269393657639961,-0.05874440168135807,-0.0015730525585637672,0.1106539779120165,0.13122947328908413,0.1584994147845433,0.00026594830030057505,0.0721586386737854,0.04930815382412198,0.019527052964068876,0.06446841848598343,0.05344373973757667,0.07519301920129343,0.06042993534242872,0.059163300640507274,0.09296713486603989,0.0302437127926834,0.027404914002507857,-0.004300625433657857
7Networks_RH_SomMot_27,0.5226245637210154,0.6424415360541639,0.4778654862380425,0.6218358623342057,0.4629250521596898,0.18697647875541015,0.49587179679906684,0.5353405756140744,0.4669475127286244,0.43279138595184485,0.4995705496403348,0.5532042586140693,0.36372765677679614,0.5997441632338611,0.36996388062559027,0.5367391092907895,0.6037697890414881,0.4792647658888232,0.5977460305995459,0.7712274722568426,0.4839541076436033,0.8310543740138118,0.7365305817830492,0.4889041025908945,0.6188915772618677,0.6379066855405721,0.7458506252748034,0.455971117982737,0.7381939910717065,0.6153621478328353,0.47897680453486235,0.4875675198736328,0.5142334766590736,0.654073071041275,0.4160556332819447,0.630327305610656,0.45232985327062886,0.5680149086828069,0.5240971397605482,0.47071901916234327,0.6206964566941177,0.4328713730012133,0.30073326971091674,0.550350888623857,0.7899566381665241,0.534383221863274,0.5697784520240483,0.7526462182588194,1.0,0.6908712810269139,0.7383266076840581,0.49865015969534565,0.7480190519435597,0.6341617103741378,0.5304320052275774,0.6742120080329786,0.5424440539002593,0.4372201595717992,0.6099884619446642,0.6776849816593163,0.7718793485689173,0.468440422673561,0.030140593009742533,0.0031851961365032457,-0.028062696607115946,0.03281288437591497,0.009207906008265123,-0.0199609543630828,0.06557911391528878,0.022491097855792522,-0.036621418199304194,-0.031443180807712454,-0.01416365074587751,0.0012324521151395175,-0.0004067590017460797,0.04773203607681567,0.011194588325077293,0.008560351435546416,0.061617390044981124,0.10687211614274042,0.098875523950666,0.03845720133966948,0.07809220758812593,0.06336828489599237,0.11602787799937998,0.07430230825956044,-0.06659432252669352,-0.043727470991539716,-0.033251853875354405,-0.007558891221646989,0.0608811823473116,0.050846729622444596,-0.08750668093617679,-0.010753080049496308,0.13960983739843985,0.16575444508486065,0.19517223377846277,0.03409391469866756,0.12485816035202141,0.04119125303981739,0.05409147564466714,0.07814362434789764,-0.011532407022915206,-0.027832799212569596,-0.028473014561873365,-0.005109677901431003,0.057633646196442,0.026246008081128584,0.008059377826643524,-0.016993455197838406
7Networks_RH_SomMot_28,0.47729599995742134,0.537222784933045,0.41813506457204674,0.4175787173489442,0.3825297953788571,0.13445333956415942,0.3588182418668308,0.48686965805350485,0.2933380678263555,0.39291485162510664,0.49829064141015744,0.5123865733385512,0.4645780509296589,0.6152569057775654,0.40385366513861193,0.4846706644067055,0.4725334382362204,0.5036895182947165,0.574676354388017,0.6608729460731029,0.4824323487750466,0.6680803860194737,0.611728943625506,0.4166962194499768,0.5294936172792984,0.47777870883449847,0.566437152802117,0.5254575684486016,0.5032066420129622,0.40466276714694344,0.3200687715229091,0.42490646744831256,0.43893933590374473,0.4928638569874746,0.3646193365495166,0.5510461901223637,0.2839867060104883,0.44825569191061515,0.5331805960106883,0.38313694293122796,0.6625490602829992,0.28335885744018124,0.5085176021388974,0.45650952276278794,0.6429542122601164,0.5484564633115557,0.5053764673566563,0.4537850326633993,0.6908712810269139,1.0,0.4194848031950044,0.5189519437617124,0.6332893964366282,0.6118083382991013,0.5105600479593563,0.5731231573333927,0.6733709433383759,0.5839000521068278,0.5155887289847749,0.39836935262049183,0.43821003479345416,0.4216839039614559,0.025801666852933752,0.030107878186014063,-0.022262164639921686,-0.03588745742116349,-0.010162831260732683,-0.024478282927513702,-0.012882233252944419,0.03234451805831314,0.09603286799860686,0.02565706675282233,0.05905695474523213,0.12087129581578648,0.035624412185537545,0.07741073513977238,0.12012363289707902,0.0954618578598148,0.023953715588997126,0.06889006868428033,0.057332737740288485,-0.044958302946580604,0.024667605740737446,0.0004317826864300172,0.01426557439786182,0.03118976503739494,0.0559877475314302,0.05745507402457396,0.01134734849032038,0.026633936031401895,0.06980405380059541,-0.014934947489454032,0.017659159280658532,0.034417887296658976,0.07141640885122333,0.1321280939246712,0.1279375712740639,0.04291752976616404,0.1675241799498101,0.08786388581397879,0.053902578652505716,0.1320054730387595,0.033551390535121364,-0.05358013394416954,-0.03103808673520411,0.032977464032019205,0.043271201824930966,0.04818179968151901,0.033710246298044984,0.04757255988626611
7Networks_RH_SomMot_29,0.47838779140372767,0.5608740279689599,0.4786699359368888,0.5916531673439115,0.5198677524058609,0.24647585453083964,0.5859696651187083,0.4250997988721703,0.5721507946681959,0.5367813993051136,0.48503718039385607,0.5904736455943331,0.39894332103000185,0.3807933007360573,0.4835230264465025,0.5175161044460453,0.6291590023292992,0.4873874912957506,0.6466007646371077,0.5015693150771493,0.5915400100133591,0.621037339208879,0.6843932382840316,0.5368610570427075,0.6159510484380099,0.6927257395255809,0.7045748126258924,0.49162868969494505,0.5957068123634098,0.6955272564848632,0.5040404798087397,0.5203620361607837,0.4700364638505059,0.6228959505638944,0.4288239565150033,0.5324921100413493,0.43264204173787774,0.5796466246406214,0.30709039164279106,0.6046578553634969,0.30845859882010135,0.4335766834852037,0.26761706514008976,0.6716518717072866,0.5347711028134317,0.5400564848141809,0.7488826149345851,0.8890534819106914,0.7383266076840581,0.4194848031950044,1.0,0.5091752206758157,0.6863518368823497,0.5317319658255579,0.555399516357647,0.7069307377261619,0.5071642167667969,0.3330415206619339,0.4338186411015012,0.7494259344816135,0.7841227893077559,0.49832872215130636,0.01836243318241131,-0.00727367556793161,0.045319687624534824,-0.002612268058555774,-0.05587358614404469,-0.02873535696677678,0.023347050990016625,0.014928453680269717,0.02305526933795189,0.02226904281981047,0.03773977053274876,-0.03509046853616045,0.00439941793512324,0.026316369355609222,0.02105561945253447,0.007193845938115863,0.08543794117489488,0.09960690816823739,0.0658680601058747,0.03440959958198273,0.05307275556688807,0.04036609782268163,0.11163227740715984,0.08986660859556066,-0.09710269243434967,-0.05518931443816331,-0.04240413923574926,0.012981176361602013,0.07268540267508178,0.10115470305964665,-0.05957909589960548,0.01040249389231755,0.08198607678353688,0.11678634675775106,0.14331618201468055,0.0384887955658915,0.10069954649058183,0.051659077155230305,0.02734134465928918,0.049008180854677966,0.0635692647038693,0.03989891072217683,-0.002182496243482247,0.06332491055787316,0.09887798905944903,0.020328134698133847,0.01655363986145084,-0.06172750417257114
7Networks_RH_SomMot_30,0.6238356083964004,0.6953369141441276,0.6830541884027331,0.6230629182913965,0.5723263703421166,0.13788544120321206,0.45550942461192007,0.35142341913717806,0.2969623716835552,0.48619013946195566,0.705743990838905,0.596714896587823,0.2538769015879823,0.2898941531690751,0.40043553743633514,0.8080509463781237,0.7738241462197502,0.7461958636406588,0.5203544859532858,0.5220831541870194,0.37264861605819366,0.5101836656805191,0.552611743434438,0.4887840365536799,0.7580289969241462,0.7608598343045421,0.5708291272093697,0.7258144168926473,0.5292468192445455,0.5807712667553832,0.6266049856373661,0.6385239495821023,0.689281400908937,0.6671633607183994,0.6590321884727451,0.6264200411945025,0.35994907135423954,0.5498908759963778,0.46833747047609153,0.5516262942790928,0.5014874491534274,0.4819147129912314,0.35862797617276915,0.6135526471304752,0.47642289849555414,0.8507932009910013,0.516447176417852,0.5258904558999654,0.49865015969534565,0.5189519437617124,0.5091752206758157,1.0,0.5491575566652965,0.7756035657862508,0.7350698427211916,0.7689434233692911,0.63924420823119,0.6929485687897041,0.5340659201958824,0.6641891494186494,0.4931406737463374,0.5773230805030782,0.00011154754488929045,0.10315791373470999,0.1392613302508299,-0.03362486039032807,-0.030145323255522608,0.04688860192291989,-0.040972013981577,0.059474204102599106,0.09531202590020489,0.0950337360665297,0.1342475810794416,0.08688044853766105,0.09889103060307465,0.161826913660036,0.162219210203352,0.14313089847899413,-0.04996928520316121,-0.013773133128256574,-0.038165156392724144,-0.1627492351202417,-0.06985985096871554,-0.05367437079437408,-0.07577669911978654,-0.018579160517463687,0.10200185489359065,0.1293023369312234,0.0826976605465535,0.024272850050827976,0.08241190746999476,0.031072318446999515,0.07564840654921497,0.09983819997748522,0.08352469265725715,0.11715535543083871,0.13340270719450195,0.04601053451716801,0.17851845742561923,0.16108599581658647,0.07323151076610576,0.17872248801549492,0.1022662472457395,0.07056427145717092,0.030665479084558717,0.06577065683641112,0.0997744606339995,0.026218655511224508,0.06442997815572153,0.06613871697955018
7Networks_RH_SomMot_31,0.5496401764458448,0.6728736520873774,0.5158192255558475,0.6581934114979952,0.487663902710131,0.14800549889365214,0.4911288122960166,0.4895254533487248,0.43519883162318335,0.42191211275215856,0.5360332182908741,0.5479211954565278,0.38048549967310885,0.5729000110487853,0.4651723101431623,0.5363313826549969,0.6171337982689981,0.5441513287547226,0.6404241639867816,0.6765404371623891,0.4758330020547851,0.6933395521037345,0.7786212197733589,0.42059408664733944,0.6397724674539037,0.6551973388973396,0.7164877908426707,0.4699865223057247,0.5998290747614909,0.5470615876361948,0.44103815583194744,0.5289064082561995,0.5396306909236052,0.6752557251058416,0.440933042078981,0.6591758025078743,0.4160362675551364,0.5691281892727849,0.5089586825335366,0.5221357879219324,0.5736313181976334,0.4612612081710003,0.3606520143124744,0.6197788583882965,0.6910910042719591,0.6266375572218127,0.567661613412944,0.7570210307360852,0.7480190519435597,0.6332893964366282,0.6863518368823497,0.5491575566652965,1.0,0.6720276037257187,0.5657196522042969,0.6455690162608114,0.5234475097430019,0.5168658336036825,0.6024464506362892,0.6763296315175783,0.7163515567625125,0.5020891223990555,-0.013981229204646917,0.04561462976965925,0.01832592522292669,-0.03139395117991441,0.008125775876818429,-0.028460191739802382,0.00964282396251886,0.008410261206261245,0.007624814141798685,-0.02294021022718234,0.015498088738123006,0.061095747702920616,0.012365661278701742,0.05600356473649468,0.05457740118608132,0.029712735271962085,0.06571188755788243,0.07329628751071687,0.06791024256332027,-0.033340546497764446,0.006757777197147781,-0.017042490141147237,0.04080286321738224,0.035670794632085966,-0.00707791888932479,0.019433318944591417,0.02459608893257077,0.005148740123437554,0.04987042788225269,0.002419397214620328,-0.03669315744644468,0.017417913149305197,0.10255385640906234,0.1597376267460674,0.14351878382398034,0.028692195723792054,0.1321629100726151,0.11039737089090407,0.02505812581140242,0.09878054995868985,0.10329890194522663,0.06950654764653548,0.07523497324921967,0.00448663144433101,0.04861069559741527,0.026703894436910455,0.06776410979974475,0.07268604042785232
7Networks_RH_SomMot_32,0.5493746971723372,0.6924369742528974,0.5636661881313156,0.6147258879322776,0.46947027524191065,0.04778245579855477,0.3749013680454489,0.2922016526734524,0.2736746340805578,0.36465422851848395,0.5388458532343158,0.5063605230029445,0.13577394302136653,0.3688758631431664,0.24764111516255083,0.7337237291073538,0.6779601741905379,0.5637374605840603,0.4627812323431646,0.7347803137613117,0.2707371878951367,0.6138862921543486,0.6024273591573034,0.3461128107525266,0.8019716400256666,0.7098718588178643,0.5740452526145089,0.5732419760822439,0.6955168391481666,0.5412194602548412,0.47147440600143203,0.5422458078240261,0.626202635349893,0.6570154406482407,0.5295911055496121,0.606180022457734,0.2724117171629383,0.4583297749458039,0.4507418535164578,0.4364828257305577,0.5311651818630553,0.43315708186139285,0.24037970619927165,0.510251045641217,0.6026697085543705,0.7278555949547252,0.46523223184830187,0.5883679806528812,0.6341617103741378,0.6118083382991013,0.5317319658255579,0.7756035657862508,0.6720276037257187,1.0,0.7018192115219063,0.7280334885892371,0.6223754519089117,0.5575713296469604,0.812313713344136,0.710845683943229,0.5824792752291178,0.6036888557818366,-0.008715229896842156,0.1036168497304636,0.03201810837537277,0.005538320468466719,0.06089323949502234,0.01692431657080193,-0.032231055424105905,0.04592341513591199,0.09401282395230152,0.11495967898465456,0.14558554989806693,0.07496697218751591,0.10761185404781068,0.15035003775464492,0.1494518826771181,0.14538858292468348,-0.013491223323514403,0.03227432767085212,0.031111304573204084,-0.1491555153871965,-0.0762916396459822,-0.07176780183794233,-0.02994890846319439,-0.008776681740207144,0.041470408137904986,0.050065243392709874,0.07275565015481678,-0.05427665641410396,-0.026576229326320314,-0.06526142315155004,-0.038022153145446415,0.016134200155323776,0.11426304602401961,0.17241793347150233,0.16934070407753052,0.08257864919086849,0.21856041231953566,0.21314272287311103,0.07675766802657184,0.19023224095495,0.05091058427235799,0.023289039911843976,0.03444650789801609,0.04617971089124836,0.08260433656097604,0.09329152785408028,0.05253286561556774,0.11340188830738111
7Networks_RH_SomMot_33,0.5227860846025866,0.567305573232277,0.5988080640793415,0.5517843117465654,0.520669519069277,0.15032127575461043,0.4320715735866931,0.24604903994503022,0.15068168172834068,0.47364142518803726,0.6149024071583981,0.5713870493039558,0.24345943119823923,0.3010603216695441,0.3277550328403846,0.582512132915866,0.6289926609495254,0.588971292213859,0.597779012053087,0.5243644288376929,0.4004517003065325,0.554679029273885,0.528901166637768,0.5552456039707709,0.7079844348209758,0.7607187528441225,0.5507622776581298,0.7943729304710452,0.6150392754510398,0.5954259124320042,0.4459380465640196,0.5667325400403466,0.5978772891376497,0.5786753206317174,0.6020641744042703,0.4919503501091629,0.185529998420947,0.44540596991573383,0.2755581389069948,0.5465584340126847,0.29112740033875917,0.30848764766645087,0.2794292669991012,0.6230502634390188,0.3458914247625961,0.7121627825854981,0.586775489104964,0.5938585701062631,0.5304320052275774,0.5105600479593563,0.555399516357647,0.7350698427211916,0.5657196522042969,0.7018192115219063,1.0,0.8826877213541159,0.6599892956465359,0.5081701557725001,0.6225743500305686,0.6539553903007305,0.48316966559072394,0.5636678531181575,-0.09993247265347088,-0.013495074741241073,0.05953000806568338,-0.11816701273278513,-0.0774649225083367,0.004670305121739819,-0.10637741740953048,-0.014118654745514892,0.09082611165936208,0.1638716866289161,0.20603027938735763,0.04718608541786159,0.13165846782588517,0.17286537426675735,0.17799285703247253,0.1645396946515172,-0.12068928584500871,-0.10353369501167489,-0.13029247669406752,-0.22784656787267782,-0.14115066365338613,-0.10833276128267125,-0.14377021361036024,-0.12372607356924663,0.003410339663173467,0.06348951591232012,0.0501704377017999,-0.011937236070577378,0.03253248489429069,0.0006569282673571876,0.008551013181533295,0.07912906766411043,0.06949447672499404,0.14427197145792237,0.11283990671443761,0.1080166257397107,0.19731918902608953,0.19067198055745746,0.12232573227635858,0.21439462540686585,0.10043651205581734,0.10667095819694122,0.057261057459563655,0.12236725379832704,0.16281031993247852,0.07276674411251616,0.11615519687614086,0.08081410026714475
7Networks_RH_SomMot_34,0.5761890886314076,0.6323682270544241,0.6366511126409947,0.6287784357746549,0.570553731442725,0.18739257340506243,0.5073671316172075,0.36409824292988274,0.30512519673410404,0.5360264915582238,0.6445637822388622,0.650703023838399,0.31856266576671183,0.35191861925750545,0.40869488801682985,0.6787616067146224,0.7099622725976452,0.6298974551545204,0.6548785018428868,0.579141960327199,0.4841384892016494,0.637086706219168,0.6128999327447503,0.5918997409509649,0.7309179358535551,0.779824918068311,0.6522580915152004,0.7759588245256447,0.6475389008317218,0.6580814310251757,0.5522363737058388,0.6221402805956197,0.6473480108850143,0.6678298327197549,0.6003382979720565,0.5857893070155654,0.31241255771709336,0.5460953145597456,0.3838477515788283,0.6163959679846753,0.3932199016202994,0.4119774200464661,0.3307956475725397,0.69922721553521,0.49995322206959847,0.753770459749971,0.6716316118711413,0.7211155195884084,0.6742120080329786,0.5731231573333927,0.7069307377261619,0.7689434233692911,0.6455690162608114,0.7280334885892371,0.8826877213541159,1.0,0.7340050926488977,0.5590892720018761,0.5886206021663972,0.7257752166129054,0.618099073983737,0.6181504455607907,-0.07683739200462215,-0.004192543068657222,0.0695450488466132,-0.09213470842027496,-0.0871393298926321,0.021905097589322953,-0.06495929150697581,0.023167408226322572,0.07563144658270393,0.1368920731739244,0.16833085937190004,0.08804249761381988,0.13815485038218273,0.1759452595431223,0.18409566483539982,0.15722174291959315,-0.05158922696623258,-0.021588262515752844,-0.04622030308411422,-0.12858402034845126,-0.045966267738254074,-0.027797814871076423,-0.03441717196652799,-0.025478635104968166,0.008387472666022064,0.06800776787124976,0.05567609557761193,0.03644815181662313,0.08616593287661939,0.06229772708917914,0.022288752326503052,0.09093820954606606,0.12074686967667764,0.17910242317379868,0.15910540259547645,0.11046114267774264,0.21447166162203007,0.1814293036772533,0.13624414271890525,0.20602241050454584,0.06876826646346712,0.05341217351061107,0.024870434680260112,0.11215599473224225,0.12930873245089416,0.04781120153141031,0.0964991139574979,0.04955027662489441
7Networks_RH_SomMot_35,0.4077795865344012,0.4931531345845958,0.4443080932704293,0.44960893352563247,0.40338496999049445,0.18059739371235678,0.35414236528405096,0.3724846505810669,0.3189603821553523,0.39429610148050703,0.5011093909310396,0.5183396457466899,0.36886653248442824,0.336172772390122,0.3254642828089303,0.585448292631806,0.5743469519829743,0.5161641005103801,0.5427458536240839,0.5319091297989457,0.5208398957452536,0.558991345719601,0.5054811591483944,0.524646470554417,0.6586424090123072,0.6337799017079263,0.5688430444814292,0.7047269936505113,0.5358389665967003,0.5994595064707968,0.4081859020810166,0.4415331682354468,0.4674690558762471,0.49621546663441823,0.44315643820197737,0.4643800079952484,0.29995336780225096,0.4398813601162609,0.32169627057300193,0.4437421248765286,0.39168575206090017,0.2828341158287227,0.3835173218909352,0.504567261281249,0.3964397269238561,0.6069243063766905,0.5159854382140359,0.4863564494199803,0.5424440539002593,0.6733709433383759,0.5071642167667969,0.63924420823119,0.5234475097430019,0.6223754519089117,0.6599892956465359,0.7340050926488977,1.0,0.5736118808631132,0.4690377721656347,0.526702653750483,0.4952871828957911,0.6595168155862473,0.0023274116687748464,0.027491685936050756,0.07111380561520177,-0.03666086594420064,-0.10090486475032091,0.008190234758547636,0.004083534398486513,0.04607012044616874,0.15529565600873588,0.16228291937931852,0.21112728551246696,0.12266677548629261,0.10302676221707216,0.14244557573019662,0.20139257269794972,0.19045417989782892,-0.007769381895237411,0.05443492957292422,0.01600847138350014,-0.044040589292630265,0.04026143657359002,0.04747014179996347,0.030083607986861965,0.07247043419791731,0.01124274858500059,0.08564837440968243,0.04048289505132884,0.07077797039464898,0.07187710219738973,0.013092839001681063,0.0857047129299254,0.09227105673041253,0.09162377333102802,0.1401956850896734,0.1201647203167991,0.14858450605632836,0.20230561793974428,0.1494844083305217,0.09908818664522585,0.19354757818895887,0.07430432382868442,-0.007141711169025898,-0.025235137356766368,0.11418476290256255,0.0652760178942288,0.0065264924549910735,0.08849708180639286,0.03369021516685452
7Networks_RH_SomMot_36,0.5273175992795299,0.5463409735597721,0.49844639071084906,0.44334122796617575,0.44395918206300405,0.1931306382799372,0.29964844115118205,0.4564518207008682,0.2800723915030493,0.41311142969922626,0.5856337896834486,0.48523752749671695,0.3421442612686788,0.3516071353413428,0.3333040485785134,0.6391561542741001,0.5447273898313585,0.6642067236577668,0.4395118752186836,0.45603167920697396,0.32896288155710446,0.47358817503580936,0.5304270723179936,0.3886859443992069,0.5651176425062474,0.5598218843631152,0.5655981338628764,0.5683261169504058,0.38661613089383623,0.4261068829583209,0.4979465819517734,0.42148124918035734,0.5389118834658846,0.4871801596333206,0.44617102839908906,0.5491688765989542,0.40045220086286315,0.4708390781626206,0.5778493899093013,0.3671275803500821,0.6183311433101578,0.4366702437396114,0.48444067098294097,0.450758443123861,0.5126693355389425,0.6700117075283808,0.3976362919555594,0.32135371761108017,0.4372201595717992,0.5839000521068278,0.3330415206619339,0.6929485687897041,0.5168658336036825,0.5575713296469604,0.5081701557725001,0.5590892720018761,0.5736118808631132,1.0,0.3843078293605113,0.4127389529988569,0.37674112367769746,0.4309718589739615,0.008178385222304388,0.05455184391422899,0.13143389265847677,-0.056669989424553556,-0.04272527384610993,0.06906294269973268,0.012389302157532431,0.09169429961452193,0.059938139197384034,0.0459901119508362,0.11760248946852477,0.13368704258224312,0.0640058560010148,0.13078498408342112,0.14262076389408967,0.14844841366479236,0.02984046603378563,0.05624043688558669,0.040237493846122546,-0.044515443034254004,0.024689482211635812,0.009763960060570384,0.029674258814038026,0.057790689778102186,0.23348957939707546,0.25142887784238704,0.20629092939829968,0.06294664702423297,0.10951175787336176,0.038347498411368676,0.1648907771870718,0.1629731057491473,0.02992197868690554,0.12459261021922251,0.08777353718372613,0.05655234523764302,0.15947257699957168,0.08433220152486849,0.032481540312617754,0.1094238374202894,0.09546409889997544,-0.0008110418268725644,-0.03601172503831835,0.0354870172601069,0.03024436134651955,-0.029019328066536496,0.01570284962832903,-0.0009022893627367272
7Networks_RH_SomMot_37,0.3985153797193548,0.5736413964031495,0.379475983905189,0.523295582577063,0.34292754883794413,0.02004269928979944,0.23790866537056313,0.20966799761583785,0.1907632788055487,0.21653342756143526,0.33967258017755747,0.377869799027885,0.055694311439704595,0.35912452101033987,0.07528042816057837,0.48521341474844143,0.4823447132348188,0.37239666093749413,0.37987586333451206,0.7452231158089393,0.1580846509588616,0.6272957775933236,0.5353147053111112,0.18799127506068083,0.7343131523315921,0.6294121224945752,0.5002575528200677,0.4520608800542793,0.7797260428734257,0.47450366469474997,0.3087127609014313,0.38500012642700204,0.4308629397793971,0.5192432200783103,0.4019154599013049,0.46380081181050614,0.20453659291579998,0.32221650226277915,0.3557663888052249,0.2745699942050914,0.4307935050506792,0.2669746583081034,0.12250988717145816,0.3620121842559551,0.5186493058840536,0.49616198804327266,0.29472954212285074,0.5033512839062689,0.6099884619446642,0.5155887289847749,0.4338186411015012,0.5340659201958824,0.6024464506362892,0.812313713344136,0.6225743500305686,0.5886206021663972,0.4690377721656347,0.3843078293605113,1.0,0.6503947712999567,0.5460589419538945,0.5343472539983295,-0.003197075211047991,0.07412523808410157,-0.02055227829364738,0.06056024040949391,0.06924190575659261,-0.0041491623249854895,-0.01614813358114145,0.03035348013123976,0.06832057529666313,0.08052518455292668,0.1007640168931485,0.060355947763810223,0.09975384123641005,0.1194024567974877,0.09920067367588097,0.10259551465096547,0.03877680892268343,0.05990100092600163,0.044552096709952145,-0.10011263413528573,-0.03659236547249153,-0.03580224427233389,0.004672379259119047,-0.00189646587594251,0.023833639818364737,0.06200002529867006,0.08136164519950456,-0.046911463803585664,-0.011841727887161601,-0.02698906228784467,-0.05660103678671829,0.031975424145008924,0.09646833704744841,0.17959558958120275,0.14430118046448165,0.10021410762218448,0.23733192526347302,0.21913521556771584,0.10068295058615317,0.18960248772482483,0.036814664701693395,0.048690534842714385,0.04747542604329264,-0.0008059259032235427,0.09677234027887942,0.10054795156392031,0.06357478931331717,0.11694073129708518
7Networks_RH_SomMot_38,0.48569963309146025,0.6652406793495763,0.5374359254234168,0.6411244606218004,0.4653807625768461,0.14082606759865263,0.4783441744356812,0.31078693022962456,0.40743026158644513,0.3864199983772303,0.4567432562427967,0.4933397413959661,0.224993839698326,0.30288103516408255,0.27126272291214826,0.5891759184391994,0.6478798784791584,0.4985311436844644,0.5474965822026403,0.5856629081458031,0.3940231684276644,0.6145262682117599,0.6624236362424959,0.4269753690744756,0.7780157256909661,0.80227824039587,0.7269493254770839,0.5393856356031658,0.6768214619687879,0.7295476525738366,0.540110734016146,0.5449297230074167,0.535870754369523,0.672240060388338,0.525177765389257,0.5545417318287212,0.4009662181266463,0.5081869953527918,0.3059203539613189,0.5225092231069774,0.3174605962768377,0.36292762420299324,0.09772644640217541,0.5593854165707484,0.4788253228597915,0.5884330212411922,0.48405017989227084,0.7818912675544766,0.6776849816593163,0.39836935262049183,0.7494259344816135,0.6641891494186494,0.6763296315175783,0.710845683943229,0.6539553903007305,0.7257752166129054,0.526702653750483,0.4127389529988569,0.6503947712999567,1.0,0.8088681163604515,0.6617040768187362,0.05617687476419395,0.027091576143454754,0.0446566910391148,0.03123395513149342,-0.022433618582200773,0.03338736096596083,0.019223188765310043,0.05154551027417199,-0.012569934809953545,0.029870609178390215,0.05096660314788554,-0.01563951608451957,0.05031241264001652,0.06344484666456557,0.02904020660178189,0.0307805083974488,0.007029438750579946,0.03942403852932048,0.012821921721807019,-0.03241426298673431,0.012437575971492707,0.017087390306104882,0.0442140900541831,0.03084171115215849,-0.015488006170164987,0.01614042379111565,0.024661899147718186,-0.015810603982454857,0.06194187109138252,0.07076906069770626,-0.03985819996093244,0.04896442788547034,0.04223917980252215,0.09914350617095831,0.1349111306558174,0.09259987903563244,0.1905361233226542,0.16165707634788648,0.07264775872919806,0.14852562093253024,0.07131474066952612,0.08929031895162055,0.0751330796444999,0.08153482087412098,0.0979173791815998,0.019828803758875236,0.07540429139771405,0.024531715509512993
7Networks_RH_SomMot_39,0.4111693728371157,0.5969848106099477,0.41194895700968454,0.5658307085611702,0.39562932371633164,0.14701491587939888,0.44625284810841975,0.38437206396319024,0.5438297985282028,0.331311179360085,0.40435747155539103,0.46062279468093875,0.2938561946674152,0.3992565397266838,0.2903241927933206,0.507293542264309,0.5877778400159067,0.44789082301683436,0.5375556884093803,0.6006021101949923,0.43762074208688023,0.6569132731121966,0.7253697481235588,0.4707875302484823,0.646670309582916,0.6932743989568586,0.8072181132094414,0.39622972994216193,0.6426874690272468,0.7866577136880216,0.5167746852742682,0.4443459614951977,0.4200515461332254,0.6142615162716485,0.41616194044896787,0.5434467492147793,0.47997156318445217,0.4845711295934775,0.3701963225600169,0.40377735820755084,0.407178003383747,0.3562424836125056,0.11756161103607303,0.4822164396454079,0.6096587978661991,0.45524845107916173,0.4833364881013825,0.7753091501934618,0.7718793485689173,0.43821003479345416,0.7841227893077559,0.4931406737463374,0.7163515567625125,0.5824792752291178,0.48316966559072394,0.618099073983737,0.4952871828957911,0.37674112367769746,0.5460589419538945,0.8088681163604515,1.0,0.5188850041728668,0.07804460544063309,-0.04175752292983474,0.0038850522927187936,0.07044283594382166,-0.08854358036851971,-0.04832387082215267,0.06587004197489069,0.03421500195995878,-0.02191019965096953,-0.03594504377471178,-0.016424988210445367,-0.030749346927139105,-0.0071620482828517774,0.030472994932981008,-0.01939108136806728,-0.021839830792870347,0.12207977948525461,0.1063037488742205,0.07591524774826792,0.11727753304874962,0.10456027001461317,0.0826837149834433,0.1586545255161863,0.10152992740861388,-0.07336497728441065,-0.07514376584668088,-0.05601217452770211,-0.006112429761615008,0.027703115855128607,0.05118819403904365,-0.10443416040507728,-0.04898956010852335,0.060711732915638264,0.07875288979450476,0.1188254196335938,0.08814174385476259,0.12609515901104712,0.05126949195617264,0.0079298068188058,0.030142607696414442,0.01260148285607808,0.01511534982321063,-0.0038923762862435175,0.016228227289539796,0.07280170139947384,0.0053914099866007896,-0.004195329819822547,-0.06566013893683255
7Networks_RH_SomMot_40,0.3821592942614062,0.49553489154247665,0.407818832713537,0.4409125205472453,0.33895125756535804,0.16301414626189206,0.3498702511753364,0.27874378472657796,0.2705727383474229,0.3228315551027678,0.34373443427736045,0.4200036995039608,0.28543652944316455,0.2714688165776651,0.19480093566484585,0.5166631737557724,0.4873074694683969,0.384887374928359,0.4818900411793292,0.45592334760737385,0.38853003126300356,0.49807438033087004,0.4800686888473284,0.29519024304364655,0.7208531757138135,0.6652197087609542,0.5393110261034902,0.5632627109202311,0.543698061973495,0.5292931068488609,0.381186240766149,0.40703563487257455,0.41146497267680676,0.44277957154625114,0.39440369559365046,0.40174607527489836,0.2540393106480187,0.37524179864583224,0.22721515742499018,0.4222098181506292,0.2620240525330372,0.24163624772687828,0.24125824185411443,0.4269733517816499,0.33277547334188873,0.49202677467267303,0.40600546592966297,0.5076587168272443,0.468440422673561,0.4216839039614559,0.49832872215130636,0.5773230805030782,0.5020891223990555,0.6036888557818366,0.5636678531181575,0.6181504455607907,0.6595168155862473,0.4309718589739615,0.5343472539983295,0.6617040768187362,0.5188850041728668,1.0,0.01906319593802593,0.05823419812784965,0.09555629426486445,0.018720530041060977,0.04229360477596339,0.12103637422750033,0.032778423115960444,0.06638351971411866,0.05137107628096487,0.12463982641738278,0.181034393474909,0.03263385391907653,0.10938279970571115,0.13145836417542553,0.13590191640639993,0.17250090818993719,-0.0033325183806749347,0.08034289638920986,0.049996083640789696,-0.04344152239797717,0.0501660570762251,0.04669211345850556,0.0576863457917563,0.10771573446517003,0.01215511226693451,0.1007919963243813,0.09784694281845326,0.048754388290783844,0.10251631623399025,0.06078187728667379,0.09026454493819433,0.15006305808094123,0.13131498149050938,0.11870059898997312,0.1461735479918339,0.10273124921402374,0.14825358005681374,0.09331753389130798,0.09730298408521937,0.14387354924653895,0.049666772719285636,0.061524001870823554,0.05965379715239551,0.09529229088737264,0.07548367153997272,0.01744874653963776,0.09021459884287145,0.06234970190407423
C3 GM left dorsal horn,0.007786351576061783,0.06747877333520576,0.004760116758332796,0.048117461303361704,-0.009737865760192985,-0.12137810890488547,-0.03192944205922589,0.04730222950654165,0.11232125465346464,-0.04411587189569872,-0.032555535188896714,0.00466484830983005,0.016791651903078762,0.0463088090521967,0.01851975149664993,0.025259602663098967,0.03296181308578508,-0.0028815447582579428,0.017552152048305732,0.04198743928461358,-0.00545077453267938,0.0364124445878569,0.04585973262875083,-0.02369171261784839,0.0879946283155929,0.029720828798281845,0.059433719715927646,-0.04160696876515138,0.021149883866867558,0.07473299138785607,0.05248585518556109,0.020969668256001075,-0.1044245423373286,0.007851579086391648,0.016128162390443086,0.042716687153816976,0.09315019882742684,-0.007879853960956903,0.044295309002502774,-0.050698294782030286,0.07475979121389016,0.06819135482231112,-0.03188200995868192,-0.014167503568108551,0.06933389254836851,-0.022221306676023463,-0.039900021960261274,0.03647034917776876,0.030140593009742533,0.025801666852933752,0.01836243318241131,0.00011154754488929045,-0.013981229204646917,-0.008715229896842156,-0.09993247265347088,-0.07683739200462215,0.0023274116687748464,0.008178385222304388,-0.003197075211047991,0.05617687476419395,0.07804460544063309,0.01906319593802593,1.0,0.35786819934377145,0.1671146451190372,0.47641303179051975,0.19287648142667924,0.10802980282843401,0.4745223252074858,0.3181903149685172,-0.0683286922004431,-0.20042997590443098,-0.16477192285300524,-0.09263873473929286,-0.21675842251330793,-0.12954064237028992,-0.13262559355581477,-0.008757572978495665,0.1746946825738184,0.11915940814582908,0.11330139121599302,0.11055608524201414,0.10258637231183129,0.1004140975626473,0.1615284091245241,0.14082238992796597,-0.011067495021099138,0.0013123396096623963,-0.056748675567457205,-0.04891599524506921,0.025150147003902047,0.019221987232045663,0.026292218764970395,0.014750308391068574,0.02959290637188647,-0.016705029128658094,0.09060543019059905,-0.030173122950709633,-0.005947288248595941,0.02094576664868464,-0.0015344432779170988,0.04514575377714549,0.03337081907768609,-0.0981102238234354,-0.0763113264244869,0.012099243218921309,-0.08302878055944603,-0.0709987056375712,-0.024825366703450518,-0.07478568253371888
C3 GM left intermediate zone,0.08958449090648689,0.11572312452032764,0.12576214533794655,0.13564562748087067,0.12328096334884225,-0.025618344021368977,0.003137418561139702,0.10961119574435348,0.01403810370130752,0.03799402134621444,0.16871437308833637,0.03716535543918084,-0.028117383522195064,0.057381061131962896,0.1243605092083962,0.1380419761605146,0.1453698273924836,0.15168065019942084,-0.01203836840798841,0.08158470068038061,0.0031588363279146754,0.03253341639005293,0.06581008287132026,-0.025472550541002385,0.09610193474877365,0.06345242462238529,-0.009100651609402363,0.023458866272511647,0.04398410407122955,-0.0007821629016205293,0.028958877802216974,0.11136457381433079,0.09061272358144597,0.09380672899820379,0.13063117461698134,0.12996719885989885,0.06378341729392935,0.10532356565467876,0.1315957621322754,0.0711706295119208,0.10512697778437236,0.15721357357407265,0.06795683465566893,0.07388761171786999,0.096640652317512,0.1667601488029517,0.04045616644639444,0.017064696846734884,0.0031851961365032457,0.030107878186014063,-0.00727367556793161,0.10315791373470999,0.04561462976965925,0.1036168497304636,-0.013495074741241073,-0.004192543068657222,0.027491685936050756,0.05455184391422899,0.07412523808410157,0.027091576143454754,-0.04175752292983474,0.05823419812784965,0.35786819934377145,1.0,0.46779958093417295,0.16583141039646607,0.5838681109614272,0.259762052480507,0.13434194877700498,0.33423074074492437,0.06209360764775584,0.06145406592209451,0.07378924598142576,0.04494550004446942,-0.026007983953201093,-0.020275844829735955,0.004210377318704875,0.1212564461724879,0.1071285166377962,0.12261935378335453,0.12640776726146524,0.06870809546627726,0.0708922133469344,0.06765136143950334,0.11701819050636718,0.13901978962024186,0.15511903528948573,0.13666878395483528,0.18234039786122747,0.16495334916764587,0.16584636020556287,0.1538082850953627,0.2755551988336946,0.21170794846680674,0.1448320170706385,0.014612953586936022,0.09995655828223009,0.046648457829648535,0.022829563806310703,0.10490982175665971,0.16079604461974656,0.10372747167095786,-0.0369370849445513,-0.10390373550752804,-0.010499413914325472,-0.050978074495164276,-0.11000483747886332,0.024848020651505556,-0.08075558150102942,0.02339369589166749
C3 GM left ventral horn,0.0682388907377354,0.0914802285572757,0.11448762218435873,0.11518087687046126,0.07636623777238344,0.006356167266351675,-0.019130579606617282,0.05707868255626792,0.0962399869924274,0.034216485880058586,0.13919397517147528,0.11555808514199663,0.10271531334952565,0.014491323395626494,0.13248561759475308,0.09352872001256227,0.1237287181021282,0.17335192536435445,0.09813625141132165,-0.0347069317123109,0.07849078563344883,0.015538485627852311,0.0446335320313242,0.05918397979676792,0.07272192283410622,0.10238257612121127,0.030215851276377065,0.09038872065798016,0.0015989216828045936,0.024514274912258223,0.1119598220448511,0.12054224973865886,0.06932162774998218,0.060559341437449385,0.15787443346178562,0.09331049850885725,0.07782546707577864,0.08063665538242473,0.0568236419027377,0.07658575058385983,0.01321734186401864,0.1381875624526394,0.16735513217536985,0.16034814087676222,0.014219274874065659,0.1685587235683449,0.15498245029209867,0.04834888382232227,-0.028062696607115946,-0.022262164639921686,0.045319687624534824,0.1392613302508299,0.01832592522292669,0.03201810837537277,0.05953000806568338,0.0695450488466132,0.07111380561520177,0.13143389265847677,-0.02055227829364738,0.0446566910391148,0.0038850522927187936,0.09555629426486445,0.1671146451190372,0.46779958093417295,1.0,0.04486894058386906,0.17133477264722805,0.5856010552109359,0.48132616042311077,0.6832203533904716,0.18672044833882126,0.1373635792468128,0.20473902873160593,0.17982731185292639,0.08593408477747118,0.1254538606540082,0.21975385241821907,0.29628593875565873,0.10276471282723404,0.07451593529516158,0.08184080515651108,0.0698549211352751,0.06069114425793249,0.054587400849053544,0.1041373194174725,0.07706142774889257,0.05455089750981255,0.1120462791958623,0.11215320021835673,0.07913542545025723,0.10298997145871144,0.08620927476363996,0.19198734009175908,0.1426959168639603,0.07311452815953258,-0.06485318058002651,0.04418599545535352,0.07756788370323561,-0.024726502377412297,0.04068969482906571,0.03333166970203301,-0.051528532725620434,0.015923462895049284,-0.025708106526645753,-0.020925832055994617,0.09144664023969758,0.0743999564140377,0.08470947054271284,0.05326969774940544,0.10527551801560019
C3 GM right dorsal horn,-0.0752112059661756,-0.0011932195056571129,-0.08017688620922513,-0.040224287183542325,-0.06150276203601762,-0.0689126075153765,-0.08753684357737886,-0.00853698081503552,0.06967107350166223,-0.11279536281109959,-0.0978171549571589,-0.07335418101166148,-0.09841152372236933,-0.031063929394720267,-0.06733194257925497,-0.01669778999514545,0.005233694938940183,-0.06460706729815788,-0.09292045739314782,0.014662551233410483,-0.08457042918092657,0.002746628463173308,-0.03270462499857628,-0.11514840538692576,0.006712902732582355,-0.050008476215078916,-0.02663482951943606,-0.12342304038945225,0.01627852540016576,0.00031532064989492993,0.028090063737334695,-0.061185726148664514,-0.08251119126307613,-0.022521986505248164,-0.04365459071906597,-0.00481627542500072,0.09958326071042481,-0.05972642416961005,0.0059787338388333075,-0.1215849009844273,0.08208035860578071,0.04992398186358104,-0.03478061279053792,-0.09636159439625473,0.0617009690833284,-0.06881985004131164,-0.09800460884384443,0.012332737057239456,0.03281288437591497,-0.03588745742116349,-0.002612268058555774,-0.03362486039032807,-0.03139395117991441,0.005538320468466719,-0.11816701273278513,-0.09213470842027496,-0.03666086594420064,-0.056669989424553556,0.06056024040949391,0.03123395513149342,0.07044283594382166,0.018720530041060977,0.47641303179051975,0.16583141039646607,0.04486894058386906,1.0,0.3232704639935924,0.15008709184686564,0.3748037529365592,0.31218643904889215,-0.05048014792888631,-0.09948049006232342,-0.06001732816605402,-0.11806602233609184,-0.16172149989094106,-0.0862494725294021,-0.08073331782587044,0.0450617846674056,0.14807126094590906,0.1517237435747644,0.12548294704023522,0.13832563118218114,0.13176708115898833,0.06282436241783923,0.11965114674952829,0.16107480129437926,0.04010553929954169,0.07014759528738714,0.019006181990832774,0.004332803939308719,0.02808394530056455,0.022295724431986366,-0.0023764082488298235,0.03501562723637481,-0.013537078145884975,-0.07778252220445447,-0.06743044404710404,0.039308927499368054,0.01383813646176769,-0.00022179191139757367,-0.0735276633329175,-0.06251848439495256,0.023555830622833587,0.045007643830689725,0.02056477190097669,-0.1574232741754547,-0.07964681881654329,-0.16100274812530993,-0.03830983543496953,-0.013832323150363198
C3 GM right intermediate zone,0.024929013319276844,0.022254924300705064,0.04608219666962144,0.0029788898643783803,-0.014699173778936833,-0.08447719255268354,-0.0842976129170214,0.011899761214796986,-0.04729894232757239,-0.08305816704268097,0.031200297946462254,-0.08166058785755316,-0.10702252181042216,0.02008612324406969,-0.008558382911207375,0.07441839643973433,0.028961836519883967,0.0032004941389370215,-0.09274840830861324,0.04967296835166159,-0.06374510549746049,0.008652697818708173,-0.0419245831441177,-0.11628848332762579,0.035285757796389844,-0.020912167871297693,-0.07392556141489318,-0.0923019752117242,0.04487653926081733,-0.11686157314770791,-0.06779369217686794,-0.034951641968984315,0.03322264097881115,-0.005250249410496676,-0.05302033061896753,0.032093681656596526,-0.03517278340545472,-0.054946242860362024,0.09421243455095137,-0.06651287843149753,0.08685111981405595,0.11762220318327397,0.04699035973857247,-0.05018988427048638,0.09180600303140458,0.017077464717184822,-0.022985672179425095,-0.023651436283837337,0.009207906008265123,-0.010162831260732683,-0.05587358614404469,-0.030145323255522608,0.008125775876818429,0.06089323949502234,-0.0774649225083367,-0.0871393298926321,-0.10090486475032091,-0.04272527384610993,0.06924190575659261,-0.022433618582200773,-0.08854358036851971,0.04229360477596339,0.19287648142667924,0.5838681109614272,0.17133477264722805,0.3232704639935924,1.0,0.42858211909530436,0.13179607030303384,0.24017046168576783,-0.06264898425114912,-0.00011950869477202906,0.01898715351905263,-0.14079358658386748,-0.07458998044172738,-0.048847142720708385,-0.08792631117800519,0.04276337866133238,0.02719447521821176,0.13079536804974326,0.1512274427501386,-0.0199193055828271,0.05144090775931143,0.04497611402387197,0.02247912938938655,0.1381251125377188,0.1365026186214115,0.11375072511253197,0.19162765700620374,0.07396581425592332,0.09517588757955639,0.11263058679835178,0.16485807314246828,0.17638811486576292,0.12440219528196382,0.037047334952521965,0.07181154032379221,-0.044126994723804686,0.002723039528630703,-0.0006364810691390118,0.0794025915475438,0.00750053541091616,-0.003504062087272885,0.013779346098224163,0.05686099259129289,-0.13477578527427178,-0.07475826722743348,-0.005188349445256513,-0.08193466294725887,-0.03265548241607603
C3 GM right ventral horn,-0.0006056270323855584,0.022605567263445283,0.040124965823100614,0.007260378173586482,-0.041402192812364916,-0.03219636454082887,-0.07238278259233093,0.016875420906538076,0.0050937926716069955,-0.05261041638212219,0.030149014695940515,0.027012071828689796,0.029717345125831605,-0.012713373359394457,-0.005747821113611593,0.05578420695265386,0.046767608353670914,0.06907239023663636,0.043613651402469644,-0.06398382052481054,0.019883541676584654,-0.013713796293579137,-0.036091666045122144,-0.001004247061006584,0.027747828136743934,0.02240819368987619,-0.009682066100333604,0.02410013304849161,-0.002014742556170748,-0.029599276189476612,0.03005565221897765,-0.023199678774022146,0.020393172606479895,-0.010629072886485682,0.015481752558021172,0.03752236691644682,0.019808740896108845,-0.003472733533211057,0.0428229644986019,-0.03007464627022328,0.0193798904368147,0.07504672510301838,0.10583946160136361,0.05645546778627961,0.012010049170508567,0.07321766789458675,0.03541810652287262,-0.009618662047525746,-0.0199609543630828,-0.024478282927513702,-0.02873535696677678,0.04688860192291989,-0.028460191739802382,0.01692431657080193,0.004670305121739819,0.021905097589322953,0.008190234758547636,0.06906294269973268,-0.0041491623249854895,0.03338736096596083,-0.04832387082215267,0.12103637422750033,0.10802980282843401,0.259762052480507,0.5856010552109359,0.15008709184686564,0.42858211909530436,1.0,0.4604972847507558,0.7426939511554085,0.014429023278875288,0.034639483445434396,0.11119645438845838,0.11502474112305562,0.056509891640055425,0.1508953718389356,0.18294073707165298,0.2850750196563593,0.008055721063099687,0.10446753432088865,0.09270850480631934,0.04957919545176345,0.12200192929719239,0.11691561210625497,0.06880865718501877,0.1218900212033788,0.12195883455555019,0.18178602710391623,0.1759365600506205,0.059103675432088124,0.12012835122744976,0.12095850018179562,0.15796987856941025,0.20290116664066962,0.05359231026660272,-0.027466745588436585,0.054094145530531795,0.05289855247531122,0.041896518492484915,0.025554838269321773,0.03736810022593312,-0.030372463275571724,-0.026729467208046948,-0.0007883756832117627,0.044625369358173725,-0.0032258215304129486,-0.012697573866537696,-0.017857298854603982,0.024100480421123394,0.06741483690573889
C3 WM ascending,-0.07632959691091613,0.049812951697470104,-0.05932144495169808,0.06985360929008758,-0.08633631038230173,-0.04591689930967652,-0.04479871409935842,0.02609479826069204,0.18015502871812816,-0.07630411265597857,-0.05550809251534971,-0.010068441316862728,0.052003661325452116,0.07423451689238794,-0.018634411920222794,0.009356452537803513,0.04377933244339087,-0.028809609064220174,0.04563709132986103,0.02567837858240901,0.009553208452720575,0.05828701522370098,0.01746293465203925,-0.02887005640461683,0.021131184198358396,0.008963717450280727,0.04812278124550882,-0.053963124675834834,0.0429126514072324,0.04540701505725455,0.09246279335359736,-0.01454381550318161,-0.1004299833477829,0.02910733643235827,-0.032950928281782366,0.03854890566540387,0.06617415605998937,0.029293765513691623,0.030161372272191844,-0.0884357254010822,0.06279921627354443,0.06563435587855432,0.030421316211980694,-0.021152837465451192,0.10370512717300995,-0.037143263401303014,0.006553197390769978,0.043355766489108515,0.06557911391528878,-0.012882233252944419,0.023347050990016625,-0.040972013981577,0.00964282396251886,-0.032231055424105905,-0.10637741740953048,-0.06495929150697581,0.004083534398486513,0.012389302157532431,-0.01614813358114145,0.019223188765310043,0.06587004197489069,0.032778423115960444,0.4745223252074858,0.13434194877700498,0.48132616042311077,0.3748037529365592,0.13179607030303384,0.4604972847507558,1.0,0.5191562184871893,-0.004293882703275535,-0.15378192066290822,-0.0963176147698163,0.029731749343505063,-0.1756730143721654,-0.09863266590435028,0.008379400434698366,0.049898288553265814,0.20497196240121757,0.25331307482588905,0.2724655632165674,0.1928992633815754,0.228708086850892,0.21917166264762922,0.23893713431131994,0.27224920799680463,-0.017446121507454514,0.07405623132943864,0.023778488036085278,-0.08633422071952464,0.01571067111381284,-0.013318330240036187,0.008886466287574878,0.07002077290093099,0.057780572467560125,-0.03901500745578665,0.05002998900309015,-0.0053142541560707674,-0.008021768904900743,-0.04285636051729817,-0.09253079049734583,-0.10684854057716357,0.016305107657465557,-0.1226974198377582,-0.09976059999269404,0.018077520326907723,-0.08697214871019826,-0.08624220119926525,-0.028936545047720218,-0.07508628806848637
C3 WM descending,-0.00813144105980081,0.06133127892902652,0.005248096073075978,0.014002249185588199,-0.012983240414239601,-0.08339917690678414,-0.0803976498769724,0.04678124503502712,0.05511366290961385,-0.05539232499749475,0.02843792901826864,0.025075870152170908,0.012946312344658512,0.02826413810714916,-0.004679736712924205,0.041516697338529786,0.026646158651962768,0.07840131321271125,0.05289276294989098,-0.011595783919541691,-0.013424755822190933,0.012924435362060624,0.025817843456838928,-0.0265066258851098,0.05043755840865307,0.020694104201174547,0.02459137741670413,0.002038816857441735,0.004150114034859064,-0.008938220839405783,0.022745627443084324,-0.01436399569110206,-0.022254289240146174,-0.00024387437387169076,0.012740232756678075,0.055346688364084844,0.06847915536180608,0.008781861471055514,0.08130816246702278,-0.03848699140329017,0.07750710026468487,0.1409450044600171,0.11489636438567742,0.07154732655248301,0.07891605051244571,0.07549668618237362,0.04641566079417019,0.03040771226443959,0.022491097855792522,0.03234451805831314,0.014928453680269717,0.059474204102599106,0.008410261206261245,0.04592341513591199,-0.014118654745514892,0.023167408226322572,0.04607012044616874,0.09169429961452193,0.03035348013123976,0.05154551027417199,0.03421500195995878,0.06638351971411866,0.3181903149685172,0.33423074074492437,0.6832203533904716,0.31218643904889215,0.24017046168576783,0.7426939511554085,0.5191562184871893,1.0,0.12345413956079167,0.07360522295027913,0.15322739322461337,0.12979904858297622,0.02801211541859916,0.14195324056976774,0.2032155880965299,0.3571523971440245,0.07754183603648518,0.040717654991977124,0.02490988243172401,0.07962783546630503,0.08285242618998012,0.06418251221044093,0.08155075623827311,0.06227855899829364,0.06611604884457231,0.10668538442166958,0.08967183054805089,0.02622273630601476,0.07130386087640159,0.08694451492655027,0.11338004650098298,0.117848718869826,0.03262997614631455,-0.015420140736231996,0.039188412236820576,0.12116857946591478,0.04725439546011248,0.05004593069750288,0.02484591768696239,-0.04455771665642612,-0.011997431554863726,-0.01728701650305959,0.013136717357463985,-0.018756332388706675,0.02222580764280912,0.022770511077091816,0.037559339707200004,0.1470883171126578
C4 GM left dorsal horn,0.07668807806210762,0.0440403435177184,0.11465154691773795,0.044970060825323684,0.06064565940919146,0.05352953776595907,-0.006274519370026104,0.04689563336291474,0.03347567864811709,0.04547198340582159,0.07650592832059179,0.10050504657996062,0.11604639885000297,0.034576090697380324,0.04101526436660282,0.02162725452169597,0.05533202320398054,0.13504360062619675,0.08556138367797209,0.021011549667360588,0.07701554835494069,-0.004580696513119508,0.014085765574674822,0.10981289214324141,0.1172767269281234,0.0762942093739332,0.015172955692034081,0.16826891996839133,0.05393700217912182,0.09738350096759561,0.020070670687595972,0.06763656721685181,0.08427151459744346,0.00933338373694708,0.1364154371227458,0.026209665520778247,0.050514445138637565,0.01602097784714863,0.07520952959503505,0.04163571585898831,0.04287365765427992,0.030264196771826832,0.14772020279212492,0.07642535655454008,0.01564233314910844,0.10074711102218262,0.09054261123461076,-0.02802571433370895,-0.036621418199304194,0.09603286799860686,0.02305526933795189,0.09531202590020489,0.007624814141798685,0.09401282395230152,0.09082611165936208,0.07563144658270393,0.15529565600873588,0.059938139197384034,0.06832057529666313,-0.012569934809953545,-0.02191019965096953,0.05137107628096487,-0.0683286922004431,0.06209360764775584,0.18672044833882126,-0.05048014792888631,-0.06264898425114912,0.014429023278875288,-0.004293882703275535,0.12345413956079167,1.0,0.6861584827458335,0.5985930921644677,0.5422749794786487,0.5703960748264656,0.4796951456887544,0.704694158691065,0.5533333327302414,0.17023308124545264,0.02770301336787241,-0.015430118698114796,-0.03002440860221161,-0.004856674649120901,0.0029754145266281747,0.028098531490003464,0.02965123802130354,0.0461059967641247,0.027980718866231324,0.009710826159205042,0.0876599684167828,0.058192559866058625,0.04149798066792179,0.0625485725750653,0.06088319813259248,0.02015646008462659,0.08345481404060379,0.0194838029131343,0.20839445706469506,0.200737501356464,0.1782416846029634,0.10978622092296572,0.12237435708993645,0.10690208510387764,0.02212460256982734,0.07495727006205768,0.17947670667303664,0.09333896503677652,0.14191700717819258,0.15429270533850042,0.15716553864172247
C4 GM left intermediate zone,0.06783843305637248,-0.007250844510014603,0.10570812666744026,0.01785903530645508,0.06444481713205942,0.060592581822426606,-0.017134433301150474,0.03423072499357996,-0.11238387373499246,0.07092707270636657,0.0530652032162712,0.05427876101156591,0.013480273932232986,-0.012692382344050466,-0.008218607761360013,0.008609466691224954,0.01622089328983066,0.08880913604745384,0.021951978041725773,-0.00041662464045699624,0.04705056616511593,-0.053152749884933,-0.04219290688929137,0.10007626992321765,0.1015347036159776,0.07115815521939402,-0.03393813809338984,0.16777762456076178,0.02338287240098827,0.06820240551369817,0.04120666210663278,0.07855281696075209,0.13731778464515063,-0.012838672360087084,0.13319692909654407,-0.0050281728061228525,-0.0026995364937558246,0.050579375176793236,0.02257006233750911,0.10668332442798766,-0.0441027883915925,-0.030882875869404282,0.10558822074393324,0.079255419381557,-0.01301804435083494,0.09931574961961258,0.1254131025050649,-0.005138369406224878,-0.031443180807712454,0.02565706675282233,0.02226904281981047,0.0950337360665297,-0.02294021022718234,0.11495967898465456,0.1638716866289161,0.1368920731739244,0.16228291937931852,0.0459901119508362,0.08052518455292668,0.029870609178390215,-0.03594504377471178,0.12463982641738278,-0.20042997590443098,0.06145406592209451,0.1373635792468128,-0.09948049006232342,-0.00011950869477202906,0.034639483445434396,-0.15378192066290822,0.07360522295027913,0.6861584827458335,1.0,0.9035435049627637,0.44048897990798325,0.7442454686185818,0.6492826462891701,0.7245337567793444,0.7223455032162734,0.05880286751963282,-0.0339381520722682,-0.10365546139757091,-0.10916895916197018,-0.08225116258115801,-0.08855304016709155,-0.03436038366464175,-0.08532266446537443,-0.020978448935205892,-0.04699363732717375,-0.03859874269354223,0.03512689599024999,-0.013694212721539633,-0.049741700470541904,-0.0007042140969832121,-0.02311061584372568,0.05622473414568048,0.05718972366410158,0.007362690803431529,0.17648222280739442,0.1257940873358136,0.10847327459124892,0.13648937408685977,0.11833735064800328,0.028767869888809708,0.05465234550850719,0.12840005153351491,0.11281854150075313,0.08796704872353986,0.10781283428089117,0.13400026656373212,0.14136684386990145
C4 GM left ventral horn,0.07336716210380603,0.011357765221901255,0.11107359488518757,0.013829701660224201,0.07934694990513243,0.0828476972830565,0.0002384452157528373,0.0512713932516705,-0.09779564302444435,0.09800542756308657,0.09553871455919045,0.08878697961070016,0.05332476562316325,0.003664104626167275,0.036317935597079694,0.033710157509940275,0.025387418163157247,0.13948265933967297,0.07685008526877662,0.0008504382149471013,0.07708625331390384,-0.0196883335751818,-0.00947439928069556,0.11662686776839848,0.13792613021932215,0.1061475441186753,-0.003284064723219631,0.201331143999362,0.027132051105937673,0.08074233245441773,0.018127930224389344,0.0835947057090649,0.13469743555978728,-0.01880422910589406,0.13623963772898826,-0.004833836650793291,0.017440075750649847,0.05713578454597245,0.028341826776477137,0.11891221110421839,-0.0249522145653288,-0.0043965798762848896,0.15283341203289144,0.11168888332550228,0.0025450196001252224,0.1349001200922219,0.1667284925553755,0.01583772664422897,-0.01416365074587751,0.05905695474523213,0.03773977053274876,0.1342475810794416,0.015498088738123006,0.14558554989806693,0.20603027938735763,0.16833085937190004,0.21112728551246696,0.11760248946852477,0.1007640168931485,0.05096660314788554,-0.016424988210445367,0.181034393474909,-0.16477192285300524,0.07378924598142576,0.20473902873160593,-0.06001732816605402,0.01898715351905263,0.11119645438845838,-0.0963176147698163,0.15322739322461337,0.5985930921644677,0.9035435049627637,1.0,0.3929296948171429,0.6605814804356042,0.6306450129684296,0.7129838611188962,0.7785939973944576,0.05406851484597753,-0.01721710305723747,-0.09360336477480619,-0.08730347611955629,-0.05234554856473656,-0.07722845778040381,-0.009951866748924149,-0.0689993194793514,0.0018921270567603455,-0.027215502443203293,-0.0424336564767894,0.0704383091043558,0.007244364841140998,-0.04295681731188974,0.016423203790352784,-0.015539739191878638,0.09607022379973447,0.08670025696432564,0.026330007021992872,0.18526983222598073,0.1073333501017484,0.07913884033342884,0.14147848620233966,0.09760225245800178,0.037364861443682715,0.02656551910726011,0.10420577317483601,0.11361629056715716,0.06747109994721273,0.0876888900486928,0.12301581056438196,0.10963638093307758
C4 GM right dorsal horn,0.07937121659014608,0.08246973181743307,0.11678725344836,0.12915820846873124,0.06518281035751908,0.08291084751545863,0.04400304214305992,0.11689177939150218,0.03789594918327561,0.0874644031544429,0.043846505252152425,0.10643173005906321,0.1258504609233955,0.0466018176185456,0.06511054127978698,0.000619299692945106,0.025246474718470267,0.07799941826956672,0.07042976136510655,0.028507122394357223,0.02611226612569596,0.005505713799261078,0.024887822550427083,0.055514566853525224,0.08845533906173793,0.05445304301576998,0.008637747154922595,0.1225630931332176,0.03164968931788708,0.02876709226251596,0.050372288221619634,0.08055696540847179,0.06328662954319329,0.044748168616188536,0.10972883374863725,0.08306882027425243,0.06650188130077317,0.13571489816945723,0.14917015404058376,0.10018885071158655,0.1087232411148883,0.002203575480916556,0.11874713347347939,0.07784209877028463,0.07193317880360146,0.12989112341088419,0.028227360544965413,-0.030972287677641253,0.0012324521151395175,0.12087129581578648,-0.03509046853616045,0.08688044853766105,0.061095747702920616,0.07496697218751591,0.04718608541786159,0.08804249761381988,0.12266677548629261,0.13368704258224312,0.060355947763810223,-0.01563951608451957,-0.030749346927139105,0.03263385391907653,-0.09263873473929286,0.04494550004446942,0.17982731185292639,-0.11806602233609184,-0.14079358658386748,0.11502474112305562,0.029731749343505063,0.12979904858297622,0.5422749794786487,0.44048897990798325,0.3929296948171429,1.0,0.707919668303283,0.6072492628103648,0.6925782717636538,0.5646454703504786,0.14248437763465124,0.048663046691513036,0.04454265315916025,0.10914052037896721,0.11711057756189336,0.149303696709194,0.14100436533825927,0.057553933302342083,0.14060697847476109,0.08954428744854503,0.029917578753542496,0.14698604002465618,0.14163021466739384,0.08922187032066588,0.1472490359056322,0.05420291035776458,0.11246358417686823,0.08097818985593262,0.07513769888782998,0.21835510196710944,0.23189971398106146,0.2207545839216043,0.19153659931633676,0.1880117170368142,-0.0622964416650271,-0.04396372822741226,0.014657009563812723,0.10135889877958058,0.06317284671182179,0.1321088151633911,0.10709113724499003,0.18352324581926044
C4 GM right intermediate zone,0.09767863450622088,0.06288341063086152,0.11122297228114789,0.08144833873662,0.07972877724174081,0.027692361730971803,0.011304151030082484,0.02543784707162229,-0.07776641842329311,0.0732884005901193,0.026254788924762875,0.0719381527627176,0.023328506857562353,-0.005234503843804029,0.01035440925610554,0.015558652042695378,0.033741028707193664,0.09070377314383835,0.043053957919146055,0.016275590324038667,0.033517109767459356,-0.013946895096172878,-0.02652074025640323,0.0625296976190536,0.12985238021849882,0.09552653752475748,-0.0016437299218361255,0.14946582722880786,0.04879458177848225,0.07126476280598425,0.07277283093940023,0.10730367113003784,0.11974746773407188,0.04424522864255845,0.1477215292631018,0.057179423579807216,0.04740183584681047,0.11749731610598343,0.07940910060751807,0.13244023986898326,0.002598811840480641,0.0018202963209471206,0.07013658785821829,0.09337953402684859,0.02250591522385044,0.10927635695902548,0.07233938447298156,0.008716074156979524,-0.0004067590017460797,0.035624412185537545,0.00439941793512324,0.09889103060307465,0.012365661278701742,0.10761185404781068,0.13165846782588517,0.13815485038218273,0.10302676221707216,0.0640058560010148,0.09975384123641005,0.05031241264001652,-0.0071620482828517774,0.10938279970571115,-0.21675842251330793,-0.026007983953201093,0.08593408477747118,-0.16172149989094106,-0.07458998044172738,0.056509891640055425,-0.1756730143721654,0.02801211541859916,0.5703960748264656,0.7442454686185818,0.6605814804356042,0.707919668303283,1.0,0.8731367106392284,0.7650407632147198,0.706291013010995,0.08300626889889842,0.010432835739209763,-0.025965445899787994,0.018388222896969147,0.046029818923470744,0.05675641048323782,0.06141500180485697,-0.026373060465634413,0.06686125242872776,-0.002695919971379525,-0.004955853236225667,0.09238908400239727,0.04325154578770551,0.007069547982962135,0.050108233337825055,-0.015360200906457316,0.09751389459772848,0.07796738327507444,0.1078819149819997,0.12169744628104089,0.08693769472331198,0.09323441726326595,0.15651355830402247,0.13883555432658815,-0.06023403562133949,0.04740809266043,0.1129543655149212,0.0809457800056173,0.09746837758431147,0.1343104231671522,0.10476449750919826,0.1583634448745203
C4 GM right ventral horn,0.12831553491945347,0.1075157815973297,0.12953414368680707,0.09036293610811166,0.10738948368126039,0.033356170160035274,0.03960146670050002,0.07393035314875213,-0.04008705421902571,0.12280605929741953,0.09427388477331068,0.13002552489208527,0.054801212143943234,0.04615974457387003,0.05884889396431886,0.0804084731161363,0.08949468892452081,0.1583270895260543,0.1007987083707237,0.04324076649780797,0.0777117100247172,0.041567316006097435,0.03442721943202886,0.10671756243189354,0.17441076212138606,0.1286819071226483,0.06384399278400804,0.18244199795547889,0.0774690899987797,0.10147378968266582,0.0989693400493735,0.11663879201173998,0.13914992327729717,0.0747790421614724,0.14892161164296372,0.09817279910399182,0.05905443110801166,0.14552409746657136,0.10801734672884573,0.16006050730204266,0.05873718165307434,0.06256700413634698,0.11035344688788302,0.13987284993306082,0.07228901074327107,0.17487565544335032,0.12211609436211666,0.036660941420960755,0.04773203607681567,0.07741073513977238,0.026316369355609222,0.161826913660036,0.05600356473649468,0.15035003775464492,0.17286537426675735,0.1759452595431223,0.14244557573019662,0.13078498408342112,0.1194024567974877,0.06344484666456557,0.030472994932981008,0.13145836417542553,-0.12954064237028992,-0.020275844829735955,0.1254538606540082,-0.0862494725294021,-0.048847142720708385,0.1508953718389356,-0.09863266590435028,0.14195324056976774,0.4796951456887544,0.6492826462891701,0.6306450129684296,0.6072492628103648,0.8731367106392284,1.0,0.7491696469338054,0.8016663504351048,0.07234721362850766,0.008160364268734399,-0.02779876729170772,0.009172759769287568,0.06456245490212324,0.08978081419681233,0.05124083346414,-0.012909906144018919,0.09531643904941392,0.02659949778275429,0.0010141232746471143,0.02962696202100073,0.029635546348957896,-0.01385019203541817,0.03989823092469882,0.0003465533216692466,0.10717541645829991,0.060218944926129434,0.12072218224552557,0.05824140099350686,0.03234918724664399,0.04455390352831772,0.10930125585968295,0.0983574052885578,-0.0774818895709872,0.03920164670906248,0.0849041065560797,0.0332784767172924,0.08097487004029984,0.10119787351285171,0.07730342072153185,0.13843974369051376
C4 WM ascending,0.09780849079853972,0.07170015697608588,0.11564014938232273,0.07527878086834634,0.08875794774296498,0.05667327753613473,0.0666320712972908,0.08363865121310199,-0.015616989043111585,0.13238287800205054,0.09371728278659403,0.1337019772956501,0.08082355776534159,0.020614893477992065,0.0804304354677871,0.07223314415596714,0.08851480070178559,0.14094302239151052,0.11073068126601507,0.018542933084018,0.08647877514444692,-0.011400816047240943,0.030317028388613453,0.11092928940451255,0.14525408385852762,0.10196317113504186,0.02936369542301261,0.19339542165295942,0.0405622742756121,0.059355051509472144,0.0423348456093972,0.09971883046512396,0.12987960367646345,0.029322803427447593,0.11611425925940606,0.0363324028064083,0.01357762042754769,0.09853477141539016,0.10127163958914073,0.14400642908635014,0.06260598589462012,0.04075959152178126,0.1563642888177747,0.13105842870717396,0.04733258858900588,0.17680440606446665,0.11831981945237363,0.01157584351049436,0.011194588325077293,0.12012363289707902,0.02105561945253447,0.162219210203352,0.05457740118608132,0.1494518826771181,0.17799285703247253,0.18409566483539982,0.20139257269794972,0.14262076389408967,0.09920067367588097,0.02904020660178189,-0.01939108136806728,0.13590191640639993,-0.13262559355581477,0.004210377318704875,0.21975385241821907,-0.08073331782587044,-0.08792631117800519,0.18294073707165298,0.008379400434698366,0.2032155880965299,0.704694158691065,0.7245337567793444,0.7129838611188962,0.6925782717636538,0.7650407632147198,0.7491696469338054,1.0,0.7754608289863166,0.1395876481509327,0.04638051249544849,-0.01770103379461444,-0.005825873518861485,0.06879893315080977,0.08674190465645315,0.08941081752359845,0.020553527303174,0.1200668135963058,0.09072710145917022,0.021150909731039655,0.11381366665579995,0.1020424050270107,0.04718554038341166,0.11212984327785931,0.0759801818918697,0.0958410762252805,0.09705055144305594,0.0899473111543132,0.18069785373825295,0.1811998227070833,0.1653857104607956,0.1550318982944238,0.1810074495282319,0.003629614682036874,0.029972206848866017,0.10272104505523023,0.11745044659316917,0.11211601253296935,0.15228999923375297,0.1573291444805535,0.18484891129827538
C4 WM descending,0.11185127299455427,0.07199434511526828,0.109415936750628,0.04600227936367333,0.1035588544232956,0.05260526591243424,0.013085236830923367,0.10798406697579942,-0.05174675500850343,0.11784631689015282,0.09314293548384782,0.11179982660373744,0.06835499815031608,0.04457153823140387,0.05420489655472803,0.06770421760346682,0.04202609854970713,0.14056739203272484,0.08939900252757797,0.01995945663452214,0.07410147012183219,0.013090426535624897,0.011631397737015785,0.08733173436000229,0.14793819256165236,0.09579847383825375,0.015563094914944686,0.19538778459661232,0.03518070299889639,0.04836454334546324,0.06047486308857191,0.08252549177227263,0.12091785703896209,0.022378985410395034,0.1171955937057624,0.06384940900042749,0.043574653126354564,0.1149432997541968,0.11743644436916373,0.12964252313011124,0.07137768655013378,0.060879655617880446,0.18376869626443146,0.1385391728891816,0.0626343825923148,0.16811798781788687,0.14489611201072286,0.008294800980733532,0.008560351435546416,0.0954618578598148,0.007193845938115863,0.14313089847899413,0.029712735271962085,0.14538858292468348,0.1645396946515172,0.15722174291959315,0.19045417989782892,0.14844841366479236,0.10259551465096547,0.0307805083974488,-0.021839830792870347,0.17250090818993719,-0.008757572978495665,0.1212564461724879,0.29628593875565873,0.0450617846674056,0.04276337866133238,0.2850750196563593,0.049898288553265814,0.3571523971440245,0.5533333327302414,0.7223455032162734,0.7785939973944576,0.5646454703504786,0.706291013010995,0.8016663504351048,0.7754608289863166,1.0,0.08762218596601984,0.005585322707419693,-0.06907776204084616,0.01957219350338553,0.057488627640473564,0.06279181893689266,0.07602498273969667,0.004237281157593231,0.11414419636472108,0.06425121151788495,0.00965858783200177,0.02767365283975949,0.053054258505928785,0.027698658177025656,0.0796454386363408,0.04253454592601819,0.1395105714018627,0.07683101270760545,0.09028203053623783,0.16339139533722202,0.1059944283234319,0.10017933742722034,0.16152861341378225,0.13023669885506195,-0.010037847049544251,0.030173644333006882,0.10337801235255983,0.07565681463374513,0.06861338975459998,0.10114583853950347,0.12951820614761778,0.18449404044383527
C5 GM left dorsal horn,-0.010602872054372646,0.07028214113687796,-0.029787621644947516,0.061212494410353716,-0.0006579412839727867,0.04971035547624639,0.037395967589992724,0.09500757391752437,0.22870959710470973,0.03662212978049975,-0.034863387127626495,0.07123556321963503,0.13243194112106627,0.10780721652146738,0.06297059405186828,-0.0020450730581748054,0.006511975859479571,0.0229649768180543,0.04262393618631745,0.04261097979463142,0.11931747010089752,0.04990821112289033,0.07980498919411824,0.08474801803366482,0.03167596982016393,0.00888846205163888,0.07803858245648981,-0.0415991962284651,0.052226458483438466,0.10412327616506206,0.07398487799153854,-0.005360966065057878,-0.04739570215795449,0.03514506118116068,-0.02222799651315728,0.02594041525738813,0.13757273035726547,0.05720225120974161,0.0857596019637079,0.0037479225390521743,0.0804681681625275,0.10870373095520804,0.1097602187426442,0.03805510935960952,0.10576229861796634,-0.03637782816292408,0.0651258217250401,0.0444487149859483,0.061617390044981124,0.023953715588997126,0.08543794117489488,-0.04996928520316121,0.06571188755788243,-0.013491223323514403,-0.12068928584500871,-0.05158922696623258,-0.007769381895237411,0.02984046603378563,0.03877680892268343,0.007029438750579946,0.12207977948525461,-0.0033325183806749347,0.1746946825738184,0.1071285166377962,0.10276471282723404,0.14807126094590906,0.02719447521821176,0.008055721063099687,0.20497196240121757,0.07754183603648518,0.17023308124545264,0.05880286751963282,0.05406851484597753,0.14248437763465124,0.08300626889889842,0.07234721362850766,0.1395876481509327,0.08762218596601984,1.0,0.7445621439428192,0.6285624042517618,0.46999492618351346,0.5201597987578193,0.4477111753375895,0.7288815897487119,0.605073933913345,0.16317675999911144,0.17722219408147347,0.12536237472798387,0.15775294662096584,0.17108802133685191,0.1268411637595158,0.18776542285169323,0.12953907923922015,0.1587820013751202,0.01861957007765273,0.06428607284226816,0.009262716497893307,-0.08854633272079042,-0.05540020034746586,0.05067632534453103,-0.11451997812092225,0.07125207045829299,-0.0016940435910875807,-0.009107186996011813,-0.026967741117263657,-0.03989686797581054,-0.050221472026909006,-0.051376837261084066,-0.058005549565519225
C5 GM left intermediate zone,0.060707964338544654,0.11405654020093565,0.018338423697511423,0.1022027747514811,0.026973251299638883,0.10135716001448399,0.06229749550891909,0.15696778720417806,0.24393453054951528,0.07538852756912466,-0.019409315820203995,0.1010140309069383,0.1808822740616232,0.1713865073371532,0.11150134800722317,0.05675669103966257,0.06306659307657593,0.007933978211713474,0.09435478067415994,0.1089727414532421,0.19985551924944533,0.11151531703688254,0.10146500495759804,0.08831685320855187,0.04718742219764307,0.04685126139578161,0.10841824795486041,-0.014669320358729213,0.08759699808537279,0.12682634481294627,0.09751502849351101,0.0010449530747251277,0.007003299604005162,0.08938954308256422,0.006929973317619139,0.08107758921866469,0.16159463047069125,0.11642470079402688,0.09238577928071129,0.04126399606304177,0.13454654848854763,0.08335389909058284,0.15196948995915022,0.05586513862215926,0.16075238813372228,-0.005097506518026737,0.09000740802828872,0.08396363141425717,0.10687211614274042,0.06889006868428033,0.09960690816823739,-0.013773133128256574,0.07329628751071687,0.03227432767085212,-0.10353369501167489,-0.021588262515752844,0.05443492957292422,0.05624043688558669,0.05990100092600163,0.03942403852932048,0.1063037488742205,0.08034289638920986,0.11915940814582908,0.12261935378335453,0.07451593529516158,0.1517237435747644,0.13079536804974326,0.10446753432088865,0.25331307482588905,0.040717654991977124,0.02770301336787241,-0.0339381520722682,-0.01721710305723747,0.048663046691513036,0.010432835739209763,0.008160364268734399,0.04638051249544849,0.005585322707419693,0.7445621439428192,1.0,0.845139345183425,0.5277923627664306,0.7556936158751145,0.648171101964766,0.7601472595398672,0.8335952766766828,0.19504070908940357,0.225848397950809,0.18292395270056944,0.2216405491658801,0.2154446206569267,0.202547703703108,0.25770038422030067,0.19883999120517537,0.2116373777133136,0.05676232542293176,0.1311983013714614,-0.06258322927539672,-0.08447363288910809,-0.030161749010758732,0.028476848463755314,-0.07792417211953864,0.050410151091213995,0.013752612000590466,0.010724904162200986,-0.07793770895371883,-0.08375168797225557,-0.0936026802201055,-0.10747051187409921,-0.09762675769014248
C5 GM left ventral horn,0.04688685831713312,0.0878778707933067,0.01947593824846076,0.09622287064024129,0.010105074486810542,0.05086451985868514,0.0500117206761358,0.1342226216543353,0.23687503943263524,0.07380898391330476,-0.029139104166055318,0.08112241808533993,0.13134857128061103,0.1458347576413626,0.06711620761505982,0.05504829209859479,0.06808332719657623,0.0034936309364336456,0.037305536477631185,0.10952269716494328,0.11240222791652367,0.09166903812820336,0.05753168339727154,0.03214732873082046,0.027344098950480566,0.02485458199040489,0.06870216238457717,-0.050464392923351385,0.06822826955326355,0.07576835302643371,0.07792477281730764,0.0024290754280036735,-0.010763484148084436,0.08436869605793365,-0.012826526667262294,0.04816935160153948,0.12849128277947197,0.08684600580812311,0.09857106005934664,0.02990006203130855,0.1356081401339971,0.08527643742175219,0.11425579004825397,0.019990590067960154,0.14589423914542546,-0.005049159463013066,0.02068015580509975,0.047477012249848564,0.098875523950666,0.057332737740288485,0.0658680601058747,-0.038165156392724144,0.06791024256332027,0.031111304573204084,-0.13029247669406752,-0.04622030308411422,0.01600847138350014,0.040237493846122546,0.044552096709952145,0.012821921721807019,0.07591524774826792,0.049996083640789696,0.11330139121599302,0.12640776726146524,0.08184080515651108,0.12548294704023522,0.1512274427501386,0.09270850480631934,0.2724655632165674,0.02490988243172401,-0.015430118698114796,-0.10365546139757091,-0.09360336477480619,0.04454265315916025,-0.025965445899787994,-0.02779876729170772,-0.01770103379461444,-0.06907776204084616,0.6285624042517618,0.845139345183425,1.0,0.4054277070766031,0.5605141531612057,0.5337313135245231,0.6843371388823879,0.786675807254644,0.13599103428409084,0.21101576821914478,0.2108836322415993,0.1586962348579288,0.15740165355590557,0.14847449559023895,0.1878899149608038,0.15922269659984747,0.24741802822291378,0.08993599016297113,0.22918300718623455,-0.007195203240698875,-0.053762400069558604,-0.0027975170880694586,0.06946320089965596,-0.011614915536858485,0.01285546325895793,0.0029597520397968303,-0.00036547995299440457,-0.04634169968593689,-0.048286627139620474,-0.05249470188901842,-0.09637912273892761,-0.062437180000558014
C5 GM right dorsal horn,-0.07966200563779766,-0.011816936900109173,-0.07541335478495273,-0.0016723737507219004,-0.10372010859805694,0.018095312191494593,-0.052746047214402285,0.04133263620835004,0.16572601410099783,-0.08728489685967489,-0.1303148166836431,-0.011334658525204318,0.07125227043101601,0.05561943370011993,-0.02475014982864818,-0.059621368613791186,-0.08691087028049488,-0.10060622666230669,-0.04231520548465469,-0.030770870319180292,0.05968664329422958,0.03658388406089418,-0.00944630081319882,-0.002982242620490328,-0.06164133200339557,-0.07613992839947646,0.06183197058932506,-0.13148491801418108,-0.019436314243453705,0.09127016412918627,0.06160607005762345,-0.01952250851147881,-0.12909201062506978,0.008927734076244424,-0.04621573703633779,0.012549363921898872,0.11073844910011799,0.004173215987719654,0.039034618806086815,-0.10248841229498884,0.037087540529053505,-0.03850423428021857,0.011372150232553717,-0.08212697414846336,0.09450892243219555,-0.17675352546177595,-0.05045104217547816,-0.008081658098547016,0.03845720133966948,-0.044958302946580604,0.03440959958198273,-0.1627492351202417,-0.033340546497764446,-0.1491555153871965,-0.22784656787267782,-0.12858402034845126,-0.044040589292630265,-0.044515443034254004,-0.10011263413528573,-0.03241426298673431,0.11727753304874962,-0.04344152239797717,0.11055608524201414,0.06870809546627726,0.0698549211352751,0.13832563118218114,-0.0199193055828271,0.04957919545176345,0.1928992633815754,0.07962783546630503,-0.03002440860221161,-0.10916895916197018,-0.08730347611955629,0.10914052037896721,0.018388222896969147,0.009172759769287568,-0.005825873518861485,0.01957219350338553,0.46999492618351346,0.5277923627664306,0.4054277070766031,1.0,0.7772125977714671,0.648800405475794,0.729467521673718,0.570877122775653,0.2042190950323444,0.08326475054550994,0.06703151606069532,0.29844121996326256,0.1682592098348706,0.17670703311562105,0.21396627963699294,0.05425078689444205,0.05944175356373475,-0.11729746878496806,-0.016650388590901215,0.03909152092388895,-0.10338491060982391,-0.08966760954104372,-0.08183820611858002,-0.1950177715852114,-0.0786465849097023,-0.14268330161964246,-0.0827000960599011,-0.10862544351568999,-0.2086213065102525,-0.1675684927151217,-0.18000236770686615,-0.12965203799531308
C5 GM right intermediate zone,0.017466098647682893,0.059632303035864434,-0.0009279017966666242,0.04720116793013676,-0.02643555123257622,0.14373041227712202,0.044361278691412424,0.14017604633124528,0.20173163539901776,0.02495547355951965,-0.07939002816901183,0.07237775561383782,0.14770485376025616,0.11957783217366726,0.05449808601628367,0.012740624479754142,-0.0333544257791522,-0.06266346844858293,0.06795039464425294,0.035910146883125424,0.1598189173627059,0.08803065388186766,0.061637521999387296,0.07834453117553461,0.005195471021765053,-0.004697586694468332,0.11896144686878149,-0.0417956089828797,0.03429121597587928,0.1331844956807366,0.08631102863482251,-0.04269543920482882,-0.06052616372786604,0.04694002292680076,-0.032756470115290474,0.05973465857513625,0.13957661188278206,0.09684639847994239,0.0740754139944679,-0.002038721674434553,0.09613525814787509,-0.014075633962020101,0.09829617225193003,-0.01314806793099858,0.14221235381407513,-0.09802666094852822,0.01486583805121451,0.03788557532592397,0.07809220758812593,0.024667605740737446,0.05307275556688807,-0.06985985096871554,0.006757777197147781,-0.0762916396459822,-0.14115066365338613,-0.045966267738254074,0.04026143657359002,0.024689482211635812,-0.03659236547249153,0.012437575971492707,0.10456027001461317,0.0501660570762251,0.10258637231183129,0.0708922133469344,0.06069114425793249,0.13176708115898833,0.05144090775931143,0.12200192929719239,0.228708086850892,0.08285242618998012,-0.004856674649120901,-0.08225116258115801,-0.05234554856473656,0.11711057756189336,0.046029818923470744,0.06456245490212324,0.06879893315080977,0.057488627640473564,0.5201597987578193,0.7556936158751145,0.5605141531612057,0.7772125977714671,1.0,0.87497136770338,0.7564962782734159,0.7832466096503299,0.24382133239512457,0.17576835673455438,0.13879342856652466,0.31440490780108454,0.2517009135020998,0.25401512084056904,0.30309697484465287,0.17258703300149678,0.1139363347362648,-0.034114537281385166,0.03787607862139689,-0.03852131282242101,-0.07948509726934234,-0.058816929088909585,-0.013506436084177623,-0.1137824687642499,-0.028619388202368413,-0.07583440190067328,-0.021452044529945237,-0.11078765056075306,-0.17151210990253463,-0.1426188156691461,-0.15950419868680477,-0.10932765418808306
C5 GM right ventral horn,0.023911446549881768,0.060275487890130666,0.02863070227282521,0.07215746704455368,-0.013470762092401254,0.18502910081105642,0.07879107890526223,0.14469568125742724,0.21644594216567037,0.06450383748310796,-0.05527656314077628,0.08808340089372713,0.12225428586786465,0.09297829711674177,0.043015374694786675,0.02862871010844447,-0.035282270534172676,-0.042176996939709825,0.06563412621262517,0.03057375309331425,0.1329228106042629,0.08091736610893001,0.05521920288724822,0.08570595627418427,0.030677538954851216,0.017061908363470938,0.11502765049103994,-0.01791864859659496,0.04945859822958647,0.1347703640959683,0.0837997705842743,-0.05073655027250493,-0.05818986387938965,0.05375007759756362,-0.03610244927087007,0.06289348201920467,0.12276039790469553,0.10675358613682093,0.05216712827036828,0.02789290765117246,0.0645376052955032,-0.003982452038031407,0.046650922645494156,-0.023483280172617735,0.10268891145468166,-0.06846277849029195,-0.013848458152804426,0.026100503679811718,0.06336828489599237,0.0004317826864300172,0.04036609782268163,-0.05367437079437408,-0.017042490141147237,-0.07176780183794233,-0.10833276128267125,-0.027797814871076423,0.04747014179996347,0.009763960060570384,-0.03580224427233389,0.017087390306104882,0.0826837149834433,0.04669211345850556,0.1004140975626473,0.06765136143950334,0.054587400849053544,0.06282436241783923,0.04497611402387197,0.11691561210625497,0.21917166264762922,0.06418251221044093,0.0029754145266281747,-0.08855304016709155,-0.07722845778040381,0.149303696709194,0.05675641048323782,0.08978081419681233,0.08674190465645315,0.06279181893689266,0.4477111753375895,0.648171101964766,0.5337313135245231,0.648800405475794,0.87497136770338,1.0,0.7138558563597376,0.7669707595783795,0.21977518446878336,0.20694182458383303,0.17149768276195262,0.2922102877537247,0.28394948829345046,0.31000198242226923,0.3163983856909347,0.22224403870833503,0.09558553912472033,-0.012423147343548782,0.06734654783813024,-0.024620696548060178,-0.044528167339892795,-0.05454535059563801,0.018525621625791407,-0.08715529814360976,-0.056403926648624245,-0.08313484761271976,-0.01502677780606037,-0.08485904450664564,-0.15330094472243744,-0.1269383964578529,-0.1512455661371235,-0.10038924255403878
C5 WM ascending,0.0012187362775315505,0.06078084372630445,-0.006876346464724527,0.06544856750106398,-0.01082556453811595,0.12034527323333422,0.052149456118305015,0.16479770362696688,0.2643720604522797,0.07469821320389007,-0.0656649258951534,0.09525805414847795,0.16369503729814713,0.13278536097996954,0.045352250763480255,0.007583470070298932,-0.022553694701791478,-0.027192810834020493,0.05423760190259659,0.047721891777905145,0.15690442044902533,0.10419153190333844,0.06418262476207004,0.08127598013748216,0.03715338549147249,0.024125525371907597,0.12341846288825457,-0.03222300038161961,0.06594902625759866,0.15696915381808843,0.09323100303490929,-0.0027944061865419457,-0.06884167589320751,0.04534206992117498,-0.01780110928969012,0.049599298368792025,0.1775458223703739,0.09568959308601979,0.07605802265867878,0.02267791137779598,0.08598140607549976,0.056217393125476973,0.11723311179961465,0.019068506249080637,0.148900685445281,-0.07995855323794873,0.04768770058192801,0.07109981889976101,0.11602787799937998,0.01426557439786182,0.11163227740715984,-0.07577669911978654,0.04080286321738224,-0.02994890846319439,-0.14377021361036024,-0.03441717196652799,0.030083607986861965,0.029674258814038026,0.004672379259119047,0.0442140900541831,0.1586545255161863,0.0576863457917563,0.1615284091245241,0.11701819050636718,0.1041373194174725,0.11965114674952829,0.02247912938938655,0.06880865718501877,0.23893713431131994,0.08155075623827311,0.028098531490003464,-0.03436038366464175,-0.009951866748924149,0.14100436533825927,0.06141500180485697,0.05124083346414,0.08941081752359845,0.07602498273969667,0.7288815897487119,0.7601472595398672,0.6843371388823879,0.729467521673718,0.7564962782734159,0.7138558563597376,1.0,0.7844086421020092,0.18849110205719505,0.16954147542836287,0.14175226520094053,0.21874129169275103,0.22055200569006708,0.22242351930800933,0.24801299000466587,0.13748611991887302,0.17470111927767198,0.015712176730489427,0.08327340201647042,0.09257779513188244,-0.032281659848889976,-0.028122181038063677,0.034888248166319254,-0.11984800323074378,0.015923380927517404,-0.061163853222405744,0.0062416241952602935,-0.06987887524576863,-0.12224532422304944,-0.08037176790119917,-0.08509646423299161,-0.0531216831380626
C5 WM descending,0.051337998658680134,0.07778193141501681,0.025091225030444444,0.05653720630869809,0.01926995923855074,0.1388954423330762,0.0760097568929718,0.16208098845550764,0.279896908617973,0.10243290561500784,-0.013833607271204522,0.10715766077172784,0.17876549114576928,0.12288035038330505,0.08692887270960695,0.06622355062809461,0.04916155767592128,0.0032186656136684202,0.07152207302568858,0.04374286211060808,0.16391726734122045,0.07148659495870989,0.054433021456667834,0.09684374289511025,0.06298056203036526,0.04196198275604166,0.10456768786398667,-0.00502270723441274,0.05888600559062286,0.14317054530405923,0.09112931928153578,-0.02392187574316462,-0.03654253093011559,0.05888754526467742,-0.02258046981998946,0.05353879564007551,0.1507963774772783,0.1051908817211833,0.08467649842616552,0.05083575414702643,0.11958048933795883,0.05749761523291114,0.1735910998329353,0.03003843233253932,0.14296765614515267,-0.022817674756367114,0.05269270250634126,0.05308823538183699,0.07430230825956044,0.03118976503739494,0.08986660859556066,-0.018579160517463687,0.035670794632085966,-0.008776681740207144,-0.12372607356924663,-0.025478635104968166,0.07247043419791731,0.057790689778102186,-0.00189646587594251,0.03084171115215849,0.10152992740861388,0.10771573446517003,0.14082238992796597,0.13901978962024186,0.07706142774889257,0.16107480129437926,0.1381251125377188,0.1218900212033788,0.27224920799680463,0.06227855899829364,0.02965123802130354,-0.08532266446537443,-0.0689993194793514,0.057553933302342083,-0.026373060465634413,-0.012909906144018919,0.020553527303174,0.004237281157593231,0.605073933913345,0.8335952766766828,0.786675807254644,0.570877122775653,0.7832466096503299,0.7669707595783795,0.7844086421020092,1.0,0.2072132042609409,0.23381334184232974,0.21785106856057326,0.27090872051098264,0.29208734844180756,0.2878169900977984,0.2959084643299802,0.25548143890354663,0.17207342749045557,0.04325510285447957,0.10478858118127599,0.012107573582318785,-0.018204845135262052,0.010414749225058634,0.03600311257695758,-0.06454649717427124,0.03993484517353494,-0.0152904238633331,0.013539706099480886,-0.08242529880139116,-0.1228048106278673,-0.09959626076746007,-0.1221255983679837,-0.08122016586031543
C6 GM left dorsal horn,0.07176526846271963,0.0683175241689934,0.07419249167873677,0.012055381421302979,0.07653434077151533,0.02605961862589194,-0.021134801388869293,0.03410333084281143,0.04885360093783736,0.06737585868925083,0.10709429695968717,0.07854928501514719,0.10133349682522302,0.06046939392949677,0.15269548992727386,0.10561310155179482,0.07479027792611932,0.137198303739061,0.07246735611833133,-0.017476254829126205,0.03556761704906874,0.013033911508418948,0.04985895499836868,0.025798117155615995,0.05262097771203932,0.0404512842936092,0.05084895022373136,0.062097514615099936,-0.004659911460424987,-0.0019568718636683536,0.05160863464819375,0.03537619518221942,0.05169340979636286,0.026416170311649674,0.05762182015306723,0.05718993867042249,0.09323269681321403,0.05416471194207796,0.12439568075893447,0.0028481761596082125,0.11375595923589624,0.08230593824274039,0.0835653920647794,0.02923446669649472,0.049363187127651455,0.14958215156722326,-0.05135934870647885,-0.09596513443983722,-0.06659432252669352,0.0559877475314302,-0.09710269243434967,0.10200185489359065,-0.00707791888932479,0.041470408137904986,0.003410339663173467,0.008387472666022064,0.01124274858500059,0.23348957939707546,0.023833639818364737,-0.015488006170164987,-0.07336497728441065,0.01215511226693451,-0.011067495021099138,0.15511903528948573,0.05455089750981255,0.04010553929954169,0.1365026186214115,0.12195883455555019,-0.017446121507454514,0.06611604884457231,0.0461059967641247,-0.020978448935205892,0.0018921270567603455,0.14060697847476109,0.06686125242872776,0.09531643904941392,0.1200668135963058,0.11414419636472108,0.16317675999911144,0.19504070908940357,0.13599103428409084,0.2042190950323444,0.24382133239512457,0.21977518446878336,0.18849110205719505,0.2072132042609409,1.0,0.6702277345040569,0.6481791776668544,0.3325436848889913,0.32551516469811065,0.27018428694494545,0.6172390630569681,0.4749187304178167,0.13500787648100274,0.08963163675343097,0.1119889669747576,0.08272298825522544,0.08343814429901517,0.07880791930691566,0.06620622582354382,0.047172801971225024,0.03554674333032667,0.0763865681769935,0.1163263597592707,0.03889362560437596,0.013155164885622912,0.07270639560123042,0.08063354324083959,0.08300377730267325
C6 GM left intermediate zone,0.08883503649563171,0.08457763348659342,0.10573634261922238,0.06980035462791166,0.09915588377410962,0.08793196042416296,0.03406281077957377,0.09199532054679489,0.04388526983848074,0.11171208917771419,0.14927437296737545,0.1227430431466035,0.12432752848116503,0.08414402122529281,0.11891626090486014,0.12918680716679998,0.11655620363081759,0.159703843627576,0.1092550698400043,-0.019843018048671966,0.0877890840216271,0.05757202018337194,0.07227312004199303,0.0528985507605471,0.054177745513062425,0.07869606953692419,0.05978681338163566,0.17183510458737633,0.04668313967075195,0.0326407318379662,0.06862165034389722,0.06417588902248889,0.09704306515207933,0.06350502266908967,0.10035990607789774,0.08611100012066253,0.062412966092446814,0.09594095143891904,0.11489947506270175,0.06604992474514311,0.09858090854873773,0.12300727327270022,0.09052705024753363,0.08077743240988372,-0.003984938604935838,0.19190119356320154,-0.04215708029233244,-0.06064124326526402,-0.043727470991539716,0.05745507402457396,-0.05518931443816331,0.1293023369312234,0.019433318944591417,0.050065243392709874,0.06348951591232012,0.06800776787124976,0.08564837440968243,0.25142887784238704,0.06200002529867006,0.01614042379111565,-0.07514376584668088,0.1007919963243813,0.0013123396096623963,0.13666878395483528,0.1120462791958623,0.07014759528738714,0.11375072511253197,0.18178602710391623,0.07405623132943864,0.10668538442166958,0.027980718866231324,-0.04699363732717375,-0.027215502443203293,0.08954428744854503,-0.002695919971379525,0.02659949778275429,0.09072710145917022,0.06425121151788495,0.17722219408147347,0.225848397950809,0.21101576821914478,0.08326475054550994,0.17576835673455438,0.20694182458383303,0.16954147542836287,0.23381334184232974,0.6702277345040569,1.0,0.7834332525470455,0.28521057688598933,0.5532077955025518,0.40245567665553694,0.64443420949849,0.7418270106003452,0.14661024355167873,0.18526401876903822,0.19294297875289243,0.08289190715898338,0.11324206978217868,0.11791168636056985,0.17769715805845304,0.1282009491052887,-0.06028920190010937,-0.0262740144917324,0.0014755074610160969,0.026404573979516722,-0.015531909882411371,0.021269001935259064,0.022052096329749343,0.051299609642150634
C6 GM left ventral horn,0.05585238509650489,0.06249249545478501,0.07681174350128356,0.04538899258606334,0.06772011332920798,0.027632251391336075,-0.015549345611628814,0.04429645479055465,0.04387690646047961,0.028110210454344364,0.13132683040838275,0.053220161043801346,0.03727700125435261,0.04869441614501129,0.07300137097790002,0.11365697272044202,0.1280652301583691,0.13595377350775503,0.061646946265261654,0.015573355824447264,0.02500274738800586,0.044792191497939365,0.034762673526001535,-0.006493347870374548,0.06141351034619801,0.07479538717541402,0.05796973242568758,0.10607430386805515,0.07009791243912496,0.01008034928681411,0.04287343519866091,0.014588203859691177,0.055024456948112525,0.05125934872431256,0.04428644476604465,0.057540069343983216,0.07105333844394794,0.06201885613837534,0.08565019765567139,0.03245130859188037,0.0757527493326764,0.08261233387253937,0.06401237088780008,0.05458664221933377,0.02038332143119287,0.1493312254489754,-0.036643361029000385,-0.04756719529218366,-0.033251853875354405,0.01134734849032038,-0.04240413923574926,0.0826976605465535,0.02459608893257077,0.07275565015481678,0.0501704377017999,0.05567609557761193,0.04048289505132884,0.20629092939829968,0.08136164519950456,0.024661899147718186,-0.05601217452770211,0.09784694281845326,-0.056748675567457205,0.18234039786122747,0.11215320021835673,0.019006181990832774,0.19162765700620374,0.1759365600506205,0.023778488036085278,0.08967183054805089,0.009710826159205042,-0.03859874269354223,-0.0424336564767894,0.029917578753542496,-0.004955853236225667,0.0010141232746471143,0.021150909731039655,0.00965858783200177,0.12536237472798387,0.18292395270056944,0.2108836322415993,0.06703151606069532,0.13879342856652466,0.17149768276195262,0.14175226520094053,0.21785106856057326,0.6481791776668544,0.7834332525470455,1.0,0.2536433848807593,0.3784376624016176,0.34952233075022693,0.6569165831574851,0.723309037353977,0.19759210054170137,0.22347556500167925,0.22767452301032962,0.060974565847047545,0.08880732918282487,0.044249615592136984,0.16258245489403111,0.09684615273662733,-0.0589251759391616,0.009238297216468317,0.03254372554283822,0.023406602471031927,0.013134456407567495,0.06563023394100098,0.006364121397709094,0.07798994438113
C6 GM right dorsal horn,0.0896350181139837,0.04578681619039231,0.05420649669557949,0.030889687538148317,0.07614603205567652,0.06416827975874957,0.0686252616097245,0.08686102027228251,0.12507323100107726,0.06975043098145654,0.07034589423860951,0.1301455454383236,0.16062804316114407,0.025082597933256973,0.18061248593011855,0.02957461266187843,0.025707111833761634,0.0775805840952325,0.08064345179124024,-0.06738115483929862,0.08703660737495056,0.01107721894360247,0.0041293684133220715,0.09062965897859114,0.023485667409848233,0.05426577581030475,0.03788133337199212,0.04720634034824051,-0.04516422807428928,0.04759453277234074,-0.0032607759309298983,0.06579564801056809,0.05585659607742135,0.047705023844108116,0.05275465609359524,0.06831280713620567,0.057808549366032205,0.03325217471718193,0.06885857519381358,0.05862079366193188,0.041877686185860935,0.0876713173966006,0.11587369203615827,0.07299300302488371,0.02381033881876849,0.03237199473546088,0.030045581760760196,0.0019056372171103921,-0.007558891221646989,0.026633936031401895,0.012981176361602013,0.024272850050827976,0.005148740123437554,-0.05427665641410396,-0.011937236070577378,0.03644815181662313,0.07077797039464898,0.06294664702423297,-0.046911463803585664,-0.015810603982454857,-0.006112429761615008,0.048754388290783844,-0.04891599524506921,0.16495334916764587,0.07913542545025723,0.004332803939308719,0.07396581425592332,0.059103675432088124,-0.08633422071952464,0.02622273630601476,0.0876599684167828,0.03512689599024999,0.0704383091043558,0.14698604002465618,0.09238908400239727,0.02962696202100073,0.11381366665579995,0.02767365283975949,0.15775294662096584,0.2216405491658801,0.1586962348579288,0.29844121996326256,0.31440490780108454,0.2922102877537247,0.21874129169275103,0.27090872051098264,0.3325436848889913,0.28521057688598933,0.2536433848807593,1.0,0.7274857763671899,0.6503011898993479,0.6176369292332654,0.4796028470009193,0.2822754096355527,0.16719722170458942,0.21355868582747273,0.19984998081377814,0.08867853447079643,0.10652991222448267,0.23050433031994616,0.09032175366265095,-0.04649964263656542,-0.03162838151206553,0.05148664690940792,-0.0291643951986379,-0.05617667660987418,0.011344843747240069,-0.04568410260893471,0.03562636973734749
C6 GM right intermediate zone,0.10956936158081597,0.07879201326979605,0.10909027465000026,0.0797235117821185,0.10177607577427937,0.09991865729284109,0.15091453758999424,0.16921095728086058,0.15459173688545477,0.16308858564828044,0.11624474740422532,0.16989181988456592,0.22717790378143482,0.10309737519677943,0.1908890919887835,0.06523108637692836,0.053040729341234924,0.1108960491052342,0.1554037513241577,-0.043637811582950985,0.15349355996755348,0.0710218209341783,0.09104025851738434,0.10521592463842085,0.05140004177057413,0.09917642513640232,0.10413032159879969,0.09789855022259615,0.007353503987082025,0.06116290139503508,0.0534108553877601,0.08793294546757328,0.07047669322420715,0.07845416320029791,0.06494876257831464,0.08829964682820822,0.05952991195745713,0.10834134802383917,0.0917223002183077,0.14108480930912815,0.07717990222365319,0.12317113211320158,0.15947062484357336,0.1249603434080631,0.06181143324817975,0.10319787007415869,0.07596380564845641,0.058797610354997885,0.0608811823473116,0.06980405380059541,0.07268540267508178,0.08241190746999476,0.04987042788225269,-0.026576229326320314,0.03253248489429069,0.08616593287661939,0.07187710219738973,0.10951175787336176,-0.011841727887161601,0.06194187109138252,0.027703115855128607,0.10251631623399025,0.025150147003902047,0.16584636020556287,0.10298997145871144,0.02808394530056455,0.09517588757955639,0.12012835122744976,0.01571067111381284,0.07130386087640159,0.058192559866058625,-0.013694212721539633,0.007244364841140998,0.14163021466739384,0.04325154578770551,0.029635546348957896,0.1020424050270107,0.053054258505928785,0.17108802133685191,0.2154446206569267,0.15740165355590557,0.1682592098348706,0.2517009135020998,0.28394948829345046,0.22055200569006708,0.29208734844180756,0.32551516469811065,0.5532077955025518,0.3784376624016176,0.7274857763671899,1.0,0.8048804992095162,0.6456510247652711,0.7391813926828549,0.2145641385926241,0.1598754937770659,0.2151720807254027,0.16202834579270045,0.1234723707524219,0.13516593069516958,0.2747732603182046,0.1401111556756702,-0.08833873786757984,-0.053298573794679574,0.02323358169647959,-0.050224104931727874,-0.06628587743162924,-0.015316473886919223,-0.03045966742871821,0.021509593402797567
C6 GM right ventral horn,0.05348592551746215,0.03315593927190536,0.08577016585339811,0.051931893785582016,0.07704392350732686,0.10260683351088637,0.12383250220934819,0.12005625821122838,0.1591205768857161,0.11072521518929843,0.0568748436323572,0.11007897724433852,0.12725837141812466,0.03982421664708256,0.11307966956999631,0.025902487884271956,0.022031498954531544,0.06285344048395188,0.0974621518073459,-0.04880003500934099,0.13569221696666717,0.04491262092528473,0.03710131586550505,0.06824266518309229,0.01886077151309712,0.07348006461740703,0.09178391814652063,0.05536887819156659,0.02269253667015963,0.06685108329780219,0.03425275420596833,0.027639703764794278,0.02464849867152213,0.04098609919824559,0.0073405748648893215,0.038886560148965674,0.10122086428824019,0.08141074269511006,0.021488328611467915,0.10781892218468951,0.010262546471925356,0.09565500177097651,0.11170098697630934,0.08670606471550464,0.028098007976758623,0.05162909966713948,0.06964209537882474,0.07269393657639961,0.050846729622444596,-0.014934947489454032,0.10115470305964665,0.031072318446999515,0.002419397214620328,-0.06526142315155004,0.0006569282673571876,0.06229772708917914,0.013092839001681063,0.038347498411368676,-0.02698906228784467,0.07076906069770626,0.05118819403904365,0.06078187728667379,0.019221987232045663,0.1538082850953627,0.08620927476363996,0.022295724431986366,0.11263058679835178,0.12095850018179562,-0.013318330240036187,0.08694451492655027,0.04149798066792179,-0.049741700470541904,-0.04295681731188974,0.08922187032066588,0.007069547982962135,-0.01385019203541817,0.04718554038341166,0.027698658177025656,0.1268411637595158,0.202547703703108,0.14847449559023895,0.17670703311562105,0.25401512084056904,0.31000198242226923,0.22242351930800933,0.2878169900977984,0.27018428694494545,0.40245567665553694,0.34952233075022693,0.6503011898993479,0.8048804992095162,1.0,0.6270629378353199,0.7195033926806257,0.194966615636698,0.14585590087484143,0.20071376260313634,0.14446733385307375,0.12575942698123768,0.14028340243845602,0.24736639840044514,0.11888492651027105,-0.1084269359701907,-0.036096784450899186,0.029463544349751777,-0.056921548475686645,-0.025725856359796476,0.017251428851674994,0.02055650694678251,0.04228690267844321
C6 WM ascending,0.08337180330914841,0.0536996203930788,0.11548148732938537,0.04848630603970254,0.0564358322570716,0.04389714652443317,0.019396362980907304,0.10922276341214274,0.05527576901842535,0.07448526831098676,0.08960378939476389,0.10274456458570105,0.15490565785286795,0.008201676585946506,0.1701353668271987,0.043028248622751245,0.03760985822341641,0.10893378126852526,0.09881167818785559,-0.09136494967077981,0.11893105919253803,-0.03385180032210992,0.013121670264178735,0.023043412301540264,0.022835523132702817,0.04735804801171706,0.03660506671466826,0.08788247146900986,-0.05194812634712639,-0.02407276773326671,0.0016350958429851774,0.036156294258939986,0.03566726510764629,0.013274138414663123,0.07500159251730654,0.05378599924822823,0.016637627124532005,0.04939876178810065,0.03868415418606495,0.06381778250336008,0.022902529999595238,0.08625363261104345,0.1542923426160347,0.06380818232404509,-0.041662083923565726,0.12246420364112086,-0.0010326063905764615,-0.05874440168135807,-0.08750668093617679,0.017659159280658532,-0.05957909589960548,0.07564840654921497,-0.03669315744644468,-0.038022153145446415,0.008551013181533295,0.022288752326503052,0.0857047129299254,0.1648907771870718,-0.05660103678671829,-0.03985819996093244,-0.10443416040507728,0.09026454493819433,0.026292218764970395,0.2755551988336946,0.19198734009175908,-0.0023764082488298235,0.16485807314246828,0.15796987856941025,0.008886466287574878,0.11338004650098298,0.0625485725750653,-0.0007042140969832121,0.016423203790352784,0.1472490359056322,0.050108233337825055,0.03989823092469882,0.11212984327785931,0.0796454386363408,0.18776542285169323,0.25770038422030067,0.1878899149608038,0.21396627963699294,0.30309697484465287,0.3163983856909347,0.24801299000466587,0.2959084643299802,0.6172390630569681,0.64443420949849,0.6569165831574851,0.6176369292332654,0.6456510247652711,0.6270629378353199,1.0,0.7635369992244764,0.2784767772180754,0.16311281538314157,0.21581371171354927,0.18093381223121158,0.09944829369368391,0.1056158656215562,0.2456616467742116,0.10605192345938214,-0.08250737172316293,-0.04018021156044754,0.048289754824035115,0.03446358567955537,-0.027813225392896018,0.06010540015695448,0.035142399289326914,0.08890514284919245
C6 WM descending,0.06750574624023185,0.06502547814398629,0.12186981499916168,0.06834951157327653,0.07006370249914211,0.04934204386774681,0.049772009327427605,0.10510994891537642,0.059874191781761,0.08855145695827678,0.13120316229345752,0.09503087855761687,0.12739470214959692,0.06486364718965418,0.12855954489962118,0.08986042628411002,0.09132596637967376,0.11566097971248249,0.1164101945882488,-0.024292335272219957,0.12817404925500797,0.05128457297466036,0.04517172719320092,0.04486028319481771,0.07239004315005663,0.10358231004009724,0.07196627782257455,0.15175039983494237,0.05419079974726264,0.031129699916732728,0.05219869806956833,0.060003643606075095,0.08099927357728744,0.05228086361809828,0.06640714927722188,0.058857991732858064,0.03288082412530074,0.07337744442223852,0.04167648017572901,0.08108134152329959,0.03770672225224078,0.08925508386797783,0.13270841524017105,0.08898464262638833,-0.0008888425419500798,0.1463719160146783,0.02655331390618768,-0.0015730525585637672,-0.010753080049496308,0.034417887296658976,0.01040249389231755,0.09983819997748522,0.017417913149305197,0.016134200155323776,0.07912906766411043,0.09093820954606606,0.09227105673041253,0.1629731057491473,0.031975424145008924,0.04896442788547034,-0.04898956010852335,0.15006305808094123,0.014750308391068574,0.21170794846680674,0.1426959168639603,0.03501562723637481,0.17638811486576292,0.20290116664066962,0.07002077290093099,0.117848718869826,0.06088319813259248,-0.02311061584372568,-0.015539739191878638,0.05420291035776458,-0.015360200906457316,0.0003465533216692466,0.0759801818918697,0.04253454592601819,0.12953907923922015,0.19883999120517537,0.15922269659984747,0.05425078689444205,0.17258703300149678,0.22224403870833503,0.13748611991887302,0.25548143890354663,0.4749187304178167,0.7418270106003452,0.723309037353977,0.4796028470009193,0.7391813926828549,0.7195033926806257,0.7635369992244764,1.0,0.18633654407353784,0.19037301594219785,0.21268256220484327,0.08960251394877977,0.12743190482326533,0.11919149895146684,0.2541099111780333,0.15903650112829518,-0.0434576136732353,-0.02211366863296169,0.04243138002584993,0.010424729422188141,-0.028622281687858974,0.0280572157689364,0.04352273649662447,0.06553170991153741
C7 GM left dorsal horn,0.10965986361779922,0.1045137270813362,0.08710200275367952,0.11925958174897802,0.0849993015059704,0.0016328664636099859,0.10132364170903756,0.12255833865954689,0.09440368516555246,0.08084684842345427,0.1387162838146824,0.14068714709010646,0.07001601059625957,0.044210888969802464,0.08798706335252765,0.12270741235986757,0.11702638667270202,0.1001963797053449,0.0843435319164549,0.09998773927154116,0.07913859375840393,0.11626073702645726,0.040438282780338716,0.05251882557055526,0.10360529130147325,0.09562193525333987,0.07304918189826135,0.05469924809045334,0.09420633250113274,0.02590265245053925,0.04522802811988017,0.13106667384610574,0.10982496057256513,0.0921545257929249,0.06483136056515122,0.08101476057451595,0.013246175212550799,0.07667228492762472,0.057671476493273394,0.15126013253420165,0.08816434301327333,0.16843687768643825,0.08891134371948056,0.17211986645430585,0.1150571425612137,0.14591640597568098,0.122876937228411,0.1106539779120165,0.13960983739843985,0.07141640885122333,0.08198607678353688,0.08352469265725715,0.10255385640906234,0.11426304602401961,0.06949447672499404,0.12074686967667764,0.09162377333102802,0.02992197868690554,0.09646833704744841,0.04223917980252215,0.060711732915638264,0.13131498149050938,0.02959290637188647,0.1448320170706385,0.07311452815953258,-0.013537078145884975,0.12440219528196382,0.05359231026660272,0.057780572467560125,0.03262997614631455,0.02015646008462659,0.05622473414568048,0.09607022379973447,0.11246358417686823,0.09751389459772848,0.10717541645829991,0.0958410762252805,0.1395105714018627,0.1587820013751202,0.2116373777133136,0.24741802822291378,0.05944175356373475,0.1139363347362648,0.09558553912472033,0.17470111927767198,0.17207342749045557,0.13500787648100274,0.14661024355167873,0.19759210054170137,0.2822754096355527,0.2145641385926241,0.194966615636698,0.2784767772180754,0.18633654407353784,1.0,0.6382394821519134,0.7414709587533663,0.07307493498286936,0.05777002374738565,-0.021150353325305408,0.46808214724304675,0.29995495638366426,0.04779313306156218,0.022199259146795505,0.08002466658626771,-0.003939539694758319,-0.027084282636378205,0.04778611049889198,0.040276566288473384,0.07854797645247083
C7 GM left intermediate zone,0.07217927350967077,0.11953647764821135,0.09333321098347602,0.10137728551385816,0.06695755973415868,0.02390657292320975,0.06653482881341824,0.06466142626356683,0.060142708095763275,0.05703805092613278,0.1407570225001358,0.09954678022062402,0.06447259264967294,0.08520464528159341,0.03829836368482555,0.1517922394249428,0.12453063759699629,0.10685876688115756,0.11499885767390298,0.19403916057317633,0.059515420971258795,0.16666258191729197,0.08259200658951786,0.03979771555162843,0.18301598307670056,0.17097148163411266,0.12649919072113333,0.12226364058855442,0.183425089325956,0.07901418977218179,0.030703946853318256,0.14084743784331635,0.12042941188437342,0.10298804193196455,0.07008715260056984,0.1147592000576261,0.03973427862327874,0.06619866361314478,0.10969155829415045,0.08103381699226635,0.09393442917372008,0.16224550959462822,0.06889391814674263,0.13144923297587116,0.12129432880938117,0.14734700515316748,0.10705327631713386,0.13122947328908413,0.16575444508486065,0.1321280939246712,0.11678634675775106,0.11715535543083871,0.1597376267460674,0.17241793347150233,0.14427197145792237,0.17910242317379868,0.1401956850896734,0.12459261021922251,0.17959558958120275,0.09914350617095831,0.07875288979450476,0.11870059898997312,-0.016705029128658094,0.014612953586936022,-0.06485318058002651,-0.07778252220445447,0.037047334952521965,-0.027466745588436585,-0.03901500745578665,-0.015420140736231996,0.08345481404060379,0.05718972366410158,0.08670025696432564,0.08097818985593262,0.07796738327507444,0.060218944926129434,0.09705055144305594,0.07683101270760545,0.01861957007765273,0.05676232542293176,0.08993599016297113,-0.11729746878496806,-0.034114537281385166,-0.012423147343548782,0.015712176730489427,0.04325510285447957,0.08963163675343097,0.18526401876903822,0.22347556500167925,0.16719722170458942,0.1598754937770659,0.14585590087484143,0.16311281538314157,0.19037301594219785,0.6382394821519134,1.0,0.6853543035558148,0.16425955108295062,0.3989218498611406,0.12331447407496905,0.49930472851120755,0.4332472353779101,0.10888277784733658,0.12613226623596885,0.18506500533881096,0.005412135369864027,0.06356651660425164,0.11594040115457414,0.11933436529165464,0.16307620744019977
C7 GM left ventral horn,0.1466601932426369,0.19372706705603604,0.13851849402673255,0.16913220221762873,0.10261554201798294,0.019864647505745806,0.12957280430354282,0.10894664665852963,0.10057587191110567,0.10132107707443884,0.1594941878722562,0.1238733926078572,0.0472175817490244,0.07730279148783506,0.06180027449336205,0.19650463354421618,0.17947326597089538,0.11617247886190711,0.1077014793694997,0.15702734392008721,0.08168144918230057,0.18271140465833105,0.11286882022963873,0.06975961418673658,0.20184854295812116,0.17765825717766057,0.15378107242663655,0.13081662641240244,0.1892249840696367,0.12431851514322526,0.09646176677317839,0.19213283769483652,0.15289160149543196,0.18256569385458174,0.1179349623598328,0.14297551624575475,0.019613619101201255,0.11144094026794706,0.09209239574850975,0.13350647219680842,0.12224294926276537,0.18257187062443506,0.028988477303346086,0.1539517533563255,0.15141547168212593,0.16802473779165827,0.10892967355741107,0.1584994147845433,0.19517223377846277,0.1279375712740639,0.14331618201468055,0.13340270719450195,0.14351878382398034,0.16934070407753052,0.11283990671443761,0.15910540259547645,0.1201647203167991,0.08777353718372613,0.14430118046448165,0.1349111306558174,0.1188254196335938,0.1461735479918339,0.09060543019059905,0.09995655828223009,0.04418599545535352,-0.06743044404710404,0.07181154032379221,0.054094145530531795,0.05002998900309015,0.039188412236820576,0.0194838029131343,0.007362690803431529,0.026330007021992872,0.07513769888782998,0.1078819149819997,0.12072218224552557,0.0899473111543132,0.09028203053623783,0.06428607284226816,0.1311983013714614,0.22918300718623455,-0.016650388590901215,0.03787607862139689,0.06734654783813024,0.08327340201647042,0.10478858118127599,0.1119889669747576,0.19294297875289243,0.22767452301032962,0.21355868582747273,0.2151720807254027,0.20071376260313634,0.21581371171354927,0.21268256220484327,0.7414709587533663,0.6853543035558148,1.0,0.06555304603499777,0.09479574868151892,0.025316911955680588,0.5269398568256557,0.5166129508023007,-0.04619244706817891,0.0019800183192297356,0.08591044328070464,0.01723953275089254,-8.395801898049339e-05,0.10139631472687016,0.057528134874805945,0.14715829980421347
C7 GM right dorsal horn,0.007673003906163953,0.02097866185718003,0.04122255489078048,0.0541603928092723,0.03773519745393957,0.06465798296924286,0.022049878086101656,0.02059436255634442,0.02670223294755718,0.04438364591559726,-0.021792304386359884,0.03220227318979647,0.05490770901750315,-0.02697223886507015,-0.05672512002906664,0.006793231299381148,-0.05228134014317726,-0.008258587740239154,0.005632986844550588,0.04435554483999066,-0.0020659336817973046,0.0484872942725262,0.017358604255991703,0.07997920801732578,0.11603588387771971,0.07900481690330441,0.06618716670904361,0.09840425860702515,0.12335387745113213,0.10701861838875966,-0.05326717187546457,0.03677013345559682,-0.001098505220399536,-0.003914647341888726,0.081441164984611,-0.017640697595582996,0.029400430534842977,-0.023656052532032786,0.020373940602994155,0.022346893736732584,0.014602595049033117,-0.012210928949392448,0.0277198108129609,-0.014860716612999422,0.021361138020843846,0.0385529348655189,0.015438458986725245,0.00026594830030057505,0.03409391469866756,0.04291752976616404,0.0384887955658915,0.04601053451716801,0.028692195723792054,0.08257864919086849,0.1080166257397107,0.11046114267774264,0.14858450605632836,0.05655234523764302,0.10021410762218448,0.09259987903563244,0.08814174385476259,0.10273124921402374,-0.030173122950709633,0.046648457829648535,0.07756788370323561,0.039308927499368054,-0.044126994723804686,0.05289855247531122,-0.0053142541560707674,0.12116857946591478,0.20839445706469506,0.17648222280739442,0.18526983222598073,0.21835510196710944,0.12169744628104089,0.05824140099350686,0.18069785373825295,0.16339139533722202,0.009262716497893307,-0.06258322927539672,-0.007195203240698875,0.03909152092388895,-0.03852131282242101,-0.024620696548060178,0.09257779513188244,0.012107573582318785,0.08272298825522544,0.08289190715898338,0.060974565847047545,0.19984998081377814,0.16202834579270045,0.14446733385307375,0.18093381223121158,0.08960251394877977,0.07307493498286936,0.16425955108295062,0.06555304603499777,1.0,0.6807655474010269,0.6550458541911172,0.4580117272824897,0.35057835802818077,0.012126436701743222,0.008588922034019208,0.06226606577367766,0.11459706351221821,0.06671402610914604,0.09817294310882636,0.14191129244266903,0.15668565277149746
C7 GM right intermediate zone,0.07495539658935574,0.10112416409830965,0.13353153455779407,0.09460253504320977,0.07116929714472885,0.08224515387724898,0.064048857971401,0.06858468963250793,0.041743194657869125,0.09898941428109476,0.04619107377113753,0.06884472272154132,0.05815505917191791,0.05285144115879503,-0.0431732782006418,0.13835280407145423,0.06488325498057126,0.06631246781352355,0.07642485399431276,0.2022814745027385,0.012991986024336235,0.14238508768571337,0.10413327866731899,0.06419921471621717,0.22565861551453398,0.17682072198015913,0.13736347899314355,0.1668885704256287,0.2256058141238212,0.1430392060638968,0.026844927230630106,0.10035831667516117,0.06472656150205625,0.06564394129277701,0.1382822353422373,0.05907048308497054,0.03219760616627897,0.036774916447966245,0.0984507126038105,0.062360013951691044,0.10238947902906029,0.013366012815128031,0.020436511464937822,0.02427205399265447,0.09897316084104729,0.15194307643260765,0.04510170232853051,0.0721586386737854,0.12485816035202141,0.1675241799498101,0.10069954649058183,0.17851845742561923,0.1321629100726151,0.21856041231953566,0.19731918902608953,0.21447166162203007,0.20230561793974428,0.15947257699957168,0.23733192526347302,0.1905361233226542,0.12609515901104712,0.14825358005681374,-0.005947288248595941,0.022829563806310703,-0.024726502377412297,0.01383813646176769,0.002723039528630703,0.041896518492484915,-0.008021768904900743,0.04725439546011248,0.200737501356464,0.1257940873358136,0.1073333501017484,0.23189971398106146,0.08693769472331198,0.03234918724664399,0.1811998227070833,0.1059944283234319,-0.08854633272079042,-0.08447363288910809,-0.053762400069558604,-0.10338491060982391,-0.07948509726934234,-0.044528167339892795,-0.032281659848889976,-0.018204845135262052,0.08343814429901517,0.11324206978217868,0.08880732918282487,0.08867853447079643,0.1234723707524219,0.12575942698123768,0.09944829369368391,0.12743190482326533,0.05777002374738565,0.3989218498611406,0.09479574868151892,0.6807655474010269,1.0,0.7757658288927479,0.4481347658061942,0.4999482025389095,0.09080945216427798,0.06402169039110206,0.15340910046916537,0.0657906833919245,0.048561146027009415,0.09168542260270612,0.19373493359455626,0.1965167263912859
C7 GM right ventral horn,0.12724857462305378,0.09071243372001261,0.15121767924856824,0.11000532287427855,0.10354643205011411,0.03518765348761229,0.06098238379139583,0.0306448566869843,-0.052145826263432164,0.12957029307297135,0.039159689284514514,0.06052503713458736,-0.018202790389868957,-0.0034094437274686073,-0.050350041929287555,0.10647744861615355,0.0482305829265973,0.02354494166167991,0.02026965329477654,0.1409376712609127,-0.04273247453869657,0.07873502871364028,0.07260776281902508,0.059845151951918266,0.18562202273633313,0.13750480666693674,0.05414875435059114,0.16179010886543885,0.18485179828778495,0.0901803883005962,0.00196677162015392,0.10514752750200129,0.09529774369025215,0.08209010865346596,0.14526980948608778,0.04926206626216446,-0.04027072735411478,0.042144071728936104,0.049302267121861365,0.10202619084387392,0.0526038984578756,0.0158720899595024,-0.019153840623262697,0.055447414070460034,0.03458209908378136,0.14110178589010045,0.00879384832381782,0.04930815382412198,0.04119125303981739,0.08786388581397879,0.051659077155230305,0.16108599581658647,0.11039737089090407,0.21314272287311103,0.19067198055745746,0.1814293036772533,0.1494844083305217,0.08433220152486849,0.21913521556771584,0.16165707634788648,0.05126949195617264,0.09331753389130798,0.02094576664868464,0.10490982175665971,0.04068969482906571,-0.00022179191139757367,-0.0006364810691390118,0.025554838269321773,-0.04285636051729817,0.05004593069750288,0.1782416846029634,0.10847327459124892,0.07913884033342884,0.2207545839216043,0.09323441726326595,0.04455390352831772,0.1653857104607956,0.10017933742722034,-0.05540020034746586,-0.030161749010758732,-0.0027975170880694586,-0.08966760954104372,-0.058816929088909585,-0.05454535059563801,-0.028122181038063677,0.010414749225058634,0.07880791930691566,0.11791168636056985,0.044249615592136984,0.10652991222448267,0.13516593069516958,0.14028340243845602,0.1056158656215562,0.11919149895146684,-0.021150353325305408,0.12331447407496905,0.025316911955680588,0.6550458541911172,0.7757658288927479,1.0,0.4589508054408082,0.5551135446671125,0.11047679142721661,0.06332978133948694,0.11253042875727243,0.12564052606119866,0.09963444484725463,0.15084422561430572,0.2486880935011099,0.2520863014607219
C7 WM ascending,0.07190889962490152,0.04207057787182044,0.10268016986612209,0.05501759985432118,0.07744137593044371,0.03999827901941494,0.0850078877411127,0.047533148457704615,-0.044605937356194426,0.10675119619773424,0.0751873248873053,0.029417359643470774,0.012984587969863882,-0.024553087452078418,-0.012118797391528895,0.0468791241377349,0.00035211425114858137,0.028861570585683546,0.008040795892355847,0.057731270673618884,0.04321230173977814,0.05026433851702589,0.009420506555924194,0.07380124538153335,0.11929118907209632,0.10640199146386935,0.030137901891837474,0.14328779947341352,0.10154102895988777,0.059525780275221915,0.053983603049125056,0.10346376357056784,0.10539117034029673,0.04012425275378871,0.10661674899123538,0.037238581258874186,-0.030247931232111346,0.05622288078838995,0.033528930546165146,0.08927088912152241,-0.0021043119797530046,0.04336997821724022,0.0396885485285228,0.052407176444943984,0.03322246711033516,0.08580942650123387,0.04866210543153969,0.019527052964068876,0.05409147564466714,0.053902578652505716,0.02734134465928918,0.07323151076610576,0.02505812581140242,0.07675766802657184,0.12232573227635858,0.13624414271890525,0.09908818664522585,0.032481540312617754,0.10068295058615317,0.07264775872919806,0.0079298068188058,0.09730298408521937,-0.0015344432779170988,0.16079604461974656,0.03333166970203301,-0.0735276633329175,0.0794025915475438,0.03736810022593312,-0.09253079049734583,0.02484591768696239,0.10978622092296572,0.13648937408685977,0.14147848620233966,0.19153659931633676,0.15651355830402247,0.10930125585968295,0.1550318982944238,0.16152861341378225,0.05067632534453103,0.028476848463755314,0.06946320089965596,-0.08183820611858002,-0.013506436084177623,0.018525621625791407,0.034888248166319254,0.03600311257695758,0.06620622582354382,0.17769715805845304,0.16258245489403111,0.23050433031994616,0.2747732603182046,0.24736639840044514,0.2456616467742116,0.2541099111780333,0.46808214724304675,0.49930472851120755,0.5269398568256557,0.4580117272824897,0.4481347658061942,0.4589508054408082,1.0,0.6758709938856047,-0.004002909541336669,0.018736764993633557,0.12144920259692972,0.022075750868584938,-0.00016906865911120946,0.09681571240682683,0.14429581442517314,0.18081069577692557
C7 WM descending,0.1223761517523143,0.09356473792496545,0.16687043425285406,0.08810824031760152,0.09345723338980982,0.0256589627384536,0.05888888786481389,0.06991928273490639,-0.07368309531493665,0.11420194546973828,0.09249221807408238,0.061840104896268594,-0.020679366352720014,-0.048099532032535995,-0.047102568512595,0.1350252054509442,0.08003730220341275,0.043311291013129916,0.010337457978382533,0.14916835254409908,-0.016455431988688502,0.07323890009480978,0.029231939142788783,0.04675737229695837,0.20282008081594985,0.16785068854904026,0.051778254615523565,0.1836728484579324,0.14115883331602194,0.08699957551649062,0.028511089665168923,0.13460373073579304,0.1411790728193339,0.10063985512768357,0.16819723828901922,0.046466994052967746,-0.06750845101659758,0.03370336104332842,0.03260050476892989,0.0970940859621671,0.03944041929340458,0.00941794631924133,0.009705019452936323,0.08227533789458763,0.026689533148773186,0.14003336077726142,0.03716278592243176,0.06446841848598343,0.07814362434789764,0.1320054730387595,0.049008180854677966,0.17872248801549492,0.09878054995868985,0.19023224095495,0.21439462540686585,0.20602241050454584,0.19354757818895887,0.1094238374202894,0.18960248772482483,0.14852562093253024,0.030142607696414442,0.14387354924653895,0.04514575377714549,0.10372747167095786,-0.051528532725620434,-0.06251848439495256,0.00750053541091616,-0.030372463275571724,-0.10684854057716357,-0.04455771665642612,0.12237435708993645,0.11833735064800328,0.09760225245800178,0.1880117170368142,0.13883555432658815,0.0983574052885578,0.1810074495282319,0.13023669885506195,-0.11451997812092225,-0.07792417211953864,-0.011614915536858485,-0.1950177715852114,-0.1137824687642499,-0.08715529814360976,-0.11984800323074378,-0.06454649717427124,0.047172801971225024,0.1282009491052887,0.09684615273662733,0.09032175366265095,0.1401111556756702,0.11888492651027105,0.10605192345938214,0.15903650112829518,0.29995495638366426,0.4332472353779101,0.5166129508023007,0.35057835802818077,0.4999482025389095,0.5551135446671125,0.6758709938856047,1.0,0.06936794772484617,0.1039819952145813,0.18809236901456353,0.03794358317334298,0.07745552827837696,0.16437766594282857,0.22352712699056906,0.32262968601871206
C8 GM left dorsal horn,0.060050632344839705,0.06612104977698441,0.09254571847480023,0.0837084852014298,-0.002416481298158917,-0.021496799723755004,0.026535990530155713,-0.004233589812665378,0.020948645626199584,0.034184293525949275,0.054872524706469854,0.012123360691769614,0.015102910744196129,-0.028015922135408565,0.037717386872999664,0.0821130147760713,0.0989105568628052,0.06749860761985921,0.044276647904043134,0.046107058813605474,0.00242926112928442,-0.018622860858313092,0.029659167567329576,0.06437933070927265,0.09761302648322559,0.10503750597462932,0.010258031596252253,0.059552351536171305,-0.0009285075108175067,0.024095536310362178,0.07017503187482557,0.10393853686068684,0.0660593993979925,0.06001311778982194,0.09919560023851486,0.05872396959951149,0.026451142254139557,0.02835309200905843,0.014319638467307882,0.06030471029930963,0.021677654441432572,0.04607681967943576,0.0352846148885139,0.0923693630147445,-0.00300276625130378,0.08754111337650576,0.06295620076005207,0.05344373973757667,-0.011532407022915206,0.033551390535121364,0.0635692647038693,0.1022662472457395,0.10329890194522663,0.05091058427235799,0.10043651205581734,0.06876826646346712,0.07430432382868442,0.09546409889997544,0.036814664701693395,0.07131474066952612,0.01260148285607808,0.049666772719285636,0.03337081907768609,-0.0369370849445513,0.015923462895049284,0.023555830622833587,-0.003504062087272885,-0.026729467208046948,0.016305107657465557,-0.011997431554863726,0.10690208510387764,0.028767869888809708,0.037364861443682715,-0.0622964416650271,-0.06023403562133949,-0.0774818895709872,0.003629614682036874,-0.010037847049544251,0.07125207045829299,0.050410151091213995,0.01285546325895793,-0.0786465849097023,-0.028619388202368413,-0.056403926648624245,0.015923380927517404,0.03993484517353494,0.03554674333032667,-0.06028920190010937,-0.0589251759391616,-0.04649964263656542,-0.08833873786757984,-0.1084269359701907,-0.08250737172316293,-0.0434576136732353,0.04779313306156218,0.10888277784733658,-0.04619244706817891,0.012126436701743222,0.09080945216427798,0.11047679142721661,-0.004002909541336669,0.06936794772484617,1.0,0.6496198415674228,0.6218174462791127,0.07537666708134172,0.0994753513134181,-0.00013611266802918804,0.5418577909373486,0.31717476736152606
C8 GM left intermediate zone,0.06609910316626444,0.06264034188191085,0.04376544133457815,0.052970652324891634,0.0023864319051531864,-0.020529773467480385,-0.02574364907145819,-0.00797994056389469,-0.01119512997379895,0.00314931683414122,0.03354806967087042,0.014006000048492685,-0.006705770412074097,-0.024291006230009002,0.02865016586645412,0.015587637573128692,0.08557188136139648,0.024589286968112006,0.04372133357500005,0.028979166374430595,-0.009205238955646008,-0.02802201173260366,-0.0065982539000216675,0.012800584392384235,0.040754091964687905,0.09463301650708261,0.012331100705181458,0.033490755840858595,-0.009386677865635875,-0.010014757326708246,0.08556330076069507,0.029772244448376253,0.05591418592374597,0.05400853035131568,0.052886680685278145,0.033107377238666205,0.018070426355155777,-0.016036726095743144,-0.04460641158135331,0.026127872678454938,-0.049872649231231865,0.015483915960892523,0.009218078952985181,0.09363554803519733,-0.050520953654062874,0.05751079720908592,0.04349670393798717,0.07519301920129343,-0.027832799212569596,-0.05358013394416954,0.03989891072217683,0.07056427145717092,0.06950654764653548,0.023289039911843976,0.10667095819694122,0.05341217351061107,-0.007141711169025898,-0.0008110418268725644,0.048690534842714385,0.08929031895162055,0.01511534982321063,0.061524001870823554,-0.0981102238234354,-0.10390373550752804,-0.025708106526645753,0.045007643830689725,0.013779346098224163,-0.0007883756832117627,-0.1226974198377582,-0.01728701650305959,0.02212460256982734,0.05465234550850719,0.02656551910726011,-0.04396372822741226,0.04740809266043,0.03920164670906248,0.029972206848866017,0.030173644333006882,-0.0016940435910875807,0.013752612000590466,0.0029597520397968303,-0.14268330161964246,-0.07583440190067328,-0.08313484761271976,-0.061163853222405744,-0.0152904238633331,0.0763865681769935,-0.0262740144917324,0.009238297216468317,-0.03162838151206553,-0.053298573794679574,-0.036096784450899186,-0.04018021156044754,-0.02211366863296169,0.022199259146795505,0.12613226623596885,0.0019800183192297356,0.008588922034019208,0.06402169039110206,0.06332978133948694,0.018736764993633557,0.1039819952145813,0.6496198415674228,1.0,0.7889315887884255,0.0027660232043836873,0.4630288731017065,0.19944700776198743,0.5642115990496451,0.5285980898974096
C8 GM left ventral horn,0.03348864804125509,0.07094706489672778,0.04539347926528721,0.051941718493941885,-0.04658070727940009,-0.03505659975265075,-0.00827283801804039,0.026971791864858534,-0.030765244366064728,-0.008088499769818432,-0.015854899422007834,-0.04254909112318116,0.004798800383090134,0.015007669394866727,0.009106102867033903,-0.02208309685827261,0.039896765531690984,-0.021789017838756225,0.027875252670024407,0.030677158124979773,-0.017848996713625317,-0.034458555231954235,-0.00951161022000332,-0.026401821007159994,0.016642510751512535,0.03679159589040968,-0.002839123444798797,-0.04246886508117752,-0.052695324526503794,-0.05875195594801494,0.042303064056864556,0.04931856989409376,0.019805556394414066,0.03883070692206163,0.02872097678415104,0.04783382232307605,0.022643789505542935,-0.005697361268789226,-0.023299096751985833,0.029209624599961622,-0.03634383664973745,0.005549440269116654,-0.014854047712386602,0.040469590510566,-0.015713928641604896,0.0321577413922781,-0.0027079888750520414,0.06042993534242872,-0.028473014561873365,-0.03103808673520411,-0.002182496243482247,0.030665479084558717,0.07523497324921967,0.03444650789801609,0.057261057459563655,0.024870434680260112,-0.025235137356766368,-0.03601172503831835,0.04747542604329264,0.0751330796444999,-0.0038923762862435175,0.05965379715239551,-0.0763113264244869,-0.010499413914325472,-0.020925832055994617,0.02056477190097669,0.05686099259129289,0.044625369358173725,-0.09976059999269404,0.013136717357463985,0.07495727006205768,0.12840005153351491,0.10420577317483601,0.014657009563812723,0.1129543655149212,0.0849041065560797,0.10272104505523023,0.10337801235255983,-0.009107186996011813,0.010724904162200986,-0.00036547995299440457,-0.0827000960599011,-0.021452044529945237,-0.01502677780606037,0.0062416241952602935,0.013539706099480886,0.1163263597592707,0.0014755074610160969,0.03254372554283822,0.05148664690940792,0.02323358169647959,0.029463544349751777,0.048289754824035115,0.04243138002584993,0.08002466658626771,0.18506500533881096,0.08591044328070464,0.06226606577367766,0.15340910046916537,0.11253042875727243,0.12144920259692972,0.18809236901456353,0.6218174462791127,0.7889315887884255,1.0,-0.03237245601783654,0.1772938751800807,0.1865075732870878,0.5873537077042637,0.6386667551868092
C8 GM right dorsal horn,0.125773158241703,0.055037304728708485,0.1482739679272469,0.12367356866299666,0.04988464106700005,-0.016052185304985,-0.003100587791408914,0.011183008850155858,0.012133120490125276,0.060681146708070975,0.04134561765216778,0.09367336941985743,0.05837297264619191,-0.0038205234503643866,0.09019460457804465,0.022598878832956415,0.06384047052241956,0.03871565086409515,0.10846546307012064,-0.03200815265440901,0.11648597330063723,0.023479891760655004,0.012896250094538078,0.10528370876804158,0.062214366667195264,0.09769291818116524,0.04606190549856895,0.14702405939575935,0.032913655152321246,0.06751236144220894,0.07221985157056499,0.11268782213589781,0.09449568820425923,0.06359628529306965,0.18475434892598286,0.05086865830007535,-0.01766825343248016,0.012970453112375782,0.0038719308117101886,0.0518893663334004,-0.04441347974826169,-0.007384183422694831,0.030006058244316798,0.09976604110602033,-0.06370433152554444,0.08250911632635466,0.08700047098473213,0.059163300640507274,-0.005109677901431003,0.032977464032019205,0.06332491055787316,0.06577065683641112,0.00448663144433101,0.04617971089124836,0.12236725379832704,0.11215599473224225,0.11418476290256255,0.0354870172601069,-0.0008059259032235427,0.08153482087412098,0.016228227289539796,0.09529229088737264,0.012099243218921309,-0.050978074495164276,0.09144664023969758,-0.1574232741754547,-0.13477578527427178,-0.0032258215304129486,0.018077520326907723,-0.018756332388706675,0.17947670667303664,0.11281854150075313,0.11361629056715716,0.10135889877958058,0.0809457800056173,0.0332784767172924,0.11745044659316917,0.07565681463374513,-0.026967741117263657,-0.07793770895371883,-0.04634169968593689,-0.10862544351568999,-0.11078765056075306,-0.08485904450664564,-0.06987887524576863,-0.08242529880139116,0.03889362560437596,0.026404573979516722,0.023406602471031927,-0.0291643951986379,-0.050224104931727874,-0.056921548475686645,0.03446358567955537,0.010424729422188141,-0.003939539694758319,0.005412135369864027,0.01723953275089254,0.11459706351221821,0.0657906833919245,0.12564052606119866,0.022075750868584938,0.03794358317334298,0.07537666708134172,0.0027660232043836873,-0.03237245601783654,1.0,0.5245492342383725,0.5497910059707853,0.4716077675527765,0.2066235824495085
C8 GM right intermediate zone,0.13670087166590433,0.09027595823630705,0.11668655066341267,0.09118877339281634,0.06521315392129655,-0.022743700933459104,-0.0339545604251945,0.045052015869417615,0.02357843493641346,0.03710471109664687,0.07934615229803779,0.11082803566787296,0.019588863062686333,0.024345790580640094,0.09209892950081834,0.06216924704118659,0.09861011653063007,0.0642957381845656,0.10972081759389292,0.08143024483566888,0.06749458945923931,0.07319792107899037,0.04482386251697536,0.054437547006494544,0.09573294047576601,0.14320481543806893,0.08614064958995514,0.12544671011768677,0.1016839507835614,0.069677067014992,0.10014803886950331,0.05724732924346916,0.12214380202870431,0.09460646865788197,0.0967035100083504,0.05686999281514607,0.033268131845953834,0.023690031390471992,0.030959510142817358,0.01671596726154538,-0.0029090360073163904,0.05049526082423301,0.039235290902570996,0.11745000319212051,-0.010062626519338484,0.10261846970770386,0.10509171721947165,0.09296713486603989,0.057633646196442,0.043271201824930966,0.09887798905944903,0.0997744606339995,0.04861069559741527,0.08260433656097604,0.16281031993247852,0.12930873245089416,0.0652760178942288,0.03024436134651955,0.09677234027887942,0.0979173791815998,0.07280170139947384,0.07548367153997272,-0.08302878055944603,-0.11000483747886332,0.0743999564140377,-0.07964681881654329,-0.07475826722743348,-0.012697573866537696,-0.08697214871019826,0.02222580764280912,0.09333896503677652,0.08796704872353986,0.06747109994721273,0.06317284671182179,0.09746837758431147,0.08097487004029984,0.11211601253296935,0.06861338975459998,-0.03989686797581054,-0.08375168797225557,-0.048286627139620474,-0.2086213065102525,-0.17151210990253463,-0.15330094472243744,-0.12224532422304944,-0.1228048106278673,0.013155164885622912,-0.015531909882411371,0.013134456407567495,-0.05617667660987418,-0.06628587743162924,-0.025725856359796476,-0.027813225392896018,-0.028622281687858974,-0.027084282636378205,0.06356651660425164,-8.395801898049339e-05,0.06671402610914604,0.048561146027009415,0.09963444484725463,-0.00016906865911120946,0.07745552827837696,0.0994753513134181,0.4630288731017065,0.1772938751800807,0.5245492342383725,1.0,0.7622956213402022,0.541004061077255,0.43549894844913134
C8 GM right ventral horn,0.10098192503661217,0.06500398521776188,0.09592490170806887,0.057331514098447764,0.033801561631368424,-0.03448587415949014,-0.03529966402799604,0.04554251075355303,-0.002327345452372641,0.021208463718607316,0.017857061911468717,0.024722541949142238,0.00474563265171993,0.05775785382985346,0.07663760703833697,0.02806860358246593,0.03829289377375784,-0.00729726166519026,0.05476262724772576,0.08909285495357462,0.04703916340529854,0.055562878545231606,0.015075427408789385,0.009405163425062306,0.05959578998917157,0.05853977344137686,0.023686757565895812,0.03734593015194092,0.07442554319778019,-0.01019377039922766,0.020448263465180107,0.05455640048148407,0.07440548290795368,0.03436113479392251,0.04023757940733945,0.03791366968761959,-0.010133889503550765,0.006012922267324609,0.037435197519344814,-0.010302247988741268,-7.6119169700401894e-06,0.027472798404304156,0.014528359446059676,0.038428203962641315,0.014888587152226058,0.06796486919751481,0.039650355653635214,0.0302437127926834,0.026246008081128584,0.04818179968151901,0.020328134698133847,0.026218655511224508,0.026703894436910455,0.09329152785408028,0.07276674411251616,0.04781120153141031,0.0065264924549910735,-0.029019328066536496,0.10054795156392031,0.019828803758875236,0.0053914099866007896,0.01744874653963776,-0.0709987056375712,0.024848020651505556,0.08470947054271284,-0.16100274812530993,-0.005188349445256513,-0.017857298854603982,-0.08624220119926525,0.022770511077091816,0.14191700717819258,0.10781283428089117,0.0876888900486928,0.1321088151633911,0.1343104231671522,0.10119787351285171,0.15228999923375297,0.10114583853950347,-0.050221472026909006,-0.0936026802201055,-0.05249470188901842,-0.1675684927151217,-0.1426188156691461,-0.1269383964578529,-0.08037176790119917,-0.09959626076746007,0.07270639560123042,0.021269001935259064,0.06563023394100098,0.011344843747240069,-0.015316473886919223,0.017251428851674994,0.06010540015695448,0.0280572157689364,0.04778611049889198,0.11594040115457414,0.10139631472687016,0.09817294310882636,0.09168542260270612,0.15084422561430572,0.09681571240682683,0.16437766594282857,-0.00013611266802918804,0.19944700776198743,0.1865075732870878,0.5497910059707853,0.7622956213402022,1.0,0.5282911651398473,0.5579186817170382
C8 WM ascending,0.06242083407894234,0.07904199391797666,0.11489444463018698,0.10164501180923217,-0.014963976346201798,0.00017901427815459624,-0.019509762193161983,0.012040519790405995,-0.053472527349421164,0.015705709966988814,-0.00850298917094843,-0.003015135557533613,0.00043497124119520105,0.01684667802306205,-0.008161133558386944,0.0052887393336962085,0.039389456018200965,-0.0073065047918680235,0.04634069339040034,0.037968407876380485,0.031326008062996326,0.02169248749757577,-0.007516164416788209,0.03875583751964869,0.060867158882477776,0.06825268003098821,0.013631703433109888,0.07830729697433653,0.03812033754615111,-0.0035307675096576856,0.07574650075334723,0.10714630618642143,0.07199856745897885,0.04465493998162541,0.10958616773431931,0.048183036224364754,0.02244355578846865,0.004062599106386932,-0.009311010973002826,0.029725847036053944,-0.018539971830719048,-0.028999746929632933,0.015197089319165299,0.045409574674998544,-0.03288587075479559,0.07938034607219528,-0.0003604032541997485,0.027404914002507857,0.008059377826643524,0.033710246298044984,0.01655363986145084,0.06442997815572153,0.06776410979974475,0.05253286561556774,0.11615519687614086,0.0964991139574979,0.08849708180639286,0.01570284962832903,0.06357478931331717,0.07540429139771405,-0.004195329819822547,0.09021459884287145,-0.024825366703450518,-0.08075558150102942,0.05326969774940544,-0.03830983543496953,-0.08193466294725887,0.024100480421123394,-0.028936545047720218,0.037559339707200004,0.15429270533850042,0.13400026656373212,0.12301581056438196,0.10709113724499003,0.10476449750919826,0.07730342072153185,0.1573291444805535,0.12951820614761778,-0.051376837261084066,-0.10747051187409921,-0.09637912273892761,-0.18000236770686615,-0.15950419868680477,-0.1512455661371235,-0.08509646423299161,-0.1221255983679837,0.08063354324083959,0.022052096329749343,0.006364121397709094,-0.04568410260893471,-0.03045966742871821,0.02055650694678251,0.035142399289326914,0.04352273649662447,0.040276566288473384,0.11933436529165464,0.057528134874805945,0.14191129244266903,0.19373493359455626,0.2486880935011099,0.14429581442517314,0.22352712699056906,0.5418577909373486,0.5642115990496451,0.5873537077042637,0.4716077675527765,0.541004061077255,0.5282911651398473,1.0,0.7150086049760295
C8 WM descending,0.04431213964642056,0.0734338307783461,0.057896997639534216,0.060690839805427665,-0.027219927359642692,-0.010705645298323055,-0.042447406885627655,0.019039413134878842,-0.08487885958229609,-0.008832694852899616,-0.010090484644645134,-0.05837468734990433,-0.037949874808139175,0.03550082150874766,-0.032199795427900184,0.016902029962448162,0.032724925017363696,-0.04010611858940089,-0.00838724303388116,0.07051947695027612,-0.027918237269773695,-0.0004444152297559606,-0.040223411106389176,-0.02636107841935574,0.049081567071733154,0.03285104274394824,-0.06462360185695855,0.023086366201226532,0.028334217258572915,-0.09267812858657526,0.015338876691667083,0.03171253200232297,0.021887099112780046,0.011970436594445298,0.02100514674120607,0.028487307686073292,-0.027250375625241217,-0.019589363532726285,0.004002426895152889,0.005219446598140634,0.0019005553190637808,-0.02835865075093758,0.03708756042735802,0.005933637442701108,-0.010795364637503342,0.07281218633271395,-0.015559343622298787,-0.004300625433657857,-0.016993455197838406,0.04757255988626611,-0.06172750417257114,0.06613871697955018,0.07268604042785232,0.11340188830738111,0.08081410026714475,0.04955027662489441,0.03369021516685452,-0.0009022893627367272,0.11694073129708518,0.024531715509512993,-0.06566013893683255,0.06234970190407423,-0.07478568253371888,0.02339369589166749,0.10527551801560019,-0.013832323150363198,-0.03265548241607603,0.06741483690573889,-0.07508628806848637,0.1470883171126578,0.15716553864172247,0.14136684386990145,0.10963638093307758,0.18352324581926044,0.1583634448745203,0.13843974369051376,0.18484891129827538,0.18449404044383527,-0.058005549565519225,-0.09762675769014248,-0.062437180000558014,-0.12965203799531308,-0.10932765418808306,-0.10038924255403878,-0.0531216831380626,-0.08122016586031543,0.08300377730267325,0.051299609642150634,0.07798994438113,0.03562636973734749,0.021509593402797567,0.04228690267844321,0.08890514284919245,0.06553170991153741,0.07854797645247083,0.16307620744019977,0.14715829980421347,0.15668565277149746,0.1965167263912859,0.2520863014607219,0.18081069577692557,0.32262968601871206,0.31717476736152606,0.5285980898974096,0.6386667551868092,0.2066235824495085,0.43549894844913134,0.5579186817170382,0.7150086049760295,1.0
