,7Networks_LH_SomMot_8,7Networks_LH_SomMot_9,7Networks_LH_SomMot_10,7Networks_LH_SomMot_11,7Networks_LH_SomMot_12,7Networks_LH_SomMot_13,7Networks_LH_SomMot_14,7Networks_LH_SomMot_15,7Networks_LH_SomMot_16,7Networks_LH_SomMot_17,7Networks_LH_SomMot_18,7Networks_LH_SomMot_19,7Networks_LH_SomMot_20,7Networks_LH_SomMot_21,7Networks_LH_SomMot_22,7Networks_LH_SomMot_23,7Networks_LH_SomMot_24,7Networks_LH_SomMot_25,7Networks_LH_SomMot_26,7Networks_LH_SomMot_27,7Networks_LH_SomMot_28,7Networks_LH_SomMot_29,7Networks_LH_SomMot_30,7Networks_LH_SomMot_31,7Networks_LH_SomMot_32,7Networks_LH_SomMot_33,7Networks_LH_SomMot_34,7Networks_LH_SomMot_35,7Networks_LH_SomMot_36,7Networks_LH_SomMot_37,7Networks_RH_SomMot_9,7Networks_RH_SomMot_10,7Networks_RH_SomMot_11,7Networks_RH_SomMot_12,7Networks_RH_SomMot_13,7Networks_RH_SomMot_14,7Networks_RH_SomMot_15,7Networks_RH_SomMot_16,7Networks_RH_SomMot_17,7Networks_RH_SomMot_18,7Networks_RH_SomMot_19,7Networks_RH_SomMot_20,7Networks_RH_SomMot_21,7Networks_RH_SomMot_22,7Networks_RH_SomMot_23,7Networks_RH_SomMot_24,7Networks_RH_SomMot_25,7Networks_RH_SomMot_26,7Networks_RH_SomMot_27,7Networks_RH_SomMot_28,7Networks_RH_SomMot_29,7Networks_RH_SomMot_30,7Networks_RH_SomMot_31,7Networks_RH_SomMot_32,7Networks_RH_SomMot_33,7Networks_RH_SomMot_34,7Networks_RH_SomMot_35,7Networks_RH_SomMot_36,7Networks_RH_SomMot_37,7Networks_RH_SomMot_38,7Networks_RH_SomMot_39,7Networks_RH_SomMot_40,C3 GM left dorsal horn,C3 GM left intermediate zone,C3 GM left ventral horn,C3 GM right dorsal horn,C3 GM right intermediate zone,C3 GM right ventral horn,C3 WM ascending,C3 WM descending,C4 GM left dorsal horn,C4 GM left intermediate zone,C4 GM left ventral horn,C4 GM right dorsal horn,C4 GM right intermediate zone,C4 GM right ventral horn,C4 WM ascending,C4 WM descending,C5 GM left dorsal horn,C5 GM left intermediate zone,C5 GM left ventral horn,C5 GM right dorsal horn,C5 GM right intermediate zone,C5 GM right ventral horn,C5 WM ascending,C5 WM descending,C6 GM left dorsal horn,C6 GM left intermediate zone,C6 GM left ventral horn,C6 GM right dorsal horn,C6 GM right intermediate zone,C6 GM right ventral horn,C6 WM ascending,C6 WM descending,C7 GM left dorsal horn,C7 GM left intermediate zone,C7 GM left ventral horn,C7 GM right dorsal horn,C7 GM right intermediate zone,C7 GM right ventral horn,C7 WM ascending,C7 WM descending,C8 GM left dorsal horn,C8 GM left intermediate zone,C8 GM left ventral horn,C8 GM right dorsal horn,C8 GM right intermediate zone,C8 GM right ventral horn,C8 WM ascending,C8 WM descending
7Networks_LH_SomMot_8,1.0,0.7762677307658098,0.5945809980045015,0.7299989384112173,0.6928977017923326,0.3391873153122481,0.6681424898330881,0.5989445024411144,0.5736504321743918,0.6490692849671049,0.6414287032558691,0.6322450504947457,0.39585903344235907,0.5794149592047969,0.5573230510228663,0.6302678912397842,0.6020411748295369,0.6458342716678179,0.6130848468377842,0.5100620391264441,0.6103018930737959,0.6508929132763556,0.6638102138911259,0.42003081533427405,0.5871884259262226,0.6552320885319091,0.3318792481541026,0.6233385684151477,0.6183537938991484,0.32278730162119185,0.6897930186070534,0.5325332925296169,0.6834892264008974,0.766779150789885,0.6969737887705614,0.7600916571845571,0.22058474283422483,0.6979906213499244,0.5466280961196426,0.6559801404820073,0.4744997000249044,0.5786116928519673,0.7025544804532552,0.5836981420008024,0.410969517417159,0.6820359167074743,0.6751667280486033,0.6765800995914252,0.5382247261862996,0.5658714281716983,0.4191360598280003,0.6062981722708732,0.3079726567096682,0.6365442597001812,0.618020488380678,0.34551868355038395,0.03951347182065086,0.043753488119909964,0.5336451170746994,0.644639299739424,0.599759039546234,0.6133682553742154,0.002804217754194607,-0.024011769483105436,-0.015470409823695092,-0.1420755756998426,-0.11156014870927322,-0.03919892570005294,-0.07701241856661178,-0.07373835481334302,-0.07426107847026475,-0.0515322590209088,-0.04968072849513648,0.028764435409490106,0.014451110515288981,0.04639162962085172,0.07421320550930956,0.040878025567711834,-0.035977863001644184,-0.034785783157994264,-0.0020357644583807065,-0.018840737500991318,-0.036741878225346365,0.003638461541471505,-0.0025647279753718767,0.02876529788337554,-0.07900911163610025,-0.045617398995544636,-0.10567175149248714,0.0550019382141239,0.03279992777559829,0.03754021405644551,-0.015811964388583632,-0.003164821136915202,0.017899375679451626,0.048435746441607155,0.03938446065573714,-0.07501370837062822,-0.010317638677002222,-0.019073889319236145,0.07056526157426801,0.06840232822519281,0.02034832154425077,0.007263795705354959,-0.11502549722409836,-0.010377758182824978,-0.047857678259706264,-0.12095919269049829,-0.04562651542934487,-0.16917069818186717
7Networks_LH_SomMot_9,0.7762677307658098,1.0,0.5588688717993099,0.7939794277945169,0.7553751909940472,0.4015273120599416,0.6947401616693275,0.5519176686102589,0.5734778412878674,0.6456126432362104,0.5848217777654099,0.613086924872338,0.3702714177437961,0.5255075497653025,0.5289542850392657,0.6576006380288236,0.56814555024733,0.6705774807497583,0.5808857524473754,0.5375438926628209,0.6019585480203998,0.6492416528802076,0.6799410954652662,0.48221226625484953,0.6411175411873573,0.69331776291287,0.3316119854053851,0.7029590693130536,0.6665896160404201,0.37244057961002813,0.7372098949714403,0.5378705055698256,0.7240121468401239,0.810060223155239,0.7139256723171999,0.7908429502215893,0.1387219038263992,0.7113765803528056,0.5213827154483452,0.6343627754921621,0.39280043075592125,0.5181200133513147,0.663152157239757,0.5679477635531959,0.2867033943446922,0.6327893674797133,0.6631371443953784,0.670645493988759,0.5448576545365726,0.5558045195594257,0.4007242358895193,0.5939536579485586,0.2501870630758681,0.7322663961473334,0.7147663219099828,0.39720438058002155,0.08684046216045664,0.060330117515494046,0.5946635188535676,0.6914370169033871,0.598541802329641,0.6642529941743348,0.0931263062842732,0.047699119873854695,0.04271522765600195,-0.09768542328896077,-0.04221734558310938,0.0099644513205858,0.011205408745666244,-0.0014294771488699927,-0.028365689944157998,-0.04078424528624939,-0.05594409440089133,0.06471479996770935,0.04372364972829072,0.06383808759537196,0.10684838411726397,0.024619536790522433,0.01796390944463473,0.03548351826543191,0.0260974417011273,-0.0028091558975414095,0.028807557666067907,0.03998687500125558,0.054071030804756226,0.07494301607203561,-0.09351848245171719,-0.03324730976509285,-0.12745547386506265,-0.015392586483695484,-0.0013308702894891569,0.0038375230405018807,-0.07970201348313671,-0.03677233775823507,0.06726503004833324,0.0643977244050429,0.07155339882498853,-0.09719103990209847,-0.050882174646246,-0.07810794718858893,0.09299776491481314,0.022370351523902623,0.021012060581322475,0.011390870412044523,-0.0955709390544696,-0.021038848757301467,-0.07849818830182653,-0.15425391001206068,-0.07938265459139866,-0.1660591007531112
7Networks_LH_SomMot_10,0.5945809980045015,0.5588688717993099,1.0,0.5893294597456387,0.5062457645038232,0.2296896418428302,0.4547184603509713,0.546703212479488,0.4069828506422398,0.5187844212008651,0.511957546708812,0.5260251439544625,0.46278614493788645,0.5768630354568416,0.5122580480867495,0.48758407771980733,0.4425263794261121,0.4922889105105978,0.5008777353724017,0.4255315969520616,0.5031324433830421,0.5586707273267842,0.509574888602765,0.3791003105762939,0.4231145743110191,0.47718369296345503,0.3276723634135545,0.4666261839920608,0.42706983065706783,0.35333759045038404,0.5122981484592444,0.46888893561468586,0.4309080337619056,0.5564533531528466,0.6094900367531236,0.5228337117161893,0.22605234601130078,0.48583945601929185,0.5341168846029642,0.4483252236486347,0.46438880329174537,0.37931374946254787,0.5704397678402258,0.4844637368261213,0.3906025616280952,0.5095123088452632,0.4734358985702299,0.47953045323478743,0.38396362825963604,0.3878716637031543,0.3257954473386653,0.46909621148646474,0.21326746982760084,0.448215652669258,0.43428549636566777,0.3231792894702416,0.12831841123365575,0.09260371448129251,0.29660079386066024,0.45271584950223015,0.4598796820404854,0.4480450891756913,0.03728228315694685,-0.04815473626961981,-0.02065484589512829,-0.16796752492394862,-0.13105600081348412,-0.08389255572351265,-0.01655808783783829,-0.09312356812030799,-0.018587246197994896,-0.054030647902549134,-0.03382580260809076,-0.016811069551363217,-0.022904392008271414,-0.011847898319551653,0.019525128220166294,0.01043443416026171,0.03702060266049952,0.057376643973202704,0.04981335409703684,-0.011921719868614162,0.0017779118292149856,-0.008643049237445017,0.008144901006472142,0.04880483971442742,-0.009495444541026805,0.06497974053268371,0.00018691615001726887,-0.03760584948547835,0.007156956359681018,-0.0038708693027736645,-0.021855971372268895,0.028024543168805795,0.05713880045651669,0.06829570383063935,0.08977654668705885,-0.049535347299453414,0.001560634635222073,-0.004014746957914144,0.08855290680323456,0.051317388121506005,0.02254833595683619,0.03350419240031219,-0.08723881718377846,-0.01621808382018172,-0.054596915202441566,-0.15736903691114681,-0.07312825462161426,-0.1716104529490871
7Networks_LH_SomMot_11,0.7299989384112173,0.7939794277945169,0.5893294597456387,1.0,0.7474251561025655,0.4860891109480478,0.6998834634666681,0.6218314082744734,0.6116837498524065,0.6865750035762732,0.6166293575573547,0.618361652627318,0.46499884322279483,0.6072472155512102,0.5707351710271178,0.6538233118874105,0.5876736538639157,0.642631412566677,0.6091363960241604,0.5542418202681643,0.6363338846003685,0.6596543870294963,0.6750381203121606,0.4964750145201882,0.5914489268093486,0.6556546690557064,0.36525477599930706,0.670780672629195,0.6384822475319217,0.36659896595564473,0.6986308467353337,0.5289763432484015,0.6079129820627238,0.7398264227259405,0.703575477190621,0.7503861741729229,0.19887169617222514,0.7082692165522402,0.5930110631900691,0.6505736918299732,0.4761905524481396,0.5022052730400999,0.6783594355641245,0.6108138256011637,0.39819449677916413,0.6491273709091951,0.672326292084132,0.6656769707037768,0.5670505592902709,0.5768057271757335,0.45382928205842227,0.6112776503663325,0.3051179438774444,0.665320655252677,0.6418519823614957,0.4031305471341685,0.12730678083422925,0.09140909348226438,0.5472254618605104,0.6503511120806964,0.5888026957212128,0.6174319898548933,0.02584955939613133,-0.011641947973546476,0.009198050338033597,-0.12529736987950368,-0.0824695058115707,-0.019437764845621736,-0.02595570737012373,-0.03882087210090372,-0.011743156157696912,-0.024235769968423596,-0.03184337030338715,0.08779424318240912,0.05191381239785524,0.0645862143319712,0.12454862382682866,0.04535674541820119,0.02541275283417287,0.04543343654053528,0.06767867284637444,-0.008972914687671247,0.016672309743804983,0.01985399011246258,0.06396050423749966,0.07125023052043229,-0.07236252992785634,-0.010404626299774022,-0.09367943868593027,-0.007803956516818349,0.00414441356809772,0.010398865053751106,-0.04810803049402037,-0.026827897728816573,0.06993124819791834,0.028412666986900405,0.03835061956280539,-0.11068580949563236,-0.08272321458625223,-0.08135530882021058,0.07061342523954191,0.021897121165426567,0.002975693238907805,-0.0013848807333560066,-0.08745721155751751,-0.032579903181639815,-0.07409111047264413,-0.16866355302853928,-0.07257902556935156,-0.1724796856236915
7Networks_LH_SomMot_12,0.6928977017923326,0.7553751909940472,0.5062457645038232,0.7474251561025655,1.0,0.6148919512027597,0.8517407086984123,0.6165479838702236,0.743168802601852,0.7542391600450339,0.6851175157348998,0.7043537307918923,0.4814990561199049,0.5744621577255363,0.6399242235543293,0.6196937806996851,0.6829683145721872,0.7503449200534348,0.6718402860780093,0.5276969318616043,0.6681122861083643,0.6334998479746667,0.7255404121038432,0.6019805071605647,0.5824805462931222,0.7028662417496415,0.47108139527986426,0.6996208075624678,0.59709530724983,0.4176795498841197,0.6344567214550402,0.5071638708585016,0.5393555261703802,0.7582931458488715,0.6239981067546994,0.804050277191153,0.2703409256273627,0.8383772534778484,0.5932444753435521,0.8003201364500215,0.4679357749408188,0.5362160670651177,0.7294671279792683,0.7030642887415202,0.40723409948340417,0.7412906581939148,0.7127038049315086,0.7064156998003092,0.608025336129175,0.5996504949455419,0.4989340789364284,0.684483929831101,0.41665022514229066,0.6504327328871233,0.6634350358568429,0.5143732313969172,0.14484133582170006,0.1840756668609247,0.5479312756072756,0.700256512236555,0.6736826748085444,0.6374652959504133,0.04161013547586559,0.006634692628054944,0.018255477850530073,-0.11627452672788839,-0.08959868947076759,-0.0537772547324976,-0.056812182903792974,-0.06302515735603965,-0.028064057971477034,-0.038805943454336744,-0.0342611972368321,0.1030285244629619,0.07195925130927894,0.09204736561641196,0.12506251624179993,0.02902565278420001,-0.005820352157128758,0.028443120960087474,0.014142661528551903,0.008900125630639787,0.05094417794866889,0.07646604982238787,0.04591752657570469,0.0850240220232368,-0.023075162598573885,-0.0025182391510796395,-0.07073309465912503,0.024202560492163936,0.04371277299672693,0.05557856253028559,-0.010997264115132578,0.030784197945239608,0.0921692012413129,0.07995263588718221,0.07899725008595831,-0.07696155502389038,-0.019303805562562473,-0.02080094938927464,0.09095237951244577,0.04158444754681482,0.04857388828408488,0.004240603384720272,-0.05564435019207095,-0.002690917360150696,-0.07302094815062742,-0.15967189570026433,-0.013698167019359483,-0.17471368816566293
7Networks_LH_SomMot_13,0.3391873153122481,0.4015273120599416,0.2296896418428302,0.4860891109480478,0.6148919512027597,1.0,0.5660576079663193,0.3975679148910022,0.5270558346318868,0.5022689862722997,0.4673877250892557,0.39949390577514443,0.4257228279942003,0.37602826121318955,0.44417486477675644,0.3167487799504957,0.4419025764177523,0.49720149302097316,0.5157854947390461,0.3115185633402635,0.4898694365706026,0.36803600613715326,0.509470558649371,0.5302730561978705,0.31872930719266684,0.4262516007913597,0.3859633247061197,0.48975753666326566,0.3574614288777876,0.3100589098187677,0.32663169271109344,0.33319658309765243,0.2053246159319367,0.3870848871896218,0.31428558039031623,0.47650334230433944,0.17527697638164408,0.5626777858068437,0.39370249836610494,0.5573134340847254,0.2832301156353798,0.3254299397547821,0.4695649023952403,0.4957608102226463,0.3057720739202867,0.4611217986965694,0.46906766828521707,0.48202285604036565,0.46135707766531253,0.36677361770290445,0.42404278286248587,0.5009389498570428,0.4347971012813255,0.3642779820007402,0.45398800951490215,0.46563681201982976,0.2614093385331293,0.27113786311077964,0.31043847769889693,0.42854307644392153,0.45073069813558303,0.36630299722212867,0.08680673330400679,0.02961737968914891,-0.012398093096671838,0.0005321672034293093,-0.017749881841773504,-0.009273362330294748,-0.009361745062851711,-0.02177282739499701,0.030260437036637805,0.007327187871176365,0.01874188795661595,0.12473420135606679,0.07702371467545233,0.074591759783371,0.11985476425688839,0.05898591944855954,-0.07448662574513393,-0.027862501082049025,-0.045712397153176425,0.008920910296117154,0.03560216637966319,0.06294902039114894,-0.008651234522076232,0.030749057589994105,-0.09134278191611554,-0.06429650036875746,-0.0979921339436728,-0.10132546122046009,-0.0739839430902798,-0.05010083755702405,-0.09354730380267555,-0.030613826668803277,0.10413563494377688,0.021978087985924,0.01728429861068028,-0.06866730542049274,-0.09220814491060329,-0.09375262098502106,0.05309718090638072,-0.06066356152684447,0.0011359466903658804,0.021198382826300835,-0.033575792309945306,0.04527232546989268,-0.0004629781978352331,-0.09454258696295423,-0.028338180259852238,-0.09907874733371022
7Networks_LH_SomMot_14,0.6681424898330881,0.6947401616693275,0.4547184603509713,0.6998834634666681,0.8517407086984123,0.5660576079663193,1.0,0.6119739214787449,0.7376341496699053,0.7879240462641302,0.7295348429081026,0.7170549038322145,0.4715345593550709,0.5761762252121923,0.6899119239236126,0.6548884193341229,0.7435542213474725,0.7685372640076795,0.6887250857727135,0.4893929832887647,0.7244793771176246,0.6355674461685976,0.720709250256028,0.5858315496006214,0.5685148646920236,0.7296577049584514,0.5122603891208867,0.7098378756329125,0.5808538220557695,0.4384656314338702,0.5883171625618178,0.516861306359652,0.5253764877080987,0.7425681081518762,0.6228322258876485,0.8221945728119571,0.2814391265779868,0.8911793796876709,0.6156585475610081,0.8489025304272221,0.48428889516696527,0.5758096428977173,0.7721014948830331,0.7688846645682168,0.4824467899792621,0.7892162065124007,0.7722882749689706,0.754391311689569,0.6575381170201181,0.6295144668491026,0.6172179366913602,0.7478933982517068,0.4732579200904206,0.646019845163966,0.6683729854190515,0.5152422144512857,0.14867141350513927,0.20344372197183694,0.5397510313309352,0.7275449308107187,0.7351641809812771,0.6527286230454838,0.07017438097945652,0.005279072035967965,0.02642096154164953,-0.06567476261030022,-0.07253563820412659,-0.03614571438249683,-0.008096839226094863,-0.04085967535124567,-0.029297854086899534,-0.03279481736860325,-0.03845259799460005,0.1292059181181967,0.09332710449182066,0.12030548263279998,0.1300623854073767,0.05439636592825602,0.031615995151991656,0.04685528202695041,0.06229558433915556,0.05900533462848431,0.07009856536516273,0.08887790938636309,0.107253704659681,0.11245638055148671,0.003756317672682224,0.010305532613885157,-0.0563490705219693,0.14545091768677196,0.1443340389667279,0.14140845100973387,0.07239544799391903,0.05694219884487278,0.08180723644253166,0.07847103256341798,0.0745970150315221,-0.13208452047436708,-0.04754804408943443,-0.058294954355716945,0.07293140811872934,0.010776535877993087,0.019065789678330412,-0.020996308935743578,-0.11623839326952075,0.030178216067330094,-0.0328198431073254,-0.12609479545587163,-0.07149109219824315,-0.23380474682193297
7Networks_LH_SomMot_15,0.5989445024411144,0.5519176686102589,0.546703212479488,0.6218314082744734,0.6165479838702236,0.3975679148910022,0.6119739214787449,1.0,0.5480780916674495,0.7872555535449876,0.712919132572839,0.7571184958967839,0.6730132830676284,0.7991129729601433,0.7406343748776398,0.5682135940903582,0.6063076114898152,0.6598853205917237,0.712098354032127,0.5586778050693539,0.7412977007031356,0.752308153759851,0.6883195486185515,0.4957124477533669,0.5257569557740323,0.6234336008950401,0.5004610757833441,0.6027153205831718,0.596713969121707,0.48541021245551225,0.5163343668967509,0.3777924178584342,0.4003034254316323,0.660749902515018,0.5893367872431837,0.5936009795218381,0.37934202200408534,0.6836179387317258,0.7736123464522598,0.6963792964066505,0.7311107408946883,0.4976562245864905,0.7484594124207946,0.671206604894394,0.5616729118550496,0.6965476880830876,0.6358538134471665,0.643828284061931,0.5571491865257558,0.5807359234351706,0.4674110270811895,0.6456981590469983,0.35899285247869955,0.5210576281097268,0.501798017422199,0.37827267175156704,0.18148431494550496,0.23355671040286033,0.4382908418211848,0.5965854307461235,0.6057031056910902,0.5628177970310788,0.04767390241780815,0.03481921414867005,0.07251776440845831,-0.09437240977055401,-0.09871482806399823,-0.035980899493967634,-0.0285452308135099,-0.02993382268312778,0.00012112568878869636,0.02204642802850709,0.03417675348015916,0.0696074827817093,0.05011015282213933,0.06630596406935389,0.12278631582027852,0.10200247461815541,0.041763453649162625,0.055813044062707394,0.07595735148865561,-0.06687239819310906,0.006220968771422526,0.027172190946093428,0.06615905600731437,0.10002654866578227,-0.04291791193440524,-0.028321010748306157,-0.0766307189548921,0.03628410679808051,0.016701898049472086,0.009195800164808103,0.006377912808394194,-0.010767438347838491,0.07749564486810669,0.08830506129167524,0.031714661536495756,-0.09885420506868946,-0.041304803039353626,-0.05244075063958245,0.08808969251025624,0.046099827944466466,0.015513409527943322,-0.031327967277196646,-0.05116159979961509,-0.011334799077318639,-0.08507126467165667,-0.13306185967108328,-0.03644499077104259,-0.12942278035624014
7Networks_LH_SomMot_16,0.5736504321743918,0.5734778412878674,0.4069828506422398,0.6116837498524065,0.743168802601852,0.5270558346318868,0.7376341496699053,0.5480780916674495,1.0,0.7214631496569497,0.6840124487981416,0.7045954456469887,0.5498817989239787,0.5424223476127356,0.6232595135160902,0.5833014410682676,0.6895701093767497,0.7176962693480368,0.6805312580715935,0.4906467720974941,0.6715576580170737,0.5487205253490589,0.6620203647062203,0.6355804980069675,0.4789599648689501,0.6455074483843602,0.4851151298594101,0.661358648553037,0.5118736222113988,0.4000149419310534,0.473733909729509,0.45025674499092017,0.39467839645681235,0.6387339570419202,0.47205968179456914,0.6695155463712247,0.39554470799286107,0.738896548830726,0.5389299989088432,0.7514703076668304,0.48937840087094525,0.528578520757643,0.6814738255750393,0.7022468830546473,0.5047344452704894,0.7321827584291559,0.6556336711736205,0.6518816875458961,0.631332828232297,0.5431003902230089,0.5908038127788866,0.7108963225130066,0.47882421926597,0.5093100434920941,0.5994198557081795,0.5247694421993696,0.28964375307770573,0.25035300825780005,0.4503947527143637,0.6253193103190061,0.6356648476545955,0.5329765289727985,0.029874829279229364,0.012994253132231624,0.007255946442710926,-0.07136530812323727,-0.06562129048482208,-0.036688279649183295,-0.03869651640377987,-0.05278485527638998,0.012707464534992944,0.0161610503237492,0.018589179318406226,0.12031604640971075,0.08224803678248323,0.0919738789671269,0.1440841865450374,0.09118732417448716,-0.00877471561421076,0.024881270344632705,0.05542194716377951,-0.008512844148666265,0.03467544049510214,0.06675298615921733,0.054673699630981204,0.09061943384512963,-0.00927339632348741,-0.0022575731570396475,-0.06628810887042365,0.034242423486456425,0.02916356897418106,0.021825886577377954,0.019439534898234502,-0.012011437255170447,0.07242675017453248,0.13617927867011187,0.09041751900015442,-0.08824629559133737,0.0019785075780849766,0.0007513427254263284,0.05609418131128988,0.04949793247539554,0.15148290139725004,0.10622064014811473,0.06841003715720292,0.07400506746196066,0.027424758765882105,-0.08068177059262814,0.0770783848719576,-0.08387323691078759
7Networks_LH_SomMot_17,0.6490692849671049,0.6456126432362104,0.5187844212008651,0.6865750035762732,0.7542391600450339,0.5022689862722997,0.7879240462641302,0.7872555535449876,0.7214631496569497,1.0,0.7649880919838269,0.8018949925588013,0.6577315764043188,0.758780025866324,0.7987099170429439,0.6472795848513259,0.7393619474775722,0.771357401275829,0.7933479214004283,0.5901994091674795,0.8167745549694236,0.7808767881811529,0.7709976748004851,0.6027306763795548,0.6287410324171069,0.7733089018406561,0.5424756284622532,0.7471684251785503,0.6785197594328202,0.5319385485339199,0.5887828888491333,0.48441662591449286,0.4742375180473107,0.7284492732666709,0.6396358474577224,0.741730064826509,0.34118968817453516,0.8295362939066924,0.7296469659802355,0.8211667019906111,0.6456119579614626,0.5570640239929929,0.8125179615987447,0.7839825360237583,0.5905847303835454,0.7875703649400191,0.7679778647504754,0.7682252276203585,0.6994801252627372,0.6811343212170714,0.636429918015313,0.773599423473368,0.4732798692602082,0.6692023715977943,0.6699727337644125,0.5065644191834182,0.2603650767236046,0.2504470793961112,0.5704631408754682,0.7495159504047236,0.7339610863476195,0.6860442118929999,0.05640209567698662,0.013321775606557259,0.02541943012794529,-0.09774273365487057,-0.09857371431737977,-0.03909453467535773,-0.03699239321983755,-0.05646836422063766,0.01518317583319053,-0.001123104993398086,0.018452294296035048,0.06113309802037373,0.03494773277754538,0.05387554967224074,0.14298172936852924,0.07276192255739446,0.06233139782253747,0.075219963775348,0.09613566268329474,0.011159679472848837,0.04006888462992367,0.05628197867215617,0.10560994656905726,0.13696833086070487,-0.046648169303870356,-0.024375562009489423,-0.10145668561815452,0.056304601852377435,0.06853964063228722,0.06353898616118059,0.023987750839572938,0.006615907907704519,0.09686173531901832,0.10632438341013323,0.06187177911371894,-0.08216425063476084,-0.01458016998266954,-0.04917900522702692,0.132752109164079,0.03584909767237895,0.003191698336741363,-0.0016989737704112239,-0.057636056527116834,-0.013121142713236238,-0.05332535387868036,-0.13132463993716917,-0.06938295311681597,-0.18009660745719072
7Networks_LH_SomMot_18,0.6414287032558691,0.5848217777654099,0.511957546708812,0.6166293575573547,0.6851175157348998,0.4673877250892557,0.7295348429081026,0.712919132572839,0.6840124487981416,0.7649880919838269,1.0,0.753865141787601,0.5743927329388486,0.6843586397573515,0.7556831804193942,0.6908946330432864,0.7407415148954459,0.7817588901965558,0.7464870208435783,0.5444445203406972,0.7683005780108387,0.7061850567335609,0.7478902779748487,0.5696881645380514,0.5684241882991135,0.6907443939351958,0.5403235143064125,0.6908655376762873,0.5758979164976891,0.41525903147808324,0.5119353480939978,0.43323443351608004,0.4424863942799432,0.6802650650443101,0.6486321619224733,0.7020156497231977,0.37917892593842534,0.7735791287029635,0.6662673984065353,0.7936882162595214,0.644034334947284,0.5890348604611945,0.7864567458405018,0.7678692781452905,0.5983409095782646,0.8172512330655138,0.7595064868754068,0.7383602098199844,0.6659825498482875,0.6343609574283964,0.6316777243525854,0.7503290691640178,0.4951412199425713,0.5850815891176163,0.6267816360077697,0.49774854329023654,0.20204478586020563,0.2180522978044124,0.5094627324018369,0.6926399133323287,0.7078339442741013,0.5893783700544838,0.015025300587565382,-0.009805179037770147,0.010081983120024084,-0.07610471818590107,-0.05784564236162458,0.008049851563966478,-0.05034233213392986,-0.037796521330710604,-0.034566221435565356,-0.01832665923974367,-0.03430190758339769,0.14452061832078122,0.1100717243763141,0.13603261996466734,0.13015764355246892,0.10524321648034246,0.03139989270226194,0.038201944526407974,0.03958382022982631,-0.07562671537830536,-0.03444587671772398,-0.021673279798549726,0.033280239307606034,0.05414648937468464,-0.05980987440864778,-0.014358491664443475,-0.12325336329388845,0.0009175004524358983,0.03150237122932888,0.04115775672762097,-0.029633536908665225,-0.02876465396843044,0.06391367654047185,0.11836979755795816,0.06834423158646806,-0.06035754431440293,0.006139959032679735,0.005478419458083278,0.13258868508622249,0.017289736350602325,0.01131668967505265,-0.023717813493814917,-0.11570450617484294,0.053866809844449214,-0.016304399347061294,-0.0879880225593349,-0.031127046331218742,-0.1708372954840195
7Networks_LH_SomMot_19,0.6322450504947457,0.613086924872338,0.5260251439544625,0.618361652627318,0.7043537307918923,0.39949390577514443,0.7170549038322145,0.7571184958967839,0.7045954456469887,0.8018949925588013,0.753865141787601,1.0,0.6490915797935553,0.7301981811952984,0.749808986856257,0.6594505054703498,0.7106147013029992,0.7575714326203763,0.7358399457560774,0.5400421200541661,0.7467456947665359,0.7116322566318927,0.7286747952176947,0.5644761852998798,0.5553234509437042,0.7037783325858551,0.5310544137575393,0.6804960505667835,0.5949339060140797,0.4682315085441836,0.5406061412174662,0.41560810281703403,0.4561921960086611,0.7559656174398589,0.6173502686425004,0.7048806590331609,0.41215501798230336,0.7649088913766823,0.724729169611524,0.768834589951435,0.6973834888471974,0.5243426232256321,0.796339359454006,0.7680431919970576,0.5882159275405177,0.7725119593124187,0.7176339250394438,0.7126961529726465,0.6142956244107802,0.6116993702609074,0.5668064984911402,0.7280918107588213,0.45022175352865706,0.5954952842684926,0.611511033310158,0.4853691262748435,0.18514497490760742,0.23588775175414253,0.4865471397086089,0.6977096479804432,0.6851557579528308,0.6063497161686158,0.11103023823044379,0.0772075649758523,0.09129329335360943,-0.06764478031839842,-0.021798236920961486,0.0394925502214813,0.022551465671987847,0.014691277330115644,0.025030273168769313,0.026555836126085343,0.04511543996242336,0.07814895058546525,0.05529945701685121,0.07703272814021962,0.12652301181486175,0.08788344501226603,0.05957950671079929,0.08137057670250594,0.0831257340784041,-0.005179479031235702,0.054130391881243946,0.05716506102924466,0.07265753068106529,0.10757674041163567,-0.023489871797534038,-0.0016361827705518649,-0.05809914790080643,0.04550149059956589,0.056183636401421724,0.04571692591100796,0.017773443416808823,0.00797533187003747,0.05434157694775817,0.12437607866071425,0.051837816457697534,-0.09125025578952363,-0.0017850522724935235,-0.0051200558416467324,0.07056900719478168,0.012257169312666986,0.025012435831017747,-0.017450786918956313,-0.060605387338075516,0.0028601483160631265,-0.035333065568294825,-0.08819761961286204,-0.01220301631780791,-0.14533516245749034
7Networks_LH_SomMot_20,0.39585903344235907,0.3702714177437961,0.46278614493788645,0.46499884322279483,0.4814990561199049,0.4257228279942003,0.4715345593550709,0.6730132830676284,0.5498817989239787,0.6577315764043188,0.5743927329388486,0.6490915797935553,1.0,0.7740879319315306,0.7059867974328473,0.42017828120578987,0.5517740279517122,0.5750910310701853,0.7521754108260095,0.4767863337534864,0.6796542123037757,0.6165393556456988,0.6562609770443475,0.58228575891225,0.40264282683396274,0.5554828903760565,0.5693127535538844,0.5828038887507424,0.5271319015421925,0.5376268076063981,0.31761378737883983,0.2856687506948555,0.23363081868430424,0.46101888378495537,0.3748367231203598,0.4310376624044396,0.4225144186236862,0.5357513877520935,0.6187569060693997,0.5589675105889256,0.6101954157132836,0.3472526039381733,0.6434900290496184,0.5972861517950947,0.6064476467860033,0.5692058615737463,0.5311515589303386,0.5524994265863065,0.506035550090444,0.4659923109235545,0.4783832351353398,0.5575764016046313,0.46699180764324255,0.3794436325563193,0.46082123332840935,0.47425856067762995,0.41069651058624707,0.4032705134773209,0.36100773355095467,0.4847050687541268,0.5302349834029363,0.45904724765934346,-0.03736176374960143,-0.04711173170840081,-0.033674916348139704,-0.14831862747177205,-0.12426153737663231,-0.039268669630951505,-0.11502461926840875,-0.11470053543714827,0.013050412515280758,-0.007832648313209468,-0.0021533222903470234,0.018147099746534126,-0.024700759453766232,-0.009783278835263039,0.05886445902122532,0.02191062909216996,-0.039160568061969096,0.024827124980697786,0.04361492441808723,-0.07050569622916421,-0.020495161848661077,0.0007115226467425472,0.0039044301224454526,0.05657442869250388,-0.012846384292986202,-0.015817478417362998,-0.025608784775829847,-0.03133930077000889,-0.04247212167726259,-0.07357049591771585,-0.008148388560928263,-0.07141811556731201,0.0717106913373491,0.09187127159962703,0.015739216384623334,-0.12450644925563818,-0.06911934742474703,-0.09348841812562411,0.030300764632014813,-0.08631907014072682,0.01664512829314272,-0.014493217974961066,-0.03025505745035806,-0.014955411008448077,-0.048577304782197794,-0.10987014109807117,-0.012444419948609613,-0.10670911534238606
7Networks_LH_SomMot_21,0.5794149592047969,0.5255075497653025,0.5768630354568416,0.6072472155512102,0.5744621577255363,0.37602826121318955,0.5761762252121923,0.7991129729601433,0.5424223476127356,0.758780025866324,0.6843586397573515,0.7301981811952984,0.7740879319315306,1.0,0.7810962736603958,0.5575463806610601,0.5828219594381977,0.6303874540261719,0.8033442202384988,0.6274164523996753,0.7859995988288114,0.8298346835314846,0.7433106433638964,0.500073659896516,0.5592933590695065,0.6624070901029772,0.5265883606322228,0.6514556071893505,0.6895789038183591,0.5454632889207096,0.5045473224866943,0.3642860764824131,0.40995693895369506,0.6244352954414888,0.6060874529009911,0.5874934113062656,0.3874790316663588,0.6518423391656353,0.7585459959566035,0.6535958761645299,0.7130321005439999,0.460099309757003,0.7818035349083411,0.6534309471987014,0.6715785960460304,0.6441686943649336,0.6835982577174629,0.7009057994184582,0.5859605968878018,0.6316266363389743,0.5070558267626795,0.6032704322168859,0.40547203024352413,0.5834491678567411,0.5277197747962545,0.4338975191436206,0.28569731195774956,0.23877582781426868,0.5257101599702084,0.639967516697154,0.6199368996173458,0.6219427581504827,0.02415033085034671,-0.00815012395507641,0.022683734678303747,-0.11270931103496533,-0.1003044557588284,-0.021923125369138572,-0.04660607962693656,-0.06150189458827311,0.03450261579043096,0.009692404766655052,0.027656819131114282,0.03071233182501336,-0.009589527011700077,0.019277580026569194,0.11352730595200924,0.0700354308833376,0.028995793672002196,0.05865233525609524,0.08218812886969012,-0.026640824237687582,0.0030698532138507895,0.011242868082893325,0.05987581477415978,0.10940867375158289,-0.06357884291161534,-0.03600964408764786,-0.06132941868610373,0.026489169287900263,0.00990654961879471,0.006286648687292126,-0.011683064384756574,-0.020226503987802527,0.07737972187959298,0.06932597689228141,0.020368840187195716,-0.10540684318351276,-0.030845244153283356,-0.017193107480823932,0.10468210132760065,0.006956501406295699,-0.002537325393534973,-0.05313862228278843,-0.10495168153155399,-0.02656323373782955,-0.08579703713180094,-0.1326077148551086,-0.04401926357481339,-0.17619931916507672
7Networks_LH_SomMot_22,0.5573230510228663,0.5289542850392657,0.5122580480867495,0.5707351710271178,0.6399242235543293,0.44417486477675644,0.6899119239236126,0.7406343748776398,0.6232595135160902,0.7987099170429439,0.7556831804193942,0.749808986856257,0.7059867974328473,0.7810962736603958,1.0,0.622892425937984,0.7209816186355116,0.7460612819403006,0.8121608957708195,0.5790915912672367,0.8277722704201742,0.7557730364714619,0.7634196689984092,0.5996178480916226,0.5593434505033021,0.7332015457305151,0.5796200699096995,0.6973018767336154,0.614370422062902,0.5007231752907183,0.4577271061412437,0.42045182397127256,0.32292242502176777,0.6244547190415505,0.5756555617149198,0.6294460436409295,0.35647104393105894,0.74891302029225,0.6750198984985721,0.7773876706881653,0.6441591231069462,0.528149163413949,0.7946875942906457,0.7452333604627109,0.5839155017908142,0.7426995835597462,0.7359124989104252,0.7325373967008086,0.6500067104193522,0.6352197221970408,0.6197096661066734,0.7503931054562983,0.5195172839196376,0.5853531349191856,0.610814346389359,0.5384499142820933,0.2782376824675344,0.26112936132220743,0.4992987593882701,0.7142915031419277,0.7145469532612315,0.6116619444832045,0.02867324995126219,-0.003681404357025878,0.046380144360903035,-0.108392145157236,-0.10331515886857426,-0.015568227181992808,-0.0469992875035565,-0.06113548304620718,0.0018454684828942535,0.010062000779794272,0.019720041683955934,0.08902787879313613,0.054881568704531994,0.07855428119364433,0.1281997490596192,0.0921329843374143,0.03713663787585137,0.056257442362332995,0.07980075619950942,-0.04603096469349472,-0.0012068698892006128,0.013861824072126803,0.06094444982433723,0.09565812068170368,-0.013704419032739635,0.0020526545097038847,-0.024312413107533994,0.06478939088666859,0.07203049850628088,0.05017784974644277,0.04146433186265234,0.01002619527199889,0.06828977751128892,0.07965240367230296,0.0126239814678753,-0.09835304608132242,-0.036609515614590464,-0.041399481315136766,0.08880238662874478,-0.04108206379673372,0.014602293258067668,-0.03698428181727197,-0.10028358149734619,0.07440832470089549,-0.019251612687281323,-0.08320273080076956,-0.03270822048770576,-0.2024905534259481
7Networks_LH_SomMot_23,0.6302678912397842,0.6576006380288236,0.48758407771980733,0.6538233118874105,0.6196937806996851,0.3167487799504957,0.6548884193341229,0.5682135940903582,0.5833014410682676,0.6472795848513259,0.6908946330432864,0.6594505054703498,0.42017828120578987,0.5575463806610601,0.622892425937984,1.0,0.7002775931802031,0.6777138842649525,0.609201655188789,0.5890447814162746,0.6665086112042101,0.6368020254414212,0.6265371631369728,0.5155697897428763,0.673244126031522,0.7133860048762175,0.43923536211876407,0.6906252588276309,0.6032415408539684,0.4312399603182404,0.5772580682597965,0.490101227804216,0.5273184728012459,0.70221951182059,0.6507380454493267,0.6716736756835455,0.21518076379243897,0.6766525519741095,0.5582933938249555,0.6639990972856429,0.4800564617656456,0.572373566768249,0.6741901714190283,0.677860503577979,0.4692883372497432,0.721995963711179,0.7218798279217277,0.6869005322252735,0.6438304064517455,0.6180935939085849,0.5495626098421692,0.6955394177413291,0.3594599278041123,0.7063132063980296,0.688635741552275,0.4872816195757069,0.18848199789559797,0.12755755372562314,0.560056402355737,0.7148347148416653,0.6651721503219674,0.6508089476917008,0.11192788028784556,0.08015727505490508,0.10176743800013527,-0.030983666662212004,-0.03019191489572743,0.008839463138127363,0.08277752720718812,0.046359397728237425,0.007861594072734786,0.01732402581426754,0.0038907723780686743,0.052754550407741026,0.060239036739791134,0.07075846481905082,0.11083115566992535,0.08370507986620565,0.052113840432312694,0.08126096945453987,0.07292333213941317,0.06631529470336016,0.09647219535658788,0.10462329141484404,0.09524334410138481,0.12429949688428889,-0.004358755259100388,0.03285485922226117,-0.04085828410258939,0.07590115533437937,0.09892013282408446,0.09218761196634175,0.01583262831911473,0.023045570763623884,0.06884592562789624,0.09279624618237098,0.1055625758762313,-0.038078870483981696,0.0035819256858481627,0.0016929546800554269,0.171490776018186,0.026134969146958942,0.043566951921038675,-0.005436951687204445,-0.04434134289288523,0.050825564099591644,-0.031147267000888944,-0.09187031807273847,0.031304401175262606,-0.14413032688360314
7Networks_LH_SomMot_24,0.6020411748295369,0.56814555024733,0.4425263794261121,0.5876736538639157,0.6829683145721872,0.4419025764177523,0.7435542213474725,0.6063076114898152,0.6895701093767497,0.7393619474775722,0.7407415148954459,0.7106147013029992,0.5517740279517122,0.5828219594381977,0.7209816186355116,0.7002775931802031,1.0,0.7613082921142925,0.7051649375673702,0.4362705195414657,0.7312384373659478,0.575525442215037,0.6826678913243207,0.626954413157351,0.5232447286845598,0.7583849557462855,0.6321222423167824,0.6827426780011916,0.4928632601192921,0.5389840310874895,0.4821268667525565,0.5042909407622718,0.42924607012251825,0.6320074565789494,0.517306581520445,0.6969393546719518,0.2431505764452147,0.7704640576999504,0.542856964937016,0.7870622409044192,0.4627188160006132,0.619722032143642,0.7139899954474502,0.7460828596858904,0.5042880262161659,0.7698113045913154,0.7190726208135435,0.7192288704586283,0.6167285507987846,0.5206831770264626,0.6995533610919628,0.8200082829329042,0.5099143895947419,0.5656865429515382,0.6503888059823344,0.5256791686857148,0.21225314233384554,0.33337108362018697,0.4191089574922548,0.7100351313532947,0.7901317253697908,0.6360812346555679,0.009348950239052632,0.015214282172906024,0.024820855987499387,-0.023264353407829518,-0.05618263815700194,-0.011520227618081308,-0.002529355238290407,-0.0321503213837442,0.0063858516816851455,0.012362550786843788,-0.004817185876235557,0.11709333335859812,0.10160492512056234,0.11952998769434435,0.13814322912521773,0.10390782500012904,0.052192036964341076,0.05695080126259879,0.07932057141873862,0.05328871034952617,0.05657146359621887,0.08182063104908009,0.11604746233707945,0.1266960688878191,0.022421104115150966,0.054436908172180574,-0.05219474329617063,0.08955384262212965,0.1330691158618706,0.10990447252502888,0.0864430789518425,0.057081002739222134,0.09839235599316566,0.09890324364738481,0.0635841980901859,-0.03487692892257434,0.010078192650123417,0.011084756026006297,0.14060676913322073,-0.011791723897272986,0.05507331535380514,-0.03448197719326292,-0.019704582122528725,0.0922674849172687,0.005649811933857024,-0.026656061372811984,0.05572090628468177,-0.15076547638801288
7Networks_LH_SomMot_25,0.6458342716678179,0.6705774807497583,0.4922889105105978,0.642631412566677,0.7503449200534348,0.49720149302097316,0.7685372640076795,0.6598853205917237,0.7176962693480368,0.771357401275829,0.7817588901965558,0.7575714326203763,0.5750910310701853,0.6303874540261719,0.7460612819403006,0.6777138842649525,0.7613082921142925,1.0,0.7563041028667062,0.5395085191300917,0.7549471910772009,0.6890315055744487,0.8028653189562482,0.7274734304259237,0.6282396526172286,0.770671961714043,0.6370177781760596,0.7850109656361447,0.6408066181803134,0.5195325008741097,0.5160686122481059,0.4841459188876381,0.47521723907565766,0.7413991008392741,0.5984187485519842,0.7419128716180126,0.3166756661021375,0.7957957969719898,0.6300898041661287,0.7862464423362255,0.5594630096010575,0.5589167571355969,0.7694008647412908,0.7698852808686232,0.5250862137938741,0.8456695767528195,0.7576775481805783,0.75069021380274,0.7294849022542372,0.6384743549166221,0.6340120640304714,0.840140782424327,0.557587452504019,0.6646129116250725,0.737988947575086,0.6349649094457168,0.33567778926401587,0.3485644360522607,0.5295125561636876,0.7945224577049156,0.7835619604608861,0.6733981069569126,0.045702765785536004,0.025380392403598115,0.048087171369034246,-0.05490322831574143,-0.03591697389013057,0.024475318956811154,-0.0012566333815449207,-0.004790191705036444,-0.0005350737523746225,-0.01374305625976151,-0.010095741460746821,0.1001933186329256,0.08115687585532182,0.12117868677414854,0.136262453361171,0.09930533513657284,0.044048599188770805,0.058210119681345936,0.06235461023243353,0.0073291005159024005,0.04794167031465076,0.08528407061442157,0.09593816629206384,0.11438992126394526,-0.046035637777654737,-0.05497831040156148,-0.11583089035923157,0.050053143142444356,0.04052781944602175,0.04241907533288937,-0.012689047826639566,-0.057272060092474944,0.030327746844266434,0.023710876843657955,-0.014853530888278791,-0.07760507262506793,-0.05189355126840313,-0.04829199539952799,0.06248317626617733,-0.08223367802298304,0.03810504536603024,0.001861852811933231,-0.07804471508537376,0.047517165972215517,0.008694482076719552,-0.07265350170320702,-0.00011674509669643835,-0.13726407980682107
7Networks_LH_SomMot_26,0.6130848468377842,0.5808857524473754,0.5008777353724017,0.6091363960241604,0.6718402860780093,0.5157854947390461,0.6887250857727135,0.712098354032127,0.6805312580715935,0.7933479214004283,0.7464870208435783,0.7358399457560774,0.7521754108260095,0.8033442202384988,0.8121608957708195,0.609201655188789,0.7051649375673702,0.7563041028667062,1.0,0.6195150211676156,0.8515199525610045,0.7866235277288558,0.8458844395815721,0.7036399793236966,0.6191269985120814,0.7699596147433263,0.6323776820254315,0.7866213573512516,0.7238789109152243,0.5808960644419104,0.5074403813815899,0.4621478917754658,0.39566157960995946,0.6477741497124979,0.5781057181836673,0.6536475304442729,0.4120703402391519,0.7598888432052571,0.6604575083384611,0.7647050725575834,0.604117146734577,0.5261165091951693,0.8003965749070211,0.7376122256611207,0.6471491769005558,0.7402561206209363,0.7656329887977184,0.8009900616471877,0.7396415149865952,0.6797961411143311,0.6455100557107547,0.7518468361236449,0.5677829538138144,0.6450995868390366,0.7114109320771177,0.6105141357918122,0.4199429462801729,0.38109194502707927,0.5942718380440709,0.7440581593927661,0.7478986268263043,0.6711485487217954,-0.018579559273280127,-0.06263590809214263,-0.02585019259922005,-0.13711593254574753,-0.1463882185785412,-0.05383847449891889,-0.10212965665971575,-0.10822482243099617,-0.00401793768296107,-0.012448747166967313,-0.004890810036866817,0.10412775934026677,0.05042945506228583,0.06967965852993377,0.1253712981610394,0.07845339557689865,0.031768950457586854,0.05256358291830249,0.05287064054727481,-0.053689770801091476,-0.011321443751065786,-0.0062024375492852,0.042181103481761836,0.07981794075579113,-0.03745117172304228,-0.04659781681781237,-0.08892740565237454,-0.015438970356302088,-0.012707929409526905,-0.007904758840281561,-0.013992805159248622,-0.03338680751809219,0.07546567282129542,0.07366865287058559,0.01445737005041435,-0.11424080289561499,-0.056483200631363126,-0.06315796297808811,0.11921257589548007,-0.004126993821567952,0.0054327238854609515,0.006857867182374032,-0.07214913591802138,0.050473539460524804,-0.0011293164765683265,-0.08105895412117944,-0.005460008296990068,-0.1430589542344231
7Networks_LH_SomMot_27,0.5100620391264441,0.5375438926628209,0.4255315969520616,0.5542418202681643,0.5276969318616043,0.3115185633402635,0.4893929832887647,0.5586778050693539,0.4906467720974941,0.5901994091674795,0.5444445203406972,0.5400421200541661,0.4767863337534864,0.6274164523996753,0.5790915912672367,0.5890447814162746,0.4362705195414657,0.5395085191300917,0.6195150211676156,1.0,0.6261449126963469,0.7851065799212521,0.6256247283534054,0.46377729484620245,0.7801574006395249,0.6522941642297354,0.4258325731655216,0.633760470337659,0.72470431722398,0.4738338158468635,0.5008787973917108,0.3067977437641758,0.3636267568408193,0.6099219933653216,0.5478462373952284,0.5332203947980059,0.40393623365480247,0.5429571822212149,0.635144712942729,0.5107572824180672,0.46747233402981947,0.3908641816509,0.5768416491778511,0.5464045293169205,0.5400079696576644,0.5729855191715679,0.5997368858482138,0.6139723325006073,0.6533066102168739,0.7444358263360913,0.4878424763413485,0.5242458822855101,0.37179949120489525,0.724647755717537,0.5851595265927113,0.46592639586572304,0.4191709076837984,0.2221497903268401,0.7518955314423834,0.6177063016279137,0.493947541459802,0.5905097529089895,0.016849832469059273,0.0014857079982088471,0.02966458021421806,-0.14021692405156538,-0.09975744924582879,-0.0486604253735087,-0.07085422888049892,-0.06687225712101583,0.06937039974845366,0.04203140926497241,0.03570976347826162,0.05506873922519388,0.032972870665563904,0.03854875047758907,0.14372591102951535,0.11035546169510863,0.0665991937130997,0.08519860712145864,0.09453346619972308,0.01768788393812641,0.0574972485799688,0.0600163807840867,0.12356452926270103,0.15789033105232064,-0.11662502762918164,-0.05765458679635905,-0.08559554844206844,0.07158971007692277,0.08175565627620479,0.08569529427197883,-0.004030680839394217,0.01589595824974265,0.14949284546147848,0.12335840360896422,0.07572103357588462,-0.010499736814431166,0.0042613493375379535,-0.01901307803398942,0.18105697011942812,0.0777637543646404,0.008825402182457653,-0.0013324051129838326,-0.03617096448987235,-0.11094549886559323,-0.1228363719720014,-0.19146397294888187,-0.06519954439074174,-0.14127089032646073
7Networks_LH_SomMot_28,0.6103018930737959,0.6019585480203998,0.5031324433830421,0.6363338846003685,0.6681122861083643,0.4898694365706026,0.7244793771176246,0.7412977007031356,0.6715576580170737,0.8167745549694236,0.7683005780108387,0.7467456947665359,0.6796542123037757,0.7859995988288114,0.8277722704201742,0.6665086112042101,0.7312384373659478,0.7549471910772009,0.8515199525610045,0.6261449126963469,1.0,0.796424392325697,0.7929903133574,0.6421417878203016,0.6298770566294862,0.7824935811191797,0.6371998603383224,0.7825855599316477,0.6653180052982498,0.586009541794254,0.5222403751005608,0.49909291798237454,0.4225375104796431,0.6578632372320471,0.6208449207031855,0.6949084523194381,0.33336605473620023,0.7833118977859826,0.6729258803282073,0.800232851380779,0.6089609298910402,0.5490145681180466,0.8322308082345464,0.784350787333324,0.6567971142976623,0.7770293552884735,0.8024468689035184,0.8071716918688688,0.7512542818170863,0.6880277845473274,0.6997025560183733,0.7904253737716258,0.5202682990904622,0.6605259235359059,0.7019273264868854,0.5529648876864598,0.3396139900280869,0.3423380205845589,0.5694208442746895,0.7623582064794645,0.7788641685992957,0.6907552102296418,0.017326353690766353,-0.026314330100563804,0.0006880994043827322,-0.07638195770845939,-0.08071669885218771,0.008104876456882097,-0.041889881926052475,-0.05971379842736359,0.027962254770393213,0.038882070076522474,0.04334533833149598,0.10064213041154091,0.08503280103624539,0.11160148623940662,0.15982567927656394,0.1377402855028747,0.05668320525907232,0.06426531019562677,0.09808684308712076,-0.048348789940141475,-0.022758455653461587,-0.026641557577743794,0.07098312499704504,0.08841685977281283,-0.030524602532545082,-0.03802079977189673,-0.07562713974076331,0.02240797757383059,0.03621629390815585,0.04158135996564205,0.005161232671142844,-0.013691858892987692,0.08352694599320118,0.09113682622716199,0.02630729671657654,-0.0760934720321112,-0.015163402205847628,-0.018279546185997402,0.11861819030438557,0.006362126484280289,0.007104806798896627,0.0015086211563234077,-0.07717438661384825,0.04464513770921019,-0.00990333469059786,-0.0967269046973314,-0.03462041333906142,-0.17385257939309817
7Networks_LH_SomMot_29,0.6508929132763556,0.6492416528802076,0.5586707273267842,0.6596543870294963,0.6334998479746667,0.36803600613715326,0.6355674461685976,0.752308153759851,0.5487205253490589,0.7808767881811529,0.7061850567335609,0.7116322566318927,0.6165393556456988,0.8298346835314846,0.7557730364714619,0.6368020254414212,0.575525442215037,0.6890315055744487,0.7866235277288558,0.7851065799212521,0.796424392325697,1.0,0.7793108546923543,0.5214955940185116,0.7432018461369799,0.7419022063648003,0.5245469929382497,0.7367640450589223,0.7982788186068955,0.5364771884969057,0.5956302047347468,0.438956760507004,0.4869379784499794,0.7202135001382329,0.6832794851275573,0.6626728267147737,0.3732684638109643,0.6914737782475321,0.7335044157518386,0.6629148095342166,0.6262781249382564,0.4981148495309317,0.7672245741617995,0.6563825081060832,0.6251257517880341,0.691139093272464,0.7287902568496152,0.7475790928517516,0.7125061373685496,0.7744711910511254,0.5699527706466943,0.6552436217488568,0.39112586716663195,0.7580416866092373,0.6568637157536283,0.4818923865152756,0.34217536098553536,0.2200250496563347,0.7065293576737579,0.7345116607158227,0.6540297564416124,0.7019380891285624,0.042450108444610245,-0.0015307309975543183,0.03245940144583051,-0.12600105472907416,-0.11197035930664621,-0.043271345737461504,-0.04209631996100156,-0.059107283846347884,0.05380842328161061,0.019501846584116727,0.03119499225474513,0.06017503385201841,0.030983889906892888,0.05246212761910691,0.13638339791825455,0.10649393246908766,0.029012965462306615,0.05684773284085461,0.08137966783403386,-0.03957170352595808,-4.877838761266274e-05,0.006965689640036118,0.07541720255256033,0.11975906682215343,-0.06580411873122317,-0.04997388329460077,-0.07983795197290121,0.05358395487656984,0.053742638708571766,0.04750711080659364,-0.010062366314095416,-0.00377135158990347,0.08780525412729226,0.09917510024810407,0.05999055645480247,-0.07302674388879274,-0.015709754406463897,-0.03525835105661743,0.1693651467762002,0.06500333494111339,0.00039668951644737384,-0.008767580309471527,-0.10265380920657248,-0.04751984132122248,-0.08673000969391406,-0.16709496443474933,-0.08634902911101823,-0.20242677765000217
7Networks_LH_SomMot_30,0.6638102138911259,0.6799410954652662,0.509574888602765,0.6750381203121606,0.7255404121038432,0.509470558649371,0.720709250256028,0.6883195486185515,0.6620203647062203,0.7709976748004851,0.7478902779748487,0.7286747952176947,0.6562609770443475,0.7433106433638964,0.7634196689984092,0.6265371631369728,0.6826678913243207,0.8028653189562482,0.8458844395815721,0.6256247283534054,0.7929903133574,0.7793108546923543,1.0,0.6534476198431214,0.6786988932223671,0.8059299491247894,0.594086055954819,0.8227651608861054,0.7757321624966531,0.510441521553103,0.5396798617734349,0.4964574648301678,0.4938936176570791,0.7504845432445039,0.6509186931774416,0.7196239833651887,0.3695334930859902,0.7675771003550141,0.6654554902440925,0.7557104735835901,0.5890647585643247,0.5526065005747235,0.7999181470352551,0.7287431022252171,0.6037863349430082,0.7580099655696639,0.7978185072855076,0.8181876846691055,0.7537049888865993,0.721362335319795,0.6053898998008428,0.7469515726390247,0.6033802004284262,0.7225066749737519,0.7844667281130208,0.5831051067872214,0.37659061439865843,0.32808688623836435,0.6666872313883673,0.7943837625791467,0.7443624455868317,0.6854757864497868,-0.003199388216632137,-0.012262573399070057,0.02291260983288789,-0.12394364252396996,-0.08732864397992021,0.0024417677967789164,-0.0706873840504489,-0.04882965950683519,-0.011233857834335547,-0.022266589217467984,-0.03876436535827141,0.103646997970641,0.05959800985802034,0.08093309338057647,0.12366499788136878,0.05641841420035739,0.027116448346542005,0.055587255803453285,0.06571865311503558,-0.017483800527271047,0.024350814750912213,0.03040742119373021,0.06963346901090982,0.09562418837672025,-0.07627160997888938,-0.0737620490159561,-0.12289829755139808,0.03538768338313697,0.038829878818124455,0.03795072537516897,-0.025178709604923917,-0.056787812814295444,0.05150213984375425,0.04650974190795095,-0.006130672027629907,-0.09227874702841028,-0.03216890859212358,-0.024540993088752752,0.08840839749562576,-0.010477677435492631,-0.006486963794510531,-0.021471867935599562,-0.1069724847735572,0.041766823193277645,-0.039159143080104084,-0.10840862880369428,-0.022898092268134523,-0.16325177108030647
7Networks_LH_SomMot_31,0.42003081533427405,0.48221226625484953,0.3791003105762939,0.4964750145201882,0.6019805071605647,0.5302730561978705,0.5858315496006214,0.4957124477533669,0.6355804980069675,0.6027306763795548,0.5696881645380514,0.5644761852998798,0.58228575891225,0.500073659896516,0.5996178480916226,0.5155697897428763,0.626954413157351,0.7274734304259237,0.7036399793236966,0.46377729484620245,0.6421417878203016,0.5214955940185116,0.6534476198431214,1.0,0.4986892744054293,0.6720489118294843,0.6497177056577272,0.7335872180493779,0.49942939649742607,0.6284000465322798,0.31759656581417967,0.40914480484076116,0.25680969180099866,0.5123432765246998,0.36979721041299435,0.5255954738753683,0.3415344938569901,0.6161737012076026,0.45852021141591903,0.6212236547988336,0.3590362934997437,0.40141097054036273,0.5553446409167753,0.6179599935174315,0.43924054799886525,0.6156442608964373,0.5640775174455733,0.589311496424273,0.622575154851921,0.4980195443819976,0.5586769177859829,0.6959840052815921,0.5353756035682474,0.4997823882506908,0.6753791512632867,0.7162835152287209,0.5606865881092379,0.5132631148132526,0.3873649855449076,0.6071435292352814,0.6592602082228891,0.537295648443423,-0.022095091337254742,-0.03444065944708288,-0.027848452324725603,-0.03528896068645064,-0.07985282082604656,-0.015498880022837915,-0.03990691457552796,-0.06913444677258068,-0.08084565672728543,-0.04185521399066035,-0.04567642960350601,0.04786791636342023,0.05978365406209965,0.06436876011974133,0.056073810092968156,0.059608100308355914,0.03660106744546276,0.06960516756068036,0.0713915120473806,0.017594325322327468,0.06298581424200085,0.06645054595105213,0.0821560782769377,0.08092814381870805,-0.0036509026074259075,-0.06012118353991875,-0.0708074628399405,-0.06251557545494746,-0.05945602616856848,-0.014507018545750561,0.007034822958096528,-0.05370846979947765,0.09075266317221652,0.05348950126516204,0.030988782759824463,-0.08396145916493453,-0.049530710572770476,-0.050827175651396085,0.10546425128041624,-0.048900059000628944,0.07244536663152444,0.07488938665738235,0.041729905160379444,0.0930566450841559,0.08799365418226389,0.015182014827748457,0.09362771981342288,-0.015023953433570264
7Networks_LH_SomMot_32,0.5871884259262226,0.6411175411873573,0.4231145743110191,0.5914489268093486,0.5824805462931222,0.31872930719266684,0.5685148646920236,0.5257569557740323,0.4789599648689501,0.6287410324171069,0.5684241882991135,0.5553234509437042,0.40264282683396274,0.5592933590695065,0.5593434505033021,0.673244126031522,0.5232447286845598,0.6282396526172286,0.6191269985120814,0.7801574006395249,0.6298770566294862,0.7432018461369799,0.6786988932223671,0.4986892744054293,1.0,0.7894465617814572,0.42770677270374535,0.7255408454329416,0.7893021297294907,0.49225447941907496,0.5844730916028159,0.42220379297389654,0.4712279708916485,0.6951758267793966,0.6119015134771796,0.6070102268898275,0.2560364464729335,0.6126307465396896,0.5714648497056402,0.5764953578503497,0.40547631019640723,0.4538407112206264,0.6221537699580014,0.5770369208727147,0.5035012816075032,0.622345747611425,0.6898330511438191,0.7017051471414949,0.7189877147544891,0.7625409387662822,0.5259357587242427,0.6110045586341415,0.3791118557294122,0.8643915893374801,0.7153816793107926,0.48313537298761366,0.36919771721399547,0.17521789824853157,0.8223385298533297,0.7384075470266531,0.588530629699239,0.7048178874730262,0.017642181931612353,0.010065125800685694,0.04657360161344476,-0.1367352845403027,-0.06723171775066611,-0.0023432057260338555,-0.014346239517712842,-0.010214719640508702,0.010872760762223935,-0.028926469616732044,-0.03922298339971365,0.06524804805558714,0.04575209204010254,0.06446780176976384,0.1262677099107443,0.059599367077919574,0.03486589732909038,0.04431288788697981,0.047435313659340284,0.04268054913330393,0.05522323893942976,0.07166527358271207,0.09012494209427203,0.12083237491527007,-0.14178470723033207,-0.09145325314845547,-0.16596020202134226,0.0957425281038547,0.11296761093275806,0.11352519524177315,-0.037198133692540956,-0.011159359909093267,0.09373634806025322,0.07366681480500926,0.020751773028157484,-0.016474577313631607,0.013074009691971075,-0.012733724359133622,0.1549590469439935,0.07198425448807659,-0.023565416960550194,-0.04325305632776658,-0.09658686938604208,-0.047650206706237416,-0.07809473412193084,-0.13642321552882902,-0.07921602574852434,-0.17175444299557852
7Networks_LH_SomMot_33,0.6552320885319091,0.69331776291287,0.47718369296345503,0.6556546690557064,0.7028662417496415,0.4262516007913597,0.7296577049584514,0.6234336008950401,0.6455074483843602,0.7733089018406561,0.6907443939351958,0.7037783325858551,0.5554828903760565,0.6624070901029772,0.7332015457305151,0.7133860048762175,0.7583849557462855,0.770671961714043,0.7699596147433263,0.6522941642297354,0.7824935811191797,0.7419022063648003,0.8059299491247894,0.6720489118294843,0.7894465617814572,1.0,0.5858418173574289,0.8409971502049541,0.759380660946517,0.597396586390248,0.594490728760312,0.5022655666054947,0.5073746691979601,0.7280774911137118,0.6340257956421667,0.7292434194519429,0.26559819034860394,0.7762899968404002,0.5995989212579563,0.7620846223695932,0.4871288677721065,0.5903228467717309,0.7722354915859074,0.7236791659366365,0.5467535798559412,0.7409350631885591,0.8135368657987402,0.8309467696140092,0.7510914225183927,0.736919277747132,0.6537538533035583,0.7780738281600188,0.5476021298828713,0.817397388534987,0.8126658227403056,0.5854532926355782,0.3654574548728866,0.2676374843469811,0.7375703985972968,0.8527219883757792,0.7799788780990238,0.7794751194552676,0.0015169822086126589,-0.011596539405818155,0.007891992325264554,-0.10013168945922923,-0.07827944197583128,0.0044760376984505695,-0.025669762873442525,-0.03702809821436397,-0.02577598680269845,-0.03849177321346453,-0.04475698911421038,0.06850685709415598,0.05366238605209689,0.0763912293099934,0.12066364156710001,0.05602014868774127,0.04073505867449502,0.04450522448198334,0.07534360307781048,0.04592853244208897,0.05136820522487722,0.07783903501941432,0.1177959678449109,0.12505143392209228,-0.05600536478054754,-0.030381185330705496,-0.12670122154263203,0.10361539673507775,0.10548906822363346,0.09452738313490881,0.03427900549787212,-0.0069146400950514456,0.09663890333327863,0.08553209604360969,0.04071248162961184,-0.05278137759632145,0.02119486672953117,0.012110522636103117,0.12350800837623038,0.018860042898496125,-0.01890436046344672,-0.038377701117801734,-0.0597339748958272,0.023691055420559715,-0.03565350917007759,-0.07763772035606012,-0.01860200117928441,-0.15852999377592283
7Networks_LH_SomMot_34,0.3318792481541026,0.3316119854053851,0.3276723634135545,0.36525477599930706,0.47108139527986426,0.3859633247061197,0.5122603891208867,0.5004610757833441,0.4851151298594101,0.5424756284622532,0.5403235143064125,0.5310544137575393,0.5693127535538844,0.5265883606322228,0.5796200699096995,0.43923536211876407,0.6321222423167824,0.6370177781760596,0.6323776820254315,0.4258325731655216,0.6371998603383224,0.5245469929382497,0.594086055954819,0.6497177056577272,0.42770677270374535,0.5858418173574289,1.0,0.5485813640224901,0.3484940727376744,0.7766843695819791,0.2327062923047867,0.3274843895736896,0.1795019961161117,0.4108105959737753,0.31247486871684976,0.4346595760931407,0.24553212555744847,0.5543897094773558,0.41811157414844663,0.5771646777614067,0.37138576698449366,0.3798669764674464,0.5542095248816673,0.6092021332456381,0.5926672058289649,0.6059158228100058,0.5303781127146218,0.5581244154451439,0.5582806676603617,0.46166175049801433,0.5949030390383021,0.6638719124931084,0.4613063620556405,0.42818427236860424,0.5174495030499382,0.5689560192115388,0.44006858480629524,0.7156436091086466,0.29553305629873267,0.5408146067337012,0.7763366723387237,0.6136415739693747,-0.0075809433672993694,0.010324259454803962,0.014310671423206174,-0.022919420601079717,-0.001216207115053976,0.03577049374413164,-0.01300288843101356,-0.012926218081027412,0.1235464073082085,0.11556144732235846,0.10732405030077406,0.21500563605391865,0.18168307457072752,0.18139107976632102,0.24497324835303028,0.2058843452775138,0.09157832310936254,0.10359754911423184,0.13582865745806494,0.04428254074864895,0.07349666757406813,0.08962432213892084,0.17131994620838661,0.1498602072240769,0.04147249588662651,0.00821244507947525,0.02032713762427856,0.0752929287600043,0.10188779996366229,0.07654208087414721,0.13411048975808204,0.0495495511545085,0.11620159855755298,0.1358578546191722,0.09529775738129581,-0.03825705943288771,0.03315782921269449,0.04442988141079559,0.1416701813499208,0.030599373885847665,-0.007416135258406839,-0.049283673751039994,-0.06981904783228433,0.04017866576622389,0.03420816977992773,-0.03235156887080659,0.022834631017166082,-0.15550236552896501
7Networks_LH_SomMot_35,0.6233385684151477,0.7029590693130536,0.4666261839920608,0.670780672629195,0.6996208075624678,0.48975753666326566,0.7098378756329125,0.6027153205831718,0.661358648553037,0.7471684251785503,0.6908655376762873,0.6804960505667835,0.5828038887507424,0.6514556071893505,0.6973018767336154,0.6906252588276309,0.6827426780011916,0.7850109656361447,0.7866213573512516,0.633760470337659,0.7825855599316477,0.7367640450589223,0.8227651608861054,0.7335872180493779,0.7255408454329416,0.8409971502049541,0.5485813640224901,1.0,0.8006579220815143,0.5716330709410413,0.5670313107187455,0.5037546517057696,0.48252310474987276,0.7295465316937099,0.6099817535883173,0.7301597072821215,0.2699681944259563,0.7502379048821876,0.5986034586295376,0.719515593752292,0.4552005179366803,0.5278792347749213,0.7445009268373484,0.7083714193010326,0.5216571967379049,0.7238340633922854,0.7808109352614968,0.8025601431834617,0.7864888306543709,0.7076576424962058,0.650190389663426,0.768370555229974,0.5756590413534073,0.7819747474473956,0.8567173363919687,0.6630858124331022,0.47008892659701085,0.310841718325599,0.7044484737941533,0.8151381480542692,0.7373302918414469,0.7362372115083364,-0.003679413055770873,-0.04707139230556771,-0.027458715352876063,-0.07811138025588528,-0.10556287813719242,-0.01931561429984547,-0.052230205986213515,-0.07019670769096746,-0.027188020160329278,-0.04507890238378628,-0.054020192172909536,0.07370515443559969,0.057550428814335176,0.08033213733734512,0.1015634644794541,0.03150050906360195,0.022484413164637916,0.042432652859275506,0.04459177630523344,0.01661484701602692,0.03567739348719578,0.05159538502159695,0.07064884868182213,0.07522822072048467,-0.07408701566595198,-0.08099691986297271,-0.1455891000299826,0.01710365185461777,0.00935525726459972,0.03182988364164739,-0.050568270992388184,-0.06781960935089465,0.05637876480981914,0.0649304702257075,0.020319029467170957,-0.05972553092747467,0.006138792359985921,-0.02004814969069791,0.14136849550006753,0.018761017555263226,0.06074674668473949,0.049418766562817296,0.001987237392733714,0.05559584951451423,0.012375700321096292,-0.06619779533704762,0.021950233198477987,-0.09170235050218171
7Networks_LH_SomMot_36,0.6183537938991484,0.6665896160404201,0.42706983065706783,0.6384822475319217,0.59709530724983,0.3574614288777876,0.5808538220557695,0.596713969121707,0.5118736222113988,0.6785197594328202,0.5758979164976891,0.5949339060140797,0.5271319015421925,0.6895789038183591,0.614370422062902,0.6032415408539684,0.4928632601192921,0.6408066181803134,0.7238789109152243,0.72470431722398,0.6653180052982498,0.7982788186068955,0.7757321624966531,0.49942939649742607,0.7893021297294907,0.759380660946517,0.3484940727376744,0.8006579220815143,1.0,0.42531755348044104,0.6125510293515425,0.40292557416529123,0.5135659429514218,0.7146951578088401,0.6291720509265604,0.6418108904960054,0.3097601931853112,0.6325055291965057,0.6249419994899805,0.5720970459266193,0.4887743095187195,0.4454721322952549,0.6654667536515655,0.5557694326920928,0.5140136633418722,0.5956413188816614,0.7143263383345564,0.745190880683725,0.7189245748717769,0.762710775872071,0.49492540901361365,0.5904784448566888,0.45441156355533213,0.8139908398769309,0.7321969643438917,0.5121535506118079,0.40322632977108364,0.1322056789170266,0.8263629433094604,0.7500554096650218,0.55937155039943,0.6903170467680932,0.019628871571220865,-0.012640712215988567,0.02340339048669497,-0.10547012945572852,-0.10687521056822245,-0.02294227307898989,-0.027212486538180616,-0.043950357064166945,0.012959303646911639,-0.019429984977248998,-0.026585657515591048,0.04640128803387685,-0.0029750139519122217,0.01491907551447362,0.09843442649454197,0.027438820651826172,0.017975547600498226,0.054092251655628094,0.051326600786705805,0.032408844823680116,0.05708330226553104,0.06499668833356827,0.07586448439257172,0.12109369997024097,-0.10702637238786578,-0.09698742896418118,-0.17015818011806702,0.08280242513138339,0.03807235495980975,0.06033746437845163,-0.03294265833165866,-0.04948822859364876,0.0802047554973348,0.06614535216687828,0.020639143154796407,-0.0407909555870462,-0.0018112697052103082,-0.033507150466049206,0.16925166811766287,0.06591624933716751,-0.026949695882074125,-0.03383940551523299,-0.08795387695579725,-0.03503059227427759,-0.10475988444510526,-0.13557403101812865,-0.07163915633172938,-0.12951835981564025
7Networks_LH_SomMot_37,0.32278730162119185,0.37244057961002813,0.35333759045038404,0.36659896595564473,0.4176795498841197,0.3100589098187677,0.4384656314338702,0.48541021245551225,0.4000149419310534,0.5319385485339199,0.41525903147808324,0.4682315085441836,0.5376268076063981,0.5454632889207096,0.5007231752907183,0.4312399603182404,0.5389840310874895,0.5195325008741097,0.5808960644419104,0.4738338158468635,0.586009541794254,0.5364771884969057,0.510441521553103,0.6284000465322798,0.49225447941907496,0.597396586390248,0.7766843695819791,0.5716330709410413,0.42531755348044104,1.0,0.28810784910266324,0.2915791071670465,0.20973657932260698,0.40841329025430284,0.305473499168521,0.423283248794081,0.2058672288100101,0.49291283688936904,0.40536513105659433,0.4829551727779278,0.30130283450697193,0.29388718412314846,0.48134470176679595,0.5284659646942511,0.5650384293747981,0.4642712494755007,0.46321106294539954,0.5113804925572333,0.5061141142966158,0.4526842744950628,0.525463000983884,0.5565813118863732,0.3016895618765801,0.47755835403898883,0.5272059125635051,0.5389022721227381,0.4999441237448938,0.6380350608378236,0.3438574061081813,0.5068736940645099,0.6971196630425694,0.6729075716315617,-0.013703235712089213,0.009617965298366357,0.030131371757508258,0.023369808837309266,-0.0024128422628477966,0.046680790973307754,0.025867330155253554,0.011432105242583621,0.07120235363971826,0.04733605761124524,0.034266325595139466,0.07792052021855471,0.07994716902443119,0.08217896570826491,0.13394986087217023,0.10389242761259086,0.08900197861985756,0.07108087878557595,0.10234018724704097,0.03230501774548793,0.04160544257558173,0.034922596114276824,0.14923163285121127,0.10084922578805999,0.029756523409935298,-0.03209412922792806,-0.028324577069008292,0.0626577741874129,0.04975190190792432,0.037017787154131475,0.09814748969161784,0.0015614816000106137,0.1456131729687187,0.10749747963383158,0.12348076931444989,-0.011600790662178164,0.025328515961630275,0.034174284598331,0.18488395433911217,0.028952780712313966,0.03950489484877419,-0.011716115289707178,-0.0014130359283017757,0.022704594339141675,0.020197845993054728,0.003433970625742343,0.06702558526815398,-0.045284506266338925
7Networks_RH_SomMot_9,0.6897930186070534,0.7372098949714403,0.5122981484592444,0.6986308467353337,0.6344567214550402,0.32663169271109344,0.5883171625618178,0.5163343668967509,0.473733909729509,0.5887828888491333,0.5119353480939978,0.5406061412174662,0.31761378737883983,0.5045473224866943,0.4577271061412437,0.5772580682597965,0.4821268667525565,0.5160686122481059,0.5074403813815899,0.5008787973917108,0.5222403751005608,0.5956302047347468,0.5396798617734349,0.31759656581417967,0.5844730916028159,0.594490728760312,0.2327062923047867,0.5670313107187455,0.6125510293515425,0.28810784910266324,1.0,0.5016174718268659,0.6707933246725188,0.6931977649001573,0.6787543665151344,0.6795798518734368,0.067547963268823,0.6135835868883368,0.4961799004137785,0.5406304198775811,0.3961572774796001,0.47461165512394926,0.6011491857549919,0.4807057684689746,0.311636250968161,0.5389794203246516,0.612824774832553,0.6128779050055596,0.48706691059803614,0.5218076745712847,0.37383649211672343,0.5044540538995977,0.1319610331361208,0.6567153042225391,0.5525128760788234,0.23943598036278896,-0.02860097085718718,-0.06345390346524779,0.5366238776184203,0.6062139849699058,0.5068030132065264,0.6158919815984546,0.09536984188222969,0.0132481640039761,0.026325395259316077,-0.10426816654388951,-0.052617852204480356,-0.014842710969388348,0.011060442032012176,-0.014566999420698624,-0.04566649048325114,-0.07085424503064926,-0.1072852802217382,0.0592548347546671,0.030409200287393138,0.05147003101216107,0.08768363517253103,-0.0042378685972682744,-0.004825210305836853,0.006425977358207577,-0.02073879999978405,-0.03414563827531418,0.0032097048705000838,0.022386170374437606,-0.010666893236623726,0.03228859899329878,-0.08913103627362512,-0.030723068753637544,-0.14630162586830875,0.030863810999036664,0.04497680768766029,0.033720746370875965,-0.055836531199169495,-0.0405701475265223,0.0028071854013871004,0.07321165873474786,0.034216057190418654,-0.06595931077635486,-0.006511841516500475,-0.03641914255440955,0.12314329620078922,0.07987302800067383,-0.0022584069899190757,-0.05715121282383522,-0.11977238145449638,-0.08749177751629367,-0.1414335739897196,-0.21394192547893442,-0.11819641464487027,-0.22851203921699145
7Networks_RH_SomMot_10,0.5325332925296169,0.5378705055698256,0.46888893561468586,0.5289763432484015,0.5071638708585016,0.33319658309765243,0.516861306359652,0.3777924178584342,0.45025674499092017,0.48441662591449286,0.43323443351608004,0.41560810281703403,0.2856687506948555,0.3642860764824131,0.42045182397127256,0.490101227804216,0.5042909407622718,0.4841459188876381,0.4621478917754658,0.3067977437641758,0.49909291798237454,0.438956760507004,0.4964574648301678,0.40914480484076116,0.42220379297389654,0.5022655666054947,0.3274843895736896,0.5037546517057696,0.40292557416529123,0.2915791071670465,0.5016174718268659,1.0,0.3898198848459279,0.49968306259799167,0.5933990674582145,0.5272471158862477,0.12282294046128865,0.5062312007591576,0.30715812933093517,0.49040956164125205,0.29947170389951805,0.3593757889904609,0.5050860970434726,0.5016017106980105,0.34560851284530875,0.5110632296443443,0.5416983303553038,0.5427031415592033,0.46661213061356055,0.40647663240685766,0.38714165605029216,0.5307689258374804,0.3038646882436448,0.4662238791666747,0.5003114652930191,0.32213213908601757,0.15364816012279053,0.17936253164929916,0.3263026817085522,0.49839483661670897,0.5182720882148347,0.45646271270266703,0.008413537598623644,-0.029646361520667425,-0.008942004712866835,-0.145986616724043,-0.09732398524187877,-0.061189193099709986,-0.026546489073638272,-0.04096920231830738,-0.1284615464889821,-0.10584320381083277,-0.1252816564882662,-0.0014387854767906399,0.024297029124698763,0.04859596331816232,-0.026681078374727715,0.011843734119848978,0.008468363261762363,0.015049363061253169,-0.008162359406345665,-0.02766977843360909,-0.004253355738127986,-0.014520809984437265,0.0014631319837166527,0.0028984296908791426,-0.06533424329395873,-0.0330379854827703,-0.0899130781537992,-0.04235720284547587,-0.0411919730426179,-0.011946824866955178,-0.07022359846128623,-0.01750520424527639,0.0004152728517367117,-0.003625815733719515,-0.022453225114834295,0.03164986278990423,0.0027893709789137957,0.010287445256557804,0.06178377698006316,0.08071068280018433,0.012659529788925554,0.0025712686933138133,-0.08414175988704471,0.07217605133693496,0.030471749587425854,-0.0761473501330415,-0.05873760937637389,-0.19562341976893838
7Networks_RH_SomMot_11,0.6834892264008974,0.7240121468401239,0.4309080337619056,0.6079129820627238,0.5393555261703802,0.2053246159319367,0.5253764877080987,0.4003034254316323,0.39467839645681235,0.4742375180473107,0.4424863942799432,0.4561921960086611,0.23363081868430424,0.40995693895369506,0.32292242502176777,0.5273184728012459,0.42924607012251825,0.47521723907565766,0.39566157960995946,0.3636267568408193,0.4225375104796431,0.4869379784499794,0.4938936176570791,0.25680969180099866,0.4712279708916485,0.5073746691979601,0.1795019961161117,0.48252310474987276,0.5135659429514218,0.20973657932260698,0.6707933246725188,0.3898198848459279,1.0,0.6534349274528971,0.6213942307311682,0.6461539417738545,0.08173430064119304,0.5339139319008941,0.4102775331577068,0.47242949411058466,0.33126306193661686,0.41038514074577714,0.516927837614373,0.4080979169357042,0.2222083186826507,0.4755532322607496,0.5336451558328812,0.530771142279817,0.3791953814807604,0.4494548847050703,0.27055762168376607,0.4171515273590128,0.09458657291328544,0.594690020915565,0.5109641879899105,0.1347885783158542,-0.05152315332992558,-0.07379034845372358,0.4767864129895492,0.5427303109466757,0.4313327354408416,0.5143569726634825,0.03917965943317284,-0.016096678474750315,-0.05191124832841508,-0.07535194056582697,-0.05226620554299501,-0.030601436205605657,-0.02745283747696096,-0.034601988756584046,-0.03808006186981102,-0.025255808378007526,-0.05062337282681286,0.0859075819432425,0.08259993298214438,0.12178045747000146,0.1363469821474446,0.04662343482704805,-0.04096948851684612,-0.01599861073463634,-0.02372329414175675,0.0010165394813930549,0.008929468921686954,0.01499578695741513,0.013941046447146273,0.0364829953853927,-0.0996672988817472,-0.04225389171076443,-0.14399506861278774,0.04506510454790734,0.03104676508902994,0.035725586510992516,-0.10458127634000704,-0.05879486723867435,0.03825083518774431,0.031237208362138877,0.056405837070886165,-0.057242959521417704,-0.06362884164725277,-0.09962308810311837,0.04565275332532089,0.018385659840419347,-0.020744087214020792,-0.043854272482407905,-0.15477416943710595,-0.07081009036574747,-0.13135989685767605,-0.161649885299083,-0.11987219339237642,-0.18866126947838052
7Networks_RH_SomMot_12,0.766779150789885,0.810060223155239,0.5564533531528466,0.7398264227259405,0.7582931458488715,0.3870848871896218,0.7425681081518762,0.660749902515018,0.6387339570419202,0.7284492732666709,0.6802650650443101,0.7559656174398589,0.46101888378495537,0.6244352954414888,0.6244547190415505,0.70221951182059,0.6320074565789494,0.7413991008392741,0.6477741497124979,0.6099219933653216,0.6578632372320471,0.7202135001382329,0.7504845432445039,0.5123432765246998,0.6951758267793966,0.7280774911137118,0.4108105959737753,0.7295465316937099,0.7146951578088401,0.40841329025430284,0.6931977649001573,0.49968306259799167,0.6534349274528971,1.0,0.7313989988174391,0.8081219394032461,0.33892322999079866,0.7733179503269213,0.67347732285864,0.6924307856836804,0.5525164619963006,0.5365698671243737,0.7432973789113959,0.6732501755454969,0.4628694361237066,0.7384829928943674,0.7238174367040608,0.7181197853853999,0.627385080670844,0.6511212695108943,0.48046767207577146,0.6646964112375774,0.35988630323173326,0.7252773828378026,0.7037144687988163,0.4316332014201409,0.14815161734071752,0.11001449109656035,0.6295984474463536,0.729331964886063,0.6477394324924746,0.6462454745014382,0.08937255512527309,0.10908372734007238,0.12434838935471001,-0.07693219443703123,0.011142124250757886,0.06772098841691628,0.03796044625720927,0.05027786654995979,0.005085414771470804,-0.007020765346345874,-0.020504117938371997,0.0825909624473651,0.04568247138032269,0.06596749152024253,0.1380397595113844,0.07130115760797694,0.03100619508050721,0.0658641155516734,0.06481977106173355,0.0272914737421048,0.07152178369553884,0.10003025863345019,0.07694319237018814,0.13777728598082256,-0.03323337381654685,0.013867843748942427,-0.08188437343681351,0.09709834019144091,0.10315076144065127,0.09994434001404776,0.018914770824800465,0.018350006650974637,0.022292091802384582,0.056657246612289686,0.026292423610274774,-0.0841327393725537,-0.02447747918018215,-0.03854480166336862,0.09264980342126221,0.0006727024728510546,-0.010713128525648388,-0.04376320213590291,-0.11650965291693156,-0.009739066550218483,-0.09159452109168938,-0.15476001005431902,-0.07927582628982885,-0.19723834738345217
7Networks_RH_SomMot_13,0.6969737887705614,0.7139256723171999,0.6094900367531236,0.703575477190621,0.6239981067546994,0.31428558039031623,0.6228322258876485,0.5893367872431837,0.47205968179456914,0.6396358474577224,0.6486321619224733,0.6173502686425004,0.3748367231203598,0.6060874529009911,0.5756555617149198,0.6507380454493267,0.517306581520445,0.5984187485519842,0.5781057181836673,0.5478462373952284,0.6208449207031855,0.6832794851275573,0.6509186931774416,0.36979721041299435,0.6119015134771796,0.6340257956421667,0.31247486871684976,0.6099817535883173,0.6291720509265604,0.305473499168521,0.6787543665151344,0.5933990674582145,0.6213942307311682,0.7313989988174391,1.0,0.7008161571051734,0.22036843180209367,0.6467919082281585,0.5903104220862283,0.6003847900766959,0.5350471770176076,0.5075627629141876,0.7142606053845144,0.60524989850289,0.47744430971630236,0.647930867973449,0.7066033454781783,0.6961793284449029,0.5582729186640298,0.6303179259473476,0.41424884880149904,0.5766568895631652,0.314899627146178,0.6621705332412483,0.5789789527126585,0.3614025269104452,0.08485714260243231,0.01951979340041201,0.5536271795129833,0.6524879422675689,0.5808957117613172,0.577464119375569,0.055779229770138564,-0.01940549054948868,-0.001618568881303962,-0.0970897246299158,-0.07524613550716718,-0.0035023284467967423,-0.04337588452426447,-0.04630056000303223,-0.061292873670970416,-0.04582392866272549,-0.09341790990680297,0.05442615900328541,0.07030426873573525,0.08935187407387038,0.09256529274011069,0.038106375069194696,-0.006417051219218642,0.023535191883498965,-0.010867855752916959,-0.013954153517587884,0.01588507912813301,0.026875387637919437,0.037058345691371536,0.061970981114288615,-0.023288575983879723,0.02228223391134878,-0.06929551825035953,-0.017634264319071013,-0.005410197435732518,-0.008202753188238099,-0.062258011751277785,-0.021180861623845627,0.0013248168083468414,0.011205806102956017,0.019984389931562388,-0.07713398854394005,-0.03748249101379098,-0.028033872037661417,0.07104373168967282,0.05007611435991722,-0.02930858818055877,-0.05954642589046532,-0.18058811275708192,-0.03424542018931277,-0.09826191118127887,-0.18910468324984336,-0.14544951625720917,-0.2932814887667149
7Networks_RH_SomMot_14,0.7600916571845571,0.7908429502215893,0.5228337117161893,0.7503861741729229,0.804050277191153,0.47650334230433944,0.8221945728119571,0.5936009795218381,0.6695155463712247,0.741730064826509,0.7020156497231977,0.7048806590331609,0.4310376624044396,0.5874934113062656,0.6294460436409295,0.6716736756835455,0.6969393546719518,0.7419128716180126,0.6536475304442729,0.5332203947980059,0.6949084523194381,0.6626728267147737,0.7196239833651887,0.5255954738753683,0.6070102268898275,0.7292434194519429,0.4346595760931407,0.7301597072821215,0.6418108904960054,0.423283248794081,0.6795798518734368,0.5272471158862477,0.6461539417738545,0.8081219394032461,0.7008161571051734,1.0,0.2790531603717619,0.8498878414760248,0.6309557159709797,0.7758168665399573,0.48196531939309806,0.5631885766555784,0.7744899751508012,0.7140246504501072,0.4554714436263499,0.7371118022917695,0.7583552174792291,0.7432996575013079,0.6314694054914247,0.606577160315609,0.5821650994263123,0.694913113424546,0.38068495467800706,0.690775906135532,0.7120375276844473,0.5005400777781049,0.11383251036748321,0.14377577099628056,0.5870556085218259,0.7294946323396159,0.6959300286959962,0.6756295665260076,0.09858839377049188,0.06421811598207756,0.06991508076900954,-0.032194882923050144,-0.0043312430004513285,0.040021338693036514,0.02253818872900373,0.018050759771062557,-0.016652471866824385,-0.03248109850193585,-0.04975957070934333,0.11280419773425249,0.06898287872993196,0.09865723324171263,0.14285551815532774,0.04616115728471651,0.03531029515481756,0.02804508843173168,0.03926515043495445,-0.023371040115817827,0.021238230108461018,0.034868970384445475,0.055937847997133874,0.07975046848547568,-0.04436779046815241,-0.010910604850454595,-0.09850681723904485,0.07106135906403847,0.0965127605562134,0.10954287338318494,-0.015210905319470629,0.022410989212997546,0.026008975655104457,0.04921300627998027,0.06178877531136005,-0.09235097907945691,-0.04116946230612088,-0.039259506644948865,0.07429627189949968,-0.002316592559599314,0.01691667530656751,-0.01113368495434314,-0.09754724026609402,0.00220584021057472,-0.05095218713166346,-0.12316392733178746,-0.054272045055804054,-0.19014448378791662
7Networks_RH_SomMot_15,0.22058474283422483,0.1387219038263992,0.22605234601130078,0.19887169617222514,0.2703409256273627,0.17527697638164408,0.2814391265779868,0.37934202200408534,0.39554470799286107,0.34118968817453516,0.37917892593842534,0.41215501798230336,0.4225144186236862,0.3874790316663588,0.35647104393105894,0.21518076379243897,0.2431505764452147,0.3166756661021375,0.4120703402391519,0.40393623365480247,0.33336605473620023,0.3732684638109643,0.3695334930859902,0.3415344938569901,0.2560364464729335,0.26559819034860394,0.24553212555744847,0.2699681944259563,0.3097601931853112,0.2058672288100101,0.067547963268823,0.12282294046128865,0.08173430064119304,0.33892322999079866,0.22036843180209367,0.2790531603717619,1.0,0.3491175359063173,0.4740923491891954,0.35470650335848763,0.5004455937365369,0.1919219960351067,0.3478154506434903,0.3451150968243694,0.4643296807071109,0.3815306783870904,0.27565261692203114,0.2768171175301529,0.3445896018432933,0.3527179486699007,0.23692930382699268,0.2705164349870974,0.3649595374828273,0.17248653673517664,0.20901805840800858,0.2888692832883708,0.33973458444419513,0.23001280596453758,0.2391264093823721,0.20505480014994604,0.21318029210964093,0.1153244254446279,0.00213727409132454,0.008488482822106317,0.02310787549431042,-0.0778764042951027,-0.06776246412550878,-0.03595497657295719,-0.07172207402265697,-0.05358392062141553,0.008602670907473202,0.005424080657815411,-0.005592182784686868,0.08540761117423709,0.028556605981613466,0.03910218673980243,0.07733038072603161,0.09394232848573923,0.09892148658745244,0.08928722428010777,0.09858873922755401,-0.03272992132775282,0.0016701890030092477,0.022638271087524888,0.08654572855063605,0.11661211626425089,-0.011686581916949261,0.039023292414292025,0.021861365192662494,0.0850102144178259,0.11178999696774378,0.1391242233796133,0.09268165366032444,0.10058428898772867,0.04131271284302739,0.047976701051325316,0.011620589779403117,-0.043775027856925934,-0.002967538418928473,0.032195745526121124,0.03819404880335854,0.07526842946120002,-0.04293888336731538,-0.006289059689825452,-0.04327098519613291,-0.08324781507347137,-0.025970800696316,-0.06427437916009357,-0.009682866683962354,-0.05967381558701947
7Networks_RH_SomMot_16,0.6979906213499244,0.7113765803528056,0.48583945601929185,0.7082692165522402,0.8383772534778484,0.5626777858068437,0.8911793796876709,0.6836179387317258,0.738896548830726,0.8295362939066924,0.7735791287029635,0.7649088913766823,0.5357513877520935,0.6518423391656353,0.74891302029225,0.6766525519741095,0.7704640576999504,0.7957957969719898,0.7598888432052571,0.5429571822212149,0.7833118977859826,0.6914737782475321,0.7675771003550141,0.6161737012076026,0.6126307465396896,0.7762899968404002,0.5543897094773558,0.7502379048821876,0.6325055291965057,0.49291283688936904,0.6135835868883368,0.5062312007591576,0.5339139319008941,0.7733179503269213,0.6467919082281585,0.8498878414760248,0.3491175359063173,1.0,0.6729902700748073,0.8962460062219069,0.5481420511872536,0.6079884677654174,0.8323491019993605,0.8180169174286025,0.5418982345460536,0.8146105357227281,0.8062206645208161,0.7984715926392777,0.6913137640474779,0.6487964347563464,0.6494802646787693,0.783306208542507,0.48247520888287077,0.6700005495953398,0.7130817389768446,0.5296774653817843,0.15729806087966633,0.2298311932426213,0.5645117587229368,0.7619601534720281,0.7791864682181763,0.6987845269214159,0.0827030390038205,0.0549626959034811,0.06950275897185837,-0.08524128761101848,-0.06155451910967577,-0.011592097464610259,-0.016507346846036348,-0.0192383245447993,-0.025056251262653144,-0.04095473421477903,-0.04641148327547592,0.14351431371779205,0.09169242203902668,0.12008576750951777,0.15319230565307207,0.0733330838821983,0.03350351956803701,0.04091351063511948,0.0633234823710555,0.030058041472038183,0.03930551915521903,0.08000050782491722,0.09827472521811964,0.12182980132678374,-0.006591063699640719,0.026515577393390746,-0.05727310841046769,0.10113531579162541,0.12712851338903183,0.123076241627136,0.04812951490849589,0.06341056812860289,0.10382839760477021,0.07647874203811791,0.059387868181923445,-0.08987936083418108,-0.031012682772963148,-0.0444293226498534,0.10225555799755313,0.0021564508028256275,-0.007178467973971782,-0.0295490653930188,-0.10186727986613911,0.019488952240068087,-0.032840275154632594,-0.12099162283127977,-0.06783454985515701,-0.2103524234151408
7Networks_RH_SomMot_17,0.5466280961196426,0.5213827154483452,0.5341168846029642,0.5930110631900691,0.5932444753435521,0.39370249836610494,0.6156585475610081,0.7736123464522598,0.5389299989088432,0.7296469659802355,0.6662673984065353,0.724729169611524,0.6187569060693997,0.7585459959566035,0.6750198984985721,0.5582933938249555,0.542856964937016,0.6300898041661287,0.6604575083384611,0.635144712942729,0.6729258803282073,0.7335044157518386,0.6654554902440925,0.45852021141591903,0.5714648497056402,0.5995989212579563,0.41811157414844663,0.5986034586295376,0.6249419994899805,0.40536513105659433,0.4961799004137785,0.30715812933093517,0.4102775331577068,0.67347732285864,0.5903104220862283,0.6309557159709797,0.4740923491891954,0.6729902700748073,1.0,0.646238785034553,0.7403455330740849,0.4584428727667153,0.7280424790057841,0.6312608503124579,0.5532487013970048,0.6765831218020302,0.6179625379667542,0.6165215964913924,0.5683395169344049,0.6211236372726231,0.4550625955968919,0.5997407481379733,0.39653210567763586,0.5542620334001641,0.4959859987263956,0.3705341755035739,0.22675623771283526,0.16559360433279113,0.5091501735149843,0.5972527431670331,0.5401352334625783,0.5012748597909548,0.0915249851376733,0.04097399642994021,0.05587184045268191,-0.086466205071111,-0.06703671070543217,-0.026656210635221035,-0.010379231836071262,-0.02926805149895063,0.031756487191468716,0.0021240824594361417,0.018420958585731534,0.056925675758385336,0.014803444221184176,0.040169057208068196,0.11980921733146845,0.072091281336793,0.03838417038483811,0.05638805848447694,0.056385723558164944,-0.003964096419035013,0.01274771910043036,0.03647033823077657,0.06730828011065708,0.11095145799712446,-0.0431805802900483,0.023230855868373458,-0.059419918769790775,0.09230143846502095,0.10318778929463436,0.09012297268683823,0.04398875419482418,0.032844401488126986,0.09395633411947005,0.10349489506899519,0.03216615088547179,-0.08572556075294079,0.0024902920519022107,-0.03543073056042626,0.10346252109013587,0.00020230262511956165,-0.015766452217437086,-0.05913367949059632,-0.13024906294181476,-0.05526154987683494,-0.10067904284682151,-0.15478576379275782,-0.09858967075641797,-0.22527469462090005
7Networks_RH_SomMot_18,0.6559801404820073,0.6343627754921621,0.4483252236486347,0.6505736918299732,0.8003201364500215,0.5573134340847254,0.8489025304272221,0.6963792964066505,0.7514703076668304,0.8211667019906111,0.7936882162595214,0.768834589951435,0.5589675105889256,0.6535958761645299,0.7773876706881653,0.6639990972856429,0.7870622409044192,0.7862464423362255,0.7647050725575834,0.5107572824180672,0.800232851380779,0.6629148095342166,0.7557104735835901,0.6212236547988336,0.5764953578503497,0.7620846223695932,0.5771646777614067,0.719515593752292,0.5720970459266193,0.4829551727779278,0.5406304198775811,0.49040956164125205,0.47242949411058466,0.6924307856836804,0.6003847900766959,0.7758168665399573,0.35470650335848763,0.8962460062219069,0.646238785034553,1.0,0.5839420860869314,0.6325350269091226,0.8373037483925334,0.8334438518634237,0.5569554511900529,0.8155359719434694,0.7994322094742788,0.7909346582330921,0.679350376962253,0.6359092469751232,0.6624506997814699,0.8005078362491814,0.5241748640310755,0.6290029154010409,0.6722188224138532,0.5219242699673572,0.15540818393132122,0.2535625212826216,0.5166764412564446,0.7562395057581432,0.7821490205282978,0.6704187686882663,0.07069731534737973,0.022748393807472747,0.02379517492469172,-0.10230925684062643,-0.07954205765116001,-0.010447122898307782,-0.03867745530772849,-0.05046798684396258,-0.01826482008164925,-0.00013529248858377898,-0.012601609991583888,0.15899524467876047,0.13760201984650097,0.15630253139150166,0.17630082817164291,0.09067574781128547,0.019709188716281495,0.007599388821494742,0.04056938680281488,0.0103803826424562,0.002812765291293066,0.03944575698233225,0.07981351086648401,0.07456354030722924,-0.012523073597979788,0.010790769101714335,-0.04645673960000451,0.05607172398412447,0.08531112864966302,0.08732432785232297,0.04390592955521427,0.0594061403491577,0.07170128649570709,0.08200480367995974,0.03149420245999714,-0.09245120974580594,-0.008639773511871323,-0.025325088083043137,0.07527956668784884,0.010215108853377175,0.015057112652079782,-0.019460870400243503,-0.08645911510359161,0.06798569147493935,0.010496518481967108,-0.07250742946161617,-0.015966086350259992,-0.17844860380912725
7Networks_RH_SomMot_19,0.4744997000249044,0.39280043075592125,0.46438880329174537,0.4761905524481396,0.4679357749408188,0.2832301156353798,0.48428889516696527,0.7311107408946883,0.48937840087094525,0.6456119579614626,0.644034334947284,0.6973834888471974,0.6101954157132836,0.7130321005439999,0.6441591231069462,0.4800564617656456,0.4627188160006132,0.5594630096010575,0.604117146734577,0.46747233402981947,0.6089609298910402,0.6262781249382564,0.5890647585643247,0.3590362934997437,0.40547631019640723,0.4871288677721065,0.37138576698449366,0.4552005179366803,0.4887743095187195,0.30130283450697193,0.3961572774796001,0.29947170389951805,0.33126306193661686,0.5525164619963006,0.5350471770176076,0.48196531939309806,0.5004455937365369,0.5481420511872536,0.7403455330740849,0.5839420860869314,1.0,0.41509741457706856,0.6875624186680258,0.5997314450201651,0.5722969488243452,0.6293960553761193,0.5669080565389145,0.5578014376514299,0.48867014254260666,0.5473524211489029,0.39557528061085817,0.5221578049538261,0.3422823878223171,0.3909961574217728,0.36729779717445243,0.2611795150118761,0.16367071404484548,0.14552968346895354,0.36306401654486536,0.5069084587843309,0.465061444015293,0.3790107884782868,0.060802693379414505,0.06965356997462196,0.08659661656140079,-0.09516753949601217,-0.0003058671407448253,0.06113732221299509,-0.014570034073798359,0.033051869462417276,0.023568425278928665,0.03315876335740884,0.0462192482364141,0.08149817579301401,0.04189890690362418,0.08004744446077526,0.1251098095811608,0.13274761360377157,0.07771316375759736,0.078555958613951,0.08273778937563767,-0.046331739734497245,0.013782399963087374,0.043950663625203744,0.07761275810610302,0.11282892417364096,-0.04958187717664791,0.010574593937220036,-0.06542765650050661,0.04671824972600128,0.044064329467381494,0.011533733656030297,-0.009238108397258093,-0.02332373247902816,0.030129996438789712,0.0504879672592317,0.02364027343052985,-0.11354996455345318,-0.08384492076689526,-0.06265686048851042,0.03255800507387748,-0.008580978301118857,0.0027827694995055134,-0.05967094879183326,-0.0968205025431838,-0.016973115471061315,-0.07939392560710318,-0.11047113621508464,-0.01902437950144781,-0.14396893450036258
7Networks_RH_SomMot_20,0.5786116928519673,0.5181200133513147,0.37931374946254787,0.5022052730400999,0.5362160670651177,0.3254299397547821,0.5758096428977173,0.4976562245864905,0.528578520757643,0.5570640239929929,0.5890348604611945,0.5243426232256321,0.3472526039381733,0.460099309757003,0.528149163413949,0.572373566768249,0.619722032143642,0.5589167571355969,0.5261165091951693,0.3908641816509,0.5490145681180466,0.4981148495309317,0.5526065005747235,0.40141097054036273,0.4538407112206264,0.5903228467717309,0.3798669764674464,0.5278792347749213,0.4454721322952549,0.29388718412314846,0.47461165512394926,0.3593757889904609,0.41038514074577714,0.5365698671243737,0.5075627629141876,0.5631885766555784,0.1919219960351067,0.6079884677654174,0.4584428727667153,0.6325350269091226,0.41509741457706856,1.0,0.5982153000070812,0.5738491698614552,0.3746131027843344,0.6412865823476221,0.6123390009399471,0.6112429595665809,0.5188803546265934,0.5260567999363454,0.48844922049139633,0.5975174587712186,0.3598033434533458,0.4912542033435908,0.5314696110541466,0.32413040717268643,0.03948666849756597,0.09253905497798036,0.4317283899212443,0.5530943681168432,0.5867170730376657,0.5049888200325335,0.02026201059472971,0.00866705336617197,0.019483381895127532,-0.03329017922162331,-0.034145898521179,0.016931572320451647,0.027504188271241375,-0.00408574383917545,-0.034381440819206376,-0.017834717074481105,-0.06262258372674397,0.10469007771729255,0.07263845436072178,0.08029986482120595,0.09409869842445401,0.038604342947212,-0.08606614587023001,-0.061074178677343195,-0.039420576776391096,-0.037808728056949514,-0.0508288705562573,0.021635201656500586,-0.019375855048254464,0.04164499049127852,-0.03833487529406952,-0.00304377669256836,-0.0716109961461406,0.04822399039503384,0.09787630259150396,0.09027758123401543,0.024098703155102395,0.032479447880560224,0.0034442581206765156,0.11586882806589366,0.07503051502574923,-0.07823500033017666,0.030196984700606562,0.023933215187597345,0.12426867702022634,0.09267560490747488,-0.009384661111099373,-0.05813372135906971,-0.050731561187224494,-0.003235977815931734,-0.044431906630866984,-0.07870643193117749,-0.017354821446395788,-0.16571703409251598
7Networks_RH_SomMot_21,0.7025544804532552,0.663152157239757,0.5704397678402258,0.6783594355641245,0.7294671279792683,0.4695649023952403,0.7721014948830331,0.7484594124207946,0.6814738255750393,0.8125179615987447,0.7864567458405018,0.796339359454006,0.6434900290496184,0.7818035349083411,0.7946875942906457,0.6741901714190283,0.7139899954474502,0.7694008647412908,0.8003965749070211,0.5768416491778511,0.8322308082345464,0.7672245741617995,0.7999181470352551,0.5553446409167753,0.6221537699580014,0.7722354915859074,0.5542095248816673,0.7445009268373484,0.6654667536515655,0.48134470176679595,0.6011491857549919,0.5050860970434726,0.516927837614373,0.7432973789113959,0.7142606053845144,0.7744899751508012,0.3478154506434903,0.8323491019993605,0.7280424790057841,0.8373037483925334,0.6875624186680258,0.5982153000070812,1.0,0.824899831876449,0.6629618039490816,0.7970488845671273,0.8618827908387116,0.8544887469878406,0.7074120268566605,0.6916606541832347,0.6541961271367571,0.7656405955316903,0.5316502298023944,0.6698568761630954,0.6879798360489431,0.5179160949746294,0.174964109956477,0.2095840223824843,0.5786996247978545,0.7719293456308617,0.7725843556766594,0.6918022745387871,0.05796352113267407,0.032455030087271464,0.044410669953641436,-0.08795369451338797,-0.03711868767450731,0.04193514614719266,-0.03113916888119828,-0.018007727907229872,-0.018954347624262294,-0.03089440820170068,-0.022385598964577924,0.08927674296355577,0.060024448458740574,0.09499831951249328,0.13417440114726414,0.06612194958069978,0.020497334291876463,0.03306966311184952,0.038772601254513574,-0.04227446068566935,-0.007407703007489281,0.014081071157957837,0.0388143532124762,0.06081676776411878,-0.03181742056781559,0.005599345227312767,-0.0499646302592875,0.034382336575644656,0.06041327323545584,0.045871742914461666,-0.006655989956723464,0.016425440951608933,0.02720443846425793,0.05398743849867554,0.011808871981787402,-0.1320191154730399,-0.049767662878076505,-0.05138125529860921,0.02977351556743026,-0.02623634018138762,0.006083091617233743,-0.026109193419807022,-0.09893061520463779,0.03131620247968762,-0.04614355039337763,-0.13834975022079998,-0.057135693637697896,-0.20970059637633112
7Networks_RH_SomMot_22,0.5836981420008024,0.5679477635531959,0.4844637368261213,0.6108138256011637,0.7030642887415202,0.4957608102226463,0.7688846645682168,0.671206604894394,0.7022468830546473,0.7839825360237583,0.7678692781452905,0.7680431919970576,0.5972861517950947,0.6534309471987014,0.7452333604627109,0.677860503577979,0.7460828596858904,0.7698852808686232,0.7376122256611207,0.5464045293169205,0.784350787333324,0.6563825081060832,0.7287431022252171,0.6179599935174315,0.5770369208727147,0.7236791659366365,0.6092021332456381,0.7083714193010326,0.5557694326920928,0.5284659646942511,0.4807057684689746,0.5016017106980105,0.4080979169357042,0.6732501755454969,0.60524989850289,0.7140246504501072,0.3451150968243694,0.8180169174286025,0.6312608503124579,0.8334438518634237,0.5997314450201651,0.5738491698614552,0.824899831876449,1.0,0.6567305348440593,0.8119277753212826,0.8046684200889589,0.7847610546741166,0.730232596325233,0.6563018807413512,0.7325543892153005,0.7928867758942245,0.5539171427160146,0.6043510566037448,0.6865748728274818,0.5575336269876856,0.2672465121927597,0.33351038792288434,0.5047208247421382,0.7065284290577903,0.7844280009953023,0.6421671096544477,0.06405205242270832,0.051358313490140396,0.07271997818874879,-0.0685073367273166,-0.039087364846748296,0.03161476266534371,-0.013425265759480907,0.00806058874364158,-0.016195583689446597,0.005107632147537442,-0.002019024887991523,0.1396635553500213,0.10650325109993755,0.12424641305204667,0.15317690245908275,0.12116449457417831,0.08349277655034924,0.06965559451031937,0.07091574389658667,0.020843941422173298,0.05887413156084754,0.07818911688988696,0.11406444597801897,0.10231091062648988,-0.002751559058663349,0.007935209955419674,-0.055209055714470545,0.05268220365868029,0.08161948430677644,0.08525932769411551,0.015942435054132124,0.015052973809186009,0.08762094066917037,0.03980343486250662,0.024480061004065513,-0.0790425482469947,-0.05251229736219708,-0.022942108717350678,0.0839688136929609,-0.02239513260259507,0.02464592896360379,0.02373998407096096,-0.0458068894343722,0.07921547319845017,0.038573805953119204,-0.0712223180025088,0.0007505626419310907,-0.1483689478646551
7Networks_RH_SomMot_23,0.410969517417159,0.2867033943446922,0.3906025616280952,0.39819449677916413,0.40723409948340417,0.3057720739202867,0.4824467899792621,0.5616729118550496,0.5047344452704894,0.5905847303835454,0.5983409095782646,0.5882159275405177,0.6064476467860033,0.6715785960460304,0.5839155017908142,0.4692883372497432,0.5042880262161659,0.5250862137938741,0.6471491769005558,0.5400079696576644,0.6567971142976623,0.6251257517880341,0.6037863349430082,0.43924054799886525,0.5035012816075032,0.5467535798559412,0.5926672058289649,0.5216571967379049,0.5140136633418722,0.5650384293747981,0.311636250968161,0.34560851284530875,0.2222083186826507,0.4628694361237066,0.47744430971630236,0.4554714436263499,0.4643296807071109,0.5418982345460536,0.5532487013970048,0.5569554511900529,0.5722969488243452,0.3746131027843344,0.6629618039490816,0.6567305348440593,1.0,0.5760208992417546,0.6500547753638939,0.6669161771911135,0.6478455643006987,0.6210269963392241,0.6215318764934367,0.5673831443324399,0.5154911040746953,0.4565354305343579,0.4452050502210992,0.4672726569676378,0.4135546172999146,0.4235031607071166,0.44752921038665794,0.5064999087673386,0.6033698705156784,0.5247165474778911,-0.0008516081155654361,-0.0029014679608848726,0.016929289481593234,-0.04454195238811799,-0.014811524513832943,0.0487365916610098,-0.008607055558600245,-0.022420539511018522,0.08295477702229219,0.054478398233684604,0.036972410753525684,0.13273470200213466,0.0796982246497875,0.0953941056179107,0.15915297998766859,0.14362283485311722,0.060823026499127165,0.06906314262284476,0.1064011082764706,0.03356929999282378,0.04994906171136106,0.08759866841245094,0.14365353591563937,0.15301259728793679,-0.0391864708766798,-0.032308354485583606,-0.05750058993133809,0.08627207018199692,0.07943911959532905,0.0792339235142582,0.058511755621946104,0.035727773110427276,0.06055467565312596,0.08852610270436218,0.03473080155870786,-0.011632938418439279,0.04528364736105889,0.07154458387908885,0.11209522775713164,0.11558252502904288,-0.04661696134831701,-0.07141742947612344,-0.1266263903253381,-0.02036898058442089,-0.04456944174547857,-0.11072745688546518,-0.043774750605144575,-0.1853887010530571
7Networks_RH_SomMot_24,0.6820359167074743,0.6327893674797133,0.5095123088452632,0.6491273709091951,0.7412906581939148,0.4611217986965694,0.7892162065124007,0.6965476880830876,0.7321827584291559,0.7875703649400191,0.8172512330655138,0.7725119593124187,0.5692058615737463,0.6441686943649336,0.7426995835597462,0.721995963711179,0.7698113045913154,0.8456695767528195,0.7402561206209363,0.5729855191715679,0.7770293552884735,0.691139093272464,0.7580099655696639,0.6156442608964373,0.622345747611425,0.7409350631885591,0.6059158228100058,0.7238340633922854,0.5956413188816614,0.4642712494755007,0.5389794203246516,0.5110632296443443,0.4755532322607496,0.7384829928943674,0.647930867973449,0.7371118022917695,0.3815306783870904,0.8146105357227281,0.6765831218020302,0.8155359719434694,0.6293960553761193,0.6412865823476221,0.7970488845671273,0.8119277753212826,0.5760208992417546,1.0,0.780152442081886,0.7621032255598864,0.7396682643935085,0.6581404920163709,0.6575125935999727,0.8302677128186524,0.5164209658845597,0.6427543545603951,0.6747053705142698,0.5255684455754841,0.21757692754767172,0.2821112461056949,0.5201275920748011,0.7536364827784825,0.7742076291005519,0.6379702162414936,0.0626905641466334,0.03528393814277956,0.046420972682552915,-0.09197922651067447,-0.0624408269106228,-0.008256872238139668,-0.014334077240142604,-0.03954860757879584,-0.009663308258143887,0.010439124858142291,-0.0007728440769287525,0.13208052985138924,0.10428287389156844,0.119435994021105,0.16280494083396177,0.11784951864975313,0.030735505876293534,0.0638858253178093,0.06542628079296905,-0.008220986868867916,0.020497955893573425,0.05331337006112218,0.07137085227663248,0.1188217185590836,-0.007840190966470966,0.02900723214053913,-0.04970509874314526,0.0934199972391109,0.11552524187788621,0.1083741959787129,0.038519336144960926,0.04539087222406903,0.05308044619708494,0.046699772610313106,0.029341982822488837,-0.12900257048080868,-0.08005901170305188,-0.06451869108657053,0.05738274372190602,-0.018999110391002678,0.045184404875279555,0.012786361599410736,-0.07408915049056262,0.025815321983520812,-0.004623231518525358,-0.10947371211058046,-0.017944165241429225,-0.17266473045887862
7Networks_RH_SomMot_25,0.6751667280486033,0.6631371443953784,0.4734358985702299,0.672326292084132,0.7127038049315086,0.46906766828521707,0.7722882749689706,0.6358538134471665,0.6556336711736205,0.7679778647504754,0.7595064868754068,0.7176339250394438,0.5311515589303386,0.6835982577174629,0.7359124989104252,0.7218798279217277,0.7190726208135435,0.7576775481805783,0.7656329887977184,0.5997368858482138,0.8024468689035184,0.7287902568496152,0.7978185072855076,0.5640775174455733,0.6898330511438191,0.8135368657987402,0.5303781127146218,0.7808109352614968,0.7143263383345564,0.46321106294539954,0.612824774832553,0.5416983303553038,0.5336451558328812,0.7238174367040608,0.7066033454781783,0.7583552174792291,0.27565261692203114,0.8062206645208161,0.6179625379667542,0.7994322094742788,0.5669080565389145,0.6123390009399471,0.8618827908387116,0.8046684200889589,0.6500547753638939,0.780152442081886,1.0,0.9127695662803489,0.7782326074549409,0.7657812465090266,0.7082227281761306,0.770692323082399,0.5631438964545707,0.7482220379339155,0.7714445557917262,0.5501697673356086,0.24240866206647815,0.2137622750136741,0.6708811232046957,0.8137547478649373,0.7874707093323859,0.7256065920414199,0.04728362316620723,0.010046737292992203,0.02906001728401491,-0.058324258034396635,-0.043539060484953984,0.029818035682783312,0.00029200935509293897,-0.008456132362414102,0.03153444955605969,0.012473366264828296,0.0007978277241310454,0.12174907249511181,0.08906658898028634,0.11688569554579896,0.1752131150979564,0.11190703423125342,0.020565684775230693,0.03765184620299815,0.045149023301432625,0.01112867408858206,0.03961356579485207,0.06969017619483048,0.07924015103816122,0.09998081378835161,-0.04015993195302273,0.008015675264303319,-0.09596023852977212,0.08206559325720318,0.11232922321698498,0.10989745113441034,-0.0016226139057660207,0.025142086833714352,0.046606536350865785,0.03591562577437283,-0.006450628447538616,-0.07675425055652883,-0.03500374534030046,-0.018216986528309814,0.09259841323873245,0.011256953229375416,-0.05792454090505651,-0.07158920744333071,-0.1527253924427717,0.029252763910075773,-0.03271614862838738,-0.10993265974726626,-0.08564765277321648,-0.23155746205636973
7Networks_RH_SomMot_26,0.6765800995914252,0.670645493988759,0.47953045323478743,0.6656769707037768,0.7064156998003092,0.48202285604036565,0.754391311689569,0.643828284061931,0.6518816875458961,0.7682252276203585,0.7383602098199844,0.7126961529726465,0.5524994265863065,0.7009057994184582,0.7325373967008086,0.6869005322252735,0.7192288704586283,0.75069021380274,0.8009900616471877,0.6139723325006073,0.8071716918688688,0.7475790928517516,0.8181876846691055,0.589311496424273,0.7017051471414949,0.8309467696140092,0.5581244154451439,0.8025601431834617,0.745190880683725,0.5113804925572333,0.6128779050055596,0.5427031415592033,0.530771142279817,0.7181197853853999,0.6961793284449029,0.7432996575013079,0.2768171175301529,0.7984715926392777,0.6165215964913924,0.7909346582330921,0.5578014376514299,0.6112429595665809,0.8544887469878406,0.7847610546741166,0.6669161771911135,0.7621032255598864,0.9127695662803489,1.0,0.7909772151972675,0.7648850021310704,0.7043559948428704,0.7780816544508303,0.5948383579755451,0.7557763692364308,0.7937473119071864,0.5612768800103258,0.27263731855763523,0.2592375673585555,0.6961855566961132,0.826409783475014,0.8087815098806719,0.7574442846321142,0.015441637419597063,-0.00990927727746463,0.007785013387924619,-0.08154637534798571,-0.05654032713753278,0.024324295314245667,-0.022004832115400996,-0.032886509175819416,0.004156540008093181,-0.01384838905544739,-0.028540408679196067,0.10834010519776455,0.07639226607724334,0.10392257022960712,0.1502591490923538,0.07220809801552501,0.043582054244231366,0.04445659155926395,0.05548828550682132,0.02616912438919032,0.04653863913145108,0.07652372858728591,0.09679429074995947,0.10434490643033972,-0.055704743876584376,-0.03669019183533163,-0.1286694229159749,0.05227791589723557,0.0646717479422047,0.07193007876084487,-0.021928940624345923,-0.007547471074298769,0.05436745589837291,0.038615278628347176,-0.0010257911173032828,-0.07210383516872265,-0.032666230243274516,-0.012808535705392443,0.1019311109084242,0.032704578937314446,-0.020460457188399086,-0.03959335386148736,-0.08975152914168248,0.02083524733959448,-0.031817063647400064,-0.10404893604499561,-0.05609027217884984,-0.18520243629328667
7Networks_RH_SomMot_27,0.5382247261862996,0.5448576545365726,0.38396362825963604,0.5670505592902709,0.608025336129175,0.46135707766531253,0.6575381170201181,0.5571491865257558,0.631332828232297,0.6994801252627372,0.6659825498482875,0.6142956244107802,0.506035550090444,0.5859605968878018,0.6500067104193522,0.6438304064517455,0.6167285507987846,0.7294849022542372,0.7396415149865952,0.6533066102168739,0.7512542818170863,0.7125061373685496,0.7537049888865993,0.622575154851921,0.7189877147544891,0.7510914225183927,0.5582806676603617,0.7864888306543709,0.7189245748717769,0.5061141142966158,0.48706691059803614,0.46661213061356055,0.3791953814807604,0.627385080670844,0.5582729186640298,0.6314694054914247,0.3445896018432933,0.6913137640474779,0.5683395169344049,0.679350376962253,0.48867014254260666,0.5188803546265934,0.7074120268566605,0.730232596325233,0.6478455643006987,0.7396682643935085,0.7782326074549409,0.7909772151972675,1.0,0.8283637823386908,0.7281421848593803,0.7525252391781982,0.6127675738236027,0.7220077362913303,0.7576029860743626,0.604312583701129,0.5129305669835126,0.3672416884720848,0.6899857232074764,0.7387787644573682,0.7020901410497347,0.6416006608751035,-0.0178370195805445,-0.05231571386624515,-0.01761392909698192,-0.11360630759273242,-0.13670828364614118,-0.07025805856990326,-0.08309237160793882,-0.08436878702824539,0.02516801631894243,-0.007905311443533172,-0.012576898197745294,0.13590578659157793,0.07371952285526336,0.08851586136921477,0.1510127165174038,0.11002277128699606,0.07009296076633553,0.07915232374119056,0.08133144390615644,0.034114032969916386,0.056795853036340015,0.06844422175728797,0.09954266828644824,0.11999639500120615,-0.06619646751492195,-0.06792791560733323,-0.11645575713473846,0.0887227257680761,0.08458173960237393,0.07592373756439928,-0.010638331460036376,-0.030383147100143608,0.0779040181063098,0.04915344591995863,0.0031920992244818653,-0.03460665838167954,-0.005142949643919524,-0.005415882201998086,0.14839544413897948,0.041876596477235434,0.031240217810436954,0.05148617699236475,-0.021073821434977352,-0.010295803393079239,-0.0028948381868397844,-0.11415551235319252,-0.03916958843671055,-0.13335836204018617
7Networks_RH_SomMot_28,0.5658714281716983,0.5558045195594257,0.3878716637031543,0.5768057271757335,0.5996504949455419,0.36677361770290445,0.6295144668491026,0.5807359234351706,0.5431003902230089,0.6811343212170714,0.6343609574283964,0.6116993702609074,0.4659923109235545,0.6316266363389743,0.6352197221970408,0.6180935939085849,0.5206831770264626,0.6384743549166221,0.6797961411143311,0.7444358263360913,0.6880277845473274,0.7744711910511254,0.721362335319795,0.4980195443819976,0.7625409387662822,0.736919277747132,0.46166175049801433,0.7076576424962058,0.762710775872071,0.4526842744950628,0.5218076745712847,0.40647663240685766,0.4494548847050703,0.6511212695108943,0.6303179259473476,0.606577160315609,0.3527179486699007,0.6487964347563464,0.6211236372726231,0.6359092469751232,0.5473524211489029,0.5260567999363454,0.6916606541832347,0.6563018807413512,0.6210269963392241,0.6581404920163709,0.7657812465090266,0.7648850021310704,0.8283637823386908,1.0,0.5893207228988032,0.6303618431563071,0.4952755945689915,0.7646184785347575,0.6713545770805606,0.47504279829185786,0.4134578826764693,0.2300379289984643,0.788113177934992,0.7182793849055914,0.6255894949594754,0.6605587767762005,-0.022839621732206477,-0.06826972011586853,-0.038951387266815525,-0.13403233108305607,-0.14148442422586127,-0.07340156861582216,-0.1158250938679956,-0.10433883392689687,0.06280743592740248,0.03129874409969499,0.0207582259579664,0.124293108705227,0.07934247520320355,0.10202225027881592,0.1658089280889976,0.12046052491984957,0.041467650393870535,0.05773769744755192,0.058410162376943436,0.062315392242551365,0.07000074761377824,0.08713756766634205,0.10402393974233852,0.12884334142246098,-0.1062427288377379,-0.0888730948642292,-0.1570383480464281,0.13297099577422003,0.12574067028164987,0.11306770262652482,-0.010208357764379047,-0.03754653455059326,0.09632928035803916,0.09924081255153089,0.04258063727694683,-0.018928536398042737,0.02293083996546839,0.012908941915378048,0.1947778088427303,0.11340226898477242,-0.02907182529931768,-0.05639485810026073,-0.12205454168514296,-0.08666174756841269,-0.0953347012795714,-0.1742054823398091,-0.10816014839750686,-0.22871467770840462
7Networks_RH_SomMot_29,0.4191360598280003,0.4007242358895193,0.3257954473386653,0.45382928205842227,0.4989340789364284,0.42404278286248587,0.6172179366913602,0.4674110270811895,0.5908038127788866,0.636429918015313,0.6316777243525854,0.5668064984911402,0.4783832351353398,0.5070558267626795,0.6197096661066734,0.5495626098421692,0.6995533610919628,0.6340120640304714,0.6455100557107547,0.4878424763413485,0.6997025560183733,0.5699527706466943,0.6053898998008428,0.5586769177859829,0.5259357587242427,0.6537538533035583,0.5949030390383021,0.650190389663426,0.49492540901361365,0.525463000983884,0.37383649211672343,0.38714165605029216,0.27055762168376607,0.48046767207577146,0.41424884880149904,0.5821650994263123,0.23692930382699268,0.6494802646787693,0.4550625955968919,0.6624506997814699,0.39557528061085817,0.48844922049139633,0.6541961271367571,0.7325543892153005,0.6215318764934367,0.6575125935999727,0.7082227281761306,0.7043559948428704,0.7281421848593803,0.5893207228988032,1.0,0.7357438267512896,0.5145445574643664,0.5449044038775925,0.6186340299874059,0.5584029740049442,0.3370709060288178,0.3616100867881768,0.47058349496418855,0.6277364457039707,0.7066631696852657,0.578792067928215,-0.016521324198399526,-0.010993422928181076,-0.003565048411587057,-0.0042550580300381785,-0.029643290935857127,0.01119413661441146,-0.009364915519058315,-0.020749371752641212,0.06578723601507343,0.03559873313146911,0.04456853470299429,0.09771548289864453,0.047071473038337294,0.04899924504218435,0.12965097273396006,0.12320565266419964,0.036360223274561086,0.026220814168474427,0.05041728180530965,0.04542670757144377,0.05524910084037703,0.07247524024994838,0.10715894385101968,0.0960959896509414,-0.030137481901649485,-0.004334937351092519,-0.0977294983833037,0.14956416499576847,0.17517818188728418,0.1649699983958329,0.06892817531563644,0.0425304267989178,0.10941915155535013,0.1082555615152616,0.07360226170220488,0.012346231833886227,0.031506990111935036,0.03870651622243765,0.16750814342708945,0.046506468480871206,0.004330922474548597,0.03332273086157785,-0.012809834731054168,0.08847397455570799,0.09732455948458468,0.025025245215739813,0.025579114548220032,-0.09161156304517823
7Networks_RH_SomMot_30,0.6062981722708732,0.5939536579485586,0.46909621148646474,0.6112776503663325,0.684483929831101,0.5009389498570428,0.7478933982517068,0.6456981590469983,0.7108963225130066,0.773599423473368,0.7503290691640178,0.7280918107588213,0.5575764016046313,0.6032704322168859,0.7503931054562983,0.6955394177413291,0.8200082829329042,0.840140782424327,0.7518468361236449,0.5242458822855101,0.7904253737716258,0.6552436217488568,0.7469515726390247,0.6959840052815921,0.6110045586341415,0.7780738281600188,0.6638719124931084,0.768370555229974,0.5904784448566888,0.5565813118863732,0.5044540538995977,0.5307689258374804,0.4171515273590128,0.6646964112375774,0.5766568895631652,0.694913113424546,0.2705164349870974,0.783306208542507,0.5997407481379733,0.8005078362491814,0.5221578049538261,0.5975174587712186,0.7656405955316903,0.7928867758942245,0.5673831443324399,0.8302677128186524,0.770692323082399,0.7780816544508303,0.7525252391781982,0.6303618431563071,0.7357438267512896,1.0,0.577870436440284,0.6402433243540256,0.7321464514519002,0.6258275092637937,0.3462935579660566,0.4013720753784326,0.49776236201250607,0.7910440296118412,0.8271733267554492,0.673550010307289,-0.0009885558340468415,-0.03253209935097342,-0.02023975682067993,-0.0818867879420877,-0.08208279088044167,-0.02368726945397765,-0.04657570379702375,-0.06535200926511192,-0.014434693640574673,-0.00342694222966412,-0.013650626852288107,0.1365267067335097,0.12409927705080286,0.148238028613144,0.15557055724029242,0.12243990718392349,0.0015719404367762178,0.010751815504919878,0.03608731357481718,0.03226235840551196,0.036296406222751355,0.06762833149712867,0.08605785691530815,0.07946887781191661,0.0027840587059360686,0.00401988910693465,-0.06964291439516847,0.10242720598606084,0.11367584069652287,0.09757445146589397,0.062226053937962704,0.02247604573616524,0.0550049513166607,0.06910542179471864,-0.006556353185570492,-0.06289077656366208,-0.007507848424387704,-0.01117864528372355,0.09041824475342741,0.003467930547978344,0.0875182476345186,0.05568713361440001,0.0013271126869339631,0.11446094975638946,0.07629918538978929,-0.014345734993672926,0.058888141500485304,-0.13438603498742266
7Networks_RH_SomMot_31,0.3079726567096682,0.2501870630758681,0.21326746982760084,0.3051179438774444,0.41665022514229066,0.4347971012813255,0.4732579200904206,0.35899285247869955,0.47882421926597,0.4732798692602082,0.4951412199425713,0.45022175352865706,0.46699180764324255,0.40547203024352413,0.5195172839196376,0.3594599278041123,0.5099143895947419,0.557587452504019,0.5677829538138144,0.37179949120489525,0.5202682990904622,0.39112586716663195,0.6033802004284262,0.5353756035682474,0.3791118557294122,0.5476021298828713,0.4613063620556405,0.5756590413534073,0.45441156355533213,0.3016895618765801,0.1319610331361208,0.3038646882436448,0.09458657291328544,0.35988630323173326,0.314899627146178,0.38068495467800706,0.3649595374828273,0.48247520888287077,0.39653210567763586,0.5241748640310755,0.3422823878223171,0.3598033434533458,0.5316502298023944,0.5539171427160146,0.5154911040746953,0.5164209658845597,0.5631438964545707,0.5948383579755451,0.6127675738236027,0.4952755945689915,0.5145445574643664,0.577870436440284,1.0,0.35804691855124576,0.5245378998155711,0.5712960621849366,0.45547016246365274,0.4124358780822795,0.4232134227883541,0.4880755458988658,0.5026948517688778,0.33164754467890123,-0.10987422282415654,-0.10035747393851685,-0.06819864760323387,-0.014645448517624792,-0.1009533303527494,-0.037463240205414285,-0.0935396936014433,-0.12401565223263122,-0.050509881217320855,-0.052513612331790395,-0.04871359669909577,0.05843462928808093,-0.0014521821248597404,0.01138739329780487,0.0230067234014285,0.0006996637282318126,0.030593773809765086,0.04616446028060552,0.04377146940680257,0.08485335391107063,0.091428544193931,0.12687708367443323,0.1061420289914911,0.113175822001396,-0.026497720566665214,-0.04813775835243812,-0.027562520276931284,0.05782355245336345,0.039371277976065676,0.08213512135500885,0.057052353722404525,0.032599976233641616,0.043395723423726315,-0.0024228072955898377,-0.06764060490726144,0.008845519917556818,0.03125792256275183,0.06969704225707611,0.05718579786712205,-0.010282302030147576,-0.009693429181403652,0.04624757240266199,0.03262120484054841,0.02076966041904581,-0.00019159559217150335,-0.06582667831001854,-0.0034303183940146784,-0.07181989452898888
7Networks_RH_SomMot_32,0.6365442597001812,0.7322663961473334,0.448215652669258,0.665320655252677,0.6504327328871233,0.3642779820007402,0.646019845163966,0.5210576281097268,0.5093100434920941,0.6692023715977943,0.5850815891176163,0.5954952842684926,0.3794436325563193,0.5834491678567411,0.5853531349191856,0.7063132063980296,0.5656865429515382,0.6646129116250725,0.6450995868390366,0.724647755717537,0.6605259235359059,0.7580416866092373,0.7225066749737519,0.4997823882506908,0.8643915893374801,0.817397388534987,0.42818427236860424,0.7819747474473956,0.8139908398769309,0.47755835403898883,0.6567153042225391,0.4662238791666747,0.594690020915565,0.7252773828378026,0.6621705332412483,0.690775906135532,0.17248653673517664,0.6700005495953398,0.5542620334001641,0.6290029154010409,0.3909961574217728,0.4912542033435908,0.6698568761630954,0.6043510566037448,0.4565354305343579,0.6427543545603951,0.7482220379339155,0.7557763692364308,0.7220077362913303,0.7646184785347575,0.5449044038775925,0.6402433243540256,0.35804691855124576,1.0,0.7918669313113313,0.49032145468876,0.2976352015087578,0.11718805015813769,0.8338858141849415,0.8346057234208877,0.6519543696089304,0.7983190470870565,0.05886206097682791,0.005826966303741442,0.021530547113929772,-0.10541361469003166,-0.07251496461252475,-0.005185151027893059,0.00590691370319365,-0.026191948049841183,0.04291391079024787,0.0009131835268943867,-0.004837002535261958,0.09858742625711042,0.07516042476497083,0.08419654184807089,0.1775195505869454,0.07770326469461222,0.06495130868920818,0.07902275654317589,0.06850670627882283,0.10671213250197005,0.10537176957304811,0.0975530659548359,0.13591475606662076,0.13558254812866344,-0.10271441682537015,-0.043474013259619554,-0.13587306716555628,0.10187178884131938,0.12175144478154908,0.1298843838706307,-0.029476029997070802,0.014069599572212868,0.11007915190870529,0.11338109949803896,0.09180101917306949,-0.03603071693223635,0.020509552339021866,-0.019907184353252706,0.15612853157777995,0.0737699489899877,-0.019098695190344003,-0.0390157425854722,-0.1023723131301961,-0.03492242671378986,-0.08746530401158162,-0.14524140078374148,-0.08818281482198376,-0.18510720411538847
7Networks_RH_SomMot_33,0.618020488380678,0.7147663219099828,0.43428549636566777,0.6418519823614957,0.6634350358568429,0.45398800951490215,0.6683729854190515,0.501798017422199,0.5994198557081795,0.6699727337644125,0.6267816360077697,0.611511033310158,0.46082123332840935,0.5277197747962545,0.610814346389359,0.688635741552275,0.6503888059823344,0.737988947575086,0.7114109320771177,0.5851595265927113,0.7019273264868854,0.6568637157536283,0.7844667281130208,0.6753791512632867,0.7153816793107926,0.8126658227403056,0.5174495030499382,0.8567173363919687,0.7321969643438917,0.5272059125635051,0.5525128760788234,0.5003114652930191,0.5109641879899105,0.7037144687988163,0.5789789527126585,0.7120375276844473,0.20901805840800858,0.7130817389768446,0.4959859987263956,0.6722188224138532,0.36729779717445243,0.5314696110541466,0.6879798360489431,0.6865748728274818,0.4452050502210992,0.6747053705142698,0.7714445557917262,0.7937473119071864,0.7576029860743626,0.6713545770805606,0.6186340299874059,0.7321464514519002,0.5245378998155711,0.7918669313113313,1.0,0.6683389630678298,0.40754296986932054,0.30277827737182333,0.6839417280153993,0.7906123266928505,0.7410162463257456,0.7323785035037609,0.017405159336130786,0.0029806639153739894,0.029575996054414324,-0.06552697680606448,-0.06499612670880693,0.018977517307268814,-0.0118617490641736,-0.004626605354322664,-0.031394593074647995,-0.05451786396380817,-0.06948112801251514,0.09589542641485863,0.07809493992005972,0.09457252416005496,0.10749104410260937,0.04716846336369522,0.05740125329631503,0.05688894516203184,0.05092936283838976,0.03240891362556621,0.06143945633913922,0.0699437712236673,0.0884179292072895,0.08309314799344043,-0.02949238090142032,-0.04108405745918872,-0.11798780655869429,0.012336836660413039,0.025421598902459774,0.05235702648532295,-0.046659770607237784,-0.04626664508935366,0.0757163988863753,0.05380028900742208,0.03212142247705572,-0.02439375036470563,0.002678497907723279,-0.0014344155824102033,0.13150950120372498,-0.0005014262325775953,0.0035936336771596935,0.01326959681303908,-0.03165468924082729,0.05906642613837543,0.004411965147847733,-0.04483072319632655,-0.001363722310841553,-0.08056075948339755
7Networks_RH_SomMot_34,0.34551868355038395,0.39720438058002155,0.3231792894702416,0.4031305471341685,0.5143732313969172,0.46563681201982976,0.5152422144512857,0.37827267175156704,0.5247694421993696,0.5065644191834182,0.49774854329023654,0.4853691262748435,0.47425856067762995,0.4338975191436206,0.5384499142820933,0.4872816195757069,0.5256791686857148,0.6349649094457168,0.6105141357918122,0.46592639586572304,0.5529648876864598,0.4818923865152756,0.5831051067872214,0.7162835152287209,0.48313537298761366,0.5854532926355782,0.5689560192115388,0.6630858124331022,0.5121535506118079,0.5389022721227381,0.23943598036278896,0.32213213908601757,0.1347885783158542,0.4316332014201409,0.3614025269104452,0.5005400777781049,0.2888692832883708,0.5296774653817843,0.3705341755035739,0.5219242699673572,0.2611795150118761,0.32413040717268643,0.5179160949746294,0.5575336269876856,0.4672726569676378,0.5255684455754841,0.5501697673356086,0.5612768800103258,0.604312583701129,0.47504279829185786,0.5584029740049442,0.6258275092637937,0.5712960621849366,0.49032145468876,0.6683389630678298,1.0,0.5384140777810638,0.5035795311084382,0.4297191518090116,0.5751831689598853,0.6113055954761076,0.5384423268989491,-0.0006032331319377604,-0.040447532466223436,-0.01473003576598623,-0.016948652131930458,-0.08951088907701628,-0.024716753728370358,-0.04844600468913348,-0.06605585351641308,-0.05149325571506352,-0.04170552831160317,-0.05824851829028575,0.04284266361949781,0.06161716329782285,0.07371133527374385,0.04330973853042897,0.025458711482997075,0.02223953970488242,0.04271867226403066,0.034116145155186677,0.04231032699671654,0.070935230159202,0.08526716575212541,0.04938343184573886,0.05540178994158954,0.09580014927728815,0.025526450249441657,0.04666478438442249,-0.01958562671817943,-0.012898857904467568,0.008097375971952094,0.05988621404801187,0.024684879090178517,0.08731586197614435,0.06833810553327928,0.047661948148872764,-0.04891999905353648,-0.025126262020630896,-0.002265400511025617,0.10663064633406058,-0.04464621688506385,0.060562561263936,0.05149934308417608,0.05639357825560706,0.020168457733418403,-0.012067653210187424,-0.041856634139276545,0.06682033068488268,-0.018822899955845556
7Networks_RH_SomMot_35,0.03951347182065086,0.08684046216045664,0.12831841123365575,0.12730678083422925,0.14484133582170006,0.2614093385331293,0.14867141350513927,0.18148431494550496,0.28964375307770573,0.2603650767236046,0.20204478586020563,0.18514497490760742,0.41069651058624707,0.28569731195774956,0.2782376824675344,0.18848199789559797,0.21225314233384554,0.33567778926401587,0.4199429462801729,0.4191709076837984,0.3396139900280869,0.34217536098553536,0.37659061439865843,0.5606865881092379,0.36919771721399547,0.3654574548728866,0.44006858480629524,0.47008892659701085,0.40322632977108364,0.4999441237448938,-0.02860097085718718,0.15364816012279053,-0.05152315332992558,0.14815161734071752,0.08485714260243231,0.11383251036748321,0.33973458444419513,0.15729806087966633,0.22675623771283526,0.15540818393132122,0.16367071404484548,0.03948666849756597,0.174964109956477,0.2672465121927597,0.4135546172999146,0.21757692754767172,0.24240866206647815,0.27263731855763523,0.5129305669835126,0.4134578826764693,0.3370709060288178,0.3462935579660566,0.45547016246365274,0.2976352015087578,0.40754296986932054,0.5384140777810638,1.0,0.5547715575748818,0.3508238136351809,0.27029009212231425,0.25944127196168554,0.2322440525314766,-0.11704179080099542,-0.12979316103204774,-0.09165699985193093,-0.014488175733858286,-0.10743528376134463,-0.05352138383676886,-0.0761001888394749,-0.08379035079291154,0.03330942265054116,0.0045286120357111975,0.01271160061160034,0.009259461380133033,-0.0036966915573742537,0.002364610182851176,0.018483090538451222,0.05232504138483704,0.07332704557989227,0.10224441402414547,0.09220952135796204,0.042721947487781776,0.08129731614686217,0.05800830721302296,0.11036781156025235,0.1227252931715142,-0.0117136123193564,-0.05231455720025058,-0.038398580863838336,0.031953156024081,0.00984568679456709,0.01616909448247645,0.02504947861419507,-0.04836421081829054,0.11906797107468503,0.0429615471469701,0.014649276994154945,0.03690952948237409,0.03814215143965731,0.0568034378864087,0.16696634627568857,0.017760831839574494,0.09050445047199031,0.1242128318342093,0.12268676769923105,0.012949412052853106,0.05284880164612457,0.025323708605530976,0.0967559974159268,0.05196517940046207
7Networks_RH_SomMot_36,0.043753488119909964,0.060330117515494046,0.09260371448129251,0.09140909348226438,0.1840756668609247,0.27113786311077964,0.20344372197183694,0.23355671040286033,0.25035300825780005,0.2504470793961112,0.2180522978044124,0.23588775175414253,0.4032705134773209,0.23877582781426868,0.26112936132220743,0.12755755372562314,0.33337108362018697,0.3485644360522607,0.38109194502707927,0.2221497903268401,0.3423380205845589,0.2200250496563347,0.32808688623836435,0.5132631148132526,0.17521789824853157,0.2676374843469811,0.7156436091086466,0.310841718325599,0.1322056789170266,0.6380350608378236,-0.06345390346524779,0.17936253164929916,-0.07379034845372358,0.11001449109656035,0.01951979340041201,0.14377577099628056,0.23001280596453758,0.2298311932426213,0.16559360433279113,0.2535625212826216,0.14552968346895354,0.09253905497798036,0.2095840223824843,0.33351038792288434,0.4235031607071166,0.2821112461056949,0.2137622750136741,0.2592375673585555,0.3672416884720848,0.2300379289984643,0.3616100867881768,0.4013720753784326,0.4124358780822795,0.11718805015813769,0.30277827737182333,0.5035795311084382,0.5547715575748818,1.0,0.0738977300875527,0.20146341360335843,0.46266440974189194,0.28921158175058254,-0.08485245012319537,-0.03231585507879512,-0.014514627201050638,0.03425691994998345,0.005658836203663508,0.04821755641699934,-0.03951332226691228,-0.00669014075819594,0.024831218345114186,0.018730137498119605,0.009312290605942844,0.12190482101783788,0.07665756456563219,0.08592337525235766,0.07914534753882513,0.08661073421617402,0.09730163140936472,0.08403048125339814,0.1027523632394291,0.005557260915663215,0.028444628022639862,0.028726492005505568,0.1065004158853657,0.07945491456817191,0.07855756725015448,0.004145869159718966,0.013453678118811995,-0.010440728124722616,0.0411128041293246,0.001961762189701798,0.09519361022030484,-0.01813400017339317,0.05748127707433509,0.008028387412659944,-0.0037980657111780065,0.004529064133891555,-0.02167859199300565,0.028804144641944016,0.10583278846794764,-0.02732692524343292,-0.012339223312787136,-0.04524065515830855,0.012065475568724547,-0.025060263299711727,0.024824725715690037,0.02536087630184259,0.06964945796477856,-0.0026838894174380326
7Networks_RH_SomMot_37,0.5336451170746994,0.5946635188535676,0.29660079386066024,0.5472254618605104,0.5479312756072756,0.31043847769889693,0.5397510313309352,0.4382908418211848,0.4503947527143637,0.5704631408754682,0.5094627324018369,0.4865471397086089,0.36100773355095467,0.5257101599702084,0.4992987593882701,0.560056402355737,0.4191089574922548,0.5295125561636876,0.5942718380440709,0.7518955314423834,0.5694208442746895,0.7065293576737579,0.6666872313883673,0.3873649855449076,0.8223385298533297,0.7375703985972968,0.29553305629873267,0.7044484737941533,0.8263629433094604,0.3438574061081813,0.5366238776184203,0.3263026817085522,0.4767864129895492,0.6295984474463536,0.5536271795129833,0.5870556085218259,0.2391264093823721,0.5645117587229368,0.5091501735149843,0.5166764412564446,0.36306401654486536,0.4317283899212443,0.5786996247978545,0.5047208247421382,0.44752921038665794,0.5201275920748011,0.6708811232046957,0.6961855566961132,0.6899857232074764,0.788113177934992,0.47058349496418855,0.49776236201250607,0.4232134227883541,0.8338858141849415,0.6839417280153993,0.4297191518090116,0.3508238136351809,0.0738977300875527,1.0,0.7175322647831491,0.4889347432624718,0.6383883276069151,-0.05640672743199913,-0.08739222152710517,-0.0522250088206176,-0.13073773798142602,-0.11415027763933364,-0.03967716703349018,-0.1015666594680629,-0.0845588670196193,0.021975439439876735,-0.019701269128212913,-0.03357856176659555,0.09366911151141225,0.034923421191455646,0.05190840791219124,0.13451409398487657,0.041905204257801726,0.026799766933633794,0.03939820122665493,0.04038740540697374,0.044163217852505356,0.05345929945504347,0.05189973495968576,0.08305136471575147,0.11064404105669351,-0.15696212638773235,-0.12674187885520166,-0.20440065529495277,0.10305456261904873,0.08425655777651105,0.10041747388902315,-0.05375594146842057,-0.055746392473351954,0.11501972855127544,0.08298872053225703,0.03578124789440962,-0.019085137770832022,0.01704827979229062,-0.0032561202909256754,0.16760000807510989,0.06435176038353847,-0.01700831546526537,-0.02340246318649575,-0.0652844475751896,-0.07460701139854095,-0.11798502414848183,-0.16115582820290253,-0.09901049936393919,-0.15675750165552071
7Networks_RH_SomMot_38,0.644639299739424,0.6914370169033871,0.45271584950223015,0.6503511120806964,0.700256512236555,0.42854307644392153,0.7275449308107187,0.5965854307461235,0.6253193103190061,0.7495159504047236,0.6926399133323287,0.6977096479804432,0.4847050687541268,0.639967516697154,0.7142915031419277,0.7148347148416653,0.7100351313532947,0.7945224577049156,0.7440581593927661,0.6177063016279137,0.7623582064794645,0.7345116607158227,0.7943837625791467,0.6071435292352814,0.7384075470266531,0.8527219883757792,0.5408146067337012,0.8151381480542692,0.7500554096650218,0.5068736940645099,0.6062139849699058,0.49839483661670897,0.5427303109466757,0.729331964886063,0.6524879422675689,0.7294946323396159,0.20505480014994604,0.7619601534720281,0.5972527431670331,0.7562395057581432,0.5069084587843309,0.5530943681168432,0.7719293456308617,0.7065284290577903,0.5064999087673386,0.7536364827784825,0.8137547478649373,0.826409783475014,0.7387787644573682,0.7182793849055914,0.6277364457039707,0.7910440296118412,0.4880755458988658,0.8346057234208877,0.7906123266928505,0.5751831689598853,0.27029009212231425,0.20146341360335843,0.7175322647831491,1.0,0.7962276803862178,0.8021226288940818,0.020309871372749543,-0.008423326954848194,0.013372753591298815,-0.08886912535800381,-0.05900462059233359,0.019790366926340654,-0.012278913493835758,-0.021286001358162287,-0.0055845361194702915,-0.01939295648963978,-0.02152747784525731,0.11132103983127159,0.08915770590492653,0.11587075963645538,0.16355025539611814,0.09563512783780428,0.03589845727338604,0.04297518230192567,0.046855274580287314,0.08202169705989962,0.07582461900271843,0.07968178858114124,0.10280598292394494,0.08677020641542571,-0.06259310930990551,-0.04939574126747922,-0.10645110759707974,0.08545012226240933,0.09150214834745411,0.07724097952630389,-0.008417104987059328,-0.018309782315594516,0.06165369475265767,0.05727516773579564,0.034728881786451386,-0.10013337829754188,-0.04163116674999404,-0.05832199841169451,0.09875421163423272,-0.0201335702640585,0.021078303634950557,-0.016473160759936684,-0.05920792084586934,-0.006877785961090112,-0.04900531845568406,-0.098292027143905,-0.034511005431579166,-0.16904485033073488
7Networks_RH_SomMot_39,0.599759039546234,0.598541802329641,0.4598796820404854,0.5888026957212128,0.6736826748085444,0.45073069813558303,0.7351641809812771,0.6057031056910902,0.6356648476545955,0.7339610863476195,0.7078339442741013,0.6851557579528308,0.5302349834029363,0.6199368996173458,0.7145469532612315,0.6651721503219674,0.7901317253697908,0.7835619604608861,0.7478986268263043,0.493947541459802,0.7788641685992957,0.6540297564416124,0.7443624455868317,0.6592602082228891,0.588530629699239,0.7799788780990238,0.7763366723387237,0.7373302918414469,0.55937155039943,0.6971196630425694,0.5068030132065264,0.5182720882148347,0.4313327354408416,0.6477394324924746,0.5808957117613172,0.6959300286959962,0.21318029210964093,0.7791864682181763,0.5401352334625783,0.7821490205282978,0.465061444015293,0.5867170730376657,0.7725843556766594,0.7844280009953023,0.6033698705156784,0.7742076291005519,0.7874707093323859,0.8087815098806719,0.7020901410497347,0.6255894949594754,0.7066631696852657,0.8271733267554492,0.5026948517688778,0.6519543696089304,0.7410162463257456,0.6113055954761076,0.25944127196168554,0.46266440974189194,0.4889347432624718,0.7962276803862178,1.0,0.8082327001669316,0.025716328280303367,0.017592184307273454,0.034094143251787196,-0.04486086439241603,-0.021631860493049618,0.04148207756726865,-0.0038615010083246143,0.0007160595503009104,0.025466640165880995,0.011135914260852198,-0.009006003092884974,0.1536669936675955,0.13807995550892668,0.16164421887180153,0.19131207206649237,0.12920057845052302,0.04405331117148499,0.03409518183645541,0.060777449728799414,0.010613804286923085,0.028287878983482662,0.06300819749867287,0.09917160949776081,0.07215766414648167,0.012718447676313133,-0.012013750859605389,-0.05875353875979219,0.060182307366348026,0.08438425144671542,0.08324550063849066,0.05678154840482461,0.013280190884077088,0.056618726789292306,0.05350512057770254,0.03831630818662952,-0.0597055126944797,-0.019521752351256225,0.0043309612475896505,0.1154324717123324,0.014765716040568007,0.0038375512380914357,-0.05347087807386881,-0.08058187231347133,0.053304697401250954,0.007424410430226383,-0.056330946325902825,0.006221507499062607,-0.18090722771701545
7Networks_RH_SomMot_40,0.6133682553742154,0.6642529941743348,0.4480450891756913,0.6174319898548933,0.6374652959504133,0.36630299722212867,0.6527286230454838,0.5628177970310788,0.5329765289727985,0.6860442118929999,0.5893783700544838,0.6063497161686158,0.45904724765934346,0.6219427581504827,0.6116619444832045,0.6508089476917008,0.6360812346555679,0.6733981069569126,0.6711485487217954,0.5905097529089895,0.6907552102296418,0.7019380891285624,0.6854757864497868,0.537295648443423,0.7048178874730262,0.7794751194552676,0.6136415739693747,0.7362372115083364,0.6903170467680932,0.6729075716315617,0.6158919815984546,0.45646271270266703,0.5143569726634825,0.6462454745014382,0.577464119375569,0.6756295665260076,0.1153244254446279,0.6987845269214159,0.5012748597909548,0.6704187686882663,0.3790107884782868,0.5049888200325335,0.6918022745387871,0.6421671096544477,0.5247165474778911,0.6379702162414936,0.7256065920414199,0.7574442846321142,0.6416006608751035,0.6605587767762005,0.578792067928215,0.673550010307289,0.33164754467890123,0.7983190470870565,0.7323785035037609,0.5384423268989491,0.2322440525314766,0.28921158175058254,0.6383883276069151,0.8021226288940818,0.8082327001669316,1.0,0.06561806374652306,0.026965319664465727,0.04198430808976092,-0.06134954443253077,-0.044946144749150006,0.023659795715462617,0.022448408048525936,-0.0038931558459443876,0.08863203502440783,0.041167287893273015,0.02013221202228673,0.12934803399341163,0.12549043008871594,0.14562920909575472,0.2058751470118929,0.1163223346708968,0.07055654344569415,0.0666552700874582,0.07173068014697709,0.07601784330153087,0.09219300792828447,0.09961567540278062,0.1266410182791212,0.10957481407151247,-0.03675130789803617,-0.03850231014782714,-0.10068131099177399,0.11033899028527563,0.10808452174944455,0.10839352055746398,0.03804163679454862,0.025371800361023874,0.08927058088713978,0.10373352436740119,0.10360235622243122,-0.0031094947780690723,0.042308312320583366,0.0286123393774049,0.1689058866913163,0.09586621044020731,-0.004762722907123323,-0.07144104739830047,-0.061621729770899844,-0.011779286937152933,-0.06075558929311368,-0.08523280001195957,-0.02316983014188529,-0.14013474084167304
C3 GM left dorsal horn,0.002804217754194607,0.0931263062842732,0.03728228315694685,0.02584955939613133,0.04161013547586559,0.08680673330400679,0.07017438097945652,0.04767390241780815,0.029874829279229364,0.05640209567698662,0.015025300587565382,0.11103023823044379,-0.03736176374960143,0.02415033085034671,0.02867324995126219,0.11192788028784556,0.009348950239052632,0.045702765785536004,-0.018579559273280127,0.016849832469059273,0.017326353690766353,0.042450108444610245,-0.003199388216632137,-0.022095091337254742,0.017642181931612353,0.0015169822086126589,-0.0075809433672993694,-0.003679413055770873,0.019628871571220865,-0.013703235712089213,0.09536984188222969,0.008413537598623644,0.03917965943317284,0.08937255512527309,0.055779229770138564,0.09858839377049188,0.00213727409132454,0.0827030390038205,0.0915249851376733,0.07069731534737973,0.060802693379414505,0.02026201059472971,0.05796352113267407,0.06405205242270832,-0.0008516081155654361,0.0626905641466334,0.04728362316620723,0.015441637419597063,-0.0178370195805445,-0.022839621732206477,-0.016521324198399526,-0.0009885558340468415,-0.10987422282415654,0.05886206097682791,0.017405159336130786,-0.0006032331319377604,-0.11704179080099542,-0.08485245012319537,-0.05640672743199913,0.020309871372749543,0.025716328280303367,0.06561806374652306,1.0,0.7323695387510731,0.6269847299121373,0.35807606005866116,0.43916692254153916,0.3729161123239768,0.6767219681102565,0.5878230188560206,0.2587952764042235,0.17366321745218705,0.1935036709142227,0.10366660850971673,0.07884080363494941,0.05720354290812578,0.20864059045403793,0.1572343210085591,0.13122074900316089,0.10550615404456858,0.10402704244183343,0.016702998699828185,0.06265302934065506,0.043405703270031265,0.05943670056308742,0.11086995143408147,0.052750959484149165,0.1271757828183532,0.10909397253691933,0.02830824415220177,0.05962714695876035,0.06474984304971505,0.11871189749814043,0.14450624173305376,-0.14958662899736258,-0.07898448569619565,-0.07637012791106977,-0.0708634198124795,-0.011620140803434747,0.045096670852850816,-0.08940902042156902,0.013365162009168088,-0.06807328358759059,-0.03605854745856926,-0.00021005050975754223,-0.0887484083668066,-0.04581313461695094,0.014951192681124945,0.007888740403586905,0.0958143477088634
C3 GM left intermediate zone,-0.024011769483105436,0.047699119873854695,-0.04815473626961981,-0.011641947973546476,0.006634692628054944,0.02961737968914891,0.005279072035967965,0.03481921414867005,0.012994253132231624,0.013321775606557259,-0.009805179037770147,0.0772075649758523,-0.04711173170840081,-0.00815012395507641,-0.003681404357025878,0.08015727505490508,0.015214282172906024,0.025380392403598115,-0.06263590809214263,0.0014857079982088471,-0.026314330100563804,-0.0015307309975543183,-0.012262573399070057,-0.03444065944708288,0.010065125800685694,-0.011596539405818155,0.010324259454803962,-0.04707139230556771,-0.012640712215988567,0.009617965298366357,0.0132481640039761,-0.029646361520667425,-0.016096678474750315,0.10908372734007238,-0.01940549054948868,0.06421811598207756,0.008488482822106317,0.0549626959034811,0.04097399642994021,0.022748393807472747,0.06965356997462196,0.00866705336617197,0.032455030087271464,0.051358313490140396,-0.0029014679608848726,0.03528393814277956,0.010046737292992203,-0.00990927727746463,-0.05231571386624515,-0.06826972011586853,-0.010993422928181076,-0.03253209935097342,-0.10035747393851685,0.005826966303741442,0.0029806639153739894,-0.040447532466223436,-0.12979316103204774,-0.03231585507879512,-0.08739222152710517,-0.008423326954848194,0.017592184307273454,0.026965319664465727,0.7323695387510731,1.0,0.8802952410038499,0.41161083585316005,0.6728138757377143,0.594342637232131,0.7370674781582892,0.7775709700890461,0.21612047286671993,0.1041115574521806,0.10172464377229035,0.09684791440330195,0.04504901530573261,0.04934280254311847,0.17905926714367182,0.1488789215988504,0.16743826973929044,0.1383403469238158,0.14401013598755427,-0.010463177696152176,0.10156021223382633,0.09726369977328324,0.11412046927963887,0.16637068404687053,0.02970653530102779,0.09489536872659766,0.11365346031467952,-0.02314480367342867,0.06221392442676712,0.04931010263088504,0.06881613353865912,0.12618846347863943,-0.11576661485503045,-0.08153199128842886,-0.024840529688985598,-0.025274186898942595,-0.010176021107674694,0.0682623728061546,-0.08943553294863534,-0.027205639072724077,-0.0701192836810946,-0.05337782739951769,0.08510067012363969,-0.08338136770173991,-0.043267296302559724,0.03013163196908917,0.08349888499912289,0.19003657736265536
C3 GM left ventral horn,-0.015470409823695092,0.04271522765600195,-0.02065484589512829,0.009198050338033597,0.018255477850530073,-0.012398093096671838,0.02642096154164953,0.07251776440845831,0.007255946442710926,0.02541943012794529,0.010081983120024084,0.09129329335360943,-0.033674916348139704,0.022683734678303747,0.046380144360903035,0.10176743800013527,0.024820855987499387,0.048087171369034246,-0.02585019259922005,0.02966458021421806,0.0006880994043827322,0.03245940144583051,0.02291260983288789,-0.027848452324725603,0.04657360161344476,0.007891992325264554,0.014310671423206174,-0.027458715352876063,0.02340339048669497,0.030131371757508258,0.026325395259316077,-0.008942004712866835,-0.05191124832841508,0.12434838935471001,-0.001618568881303962,0.06991508076900954,0.02310787549431042,0.06950275897185837,0.05587184045268191,0.02379517492469172,0.08659661656140079,0.019483381895127532,0.044410669953641436,0.07271997818874879,0.016929289481593234,0.046420972682552915,0.02906001728401491,0.007785013387924619,-0.01761392909698192,-0.038951387266815525,-0.003565048411587057,-0.02023975682067993,-0.06819864760323387,0.021530547113929772,0.029575996054414324,-0.01473003576598623,-0.09165699985193093,-0.014514627201050638,-0.0522250088206176,0.013372753591298815,0.034094143251787196,0.04198430808976092,0.6269847299121373,0.8802952410038499,1.0,0.3484723520945459,0.5648526669104387,0.5379416203385219,0.7037689472005857,0.7670788256466371,0.15723009201997507,0.05062606230582144,0.05949040745723135,0.10645522731981574,0.02466733835750444,0.039536856456262356,0.13139376728361496,0.12726532842368798,0.2022460107274938,0.1640727746597065,0.14504909403189792,0.0066314664160342564,0.1345740336873263,0.1172412203790432,0.13387643891131465,0.17045010926025578,0.018149164092846837,0.04854503162175309,0.08531481567978226,0.005082018532422379,0.07893486653388723,0.08068326213179998,0.05002427096039961,0.10878230068359732,-0.11829835684550068,-0.10653646474697907,-0.037759031258790834,-0.02788671702119552,-0.02243394343863365,0.080722652754393,-0.059945006871297855,-0.03080506026312551,-0.012912000183137104,-0.02219543185527903,0.10748659878374633,-0.09405202274891669,-0.053128642076422816,0.03881439403724091,0.09170770462380415,0.2035464138732404
C3 GM right dorsal horn,-0.1420755756998426,-0.09768542328896077,-0.16796752492394862,-0.12529736987950368,-0.11627452672788839,0.0005321672034293093,-0.06567476261030022,-0.09437240977055401,-0.07136530812323727,-0.09774273365487057,-0.07610471818590107,-0.06764478031839842,-0.14831862747177205,-0.11270931103496533,-0.108392145157236,-0.030983666662212004,-0.023264353407829518,-0.05490322831574143,-0.13711593254574753,-0.14021692405156538,-0.07638195770845939,-0.12600105472907416,-0.12394364252396996,-0.03528896068645064,-0.1367352845403027,-0.10013168945922923,-0.022919420601079717,-0.07811138025588528,-0.10547012945572852,0.023369808837309266,-0.10426816654388951,-0.145986616724043,-0.07535194056582697,-0.07693219443703123,-0.0970897246299158,-0.032194882923050144,-0.0778764042951027,-0.08524128761101848,-0.086466205071111,-0.10230925684062643,-0.09516753949601217,-0.03329017922162331,-0.08795369451338797,-0.0685073367273166,-0.04454195238811799,-0.09197922651067447,-0.058324258034396635,-0.08154637534798571,-0.11360630759273242,-0.13403233108305607,-0.0042550580300381785,-0.0818867879420877,-0.014645448517624792,-0.10541361469003166,-0.06552697680606448,-0.016948652131930458,-0.014488175733858286,0.03425691994998345,-0.13073773798142602,-0.08886912535800381,-0.04486086439241603,-0.06134954443253077,0.35807606005866116,0.41161083585316005,0.3484723520945459,1.0,0.7023288182604788,0.6426137534694124,0.6649391630557312,0.5813528635402468,0.2613921455631845,0.16584292055067906,0.15102832601909477,0.035180993770803574,0.005707758490783043,-0.007155342135864264,0.12229143417866185,0.09789163364625614,0.04181602593288761,0.040009184641003746,0.010918776611019195,0.0032253749721221814,0.07501114199225746,0.06334112501057397,0.04978258941273342,0.07169664067768795,0.10855327544835841,0.0737890796464217,0.07371522987870495,-0.009270689836039691,0.013156468713253253,0.01665026921641535,0.07202270525304699,0.03651538462310338,-0.03131786408646409,-0.0204815781743451,0.07342656706512105,0.06407272174035747,0.05318156934438418,0.10004536064869472,0.034182266429100064,0.016406430451721802,-0.0360854157167733,0.06552328405492479,0.12906641300021224,0.02091728228914057,0.053004306884876784,0.08082583193519834,0.047548588126295,0.11342824130463305
C3 GM right intermediate zone,-0.11156014870927322,-0.04221734558310938,-0.13105600081348412,-0.0824695058115707,-0.08959868947076759,-0.017749881841773504,-0.07253563820412659,-0.09871482806399823,-0.06562129048482208,-0.09857371431737977,-0.05784564236162458,-0.021798236920961486,-0.12426153737663231,-0.1003044557588284,-0.10331515886857426,-0.03019191489572743,-0.05618263815700194,-0.03591697389013057,-0.1463882185785412,-0.09975744924582879,-0.08071669885218771,-0.11197035930664621,-0.08732864397992021,-0.07985282082604656,-0.06723171775066611,-0.07827944197583128,-0.001216207115053976,-0.10556287813719242,-0.10687521056822245,-0.0024128422628477966,-0.052617852204480356,-0.09732398524187877,-0.05226620554299501,0.011142124250757886,-0.07524613550716718,-0.0043312430004513285,-0.06776246412550878,-0.06155451910967577,-0.06703671070543217,-0.07954205765116001,-0.0003058671407448253,-0.034145898521179,-0.03711868767450731,-0.039087364846748296,-0.014811524513832943,-0.0624408269106228,-0.043539060484953984,-0.05654032713753278,-0.13670828364614118,-0.14148442422586127,-0.029643290935857127,-0.08208279088044167,-0.1009533303527494,-0.07251496461252475,-0.06499612670880693,-0.08951088907701628,-0.10743528376134463,0.005658836203663508,-0.11415027763933364,-0.05900462059233359,-0.021631860493049618,-0.044946144749150006,0.43916692254153916,0.6728138757377143,0.5648526669104387,0.7023288182604788,1.0,0.887387465944642,0.7374768375273448,0.8234080584399347,0.21017265327717874,0.1030875350871897,0.08133421025455198,0.04732420629550481,0.004638346221579327,0.013526995165094709,0.1202828451306539,0.10525491639117265,0.07327704264125345,0.03977714805748114,0.04005540804692352,-0.08076568577009842,0.021245381198643665,0.009350305844556827,0.040069495632793224,0.051436902092791295,0.018563796871702294,0.035718583903698954,0.0419013312215179,-0.09685357654211145,-0.030402994866702202,-0.03682623237563839,0.023882303702061465,-0.0048826263130075315,-0.0793262774958961,-0.05938816107852196,-0.015288496959903784,0.013800534033889953,0.016590231284055016,0.08675169976835008,-0.0820929677962161,-0.053354500966338564,-0.10353452062481784,-0.05081481606483372,0.03935375876286266,-0.02106520409023041,0.010872087955891813,0.05467981386484077,0.0418781363690803,0.10104302532938153
C3 GM right ventral horn,-0.03919892570005294,0.0099644513205858,-0.08389255572351265,-0.019437764845621736,-0.0537772547324976,-0.009273362330294748,-0.03614571438249683,-0.035980899493967634,-0.036688279649183295,-0.03909453467535773,0.008049851563966478,0.0394925502214813,-0.039268669630951505,-0.021923125369138572,-0.015568227181992808,0.008839463138127363,-0.011520227618081308,0.024475318956811154,-0.05383847449891889,-0.0486604253735087,0.008104876456882097,-0.043271345737461504,0.0024417677967789164,-0.015498880022837915,-0.0023432057260338555,0.0044760376984505695,0.03577049374413164,-0.01931561429984547,-0.02294227307898989,0.046680790973307754,-0.014842710969388348,-0.061189193099709986,-0.030601436205605657,0.06772098841691628,-0.0035023284467967423,0.040021338693036514,-0.03595497657295719,-0.011592097464610259,-0.026656210635221035,-0.010447122898307782,0.06113732221299509,0.016931572320451647,0.04193514614719266,0.03161476266534371,0.0487365916610098,-0.008256872238139668,0.029818035682783312,0.024324295314245667,-0.07025805856990326,-0.07340156861582216,0.01119413661441146,-0.02368726945397765,-0.037463240205414285,-0.005185151027893059,0.018977517307268814,-0.024716753728370358,-0.05352138383676886,0.04821755641699934,-0.03967716703349018,0.019790366926340654,0.04148207756726865,0.023659795715462617,0.3729161123239768,0.594342637232131,0.5379416203385219,0.6426137534694124,0.887387465944642,1.0,0.6892897382551967,0.7843285886500875,0.1231395111413192,0.04913678528952537,0.03930692243315715,0.030905900235710628,-0.015110474550564808,-0.002749721944412086,0.08035130954370324,0.0698022151772182,0.05327389753894108,0.0227981302631513,0.008037197901751853,-0.07034074142079197,0.009502363016014427,-0.015738870943747377,0.029972313749383233,0.014029665721733526,0.009543660435995383,0.015555745933098502,0.022522558293031073,-0.13167192504065017,-0.06403673541805519,-0.060025107115753436,-0.007469330298603541,-0.01818362342578795,-0.10839267395959334,-0.10300378127666875,-0.04625141792588973,-0.034283001481449284,-0.03162857738285062,0.051459763504306394,-0.09117048581412375,-0.08103422782962,-0.07326581317156376,-0.041734292696165076,0.05631783309158953,-0.014838509165920008,0.017344615903133874,0.06641194326258665,0.046244385433932333,0.1226109036217104
C3 WM ascending,-0.07701241856661178,0.011205408745666244,-0.01655808783783829,-0.02595570737012373,-0.056812182903792974,-0.009361745062851711,-0.008096839226094863,-0.0285452308135099,-0.03869651640377987,-0.03699239321983755,-0.05034233213392986,0.022551465671987847,-0.11502461926840875,-0.04660607962693656,-0.0469992875035565,0.08277752720718812,-0.002529355238290407,-0.0012566333815449207,-0.10212965665971575,-0.07085422888049892,-0.041889881926052475,-0.04209631996100156,-0.0706873840504489,-0.03990691457552796,-0.014346239517712842,-0.025669762873442525,-0.01300288843101356,-0.052230205986213515,-0.027212486538180616,0.025867330155253554,0.011060442032012176,-0.026546489073638272,-0.02745283747696096,0.03796044625720927,-0.04337588452426447,0.02253818872900373,-0.07172207402265697,-0.016507346846036348,-0.010379231836071262,-0.03867745530772849,-0.014570034073798359,0.027504188271241375,-0.03113916888119828,-0.013425265759480907,-0.008607055558600245,-0.014334077240142604,0.00029200935509293897,-0.022004832115400996,-0.08309237160793882,-0.1158250938679956,-0.009364915519058315,-0.04657570379702375,-0.0935396936014433,0.00590691370319365,-0.0118617490641736,-0.04844600468913348,-0.0761001888394749,-0.03951332226691228,-0.1015666594680629,-0.012278913493835758,-0.0038615010083246143,0.022448408048525936,0.6767219681102565,0.7370674781582892,0.7037689472005857,0.6649391630557312,0.7374768375273448,0.6892897382551967,1.0,0.8138047982057649,0.28694698555466946,0.15589517800150837,0.1594536330800685,0.09971272974168556,0.02685696116674946,0.01048897497329019,0.16205958575304055,0.13972954013755265,0.13836371068423026,0.12356937173714681,0.0981731205340352,0.029213522579382346,0.10920352981363797,0.08723796353207323,0.09459134761546814,0.13911932403771146,0.0601583613006694,0.08641116145403621,0.0830933430612019,0.0022121718027411784,0.04834508891926788,0.06891159641729598,0.08244848651625179,0.10024185456143277,-0.08799416595988703,-0.07063667307358566,0.0018332800959679073,0.024844859504720138,0.036497915446092766,0.11342610240701671,-0.0094904327949105,0.025634265747491173,-0.05303146916712433,0.010081530923507082,0.0924062424273934,-0.05332527793267656,-0.003517790569273261,0.06363756599021776,0.041421726539067415,0.1424101717754914
C3 WM descending,-0.07373835481334302,-0.0014294771488699927,-0.09312356812030799,-0.03882087210090372,-0.06302515735603965,-0.02177282739499701,-0.04085967535124567,-0.02993382268312778,-0.05278485527638998,-0.05646836422063766,-0.037796521330710604,0.014691277330115644,-0.11470053543714827,-0.06150189458827311,-0.06113548304620718,0.046359397728237425,-0.0321503213837442,-0.004790191705036444,-0.10822482243099617,-0.06687225712101583,-0.05971379842736359,-0.059107283846347884,-0.04882965950683519,-0.06913444677258068,-0.010214719640508702,-0.03702809821436397,-0.012926218081027412,-0.07019670769096746,-0.043950357064166945,0.011432105242583621,-0.014566999420698624,-0.04096920231830738,-0.034601988756584046,0.05027786654995979,-0.04630056000303223,0.018050759771062557,-0.05358392062141553,-0.0192383245447993,-0.02926805149895063,-0.05046798684396258,0.033051869462417276,-0.00408574383917545,-0.018007727907229872,0.00806058874364158,-0.022420539511018522,-0.03954860757879584,-0.008456132362414102,-0.032886509175819416,-0.08436878702824539,-0.10433883392689687,-0.020749371752641212,-0.06535200926511192,-0.12401565223263122,-0.026191948049841183,-0.004626605354322664,-0.06605585351641308,-0.08379035079291154,-0.00669014075819594,-0.0845588670196193,-0.021286001358162287,0.0007160595503009104,-0.0038931558459443876,0.5878230188560206,0.7775709700890461,0.7670788256466371,0.5813528635402468,0.8234080584399347,0.7843285886500875,0.8138047982057649,1.0,0.20780203639316333,0.1103223388851863,0.11142172337504243,0.12064223283228578,0.05397511778253597,0.07059221977720084,0.15550555078047865,0.17096768583966293,0.16076069264855722,0.10600436130879722,0.0851885810322734,-0.04855738071959313,0.08299674717813735,0.0436133148252135,0.09440225470895973,0.07781617706003563,0.02302929917181408,0.04108458673707353,0.05611966746541516,-0.053553762498997216,-0.0012710794957308095,-0.00028883324120111264,0.03325162128186606,0.018540072426375887,-0.0918527489963321,-0.09882571148919131,-0.030472136841454146,0.0019522421497722932,-0.0046589400249715555,0.0973956631269787,-0.045367422461406376,-0.038136115073009964,-0.08103754301021875,-0.05516199455699468,0.0556894736117551,-0.06258357720065684,-0.01181508039735622,0.09326034043059495,0.06846342375247595,0.15651554902954193
C4 GM left dorsal horn,-0.07426107847026475,-0.028365689944157998,-0.018587246197994896,-0.011743156157696912,-0.028064057971477034,0.030260437036637805,-0.029297854086899534,0.00012112568878869636,0.012707464534992944,0.01518317583319053,-0.034566221435565356,0.025030273168769313,0.013050412515280758,0.03450261579043096,0.0018454684828942535,0.007861594072734786,0.0063858516816851455,-0.0005350737523746225,-0.00401793768296107,0.06937039974845366,0.027962254770393213,0.05380842328161061,-0.011233857834335547,-0.08084565672728543,0.010872760762223935,-0.02577598680269845,0.1235464073082085,-0.027188020160329278,0.012959303646911639,0.07120235363971826,-0.04566649048325114,-0.1284615464889821,-0.03808006186981102,0.005085414771470804,-0.061292873670970416,-0.016652471866824385,0.008602670907473202,-0.025056251262653144,0.031756487191468716,-0.01826482008164925,0.023568425278928665,-0.034381440819206376,-0.018954347624262294,-0.016195583689446597,0.08295477702229219,-0.009663308258143887,0.03153444955605969,0.004156540008093181,0.02516801631894243,0.06280743592740248,0.06578723601507343,-0.014434693640574673,-0.050509881217320855,0.04291391079024787,-0.031394593074647995,-0.05149325571506352,0.03330942265054116,0.024831218345114186,0.021975439439876735,-0.0055845361194702915,0.025466640165880995,0.08863203502440783,0.2587952764042235,0.21612047286671993,0.15723009201997507,0.2613921455631845,0.21017265327717874,0.1231395111413192,0.28694698555466946,0.20780203639316333,1.0,0.7679797122559061,0.735459809643447,0.38654839633635857,0.3937052267221645,0.3204721020801797,0.672840656059013,0.5601502307719671,0.2687038391419778,0.2927651149799603,0.2758807753956665,0.14947226048383067,0.23701424631812382,0.19313257163555886,0.30089688880281235,0.3318077645386702,0.017206708628600412,0.09833331709905684,0.07851250368779031,0.14414176467202805,0.13851759260436833,0.13464366966507746,0.15180651958295746,0.14385981888709357,0.09347080197869033,0.11211290434978019,0.06911366956731924,0.08599955566909298,0.14228034265071687,0.18923361513433495,0.1767003775324349,0.1786469485898717,-0.0964912675477744,-0.01832410016956622,-0.02439238363677682,-0.047270002084608014,0.01395340474522513,-0.014353424323885616,-0.02939921966509381,-0.05465897085972582
C4 GM left intermediate zone,-0.0515322590209088,-0.04078424528624939,-0.054030647902549134,-0.024235769968423596,-0.038805943454336744,0.007327187871176365,-0.03279481736860325,0.02204642802850709,0.0161610503237492,-0.001123104993398086,-0.01832665923974367,0.026555836126085343,-0.007832648313209468,0.009692404766655052,0.010062000779794272,0.01732402581426754,0.012362550786843788,-0.01374305625976151,-0.012448747166967313,0.04203140926497241,0.038882070076522474,0.019501846584116727,-0.022266589217467984,-0.04185521399066035,-0.028926469616732044,-0.03849177321346453,0.11556144732235846,-0.04507890238378628,-0.019429984977248998,0.04733605761124524,-0.07085424503064926,-0.10584320381083277,-0.025255808378007526,-0.007020765346345874,-0.04582392866272549,-0.03248109850193585,0.005424080657815411,-0.04095473421477903,0.0021240824594361417,-0.00013529248858377898,0.03315876335740884,-0.017834717074481105,-0.03089440820170068,0.005107632147537442,0.054478398233684604,0.010439124858142291,0.012473366264828296,-0.01384838905544739,-0.007905311443533172,0.03129874409969499,0.03559873313146911,-0.00342694222966412,-0.052513612331790395,0.0009131835268943867,-0.05451786396380817,-0.04170552831160317,0.0045286120357111975,0.018730137498119605,-0.019701269128212913,-0.01939295648963978,0.011135914260852198,0.041167287893273015,0.17366321745218705,0.1041115574521806,0.05062606230582144,0.16584292055067906,0.1030875350871897,0.04913678528952537,0.15589517800150837,0.1103223388851863,0.7679797122559061,1.0,0.8710815937034632,0.4471162905282373,0.6159389904773392,0.4872544930404296,0.6889960175630171,0.7381622411891339,0.29889274572322166,0.3343157884581997,0.2952590121784473,0.0956751135925038,0.22034995008798777,0.13290591787718972,0.27461553027670943,0.28054760338835827,0.045612706853384796,0.09749641928894597,0.10825766880439101,0.0639828580066269,0.07566366777479876,0.08942095693299898,0.13893782830283147,0.15170498775039587,0.10292272037656534,0.12519517783464304,0.11657808581419636,-0.011418917155828236,0.06105693390578417,0.13028755335714834,0.1307753431965696,0.19517349875264464,-0.09357345861551,-0.031320385607463024,-0.057421366225672135,0.052731156818705494,0.0580947641619372,0.056849558433536757,0.015507700928865024,-0.02464824740529101
C4 GM left ventral horn,-0.04968072849513648,-0.05594409440089133,-0.03382580260809076,-0.03184337030338715,-0.0342611972368321,0.01874188795661595,-0.03845259799460005,0.03417675348015916,0.018589179318406226,0.018452294296035048,-0.03430190758339769,0.04511543996242336,-0.0021533222903470234,0.027656819131114282,0.019720041683955934,0.0038907723780686743,-0.004817185876235557,-0.010095741460746821,-0.004890810036866817,0.03570976347826162,0.04334533833149598,0.03119499225474513,-0.03876436535827141,-0.04567642960350601,-0.03922298339971365,-0.04475698911421038,0.10732405030077406,-0.054020192172909536,-0.026585657515591048,0.034266325595139466,-0.1072852802217382,-0.1252816564882662,-0.05062337282681286,-0.020504117938371997,-0.09341790990680297,-0.04975957070934333,-0.005592182784686868,-0.04641148327547592,0.018420958585731534,-0.012601609991583888,0.0462192482364141,-0.06262258372674397,-0.022385598964577924,-0.002019024887991523,0.036972410753525684,-0.0007728440769287525,0.0007978277241310454,-0.028540408679196067,-0.012576898197745294,0.0207582259579664,0.04456853470299429,-0.013650626852288107,-0.04871359669909577,-0.004837002535261958,-0.06948112801251514,-0.05824851829028575,0.01271160061160034,0.009312290605942844,-0.03357856176659555,-0.02152747784525731,-0.009006003092884974,0.02013221202228673,0.1935036709142227,0.10172464377229035,0.05949040745723135,0.15102832601909477,0.08133421025455198,0.03930692243315715,0.1594536330800685,0.11142172337504243,0.735459809643447,0.8710815937034632,1.0,0.343107149346665,0.4493607065191894,0.35276557114544665,0.6330093901997673,0.7079470699166756,0.28858551518625825,0.3155883343904344,0.2864972522128851,0.13687726819669618,0.23116461066010716,0.14134368880059323,0.28205556063037457,0.2716046740166724,0.03351346566730391,0.10010621214435654,0.09950135697143399,0.07776438522713315,0.0962653435658117,0.09382407474614234,0.14295608589992997,0.15544491617020614,0.14358343539620477,0.16599258489951135,0.118041602536089,7.922559862085008e-05,0.08880886604246915,0.13731923338848107,0.15480935174027632,0.20534765612247682,-0.10395257912727057,0.00151295102096459,-0.052819963919184004,0.056592254972053106,0.08439975315101689,0.0740195470215101,-0.007296791122030969,-0.007890252946389458
C4 GM right dorsal horn,0.028764435409490106,0.06471479996770935,-0.016811069551363217,0.08779424318240912,0.1030285244629619,0.12473420135606679,0.1292059181181967,0.0696074827817093,0.12031604640971075,0.06113309802037373,0.14452061832078122,0.07814895058546525,0.018147099746534126,0.03071233182501336,0.08902787879313613,0.052754550407741026,0.11709333335859812,0.1001933186329256,0.10412775934026677,0.05506873922519388,0.10064213041154091,0.06017503385201841,0.103646997970641,0.04786791636342023,0.06524804805558714,0.06850685709415598,0.21500563605391865,0.07370515443559969,0.04640128803387685,0.07792052021855471,0.0592548347546671,-0.0014387854767906399,0.0859075819432425,0.0825909624473651,0.05442615900328541,0.11280419773425249,0.08540761117423709,0.14351431371779205,0.056925675758385336,0.15899524467876047,0.08149817579301401,0.10469007771729255,0.08927674296355577,0.1396635553500213,0.13273470200213466,0.13208052985138924,0.12174907249511181,0.10834010519776455,0.13590578659157793,0.124293108705227,0.09771548289864453,0.1365267067335097,0.05843462928808093,0.09858742625711042,0.09589542641485863,0.04284266361949781,0.009259461380133033,0.12190482101783788,0.09366911151141225,0.11132103983127159,0.1536669936675955,0.12934803399341163,0.10366660850971673,0.09684791440330195,0.10645522731981574,0.035180993770803574,0.04732420629550481,0.030905900235710628,0.09971272974168556,0.12064223283228578,0.38654839633635857,0.4471162905282373,0.343107149346665,1.0,0.812744953738094,0.7344899218300467,0.7404210596264982,0.5568708936207148,0.24588863466722963,0.18860475324356493,0.2194743227060598,0.1552338619650337,0.1466973849341251,0.15621521278827719,0.2652530601613103,0.2089124813634464,0.06571891321932782,0.10395010195069569,0.10121534219844126,0.0833744085042806,0.1420770377340336,0.14550239265436718,0.07731790605348111,0.16994382355635942,-0.0072311641215451194,0.05006102784239044,0.01688713264406841,-0.07316453406747617,0.024456337095907985,0.06343335366907722,0.08546693046111364,0.11678831412718906,-0.047800294404824924,-0.03801413208143405,-0.05818380284676318,-0.002004842081227099,0.020003490755097653,0.02688925931470166,-0.038442478073311,-0.0705594438336409
C4 GM right intermediate zone,0.014451110515288981,0.04372364972829072,-0.022904392008271414,0.05191381239785524,0.07195925130927894,0.07702371467545233,0.09332710449182066,0.05011015282213933,0.08224803678248323,0.03494773277754538,0.1100717243763141,0.05529945701685121,-0.024700759453766232,-0.009589527011700077,0.054881568704531994,0.060239036739791134,0.10160492512056234,0.08115687585532182,0.05042945506228583,0.032972870665563904,0.08503280103624539,0.030983889906892888,0.05959800985802034,0.05978365406209965,0.04575209204010254,0.05366238605209689,0.18168307457072752,0.057550428814335176,-0.0029750139519122217,0.07994716902443119,0.030409200287393138,0.024297029124698763,0.08259993298214438,0.04568247138032269,0.07030426873573525,0.06898287872993196,0.028556605981613466,0.09169242203902668,0.014803444221184176,0.13760201984650097,0.04189890690362418,0.07263845436072178,0.060024448458740574,0.10650325109993755,0.0796982246497875,0.10428287389156844,0.08906658898028634,0.07639226607724334,0.07371952285526336,0.07934247520320355,0.047071473038337294,0.12409927705080286,-0.0014521821248597404,0.07516042476497083,0.07809493992005972,0.06161716329782285,-0.0036966915573742537,0.07665756456563219,0.034923421191455646,0.08915770590492653,0.13807995550892668,0.12549043008871594,0.07884080363494941,0.04504901530573261,0.02466733835750444,0.005707758490783043,0.004638346221579327,-0.015110474550564808,0.02685696116674946,0.05397511778253597,0.3937052267221645,0.6159389904773392,0.4493607065191894,0.812744953738094,1.0,0.896237753065149,0.7343676010380533,0.6922734749708903,0.2804335425554196,0.2492858120819176,0.2531100787076279,0.09499267880654638,0.14606905506450904,0.1252309142277575,0.24081416549779455,0.19050946073563393,0.07716912429915614,0.0738135334407341,0.10400623414264,-0.009750748583755476,0.022770904948685364,0.05324750387419053,0.05339392295434975,0.13248592739362156,-0.017628764043117334,0.026687313303123045,0.02663749661367707,-0.09524190968882171,-0.011064240280057628,0.052561384410924,0.0378254756874229,0.11460346125434376,-0.020526539112127314,-0.030853474835658805,-0.03773350399402337,0.051351859238024766,0.05718392809787421,0.07993882305152328,0.04750185665357293,-0.017361765836350455
C4 GM right ventral horn,0.04639162962085172,0.06383808759537196,-0.011847898319551653,0.0645862143319712,0.09204736561641196,0.074591759783371,0.12030548263279998,0.06630596406935389,0.0919738789671269,0.05387554967224074,0.13603261996466734,0.07703272814021962,-0.009783278835263039,0.019277580026569194,0.07855428119364433,0.07075846481905082,0.11952998769434435,0.12117868677414854,0.06967965852993377,0.03854875047758907,0.11160148623940662,0.05246212761910691,0.08093309338057647,0.06436876011974133,0.06446780176976384,0.0763912293099934,0.18139107976632102,0.08033213733734512,0.01491907551447362,0.08217896570826491,0.05147003101216107,0.04859596331816232,0.12178045747000146,0.06596749152024253,0.08935187407387038,0.09865723324171263,0.03910218673980243,0.12008576750951777,0.040169057208068196,0.15630253139150166,0.08004744446077526,0.08029986482120595,0.09499831951249328,0.12424641305204667,0.0953941056179107,0.119435994021105,0.11688569554579896,0.10392257022960712,0.08851586136921477,0.10202225027881592,0.04899924504218435,0.148238028613144,0.01138739329780487,0.08419654184807089,0.09457252416005496,0.07371133527374385,0.002364610182851176,0.08592337525235766,0.05190840791219124,0.11587075963645538,0.16164421887180153,0.14562920909575472,0.05720354290812578,0.04934280254311847,0.039536856456262356,-0.007155342135864264,0.013526995165094709,-0.002749721944412086,0.01048897497329019,0.07059221977720084,0.3204721020801797,0.4872544930404296,0.35276557114544665,0.7344899218300467,0.896237753065149,1.0,0.6849992115567973,0.7032026559215596,0.2880955662335972,0.25701595041412156,0.2570393253942145,0.07322165388898318,0.15380654067170088,0.14756588722799108,0.2372426929568579,0.20061356991679347,0.06200439771326808,0.023690776853124568,0.047880757634143865,-0.015120096722396188,-0.0011321252178979856,0.025378048872488086,0.0342940792701356,0.06661506937600126,-0.042606840724188036,-0.00039694659747640723,-0.022186738092320336,-0.06708979754832879,0.0011308343332411932,0.07153354275966683,0.011212487722004049,0.09786545460790139,-0.019167999789060825,-0.048012702916544345,-0.04353676733428158,0.04069540511689029,0.05904950010240145,0.0936457882467486,0.05858643738564975,-0.0015208484177256227
C4 WM ascending,0.07421320550930956,0.10684838411726397,0.019525128220166294,0.12454862382682866,0.12506251624179993,0.11985476425688839,0.1300623854073767,0.12278631582027852,0.1440841865450374,0.14298172936852924,0.13015764355246892,0.12652301181486175,0.05886445902122532,0.11352730595200924,0.1281997490596192,0.11083115566992535,0.13814322912521773,0.136262453361171,0.1253712981610394,0.14372591102951535,0.15982567927656394,0.13638339791825455,0.12366499788136878,0.056073810092968156,0.1262677099107443,0.12066364156710001,0.24497324835303028,0.1015634644794541,0.09843442649454197,0.13394986087217023,0.08768363517253103,-0.026681078374727715,0.1363469821474446,0.1380397595113844,0.09256529274011069,0.14285551815532774,0.07733038072603161,0.15319230565307207,0.11980921733146845,0.17630082817164291,0.1251098095811608,0.09409869842445401,0.13417440114726414,0.15317690245908275,0.15915297998766859,0.16280494083396177,0.1752131150979564,0.1502591490923538,0.1510127165174038,0.1658089280889976,0.12965097273396006,0.15557055724029242,0.0230067234014285,0.1775195505869454,0.10749104410260937,0.04330973853042897,0.018483090538451222,0.07914534753882513,0.13451409398487657,0.16355025539611814,0.19131207206649237,0.2058751470118929,0.20864059045403793,0.17905926714367182,0.13139376728361496,0.12229143417866185,0.1202828451306539,0.08035130954370324,0.16205958575304055,0.15550555078047865,0.672840656059013,0.6889960175630171,0.6330093901997673,0.7404210596264982,0.7343676010380533,0.6849992115567973,1.0,0.7477742275407372,0.30091394609746325,0.2619119239511497,0.2764280983380052,0.11716179447384885,0.17582410888937497,0.16248329987035642,0.3123017227313462,0.2782092345636125,0.043844998532989,0.10431771958904902,0.11011848613053064,0.08215107336424148,0.137314311198409,0.13943541821054106,0.12703036308999763,0.18456787199624822,0.07125651043587754,0.08918925879701822,0.04342116026289663,-0.06105129628458038,0.03835191465402769,0.09822566435298756,0.11730431652645204,0.1487574397820355,-0.07155883255961058,-0.05265398737076345,-0.07735227258502564,-0.01722850810884887,0.024463677231775723,0.023137959805861287,-0.03938390985367155,-0.07837491112886714
C4 WM descending,0.040878025567711834,0.024619536790522433,0.01043443416026171,0.04535674541820119,0.02902565278420001,0.05898591944855954,0.05439636592825602,0.10200247461815541,0.09118732417448716,0.07276192255739446,0.10524321648034246,0.08788344501226603,0.02191062909216996,0.0700354308833376,0.0921329843374143,0.08370507986620565,0.10390782500012904,0.09930533513657284,0.07845339557689865,0.11035546169510863,0.1377402855028747,0.10649393246908766,0.05641841420035739,0.059608100308355914,0.059599367077919574,0.05602014868774127,0.2058843452775138,0.03150050906360195,0.027438820651826172,0.10389242761259086,-0.0042378685972682744,0.011843734119848978,0.04662343482704805,0.07130115760797694,0.038106375069194696,0.04616115728471651,0.09394232848573923,0.0733330838821983,0.072091281336793,0.09067574781128547,0.13274761360377157,0.038604342947212,0.06612194958069978,0.12116449457417831,0.14362283485311722,0.11784951864975313,0.11190703423125342,0.07220809801552501,0.11002277128699606,0.12046052491984957,0.12320565266419964,0.12243990718392349,0.0006996637282318126,0.07770326469461222,0.04716846336369522,0.025458711482997075,0.05232504138483704,0.08661073421617402,0.041905204257801726,0.09563512783780428,0.12920057845052302,0.1163223346708968,0.1572343210085591,0.1488789215988504,0.12726532842368798,0.09789163364625614,0.10525491639117265,0.0698022151772182,0.13972954013755265,0.17096768583966293,0.5601502307719671,0.7381622411891339,0.7079470699166756,0.5568708936207148,0.6922734749708903,0.7032026559215596,0.7477742275407372,1.0,0.31560434872285437,0.3302119332955684,0.3196714312737771,0.10930698567787892,0.24752916873281572,0.19509250078363624,0.327046234333865,0.3144719246725364,0.04919251341304749,0.062375794963493394,0.08924861064528482,0.061622854758297436,0.08553445402763427,0.09754936542962148,0.16706157249578604,0.13248185090690576,0.06488057523522005,0.0808145168815738,0.045295170463217294,-0.016470596242400975,0.05397431761850216,0.1461214944858594,0.11419560864285216,0.1921763108767286,-0.09759120365497047,-0.04848322367926067,-0.060605940454776075,0.018490988605238273,0.045902293829706994,0.06567542396957174,-0.0060609556582089065,-0.009861566302383254
C5 GM left dorsal horn,-0.035977863001644184,0.01796390944463473,0.03702060266049952,0.02541275283417287,-0.005820352157128758,-0.07448662574513393,0.031615995151991656,0.041763453649162625,-0.00877471561421076,0.06233139782253747,0.03139989270226194,0.05957950671079929,-0.039160568061969096,0.028995793672002196,0.03713663787585137,0.052113840432312694,0.052192036964341076,0.044048599188770805,0.031768950457586854,0.0665991937130997,0.05668320525907232,0.029012965462306615,0.027116448346542005,0.03660106744546276,0.03486589732909038,0.04073505867449502,0.09157832310936254,0.022484413164637916,0.017975547600498226,0.08900197861985756,-0.004825210305836853,0.008468363261762363,-0.04096948851684612,0.03100619508050721,-0.006417051219218642,0.03531029515481756,0.09892148658745244,0.03350351956803701,0.03838417038483811,0.019709188716281495,0.07771316375759736,-0.08606614587023001,0.020497334291876463,0.08349277655034924,0.060823026499127165,0.030735505876293534,0.020565684775230693,0.043582054244231366,0.07009296076633553,0.041467650393870535,0.036360223274561086,0.0015719404367762178,0.030593773809765086,0.06495130868920818,0.05740125329631503,0.02223953970488242,0.07332704557989227,0.09730163140936472,0.026799766933633794,0.03589845727338604,0.04405331117148499,0.07055654344569415,0.13122074900316089,0.16743826973929044,0.2022460107274938,0.04181602593288761,0.07327704264125345,0.05327389753894108,0.13836371068423026,0.16076069264855722,0.2687038391419778,0.29889274572322166,0.28858551518625825,0.24588863466722963,0.2804335425554196,0.2880955662335972,0.30091394609746325,0.31560434872285437,1.0,0.8383960483352173,0.807010585832437,0.32388097551880096,0.4937027962352384,0.321082743034155,0.6948843412874244,0.6051491841799274,0.04040061649942261,0.05534400831669557,0.06995802724815643,0.006278816977034703,0.06969497329830235,0.10415516682222264,0.12752276541991278,0.08989571594348408,0.11277295187080048,0.05269257779512384,0.10466773939169664,0.051663969540584664,0.05174654528184866,0.13247538564392677,0.09772595475987175,0.14251675099312536,-0.06690916557110424,0.03676947758061627,0.0030527751060807186,0.03942330287151217,0.09553532382555345,0.1340685021650353,0.033694379228157066,0.1308492838675599
C5 GM left intermediate zone,-0.034785783157994264,0.03548351826543191,0.057376643973202704,0.04543343654053528,0.028443120960087474,-0.027862501082049025,0.04685528202695041,0.055813044062707394,0.024881270344632705,0.075219963775348,0.038201944526407974,0.08137057670250594,0.024827124980697786,0.05865233525609524,0.056257442362332995,0.08126096945453987,0.05695080126259879,0.058210119681345936,0.05256358291830249,0.08519860712145864,0.06426531019562677,0.05684773284085461,0.055587255803453285,0.06960516756068036,0.04431288788697981,0.04450522448198334,0.10359754911423184,0.042432652859275506,0.054092251655628094,0.07108087878557595,0.006425977358207577,0.015049363061253169,-0.01599861073463634,0.0658641155516734,0.023535191883498965,0.02804508843173168,0.08928722428010777,0.04091351063511948,0.05638805848447694,0.007599388821494742,0.078555958613951,-0.061074178677343195,0.03306966311184952,0.06965559451031937,0.06906314262284476,0.0638858253178093,0.03765184620299815,0.04445659155926395,0.07915232374119056,0.05773769744755192,0.026220814168474427,0.010751815504919878,0.04616446028060552,0.07902275654317589,0.05688894516203184,0.04271867226403066,0.10224441402414547,0.08403048125339814,0.03939820122665493,0.04297518230192567,0.03409518183645541,0.0666552700874582,0.10550615404456858,0.1383403469238158,0.1640727746597065,0.040009184641003746,0.03977714805748114,0.0227981302631513,0.12356937173714681,0.10600436130879722,0.2927651149799603,0.3343157884581997,0.3155883343904344,0.18860475324356493,0.2492858120819176,0.25701595041412156,0.2619119239511497,0.3302119332955684,0.8383960483352173,1.0,0.8490839487418911,0.3613706844601561,0.679309206569977,0.4663910544429078,0.663857426318041,0.7493771790162385,0.09291027663520986,0.1447937741494363,0.14171312112832088,0.05106195629752376,0.1303939224581116,0.13793842828301406,0.1728970710168319,0.16977318169946776,0.14408582749326698,0.09125810766396426,0.16938156758446418,0.01972850644447949,0.00814454646931001,0.07101471339904639,0.11032362333632359,0.13714766632758554,-0.09249522689254591,-0.034828547811872314,-0.04935667085383276,0.0030163030871003197,-0.037357234292414575,0.005529253806843124,-0.013672503183808622,0.037832631026145425
C5 GM left ventral horn,-0.0020357644583807065,0.0260974417011273,0.04981335409703684,0.06767867284637444,0.014142661528551903,-0.045712397153176425,0.06229558433915556,0.07595735148865561,0.05542194716377951,0.09613566268329474,0.03958382022982631,0.0831257340784041,0.04361492441808723,0.08218812886969012,0.07980075619950942,0.07292333213941317,0.07932057141873862,0.06235461023243353,0.05287064054727481,0.09453346619972308,0.09808684308712076,0.08137966783403386,0.06571865311503558,0.0713915120473806,0.047435313659340284,0.07534360307781048,0.13582865745806494,0.04459177630523344,0.051326600786705805,0.10234018724704097,-0.02073879999978405,-0.008162359406345665,-0.02372329414175675,0.06481977106173355,-0.010867855752916959,0.03926515043495445,0.09858873922755401,0.0633234823710555,0.056385723558164944,0.04056938680281488,0.08273778937563767,-0.039420576776391096,0.038772601254513574,0.07091574389658667,0.1064011082764706,0.06542628079296905,0.045149023301432625,0.05548828550682132,0.08133144390615644,0.058410162376943436,0.05041728180530965,0.03608731357481718,0.04377146940680257,0.06850670627882283,0.05092936283838976,0.034116145155186677,0.09220952135796204,0.1027523632394291,0.04038740540697374,0.046855274580287314,0.060777449728799414,0.07173068014697709,0.10402704244183343,0.14401013598755427,0.14504909403189792,0.010918776611019195,0.04005540804692352,0.008037197901751853,0.0981731205340352,0.0851885810322734,0.2758807753956665,0.2952590121784473,0.2864972522128851,0.2194743227060598,0.2531100787076279,0.2570393253942145,0.2764280983380052,0.3196714312737771,0.807010585832437,0.8490839487418911,1.0,0.3395410550442429,0.5288140748381288,0.3830359056521301,0.6783276307757825,0.7438204470653604,0.11712656526939559,0.14362405578144538,0.18247137798287502,0.13423184930309198,0.18952739333077429,0.1932389876726297,0.24644232566622215,0.19707732792013935,0.08410278049385164,0.0779641571273209,0.09156490968436692,0.03477309279758205,0.051886766849278225,0.11816574774140727,0.07239507641284647,0.13526470545827707,-0.08245642339129183,-0.006390471373974601,-0.032016788750994465,0.012063787484160345,-0.001088790696535084,0.04056356162490238,0.01695050197038375,0.046990923711491654
C5 GM right dorsal horn,-0.018840737500991318,-0.0028091558975414095,-0.011921719868614162,-0.008972914687671247,0.008900125630639787,0.008920910296117154,0.05900533462848431,-0.06687239819310906,-0.008512844148666265,0.011159679472848837,-0.07562671537830536,-0.005179479031235702,-0.07050569622916421,-0.026640824237687582,-0.04603096469349472,0.06631529470336016,0.05328871034952617,0.0073291005159024005,-0.053689770801091476,0.01768788393812641,-0.048348789940141475,-0.03957170352595808,-0.017483800527271047,0.017594325322327468,0.04268054913330393,0.04592853244208897,0.04428254074864895,0.01661484701602692,0.032408844823680116,0.03230501774548793,-0.03414563827531418,-0.02766977843360909,0.0010165394813930549,0.0272914737421048,-0.013954153517587884,-0.023371040115817827,-0.03272992132775282,0.030058041472038183,-0.003964096419035013,0.0103803826424562,-0.046331739734497245,-0.037808728056949514,-0.04227446068566935,0.020843941422173298,0.03356929999282378,-0.008220986868867916,0.01112867408858206,0.02616912438919032,0.034114032969916386,0.062315392242551365,0.04542670757144377,0.03226235840551196,0.08485335391107063,0.10671213250197005,0.03240891362556621,0.04231032699671654,0.042721947487781776,0.005557260915663215,0.044163217852505356,0.08202169705989962,0.010613804286923085,0.07601784330153087,0.016702998699828185,-0.010463177696152176,0.0066314664160342564,0.0032253749721221814,-0.08076568577009842,-0.07034074142079197,0.029213522579382346,-0.04855738071959313,0.14947226048383067,0.0956751135925038,0.13687726819669618,0.1552338619650337,0.09499267880654638,0.07322165388898318,0.11716179447384885,0.10930698567787892,0.32388097551880096,0.3613706844601561,0.3395410550442429,1.0,0.7158319027468817,0.7168282649331229,0.695636994184877,0.5663088762589631,0.07377815333462716,0.0767849847860511,0.0669087662979974,0.25778343155359185,0.21149238714289442,0.21902754087488702,0.2538208500356036,0.1444038776649123,0.10769553945485655,0.13349154821606743,0.17480202647086568,0.029578791634716002,0.11949118527843305,0.05931375859015006,0.091493432894985,0.10161687042883988,-0.08862537177101308,-0.05236651437554501,-0.016531927713454596,-0.0467643127820714,-0.055873891200212134,-0.02258577156060476,-0.04705924398355774,-0.06421575976969424
C5 GM right intermediate zone,-0.036741878225346365,0.028807557666067907,0.0017779118292149856,0.016672309743804983,0.05094417794866889,0.03560216637966319,0.07009856536516273,0.006220968771422526,0.03467544049510214,0.04006888462992367,-0.03444587671772398,0.054130391881243946,-0.020495161848661077,0.0030698532138507895,-0.0012068698892006128,0.09647219535658788,0.05657146359621887,0.04794167031465076,-0.011321443751065786,0.0574972485799688,-0.022758455653461587,-4.877838761266274e-05,0.024350814750912213,0.06298581424200085,0.05522323893942976,0.05136820522487722,0.07349666757406813,0.03567739348719578,0.05708330226553104,0.04160544257558173,0.0032097048705000838,-0.004253355738127986,0.008929468921686954,0.07152178369553884,0.01588507912813301,0.021238230108461018,0.0016701890030092477,0.03930551915521903,0.01274771910043036,0.002812765291293066,0.013782399963087374,-0.0508288705562573,-0.007407703007489281,0.05887413156084754,0.04994906171136106,0.020497955893573425,0.03961356579485207,0.04653863913145108,0.056795853036340015,0.07000074761377824,0.05524910084037703,0.036296406222751355,0.091428544193931,0.10537176957304811,0.06143945633913922,0.070935230159202,0.08129731614686217,0.028444628022639862,0.05345929945504347,0.07582461900271843,0.028287878983482662,0.09219300792828447,0.06265302934065506,0.10156021223382633,0.1345740336873263,0.07501114199225746,0.021245381198643665,0.009502363016014427,0.10920352981363797,0.08299674717813735,0.23701424631812382,0.22034995008798777,0.23116461066010716,0.1466973849341251,0.14606905506450904,0.15380654067170088,0.17582410888937497,0.24752916873281572,0.4937027962352384,0.679309206569977,0.5288140748381288,0.7158319027468817,1.0,0.8374640156970714,0.7137222703271867,0.7452447238326009,0.10114510397465167,0.1121546678572054,0.11292088630692124,0.18659888038061948,0.20269184566580106,0.1935557360197581,0.20201432393617422,0.16038151414447308,0.14667337110944909,0.11058278014954147,0.2168392734863044,0.03017147396938787,0.03854881397035352,0.05669437678677554,0.11065585645553971,0.1405028513380624,-0.13681043980995286,-0.11200402992591717,-0.04963103673927125,-0.05336000296482243,-0.14303327264157473,-0.07371879741818739,-0.06406157158828993,-0.032794027741497214
C5 GM right ventral horn,0.003638461541471505,0.03998687500125558,-0.008643049237445017,0.01985399011246258,0.07646604982238787,0.06294902039114894,0.08887790938636309,0.027172190946093428,0.06675298615921733,0.05628197867215617,-0.021673279798549726,0.05716506102924466,0.0007115226467425472,0.011242868082893325,0.013861824072126803,0.10462329141484404,0.08182063104908009,0.08528407061442157,-0.0062024375492852,0.0600163807840867,-0.026641557577743794,0.006965689640036118,0.03040742119373021,0.06645054595105213,0.07166527358271207,0.07783903501941432,0.08962432213892084,0.05159538502159695,0.06499668833356827,0.034922596114276824,0.022386170374437606,-0.014520809984437265,0.01499578695741513,0.10003025863345019,0.026875387637919437,0.034868970384445475,0.022638271087524888,0.08000050782491722,0.03647033823077657,0.03944575698233225,0.043950663625203744,0.021635201656500586,0.014081071157957837,0.07818911688988696,0.08759866841245094,0.05331337006112218,0.06969017619483048,0.07652372858728591,0.06844422175728797,0.08713756766634205,0.07247524024994838,0.06762833149712867,0.12687708367443323,0.0975530659548359,0.0699437712236673,0.08526716575212541,0.05800830721302296,0.028726492005505568,0.05189973495968576,0.07968178858114124,0.06300819749867287,0.09961567540278062,0.043405703270031265,0.09726369977328324,0.1172412203790432,0.06334112501057397,0.009350305844556827,-0.015738870943747377,0.08723796353207323,0.0436133148252135,0.19313257163555886,0.13290591787718972,0.14134368880059323,0.15621521278827719,0.1252309142277575,0.14756588722799108,0.16248329987035642,0.19509250078363624,0.321082743034155,0.4663910544429078,0.3830359056521301,0.7168282649331229,0.8374640156970714,1.0,0.6480897335624277,0.7366990061331838,0.1386965968794389,0.1466729018314255,0.134616295302901,0.19590916466760952,0.18785047288238688,0.17130738172935486,0.2079707328894732,0.1657399653595881,0.0830381171785343,0.08133067674920426,0.12322568981070875,0.0873137524060115,0.09010563117289042,0.06363853562630026,0.09023664087147941,0.1264259234180321,-0.1624915102088636,-0.13539859905599005,-0.06436098309086949,-0.07634595591033276,-0.14831494129293804,-0.09232707400785677,-0.07907089639341172,-0.08573363299189096
C5 WM ascending,-0.0025647279753718767,0.054071030804756226,0.008144901006472142,0.06396050423749966,0.04591752657570469,-0.008651234522076232,0.107253704659681,0.06615905600731437,0.054673699630981204,0.10560994656905726,0.033280239307606034,0.07265753068106529,0.0039044301224454526,0.05987581477415978,0.06094444982433723,0.09524334410138481,0.11604746233707945,0.09593816629206384,0.042181103481761836,0.12356452926270103,0.07098312499704504,0.07541720255256033,0.06963346901090982,0.0821560782769377,0.09012494209427203,0.1177959678449109,0.17131994620838661,0.07064884868182213,0.07586448439257172,0.14923163285121127,-0.010666893236623726,0.0014631319837166527,0.013941046447146273,0.07694319237018814,0.037058345691371536,0.055937847997133874,0.08654572855063605,0.09827472521811964,0.06730828011065708,0.07981351086648401,0.07761275810610302,-0.019375855048254464,0.0388143532124762,0.11406444597801897,0.14365353591563937,0.07137085227663248,0.07924015103816122,0.09679429074995947,0.09954266828644824,0.10402393974233852,0.10715894385101968,0.08605785691530815,0.1061420289914911,0.13591475606662076,0.0884179292072895,0.04938343184573886,0.11036781156025235,0.1065004158853657,0.08305136471575147,0.10280598292394494,0.09917160949776081,0.1266410182791212,0.05943670056308742,0.11412046927963887,0.13387643891131465,0.04978258941273342,0.040069495632793224,0.029972313749383233,0.09459134761546814,0.09440225470895973,0.30089688880281235,0.27461553027670943,0.28205556063037457,0.2652530601613103,0.24081416549779455,0.2372426929568579,0.3123017227313462,0.327046234333865,0.6948843412874244,0.663857426318041,0.6783276307757825,0.695636994184877,0.7137222703271867,0.6480897335624277,1.0,0.7723381442270593,0.08575331452493298,0.09840220990552948,0.11144262527265163,0.15670047779675958,0.17774363382564357,0.1872454697905292,0.25477415986233554,0.1658115103975956,0.1411018014976489,0.1593398188783442,0.2161037312617821,0.06556711087326439,0.12633072686689686,0.14008672942639902,0.1299214400244862,0.22855045233600518,-0.11537169425636937,-0.049703461773253896,-0.02730395570544983,-0.002443929141307392,0.008834312856114902,0.06340550343385329,-0.004962685837826478,0.017565446150425417
C5 WM descending,0.02876529788337554,0.07494301607203561,0.04880483971442742,0.07125023052043229,0.0850240220232368,0.030749057589994105,0.11245638055148671,0.10002654866578227,0.09061943384512963,0.13696833086070487,0.05414648937468464,0.10757674041163567,0.05657442869250388,0.10940867375158289,0.09565812068170368,0.12429949688428889,0.1266960688878191,0.11438992126394526,0.07981794075579113,0.15789033105232064,0.08841685977281283,0.11975906682215343,0.09562418837672025,0.08092814381870805,0.12083237491527007,0.12505143392209228,0.1498602072240769,0.07522822072048467,0.12109369997024097,0.10084922578805999,0.03228859899329878,0.0028984296908791426,0.0364829953853927,0.13777728598082256,0.061970981114288615,0.07975046848547568,0.11661211626425089,0.12182980132678374,0.11095145799712446,0.07456354030722924,0.11282892417364096,0.04164499049127852,0.06081676776411878,0.10231091062648988,0.15301259728793679,0.1188217185590836,0.09998081378835161,0.10434490643033972,0.11999639500120615,0.12884334142246098,0.0960959896509414,0.07946887781191661,0.113175822001396,0.13558254812866344,0.08309314799344043,0.05540178994158954,0.1227252931715142,0.07945491456817191,0.11064404105669351,0.08677020641542571,0.07215766414648167,0.10957481407151247,0.11086995143408147,0.16637068404687053,0.17045010926025578,0.07169664067768795,0.051436902092791295,0.014029665721733526,0.13911932403771146,0.07781617706003563,0.3318077645386702,0.28054760338835827,0.2716046740166724,0.2089124813634464,0.19050946073563393,0.20061356991679347,0.2782092345636125,0.3144719246725364,0.6051491841799274,0.7493771790162385,0.7438204470653604,0.5663088762589631,0.7452447238326009,0.7366990061331838,0.7723381442270593,1.0,0.15364342783297705,0.21113423311814286,0.18010925424878338,0.1972925626266487,0.2585614158143031,0.2418902174936571,0.2754946178386772,0.26434149326020295,0.08829462615073115,0.10673065821643855,0.1616820574514071,0.08661511993501916,0.08755059608454356,0.11133443416141967,0.1153747129998455,0.16042097658576518,-0.169850244258321,-0.10867730588342023,-0.06860835092295334,-0.08367542252913956,-0.15188376912968488,-0.08201364467559241,-0.07176445085049345,-0.06772131892221095
C6 GM left dorsal horn,-0.07900911163610025,-0.09351848245171719,-0.009495444541026805,-0.07236252992785634,-0.023075162598573885,-0.09134278191611554,0.003756317672682224,-0.04291791193440524,-0.00927339632348741,-0.046648169303870356,-0.05980987440864778,-0.023489871797534038,-0.012846384292986202,-0.06357884291161534,-0.013704419032739635,-0.004358755259100388,0.022421104115150966,-0.046035637777654737,-0.03745117172304228,-0.11662502762918164,-0.030524602532545082,-0.06580411873122317,-0.07627160997888938,-0.0036509026074259075,-0.14178470723033207,-0.05600536478054754,0.04147249588662651,-0.07408701566595198,-0.10702637238786578,0.029756523409935298,-0.08913103627362512,-0.06533424329395873,-0.0996672988817472,-0.03323337381654685,-0.023288575983879723,-0.04436779046815241,-0.011686581916949261,-0.006591063699640719,-0.0431805802900483,-0.012523073597979788,-0.04958187717664791,-0.03833487529406952,-0.03181742056781559,-0.002751559058663349,-0.0391864708766798,-0.007840190966470966,-0.04015993195302273,-0.055704743876584376,-0.06619646751492195,-0.1062427288377379,-0.030137481901649485,0.0027840587059360686,-0.026497720566665214,-0.10271441682537015,-0.02949238090142032,0.09580014927728815,-0.0117136123193564,0.07855756725015448,-0.15696212638773235,-0.06259310930990551,0.012718447676313133,-0.03675130789803617,0.052750959484149165,0.02970653530102779,0.018149164092846837,0.10855327544835841,0.018563796871702294,0.009543660435995383,0.0601583613006694,0.02302929917181408,0.017206708628600412,0.045612706853384796,0.03351346566730391,0.06571891321932782,0.07716912429915614,0.06200439771326808,0.043844998532989,0.04919251341304749,0.04040061649942261,0.09291027663520986,0.11712656526939559,0.07377815333462716,0.10114510397465167,0.1386965968794389,0.08575331452493298,0.15364342783297705,1.0,0.7458457447220651,0.7453911229543055,0.13391735144909422,0.24372488457191485,0.1602432677062728,0.5505498081305248,0.46172151030186,0.08831972177110767,-0.004998232456815775,0.008021812612450042,-0.018482726803561084,-0.03564813599907513,-0.008196559505940877,-0.03650458670157676,-0.06815685212950513,-0.03858589198713916,0.02057498173780557,0.06222991259743237,0.09952686659133476,0.04278479779645547,0.07305926065665723,0.06286583363542118,-0.01876236006604483
C6 GM left intermediate zone,-0.045617398995544636,-0.03324730976509285,0.06497974053268371,-0.010404626299774022,-0.0025182391510796395,-0.06429650036875746,0.010305532613885157,-0.028321010748306157,-0.0022575731570396475,-0.024375562009489423,-0.014358491664443475,-0.0016361827705518649,-0.015817478417362998,-0.03600964408764786,0.0020526545097038847,0.03285485922226117,0.054436908172180574,-0.05497831040156148,-0.04659781681781237,-0.05765458679635905,-0.03802079977189673,-0.04997388329460077,-0.0737620490159561,-0.06012118353991875,-0.09145325314845547,-0.030381185330705496,0.00821244507947525,-0.08099691986297271,-0.09698742896418118,-0.03209412922792806,-0.030723068753637544,-0.0330379854827703,-0.04225389171076443,0.013867843748942427,0.02228223391134878,-0.010910604850454595,0.039023292414292025,0.026515577393390746,0.023230855868373458,0.010790769101714335,0.010574593937220036,-0.00304377669256836,0.005599345227312767,0.007935209955419674,-0.032308354485583606,0.02900723214053913,0.008015675264303319,-0.03669019183533163,-0.06792791560733323,-0.0888730948642292,-0.004334937351092519,0.00401988910693465,-0.04813775835243812,-0.043474013259619554,-0.04108405745918872,0.025526450249441657,-0.05231455720025058,0.004145869159718966,-0.12674187885520166,-0.04939574126747922,-0.012013750859605389,-0.03850231014782714,0.1271757828183532,0.09489536872659766,0.04854503162175309,0.0737890796464217,0.035718583903698954,0.015555745933098502,0.08641116145403621,0.04108458673707353,0.09833331709905684,0.09749641928894597,0.10010621214435654,0.10395010195069569,0.0738135334407341,0.023690776853124568,0.10431771958904902,0.062375794963493394,0.05534400831669557,0.1447937741494363,0.14362405578144538,0.0767849847860511,0.1121546678572054,0.1466729018314255,0.09840220990552948,0.21113423311814286,0.7458457447220651,1.0,0.7372877419189626,0.21650165888552808,0.4891663778093249,0.323077710864532,0.5304088303764827,0.6908301559301454,0.06884048994448944,0.04851450390924205,0.04492409458780498,0.011986298223029122,0.005701879306069748,0.021079957260099164,-0.0005526457615082488,-0.04947311717073706,-0.12839601357284885,-0.08098243093219215,-0.04745878693568985,0.08748599971290165,-0.00450485413904649,0.034324318234759156,-0.031953185382781316,-0.08746443246629491
C6 GM left ventral horn,-0.10567175149248714,-0.12745547386506265,0.00018691615001726887,-0.09367943868593027,-0.07073309465912503,-0.0979921339436728,-0.0563490705219693,-0.0766307189548921,-0.06628810887042365,-0.10145668561815452,-0.12325336329388845,-0.05809914790080643,-0.025608784775829847,-0.06132941868610373,-0.024312413107533994,-0.04085828410258939,-0.05219474329617063,-0.11583089035923157,-0.08892740565237454,-0.08559554844206844,-0.07562713974076331,-0.07983795197290121,-0.12289829755139808,-0.0708074628399405,-0.16596020202134226,-0.12670122154263203,0.02032713762427856,-0.1455891000299826,-0.17015818011806702,-0.028324577069008292,-0.14630162586830875,-0.0899130781537992,-0.14399506861278774,-0.08188437343681351,-0.06929551825035953,-0.09850681723904485,0.021861365192662494,-0.05727310841046769,-0.059419918769790775,-0.04645673960000451,-0.06542765650050661,-0.0716109961461406,-0.0499646302592875,-0.055209055714470545,-0.05750058993133809,-0.04970509874314526,-0.09596023852977212,-0.1286694229159749,-0.11645575713473846,-0.1570383480464281,-0.0977294983833037,-0.06964291439516847,-0.027562520276931284,-0.13587306716555628,-0.11798780655869429,0.04666478438442249,-0.038398580863838336,0.013453678118811995,-0.20440065529495277,-0.10645110759707974,-0.05875353875979219,-0.10068131099177399,0.10909397253691933,0.11365346031467952,0.08531481567978226,0.07371522987870495,0.0419013312215179,0.022522558293031073,0.0830933430612019,0.05611966746541516,0.07851250368779031,0.10825766880439101,0.09950135697143399,0.10121534219844126,0.10400623414264,0.047880757634143865,0.11011848613053064,0.08924861064528482,0.06995802724815643,0.14171312112832088,0.18247137798287502,0.0669087662979974,0.11292088630692124,0.134616295302901,0.11144262527265163,0.18010925424878338,0.7453911229543055,0.7372877419189626,1.0,0.1312991374604633,0.2794142737367891,0.2136063127814371,0.5435574107018569,0.6717815410404218,0.05033811661261997,0.0228372280900797,0.049100297990747124,-0.04704413535785108,-0.04463409183622858,-0.014091761263174773,-0.040408545720269445,-0.03487509877923786,-0.05412125232004926,0.00627474377271189,0.05366677909511212,0.056019505177177846,-0.002345651568200446,0.028934158376542955,0.02783088101503407,-0.012638983935757032
C6 GM right dorsal horn,0.0550019382141239,-0.015392586483695484,-0.03760584948547835,-0.007803956516818349,0.024202560492163936,-0.10132546122046009,0.14545091768677196,0.03628410679808051,0.034242423486456425,0.056304601852377435,0.0009175004524358983,0.04550149059956589,-0.03133930077000889,0.026489169287900263,0.06478939088666859,0.07590115533437937,0.08955384262212965,0.050053143142444356,-0.015438970356302088,0.07158971007692277,0.02240797757383059,0.05358395487656984,0.03538768338313697,-0.06251557545494746,0.0957425281038547,0.10361539673507775,0.0752929287600043,0.01710365185461777,0.08280242513138339,0.0626577741874129,0.030863810999036664,-0.04235720284547587,0.04506510454790734,0.09709834019144091,-0.017634264319071013,0.07106135906403847,0.0850102144178259,0.10113531579162541,0.09230143846502095,0.05607172398412447,0.04671824972600128,0.04822399039503384,0.034382336575644656,0.05268220365868029,0.08627207018199692,0.0934199972391109,0.08206559325720318,0.05227791589723557,0.0887227257680761,0.13297099577422003,0.14956416499576847,0.10242720598606084,0.05782355245336345,0.10187178884131938,0.012336836660413039,-0.01958562671817943,0.031953156024081,-0.010440728124722616,0.10305456261904873,0.08545012226240933,0.060182307366348026,0.11033899028527563,0.02830824415220177,-0.02314480367342867,0.005082018532422379,-0.009270689836039691,-0.09685357654211145,-0.13167192504065017,0.0022121718027411784,-0.053553762498997216,0.14414176467202805,0.0639828580066269,0.07776438522713315,0.0833744085042806,-0.009750748583755476,-0.015120096722396188,0.08215107336424148,0.061622854758297436,0.006278816977034703,0.05106195629752376,0.13423184930309198,0.25778343155359185,0.18659888038061948,0.19590916466760952,0.15670047779675958,0.1972925626266487,0.13391735144909422,0.21650165888552808,0.1312991374604633,1.0,0.7673015626941381,0.7450445157092964,0.633828556812551,0.4114375638190534,0.09513638438103969,0.12368283168072843,0.0629374455753599,0.11989087011142217,0.17446473610560176,0.18168999282789364,0.14534028233537405,0.14604713214961593,-0.05455976845021837,-0.07445694736534988,-0.0709754340421166,-0.030021468308039444,-0.11385720907400897,-0.045589505839647194,-0.063007709191,-0.11635073196279995
C6 GM right intermediate zone,0.03279992777559829,-0.0013308702894891569,0.007156956359681018,0.00414441356809772,0.04371277299672693,-0.0739839430902798,0.1443340389667279,0.016701898049472086,0.02916356897418106,0.06853964063228722,0.03150237122932888,0.056183636401421724,-0.04247212167726259,0.00990654961879471,0.07203049850628088,0.09892013282408446,0.1330691158618706,0.04052781944602175,-0.012707929409526905,0.08175565627620479,0.03621629390815585,0.053742638708571766,0.038829878818124455,-0.05945602616856848,0.11296761093275806,0.10548906822363346,0.10188779996366229,0.00935525726459972,0.03807235495980975,0.04975190190792432,0.04497680768766029,-0.0411919730426179,0.03104676508902994,0.10315076144065127,-0.005410197435732518,0.0965127605562134,0.11178999696774378,0.12712851338903183,0.10318778929463436,0.08531112864966302,0.044064329467381494,0.09787630259150396,0.06041327323545584,0.08161948430677644,0.07943911959532905,0.11552524187788621,0.11232922321698498,0.0646717479422047,0.08458173960237393,0.12574067028164987,0.17517818188728418,0.11367584069652287,0.039371277976065676,0.12175144478154908,0.025421598902459774,-0.012898857904467568,0.00984568679456709,0.0411128041293246,0.08425655777651105,0.09150214834745411,0.08438425144671542,0.10808452174944455,0.05962714695876035,0.06221392442676712,0.07893486653388723,0.013156468713253253,-0.030402994866702202,-0.06403673541805519,0.04834508891926788,-0.0012710794957308095,0.13851759260436833,0.07566366777479876,0.0962653435658117,0.1420770377340336,0.022770904948685364,-0.0011321252178979856,0.137314311198409,0.08553445402763427,0.06969497329830235,0.1303939224581116,0.18952739333077429,0.21149238714289442,0.20269184566580106,0.18785047288238688,0.17774363382564357,0.2585614158143031,0.24372488457191485,0.4891663778093249,0.2794142737367891,0.7673015626941381,1.0,0.8248561106452442,0.5809129113033913,0.6093319034403516,0.08658617911840663,0.15165337843959276,0.1345720082955955,0.07801148662533192,0.13667330143584444,0.19120699018913373,0.15698730916591794,0.1573012461176198,-0.10495717312871414,-0.08867629573813554,-0.0706074089040229,-0.025666172312982752,-0.09062333584563996,-0.022879301863927767,-0.0693384946598475,-0.10714564008247268
C6 GM right ventral horn,0.03754021405644551,0.0038375230405018807,-0.0038708693027736645,0.010398865053751106,0.05557856253028559,-0.05010083755702405,0.14140845100973387,0.009195800164808103,0.021825886577377954,0.06353898616118059,0.04115775672762097,0.04571692591100796,-0.07357049591771585,0.006286648687292126,0.05017784974644277,0.09218761196634175,0.10990447252502888,0.04241907533288937,-0.007904758840281561,0.08569529427197883,0.04158135996564205,0.04750711080659364,0.03795072537516897,-0.014507018545750561,0.11352519524177315,0.09452738313490881,0.07654208087414721,0.03182988364164739,0.06033746437845163,0.037017787154131475,0.033720746370875965,-0.011946824866955178,0.035725586510992516,0.09994434001404776,-0.008202753188238099,0.10954287338318494,0.1391242233796133,0.123076241627136,0.09012297268683823,0.08732432785232297,0.011533733656030297,0.09027758123401543,0.045871742914461666,0.08525932769411551,0.0792339235142582,0.1083741959787129,0.10989745113441034,0.07193007876084487,0.07592373756439928,0.11306770262652482,0.1649699983958329,0.09757445146589397,0.08213512135500885,0.1298843838706307,0.05235702648532295,0.008097375971952094,0.01616909448247645,0.001961762189701798,0.10041747388902315,0.07724097952630389,0.08324550063849066,0.10839352055746398,0.06474984304971505,0.04931010263088504,0.08068326213179998,0.01665026921641535,-0.03682623237563839,-0.060025107115753436,0.06891159641729598,-0.00028883324120111264,0.13464366966507746,0.08942095693299898,0.09382407474614234,0.14550239265436718,0.05324750387419053,0.025378048872488086,0.13943541821054106,0.09754936542962148,0.10415516682222264,0.13793842828301406,0.1932389876726297,0.21902754087488702,0.1935557360197581,0.17130738172935486,0.1872454697905292,0.2418902174936571,0.1602432677062728,0.323077710864532,0.2136063127814371,0.7450445157092964,0.8248561106452442,1.0,0.5803144268416822,0.6606712311059612,0.07925881448169746,0.14241926925917853,0.1206127593519811,0.11502055329905743,0.16018072227209446,0.22865455379926466,0.19530084245746093,0.21994057646494397,-0.0640008878369114,-0.03258799766153091,-0.023533484524635224,-0.0329169695997219,-0.0658906147210305,-0.0012905023023891738,-0.03725184473435478,-0.02874326895544395
C6 WM ascending,-0.015811964388583632,-0.07970201348313671,-0.021855971372268895,-0.04810803049402037,-0.010997264115132578,-0.09354730380267555,0.07239544799391903,0.006377912808394194,0.019439534898234502,0.023987750839572938,-0.029633536908665225,0.017773443416808823,-0.008148388560928263,-0.011683064384756574,0.04146433186265234,0.01583262831911473,0.0864430789518425,-0.012689047826639566,-0.013992805159248622,-0.004030680839394217,0.005161232671142844,-0.010062366314095416,-0.025178709604923917,0.007034822958096528,-0.037198133692540956,0.03427900549787212,0.13411048975808204,-0.050568270992388184,-0.03294265833165866,0.09814748969161784,-0.055836531199169495,-0.07022359846128623,-0.10458127634000704,0.018914770824800465,-0.062258011751277785,-0.015210905319470629,0.09268165366032444,0.04812951490849589,0.04398875419482418,0.04390592955521427,-0.009238108397258093,0.024098703155102395,-0.006655989956723464,0.015942435054132124,0.058511755621946104,0.038519336144960926,-0.0016226139057660207,-0.021928940624345923,-0.010638331460036376,-0.010208357764379047,0.06892817531563644,0.062226053937962704,0.057052353722404525,-0.029476029997070802,-0.046659770607237784,0.05988621404801187,0.02504947861419507,0.09519361022030484,-0.05375594146842057,-0.008417104987059328,0.05678154840482461,0.03804163679454862,0.11871189749814043,0.06881613353865912,0.05002427096039961,0.07202270525304699,0.023882303702061465,-0.007469330298603541,0.08244848651625179,0.03325162128186606,0.15180651958295746,0.13893782830283147,0.14295608589992997,0.07731790605348111,0.05339392295434975,0.0342940792701356,0.12703036308999763,0.16706157249578604,0.12752276541991278,0.1728970710168319,0.24644232566622215,0.2538208500356036,0.20201432393617422,0.2079707328894732,0.25477415986233554,0.2754946178386772,0.5505498081305248,0.5304088303764827,0.5435574107018569,0.633828556812551,0.5809129113033913,0.5803144268416822,1.0,0.611563750576267,0.10047649630056381,0.13750538876475402,0.08209077652270912,0.1214333443355969,0.1781318261368504,0.16726316818766596,0.14340269558580682,0.15555420442292647,-0.1303652394497744,-0.07855408649404774,-0.01929403364268404,0.06006503153052069,-0.06292521719584789,0.014105145124940651,-0.009468433670216611,-0.06408211089686501
C6 WM descending,-0.003164821136915202,-0.03677233775823507,0.028024543168805795,-0.026827897728816573,0.030784197945239608,-0.030613826668803277,0.05694219884487278,-0.010767438347838491,-0.012011437255170447,0.006615907907704519,-0.02876465396843044,0.00797533187003747,-0.07141811556731201,-0.020226503987802527,0.01002619527199889,0.023045570763623884,0.057081002739222134,-0.057272060092474944,-0.03338680751809219,0.01589595824974265,-0.013691858892987692,-0.00377135158990347,-0.056787812814295444,-0.05370846979947765,-0.011159359909093267,-0.0069146400950514456,0.0495495511545085,-0.06781960935089465,-0.04948822859364876,0.0015614816000106137,-0.0405701475265223,-0.01750520424527639,-0.05879486723867435,0.018350006650974637,-0.021180861623845627,0.022410989212997546,0.10058428898772867,0.06341056812860289,0.032844401488126986,0.0594061403491577,-0.02332373247902816,0.032479447880560224,0.016425440951608933,0.015052973809186009,0.035727773110427276,0.04539087222406903,0.025142086833714352,-0.007547471074298769,-0.030383147100143608,-0.03754653455059326,0.0425304267989178,0.02247604573616524,0.032599976233641616,0.014069599572212868,-0.04626664508935366,0.024684879090178517,-0.04836421081829054,-0.01813400017339317,-0.055746392473351954,-0.018309782315594516,0.013280190884077088,0.025371800361023874,0.14450624173305376,0.12618846347863943,0.10878230068359732,0.03651538462310338,-0.0048826263130075315,-0.01818362342578795,0.10024185456143277,0.018540072426375887,0.14385981888709357,0.15170498775039587,0.15544491617020614,0.16994382355635942,0.13248592739362156,0.06661506937600126,0.18456787199624822,0.13248185090690576,0.08989571594348408,0.16977318169946776,0.19707732792013935,0.1444038776649123,0.16038151414447308,0.1657399653595881,0.1658115103975956,0.26434149326020295,0.46172151030186,0.6908301559301454,0.6717815410404218,0.4114375638190534,0.6093319034403516,0.6606712311059612,0.611563750576267,1.0,0.07892924938127925,0.13249335018203934,0.12840032428830928,0.08997256233236112,0.10578706092680921,0.13536810355660941,0.1392950867010929,0.1667325528352041,-0.0760796512636296,-0.036130887012879316,0.002765267752112448,0.034482172472821565,-0.04091881275568081,0.015584943050521709,-0.004061477469127717,-0.026278443269741603
C7 GM left dorsal horn,0.017899375679451626,0.06726503004833324,0.05713880045651669,0.06993124819791834,0.0921692012413129,0.10413563494377688,0.08180723644253166,0.07749564486810669,0.07242675017453248,0.09686173531901832,0.06391367654047185,0.05434157694775817,0.0717106913373491,0.07737972187959298,0.06828977751128892,0.06884592562789624,0.09839235599316566,0.030327746844266434,0.07546567282129542,0.14949284546147848,0.08352694599320118,0.08780525412729226,0.05150213984375425,0.09075266317221652,0.09373634806025322,0.09663890333327863,0.11620159855755298,0.05637876480981914,0.0802047554973348,0.1456131729687187,0.0028071854013871004,0.0004152728517367117,0.03825083518774431,0.022292091802384582,0.0013248168083468414,0.026008975655104457,0.04131271284302739,0.10382839760477021,0.09395633411947005,0.07170128649570709,0.030129996438789712,0.0034442581206765156,0.02720443846425793,0.08762094066917037,0.06055467565312596,0.05308044619708494,0.046606536350865785,0.05436745589837291,0.0779040181063098,0.09632928035803916,0.10941915155535013,0.0550049513166607,0.043395723423726315,0.11007915190870529,0.0757163988863753,0.08731586197614435,0.11906797107468503,0.05748127707433509,0.11501972855127544,0.06165369475265767,0.056618726789292306,0.08927058088713978,-0.14958662899736258,-0.11576661485503045,-0.11829835684550068,-0.03131786408646409,-0.0793262774958961,-0.10839267395959334,-0.08799416595988703,-0.0918527489963321,0.09347080197869033,0.10292272037656534,0.14358343539620477,-0.0072311641215451194,-0.017628764043117334,-0.042606840724188036,0.07125651043587754,0.06488057523522005,0.11277295187080048,0.14408582749326698,0.08410278049385164,0.10769553945485655,0.14667337110944909,0.0830381171785343,0.1411018014976489,0.08829462615073115,0.08831972177110767,0.06884048994448944,0.05033811661261997,0.09513638438103969,0.08658617911840663,0.07925881448169746,0.10047649630056381,0.07892924938127925,1.0,0.6007414682571734,0.5489316983575239,0.13143688423859945,0.12933361686924166,0.04385760338152407,0.4468668552444912,0.26826944770460887,0.045931235686390244,0.07845938083543262,-0.07006388164958655,0.061821748035162494,0.07214555786101183,0.04860481818181436,0.014543392286780782,-0.06515932750479396
C7 GM left intermediate zone,0.048435746441607155,0.0643977244050429,0.06829570383063935,0.028412666986900405,0.07995263588718221,0.021978087985924,0.07847103256341798,0.08830506129167524,0.13617927867011187,0.10632438341013323,0.11836979755795816,0.12437607866071425,0.09187127159962703,0.06932597689228141,0.07965240367230296,0.09279624618237098,0.09890324364738481,0.023710876843657955,0.07366865287058559,0.12335840360896422,0.09113682622716199,0.09917510024810407,0.04650974190795095,0.05348950126516204,0.07366681480500926,0.08553209604360969,0.1358578546191722,0.0649304702257075,0.06614535216687828,0.10749747963383158,0.07321165873474786,-0.003625815733719515,0.031237208362138877,0.056657246612289686,0.011205806102956017,0.04921300627998027,0.047976701051325316,0.07647874203811791,0.10349489506899519,0.08200480367995974,0.0504879672592317,0.11586882806589366,0.05398743849867554,0.03980343486250662,0.08852610270436218,0.046699772610313106,0.03591562577437283,0.038615278628347176,0.04915344591995863,0.09924081255153089,0.1082555615152616,0.06910542179471864,-0.0024228072955898377,0.11338109949803896,0.05380028900742208,0.06833810553327928,0.0429615471469701,0.008028387412659944,0.08298872053225703,0.05727516773579564,0.05350512057770254,0.10373352436740119,-0.07898448569619565,-0.08153199128842886,-0.10653646474697907,-0.0204815781743451,-0.05938816107852196,-0.10300378127666875,-0.07063667307358566,-0.09882571148919131,0.11211290434978019,0.12519517783464304,0.16599258489951135,0.05006102784239044,0.026687313303123045,-0.00039694659747640723,0.08918925879701822,0.0808145168815738,0.05269257779512384,0.09125810766396426,0.0779641571273209,0.13349154821606743,0.11058278014954147,0.08133067674920426,0.1593398188783442,0.10673065821643855,-0.004998232456815775,0.04851450390924205,0.0228372280900797,0.12368283168072843,0.15165337843959276,0.14241926925917853,0.13750538876475402,0.13249335018203934,0.6007414682571734,1.0,0.7128965710944916,0.21517243858795113,0.5091835626851716,0.23362071722136277,0.474952562193311,0.5449031071365933,0.06525154983891795,0.09082182806170601,-0.014362653447744412,0.05017009605744614,0.047187247840155704,0.002400960094760887,0.027487370912644072,-0.06487450430109742
C7 GM left ventral horn,0.03938446065573714,0.07155339882498853,0.08977654668705885,0.03835061956280539,0.07899725008595831,0.01728429861068028,0.0745970150315221,0.031714661536495756,0.09041751900015442,0.06187177911371894,0.06834423158646806,0.051837816457697534,0.015739216384623334,0.020368840187195716,0.0126239814678753,0.1055625758762313,0.0635841980901859,-0.014853530888278791,0.01445737005041435,0.07572103357588462,0.02630729671657654,0.05999055645480247,-0.006130672027629907,0.030988782759824463,0.020751773028157484,0.04071248162961184,0.09529775738129581,0.020319029467170957,0.020639143154796407,0.12348076931444989,0.034216057190418654,-0.022453225114834295,0.056405837070886165,0.026292423610274774,0.019984389931562388,0.06178877531136005,0.011620589779403117,0.059387868181923445,0.03216615088547179,0.03149420245999714,0.02364027343052985,0.07503051502574923,0.011808871981787402,0.024480061004065513,0.03473080155870786,0.029341982822488837,-0.006450628447538616,-0.0010257911173032828,0.0031920992244818653,0.04258063727694683,0.07360226170220488,-0.006556353185570492,-0.06764060490726144,0.09180101917306949,0.03212142247705572,0.047661948148872764,0.014649276994154945,-0.0037980657111780065,0.03578124789440962,0.034728881786451386,0.03831630818662952,0.10360235622243122,-0.07637012791106977,-0.024840529688985598,-0.037759031258790834,0.07342656706512105,-0.015288496959903784,-0.04625141792588973,0.0018332800959679073,-0.030472136841454146,0.06911366956731924,0.11657808581419636,0.118041602536089,0.01688713264406841,0.02663749661367707,-0.022186738092320336,0.04342116026289663,0.045295170463217294,0.10466773939169664,0.16938156758446418,0.09156490968436692,0.17480202647086568,0.2168392734863044,0.12322568981070875,0.2161037312617821,0.1616820574514071,0.008021812612450042,0.04492409458780498,0.049100297990747124,0.0629374455753599,0.1345720082955955,0.1206127593519811,0.08209077652270912,0.12840032428830928,0.5489316983575239,0.7128965710944916,1.0,0.07184214438242602,0.18959314602789898,0.08079506992333471,0.4147281390494769,0.45445980777202827,0.06171164119693819,0.12304492628294074,0.07879145028990431,0.023916841387254244,-0.020941864770518796,0.0025464116956599053,0.10776399046252172,0.07957059744001217
C7 GM right dorsal horn,-0.07501370837062822,-0.09719103990209847,-0.049535347299453414,-0.11068580949563236,-0.07696155502389038,-0.06866730542049274,-0.13208452047436708,-0.09885420506868946,-0.08824629559133737,-0.08216425063476084,-0.06035754431440293,-0.09125025578952363,-0.12450644925563818,-0.10540684318351276,-0.09835304608132242,-0.038078870483981696,-0.03487692892257434,-0.07760507262506793,-0.11424080289561499,-0.010499736814431166,-0.0760934720321112,-0.07302674388879274,-0.09227874702841028,-0.08396145916493453,-0.016474577313631607,-0.05278137759632145,-0.03825705943288771,-0.05972553092747467,-0.0407909555870462,-0.011600790662178164,-0.06595931077635486,0.03164986278990423,-0.057242959521417704,-0.0841327393725537,-0.07713398854394005,-0.09235097907945691,-0.043775027856925934,-0.08987936083418108,-0.08572556075294079,-0.09245120974580594,-0.11354996455345318,-0.07823500033017666,-0.1320191154730399,-0.0790425482469947,-0.011632938418439279,-0.12900257048080868,-0.07675425055652883,-0.07210383516872265,-0.03460665838167954,-0.018928536398042737,0.012346231833886227,-0.06289077656366208,0.008845519917556818,-0.03603071693223635,-0.02439375036470563,-0.04891999905353648,0.03690952948237409,0.004529064133891555,-0.019085137770832022,-0.10013337829754188,-0.0597055126944797,-0.0031094947780690723,-0.0708634198124795,-0.025274186898942595,-0.02788671702119552,0.06407272174035747,0.013800534033889953,-0.034283001481449284,0.024844859504720138,0.0019522421497722932,0.08599955566909298,-0.011418917155828236,7.922559862085008e-05,-0.07316453406747617,-0.09524190968882171,-0.06708979754832879,-0.06105129628458038,-0.016470596242400975,0.051663969540584664,0.01972850644447949,0.03477309279758205,0.029578791634716002,0.03017147396938787,0.0873137524060115,0.06556711087326439,0.08661511993501916,-0.018482726803561084,0.011986298223029122,-0.04704413535785108,0.11989087011142217,0.07801148662533192,0.11502055329905743,0.1214333443355969,0.08997256233236112,0.13143688423859945,0.21517243858795113,0.07184214438242602,1.0,0.7124958004827133,0.6408602492181819,0.46656480983805454,0.349299712144322,-0.11850855999600324,-0.10387570949904124,0.017676657068039992,0.19785591092644592,0.05888134500986556,0.09452937418198212,0.07324892457960759,0.04834254931053099
C7 GM right intermediate zone,-0.010317638677002222,-0.050882174646246,0.001560634635222073,-0.08272321458625223,-0.019303805562562473,-0.09220814491060329,-0.04754804408943443,-0.041304803039353626,0.0019785075780849766,-0.01458016998266954,0.006139959032679735,-0.0017850522724935235,-0.06911934742474703,-0.030845244153283356,-0.036609515614590464,0.0035819256858481627,0.010078192650123417,-0.05189355126840313,-0.056483200631363126,0.0042613493375379535,-0.015163402205847628,-0.015709754406463897,-0.03216890859212358,-0.049530710572770476,0.013074009691971075,0.02119486672953117,0.03315782921269449,0.006138792359985921,-0.0018112697052103082,0.025328515961630275,-0.006511841516500475,0.0027893709789137957,-0.06362884164725277,-0.02447747918018215,-0.03748249101379098,-0.04116946230612088,-0.002967538418928473,-0.031012682772963148,0.0024902920519022107,-0.008639773511871323,-0.08384492076689526,0.030196984700606562,-0.049767662878076505,-0.05251229736219708,0.04528364736105889,-0.08005901170305188,-0.03500374534030046,-0.032666230243274516,-0.005142949643919524,0.02293083996546839,0.031506990111935036,-0.007507848424387704,0.03125792256275183,0.020509552339021866,0.002678497907723279,-0.025126262020630896,0.03814215143965731,-0.02167859199300565,0.01704827979229062,-0.04163116674999404,-0.019521752351256225,0.042308312320583366,-0.011620140803434747,-0.010176021107674694,-0.02243394343863365,0.05318156934438418,0.016590231284055016,-0.03162857738285062,0.036497915446092766,-0.0046589400249715555,0.14228034265071687,0.06105693390578417,0.08880886604246915,0.024456337095907985,-0.011064240280057628,0.0011308343332411932,0.03835191465402769,0.05397431761850216,0.05174654528184866,0.00814454646931001,0.051886766849278225,0.11949118527843305,0.03854881397035352,0.09010563117289042,0.12633072686689686,0.08755059608454356,-0.03564813599907513,0.005701879306069748,-0.04463409183622858,0.17446473610560176,0.13667330143584444,0.16018072227209446,0.1781318261368504,0.10578706092680921,0.12933361686924166,0.5091835626851716,0.18959314602789898,0.7124958004827133,1.0,0.7798876402023454,0.4503100144345691,0.5482788566935749,-0.03699064179705833,-0.014623333704397693,0.030972752286592797,0.1632556583862812,0.11927400053745812,0.09149032165991822,0.05832538526416733,0.003998978716276344
C7 GM right ventral horn,-0.019073889319236145,-0.07810794718858893,-0.004014746957914144,-0.08135530882021058,-0.02080094938927464,-0.09375262098502106,-0.058294954355716945,-0.05244075063958245,0.0007513427254263284,-0.04917900522702692,0.005478419458083278,-0.0051200558416467324,-0.09348841812562411,-0.017193107480823932,-0.041399481315136766,0.0016929546800554269,0.011084756026006297,-0.04829199539952799,-0.06315796297808811,-0.01901307803398942,-0.018279546185997402,-0.03525835105661743,-0.024540993088752752,-0.050827175651396085,-0.012733724359133622,0.012110522636103117,0.04442988141079559,-0.02004814969069791,-0.033507150466049206,0.034174284598331,-0.03641914255440955,0.010287445256557804,-0.09962308810311837,-0.03854480166336862,-0.028033872037661417,-0.039259506644948865,0.032195745526121124,-0.0444293226498534,-0.03543073056042626,-0.025325088083043137,-0.06265686048851042,0.023933215187597345,-0.05138125529860921,-0.022942108717350678,0.07154458387908885,-0.06451869108657053,-0.018216986528309814,-0.012808535705392443,-0.005415882201998086,0.012908941915378048,0.03870651622243765,-0.01117864528372355,0.06969704225707611,-0.019907184353252706,-0.0014344155824102033,-0.002265400511025617,0.0568034378864087,0.028804144641944016,-0.0032561202909256754,-0.05832199841169451,0.0043309612475896505,0.0286123393774049,0.045096670852850816,0.0682623728061546,0.080722652754393,0.10004536064869472,0.08675169976835008,0.051459763504306394,0.11342610240701671,0.0973956631269787,0.18923361513433495,0.13028755335714834,0.13731923338848107,0.06343335366907722,0.052561384410924,0.07153354275966683,0.09822566435298756,0.1461214944858594,0.13247538564392677,0.07101471339904639,0.11816574774140727,0.05931375859015006,0.05669437678677554,0.06363853562630026,0.14008672942639902,0.11133443416141967,-0.008196559505940877,0.021079957260099164,-0.014091761263174773,0.18168999282789364,0.19120699018913373,0.22865455379926466,0.16726316818766596,0.13536810355660941,0.04385760338152407,0.23362071722136277,0.08079506992333471,0.6408602492181819,0.7798876402023454,1.0,0.40694364222682694,0.5280413617391108,-0.023301240861425883,0.011576686097192028,0.10053302773630138,0.12578440165954877,0.1133814556954349,0.16686272997799456,0.14619169369475354,0.13378092770007188
C7 WM ascending,0.07056526157426801,0.09299776491481314,0.08855290680323456,0.07061342523954191,0.09095237951244577,0.05309718090638072,0.07293140811872934,0.08808969251025624,0.05609418131128988,0.132752109164079,0.13258868508622249,0.07056900719478168,0.030300764632014813,0.10468210132760065,0.08880238662874478,0.171490776018186,0.14060676913322073,0.06248317626617733,0.11921257589548007,0.18105697011942812,0.11861819030438557,0.1693651467762002,0.08840839749562576,0.10546425128041624,0.1549590469439935,0.12350800837623038,0.1416701813499208,0.14136849550006753,0.16925166811766287,0.18488395433911217,0.12314329620078922,0.06178377698006316,0.04565275332532089,0.09264980342126221,0.07104373168967282,0.07429627189949968,0.03819404880335854,0.10225555799755313,0.10346252109013587,0.07527956668784884,0.03255800507387748,0.12426867702022634,0.02977351556743026,0.0839688136929609,0.11209522775713164,0.05738274372190602,0.09259841323873245,0.1019311109084242,0.14839544413897948,0.1947778088427303,0.16750814342708945,0.09041824475342741,0.05718579786712205,0.15612853157777995,0.13150950120372498,0.10663064633406058,0.16696634627568857,0.10583278846794764,0.16760000807510989,0.09875421163423272,0.1154324717123324,0.1689058866913163,-0.08940902042156902,-0.08943553294863534,-0.059945006871297855,0.034182266429100064,-0.0820929677962161,-0.09117048581412375,-0.0094904327949105,-0.045367422461406376,0.1767003775324349,0.1307753431965696,0.15480935174027632,0.08546693046111364,0.0378254756874229,0.011212487722004049,0.11730431652645204,0.11419560864285216,0.09772595475987175,0.11032362333632359,0.07239507641284647,0.091493432894985,0.11065585645553971,0.09023664087147941,0.1299214400244862,0.1153747129998455,-0.03650458670157676,-0.0005526457615082488,-0.040408545720269445,0.14534028233537405,0.15698730916591794,0.19530084245746093,0.14340269558580682,0.1392950867010929,0.4468668552444912,0.474952562193311,0.4147281390494769,0.46656480983805454,0.4503100144345691,0.40694364222682694,1.0,0.5075874787271101,0.07433637827305455,0.027883077671148507,0.04796581416518134,0.04636758111130687,0.012906641640978682,0.03446769020582909,0.0722699971846846,0.002387253141073441
C7 WM descending,0.06840232822519281,0.022370351523902623,0.051317388121506005,0.021897121165426567,0.04158444754681482,-0.06066356152684447,0.010776535877993087,0.046099827944466466,0.04949793247539554,0.03584909767237895,0.017289736350602325,0.012257169312666986,-0.08631907014072682,0.006956501406295699,-0.04108206379673372,0.026134969146958942,-0.011791723897272986,-0.08223367802298304,-0.004126993821567952,0.0777637543646404,0.006362126484280289,0.06500333494111339,-0.010477677435492631,-0.048900059000628944,0.07198425448807659,0.018860042898496125,0.030599373885847665,0.018761017555263226,0.06591624933716751,0.028952780712313966,0.07987302800067383,0.08071068280018433,0.018385659840419347,0.0006727024728510546,0.05007611435991722,-0.002316592559599314,0.07526842946120002,0.0021564508028256275,0.00020230262511956165,0.010215108853377175,-0.008580978301118857,0.09267560490747488,-0.02623634018138762,-0.02239513260259507,0.11558252502904288,-0.018999110391002678,0.011256953229375416,0.032704578937314446,0.041876596477235434,0.11340226898477242,0.046506468480871206,0.003467930547978344,-0.010282302030147576,0.0737699489899877,-0.0005014262325775953,-0.04464621688506385,0.017760831839574494,-0.02732692524343292,0.06435176038353847,-0.0201335702640585,0.014765716040568007,0.09586621044020731,0.013365162009168088,-0.027205639072724077,-0.03080506026312551,0.016406430451721802,-0.053354500966338564,-0.08103422782962,0.025634265747491173,-0.038136115073009964,0.1786469485898717,0.19517349875264464,0.20534765612247682,0.11678831412718906,0.11460346125434376,0.09786545460790139,0.1487574397820355,0.1921763108767286,0.14251675099312536,0.13714766632758554,0.13526470545827707,0.10161687042883988,0.1405028513380624,0.1264259234180321,0.22855045233600518,0.16042097658576518,-0.06815685212950513,-0.04947311717073706,-0.03487509877923786,0.14604713214961593,0.1573012461176198,0.21994057646494397,0.15555420442292647,0.1667325528352041,0.26826944770460887,0.5449031071365933,0.45445980777202827,0.349299712144322,0.5482788566935749,0.5280413617391108,0.5075874787271101,1.0,0.011083908430007488,0.08883231748469558,0.05363532309077947,0.008308324969666173,0.06719371926499056,0.0465880221075382,0.07538675962188719,0.05208264338130663
C8 GM left dorsal horn,0.02034832154425077,0.021012060581322475,0.02254833595683619,0.002975693238907805,0.04857388828408488,0.0011359466903658804,0.019065789678330412,0.015513409527943322,0.15148290139725004,0.003191698336741363,0.01131668967505265,0.025012435831017747,0.01664512829314272,-0.002537325393534973,0.014602293258067668,0.043566951921038675,0.05507331535380514,0.03810504536603024,0.0054327238854609515,0.008825402182457653,0.007104806798896627,0.00039668951644737384,-0.006486963794510531,0.07244536663152444,-0.023565416960550194,-0.01890436046344672,-0.007416135258406839,0.06074674668473949,-0.026949695882074125,0.03950489484877419,-0.0022584069899190757,0.012659529788925554,-0.020744087214020792,-0.010713128525648388,-0.02930858818055877,0.01691667530656751,-0.04293888336731538,-0.007178467973971782,-0.015766452217437086,0.015057112652079782,0.0027827694995055134,-0.009384661111099373,0.006083091617233743,0.02464592896360379,-0.04661696134831701,0.045184404875279555,-0.05792454090505651,-0.020460457188399086,0.031240217810436954,-0.02907182529931768,0.004330922474548597,0.0875182476345186,-0.009693429181403652,-0.019098695190344003,0.0035936336771596935,0.060562561263936,0.09050445047199031,-0.012339223312787136,-0.01700831546526537,0.021078303634950557,0.0038375512380914357,-0.004762722907123323,-0.06807328358759059,-0.0701192836810946,-0.012912000183137104,-0.0360854157167733,-0.10353452062481784,-0.07326581317156376,-0.05303146916712433,-0.08103754301021875,-0.0964912675477744,-0.09357345861551,-0.10395257912727057,-0.047800294404824924,-0.020526539112127314,-0.019167999789060825,-0.07155883255961058,-0.09759120365497047,-0.06690916557110424,-0.09249522689254591,-0.08245642339129183,-0.08862537177101308,-0.13681043980995286,-0.1624915102088636,-0.11537169425636937,-0.169850244258321,-0.03858589198713916,-0.12839601357284885,-0.05412125232004926,-0.05455976845021837,-0.10495717312871414,-0.0640008878369114,-0.1303652394497744,-0.0760796512636296,0.045931235686390244,0.06525154983891795,0.06171164119693819,-0.11850855999600324,-0.03699064179705833,-0.023301240861425883,0.07433637827305455,0.011083908430007488,1.0,0.6690877373869717,0.6116026193908706,0.1404193377261253,0.2505850601686667,0.11735121651989713,0.506755324036578,0.32019813215726667
C8 GM left intermediate zone,0.007263795705354959,0.011390870412044523,0.03350419240031219,-0.0013848807333560066,0.004240603384720272,0.021198382826300835,-0.020996308935743578,-0.031327967277196646,0.10622064014811473,-0.0016989737704112239,-0.023717813493814917,-0.017450786918956313,-0.014493217974961066,-0.05313862228278843,-0.03698428181727197,-0.005436951687204445,-0.03448197719326292,0.001861852811933231,0.006857867182374032,-0.0013324051129838326,0.0015086211563234077,-0.008767580309471527,-0.021471867935599562,0.07488938665738235,-0.04325305632776658,-0.038377701117801734,-0.049283673751039994,0.049418766562817296,-0.03383940551523299,-0.011716115289707178,-0.05715121282383522,0.0025712686933138133,-0.043854272482407905,-0.04376320213590291,-0.05954642589046532,-0.01113368495434314,-0.006289059689825452,-0.0295490653930188,-0.05913367949059632,-0.019460870400243503,-0.05967094879183326,-0.05813372135906971,-0.026109193419807022,0.02373998407096096,-0.07141742947612344,0.012786361599410736,-0.07158920744333071,-0.03959335386148736,0.05148617699236475,-0.05639485810026073,0.03332273086157785,0.05568713361440001,0.04624757240266199,-0.0390157425854722,0.01326959681303908,0.05149934308417608,0.1242128318342093,-0.04524065515830855,-0.02340246318649575,-0.016473160759936684,-0.05347087807386881,-0.07144104739830047,-0.03605854745856926,-0.05337782739951769,-0.02219543185527903,0.06552328405492479,-0.05081481606483372,-0.041734292696165076,0.010081530923507082,-0.05516199455699468,-0.01832410016956622,-0.031320385607463024,0.00151295102096459,-0.03801413208143405,-0.030853474835658805,-0.048012702916544345,-0.05265398737076345,-0.04848322367926067,0.03676947758061627,-0.034828547811872314,-0.006390471373974601,-0.05236651437554501,-0.11200402992591717,-0.13539859905599005,-0.049703461773253896,-0.10867730588342023,0.02057498173780557,-0.08098243093219215,0.00627474377271189,-0.07445694736534988,-0.08867629573813554,-0.03258799766153091,-0.07855408649404774,-0.036130887012879316,0.07845938083543262,0.09082182806170601,0.12304492628294074,-0.10387570949904124,-0.014623333704397693,0.011576686097192028,0.027883077671148507,0.08883231748469558,0.6690877373869717,1.0,0.707691799080536,0.27705543546119094,0.5170507748224477,0.32228398921103074,0.49499884427247653,0.503004804212449
C8 GM left ventral horn,-0.11502549722409836,-0.0955709390544696,-0.08723881718377846,-0.08745721155751751,-0.05564435019207095,-0.033575792309945306,-0.11623839326952075,-0.05116159979961509,0.06841003715720292,-0.057636056527116834,-0.11570450617484294,-0.060605387338075516,-0.03025505745035806,-0.10495168153155399,-0.10028358149734619,-0.04434134289288523,-0.019704582122528725,-0.07804471508537376,-0.07214913591802138,-0.03617096448987235,-0.07717438661384825,-0.10265380920657248,-0.1069724847735572,0.041729905160379444,-0.09658686938604208,-0.0597339748958272,-0.06981904783228433,0.001987237392733714,-0.08795387695579725,-0.0014130359283017757,-0.11977238145449638,-0.08414175988704471,-0.15477416943710595,-0.11650965291693156,-0.18058811275708192,-0.09754724026609402,-0.04327098519613291,-0.10186727986613911,-0.13024906294181476,-0.08645911510359161,-0.0968205025431838,-0.050731561187224494,-0.09893061520463779,-0.0458068894343722,-0.1266263903253381,-0.07408915049056262,-0.1527253924427717,-0.08975152914168248,-0.021073821434977352,-0.12205454168514296,-0.012809834731054168,0.0013271126869339631,0.03262120484054841,-0.1023723131301961,-0.03165468924082729,0.05639357825560706,0.12268676769923105,0.012065475568724547,-0.0652844475751896,-0.05920792084586934,-0.08058187231347133,-0.061621729770899844,-0.00021005050975754223,0.08510067012363969,0.10748659878374633,0.12906641300021224,0.03935375876286266,0.05631783309158953,0.0924062424273934,0.0556894736117551,-0.02439238363677682,-0.057421366225672135,-0.052819963919184004,-0.05818380284676318,-0.03773350399402337,-0.04353676733428158,-0.07735227258502564,-0.060605940454776075,0.0030527751060807186,-0.04935667085383276,-0.032016788750994465,-0.016531927713454596,-0.04963103673927125,-0.06436098309086949,-0.02730395570544983,-0.06860835092295334,0.06222991259743237,-0.04745878693568985,0.05366677909511212,-0.0709754340421166,-0.0706074089040229,-0.023533484524635224,-0.01929403364268404,0.002765267752112448,-0.07006388164958655,-0.014362653447744412,0.07879145028990431,0.017676657068039992,0.030972752286592797,0.10053302773630138,0.04796581416518134,0.05363532309077947,0.6116026193908706,0.707691799080536,1.0,0.1139355806416855,0.25622437671751164,0.21549338474183818,0.565482373419083,0.6424208342855325
C8 GM right dorsal horn,-0.010377758182824978,-0.021038848757301467,-0.01621808382018172,-0.032579903181639815,-0.002690917360150696,0.04527232546989268,0.030178216067330094,-0.011334799077318639,0.07400506746196066,-0.013121142713236238,0.053866809844449214,0.0028601483160631265,-0.014955411008448077,-0.02656323373782955,0.07440832470089549,0.050825564099591644,0.0922674849172687,0.047517165972215517,0.050473539460524804,-0.11094549886559323,0.04464513770921019,-0.04751984132122248,0.041766823193277645,0.0930566450841559,-0.047650206706237416,0.023691055420559715,0.04017866576622389,0.05559584951451423,-0.03503059227427759,0.022704594339141675,-0.08749177751629367,0.07217605133693496,-0.07081009036574747,-0.009739066550218483,-0.03424542018931277,0.00220584021057472,-0.08324781507347137,0.019488952240068087,-0.05526154987683494,0.06798569147493935,-0.016973115471061315,-0.003235977815931734,0.03131620247968762,0.07921547319845017,-0.02036898058442089,0.025815321983520812,0.029252763910075773,0.02083524733959448,-0.010295803393079239,-0.08666174756841269,0.08847397455570799,0.11446094975638946,0.02076966041904581,-0.03492242671378986,0.05906642613837543,0.020168457733418403,0.012949412052853106,-0.025060263299711727,-0.07460701139854095,-0.006877785961090112,0.053304697401250954,-0.011779286937152933,-0.0887484083668066,-0.08338136770173991,-0.09405202274891669,0.02091728228914057,-0.02106520409023041,-0.014838509165920008,-0.05332527793267656,-0.06258357720065684,-0.047270002084608014,0.052731156818705494,0.056592254972053106,-0.002004842081227099,0.051351859238024766,0.04069540511689029,-0.01722850810884887,0.018490988605238273,0.03942330287151217,0.0030163030871003197,0.012063787484160345,-0.0467643127820714,-0.05336000296482243,-0.07634595591033276,-0.002443929141307392,-0.08367542252913956,0.09952686659133476,0.08748599971290165,0.056019505177177846,-0.030021468308039444,-0.025666172312982752,-0.0329169695997219,0.06006503153052069,0.034482172472821565,0.061821748035162494,0.05017009605744614,0.023916841387254244,0.19785591092644592,0.1632556583862812,0.12578440165954877,0.04636758111130687,0.008308324969666173,0.1404193377261253,0.27705543546119094,0.1139355806416855,1.0,0.7152552221238895,0.6503429415298311,0.5116147326167673,0.3209703895044645
C8 GM right intermediate zone,-0.047857678259706264,-0.07849818830182653,-0.054596915202441566,-0.07409111047264413,-0.07302094815062742,-0.0004629781978352331,-0.0328198431073254,-0.08507126467165667,0.027424758765882105,-0.05332535387868036,-0.016304399347061294,-0.035333065568294825,-0.048577304782197794,-0.08579703713180094,-0.019251612687281323,-0.031147267000888944,0.005649811933857024,0.008694482076719552,-0.0011293164765683265,-0.1228363719720014,-0.00990333469059786,-0.08673000969391406,-0.039159143080104084,0.08799365418226389,-0.07809473412193084,-0.03565350917007759,0.03420816977992773,0.012375700321096292,-0.10475988444510526,0.020197845993054728,-0.1414335739897196,0.030471749587425854,-0.13135989685767605,-0.09159452109168938,-0.09826191118127887,-0.05095218713166346,-0.025970800696316,-0.032840275154632594,-0.10067904284682151,0.010496518481967108,-0.07939392560710318,-0.044431906630866984,-0.04614355039337763,0.038573805953119204,-0.04456944174547857,-0.004623231518525358,-0.03271614862838738,-0.031817063647400064,-0.0028948381868397844,-0.0953347012795714,0.09732455948458468,0.07629918538978929,-0.00019159559217150335,-0.08746530401158162,0.004411965147847733,-0.012067653210187424,0.05284880164612457,0.024824725715690037,-0.11798502414848183,-0.04900531845568406,0.007424410430226383,-0.06075558929311368,-0.04581313461695094,-0.043267296302559724,-0.053128642076422816,0.053004306884876784,0.010872087955891813,0.017344615903133874,-0.003517790569273261,-0.01181508039735622,0.01395340474522513,0.0580947641619372,0.08439975315101689,0.020003490755097653,0.05718392809787421,0.05904950010240145,0.024463677231775723,0.045902293829706994,0.09553532382555345,-0.037357234292414575,-0.001088790696535084,-0.055873891200212134,-0.14303327264157473,-0.14831494129293804,0.008834312856114902,-0.15188376912968488,0.04278479779645547,-0.00450485413904649,-0.002345651568200446,-0.11385720907400897,-0.09062333584563996,-0.0658906147210305,-0.06292521719584789,-0.04091881275568081,0.07214555786101183,0.047187247840155704,-0.020941864770518796,0.05888134500986556,0.11927400053745812,0.1133814556954349,0.012906641640978682,0.06719371926499056,0.2505850601686667,0.5170507748224477,0.25622437671751164,0.7152552221238895,1.0,0.7899135530396376,0.5208005849094715,0.44299372153095407
C8 GM right ventral horn,-0.12095919269049829,-0.15425391001206068,-0.15736903691114681,-0.16866355302853928,-0.15967189570026433,-0.09454258696295423,-0.12609479545587163,-0.13306185967108328,-0.08068177059262814,-0.13132463993716917,-0.0879880225593349,-0.08819761961286204,-0.10987014109807117,-0.1326077148551086,-0.08320273080076956,-0.09187031807273847,-0.026656061372811984,-0.07265350170320702,-0.08105895412117944,-0.19146397294888187,-0.0967269046973314,-0.16709496443474933,-0.10840862880369428,0.015182014827748457,-0.13642321552882902,-0.07763772035606012,-0.03235156887080659,-0.06619779533704762,-0.13557403101812865,0.003433970625742343,-0.21394192547893442,-0.0761473501330415,-0.161649885299083,-0.15476001005431902,-0.18910468324984336,-0.12316392733178746,-0.06427437916009357,-0.12099162283127977,-0.15478576379275782,-0.07250742946161617,-0.11047113621508464,-0.07870643193117749,-0.13834975022079998,-0.0712223180025088,-0.11072745688546518,-0.10947371211058046,-0.10993265974726626,-0.10404893604499561,-0.11415551235319252,-0.1742054823398091,0.025025245215739813,-0.014345734993672926,-0.06582667831001854,-0.14524140078374148,-0.04483072319632655,-0.041856634139276545,0.025323708605530976,0.02536087630184259,-0.16115582820290253,-0.098292027143905,-0.056330946325902825,-0.08523280001195957,0.014951192681124945,0.03013163196908917,0.03881439403724091,0.08082583193519834,0.05467981386484077,0.06641194326258665,0.06363756599021776,0.09326034043059495,-0.014353424323885616,0.056849558433536757,0.0740195470215101,0.02688925931470166,0.07993882305152328,0.0936457882467486,0.023137959805861287,0.06567542396957174,0.1340685021650353,0.005529253806843124,0.04056356162490238,-0.02258577156060476,-0.07371879741818739,-0.09232707400785677,0.06340550343385329,-0.08201364467559241,0.07305926065665723,0.034324318234759156,0.028934158376542955,-0.045589505839647194,-0.022879301863927767,-0.0012905023023891738,0.014105145124940651,0.015584943050521709,0.04860481818181436,0.002400960094760887,0.0025464116956599053,0.09452937418198212,0.09149032165991822,0.16686272997799456,0.03446769020582909,0.0465880221075382,0.11735121651989713,0.32228398921103074,0.21549338474183818,0.6503429415298311,0.7899135530396376,1.0,0.5679170389124243,0.6009538901549468
C8 WM ascending,-0.04562651542934487,-0.07938265459139866,-0.07312825462161426,-0.07257902556935156,-0.013698167019359483,-0.028338180259852238,-0.07149109219824315,-0.03644499077104259,0.0770783848719576,-0.06938295311681597,-0.031127046331218742,-0.01220301631780791,-0.012444419948609613,-0.04401926357481339,-0.03270822048770576,0.031304401175262606,0.05572090628468177,-0.00011674509669643835,-0.005460008296990068,-0.06519954439074174,-0.03462041333906142,-0.08634902911101823,-0.022898092268134523,0.09362771981342288,-0.07921602574852434,-0.01860200117928441,0.022834631017166082,0.021950233198477987,-0.07163915633172938,0.06702558526815398,-0.11819641464487027,-0.05873760937637389,-0.11987219339237642,-0.07927582628982885,-0.14544951625720917,-0.054272045055804054,-0.009682866683962354,-0.06783454985515701,-0.09858967075641797,-0.015966086350259992,-0.01902437950144781,-0.017354821446395788,-0.057135693637697896,0.0007505626419310907,-0.043774750605144575,-0.017944165241429225,-0.08564765277321648,-0.05609027217884984,-0.03916958843671055,-0.10816014839750686,0.025579114548220032,0.058888141500485304,-0.0034303183940146784,-0.08818281482198376,-0.001363722310841553,0.06682033068488268,0.0967559974159268,0.06964945796477856,-0.09901049936393919,-0.034511005431579166,0.006221507499062607,-0.02316983014188529,0.007888740403586905,0.08349888499912289,0.09170770462380415,0.047548588126295,0.0418781363690803,0.046244385433932333,0.041421726539067415,0.06846342375247595,-0.02939921966509381,0.015507700928865024,-0.007296791122030969,-0.038442478073311,0.04750185665357293,0.05858643738564975,-0.03938390985367155,-0.0060609556582089065,0.033694379228157066,-0.013672503183808622,0.01695050197038375,-0.04705924398355774,-0.06406157158828993,-0.07907089639341172,-0.004962685837826478,-0.07176445085049345,0.06286583363542118,-0.031953185382781316,0.02783088101503407,-0.063007709191,-0.0693384946598475,-0.03725184473435478,-0.009468433670216611,-0.004061477469127717,0.014543392286780782,0.027487370912644072,0.10776399046252172,0.07324892457960759,0.05832538526416733,0.14619169369475354,0.0722699971846846,0.07538675962188719,0.506755324036578,0.49499884427247653,0.565482373419083,0.5116147326167673,0.5208005849094715,0.5679170389124243,1.0,0.6703434560674838
C8 WM descending,-0.16917069818186717,-0.1660591007531112,-0.1716104529490871,-0.1724796856236915,-0.17471368816566293,-0.09907874733371022,-0.23380474682193297,-0.12942278035624014,-0.08387323691078759,-0.18009660745719072,-0.1708372954840195,-0.14533516245749034,-0.10670911534238606,-0.17619931916507672,-0.2024905534259481,-0.14413032688360314,-0.15076547638801288,-0.13726407980682107,-0.1430589542344231,-0.14127089032646073,-0.17385257939309817,-0.20242677765000217,-0.16325177108030647,-0.015023953433570264,-0.17175444299557852,-0.15852999377592283,-0.15550236552896501,-0.09170235050218171,-0.12951835981564025,-0.045284506266338925,-0.22851203921699145,-0.19562341976893838,-0.18866126947838052,-0.19723834738345217,-0.2932814887667149,-0.19014448378791662,-0.05967381558701947,-0.2103524234151408,-0.22527469462090005,-0.17844860380912725,-0.14396893450036258,-0.16571703409251598,-0.20970059637633112,-0.1483689478646551,-0.1853887010530571,-0.17266473045887862,-0.23155746205636973,-0.18520243629328667,-0.13335836204018617,-0.22871467770840462,-0.09161156304517823,-0.13438603498742266,-0.07181989452898888,-0.18510720411538847,-0.08056075948339755,-0.018822899955845556,0.05196517940046207,-0.0026838894174380326,-0.15675750165552071,-0.16904485033073488,-0.18090722771701545,-0.14013474084167304,0.0958143477088634,0.19003657736265536,0.2035464138732404,0.11342824130463305,0.10104302532938153,0.1226109036217104,0.1424101717754914,0.15651554902954193,-0.05465897085972582,-0.02464824740529101,-0.007890252946389458,-0.0705594438336409,-0.017361765836350455,-0.0015208484177256227,-0.07837491112886714,-0.009861566302383254,0.1308492838675599,0.037832631026145425,0.046990923711491654,-0.06421575976969424,-0.032794027741497214,-0.08573363299189096,0.017565446150425417,-0.06772131892221095,-0.01876236006604483,-0.08746443246629491,-0.012638983935757032,-0.11635073196279995,-0.10714564008247268,-0.02874326895544395,-0.06408211089686501,-0.026278443269741603,-0.06515932750479396,-0.06487450430109742,0.07957059744001217,0.04834254931053099,0.003998978716276344,0.13378092770007188,0.002387253141073441,0.05208264338130663,0.32019813215726667,0.503004804212449,0.6424208342855325,0.3209703895044645,0.44299372153095407,0.6009538901549468,0.6703434560674838,1.0
