,7Networks_LH_SomMot_8,7Networks_LH_SomMot_9,7Networks_LH_SomMot_10,7Networks_LH_SomMot_11,7Networks_LH_SomMot_12,7Networks_LH_SomMot_13,7Networks_LH_SomMot_14,7Networks_LH_SomMot_15,7Networks_LH_SomMot_16,7Networks_LH_SomMot_17,7Networks_LH_SomMot_18,7Networks_LH_SomMot_19,7Networks_LH_SomMot_20,7Networks_LH_SomMot_21,7Networks_LH_SomMot_22,7Networks_LH_SomMot_23,7Networks_LH_SomMot_24,7Networks_LH_SomMot_25,7Networks_LH_SomMot_26,7Networks_LH_SomMot_27,7Networks_LH_SomMot_28,7Networks_LH_SomMot_29,7Networks_LH_SomMot_30,7Networks_LH_SomMot_31,7Networks_LH_SomMot_32,7Networks_LH_SomMot_33,7Networks_LH_SomMot_34,7Networks_LH_SomMot_35,7Networks_LH_SomMot_36,7Networks_LH_SomMot_37,7Networks_RH_SomMot_9,7Networks_RH_SomMot_10,7Networks_RH_SomMot_11,7Networks_RH_SomMot_12,7Networks_RH_SomMot_13,7Networks_RH_SomMot_14,7Networks_RH_SomMot_15,7Networks_RH_SomMot_16,7Networks_RH_SomMot_17,7Networks_RH_SomMot_18,7Networks_RH_SomMot_19,7Networks_RH_SomMot_20,7Networks_RH_SomMot_21,7Networks_RH_SomMot_22,7Networks_RH_SomMot_23,7Networks_RH_SomMot_24,7Networks_RH_SomMot_25,7Networks_RH_SomMot_26,7Networks_RH_SomMot_27,7Networks_RH_SomMot_28,7Networks_RH_SomMot_29,7Networks_RH_SomMot_30,7Networks_RH_SomMot_31,7Networks_RH_SomMot_32,7Networks_RH_SomMot_33,7Networks_RH_SomMot_34,7Networks_RH_SomMot_35,7Networks_RH_SomMot_36,7Networks_RH_SomMot_37,7Networks_RH_SomMot_38,7Networks_RH_SomMot_39,7Networks_RH_SomMot_40,C3 GM left dorsal horn,C3 GM left intermediate zone,C3 GM left ventral horn,C3 GM right dorsal horn,C3 GM right intermediate zone,C3 GM right ventral horn,C3 WM ascending,C3 WM descending,C4 GM left dorsal horn,C4 GM left intermediate zone,C4 GM left ventral horn,C4 GM right dorsal horn,C4 GM right intermediate zone,C4 GM right ventral horn,C4 WM ascending,C4 WM descending,C5 GM left dorsal horn,C5 GM left intermediate zone,C5 GM left ventral horn,C5 GM right dorsal horn,C5 GM right intermediate zone,C5 GM right ventral horn,C5 WM ascending,C5 WM descending,C6 GM left dorsal horn,C6 GM left intermediate zone,C6 GM left ventral horn,C6 GM right dorsal horn,C6 GM right intermediate zone,C6 GM right ventral horn,C6 WM ascending,C6 WM descending,C7 GM left dorsal horn,C7 GM left intermediate zone,C7 GM left ventral horn,C7 GM right dorsal horn,C7 GM right intermediate zone,C7 GM right ventral horn,C7 WM ascending,C7 WM descending,C8 GM left dorsal horn,C8 GM left intermediate zone,C8 GM left ventral horn,C8 GM right dorsal horn,C8 GM right intermediate zone,C8 GM right ventral horn,C8 WM ascending,C8 WM descending
7Networks_LH_SomMot_8,1.0,0.6592628745115583,0.6206735091752911,0.40017336317389235,0.41778878140712,0.05702218379649392,0.17016520980695535,0.33407521353210506,0.11456534939601502,0.26680838001663454,0.5592479740285933,0.25469015363529235,-0.01044779766536424,0.37099916472028976,0.18801782538082845,0.4999267747387618,0.44868103165640033,0.4139554506575535,0.07767108460727683,0.26877130911174096,0.3995395667888176,0.46233468878615414,0.39369815751631676,0.23224327477957463,0.4068930827377539,0.46895959667597076,0.2050233391754336,0.5336360365416986,0.1999565820519324,0.49631470119127774,0.5576123499067595,0.46005265386542316,0.5512736935745247,0.621738639738524,0.6087956343256649,0.6148101608847848,-0.008757165823120425,0.20482202224371443,0.4216605745910459,0.20549684312906527,0.45591556846935777,0.44601729051790606,0.14033669445701397,0.37691621229380085,0.43684401316458304,0.5258983268524933,0.2217524658974558,0.26006978210344867,0.5198558926438474,0.35413484386871924,0.28657981909963987,0.355777980402141,0.09748072716696363,0.4400876194808667,0.4502114411741406,0.47457492286069713,0.5035365775353948,0.36873028162790583,0.21700628743569386,0.5100006459938549,0.3006234585039408,0.4944767921773702,-0.127269401141598,-0.11630973836525911,-0.09416210784203127,-0.18234998941568575,-0.15466135071546933,-0.14509903930092696,-0.13810988660992696,-0.12862747691350762,0.02510678991081038,-0.037946109938336775,-0.020686074037385052,-0.03431456743908541,-0.06993502278013834,-0.04822269020066981,0.0004976003653742588,-0.027111312229527985,0.14085993058105747,0.15694765861955556,0.1774052813199376,0.1167217503599161,0.12183228801697008,0.14200115966988025,0.18201070874153444,0.17047809792720928,0.05518932405527033,0.047052082178902936,0.03836590137921731,0.003385758895847123,0.04793561439223513,0.06778649999349902,0.059387854512404165,0.06639010105901831,0.037917162022402605,-0.028921748165780473,-0.014503786529497662,-0.005437108571750497,-0.017046862988862817,0.01589776361355205,0.10213381775880029,0.034034915609063646,0.02774709729191156,0.035518646921046095,0.036160044236106366,-0.008202326444134102,-0.008938250286117765,0.030776546493438445,-0.0981261303682685,-0.12601295581292019
7Networks_LH_SomMot_9,0.6592628745115583,1.0,0.4412538050969137,0.4448736258722712,0.5374277949888779,0.14007065062915955,0.26680513271318146,0.27678433718030565,0.3028980960545599,0.20263767167913058,0.37729755903163287,0.26022845036134923,-0.04639661392277768,0.32601330856711097,0.17825234088471248,0.4254534582942416,0.3719420174620907,0.3776562439892457,0.05508925941764944,0.14510268979760044,0.344918362991835,0.39010950212159445,0.3893774846184153,0.1720000274422435,0.3943646273521102,0.46129479964344916,0.06530117218110355,0.4718396571972386,0.1903997401452706,0.4568295524092279,0.4607516493453116,0.3551200683696921,0.5126667564706573,0.782930015026659,0.38661519934557503,0.6077089806505791,0.11151989648272258,0.3471131026878239,0.46871634458338357,0.2664864504956373,0.5912897075101325,0.3634751689619107,0.2238075946050115,0.31205722273359787,0.46757999175034476,0.36615283530572384,0.20615080113858364,0.2840003022559331,0.5195160064293516,0.31405177520985156,0.2822734273668932,0.3021390042227137,0.00012448334274779927,0.38620176960581337,0.4265929356006618,0.469900740165744,0.49079902742101905,0.26713622256772296,0.20238450556542031,0.4295766269645913,0.223515820638472,0.50113723802466,-0.008752703604033721,-0.028087752955607004,-0.02385997150107881,-0.04707963049195237,-0.028239140801535025,-0.019953509437469718,-0.01626285309291067,-0.06048990566981188,0.07935347839220012,0.016527175115595497,0.019424667320365605,-0.020121576861604377,-0.019621252318961623,-0.007064139863755106,0.026646338917929845,0.012386058025731655,0.08326213079994488,0.1611010811093177,0.13822093965332483,0.15098285418977472,0.16551968355165872,0.16238938905707048,0.15993031118999101,0.17215393081100383,0.0733198416101662,0.09607477150916065,0.0863729624099475,0.038291235610050156,0.09526917335931737,0.12311281223400333,0.08355171752270081,0.11449664537697173,0.08203046819110209,0.02445549019348105,0.0547498345679224,0.05372948186449061,0.04424020060985013,0.07270266126016138,0.1473248288652116,0.09707758369650343,0.013481881558717853,0.01787857305944041,0.029399671095660374,-0.0054073914712230746,-0.021568442659609045,-0.004282663043421216,-0.07551998278462076,-0.028180612653446638
7Networks_LH_SomMot_10,0.6206735091752911,0.4412538050969137,1.0,0.24009911920067323,0.2611713140843369,0.023956419095681445,0.033809947235739386,0.1250301970210723,0.045989881437047554,0.01517979239181138,0.24723245757100382,0.0838893381492666,0.004903525351968197,0.1750951442677128,-0.002574767451108607,0.26988819600288017,0.2281686213227915,0.14421189647296837,0.019021735859583895,0.10042982163048299,0.20230872138854003,0.17606135829226663,0.1437495857953664,0.09709675935777261,0.28163514358009206,0.2917704242911814,0.0497051739800657,0.2740755213211706,0.016533722954523634,0.27934438010343476,0.39740179309693335,0.40840435226626937,0.2888155467401222,0.42915152054960753,0.5868605134035549,0.30296570375670856,0.09911586889091537,0.0861013050275672,0.26393621699306513,0.050217243116810154,0.22657650736560997,0.24279951562838717,-0.005785431946031131,0.10467498323352417,0.20633332427340914,0.20011728180303276,0.054726312396653376,0.10043562628306955,0.24699975058995666,0.14181772464031556,0.12463927517437709,0.16757237922504228,-0.03370870016504095,0.2920815308205129,0.23271144985075481,0.2372354640003192,0.26157494643724594,0.1197301051295046,0.06672708502406267,0.30351367174787364,0.11741796350706182,0.3175411253169283,-0.1837185909508021,-0.22116572002769105,-0.2085615955113826,-0.26867844971562255,-0.290756021597713,-0.30899881154529546,-0.24173107246998773,-0.25318732627189877,0.00710442117406373,-0.08818160338692348,-0.08115973138215377,-0.008682208409206905,-0.07440293980258976,-0.06251721092587509,0.0006094468952591814,-0.09092331605511217,0.12226660960948203,0.09179509158782703,0.12606690139464752,0.027678574887214816,0.02473897069175461,0.015544233829066468,0.11004841270799567,0.08347159685818216,0.13844430620238554,0.16526264782283964,0.14600774117456397,0.012322239224813781,0.09758133557223032,0.08755957207792475,0.11200338315416539,0.14136730028643102,0.14447476767567388,0.06856903756260686,0.05141800452626744,-0.03781229423418961,-0.06917927463826319,-0.08012314185525941,0.08174379331545993,0.034834080910289465,-0.0036159705075283996,0.0028028174230111023,0.04203721782663061,-0.014069522121210074,-0.05583415503331941,-0.0063734746480705925,-0.04618699542443398,-0.11948560463126075
7Networks_LH_SomMot_11,0.40017336317389235,0.4448736258722712,0.24009911920067323,1.0,0.3941577845118162,0.28345720478024045,0.32641252677992705,0.5799408643518976,0.06441361140736009,0.4065483406330741,0.4172907816637612,0.2102501962958486,0.12917263094144124,0.5499516970860929,0.22771401533280342,0.4132638442631871,0.2643716399576399,0.39229775763199626,0.11690865755432658,0.3143930991501433,0.34071284756748293,0.4954006422173431,0.3472827506304567,0.151997683409327,0.28777403918259103,0.28397132724620255,0.17683726002646458,0.4019535524599162,0.25055124900854864,0.27592073983693166,0.22983885152153047,0.33587749417741974,0.3829050929595154,0.38526138320998743,0.2611286940428497,0.5850828436288961,-0.05754927350156667,0.0819326870163827,0.5025873719707753,0.036053159137489785,0.6094267263508624,0.41874211876906997,0.06622972795766094,0.17407461287379353,0.5861303425618244,0.3714127900297818,0.30274648595849507,0.23771015868544793,0.5258538509824313,0.3779327928252777,0.36317938738074923,0.24358732797359345,0.14846682289031768,0.2737566298034283,0.29881745803679216,0.32149740247920117,0.42090732963912647,0.4218835074013179,0.10141661721148558,0.3119932985700512,0.25075148436648875,0.28168740966083405,0.045990323990467354,0.12053537452164172,0.15930744487457008,0.029142745795947438,0.06280104626969782,0.06754403140111141,0.06154428715073318,0.09403268624472154,0.09926820427440841,0.04284178073066797,0.03874947546166535,-0.08356296897907207,-0.06244515076351251,-0.07834986565954252,-0.00037881075827055164,-0.02311593449561584,0.11383429085670545,0.1679240385923609,0.14001185123383258,0.1508993818588039,0.15653283347268274,0.1579003248146303,0.12847752350104397,0.1532548498198639,0.028063567483388,0.0469061475201966,0.03156327765597691,-0.014155139590310962,0.023755483852019643,0.024587180878799943,-0.0037300534675639733,0.039469850594542805,0.041776019862249845,0.00222316378432864,0.05750293441800356,0.0722299261130825,0.00405978233707428,0.10933297585125601,0.08232321151646674,0.05949157464088604,-0.03519896491293751,0.037776501859559525,0.0889792277235546,0.09426767139959735,0.09133896443032986,0.10235891631864069,0.07177688395934571,0.069916665371168
7Networks_LH_SomMot_12,0.41778878140712,0.5374277949888779,0.2611713140843369,0.3941577845118162,1.0,0.5741386924311829,0.659767815857154,0.3216658110479571,0.5428227945047122,0.3769504121242976,0.3593794053890692,0.44844449412469056,0.1824684446925809,0.2857254687703823,0.28907641567901976,0.24662538569419823,0.19101335259904692,0.4778393528514292,0.25474669610785927,0.12135836588522983,0.36804579577668106,0.35680468237441315,0.48427090130612427,0.10156996265105031,0.16845534562095466,0.1844095079675185,0.23976118568453586,0.33011732710631136,0.24599905541901543,0.21375473146237775,0.3226844155822311,0.29811887894069583,0.2866292259785621,0.47022029116327324,0.4050329873448288,0.4915957855113344,0.3072007257258136,0.6742102581541674,0.5303759177463652,0.5867625871871653,0.5411165166858858,0.29844374237131965,0.44988888030078844,0.4145410492211552,0.46909957268376984,0.38883841224350285,0.32709175050183564,0.3393622457207986,0.41590189932113303,0.345652467672587,0.35004064436752425,0.17450094152477363,0.23232836669340523,0.18127707432604062,0.2772008689168378,0.29205111687303825,0.3396992308695059,0.40980255501354923,0.08486933272720182,0.30223035543449106,0.24683671966356194,0.24849102319071203,-0.00605996759593357,-0.027903570822367833,-0.023911804233422724,-0.08697756384604874,-0.06332034296648265,-0.04111673978453211,-0.07144241196263142,-0.07474865660436118,0.13832419380412092,0.08849890383551302,0.0813675822867202,-0.001967825024415671,0.027245580724570135,0.024378501392136143,0.0632864107992682,0.058045163358765556,0.07764772304450927,0.08578827827897441,0.06374249117879167,0.05821129504621009,0.060492003137571235,0.042991788721931296,0.05911274632608333,0.04318882511824384,-0.02537810938575024,0.006630656889779168,-0.0037004955973011606,-0.05736239145346466,-0.012971074353019498,-0.01565641112804364,-0.06643643241304055,-0.0071702577625361264,-0.05018582086254678,-0.03815120599854706,-0.07805929380081299,0.11503930714877779,0.06423132820993516,0.08488256992277571,0.033902859800995264,0.012195067852074193,-0.07244912104336396,0.04593922661590856,0.015715502005717145,0.023262177103927913,0.08844019280752749,0.08819652917244022,-0.038726716608734335,-0.025115875056632223
7Networks_LH_SomMot_13,0.05702218379649392,0.14007065062915955,0.023956419095681445,0.28345720478024045,0.5741386924311829,1.0,0.5345591726107404,0.3279349085689189,0.260664887948572,0.31740223881425816,0.00716875462855387,0.16033573144758295,0.31157123452244406,0.2184647868599147,0.17823615709337567,-0.04951580185678162,-0.05365802312938752,0.2733667915235344,0.024593223276647036,0.15547847669449907,-0.017985865329336746,0.13389943313415853,0.1354138310278117,0.037381989120581126,-0.18315674218522787,-0.15796434464321968,0.10812766684182151,-0.021337199940935334,0.012427916832452642,-0.12761171598969906,-0.07606190886553686,0.02507765819558394,-0.05312204930603445,0.049798148368014335,0.20316648053407874,0.18725197365921084,0.33423131056892796,0.3773093049274599,0.4569001635744201,0.25888880469075454,0.3480326329035227,0.09803702581106105,0.16187405030244545,0.02935948597831887,0.28771018870901444,0.07355058859876198,0.20418975217099614,0.05697306642656306,0.1336327298419546,0.23063945324447627,0.12870572481039483,-0.00045630054483284874,0.08540288733671052,-0.04418441405027296,-0.018995923509663563,-0.06089061765489732,0.07713175261204153,0.21144025157848637,-0.039161532560091715,-0.007292321525058845,0.11429642222091892,-0.06924834760906003,-0.06113562368234906,-0.10702414143560489,-0.10297270282720085,-0.14175670653035347,-0.14628566013817357,-0.14670808851250577,-0.16331619496421013,-0.13495324124330374,0.029613604858400484,-0.005423072228682793,-0.017010121101160704,-0.0459941156328161,-0.03652109744885836,-0.04568211005121305,-0.02611407440165391,-0.03926201494547965,0.11080516752211181,0.1055801988140176,0.10773271677320578,0.030015264528122015,0.0497649530974683,0.026250470791718192,0.05824888218725731,0.055687283328691446,0.06088111299131938,0.053076517260443594,0.043820177230655795,-0.019164073775586286,0.014285808148734118,-0.009390944107105862,-0.03535938927364486,0.013705407334243316,-0.06594554595978704,-0.032723120573468635,-0.06539527563244273,0.003923387660178798,-0.0005818795140686828,-0.010198888210898758,-0.07295442200357531,-0.05176163872083487,-0.07070313331944843,0.03959274376951265,0.017856333897642216,-0.002527603690945961,0.08355067292876829,0.05047515174066319,-0.10103970211962202,-0.05813886329280736
7Networks_LH_SomMot_14,0.17016520980695535,0.26680513271318146,0.033809947235739386,0.32641252677992705,0.659767815857154,0.5345591726107404,1.0,0.4179622685096512,0.5166393471683995,0.5296702500034475,0.2918600206149272,0.44725959516037334,0.2778137435712138,0.2945574097885811,0.25497515610828114,0.24189371211592753,0.2185413303409353,0.44853256681117937,0.22277712732513388,0.16872448713025376,0.2544021818784801,0.32890749991690754,0.4804027519406367,0.05850037735381522,0.1608440496794918,0.21209886702097094,0.25525066298555393,0.24787870355931407,0.23793725551149408,0.16803771353884628,0.22229045996963007,0.24446178218051093,0.19921905305124613,0.260076653848705,0.2105396952622315,0.41588008812122534,0.16571671367099142,0.5643935164415175,0.5304632874223579,0.4930374916122758,0.472330075956147,0.24911945670571398,0.3962371723941185,0.3372885672580037,0.4458994018348507,0.349728562086353,0.30858162944618867,0.36473622888108354,0.37669772893730546,0.3217490631293918,0.4176099426853706,0.22454515064811778,0.35534766279239594,0.18302628054607867,0.2518821143777679,0.257213030838877,0.29430764487128724,0.43934693485302884,0.05850903807556002,0.2987919050233303,0.2954274312312906,0.1885775311524566,0.0863101162830698,0.06777941291509057,0.07637556093443736,0.0346116491202455,0.03810636713403918,0.047554471057071904,0.03591861689783624,0.02904790948280884,0.09778506203894663,0.04143005665619513,0.05596119080026885,0.0070181517684456945,-0.003776634726471466,0.01446773054245205,0.038404448569260785,0.03793258150230811,0.09455479304665665,0.08975790090137319,0.06629057536173054,0.07538426872052513,0.0906803902840927,0.0829542886605255,0.07806244952953471,0.06535229539398135,-0.02599415776825499,-0.0020647581598173485,-0.012595138838378978,-0.03839962074890708,-0.01486764631894056,-0.01422783601280135,-0.06424822437831532,-0.009591653180843955,0.02025661207079215,0.09324418524689886,0.047073357502794747,0.1534592913121858,0.13656460435707418,0.15634262537688726,0.08380940023911353,0.10614248699115467,-0.04534462749423585,0.07943952096780448,0.046244244788068115,0.08890373636055035,0.13065551585783586,0.12792555919168946,0.04305192125305618,0.08099856745653958
7Networks_LH_SomMot_15,0.33407521353210506,0.27678433718030565,0.1250301970210723,0.5799408643518976,0.3216658110479571,0.3279349085689189,0.4179622685096512,1.0,0.1415167837401591,0.6978272650123881,0.46026831783245037,0.3260621317202319,0.29491051512333855,0.8017555356173882,0.3235962248883569,0.5119685071318021,0.4372252041456181,0.4305572754550122,0.19918267469309234,0.468079290166827,0.4743700826019627,0.6808976625794133,0.47893050664422626,0.12560024379124732,0.34400944939928724,0.3940985816609079,0.2597869496165001,0.515986850156036,0.4060191916836385,0.35876991900869865,0.19094075686596879,0.27488794168352604,0.26049587832100324,0.2675731139479596,0.2850581331892914,0.5138205727361739,-0.1466200941494006,0.12485558548776099,0.5449442483950556,0.10625083658222538,0.633598619895595,0.45702917117903097,0.08829369636851549,0.20381579874476308,0.6823238354898589,0.4935185112373628,0.4063239943779428,0.3817759375307248,0.6283556466245779,0.5157847000458341,0.5504315374607386,0.4039396854366583,0.3837065747350192,0.39529100962487057,0.387511218865788,0.4104736819881094,0.5138372315285371,0.4889516633935373,0.27209123766843873,0.43659935241174236,0.3454166483914926,0.3417448121404086,-0.018321331178377052,0.0076091794067068355,0.04535666729747184,-0.03453308032172201,-0.030850640821902604,-0.028430665363869217,-0.03278351731823181,0.01180081421623416,0.10703259395495533,0.050713755490920394,0.046695750919872735,-0.022551887862868315,-0.0191668169698008,-0.016974407677514507,0.046206104853035036,0.019315129801891606,0.1507021212170671,0.1570455912967913,0.1344509189788132,0.17312809115914554,0.15666392842270227,0.17168677737055066,0.14853231024719624,0.16082869161259802,0.06420149386222464,0.09704320350682079,0.06754256860061482,0.04436977764288804,0.0908523847808042,0.07897120893104048,0.09179425555878262,0.10956612302559449,0.10515928829004365,0.054535884124228315,0.11104508685815762,0.11864654605016359,0.01710438782656037,0.11516570194109414,0.1880092015374981,0.08705931969837297,0.012786124651341718,0.06661148354133434,0.06720749412481186,0.03796901511260647,0.05284524693129735,0.03836627557528038,0.021659245642765602,-0.016455480470794828
7Networks_LH_SomMot_16,0.11456534939601502,0.3028980960545599,0.045989881437047554,0.06441361140736009,0.5428227945047122,0.260664887948572,0.5166393471683995,0.1415167837401591,1.0,0.331878425997907,0.2211092965537347,0.4823860389051257,0.20031214947731052,0.10073266879472148,0.23650901316220602,0.26567892781637514,0.25042197651443765,0.38276672307153586,0.2300386107879364,0.13469018240175895,0.24112528575572564,0.22249766567361676,0.5118491971148782,0.17926685312493412,0.10399039100340168,0.21840476275738643,0.12275120712607238,0.25737876520526864,0.08797354331415923,0.1739614074534489,0.2632748893498258,0.199305356321306,0.13525331113569117,0.1530967556525148,0.14429161448972286,0.2644035333464464,0.19798455877271418,0.697223845619578,0.3850603142783112,0.689799022080458,0.4081844883353076,0.22333291023161136,0.6236043572714188,0.4228573565213239,0.26466814935658933,0.2725099335840085,0.36033806106405425,0.42463667824369855,0.26151825536166357,0.25620063414976485,0.29626718225069054,0.2290892816537513,0.21080634799420894,0.19299158017919296,0.28111281511875313,0.2647357556186297,0.22490579320437368,0.23509068301918656,0.10647850061519101,0.24158662106121453,0.20765246561147416,0.2677474375625444,0.07153795994993821,0.020020843199877746,0.030427583965974267,-0.04165415570971882,0.0013287643602568555,0.0141245412829189,-0.006909608213375982,-0.018948513734894874,0.09007097575594455,0.024772576173381678,0.03970866995673944,-0.034867018705157724,-0.03953685672548752,-0.01729349213309004,0.0059909031213630495,0.01752688843534107,-0.015644329852775835,-0.01716386223369299,-0.017249005401928037,-0.01800764801119564,-0.025645402091223447,-0.034310689458097676,-0.03576715113314312,-0.03383743924859214,-0.016214822452463737,0.03952865068028683,0.0068369819924874115,-0.061848841962879916,0.022763885831160142,-0.00023562165348221676,-0.050267962062647054,0.008628324786907636,-0.06603709027847003,-0.05296715930098898,-0.10327075751935813,0.06691901464124096,0.03731192050535583,0.02486793971227436,-0.053207350589289465,-0.052769356062532614,-0.18533086088871822,-0.11903686645095608,-0.17275288177900194,0.052986368168450905,0.024279114278632923,0.04246320149249843,-0.12495759266314141,-0.09445629462753237
7Networks_LH_SomMot_17,0.26680838001663454,0.20263767167913058,0.01517979239181138,0.4065483406330741,0.3769504121242976,0.31740223881425816,0.5296702500034475,0.6978272650123881,0.331878425997907,1.0,0.5013490078909574,0.5334622667900712,0.28206064993913726,0.5056221555153827,0.24764121839444658,0.4702657511787097,0.4130024211335868,0.4673287855605547,0.2696128767921602,0.3655448354287273,0.43956529081863616,0.5896087953471588,0.5428878597628695,0.0647368445037702,0.30250075961388134,0.34344948359038674,0.31834051441086925,0.4349512941632838,0.43712431902458326,0.2990436808339246,0.2034439255515498,0.2805836022735274,0.3031337257178225,0.17939063221216056,0.19628660426926586,0.4903538424877371,-0.15101090255807018,0.2831971368666475,0.5384419290184084,0.3439515398433523,0.579102221048857,0.4898812461128768,0.32278222649807736,0.43899250970896686,0.6142001621217156,0.5409398215136687,0.4228054299592758,0.44397218736231425,0.5697595240838337,0.4790097463119079,0.5676853835276193,0.389666403607753,0.4827805859650592,0.32592449530217443,0.3630807937858574,0.3959588655073535,0.46024148934281656,0.5129325984372181,0.23762827111808613,0.42988690491295195,0.33108680400713725,0.2916524609602915,6.107137853286607e-05,0.01310735624607182,0.027038773663929448,0.004862847461709098,-0.01022405899486051,0.010557121901568422,-0.008731504425806285,0.00615458078683234,0.045706918982015836,0.012488569361971211,0.02454780171935407,-0.024964572156075913,-0.03854528020819674,-0.026889303145277196,0.017650888797598366,0.012896471729967137,0.0567254646700482,0.03557879570538083,0.007430112813658193,0.020910120706716277,0.0008303038971315946,0.0121242360640328,0.008796240749169949,0.020735500882343882,-0.007821029745321437,-0.026387038909289832,-0.03746540865690536,-0.056131208370961305,-0.045177749548112364,-0.05901145256573557,-0.027111238394967922,-0.044809876625871485,0.02883894999076808,0.033214309410741084,0.04051887098779875,0.12151931184669844,0.046666487264413414,0.12109427644163963,0.11769625393275357,0.03783722194809947,0.03545499227204335,0.07888961588853943,0.07556929813051459,0.05849893884854469,0.09223461385194826,0.09894229218091824,0.058820499720180885,0.012279889419953536
7Networks_LH_SomMot_18,0.5592479740285933,0.37729755903163287,0.24723245757100382,0.4172907816637612,0.3593794053890692,0.00716875462855387,0.2918600206149272,0.46026831783245037,0.2211092965537347,0.5013490078909574,1.0,0.457920787313978,0.12324284061738851,0.4917192523655881,0.28085498575344536,0.6247791467688001,0.6037150240121206,0.6326608236649167,0.27611419001029175,0.42128731434694044,0.5582773487871475,0.6254425444755376,0.604928337522506,0.3207261082000801,0.4380262162614799,0.5053163421570529,0.35912388474793244,0.6429515077710747,0.3627146157914036,0.5033180280263727,0.5085056091797342,0.46320971137735134,0.5650600573002051,0.39139882886145877,0.3992239820609358,0.6306344590934455,-0.20574212501867817,0.2555768991714598,0.438926072682238,0.30321314773422353,0.4981058839381437,0.6244747893930933,0.3306639434759906,0.6468561333567882,0.5596576429358918,0.7719040855104699,0.42014230529219726,0.5066368660680883,0.6414984166402881,0.46609226084085825,0.4722008158515391,0.42704428250631926,0.35980630937827324,0.49686644549435205,0.6002233545004416,0.5924492477098231,0.5711127985258283,0.5996207690003061,0.2714344252224436,0.6090932848562702,0.4348377191039132,0.5118667182466478,0.029233960793763687,0.056694083474659346,0.09279073223405149,0.004765492565457032,0.013100323981976143,0.04702434500806851,0.05264277264853292,0.07035647074126819,0.04226557520389725,0.004304547243789513,0.027429035836961106,-0.031180264483245283,-0.046746386843355095,-0.02358815439104555,0.021849199374551237,0.02138273351552892,0.07698551253191177,0.07749430160022953,0.06973505268898617,0.06423469097787729,0.04968947954114716,0.0670414184378659,0.0714242336214369,0.06208920278358364,-0.05656717306213841,-0.06160649522500201,-0.02371013878229914,-0.030764374462074875,-0.03295903592898408,-0.02465394329402529,-0.020233349578855184,-0.03137059076050129,0.044663551334249665,0.020895025628686816,-0.0042330865459863165,0.14067107503188686,0.09943717976671404,0.17454104198942372,0.15835853600161617,0.0875603602220232,0.07416865166456017,0.07812655911726542,0.09187934053575553,0.0032281871154914016,0.056636064614192794,0.11456174505230211,0.042922706239573234,0.04383673066844554
7Networks_LH_SomMot_19,0.25469015363529235,0.26022845036134923,0.0838893381492666,0.2102501962958486,0.44844449412469056,0.16033573144758295,0.44725959516037334,0.3260621317202319,0.4823860389051257,0.5334622667900712,0.457920787313978,1.0,0.3505341312242552,0.263242406062265,0.32449293408063806,0.39066480292583244,0.3469413751490571,0.396390913205114,0.5321735453340108,0.14651535356441697,0.4766151011749091,0.34563638155076143,0.5779574450054951,0.06713687011341103,0.27195983687973985,0.26752631420944156,0.3889464913663186,0.32045408602354747,0.3833405465979272,0.2144992267353275,0.24712785434975848,0.24699904538447043,0.36316456830422816,0.24430446148436485,0.08613588676117694,0.3521671742749003,0.03460231139944025,0.44047579636871204,0.38559298450052804,0.5111894704627379,0.3880034512407908,0.3818710159634203,0.5394595909594118,0.5927749399087763,0.4844322018170271,0.39509114062692036,0.4682098512805164,0.5135709743465685,0.35121454725520934,0.23040572237080179,0.5058355470746763,0.3410625224695587,0.42962645425032875,0.25078874223542263,0.36280810463731095,0.3479235521442313,0.2776212431176962,0.4237687986084493,0.19689975899748358,0.3836970800525893,0.2840797500477737,0.21365297169445754,0.02014622567810254,-0.005486087620278379,-0.00037935668107352377,0.0022223444567459685,-0.017078633580410146,0.005322400580186622,0.0013313961328291783,0.013140440369119693,0.026877557639532205,-0.010938993838842354,0.020610054104226123,-0.0481875396431259,-0.06382231027786947,-0.040405751690520054,-0.00042921014837541907,0.0014242262221633754,-0.012464476665395196,-0.01926530893528024,-0.050243531386020536,-0.0314574002225356,-0.02510040783283742,-0.022925580185666775,-0.05990481021426377,-0.03575523575997072,-0.07786225453789039,-0.06226135882054091,-0.04669957163216415,-0.09852737111603779,-0.08676484643109497,-0.07309629887778706,-0.11605757595341498,-0.09132358204724261,-0.04215201252826282,-0.0073486171638172644,-0.0021607979045031715,0.14306017248057923,0.11837462976153729,0.14849020657175183,0.055666516453205396,0.04076068228554223,0.1113767117334562,0.13918600772034842,0.11953432530336093,0.051039411676060215,0.08361760293238509,0.07044250972956005,0.02426789408654539,0.006050754453872697
7Networks_LH_SomMot_20,-0.01044779766536424,-0.04639661392277768,0.004903525351968197,0.12917263094144124,0.1824684446925809,0.31157123452244406,0.2778137435712138,0.29491051512333855,0.20031214947731052,0.28206064993913726,0.12324284061738851,0.3505341312242552,1.0,0.2956144281686171,0.47340950527304554,0.15498375532036482,0.1397560240637784,0.12462851588696669,0.32543229259758905,0.3010150873154748,0.16925751476733022,0.0797973381501406,0.258948080256817,0.15206224973563567,-0.09866431125103371,-0.017060081956111438,0.03396137864236475,0.04881296192346992,-0.07577820117384368,-0.0394331679983201,-0.05461971632893747,0.10974591142697894,0.017337782092292846,-0.09057871993590912,0.06918764157738588,0.05251806300589966,0.14528916656193655,0.13527640850764378,0.18257772686476867,0.13703864586177514,0.16869787171356893,0.0760936241704176,0.21126032570402736,0.13915347109620457,0.17647002572617468,0.06788405741887606,0.45950157633024674,0.23799499810746283,0.013560747057456975,0.09614246070504591,0.23950409076100865,0.16509770525925918,0.1855956954395791,0.10354847895699379,-0.000478913525126461,-0.06170329074241697,-0.024433200341068086,0.06758460094318401,0.059243448195053325,0.0020725044977368337,0.019648825553703914,0.03478092291940902,-0.10392049345718371,-0.11086167543072016,-0.10038671771264066,-0.09443490419910652,-0.10111424627568906,-0.05377581488548945,-0.14111724707158835,-0.08535728122114966,-0.03532720099716233,-0.04161569823975172,-0.027693497961814712,-0.07207345559261084,-0.05841003070941945,-0.04397776906837436,-0.03648076189444804,-0.035652097203742295,-0.035978534558992,-0.06718562594833427,-0.06518570864355679,-0.043190819070987346,-0.06294205587735179,-0.039914446393419345,-0.08517619109704759,-0.046186599079394125,0.0442476806513418,0.09093625388283551,0.07159452129997429,0.06346552568523732,0.07471281673346082,0.04435955759707001,0.01680168531786727,0.05547294067307341,-0.07982430589253425,-0.018860884479894393,-0.03292938306904979,0.04460838637900055,0.036980402466516994,0.05180067661344216,-0.03642238724636382,-0.06076333650886309,-0.045918528550154936,0.05022127497650801,-0.014520544247387652,-0.014492841929519594,0.05294986316875904,-0.03556100336594871,-0.03989465684483688,-0.060672258498332965
7Networks_LH_SomMot_21,0.37099916472028976,0.32601330856711097,0.1750951442677128,0.5499516970860929,0.2857254687703823,0.2184647868599147,0.2945574097885811,0.8017555356173882,0.10073266879472148,0.5056221555153827,0.4917192523655881,0.263242406062265,0.2956144281686171,1.0,0.34414481918382755,0.5595080052775098,0.41837280143449007,0.44045868151725875,0.1873851146754565,0.5782692003717375,0.560999559436936,0.7743962283078316,0.4999431801873034,0.25918075586260614,0.4618596436477678,0.5032640260242366,0.2583378661450127,0.6620417686515266,0.4122158129673107,0.5276602986753615,0.22599686976931524,0.30846613418801827,0.29987200448552803,0.3381307751307548,0.3243177355912064,0.5047702013991623,-0.042576791235455665,0.14190947048172528,0.5124056984820057,0.07300102012995364,0.5979034218743018,0.46064836728133884,0.062465967719307736,0.29678557316326004,0.7125323637598786,0.4978165224616264,0.3985999843357151,0.3664695715790909,0.6897135975400551,0.5043548584918282,0.4704737593872278,0.3295813624722685,0.26110346108565125,0.4780332843574457,0.4363499535711861,0.4980138432816384,0.6101852606932185,0.4663898985194709,0.350432522629907,0.526437348674133,0.3375808879260843,0.4832804964284374,0.00458538367724344,0.00834927221609253,0.048395543777321685,0.00902684212839071,-0.009620781889433185,-0.0014215961707547368,0.0031726204893957797,0.03204760443761492,0.12273414743580709,0.06684585447035557,0.06533393712465195,-0.009258861138581197,-0.0060797461182481305,0.0010190923972938435,0.06340437712895751,0.03749994981351204,0.09091026586660361,0.1234634548368631,0.10355011300355838,0.1482928195494918,0.13797846623019216,0.15405675403325667,0.1080925839112076,0.13597474059466091,0.07462336457811311,0.12985278012800566,0.10417173051017317,0.09063273379162298,0.13758959565175716,0.13224120549037477,0.10145973953398799,0.14662401833194066,0.1010831764516451,0.06815217653876261,0.10343040126608134,0.140805369803431,0.08430643179992024,0.1366143510230267,0.20248792788684428,0.09705932166331732,0.007865636679655955,0.07576925301208774,0.07920805042025696,0.0037072490187235723,0.03306291270648133,0.028538977007694602,0.042167715663914924,0.014051445505664142
7Networks_LH_SomMot_22,0.18801782538082845,0.17825234088471248,-0.002574767451108607,0.22771401533280342,0.28907641567901976,0.17823615709337567,0.25497515610828114,0.3235962248883569,0.23650901316220602,0.24764121839444658,0.28085498575344536,0.32449293408063806,0.47340950527304554,0.34414481918382755,1.0,0.36895089248633045,0.3097302952540089,0.37017885910589104,0.34832572275894386,0.40245391424699123,0.3564060584236194,0.3480251134296722,0.44659050953506385,0.3119546650108051,0.09495386537014286,0.2321104509495368,0.042553044830316904,0.3541356207332607,0.07015091323369202,0.17979303222895118,0.16043715918144602,0.09137001672832634,0.10249482189085182,0.13716089529172862,0.20287076952109806,0.2556788358475174,0.019682497161858364,0.21333968790546287,0.24991499919448984,0.1794084462578156,0.30793194575065497,0.2840838270478206,0.2601571048956428,0.21767777472170846,0.2350155009133803,0.3068414167342816,0.3928970546221689,0.32021688418319133,0.3134438633617015,0.3108822302451476,0.2754153129907543,0.32555973305621755,0.14262019493585473,0.3047731168434346,0.293255819670356,0.2383123290046426,0.22272498831587437,0.2423570486814648,0.10526980164357129,0.1947296665219174,0.21288330401701142,0.23192486313189833,-0.0316420731887016,-0.06078578190979991,-0.03805897738945242,-0.03376170298679674,-0.055781203435033185,-0.010977149719337543,-0.06539954215411722,-0.05344672733470486,0.01838656437925728,-0.02127810887470575,-0.016848734116674268,-0.1032021621834485,-0.08969566825705624,-0.09402702101075595,-0.03627224874099374,-0.06288374710885669,-0.00983317745828673,0.01537591412882789,0.0034478773328710036,0.014617947601309078,0.03363639758157934,0.0513265067291148,0.004186242001849466,0.038377447131749086,0.04546414253517135,0.07136727622027829,0.10602528698325844,0.0050932974973712155,0.05963239920347672,0.06597412709442639,0.027236167786374894,0.09964192620426392,-0.015709740197186593,0.06345326873616847,0.07539268002745554,0.06358832623182402,0.08989861172637507,0.12522199990339083,0.010835293503951685,0.057582074549504134,-0.032070690244367324,0.032711252032006206,-0.022899536273537153,-0.01792602619700544,-0.000176269124152726,-0.05867119672179978,-0.10736018815208295,-0.08831051092618698
7Networks_LH_SomMot_23,0.4999267747387618,0.4254534582942416,0.26988819600288017,0.4132638442631871,0.24662538569419823,-0.04951580185678162,0.24189371211592753,0.5119685071318021,0.26567892781637514,0.4702657511787097,0.6247791467688001,0.39066480292583244,0.15498375532036482,0.5595080052775098,0.36895089248633045,1.0,0.7712543949395803,0.5881460184044136,0.2148304161159543,0.4949694662805733,0.5310454425450655,0.6215035074699454,0.5919381358863073,0.45731220703123904,0.4794294169755468,0.6892824081814586,0.19870444796397704,0.7112854488095104,0.2412638559488378,0.588625591588922,0.5123885642785273,0.461424224237251,0.478862910523138,0.3286531747511243,0.3868783504801931,0.5717324058238884,-0.15694494928007457,0.1749155594472927,0.5125941007937375,0.18474869404625424,0.5528402559153454,0.6064530053859121,0.2902308707499697,0.49309120665289524,0.5499672663728873,0.674249179774569,0.4437342519005346,0.5263887724815229,0.6679361568642069,0.5326308526514908,0.4808204104013868,0.697133377510152,0.253127046102917,0.7015377580736747,0.6469186512689952,0.6514857281202925,0.6048976416372661,0.47408439082592063,0.32761068761492634,0.6308095601114594,0.41994403967563604,0.6041303780767113,0.07181347816781976,0.13374582718400763,0.17048263698756458,0.03741102041679301,0.0945795731252087,0.11033496531868005,0.10104450927527799,0.1252761085381744,0.08276902527854725,0.0008329495080320807,0.016068794810790644,-0.06046081521320634,-0.08851064161360045,-0.06910876598361355,0.012207870615978193,-0.019691875274430674,0.155307955652194,0.201845136354826,0.18270879896742295,0.17583599197039698,0.1892141006931117,0.19454715546446905,0.18779616667891627,0.2155911681673245,0.07602607298106599,0.0928688536076665,0.06986983540034741,0.02407812746049165,0.09469408937971467,0.07986681450453421,0.07794352522128958,0.11106546459820624,0.19407967855566374,0.1638944533597292,0.1606930946812523,0.15113451946712558,0.09422146558236297,0.1576821407476133,0.2128971199862848,0.13910218253684026,0.03235401022452145,0.061035861551043895,0.07526070224132884,-0.01320118270796406,0.0006253748529819409,0.0317157266233027,0.014718236935922694,-0.0035167448022083428
7Networks_LH_SomMot_24,0.44868103165640033,0.3719420174620907,0.2281686213227915,0.2643716399576399,0.19101335259904692,-0.05365802312938752,0.2185413303409353,0.4372252041456181,0.25042197651443765,0.4130024211335868,0.6037150240121206,0.3469413751490571,0.1397560240637784,0.41837280143449007,0.3097302952540089,0.7712543949395803,1.0,0.5935882129339958,0.14035910846583322,0.3666224118353484,0.45223008429878847,0.5079708288450581,0.5215746585876552,0.42831580866939145,0.3633189594169022,0.6446262968653256,0.20136528879558852,0.5880348387557564,0.15203379351534183,0.4908982375743481,0.446153254616943,0.37846644494427806,0.4593149275543243,0.23895515109937907,0.33277602337179857,0.4867148918551278,-0.17545425646014073,0.13262010473410285,0.4657181359387101,0.1469992504725355,0.47088097941601786,0.5159015367906625,0.2554306303853849,0.43812843084900444,0.42803818281708916,0.6951409554592083,0.3994536927422088,0.4804234557964521,0.5684345544609453,0.48503523979624963,0.414132558441647,0.7853160551551791,0.24505164362150336,0.6457659626363801,0.6155384580254063,0.5685458198251809,0.5150268174383799,0.47455347237752676,0.27962547484300065,0.5937399312283039,0.4420636205280956,0.52105264867207,0.06287526796942475,0.09227926814781864,0.11964897975368803,0.05336424317255644,0.07842662704303131,0.08779713535518817,0.07379296911365667,0.11067545787819878,0.05428750473035314,-0.013129242838553176,0.009809635935864371,-0.027187106178269436,-0.05127591955257957,-0.017460064976701592,0.00957456178934329,0.014537214879693646,0.12890186535023482,0.1449624336416399,0.15102246527921043,0.1408218215442694,0.13405986601745346,0.1563544047914184,0.16658304778015856,0.17592087674317544,0.064318990202386,0.08144088555933265,0.07808945853495254,0.03375574965176713,0.09318733100545568,0.09134653464692534,0.10567511054619562,0.11196234771035722,0.11453075222108394,0.0874738274257907,0.09451369484699783,0.06542913970808538,0.028351433917190475,0.09664533805361798,0.140124345814965,0.09025979112806455,0.008953317189816668,0.018920659238854838,0.041636272220467785,-0.01537751684977848,-0.008480949351169656,0.04280580439869623,-0.01598176464140488,-0.030542938088196175
7Networks_LH_SomMot_25,0.4139554506575535,0.3776562439892457,0.14421189647296837,0.39229775763199626,0.4778393528514292,0.2733667915235344,0.44853256681117937,0.4305572754550122,0.38276672307153586,0.4673287855605547,0.6326608236649167,0.396390913205114,0.12462851588696669,0.44045868151725875,0.37017885910589104,0.5881460184044136,0.5935882129339958,1.0,0.08983060959651702,0.47139252792206743,0.3955049308434701,0.602517059109367,0.6074710206556763,0.5708428378341752,0.2191065578459664,0.5121513865401761,0.36134426435042777,0.6371477145586025,0.19531917300469112,0.5093525172263873,0.4203583979310269,0.3678071193662816,0.32037368010687867,0.27353648992529483,0.42472508835589634,0.5177489911399129,0.026801567478984278,0.45441087037167405,0.5537378188155252,0.40853016928228175,0.5422412402491003,0.577264058483161,0.3164915248065688,0.5463171295659004,0.44000934687317933,0.7417821307320475,0.35081538611083635,0.430350869119757,0.6361163482055955,0.6286260149375829,0.33534477814787583,0.5882964081999147,0.19080516881915718,0.5056094804805986,0.6961221643927903,0.619915934818478,0.6176837753504903,0.7010283210288579,0.1975974320393581,0.5898097592582864,0.5770903236497329,0.5140285899623434,0.07306933233660962,0.08179633933398454,0.09559305590218985,0.03515534104073887,0.05836919204656462,0.07395364993666168,0.03623964639479391,0.0397902386449319,0.045373851466764134,-0.044956395303017475,-0.04375798036777344,-0.13503430653411075,-0.15043691969211825,-0.14145437260532176,-0.06770892280212024,-0.08819583248285695,0.09462427757453726,0.07253727924639183,0.09178381036739168,0.04145460181515468,0.040192928092806265,0.0817888612324775,0.07930773304597306,0.0829988985955154,-0.0356344898060836,-0.03389494147232489,-0.008423767998074008,-0.0660175742919485,-0.001543078474332206,0.009881026944988514,-0.036539611812187824,0.006613074448916499,-0.03285895163372071,-0.01532917694394669,-0.05781952941674151,0.029722672090487588,0.0032530294367652843,0.040103008800633694,0.015050654727688628,-0.03680262162726937,-0.010681402977219846,0.0068197420613292726,0.012630408620379117,-0.019214162297096216,0.016660017620783188,0.09200511423531728,-0.09326651569857268,-0.05289265480562043
7Networks_LH_SomMot_26,0.07767108460727683,0.05508925941764944,0.019021735859583895,0.11690865755432658,0.25474669610785927,0.024593223276647036,0.22277712732513388,0.19918267469309234,0.2300386107879364,0.2696128767921602,0.27611419001029175,0.5321735453340108,0.32543229259758905,0.1873851146754565,0.34832572275894386,0.2148304161159543,0.14035910846583322,0.08983060959651702,1.0,0.12999585446164058,0.6134948601746492,0.20919855302351248,0.4965578121804939,-0.08102398521164281,0.3639375600113045,0.14363055166779162,0.407379675926762,0.15857399165847236,0.5362372846264656,0.08308487163391431,0.07845256503651807,0.10748378235822417,0.2040136756164886,0.14427532140409544,-0.06710776526059181,0.13027998330575702,0.04957103270178064,0.2309951694336673,0.17046255708879993,0.3101110318365422,0.14488926933118695,0.1893307146582395,0.42534802184798287,0.3398498469638423,0.29720363198417993,0.19873414314321766,0.3032513557638041,0.5109877005548603,0.16430086717443873,0.18105599413591006,0.5163675971700578,0.16049939321246715,0.5396343718603617,0.21360964162885265,0.17302882302498915,0.20258802620593092,0.09428645337998234,0.2724396832911809,0.25469393885842323,0.23489231130580557,0.23936791165266258,0.06122036661475468,-0.0041334310517841194,0.010712020868077274,0.02115244090906787,0.02596564792887515,-0.002135167413826322,0.02231219226065908,0.019626937556672375,0.04285825581307685,0.06911488672263964,0.03828969518220795,0.040073907172801466,0.009599024588473646,0.025436433442480522,0.037569183652038596,0.04434303333892299,0.0471070930003815,-0.007001927634851817,-0.016351189314131074,-0.056524378502574885,-0.03424732980592708,0.0015678352403282667,-0.013643238091793719,-0.03871402018007458,-0.028781053682704002,-0.12433978568470296,-0.09641693255998605,-0.08594777169564086,-0.0966683678994558,-0.1178132408960874,-0.13722709918014936,-0.13694960080289922,-0.11660350038949918,0.03661313287482865,0.036033189336151177,0.06580553054396436,0.1239388659154488,0.1129216322742709,0.1426041400058329,0.10753780862888544,0.09030843277681698,0.025655752364569857,0.071169731470457,0.05033640461469393,0.03097648183870925,0.05506066856076828,0.026135593103666848,0.10515264986944098,0.04395150777062514
7Networks_LH_SomMot_27,0.26877130911174096,0.14510268979760044,0.10042982163048299,0.3143930991501433,0.12135836588522983,0.15547847669449907,0.16872448713025376,0.468079290166827,0.13469018240175895,0.3655448354287273,0.42128731434694044,0.14651535356441697,0.3010150873154748,0.5782692003717375,0.40245391424699123,0.4949694662805733,0.3666224118353484,0.47139252792206743,0.12999585446164058,1.0,0.346362693631801,0.6564607906917873,0.4209084250330159,0.4931111873752815,0.2676691090223969,0.41644869273723606,0.19223244179059643,0.5726121529966692,0.2353110901035556,0.4679205398136735,0.20926095283588675,0.2089203737438336,0.23368280285075665,0.17040516424929164,0.32228191994720184,0.40576717199152995,-0.061521763513464146,0.11860593931871508,0.39102500103043497,0.08604427358978595,0.3907299368962892,0.46658854869307925,0.09243171811398485,0.2980057601828214,0.37790124258814073,0.43382746012436274,0.33205509185364507,0.2981513820031551,0.5352992455095807,0.5609602450499815,0.2738337687093564,0.30819622665293117,0.18120735438276145,0.48948879356348585,0.4345811201749104,0.42481947417259003,0.5342076953819335,0.4086787037472622,0.35407608469949475,0.41016484169413964,0.3595687143648,0.4387544291351572,0.028073844338205083,0.05754145805077064,0.08602653236113342,0.02161737617673278,0.029409703523498577,0.05428181574439949,0.04165144386126852,0.04562564094726283,0.026268880435306056,-0.026084515805825215,-0.04011604563343737,-0.037012322403612095,-0.05099993977401648,-0.04662082325355151,0.004045736932876818,-0.048231458941720144,0.03362870065458501,0.022215682655774917,0.03921633108088207,0.012940687790605278,-0.006467753909569756,0.02707341412683329,0.020624477230712722,0.047464966305942234,0.04165247139948186,0.013130632354050032,0.011827857915835039,0.0006275282192139785,0.014451968000447563,0.023073124450131526,0.04470134735235014,0.0187278885796477,-0.054689661414766035,0.03137643246937,-0.012527168729517054,-0.03822120871226714,0.015772462446860366,-0.0021771064814340596,0.016856045573115666,-0.018184424619915,-0.020822131896775252,0.00028956244180447884,-0.0285084041980997,-0.01951707606831143,0.04344217887348548,0.047443650061626375,-0.0029254378511158773,-0.0443664902196846
7Networks_LH_SomMot_28,0.3995395667888176,0.344918362991835,0.20230872138854003,0.34071284756748293,0.36804579577668106,-0.017985865329336746,0.2544021818784801,0.4743700826019627,0.24112528575572564,0.43956529081863616,0.5582773487871475,0.4766151011749091,0.16925751476733022,0.560999559436936,0.3564060584236194,0.5310454425450655,0.45223008429878847,0.3955049308434701,0.6134948601746492,0.346362693631801,1.0,0.6635745968564529,0.6779898624303382,0.14755401193178705,0.6026201986914129,0.544392221111595,0.35073961000453807,0.6793574111972868,0.6314863241762666,0.5476779833801372,0.3182724778790218,0.35612366025562336,0.3691574656691763,0.38094342415625965,0.24938891267218102,0.4252085648374609,-0.02514028595640127,0.2868408551714472,0.3593608032976509,0.3011640381770589,0.48132466912558436,0.4200535137138478,0.3213115763592808,0.47686072951378355,0.5871943808085786,0.5408303232190173,0.3702622741282584,0.620267841081168,0.6461670075309957,0.4777706013837534,0.6679972187545473,0.35922723032151044,0.46714945080684606,0.510001445731807,0.5495296875904029,0.6470799392680204,0.5737060435315685,0.47836549893864805,0.43932931631668043,0.5929885520249636,0.40626621810889246,0.5125608972620669,0.020203333703795477,0.06743913909517248,0.08487903451099757,0.09474794503119432,0.08146624822842248,0.10314231964017373,0.0860349405768822,0.09399799007632542,0.17250978533161976,0.11185911613051733,0.11414279619225656,0.04037772135931961,0.06025133745245322,0.07231514519696892,0.11073057152285869,0.10985120588683615,0.02140791057206285,0.051142049408082056,0.018653527793864696,0.06637286838547106,0.06836291114509245,0.06361158260928204,0.030500705021443614,0.03854682649560475,-0.08096923979524667,-0.04856834709242646,-0.034940800744187685,-0.07340341455011115,-0.07222258790689426,-0.06839925107800122,-0.07697356574169323,-0.043346252607222,0.09811962035760047,0.06475829241893141,0.11472586591806133,0.15751439724666993,0.10876267914408405,0.16264400106081275,0.19645531321891066,0.1286938391022953,-0.0020649960606016014,0.053892493436173514,0.04341641547159745,0.027503720988695576,0.021797518705202825,0.025989091536075162,0.07303516085783442,0.039473554869891896
7Networks_LH_SomMot_29,0.46233468878615414,0.39010950212159445,0.17606135829226663,0.4954006422173431,0.35680468237441315,0.13389943313415853,0.32890749991690754,0.6808976625794133,0.22249766567361676,0.5896087953471588,0.6254425444755376,0.34563638155076143,0.0797973381501406,0.7743962283078316,0.3480251134296722,0.6215035074699454,0.5079708288450581,0.602517059109367,0.20919855302351248,0.6564607906917873,0.6635745968564529,1.0,0.6527968835282674,0.3103357409730733,0.5708012542262453,0.6210355022433144,0.3297257288522396,0.8161660786602746,0.570181485537685,0.650767334280022,0.3649230262501528,0.3754569733376429,0.3786870845977459,0.39854964099174894,0.4233436068445047,0.608206465255081,-0.11986284148427383,0.26373927778707695,0.549665986528684,0.22260017062481913,0.6644444887445071,0.5475543725734263,0.1809220777241608,0.4503840159701935,0.7024246290835545,0.6602369789795374,0.34612737269666594,0.46995544122185184,0.855509026014876,0.674381957997812,0.5493449200831911,0.39281324506801024,0.34959343200979703,0.5866457328210973,0.6129103055706803,0.6851953327743563,0.7729161188434047,0.5993250125851252,0.4086220083607383,0.6669283591295281,0.44638603387962017,0.6079783882932823,0.03932222163461178,0.05056600754483462,0.08728060492522549,0.059422625452699454,0.042936018062091824,0.06278408724508307,0.06478493702003323,0.05331445391009849,0.1106106354972497,0.03274780371742285,0.032770921524287296,-0.047970193587432416,-0.051232366199406534,-0.041790286170871285,0.029214620551767115,0.0016690558567063344,0.08710026400611695,0.12105974564075565,0.09845967090293342,0.115292539651548,0.09774556578043499,0.10737069628615963,0.09575460508869531,0.10493418544573115,0.0008871998052208727,0.013686760045092745,0.015367999760956302,-0.03391998571677337,-0.009168530966386755,-0.008097383940025809,-0.0032075268286446404,0.009175321683788162,0.06284611440920335,0.06356725136982848,0.06922426805541984,0.08642271898238282,0.06276847483866152,0.10724237231746302,0.1418185027686477,0.05609419363424323,0.02934723717411935,0.07324850126879473,0.0692592424776543,0.0316172065738698,0.04048827933741337,0.048437090987256015,0.037927596816108494,0.016107655800509272
7Networks_LH_SomMot_30,0.39369815751631676,0.3893774846184153,0.1437495857953664,0.3472827506304567,0.48427090130612427,0.1354138310278117,0.4804027519406367,0.47893050664422626,0.5118491971148782,0.5428878597628695,0.604928337522506,0.5779574450054951,0.258948080256817,0.4999431801873034,0.44659050953506385,0.5919381358863073,0.5215746585876552,0.6074710206556763,0.4965578121804939,0.4209084250330159,0.6779898624303382,0.6527968835282674,1.0,0.35168535479120405,0.5140684162822515,0.5832598966115673,0.38347666766149574,0.697413873317913,0.4677775424183071,0.5522293498194033,0.4271341683926458,0.36917492633316834,0.3675609874491314,0.3545573399252111,0.29985290785332913,0.5014712179211377,0.010631727355414587,0.4710907515780322,0.5014298838396569,0.5082995439491684,0.6084157382763862,0.5225522956925682,0.4779139260655282,0.5605985358355008,0.6004022402523774,0.6539396049490508,0.4654827651917226,0.6411361483294022,0.6623780788854797,0.5356136234857276,0.6137520785908206,0.5012751733807337,0.5039632971954611,0.5870280637032337,0.6245246357809847,0.6550109027634147,0.6275775174474705,0.5743740045776881,0.33005957699447147,0.6578539119662002,0.44863174672465994,0.5804808327308926,0.02615592443067274,0.03320580952182216,0.058553225629458285,0.05372399669474052,0.036791959169369434,0.06534207281648882,0.032852493536281877,0.03002089959481414,0.07899386346800909,0.003102469382116944,0.018275216091421687,-0.06398948041073836,-0.05979031484626952,-0.0329333318570128,0.008808410245103867,0.008272434815231967,0.08207963104763916,0.08024497526969086,0.06695327782124316,0.03572397197381513,0.04056366123961281,0.044327380309139054,0.0471293011805091,0.05872303326328267,-0.07837013441552479,-0.040247418619693553,-0.021482939403194925,-0.0608643482204726,-0.037881886818799164,-0.02797651401505771,-0.059376216744223595,-0.023620746703333872,-0.0018764520646799812,0.012796450860743118,-0.0024767944877932,0.10269919611770585,0.0797955841492501,0.1302747896860583,0.07603008375588427,0.05583251576766438,-0.0006447976527931412,0.0656074489291653,0.0373844794826121,0.05632034788763111,0.06129359198517611,0.08434077220824952,0.021986105060942184,0.02441692003885129
7Networks_LH_SomMot_31,0.23224327477957463,0.1720000274422435,0.09709675935777261,0.151997683409327,0.10156996265105031,0.037381989120581126,0.05850037735381522,0.12560024379124732,0.17926685312493412,0.0647368445037702,0.3207261082000801,0.06713687011341103,0.15206224973563567,0.25918075586260614,0.3119546650108051,0.45731220703123904,0.42831580866939145,0.5708428378341752,-0.08102398521164281,0.4931111873752815,0.14755401193178705,0.3103357409730733,0.35168535479120405,1.0,0.014060398635957348,0.40245165455015197,0.0871685741449785,0.5368211115438787,-0.17571035151126507,0.4527714404507667,0.29509515910293777,0.20915322230213818,0.14245570060456908,0.08724666402073694,0.30769911304215,0.2827110966943,0.048520405479794755,0.18566682891665864,0.25246468331543787,0.12536452196565862,0.25916809515862627,0.3706452443908706,0.06148405087343325,0.29830575134705045,0.09339161412862958,0.4266955321663041,0.16265851203353432,0.11942778297319814,0.3255972315327515,0.43920786202139445,-0.02527219401186905,0.44736796634745807,-0.15319934746949965,0.49513920273172884,0.5591096689534086,0.44782303749110963,0.44774557660014297,0.30378806476810843,0.09548600363271234,0.35132255741184293,0.3928799531636422,0.47299805747024976,0.12965603030312364,0.14280893595399974,0.17429031657159214,0.11659640685053124,0.14312136585139817,0.16547670492473787,0.12818720855278504,0.13405631002918228,0.05246302010472376,-0.03931668542768154,-0.04779359365037652,-0.08254568019969262,-0.12624055884155927,-0.131875379654061,-0.04309611573810477,-0.09744999703146959,0.018073439354709196,-0.011769255657942925,0.0038050573855810733,0.003670426621205117,-0.01200901734455066,0.014453988362693992,0.002352941646111678,0.0034059755553971127,0.03615019094432476,0.05963115432009511,0.07012818584693027,-0.0013234246346559878,0.09105334433768801,0.08551844181765589,0.0330645284583464,0.0821787514883083,-0.08815184406185911,-0.03938659725289285,-0.08696018096378429,-0.05813741779063264,-0.040097730416982474,-0.04571069671419479,-0.08401431911782958,-0.10950391437951923,-0.08314888597125353,-0.03960693238921496,-0.08502144682759612,-0.06143186577354191,-0.015401916794447839,0.0076627937598619,-0.1771108244057199,-0.09703177986941273
7Networks_LH_SomMot_32,0.4068930827377539,0.3943646273521102,0.28163514358009206,0.28777403918259103,0.16845534562095466,-0.18315674218522787,0.1608440496794918,0.34400944939928724,0.10399039100340168,0.30250075961388134,0.4380262162614799,0.27195983687973985,-0.09866431125103371,0.4618596436477678,0.09495386537014286,0.4794294169755468,0.3633189594169022,0.2191065578459664,0.3639375600113045,0.2676691090223969,0.6026201986914129,0.5708012542262453,0.5140684162822515,0.014060398635957348,1.0,0.7088350118158284,0.33613480390920736,0.590886725929267,0.6836781787327982,0.6392984635070349,0.34663591723002257,0.33606877212243635,0.49427429281073587,0.47880856202648275,0.2209300312808408,0.4205497532377598,-0.1040552585314258,0.10747846585022419,0.2400877623712946,0.11277610633623578,0.3932562503975809,0.3305049625748,0.18418744153065797,0.31461048511401934,0.5632809967907983,0.39357105523837893,0.1877049831648306,0.48365556833489387,0.6229075358715938,0.4106954006344695,0.5676236190225599,0.2696489079996435,0.36068281823877496,0.6642181856834168,0.498885057465362,0.6438510818596738,0.6228770324189652,0.4047988978876305,0.5360380565845496,0.677914316130738,0.3815357160259634,0.6239693217378643,0.03766405816687984,0.0561071761961996,0.061681417501380356,0.07847108551331972,0.060454104766935336,0.04384752418817104,0.09233633390334889,0.036775165137897046,0.10238313575173638,0.05210152201326105,0.06839411674524457,0.013278464700742579,0.012304312323597109,0.02189633110548101,0.06708254470433204,0.05279711375739006,0.024492776072619894,0.07664520376073698,0.05698099876159604,0.05914191809122322,0.08025730953736795,0.07659846231115319,0.06250727910522604,0.08348120230620244,0.031140871351525688,0.03671709438959482,0.017836655706521144,-0.031011687090695527,-0.03603269777866341,-0.06099366756273369,-0.00398700215051349,-0.0060373675222807855,0.1720521105916172,0.1391991361525322,0.13642612248716512,0.17524364665023154,0.12960603218235572,0.16136286628199678,0.2490905132429281,0.18307659443098323,0.058942947766357195,0.11236702373392991,0.1502686168923043,0.06621600009925366,0.06422710390176725,0.09308002482237802,0.19188942367731623,0.17953416309726855
7Networks_LH_SomMot_33,0.46895959667597076,0.46129479964344916,0.2917704242911814,0.28397132724620255,0.1844095079675185,-0.15796434464321968,0.21209886702097094,0.3940985816609079,0.21840476275738643,0.34344948359038674,0.5053163421570529,0.26752631420944156,-0.017060081956111438,0.5032640260242366,0.2321104509495368,0.6892824081814586,0.6446262968653256,0.5121513865401761,0.14363055166779162,0.41644869273723606,0.544392221111595,0.6210355022433144,0.5832598966115673,0.40245165455015197,0.7088350118158284,1.0,0.3430458780263706,0.7796598496333781,0.3799707245779243,0.8610186609617437,0.4516942333706533,0.37932360484300887,0.47242645401072425,0.447448422083027,0.3036314343809443,0.5072050539574036,-0.151764946840279,0.16926148341034045,0.3775737412035346,0.15196762971702066,0.508258192314186,0.43890100132978815,0.20778280396874907,0.42118333940721037,0.5178115656539282,0.5580909527623875,0.24958141467496195,0.4624756734341864,0.7224363875416252,0.5397444271915506,0.4512535647427764,0.5859201083187839,0.1661400559044771,0.7838084969427067,0.7477314964811796,0.8168204546966154,0.7762022675850242,0.5148715859500526,0.5052740807766891,0.8452960372959598,0.556287192701633,0.8408183707311703,0.05252367372645361,0.08950330618025837,0.09629066701923411,0.11112488333925936,0.11456707362324772,0.11614668789640283,0.12440902940990096,0.08346879124989622,0.07088300286866116,-0.004604093818280539,0.013967828663512543,-0.02342503851900573,-0.044481754114969185,-0.019926394658064495,0.03081515064186533,0.004060649850526052,0.05116325239926349,0.10430855624336814,0.09170268439837895,0.10388905784464048,0.11834398728856,0.12831032851009244,0.11175547045661707,0.13046015800407393,0.050107224334711334,0.06211183331457376,0.06970608675219785,-0.009475083725334977,0.036939102943830265,0.043750012010757074,0.05126570077229816,0.08239925173886642,0.1770989851962411,0.15571456644174186,0.14202521618837094,0.09538113798158901,0.05174327526151876,0.09109864916716089,0.20944199425594195,0.12946608162138976,0.00724731641317011,0.06831852289986959,0.10105278125613795,0.029564640913041087,0.019372488061576095,0.062453778592604405,0.08030383597361701,0.10142453443522877
7Networks_LH_SomMot_34,0.2050233391754336,0.06530117218110355,0.0497051739800657,0.17683726002646458,0.23976118568453586,0.10812766684182151,0.25525066298555393,0.2597869496165001,0.12275120712607238,0.31834051441086925,0.35912388474793244,0.3889464913663186,0.03396137864236475,0.2583378661450127,0.042553044830316904,0.19870444796397704,0.20136528879558852,0.36134426435042777,0.407379675926762,0.19223244179059643,0.35073961000453807,0.3297257288522396,0.38347666766149574,0.0871685741449785,0.33613480390920736,0.3430458780263706,1.0,0.25174806533338184,0.545311127520538,0.3573949054971609,0.1104522664857452,0.1372846900394497,0.24896587703250425,0.21352272654307564,0.027603490118030895,0.2573861926019288,0.009547655672663354,0.25556254343969287,0.2971602833326442,0.3010426163781299,0.1790444912901105,0.18974270827764592,0.2629924511906132,0.40009826636966395,0.3899059790248635,0.3753665732861783,0.19519023460414062,0.31515817900472576,0.3162851199618651,0.37645903673929015,0.3730149629282962,0.18796687206009066,0.40785882960208913,0.24897039363680362,0.3486762950650961,0.37917587510258455,0.36268066621367884,0.680543296707846,0.3159622379474684,0.5491386843505108,0.6618729685652308,0.22396380976749206,0.09796892647990883,0.1456561939211071,0.12293208907622358,0.11752293272353813,0.12592534831223376,0.08278791224689602,0.12397259707764531,0.1512236055448311,0.06746345597530132,0.019097100752346028,0.0305690971696534,0.006313461271413885,-0.002285527066982214,0.01869340091173499,0.05277663941199974,0.052679614662199316,0.03800021353732993,-0.008915865762639438,-0.013634242943910163,0.002000306535357324,-0.001629997922757771,0.0024353534075157194,0.02637761465751704,-0.0043708063742630195,-0.07766763405169916,-0.07977139142441743,-0.029505283043040502,-0.0020358209576376413,-0.05106332993560277,-0.029204440008187692,-0.04116576740453292,-0.04928390436629318,0.020808165968147524,0.005605891179702599,0.005026599493766711,0.10517561605199277,0.06253781195978093,0.07324721684397144,0.11556452041146299,0.04171133517640401,0.08422880855294261,0.08333420958548483,0.12000834855275413,0.033838421745148534,0.03324205146996468,0.03200095509817754,0.12783077884448377,0.07631737440275269
7Networks_LH_SomMot_35,0.5336360365416986,0.4718396571972386,0.2740755213211706,0.4019535524599162,0.33011732710631136,-0.021337199940935334,0.24787870355931407,0.515986850156036,0.25737876520526864,0.4349512941632838,0.6429515077710747,0.32045408602354747,0.04881296192346992,0.6620417686515266,0.3541356207332607,0.7112854488095104,0.5880348387557564,0.6371477145586025,0.15857399165847236,0.5726121529966692,0.6793574111972868,0.8161660786602746,0.697413873317913,0.5368211115438787,0.590886725929267,0.7796598496333781,0.25174806533338184,1.0,0.4190579521740818,0.8346402481983934,0.5084910123154613,0.4274876635924016,0.4472203654917666,0.44542655071277343,0.46686150047486413,0.5982357639691138,-0.11083405170365851,0.2854010877160986,0.45292482628944897,0.2460803558902422,0.6167445540401711,0.5560572921102765,0.193466545671911,0.4959271057409918,0.5975490372280579,0.6742553419017114,0.3225022296681118,0.46978872212852835,0.8259473430506865,0.6121974624911923,0.46197497111139413,0.4841447250411797,0.20329786884078999,0.7358726045264257,0.7524239472512632,0.825942826031273,0.8523450652335757,0.5311654474630163,0.40488839907666346,0.7689194178009336,0.4537029235345652,0.8116397541120097,0.05220864776765726,0.05464968132454578,0.09271698383763136,0.07543658617256267,0.06533557392371978,0.09068382266345879,0.08798889159490753,0.056605220188086273,0.10589365819079316,0.005508268792678593,0.01233851445823926,-0.03641253112744825,-0.06328328127465475,-0.04683576508803237,0.0305899951766963,-0.011460861031169457,0.06141595118360612,0.10344979998096444,0.08344688475882163,0.10999127116518993,0.09831633903006311,0.10984161238079505,0.09257332947544254,0.10326248486285661,0.006538057758359648,0.012541696800502204,0.04071748889149051,-0.04611907420006985,-0.0023695731625104416,0.016607832710263195,-0.0033942730309983013,0.02970466182400662,0.07608283431099364,0.05297408117858491,0.05399365949469922,0.05413670622119245,0.02285300200503888,0.06936115054276673,0.1271465056295195,0.04321976612903969,-0.02776325998565605,0.04167314888145609,0.02490459934318083,-0.004758112356984028,0.01891410525148128,0.05125402776781361,-0.010104516395417956,0.008154843808871505
7Networks_LH_SomMot_36,0.1999565820519324,0.1903997401452706,0.016533722954523634,0.25055124900854864,0.24599905541901543,0.012427916832452642,0.23793725551149408,0.4060191916836385,0.08797354331415923,0.43712431902458326,0.3627146157914036,0.3833405465979272,-0.07577820117384368,0.4122158129673107,0.07015091323369202,0.2412638559488378,0.15203379351534183,0.19531917300469112,0.5362372846264656,0.2353110901035556,0.6314863241762666,0.570181485537685,0.4677775424183071,-0.17571035151126507,0.6836781787327982,0.3799707245779243,0.545311127520538,0.4190579521740818,1.0,0.3875141712676988,0.1077782706387619,0.18378534426608253,0.3157352943511443,0.30295969939319095,0.049712848569167946,0.3090300310663704,-0.08529955325161692,0.1765438774039309,0.2495613014906775,0.20856648868436514,0.3336652860288349,0.22044210107128165,0.22682613505052682,0.30732170844550377,0.5461011976736297,0.32457055294525056,0.15873844352617106,0.43372319510324864,0.5174772755039719,0.41381082354724935,0.596937365181161,0.10657568415937418,0.5431039603353959,0.3561481540200547,0.30548450804193444,0.457802012048894,0.4870960905113419,0.48226901253383603,0.5000411769418497,0.49811614228007745,0.3957047765168497,0.299371967536249,0.08264819473960536,0.1030328761716444,0.10124106477002169,0.10509337272008354,0.09892488083016565,0.09409609792427479,0.11969848048080017,0.10249504787135318,0.12572525966335235,0.09051579053197441,0.08288984354220012,0.05836716698639876,0.07388573276390102,0.0808798370419548,0.10381542679423078,0.10497508109425438,0.024822322828617804,0.04878787527039235,0.008007197779880492,0.07700685613814563,0.07860736407108938,0.07080068860125291,0.046485113447258176,0.05187563109536873,-0.060473892168227864,-0.07965065242853335,-0.04560744746328363,-0.09063994741498818,-0.1422616729853695,-0.14338927260768827,-0.09195091539851225,-0.11415101094456806,0.08688226140631096,0.046084438560185806,0.08060387655151614,0.14825930252229738,0.10251176784893616,0.14848100711911216,0.18271362483432085,0.12378669346671504,0.07026796831476459,0.09756619336240284,0.1129393029079809,0.06532776748080774,0.08036236817109,0.07838875580226724,0.18180438742333455,0.1415588081495537
7Networks_LH_SomMot_37,0.49631470119127774,0.4568295524092279,0.27934438010343476,0.27592073983693166,0.21375473146237775,-0.12761171598969906,0.16803771353884628,0.35876991900869865,0.1739614074534489,0.2990436808339246,0.5033180280263727,0.2144992267353275,-0.0394331679983201,0.5276602986753615,0.17979303222895118,0.588625591588922,0.4908982375743481,0.5093525172263873,0.08308487163391431,0.4679205398136735,0.5476779833801372,0.650767334280022,0.5522293498194033,0.4527714404507667,0.6392984635070349,0.8610186609617437,0.3573949054971609,0.8346402481983934,0.3875141712676988,1.0,0.44460736800201767,0.3921512703041685,0.44307200834437704,0.4916134868005987,0.35396913448931533,0.49947449279970535,-0.12447654682633295,0.21852542235923922,0.3428883016958226,0.19110051808012718,0.4771031033391391,0.38869498727407015,0.14560398895406204,0.43359823997461266,0.4882026245653648,0.5415342977857034,0.2069699146327547,0.37567339850073067,0.7087332673263643,0.5370378498966384,0.3573334943012568,0.41851550916535335,0.09971033707004315,0.7082225996101272,0.7034466226315144,0.819691872894818,0.8288672835082637,0.48239588354906787,0.5111006304658609,0.8171531972016184,0.47916929181420065,0.869491757158938,0.04606921113368003,0.05693047088361817,0.06409351509604823,0.12523881292427808,0.10006403542336072,0.10317051457499483,0.12405774356207865,0.06250255121914688,0.05665819727751868,-0.011487060558549356,0.0021464628974291666,-0.022145163541260008,-0.03844851707442029,-0.009416232405009503,0.03459784632870066,0.006614572061799824,0.03365153948541472,0.08903127668078825,0.0725481552555121,0.10524495181890435,0.098399916307729,0.09863328995028946,0.09207790011222337,0.10152653036862899,0.03148499230473567,0.02011035403283359,0.046556361816310586,-0.002988012661817089,0.012304212256522753,0.042807080324719,0.03754658794521711,0.046884200670357125,0.12070907772460461,0.08848292608285456,0.07751120095717452,0.0460890797723214,0.013604333517110899,0.03609635505992515,0.17740253064228073,0.06518429956240275,-0.01772317981071646,0.051510236041271265,0.045351233530785656,0.02577140705474748,0.021287477656441615,0.05401498726175676,0.04204706857332724,0.060957870905506535
7Networks_RH_SomMot_9,0.5576123499067595,0.4607516493453116,0.39740179309693335,0.22983885152153047,0.3226844155822311,-0.07606190886553686,0.22229045996963007,0.19094075686596879,0.2632748893498258,0.2034439255515498,0.5085056091797342,0.24712785434975848,-0.05461971632893747,0.22599686976931524,0.16043715918144602,0.5123885642785273,0.446153254616943,0.4203583979310269,0.07845256503651807,0.20926095283588675,0.3182724778790218,0.3649230262501528,0.4271341683926458,0.29509515910293777,0.34663591723002257,0.4516942333706533,0.1104522664857452,0.5084910123154613,0.1077782706387619,0.44460736800201767,1.0,0.4576503046002268,0.5034819226930897,0.44024773132744416,0.5027738895929608,0.5373798884399562,-0.01873710333181033,0.31440224191632027,0.3532278131176461,0.29773613425781253,0.3467966459991825,0.42850076206970267,0.23505056836446703,0.4605726531695599,0.27664609157505005,0.5388025724069664,0.2808011116522269,0.34204085864995337,0.4584176662688123,0.3016059219671598,0.29303023315482796,0.3182621861517648,0.18022576942918433,0.44605918418335405,0.508690163165787,0.497026335368252,0.43570462056461007,0.32887065667046367,0.10203745165262985,0.4711770355752246,0.25710435143872246,0.4886704663433646,-0.008294240877947,0.0023106400402215857,0.04129828645983469,-0.027027168749044518,0.0016049113742169904,0.039037022915751174,0.024468718481768025,0.01706479140321894,0.008027098640572309,-0.10529698554596342,-0.08181694694089148,-0.09964380659314861,-0.14730394942041422,-0.13024822126368582,-0.048794372465506324,-0.11149615217645509,0.13222861448107237,0.15361806360112307,0.15929573428701185,0.13060865512243422,0.14302993642325953,0.1555941452110182,0.15932781505445906,0.1559243906622272,-0.07775690349411396,-0.07363708505987995,-0.05985767357649934,-0.08419070446847239,-0.04922759417595478,-0.026240800540079885,-0.05316334779397974,-0.03429714704460852,0.05320499650441987,0.02849474495482613,0.024864402226929032,0.013042551220680407,-0.03208923379736516,0.0012657881170212177,0.0515528259428873,0.029730207473994054,0.07671901632926006,0.10824375095135787,0.17505996214631941,0.030033865369389064,0.017337599623217917,0.08558711823821513,0.0934089760019207,0.07502444695914523
7Networks_RH_SomMot_10,0.46005265386542316,0.3551200683696921,0.40840435226626937,0.33587749417741974,0.29811887894069583,0.02507765819558394,0.24446178218051093,0.27488794168352604,0.199305356321306,0.2805836022735274,0.46320971137735134,0.24699904538447043,0.10974591142697894,0.30846613418801827,0.09137001672832634,0.461424224237251,0.37846644494427806,0.3678071193662816,0.10748378235822417,0.2089203737438336,0.35612366025562336,0.3754569733376429,0.36917492633316834,0.20915322230213818,0.33606877212243635,0.37932360484300887,0.1372846900394497,0.4274876635924016,0.18378534426608253,0.3921512703041685,0.4576503046002268,1.0,0.4159241488918266,0.35960585228592523,0.5371466014860495,0.43792717046184215,-0.10015655396009351,0.1960637003122418,0.3527136610637705,0.18641915473010703,0.3602000586547338,0.38501524228888856,0.18406288420704212,0.3377894642005786,0.35362229537283857,0.4645586886795196,0.30919067469670986,0.32707883228351087,0.4063903621795133,0.2958147685886957,0.34568777099629794,0.31819623925151796,0.2326010167272976,0.3580831681207164,0.39486268023989657,0.4084772338931601,0.4063226906459605,0.35997296678893487,0.14884018867963383,0.4114603399953535,0.2779039715553233,0.4168818639429965,0.02210061307707153,0.08181354100303496,0.13487736143900264,-0.059123957930335425,0.03332924188599832,0.08057930832875475,0.03163264706396134,0.07655756103690378,0.1118276628676129,0.03493592788318003,0.02629985609096535,-0.005624832140751549,-0.007346359015939083,-0.002876303662172629,0.06749635792422856,0.009738012441718725,0.10555744491023027,0.12414817862516268,0.13674276162693194,0.051800585152272725,0.0698805730726856,0.06820510781902296,0.11121719718678709,0.12929111994143264,0.038234503652197244,0.05855793461195319,0.0696618247708099,0.008958234755492074,0.05614608414521892,0.06841248397984408,0.049529450548985325,0.07511765945406472,0.12709964138511062,0.10430611043304372,0.0989994135651596,0.037094016142903787,0.012373755729990183,0.03502684831049899,0.13539811455944603,0.08297653806379637,0.030238607354408913,0.06897809039132777,0.11172392662073065,0.012044076318586517,-0.004741974100816326,0.02496557048720879,0.01702231541840162,0.01483133532029379
7Networks_RH_SomMot_11,0.5512736935745247,0.5126667564706573,0.2888155467401222,0.3829050929595154,0.2866292259785621,-0.05312204930603445,0.19921905305124613,0.26049587832100324,0.13525331113569117,0.3031337257178225,0.5650600573002051,0.36316456830422816,0.017337782092292846,0.29987200448552803,0.10249482189085182,0.478862910523138,0.4593149275543243,0.32037368010687867,0.2040136756164886,0.23368280285075665,0.3691574656691763,0.3786870845977459,0.3675609874491314,0.14245570060456908,0.49427429281073587,0.47242645401072425,0.24896587703250425,0.4472203654917666,0.3157352943511443,0.44307200834437704,0.5034819226930897,0.4159241488918266,1.0,0.5337872148696194,0.23353699656048543,0.6233859408888379,-0.14089505603726604,0.16030023303436763,0.2772138623061758,0.22128425967450344,0.3438557400795683,0.3876198182867596,0.27589875965090527,0.4567574438569205,0.43393014377990097,0.4994149122316702,0.2640675824919265,0.35609865701527893,0.4661979172696266,0.27152843987825354,0.37160180214802613,0.3596381277710712,0.21269084256032675,0.4787212067465403,0.41438816284091995,0.4776601016324945,0.4541355630960654,0.36425135821832233,0.2986791737313427,0.4853564216353539,0.2913877921798507,0.45348772915881885,0.037007452799327906,0.06918018785146787,0.09985603747766751,0.03180438615274494,0.024179304259897116,0.05710875556254906,0.10223002928137268,0.07270189784263045,0.06288960296618516,0.019094573547440315,0.04472563494619432,0.025777949654018348,-0.014510284000166768,-0.0019284251570375215,0.061679449400586034,0.03504003918778293,0.0895134350600449,0.12043907209224705,0.1012473363167147,0.13341070022449789,0.14724265643203185,0.16336170414188525,0.1437195427680631,0.14373193955848762,0.021820306825418176,0.0089427413536276,0.03241725853764658,-0.04227068812684392,-0.014210046772634757,-0.001557339879834175,0.03771077582215922,0.024805894130827868,0.06344145833552892,0.019708799507196888,0.035091039934937444,0.07777699182312292,0.05354119284917663,0.10010985963452114,0.1439904376033427,0.09416785831723269,-0.011280960116678847,0.00479898511425946,0.057213542046948576,-0.01692759643578402,0.008835485025104972,0.01156463427941869,0.032370740769073425,0.010424713125910087
7Networks_RH_SomMot_12,0.621738639738524,0.782930015026659,0.42915152054960753,0.38526138320998743,0.47022029116327324,0.049798148368014335,0.260076653848705,0.2675731139479596,0.1530967556525148,0.17939063221216056,0.39139882886145877,0.24430446148436485,-0.09057871993590912,0.3381307751307548,0.13716089529172862,0.3286531747511243,0.23895515109937907,0.27353648992529483,0.14427532140409544,0.17040516424929164,0.38094342415625965,0.39854964099174894,0.3545573399252111,0.08724666402073694,0.47880856202648275,0.447448422083027,0.21352272654307564,0.44542655071277343,0.30295969939319095,0.4916134868005987,0.44024773132744416,0.35960585228592523,0.5337872148696194,1.0,0.3312265884629449,0.5891792882921628,0.04802691162950313,0.32946870912355736,0.4212885149180386,0.22959549590218306,0.502896424748016,0.326050485687269,0.18884469166637138,0.2996056298299283,0.4736930196223669,0.3404710153387968,0.15685931507838322,0.2758334490079195,0.5111303756025012,0.29713216071735354,0.318327997695695,0.1609202835252287,0.08739307894433819,0.36088333845066983,0.3914834590558225,0.48066953544381946,0.505714593249994,0.314139116663751,0.2718763387309018,0.47161887070248315,0.26375824207471305,0.48072784667861246,0.021444287298481753,-0.012223430373525227,-0.0012516219257124863,-0.009869219337197352,-0.007404691741078111,-0.009811955412740766,0.020795466328558266,-0.026396287305494193,0.15103272148401706,0.06223229913408707,0.06350140393387213,0.042412334827646364,0.031070012722037993,0.03667806696286845,0.09989181511964472,0.048875111630920474,0.07199234444887923,0.12737924466301984,0.10811330544232814,0.1282412410341104,0.1395607966084195,0.12535980094157537,0.1365923492003724,0.12618468317104894,0.013185772213394302,0.026429032510846964,0.030641316321499176,0.038000880946199286,0.049107806779225834,0.08110026584593884,0.06617763986743934,0.057587238171178036,0.07438383866137382,0.03972256425167468,0.07556846753352801,0.07885812981028963,0.08923236048569505,0.09151906567273461,0.20290045857534364,0.142399207838378,0.09183286472262234,0.10893914948969169,0.11652467795783533,0.052161754590816165,0.04730530274258932,0.07711930848216136,0.07959743058661362,0.10158399080264419
7Networks_RH_SomMot_13,0.6087956343256649,0.38661519934557503,0.5868605134035549,0.2611286940428497,0.4050329873448288,0.20316648053407874,0.2105396952622315,0.2850581331892914,0.14429161448972286,0.19628660426926586,0.3992239820609358,0.08613588676117694,0.06918764157738588,0.3243177355912064,0.20287076952109806,0.3868783504801931,0.33277602337179857,0.42472508835589634,-0.06710776526059181,0.32228191994720184,0.24938891267218102,0.4233436068445047,0.29985290785332913,0.30769911304215,0.2209300312808408,0.3036314343809443,0.027603490118030895,0.46686150047486413,0.049712848569167946,0.35396913448931533,0.5027738895929608,0.5371466014860495,0.23353699656048543,0.3312265884629449,1.0,0.43550160737632937,0.10063770333151456,0.22721709606522447,0.3643229642659584,0.1578507674751103,0.3723312148016463,0.38939109375409925,0.05347343356331035,0.2258154326270519,0.2893869438415623,0.4337234521081501,0.14026927089678054,0.13681760579405486,0.44764509999818586,0.36926559712575047,0.16038091364636925,0.2331948315155067,0.03366535130546203,0.35708465844610876,0.3474748766617517,0.34725511802290815,0.4251022641828524,0.2842160944785507,0.10453967441541494,0.36639859206531566,0.22096458280858514,0.41950160695637106,-0.13982068364945796,-0.14739028242405258,-0.10557841571383712,-0.24019457668175534,-0.2020729542704436,-0.18601889390560147,-0.19869771268984168,-0.2046934765336027,0.03822685683391284,-0.021054386864218167,-0.02529626562091093,-0.004526703523763942,-0.041015674367540174,-0.043022764346114725,0.010680554340663449,-0.05146616084096959,0.12842301330816663,0.12960804044000615,0.15903633317214663,0.053452633278298425,0.05887064685977289,0.0623401307165481,0.1319838309585144,0.1217750491058382,0.07548909810003382,0.11191600711813794,0.07925268648413177,0.01891281254814282,0.08993727166536908,0.08317979335818267,0.07133972597565645,0.11091065979190882,0.046858659921897486,0.04317703023950246,-0.005667396971477475,-0.027435251236458548,-0.05513040109306482,-0.04471085344283327,0.021942224084745176,-0.02785597707573101,-0.006638407274775875,0.0392135034946256,0.020934026392295753,-0.0026861666379818243,0.012206283530311217,0.072954058083852,-0.08272765362027994,-0.11572993876901783
7Networks_RH_SomMot_14,0.6148101608847848,0.6077089806505791,0.30296570375670856,0.5850828436288961,0.4915957855113344,0.18725197365921084,0.41588008812122534,0.5138205727361739,0.2644035333464464,0.4903538424877371,0.6306344590934455,0.3521671742749003,0.05251806300589966,0.5047702013991623,0.2556788358475174,0.5717324058238884,0.4867148918551278,0.5177489911399129,0.13027998330575702,0.40576717199152995,0.4252085648374609,0.608206465255081,0.5014712179211377,0.2827110966943,0.4205497532377598,0.5072050539574036,0.2573861926019288,0.5982357639691138,0.3090300310663704,0.49947449279970535,0.5373798884399562,0.43792717046184215,0.6233859408888379,0.5891792882921628,0.43550160737632937,1.0,-0.04935694151607337,0.3264558178908357,0.6292683800962302,0.2658213784436669,0.628686116100763,0.5268768877167619,0.2782479970992671,0.4438737625811569,0.5940094427878819,0.6038969186797193,0.3308780880079972,0.41851735029797793,0.6820505027834318,0.48272616774427285,0.41809614053628796,0.39828095012485953,0.23728502712223198,0.4611618775400807,0.5348844308921774,0.5511620223796693,0.6114485889192574,0.5388615702762947,0.24436039072803392,0.5244123552024047,0.3986842205645449,0.5151796165955851,0.059423801572265095,0.0666250651450081,0.10334776092045464,0.0011313151658713869,0.017455363260633513,0.04172461143797056,0.06147722468348105,0.052954856818406164,0.1476296956380716,0.0777553195356221,0.08486623634026559,0.015059890325163071,-0.0174288992368157,-0.024583632167239855,0.0761415685873915,0.03713142956876038,0.1295483930971196,0.16027664927490567,0.149048632581788,0.14780628952833835,0.14706709183091993,0.15298053234201964,0.15294858761199023,0.16191201087483448,0.04984307150469553,0.05160032703948252,0.038256814099269495,0.02158180784057442,0.0584572310822659,0.062243449703379694,0.05766569374611696,0.05729149114201787,0.09026208655222137,0.08139884619615155,0.09221581893520421,0.1336758539181478,0.09178679956687187,0.1451719334889556,0.17648073528393124,0.12223377799150356,0.005635029040493557,0.05450428943243804,0.09021853494229952,-0.0078171377622267,0.03199523426314896,0.03751761237334303,-0.0038892473163573017,0.03227716905220045
7Networks_RH_SomMot_15,-0.008757165823120425,0.11151989648272258,0.09911586889091537,-0.05754927350156667,0.3072007257258136,0.33423131056892796,0.16571671367099142,-0.1466200941494006,0.19798455877271418,-0.15101090255807018,-0.20574212501867817,0.03460231139944025,0.14528916656193655,-0.042576791235455665,0.019682497161858364,-0.15694494928007457,-0.17545425646014073,0.026801567478984278,0.04957103270178064,-0.061521763513464146,-0.02514028595640127,-0.11986284148427383,0.010631727355414587,0.048520405479794755,-0.1040552585314258,-0.151764946840279,0.009547655672663354,-0.11083405170365851,-0.08529955325161692,-0.12447654682633295,-0.01873710333181033,-0.10015655396009351,-0.14089505603726604,0.04802691162950313,0.10063770333151456,-0.04935694151607337,1.0,0.4261339934316328,0.14134781444976946,0.29879315856810523,0.03549949137428554,-0.05602803311693209,0.16339433597272837,0.05019017803885923,0.01975058025655361,-0.09785831075530398,0.0031228514144698042,-0.03589500991650782,-0.07197687990246572,0.00040308702988285454,-0.09324768690654008,-0.13639433413090987,-0.08827719906805327,-0.08525579512244134,-0.1256841289149711,-0.11256916049155859,-0.06861477497643728,-0.03416840704766279,-0.03321731202109476,-0.08140214210904612,-0.009890005069855186,-0.07942359701640277,0.029280344544613948,0.0005315078575789708,-0.035442666895903065,-0.06513596914282589,-0.05030338999965949,-0.06847549208617307,-0.06749616095231843,-0.06507868668878,0.053896629238181504,0.02948163092361962,0.01641160013153248,0.04127416115248481,0.042059801365735824,0.03612470634358268,0.014360161196956192,0.016379373111531575,0.027963869416898005,0.03526669088347305,0.048814656082085524,-0.016822507455547003,0.005390994670805547,-0.010098461934053005,-0.005086125248235492,-0.0046837429662392235,0.013513311092809682,0.06351408015067374,0.03334424284364679,0.07999239739974993,0.06289487032968168,0.022713730643541628,0.004435833764391947,0.032344951515338,-0.04129559705779377,0.004261458453101542,-0.04205389237360773,0.03473107535848092,0.07324377731968615,0.026570523923719117,-0.05466816790251909,0.010462545847379224,-0.027943024999659553,0.021847684596447425,-0.05447720667696923,0.02267891641374777,0.09900211417665448,0.08289863182724039,-0.05880533027598413,0.012483655167402099
7Networks_RH_SomMot_16,0.20482202224371443,0.3471131026878239,0.0861013050275672,0.0819326870163827,0.6742102581541674,0.3773093049274599,0.5643935164415175,0.12485558548776099,0.697223845619578,0.2831971368666475,0.2555768991714598,0.44047579636871204,0.13527640850764378,0.14190947048172528,0.21333968790546287,0.1749155594472927,0.13262010473410285,0.45441087037167405,0.2309951694336673,0.11860593931871508,0.2868408551714472,0.26373927778707695,0.4710907515780322,0.18566682891665864,0.10747846585022419,0.16926148341034045,0.25556254343969287,0.2854010877160986,0.1765438774039309,0.21852542235923922,0.31440224191632027,0.1960637003122418,0.16030023303436763,0.32946870912355736,0.22721709606522447,0.3264558178908357,0.4261339934316328,1.0,0.43200185725528295,0.8230312866576904,0.3424272794195237,0.19827620092694476,0.559591246820074,0.4848218565956214,0.27686753439443856,0.3223563894153046,0.2691854951444842,0.36100911427202537,0.28103757292630105,0.29774570810843565,0.2586602041765928,0.11369512153702782,0.21180099638816685,0.1549860821498614,0.3147894029847008,0.3094034867831781,0.2863662428814786,0.36559064126267826,0.12285644123985243,0.2617066446904473,0.3078977566545979,0.24892620765861959,0.08473011741773144,0.009819356111140737,-0.004326756789507388,-0.023053044279579882,-0.004079030880579462,0.008171253027494368,-0.007384152571663243,-0.035330511162467056,0.12297527641688,0.035782060842729065,0.03932425381190817,-0.004054914884693478,-0.017517408767384616,-0.006001437463217594,0.025585005893285762,0.0174319795646618,0.026149265098716058,0.012152079150934494,0.010391359952909511,-0.006243552281783075,-0.009838568816175003,-0.0200964596171601,-0.0057070280536058665,-0.023787760940748307,-0.04980311953116788,-0.02431464384814017,-0.033110168592680664,-0.04341826458316174,-0.019727227592584853,-0.03278743235599017,-0.07364448207300052,-0.045320984622953545,-0.07078844730053069,-0.03661028987084326,-0.09320614519629546,0.0729483453074324,0.06582398876803054,0.030953806718750202,-0.033156895290601195,-0.03463612641417756,-0.09998701174171086,-0.006328155262531155,-0.06081635287825415,0.022239752811280187,0.07391550518941176,0.11289492712809907,-0.07051562622524464,-0.010517231880344287
7Networks_RH_SomMot_17,0.4216605745910459,0.46871634458338357,0.26393621699306513,0.5025873719707753,0.5303759177463652,0.4569001635744201,0.5304632874223579,0.5449442483950556,0.3850603142783112,0.5384419290184084,0.438926072682238,0.38559298450052804,0.18257772686476867,0.5124056984820057,0.24991499919448984,0.5125941007937375,0.4657181359387101,0.5537378188155252,0.17046255708879993,0.39102500103043497,0.3593608032976509,0.549665986528684,0.5014298838396569,0.25246468331543787,0.2400877623712946,0.3775737412035346,0.2971602833326442,0.45292482628944897,0.2495613014906775,0.3428883016958226,0.3532278131176461,0.3527136610637705,0.2772138623061758,0.4212885149180386,0.3643229642659584,0.6292683800962302,0.14134781444976946,0.43200185725528295,1.0,0.3371692563086035,0.7064917710650644,0.5026484968097884,0.3683895048347395,0.3928312697688061,0.6132784375936973,0.5184121943586115,0.4350808065277347,0.4235668155329646,0.5895141054430575,0.5086772769151321,0.4389366716140205,0.4290823763754031,0.2847853013426112,0.3536118053939819,0.43713750864764883,0.41648164928846143,0.4981009848089464,0.5276576600818942,0.21595321892891625,0.4747796957476987,0.4257591928599482,0.3514979549635069,0.03952616852639253,0.012154916486955287,0.026117754543907048,-0.05671053919898437,-0.04102777776439663,-0.05172310726124473,-0.039510985288840804,0.010755852170536878,0.09046608054628719,0.0015804172215199159,0.0065953233099018205,-0.056564553812877956,-0.06379903585899359,-0.05155070375889539,0.0013444459466161283,-0.02215663434704332,0.22007440814991816,0.22961706050237038,0.2304572795116757,0.1494695253235714,0.16824441179739805,0.17619500471215055,0.1960429044134809,0.21870594755620887,0.09996500732491367,0.12753285488055321,0.08731614567143597,0.06891967277451484,0.12285703240583,0.09052978083390897,0.09557210817460216,0.11375082458855323,0.11427498938890093,0.1123962665197073,0.11522562108423748,0.07965474469625088,0.079939626625768,0.09762485146994986,0.15971349856584632,0.13537543539040892,0.06456327123887518,0.12070352037633059,0.14724196296876044,0.07917225629340653,0.0620861223173397,0.08334998301315319,0.02674679214331498,0.01919216469060443
7Networks_RH_SomMot_18,0.20549684312906527,0.2664864504956373,0.050217243116810154,0.036053159137489785,0.5867625871871653,0.25888880469075454,0.4930374916122758,0.10625083658222538,0.689799022080458,0.3439515398433523,0.30321314773422353,0.5111894704627379,0.13703864586177514,0.07300102012995364,0.1794084462578156,0.18474869404625424,0.1469992504725355,0.40853016928228175,0.3101110318365422,0.08604427358978595,0.3011640381770589,0.22260017062481913,0.5082995439491684,0.12536452196565862,0.11277610633623578,0.15196762971702066,0.3010426163781299,0.2460803558902422,0.20856648868436514,0.19110051808012718,0.29773613425781253,0.18641915473010703,0.22128425967450344,0.22959549590218306,0.1578507674751103,0.2658213784436669,0.29879315856810523,0.8230312866576904,0.3371692563086035,1.0,0.2806268866716493,0.22721672596523146,0.6415314607124694,0.6000506870248185,0.2568748284418077,0.3737470922676299,0.2872282859082064,0.40133453223603965,0.23032405485806146,0.2748596864694197,0.28782638355442747,0.14098468385214888,0.31771665633446683,0.12630070634156687,0.2800647671847616,0.27839197901606216,0.23624563181392644,0.3458741132729119,0.17811024423871274,0.2708744233672965,0.2765047820843793,0.20401622406660175,0.08891430665461912,0.03647436234539334,0.021655860929017338,0.003954952665128525,0.004476290837596261,0.024282308763823687,0.027466351845987093,-0.0012482925029385836,0.07140605302941329,0.028288689320722295,0.046096848150465185,-0.02269470000577921,-0.024213665683352342,5.4318013366441936e-05,0.01785905633557091,0.03595649703812983,-0.0015201550576317343,-0.006852687992667861,-0.026206968298830187,-0.03042832003698184,-0.027327965319932073,-0.03262688305001058,-0.031903542837984696,-0.04381477586189614,-0.09703807215707509,-0.09207104939184023,-0.08910239267473503,-0.06057750737721725,-0.05860151286678109,-0.06226306896693208,-0.0916290000897737,-0.0947753698235217,-0.0764666815278068,-0.05171156141236783,-0.10865642641157851,0.11432533559075482,0.10813119153089279,0.08469600706512499,-0.020715476704477764,-0.01835514385188109,-0.07002397950236404,-0.0035771595821063153,-0.04629218811159164,0.046745016189127526,0.07799287214928242,0.11608508910515399,-0.034505543517588604,-0.04826950781185547
7Networks_RH_SomMot_19,0.45591556846935777,0.5912897075101325,0.22657650736560997,0.6094267263508624,0.5411165166858858,0.3480326329035227,0.472330075956147,0.633598619895595,0.4081844883353076,0.579102221048857,0.4981058839381437,0.3880034512407908,0.16869787171356893,0.5979034218743018,0.30793194575065497,0.5528402559153454,0.47088097941601786,0.5422412402491003,0.14488926933118695,0.3907299368962892,0.48132466912558436,0.6644444887445071,0.6084157382763862,0.25916809515862627,0.3932562503975809,0.508258192314186,0.1790444912901105,0.6167445540401711,0.3336652860288349,0.4771031033391391,0.3467966459991825,0.3602000586547338,0.3438557400795683,0.502896424748016,0.3723312148016463,0.628686116100763,0.03549949137428554,0.3424272794195237,0.7064917710650644,0.2806268866716493,1.0,0.5335536438989785,0.31060834639155493,0.35218946518122063,0.7642416114560723,0.5050344893846276,0.4526111199542508,0.450027336488256,0.7567476416961091,0.5709701748588959,0.5272976784039649,0.41628360030716083,0.2554308385219493,0.4863375867307937,0.5291684027417315,0.5715203649803974,0.6656776869565301,0.4848343689840854,0.27120120318078983,0.5513280852911893,0.34890227543600616,0.5425121962156642,0.027233089173293076,0.03968842876584041,0.07795853809832949,-0.047847201795290964,-0.003995639335064533,0.008734243115919414,-0.015566396390855195,-0.0030358513016345086,0.10751199653330173,0.02099121335639874,0.03243876634127186,-0.05689651128653319,-0.06085024216587666,-0.05811351858756569,0.007202957474161451,-0.016563680828526453,0.09850612273845263,0.1300541765403102,0.11582409992730078,0.11231674868296967,0.10005858597432915,0.0969830101680194,0.1013728929799472,0.1108742306927728,4.111043335302847e-05,0.043474375471176094,0.027304376233368358,-0.02663282723617473,0.03406605263452877,0.03739279567927784,-0.0028838431951970986,0.04854272193297183,0.07680449059615982,0.04454340821437568,0.06986616098789794,0.09092499734742704,0.04715735680596808,0.11881972833926632,0.14618871483942883,0.09759447728004357,-0.01950176443123312,0.05482293953177617,0.06943920477866292,0.09249924556945645,0.07504183468515993,0.08020077891021718,0.002396147627245441,0.021027139819402123
7Networks_RH_SomMot_20,0.44601729051790606,0.3634751689619107,0.24279951562838717,0.41874211876906997,0.29844374237131965,0.09803702581106105,0.24911945670571398,0.45702917117903097,0.22333291023161136,0.4898812461128768,0.6244747893930933,0.3818710159634203,0.0760936241704176,0.46064836728133884,0.2840838270478206,0.6064530053859121,0.5159015367906625,0.577264058483161,0.1893307146582395,0.46658854869307925,0.4200535137138478,0.5475543725734263,0.5225522956925682,0.3706452443908706,0.3305049625748,0.43890100132978815,0.18974270827764592,0.5560572921102765,0.22044210107128165,0.38869498727407015,0.42850076206970267,0.38501524228888856,0.3876198182867596,0.326050485687269,0.38939109375409925,0.5268768877167619,-0.05602803311693209,0.19827620092694476,0.5026484968097884,0.22721672596523146,0.5335536438989785,1.0,0.31673469050404707,0.5063516845242547,0.5349119094636117,0.6341484078379275,0.42008036923360886,0.45464587142513607,0.581463927605942,0.4845061841136606,0.399909479027256,0.42722398191184835,0.2800657615045929,0.47710356076045046,0.550217378891377,0.517292862217037,0.5131231053066947,0.5151141683595611,0.19230404106584312,0.5048681881510945,0.4008900694049336,0.4311837168037495,0.0381669288833236,0.011703781372795137,0.06607993001160668,-0.04304844773299036,-0.04358576064834154,-0.04173822249283956,-0.005671767636931483,0.0005770089167785765,-0.0005861484377013724,-0.04946288694735313,-0.04894280759091574,-0.08475389869634711,-0.10396197495799578,-0.10689237910541202,-0.037123798919708295,-0.07457576840350327,0.1137060249332491,0.1250434348209446,0.1337293446931047,0.07918301552096466,0.0918324230257307,0.11095090914437242,0.11467690779249305,0.13029391908212476,-0.001090668128455317,0.028850671379239985,0.011505487248638951,-0.0013174280408129867,0.04928307549479283,0.036806952565706944,0.028951280330340414,0.05247484889596623,0.0680897435877585,0.09498811487518445,0.09391423035665092,0.12094448078628615,0.11845723850192225,0.17762159250385237,0.16026298823179155,0.14478230551123494,0.09600181682502253,0.1215335787441104,0.13293958472136178,0.04918768144302272,0.12253062791625452,0.14828111419145343,0.08786233814701282,0.015368890812874706
7Networks_RH_SomMot_21,0.14033669445701397,0.2238075946050115,-0.005785431946031131,0.06622972795766094,0.44988888030078844,0.16187405030244545,0.3962371723941185,0.08829369636851549,0.6236043572714188,0.32278222649807736,0.3306639434759906,0.5394595909594118,0.21126032570402736,0.062465967719307736,0.2601571048956428,0.2902308707499697,0.2554306303853849,0.3164915248065688,0.42534802184798287,0.09243171811398485,0.3213115763592808,0.1809220777241608,0.4779139260655282,0.06148405087343325,0.18418744153065797,0.20778280396874907,0.2629924511906132,0.193466545671911,0.22682613505052682,0.14560398895406204,0.23505056836446703,0.18406288420704212,0.27589875965090527,0.18884469166637138,0.05347343356331035,0.2782479970992671,0.16339433597272837,0.559591246820074,0.3683895048347395,0.6415314607124694,0.31060834639155493,0.31673469050404707,1.0,0.5909045585001084,0.34259250904103156,0.3431833802827652,0.45021958196748857,0.555686495809128,0.2314588606515325,0.22919766482942114,0.4148650648928274,0.2298326251029464,0.40637927177363786,0.18712433069755038,0.26427461501010047,0.27534294662669,0.1678400195097733,0.3516524603042131,0.20627100900117382,0.28978311757268616,0.29074349088578455,0.20071704817485292,0.09537703929259385,0.05305277947543979,0.06667363821541213,0.006025440411022225,0.018162766004646124,0.0391293271515111,0.05992225646355512,0.05971961991269818,0.08668950856637646,0.05780839575569339,0.055718344469103204,0.04243180558738449,0.041771912848789616,0.060634782658768184,0.06745581698175375,0.07342003351070639,0.10323568692157038,0.11600655738624593,0.09573117567011127,0.03799541905841173,0.08280917593775083,0.07591606088350177,0.07019625389532304,0.0932801999487793,-0.03076506938805047,0.01467694093478692,-0.043604796473852965,0.002148967511095132,0.02593199789751546,-0.014979934683170137,-0.03811515881116911,-0.01821533521938517,0.043571177325431386,0.057844383042621184,0.04964241838884474,0.12599846040013646,0.0900962316983851,0.12895438170230172,0.10285762188063538,0.0970911580055585,0.01171413502059858,0.06003364164773757,0.007542229710343765,0.08565130529073893,0.09967002174538775,0.08375259106567386,0.01971152600933475,-0.03269804026245076
7Networks_RH_SomMot_22,0.37691621229380085,0.31205722273359787,0.10467498323352417,0.17407461287379353,0.4145410492211552,0.02935948597831887,0.3372885672580037,0.20381579874476308,0.4228573565213239,0.43899250970896686,0.6468561333567882,0.5927749399087763,0.13915347109620457,0.29678557316326004,0.21767777472170846,0.49309120665289524,0.43812843084900444,0.5463171295659004,0.3398498469638423,0.2980057601828214,0.47686072951378355,0.4503840159701935,0.5605985358355008,0.29830575134705045,0.31461048511401934,0.42118333940721037,0.40009826636966395,0.4959271057409918,0.30732170844550377,0.43359823997461266,0.4605726531695599,0.3377894642005786,0.4567574438569205,0.2996056298299283,0.2258154326270519,0.4438737625811569,0.05019017803885923,0.4848218565956214,0.3928312697688061,0.6000506870248185,0.35218946518122063,0.5063516845242547,0.5909045585001084,1.0,0.4443399345614501,0.6448322723887221,0.4456882216987301,0.5381051981632888,0.4610794725648604,0.3441143606649838,0.42787061652462766,0.3207802753626122,0.35747473730644613,0.35209202796088496,0.5105004408579641,0.5200440317751035,0.42312488331219944,0.5328398626706775,0.299435738439034,0.5266821032865512,0.40123336939531123,0.4206425611873529,0.12936894800829307,0.10727096972225728,0.11930086748729847,0.07027349761337336,0.08452677674346658,0.12384743548641203,0.12755512168251548,0.13988033840021746,4.048832313896666e-05,-0.05916377938908885,-0.04259324373254761,-0.06716360844649631,-0.07701425444657188,-0.035430976137582795,-0.028391856781099917,-0.010959656880296374,-0.004222314507147445,0.0011349228172573913,-0.03499780987045806,-0.00396309733901873,-0.0009438209805351334,0.010031927591657197,-0.025730357301753975,-0.01554167762219345,-0.13528907403661009,-0.12798273785482278,-0.1171761591734225,-0.03723478424330086,-0.06303567046318612,-0.05698978861481081,-0.10204798273653137,-0.10048630324496992,0.009859445236610314,0.05495036550307839,0.022530361921380467,0.17995602307454855,0.17877542536240523,0.190359866580591,0.1347920491690371,0.10604860661085373,0.10016244000946008,0.13954516558160132,0.11697338569205266,0.06834678818777272,0.12581022187268856,0.15714939932221195,0.08386909950885385,0.06372890690012141
7Networks_RH_SomMot_23,0.43684401316458304,0.46757999175034476,0.20633332427340914,0.5861303425618244,0.46909957268376984,0.28771018870901444,0.4458994018348507,0.6823238354898589,0.26466814935658933,0.6142001621217156,0.5596576429358918,0.4844322018170271,0.17647002572617468,0.7125323637598786,0.2350155009133803,0.5499672663728873,0.42803818281708916,0.44000934687317933,0.29720363198417993,0.37790124258814073,0.5871943808085786,0.7024246290835545,0.6004022402523774,0.09339161412862958,0.5632809967907983,0.5178115656539282,0.3899059790248635,0.5975490372280579,0.5461011976736297,0.4882026245653648,0.27664609157505005,0.35362229537283857,0.43393014377990097,0.4736930196223669,0.2893869438415623,0.5940094427878819,0.01975058025655361,0.27686753439443856,0.6132784375936973,0.2568748284418077,0.7642416114560723,0.5349119094636117,0.34259250904103156,0.4443399345614501,1.0,0.5111403061771902,0.49795936356208015,0.5290142014487061,0.7612345407590378,0.48716406048827127,0.6527662744473544,0.33339797251277825,0.4479204132893298,0.4782430351172266,0.4613524625283873,0.580427585050908,0.6569996074109233,0.5960821111471597,0.3704443327667282,0.6130150597695196,0.4252518750426521,0.49366619955642693,0.025443867655453534,0.04526595100120147,0.07323383693599043,-0.019588754570932086,-0.003569772182684477,-0.018984795471121137,0.00679246846097093,0.01444167913409937,0.14384228618402226,0.06314635116196862,0.05884675540509975,0.013353456440019515,0.017532900569802147,0.025829875085102715,0.06943294427411605,0.050400460466290015,0.13459212992905684,0.17936133903519863,0.14748979096603845,0.16210947646850593,0.16712853152986726,0.15739382522525291,0.14812113657805856,0.16787878453555008,0.00937320389716726,0.07389937143453337,0.03544530101842822,0.0684962736152055,0.0844963551896755,0.07087344727273058,0.03986327595227207,0.06685799751594938,0.1036610179421489,0.08220668819984177,0.11396697684331927,0.20638108135056413,0.17044522894307293,0.2301721577299664,0.25060896128114607,0.17710733039937937,0.07010964266856728,0.12691454903523416,0.13700980457918085,0.0626756569748614,0.09692543204943951,0.10618485241061489,0.09481108160282603,0.05653011597967333
7Networks_RH_SomMot_24,0.5258983268524933,0.36615283530572384,0.20011728180303276,0.3714127900297818,0.38883841224350285,0.07355058859876198,0.349728562086353,0.4935185112373628,0.2725099335840085,0.5409398215136687,0.7719040855104699,0.39509114062692036,0.06788405741887606,0.4978165224616264,0.3068414167342816,0.674249179774569,0.6951409554592083,0.7417821307320475,0.19873414314321766,0.43382746012436274,0.5408303232190173,0.6602369789795374,0.6539396049490508,0.4266955321663041,0.39357105523837893,0.5580909527623875,0.3753665732861783,0.6742553419017114,0.32457055294525056,0.5415342977857034,0.5388025724069664,0.4645586886795196,0.4994149122316702,0.3404710153387968,0.4337234521081501,0.6038969186797193,-0.09785831075530398,0.3223563894153046,0.5184121943586115,0.3737470922676299,0.5050344893846276,0.6341484078379275,0.3431833802827652,0.6448322723887221,0.5111403061771902,1.0,0.37493747406360944,0.49741778426855987,0.6960150357823971,0.6167145155820252,0.4643588692146617,0.5932073917601237,0.3852606904183314,0.5591541956398602,0.6527927168984657,0.6330146822132955,0.6288875852474723,0.6682984262965082,0.3058554108837802,0.6584837798415333,0.5334792868402202,0.5483391781132293,0.09168717296259801,0.11926295839804267,0.14955191499959763,0.05033023173530516,0.08230274719920634,0.11316095106170793,0.09065566930012223,0.1307053935865662,0.0512272829045287,-0.002137765221816944,0.010112934703373879,-0.07148456645371862,-0.06625218097285644,-0.041351340153053036,-0.004414068871164412,0.011150532022318284,0.12397973575775652,0.14297093023530047,0.13485706958892202,0.10485746874427912,0.11583766292453249,0.1360125139551821,0.1391707890071664,0.14730247611396724,-0.010294203190089566,-0.01079869879764191,0.0013563171307703601,-0.04463511969213064,-0.0030038399614933722,-0.01229752378188549,0.0003544622202716923,0.006414667662555537,0.06102653794778916,0.06179987762481433,0.044489643303434495,0.09599370244325699,0.06918674492654633,0.11827880286037533,0.14117914156208525,0.08120185891010455,0.040759290390998355,0.06271695914988047,0.07663022026599071,0.04088646978041811,0.06961901394971966,0.12497367605571845,0.039224429390479314,0.019607813560590128
7Networks_RH_SomMot_25,0.2217524658974558,0.20615080113858364,0.054726312396653376,0.30274648595849507,0.32709175050183564,0.20418975217099614,0.30858162944618867,0.4063239943779428,0.36033806106405425,0.4228054299592758,0.42014230529219726,0.4682098512805164,0.45950157633024674,0.3985999843357151,0.3928970546221689,0.4437342519005346,0.3994536927422088,0.35081538611083635,0.3032513557638041,0.33205509185364507,0.3702622741282584,0.34612737269666594,0.4654827651917226,0.16265851203353432,0.1877049831648306,0.24958141467496195,0.19519023460414062,0.3225022296681118,0.15873844352617106,0.2069699146327547,0.2808011116522269,0.30919067469670986,0.2640675824919265,0.15685931507838322,0.14026927089678054,0.3308780880079972,0.0031228514144698042,0.2691854951444842,0.4350808065277347,0.2872282859082064,0.4526111199542508,0.42008036923360886,0.45021958196748857,0.4456882216987301,0.49795936356208015,0.37493747406360944,1.0,0.627103975314802,0.3538668417409631,0.32660193570943513,0.5819141879054526,0.27405115080796605,0.4284109832917318,0.2573066339140291,0.33839584464710915,0.313806408123445,0.27734902334653017,0.388163997791277,0.17806124086752384,0.2995295295696926,0.28883227559415986,0.25599735098193716,0.03225576723466204,0.03826884866793783,0.05373290976261373,-0.031910354377248824,0.011368108167716657,0.030393333682623903,0.006780126347107322,0.04168405515861977,0.031438404795994676,-0.011753985236191934,-0.004999975111069716,-0.0724367907966454,-0.041706054053441986,-0.0231263234472619,0.0013490091401305423,0.002347203125684502,0.034993450440958834,0.053327795872826676,0.03744210238519702,0.0713336474421634,0.07520203990053803,0.092080294285962,0.03779221684526306,0.07892655819012757,0.027447395876580936,0.03744601798328917,0.017970957427349044,0.04026570311918701,0.05373785341421795,0.04755408063962911,0.029692505697457443,0.05671597395557709,0.045375077930907094,0.10334601297361737,0.07915122378094969,0.09762261175021848,0.131308374325983,0.1531672449972128,0.11352126285470847,0.1149488483083803,0.07649959112814057,0.09689996001242265,0.09335967632825673,0.005890767153827763,0.028191560530834756,0.014775294253990648,0.04924272626059975,-0.023152186036366283
7Networks_RH_SomMot_26,0.26006978210344867,0.2840003022559331,0.10043562628306955,0.23771015868544793,0.3393622457207986,0.05697306642656306,0.36473622888108354,0.3817759375307248,0.42463667824369855,0.44397218736231425,0.5066368660680883,0.5135709743465685,0.23799499810746283,0.3664695715790909,0.32021688418319133,0.5263887724815229,0.4804234557964521,0.430350869119757,0.5109877005548603,0.2981513820031551,0.620267841081168,0.46995544122185184,0.6411361483294022,0.11942778297319814,0.48365556833489387,0.4624756734341864,0.31515817900472576,0.46978872212852835,0.43372319510324864,0.37567339850073067,0.34204085864995337,0.32707883228351087,0.35609865701527893,0.2758334490079195,0.13681760579405486,0.41851735029797793,-0.03589500991650782,0.36100911427202537,0.4235668155329646,0.40133453223603965,0.450027336488256,0.45464587142513607,0.555686495809128,0.5381051981632888,0.5290142014487061,0.49741778426855987,0.627103975314802,1.0,0.5116094818416826,0.471466303723151,0.7788012939345785,0.4022224314559048,0.5891282076552378,0.46983096444681693,0.5820645203388257,0.5889962612236599,0.448748015268163,0.5467054159189884,0.3726565880024548,0.4981759824613106,0.48399506299716927,0.42059584579156456,0.16299643101228176,0.13472042642885693,0.14121964798617304,0.08850939015534291,0.11035713379088997,0.1122725632394217,0.15514054679510514,0.13674114262319698,0.13261954797679049,0.07934110649289268,0.09444929141859248,0.01278319153317133,0.01786599946851152,0.04075956801833348,0.06875558815183774,0.08622837047092444,0.06014094998335307,0.06611142684803994,0.059714839221900295,0.01972166100215419,0.03697767159948611,0.037462985819908395,0.041687158372953836,0.05955123210862265,-0.047998161855208915,-0.04407817158196431,-0.06649510306909386,-0.04757797940239105,-0.04254039203494204,-0.05469609559436308,-0.045977440125268006,-0.04818632961584018,0.12195363378420576,0.14221396643234288,0.15543117120118058,0.17172402679001064,0.1539450807781932,0.18727270563310708,0.17945378418982286,0.17130625916800649,0.09507006372995819,0.11869316089172552,0.12635352553713455,0.0007711129935475373,0.022999330946610948,0.04709875257507856,0.10792282774223085,0.06579693325884785
7Networks_RH_SomMot_27,0.5198558926438474,0.5195160064293516,0.24699975058995666,0.5258538509824313,0.41590189932113303,0.1336327298419546,0.37669772893730546,0.6283556466245779,0.26151825536166357,0.5697595240838337,0.6414984166402881,0.35121454725520934,0.013560747057456975,0.6897135975400551,0.3134438633617015,0.6679361568642069,0.5684345544609453,0.6361163482055955,0.16430086717443873,0.5352992455095807,0.6461670075309957,0.855509026014876,0.6623780788854797,0.3255972315327515,0.6229075358715938,0.7224363875416252,0.3162851199618651,0.8259473430506865,0.5174772755039719,0.7087332673263643,0.4584176662688123,0.4063903621795133,0.4661979172696266,0.5111303756025012,0.44764509999818586,0.6820505027834318,-0.07197687990246572,0.28103757292630105,0.5895141054430575,0.23032405485806146,0.7567476416961091,0.581463927605942,0.2314588606515325,0.4610794725648604,0.7612345407590378,0.6960150357823971,0.3538668417409631,0.5116094818416826,1.0,0.7062476921590748,0.5896111113709662,0.4761408447842238,0.31114091015777995,0.6795385239092457,0.6923315963425692,0.7953319387830134,0.8596330376606054,0.6311310760789988,0.4374729028073396,0.7624663323533223,0.49327910859571694,0.7257148230731186,0.06553161670559936,0.09251512372486176,0.11902890304332459,0.04515681159672816,0.06628879245240663,0.0709863422286413,0.08034429678034856,0.05890286335963739,0.13329312288392053,0.04615609112389209,0.050582827523828956,-0.02113119453982129,-0.02763454801057023,-0.014695472758683565,0.043516190472032354,0.023239125464609215,0.11860834970272319,0.16466589967577916,0.15121424148674376,0.13967579587852727,0.14104776060498334,0.1527099788592283,0.15396479786930647,0.1631043290498315,-0.021770938904186143,0.0021439569934170537,0.00769200030559247,-0.058576518451869446,-0.018493139474280818,-0.00569255856208597,-0.013381917632622115,0.012159910757627863,0.09080029153874128,0.07349385579695134,0.0884139157091352,0.0880021046353139,0.050123925727229054,0.09412581959919114,0.1586531476501522,0.08074110868138627,0.01914230335161679,0.05235858710916944,0.08422560057935723,0.02103333359819257,0.014735477244386393,0.03595037465384227,0.03480922045795782,0.025189511871076212
7Networks_RH_SomMot_28,0.35413484386871924,0.31405177520985156,0.14181772464031556,0.3779327928252777,0.345652467672587,0.23063945324447627,0.3217490631293918,0.5157847000458341,0.25620063414976485,0.4790097463119079,0.46609226084085825,0.23040572237080179,0.09614246070504591,0.5043548584918282,0.3108822302451476,0.5326308526514908,0.48503523979624963,0.6286260149375829,0.18105599413591006,0.5609602450499815,0.4777706013837534,0.674381957997812,0.5356136234857276,0.43920786202139445,0.4106954006344695,0.5397444271915506,0.37645903673929015,0.6121974624911923,0.41381082354724935,0.5370378498966384,0.3016059219671598,0.2958147685886957,0.27152843987825354,0.29713216071735354,0.36926559712575047,0.48272616774427285,0.00040308702988285454,0.29774570810843565,0.5086772769151321,0.2748596864694197,0.5709701748588959,0.4845061841136606,0.22919766482942114,0.3441143606649838,0.48716406048827127,0.6167145155820252,0.32660193570943513,0.471466303723151,0.7062476921590748,1.0,0.4902587277124619,0.4486373129071361,0.3081991259153475,0.5859627167158841,0.6333080688435583,0.6245343019654771,0.6983222110520378,0.6184300403044537,0.41590287032947054,0.5929110636833829,0.6288035059798697,0.5244200102636868,0.14834407809675168,0.18051440500327276,0.1932303653888538,0.1017638966241148,0.13194715170909527,0.1317586615704288,0.14280867938855998,0.12249551935209509,0.1005182159042753,0.017155976247151882,0.010287913953293404,-0.08077463807691072,-0.08960905958008564,-0.09269698648416697,-0.02753960108654955,-0.04650110356699113,0.10148089108764986,0.09065112475914282,0.09638965833376044,0.0622606135902355,0.068451029403699,0.0917856858727502,0.09496043613493353,0.10573323117876265,-0.00970914275784705,-0.005896535812876696,-0.0045028405888045955,-0.10239847211039355,-0.05829863783562783,-0.0791907048669396,-0.03859964882396996,-0.021247418257446925,0.038322587870078084,0.04649566481141929,0.019088706527012562,0.013654013069990069,-0.017922371807395494,-0.00805826880449715,0.043672385428027906,-0.022142315343059032,0.007206228233548163,0.02537066127524665,0.027255487501575564,0.039406267207122515,0.037647427174274134,0.040727957045296276,0.02435928715529276,-0.014620835057896494
7Networks_RH_SomMot_29,0.28657981909963987,0.2822734273668932,0.12463927517437709,0.36317938738074923,0.35004064436752425,0.12870572481039483,0.4176099426853706,0.5504315374607386,0.29626718225069054,0.5676853835276193,0.4722008158515391,0.5058355470746763,0.23950409076100865,0.4704737593872278,0.2754153129907543,0.4808204104013868,0.414132558441647,0.33534477814787583,0.5163675971700578,0.2738337687093564,0.6679972187545473,0.5493449200831911,0.6137520785908206,-0.02527219401186905,0.5676236190225599,0.4512535647427764,0.3730149629282962,0.46197497111139413,0.596937365181161,0.3573334943012568,0.29303023315482796,0.34568777099629794,0.37160180214802613,0.318327997695695,0.16038091364636925,0.41809614053628796,-0.09324768690654008,0.2586602041765928,0.4389366716140205,0.28782638355442747,0.5272976784039649,0.399909479027256,0.4148650648928274,0.42787061652462766,0.6527662744473544,0.4643588692146617,0.5819141879054526,0.7788012939345785,0.5896111113709662,0.4902587277124619,1.0,0.35545365685740044,0.6397126484021768,0.46042162031192646,0.4961151499468012,0.5615031727476645,0.477993030351198,0.5345633365697499,0.36034061763227127,0.5116743622915165,0.4577584900006037,0.3853812464862168,0.10610394740939862,0.13446883239160093,0.14181346824617744,0.06212036079382075,0.10094341094198805,0.10052821827875824,0.12155265822016263,0.13328972269550818,0.10570343850683742,0.048749481029409986,0.05290328270882324,0.015492778752515696,0.024914920757055387,0.03758523157139031,0.05636509695331412,0.05832109257101415,0.07819578822633283,0.0870432903288712,0.0743080761668528,0.09653151054987529,0.09435864784287054,0.09353509389907352,0.092940829021039,0.0857628181665095,-0.013733362675978081,0.001012427296990338,-0.031169944625906533,-0.037628704908196364,-0.04315488249908602,-0.07316440917370386,-0.036656580633670055,-0.02577346723232507,0.11154013271868651,0.10609770602924477,0.13314460657772073,0.15532023841083062,0.12260689232751344,0.1697166388570072,0.18784813512775306,0.15782820668195813,0.1168104681164804,0.15178880183474838,0.1711754033594035,0.06192743892727354,0.06252282059670411,0.036458505769090536,0.143993562997189,0.12072324281553076
7Networks_RH_SomMot_30,0.355777980402141,0.3021390042227137,0.16757237922504228,0.24358732797359345,0.17450094152477363,-0.00045630054483284874,0.22454515064811778,0.4039396854366583,0.2290892816537513,0.389666403607753,0.42704428250631926,0.3410625224695587,0.16509770525925918,0.3295813624722685,0.32555973305621755,0.697133377510152,0.7853160551551791,0.5882964081999147,0.16049939321246715,0.30819622665293117,0.35922723032151044,0.39281324506801024,0.5012751733807337,0.44736796634745807,0.2696489079996435,0.5859201083187839,0.18796687206009066,0.4841447250411797,0.10657568415937418,0.41851550916535335,0.3182621861517648,0.31819623925151796,0.3596381277710712,0.1609202835252287,0.2331948315155067,0.39828095012485953,-0.13639433413090987,0.11369512153702782,0.4290823763754031,0.14098468385214888,0.41628360030716083,0.42722398191184835,0.2298326251029464,0.3207802753626122,0.33339797251277825,0.5932073917601237,0.27405115080796605,0.4022224314559048,0.4761408447842238,0.4486373129071361,0.35545365685740044,1.0,0.17220906492446136,0.6410996994650817,0.5759772729799035,0.5217642129119301,0.4412942208076928,0.42460694818208056,0.2288050039436432,0.5172179860951741,0.43061627775589134,0.4710171569979362,0.050179685662956455,0.10741252415851231,0.11580488908638167,0.05372588881189449,0.08724290285424674,0.09437596025323473,0.0451812998866823,0.10190926151586036,0.03547812810339042,-0.02970847410304845,-0.024050483147863188,-0.07189831686411918,-0.08733216219482696,-0.0703857146777443,-0.047655892847407545,-0.029486528519762044,0.14687215750366722,0.1465572256407399,0.15152743576809588,0.12471516634142474,0.13328953804178303,0.162773873480443,0.15896089769407742,0.18109831074623942,0.05297091602698661,0.08809069421292298,0.07670945997840796,-0.012713313043065593,0.08269923836591586,0.07251753065291007,0.06242716321770576,0.10179887080731939,0.061056548161174694,0.030214165269189366,0.04559937856108996,0.001093522785898167,-0.03669043267398439,0.03771150781203226,0.05010801866175678,0.00912627811271154,-0.00982394360880867,-0.04274828037413574,-0.009980518890929973,-0.03279651212462275,-0.04492209559165844,0.007432571522052736,-0.08329053734104527,-0.0959990599304619
7Networks_RH_SomMot_31,0.09748072716696363,0.00012448334274779927,-0.03370870016504095,0.14846682289031768,0.23232836669340523,0.08540288733671052,0.35534766279239594,0.3837065747350192,0.21080634799420894,0.4827805859650592,0.35980630937827324,0.42962645425032875,0.1855956954395791,0.26110346108565125,0.14262019493585473,0.253127046102917,0.24505164362150336,0.19080516881915718,0.5396343718603617,0.18120735438276145,0.46714945080684606,0.34959343200979703,0.5039632971954611,-0.15319934746949965,0.36068281823877496,0.1661400559044771,0.40785882960208913,0.20329786884078999,0.5431039603353959,0.09971033707004315,0.18022576942918433,0.2326010167272976,0.21269084256032675,0.08739307894433819,0.03366535130546203,0.23728502712223198,-0.08827719906805327,0.21180099638816685,0.2847853013426112,0.31771665633446683,0.2554308385219493,0.2800657615045929,0.40637927177363786,0.35747473730644613,0.4479204132893298,0.3852606904183314,0.4284109832917318,0.5891282076552378,0.31114091015777995,0.3081991259153475,0.6397126484021768,0.17220906492446136,1.0,0.18831711443696109,0.20965864129798722,0.23810674559226103,0.22351321461042042,0.5237983265180978,0.26550281189076896,0.3040044906307361,0.35033463332720666,0.0939936858591339,0.0750217746516666,0.09990331108171308,0.09881017507103158,0.09210420281772537,0.09500993115909934,0.09024161718522976,0.08062965777204219,0.11662702894948974,0.12879541402020023,0.09106501394027786,0.09490477440343881,0.03982220288046121,0.06608263285176752,0.08191061945770763,0.09353956466240469,0.1105890166475078,0.09530682229231352,0.07178665600950332,0.04547503321547445,0.04250029537943899,0.052610653866947445,0.0373677385909751,0.060342040574004135,0.05789103580007604,-0.1542673295201405,-0.14951084485334737,-0.13887614890681432,-0.07739136637077841,-0.1373260724026356,-0.1258912328781779,-0.11343361007493882,-0.14596375520886642,0.08451720839263127,0.1357750461925481,0.11499762594727249,0.12408977509842664,0.1408305709807559,0.1647683423583234,0.15079762619836254,0.15146562841813,0.12067830691256395,0.12113521434556734,0.12665516698310034,0.03505750199185546,0.06089000030236372,0.0370823096484724,0.16654643246804496,0.0802516427934469
7Networks_RH_SomMot_32,0.4400876194808667,0.38620176960581337,0.2920815308205129,0.2737566298034283,0.18127707432604062,-0.04418441405027296,0.18302628054607867,0.39529100962487057,0.19299158017919296,0.32592449530217443,0.49686644549435205,0.25078874223542263,0.10354847895699379,0.4780332843574457,0.3047731168434346,0.7015377580736747,0.6457659626363801,0.5056094804805986,0.21360964162885265,0.48948879356348585,0.510001445731807,0.5866457328210973,0.5870280637032337,0.49513920273172884,0.6642181856834168,0.7838084969427067,0.24897039363680362,0.7358726045264257,0.3561481540200547,0.7082225996101272,0.44605918418335405,0.3580831681207164,0.4787212067465403,0.36088333845066983,0.35708465844610876,0.4611618775400807,-0.08525579512244134,0.1549860821498614,0.3536118053939819,0.12630070634156687,0.4863375867307937,0.47710356076045046,0.18712433069755038,0.35209202796088496,0.4782430351172266,0.5591541956398602,0.2573066339140291,0.46983096444681693,0.6795385239092457,0.5859627167158841,0.46042162031192646,0.6410996994650817,0.18831711443696109,1.0,0.6952543618046962,0.7453744559697811,0.7419262204596605,0.4577813699155695,0.4774428151610094,0.7345863809130072,0.49482331619346454,0.7733960342098263,0.09444900988694635,0.10741523476064194,0.12915399590633167,0.09712126916241166,0.10490056806894307,0.11151046542035378,0.11890335121826784,0.09770832682526484,0.09117455981496558,-0.017141762683744528,0.005343258582127918,-0.04919540470672085,-0.08884267928038528,-0.07470107426169646,0.005427436392518243,-0.03820643269250678,0.08035964421710115,0.0914664533622103,0.10567471763801248,0.06322730365873393,0.06930569026737048,0.09277632521825965,0.09758091866914644,0.11665920094910318,0.03221081807831581,0.050009877387242975,0.05248711089620386,-0.03574713372430571,0.0012135690132469336,-0.013324470589138448,-0.0008264265937931184,0.03444817665326972,0.1301950225042384,0.12378027801136002,0.10086978995257037,0.06113726530133227,0.033464438433481576,0.07378728350121491,0.13095391198170583,0.08441621064651694,-0.004661260559462097,0.051212432189761375,0.05754509367016647,0.0016519056171636441,0.034956667528662944,0.0560481980038924,0.028516630323798423,0.04915100557308715
7Networks_RH_SomMot_33,0.4502114411741406,0.4265929356006618,0.23271144985075481,0.29881745803679216,0.2772008689168378,-0.018995923509663563,0.2518821143777679,0.387511218865788,0.28111281511875313,0.3630807937858574,0.6002233545004416,0.36280810463731095,-0.000478913525126461,0.4363499535711861,0.293255819670356,0.6469186512689952,0.6155384580254063,0.6961221643927903,0.17302882302498915,0.4345811201749104,0.5495296875904029,0.6129103055706803,0.6245246357809847,0.5591096689534086,0.498885057465362,0.7477314964811796,0.3486762950650961,0.7524239472512632,0.30548450804193444,0.7034466226315144,0.508690163165787,0.39486268023989657,0.41438816284091995,0.3914834590558225,0.3474748766617517,0.5348844308921774,-0.1256841289149711,0.3147894029847008,0.43713750864764883,0.2800647671847616,0.5291684027417315,0.550217378891377,0.26427461501010047,0.5105004408579641,0.4613524625283873,0.6527927168984657,0.33839584464710915,0.5820645203388257,0.6923315963425692,0.6333080688435583,0.4961151499468012,0.5759772729799035,0.20965864129798722,0.6952543618046962,1.0,0.8617731082643141,0.7353991280913461,0.6269664365474226,0.3477097616959972,0.7358476261442032,0.6848467245384345,0.7273643074511865,0.12831842731918625,0.140660400739479,0.1544179815085534,0.10289669490093799,0.1315838362301511,0.1434064745537657,0.15572413270913193,0.12460023696900009,0.09300080348196134,-0.01670108674919603,-0.0018437139226542404,-0.07779929676778785,-0.11494359436919746,-0.10442809673536695,-0.014093387958604438,-0.0523002985589391,0.06805244838964995,0.06827846510042775,0.07376861316608575,0.05328699574536691,0.05557110332673197,0.07952900218535862,0.07848996251931664,0.07793370033139099,-0.00293960331627907,-0.012979393167677355,0.016138906589626252,-0.04445317865463082,6.412537752557787e-05,0.017319554115968527,0.007275178730763214,0.022965391969244554,0.08498152699925357,0.09197511499898019,0.0910336483149629,0.05165194285309903,0.0504897017312006,0.07341452760124,0.12113760890833628,0.09483688100775371,0.06105061156258087,0.04610067862728289,0.10040358544974405,-0.012019632219337108,-0.019210806598918325,0.050377394409091364,0.03739927878938955,0.05868734287696868
7Networks_RH_SomMot_34,0.47457492286069713,0.469900740165744,0.2372354640003192,0.32149740247920117,0.29205111687303825,-0.06089061765489732,0.257213030838877,0.4104736819881094,0.2647357556186297,0.3959588655073535,0.5924492477098231,0.3479235521442313,-0.06170329074241697,0.4980138432816384,0.2383123290046426,0.6514857281202925,0.5685458198251809,0.619915934818478,0.20258802620593092,0.42481947417259003,0.6470799392680204,0.6851953327743563,0.6550109027634147,0.44782303749110963,0.6438510818596738,0.8168204546966154,0.37917587510258455,0.825942826031273,0.457802012048894,0.819691872894818,0.497026335368252,0.4084772338931601,0.4776601016324945,0.48066953544381946,0.34725511802290815,0.5511620223796693,-0.11256916049155859,0.3094034867831781,0.41648164928846143,0.27839197901606216,0.5715203649803974,0.517292862217037,0.27534294662669,0.5200440317751035,0.580427585050908,0.6330146822132955,0.313806408123445,0.5889962612236599,0.7953319387830134,0.6245343019654771,0.5615031727476645,0.5217642129119301,0.23810674559226103,0.7453744559697811,0.8617731082643141,1.0,0.8474222506614445,0.5998628405004243,0.4593252429978053,0.8122465008533537,0.6118481320781206,0.8328470166019043,0.11634724598850242,0.14235936507084931,0.1585469028717746,0.1221098937243786,0.13810536433736653,0.13740138351976902,0.16025740264783503,0.11243663631127289,0.11498472950141372,-0.002776472764770317,0.0036636468221092596,-0.03215277197532186,-0.06249024995456372,-0.0447180530612332,0.023983236846815616,-0.011079299055262231,0.0650573784079229,0.08524684339201213,0.08178144379142575,0.07987193016362698,0.07750264248747778,0.08744414588248742,0.09778489710120934,0.08892706555606847,-0.01969600367817293,-0.01992174373976062,0.007839814771503258,-0.04217470454086794,-0.02212941092769167,-0.0026454975876250937,-0.00806740096316994,0.0072759419626175085,0.09421412824560775,0.0779787772445126,0.09173307215930179,0.0728513077002439,0.05172664207203497,0.07120565071709259,0.15068192112134038,0.09165197112979306,0.030636611361979607,0.03158651312216044,0.0745873896312831,0.009225023865206034,-0.017428964765456245,0.052319424927445464,0.05023024482233233,0.05565810248636924
7Networks_RH_SomMot_35,0.5035365775353948,0.49079902742101905,0.26157494643724594,0.42090732963912647,0.3396992308695059,0.07713175261204153,0.29430764487128724,0.5138372315285371,0.22490579320437368,0.46024148934281656,0.5711127985258283,0.2776212431176962,-0.024433200341068086,0.6101852606932185,0.22272498831587437,0.6048976416372661,0.5150268174383799,0.6176837753504903,0.09428645337998234,0.5342076953819335,0.5737060435315685,0.7729161188434047,0.6275775174474705,0.44774557660014297,0.6228770324189652,0.7762022675850242,0.36268066621367884,0.8523450652335757,0.4870960905113419,0.8288672835082637,0.43570462056461007,0.4063226906459605,0.4541355630960654,0.505714593249994,0.4251022641828524,0.6114485889192574,-0.06861477497643728,0.2863662428814786,0.4981009848089464,0.23624563181392644,0.6656776869565301,0.5131231053066947,0.1678400195097733,0.42312488331219944,0.6569996074109233,0.6288875852474723,0.27734902334653017,0.448748015268163,0.8596330376606054,0.6983222110520378,0.477993030351198,0.4412942208076928,0.22351321461042042,0.7419262204596605,0.7353991280913461,0.8474222506614445,1.0,0.6099097837920557,0.5221513263422057,0.7938044774642855,0.5600431050996038,0.8246667048749026,0.08888786792851934,0.11578160666162449,0.1327703240538047,0.08801694536020635,0.09381424512444146,0.09321823664948574,0.11752722053836569,0.07246812676891674,0.12501134540093164,0.027068867374847167,0.033589380246397606,-0.018106568894180563,-0.04579575537929801,-0.035049366161382545,0.044005931825490924,0.003579968682406613,0.0694715089432738,0.10692311843712368,0.1062035688790469,0.08870938915002567,0.08519062701944892,0.09651837172299492,0.10855792550654568,0.12055089281909961,0.01785400459361341,0.009197201218974728,0.046033758255471166,-0.044365716022207784,-0.017339060270322712,0.004290692875783607,0.007334171293581991,0.01894952187377241,0.06238059104865648,0.04196201559098771,0.03853357320791242,0.03965747312752121,0.015645522618363706,0.04920353215637738,0.12552869219272275,0.04781894333613717,-0.03789342896519349,0.014871210426598504,0.04709100066116523,0.011156302337264438,0.01771271732726748,0.06886590504010477,0.022451147455639555,0.053041906148241294
7Networks_RH_SomMot_36,0.36873028162790583,0.26713622256772296,0.1197301051295046,0.4218835074013179,0.40980255501354923,0.21144025157848637,0.43934693485302884,0.4889516633935373,0.23509068301918656,0.5129325984372181,0.5996207690003061,0.4237687986084493,0.06758460094318401,0.4663898985194709,0.2423570486814648,0.47408439082592063,0.47455347237752676,0.7010283210288579,0.2724396832911809,0.4086787037472622,0.47836549893864805,0.5993250125851252,0.5743740045776881,0.30378806476810843,0.4047988978876305,0.5148715859500526,0.680543296707846,0.5311654474630163,0.48226901253383603,0.48239588354906787,0.32887065667046367,0.35997296678893487,0.36425135821832233,0.314139116663751,0.2842160944785507,0.5388615702762947,-0.03416840704766279,0.36559064126267826,0.5276576600818942,0.3458741132729119,0.4848343689840854,0.5151141683595611,0.3516524603042131,0.5328398626706775,0.5960821111471597,0.6682984262965082,0.388163997791277,0.5467054159189884,0.6311310760789988,0.6184300403044537,0.5345633365697499,0.42460694818208056,0.5237983265180978,0.4577813699155695,0.6269664365474226,0.5998628405004243,0.6099097837920557,1.0,0.34610223893789166,0.650787851471736,0.7834301427085261,0.4351579860403118,0.14159393620259292,0.18725222217075263,0.18478643788445293,0.1122332077636603,0.15241273060088592,0.13197144703008465,0.14976835023861926,0.1742271493455967,0.11969835382828083,0.053957680340767006,0.05746028141072109,-0.018609745234318416,-0.01954720314169337,-0.009156092728400844,0.03899758632421372,0.042161886684128284,0.10778057330962457,0.0874660345707564,0.09883691785904498,0.0457470767803381,0.05666568530509645,0.07365225237588692,0.09572233768006057,0.09571624759980414,-0.09111137671167095,-0.07819936320470111,-0.06372184282084735,-0.02553051300549757,-0.024012323705716005,-0.007080928092247818,-0.04417733260781818,-0.031205325350509773,0.02410416903036922,0.0666968133136585,0.05022310022055357,0.12164079734893123,0.10292774337585574,0.14221901397215667,0.14480907152532094,0.09838949664299029,0.07105574384514846,0.10191963531865379,0.13226681635447846,0.012264945918543836,0.06657165125852108,0.08606491691031222,0.08063863806017672,0.06499668608448911
7Networks_RH_SomMot_37,0.21700628743569386,0.20238450556542031,0.06672708502406267,0.10141661721148558,0.08486933272720182,-0.039161532560091715,0.05850903807556002,0.27209123766843873,0.10647850061519101,0.23762827111808613,0.2714344252224436,0.19689975899748358,0.059243448195053325,0.350432522629907,0.10526980164357129,0.32761068761492634,0.27962547484300065,0.1975974320393581,0.25469393885842323,0.35407608469949475,0.43932931631668043,0.4086220083607383,0.33005957699447147,0.09548600363271234,0.5360380565845496,0.5052740807766891,0.3159622379474684,0.40488839907666346,0.5000411769418497,0.5111006304658609,0.10203745165262985,0.14884018867963383,0.2986791737313427,0.2718763387309018,0.10453967441541494,0.24436039072803392,-0.03321731202109476,0.12285644123985243,0.21595321892891625,0.17811024423871274,0.27120120318078983,0.19230404106584312,0.20627100900117382,0.299435738439034,0.3704443327667282,0.3058554108837802,0.17806124086752384,0.3726565880024548,0.4374729028073396,0.41590287032947054,0.36034061763227127,0.2288050039436432,0.26550281189076896,0.4774428151610094,0.3477097616959972,0.4593252429978053,0.5221513263422057,0.34610223893789166,1.0,0.4878838138434965,0.3847781041857634,0.4995715197653163,0.08338270004693756,0.11822339514071728,0.08359938785375683,0.1464322787266091,0.15607698581706872,0.1423042567897175,0.15101508705338823,0.10877193461606412,0.09693938021036065,0.10618616399812798,0.10323524331207982,0.06686582424521097,0.08878758860467717,0.100717900617004,0.10743157794622189,0.117037380627642,0.03727339758736542,0.08115658481282378,0.04972071440445901,0.08964823376560842,0.10393130478467454,0.10876685813763362,0.07007245621813675,0.11649761580659186,-7.183024153299744e-05,-0.023340548074021365,-0.012154096858953837,0.03650648647429604,-0.004771746698586362,-0.0013301334861103773,0.02559691082582645,-0.02032570589219472,0.037469883379830475,0.015242556578084428,0.0159186217024004,0.11297352141906893,0.09115755768300551,0.10670186490735298,0.14924460986678048,0.08210869752938467,-0.0012199200560178087,0.0390102461595068,0.028935376344530226,0.013230163242912162,0.050287322400785456,0.061743465807608734,0.09539535621811845,0.09824342125552535
7Networks_RH_SomMot_38,0.5100006459938549,0.4295766269645913,0.30351367174787364,0.3119932985700512,0.30223035543449106,-0.007292321525058845,0.2987919050233303,0.43659935241174236,0.24158662106121453,0.42988690491295195,0.6090932848562702,0.3836970800525893,0.0020725044977368337,0.526437348674133,0.1947296665219174,0.6308095601114594,0.5937399312283039,0.5898097592582864,0.23489231130580557,0.41016484169413964,0.5929885520249636,0.6669283591295281,0.6578539119662002,0.35132255741184293,0.677914316130738,0.8452960372959598,0.5491386843505108,0.7689194178009336,0.49811614228007745,0.8171531972016184,0.4711770355752246,0.4114603399953535,0.4853564216353539,0.47161887070248315,0.36639859206531566,0.5244123552024047,-0.08140214210904612,0.2617066446904473,0.4747796957476987,0.2708744233672965,0.5513280852911893,0.5048681881510945,0.28978311757268616,0.5266821032865512,0.6130150597695196,0.6584837798415333,0.2995295295696926,0.4981759824613106,0.7624663323533223,0.5929110636833829,0.5116743622915165,0.5172179860951741,0.3040044906307361,0.7345863809130072,0.7358476261442032,0.8122465008533537,0.7938044774642855,0.650787851471736,0.4878838138434965,1.0,0.6228370303045541,0.7841668520322151,0.0675005159155617,0.07423381391046042,0.08592732453123796,0.08295944657344774,0.07785534378081004,0.07164539635323505,0.09570806049548397,0.06627327073765056,0.057011223658112724,-0.031699625918368016,-0.011884129728985334,-0.0435921993215286,-0.06910349523523458,-0.04281172902623805,0.010446465178506018,-0.00984655991402319,0.0961913594911766,0.1205114791002357,0.10924227837092693,0.09924113340426809,0.11240330849649924,0.12867029497514448,0.135239349990902,0.13143507086249362,-0.03182841904763148,-0.010084665468162038,-0.00266600721265544,-0.056522437470325725,-0.029566763808831175,-0.01922912241571358,-0.021496710330787885,0.004064044606622879,0.14143982701671803,0.12425892811832909,0.11044405624624948,0.10704419115676449,0.06381467664930142,0.11234756542142779,0.20972250384002666,0.13568708863066134,0.029275973085724733,0.08373011016255633,0.10236663479201516,0.0448634805523937,0.045640780145423575,0.07941827949794826,0.07675905823192368,0.06462006404509217
7Networks_RH_SomMot_39,0.3006234585039408,0.223515820638472,0.11741796350706182,0.25075148436648875,0.24683671966356194,0.11429642222091892,0.2954274312312906,0.3454166483914926,0.20765246561147416,0.33108680400713725,0.4348377191039132,0.2840797500477737,0.019648825553703914,0.3375808879260843,0.21288330401701142,0.41994403967563604,0.4420636205280956,0.5770903236497329,0.23936791165266258,0.3595687143648,0.40626621810889246,0.44638603387962017,0.44863174672465994,0.3928799531636422,0.3815357160259634,0.556287192701633,0.6618729685652308,0.4537029235345652,0.3957047765168497,0.47916929181420065,0.25710435143872246,0.2779039715553233,0.2913877921798507,0.26375824207471305,0.22096458280858514,0.3986842205645449,-0.009890005069855186,0.3078977566545979,0.4257591928599482,0.2765047820843793,0.34890227543600616,0.4008900694049336,0.29074349088578455,0.40123336939531123,0.4252518750426521,0.5334792868402202,0.28883227559415986,0.48399506299716927,0.49327910859571694,0.6288035059798697,0.4577584900006037,0.43061627775589134,0.35033463332720666,0.49482331619346454,0.6848467245384345,0.6118481320781206,0.5600431050996038,0.7834301427085261,0.3847781041857634,0.6228370303045541,1.0,0.4503293004266126,0.1923269465425045,0.2230439062902175,0.2172044689380838,0.1463849332939478,0.19320752953196121,0.1682187079244126,0.212005836884871,0.21067326824650515,0.139098720398649,0.06191927151527761,0.07187631350346341,-0.01796914148813256,-0.026597706927812527,-0.020780374044691352,0.04287531700773293,0.03974609605929372,0.07324453258465194,0.04260130332642591,0.060677836271862066,0.023302559836138572,0.045529550159040984,0.07596384114758338,0.08457640880680059,0.07756614721348033,0.0019997045669454686,0.011027337704529053,0.020335803518638496,0.019372768761374202,0.03111846827134287,0.01662021745442191,0.03177621315955928,0.04030301075210155,0.06754942809598737,0.0853393575779173,0.07847175420779857,0.09627386494026119,0.081493512898051,0.0997318104636114,0.13127893629083565,0.10952319371057183,0.07629136309957159,0.07192750069530326,0.1305276124990976,-0.012663915615758595,0.0074044348910749964,0.040573016686339364,0.07345433283511972,0.08302302568599973
7Networks_RH_SomMot_40,0.4944767921773702,0.50113723802466,0.3175411253169283,0.28168740966083405,0.24849102319071203,-0.06924834760906003,0.1885775311524566,0.3417448121404086,0.2677474375625444,0.2916524609602915,0.5118667182466478,0.21365297169445754,0.03478092291940902,0.4832804964284374,0.23192486313189833,0.6041303780767113,0.52105264867207,0.5140285899623434,0.06122036661475468,0.4387544291351572,0.5125608972620669,0.6079783882932823,0.5804808327308926,0.47299805747024976,0.6239693217378643,0.8408183707311703,0.22396380976749206,0.8116397541120097,0.299371967536249,0.869491757158938,0.4886704663433646,0.4168818639429965,0.45348772915881885,0.48072784667861246,0.41950160695637106,0.5151796165955851,-0.07942359701640277,0.24892620765861959,0.3514979549635069,0.20401622406660175,0.5425121962156642,0.4311837168037495,0.20071704817485292,0.4206425611873529,0.49366619955642693,0.5483391781132293,0.25599735098193716,0.42059584579156456,0.7257148230731186,0.5244200102636868,0.3853812464862168,0.4710171569979362,0.0939936858591339,0.7733960342098263,0.7273643074511865,0.8328470166019043,0.8246667048749026,0.4351579860403118,0.4995715197653163,0.7841668520322151,0.4503293004266126,1.0,0.03211353345535635,0.043638116438235564,0.06541034962561447,0.06320832066350619,0.06999853703595968,0.08622982417441945,0.07691199542087933,0.0350643369225637,0.07412212433845677,-0.006751512606446935,0.005342912374865528,-0.022017624504485765,-0.041103062686440324,-0.019413489180096395,0.032417116346915464,0.0031786173551747545,0.012379380961189635,0.06536767293606091,0.05281225191103036,0.06969704072116649,0.06575321737002712,0.06813727554125883,0.06550680144712524,0.07885284371162864,0.02697767272127363,0.03510474901136805,0.050390738266481945,-0.02633969130353685,0.01196358823235449,0.028053292174685072,0.014572220177273873,0.042791247261728706,0.11379631540416052,0.09710686985475243,0.08816660044157716,0.015605197622978113,0.007673583595399037,0.03413784124240174,0.14811036331155827,0.08174428364302565,-0.03544666801210127,0.02228490427756519,0.027453193006664274,0.0522035100584283,0.031807832593893776,0.07304963398914399,0.045629649028814924,0.05486421635268227
C3 GM left dorsal horn,-0.127269401141598,-0.008752703604033721,-0.1837185909508021,0.045990323990467354,-0.00605996759593357,-0.06113562368234906,0.0863101162830698,-0.018321331178377052,0.07153795994993821,6.107137853286607e-05,0.029233960793763687,0.02014622567810254,-0.10392049345718371,0.00458538367724344,-0.0316420731887016,0.07181347816781976,0.06287526796942475,0.07306933233660962,-0.0041334310517841194,0.028073844338205083,0.020203333703795477,0.03932222163461178,0.02615592443067274,0.12965603030312364,0.03766405816687984,0.05252367372645361,0.09796892647990883,0.05220864776765726,0.08264819473960536,0.04606921113368003,-0.008294240877947,0.02210061307707153,0.037007452799327906,0.021444287298481753,-0.13982068364945796,0.059423801572265095,0.029280344544613948,0.08473011741773144,0.03952616852639253,0.08891430665461912,0.027233089173293076,0.0381669288833236,0.09537703929259385,0.12936894800829307,0.025443867655453534,0.09168717296259801,0.03225576723466204,0.16299643101228176,0.06553161670559936,0.14834407809675168,0.10610394740939862,0.050179685662956455,0.0750217746516666,0.09444900988694635,0.12831842731918625,0.11634724598850242,0.08888786792851934,0.14159393620259292,0.08338270004693756,0.0675005159155617,0.1923269465425045,0.03211353345535635,1.0,0.749109491912276,0.7234013771530102,0.6106754310144595,0.6500444284923751,0.5827499513671808,0.7917484387855253,0.6958401333286425,0.4076066629628946,0.33664074836860847,0.3291773679111748,0.29710794330353774,0.2675464882739655,0.2674540650681385,0.348859222207935,0.3361785058854219,0.12994508440472047,0.1573473392488628,0.14421897988126584,0.23126360345610109,0.2115837644478058,0.19776014153296373,0.19776314184908794,0.1653878385794323,0.05577198182162439,0.004487135150711028,0.07065882056959923,0.09671228010763668,0.04817247642110923,0.053845703501858244,0.0548205159659312,0.049455142266534816,0.08611742871103303,0.12640836838284988,0.11285995218213768,0.23811369783754416,0.23088058231940833,0.19847509154593074,0.15524141712982192,0.14885356515384734,0.010380835441149878,-0.03029199636639921,0.014656678062326258,0.03304507889342781,-0.0017041714920768066,-0.01934705454788665,0.13622887050460486,0.1850594514818306
C3 GM left intermediate zone,-0.11630973836525911,-0.028087752955607004,-0.22116572002769105,0.12053537452164172,-0.027903570822367833,-0.10702414143560489,0.06777941291509057,0.0076091794067068355,0.020020843199877746,0.01310735624607182,0.056694083474659346,-0.005486087620278379,-0.11086167543072016,0.00834927221609253,-0.06078578190979991,0.13374582718400763,0.09227926814781864,0.08179633933398454,0.010712020868077274,0.05754145805077064,0.06743913909517248,0.05056600754483462,0.03320580952182216,0.14280893595399974,0.0561071761961996,0.08950330618025837,0.1456561939211071,0.05464968132454578,0.1030328761716444,0.05693047088361817,0.0023106400402215857,0.08181354100303496,0.06918018785146787,-0.012223430373525227,-0.14739028242405258,0.0666250651450081,0.0005315078575789708,0.009819356111140737,0.012154916486955287,0.03647436234539334,0.03968842876584041,0.011703781372795137,0.05305277947543979,0.10727096972225728,0.04526595100120147,0.11926295839804267,0.03826884866793783,0.13472042642885693,0.09251512372486176,0.18051440500327276,0.13446883239160093,0.10741252415851231,0.09990331108171308,0.10741523476064194,0.140660400739479,0.14235936507084931,0.11578160666162449,0.18725222217075263,0.11822339514071728,0.07423381391046042,0.2230439062902175,0.043638116438235564,0.749109491912276,1.0,0.9128179382671336,0.6103247679852833,0.832747492209892,0.793219743507275,0.8121878773836839,0.8573503010385477,0.3568212271763829,0.30009939848544914,0.2854396718529705,0.23664017842529167,0.23037110689318888,0.21935382645861493,0.2803400317599461,0.28895133634506054,0.07503813868608834,0.11366228068515481,0.1046413446158051,0.15992828374340973,0.1585842811262741,0.15518835999089098,0.15724058020156362,0.13320168917204417,0.06365275673291639,0.011348082654612715,0.05363273576896475,0.08323872549643206,0.04604305454619452,0.04629482129587935,0.05774884667470336,0.047895756599893674,0.06174282864400933,0.06758183225921284,0.08918405246618062,0.19326339695548875,0.14114006885300825,0.15409010024565103,0.127952179149104,0.11784452589433783,0.04263256701959168,-0.06103053979566916,0.04743239402319191,0.04876529609230462,-0.025335327780646073,0.012742564006100684,0.17444856653323335,0.22592027796005099
C3 GM left ventral horn,-0.09416210784203127,-0.02385997150107881,-0.2085615955113826,0.15930744487457008,-0.023911804233422724,-0.10297270282720085,0.07637556093443736,0.04535666729747184,0.030427583965974267,0.027038773663929448,0.09279073223405149,-0.00037935668107352377,-0.10038671771264066,0.048395543777321685,-0.03805897738945242,0.17048263698756458,0.11964897975368803,0.09559305590218985,0.02115244090906787,0.08602653236113342,0.08487903451099757,0.08728060492522549,0.058553225629458285,0.17429031657159214,0.061681417501380356,0.09629066701923411,0.12293208907622358,0.09271698383763136,0.10124106477002169,0.06409351509604823,0.04129828645983469,0.13487736143900264,0.09985603747766751,-0.0012516219257124863,-0.10557841571383712,0.10334776092045464,-0.035442666895903065,-0.004326756789507388,0.026117754543907048,0.021655860929017338,0.07795853809832949,0.06607993001160668,0.06667363821541213,0.11930086748729847,0.07323383693599043,0.14955191499959763,0.05373290976261373,0.14121964798617304,0.11902890304332459,0.1932303653888538,0.14181346824617744,0.11580488908638167,0.09881017507103158,0.12915399590633167,0.1544179815085534,0.1585469028717746,0.1327703240538047,0.18478643788445293,0.08359938785375683,0.08592732453123796,0.2172044689380838,0.06541034962561447,0.7234013771530102,0.9128179382671336,1.0,0.5347470517600416,0.7510479443940271,0.7537582710233489,0.7756114019172495,0.8504847955706375,0.3685321393821406,0.2911540263607331,0.27315548368580317,0.22074953514041815,0.2091483599247198,0.19926159859409256,0.2787768287689578,0.26897908686789584,0.07838136593625343,0.10789373256429949,0.09740132624446272,0.16948217747372604,0.16579289993113208,0.1601303192312232,0.16024211251620962,0.13274983709821683,0.06788900230141301,0.03438824733934864,0.062224562745803284,0.0773588153435744,0.05685898916865295,0.04342958507662459,0.05862692824471749,0.0597553160691127,0.08194337200567699,0.08575461277762166,0.11208890269765524,0.20162388330635816,0.14926151005440522,0.16931016171036006,0.1505303113173913,0.1376164748041486,0.026395066332036705,-0.07335869917991966,0.055335023011746795,0.03556177060096017,-0.04649599756217011,0.0007363764448599849,0.16146273842887254,0.21629063025090012
C3 GM right dorsal horn,-0.18234998941568575,-0.04707963049195237,-0.26867844971562255,0.029142745795947438,-0.08697756384604874,-0.14175670653035347,0.0346116491202455,-0.03453308032172201,-0.04165415570971882,0.004862847461709098,0.004765492565457032,0.0022223444567459685,-0.09443490419910652,0.00902684212839071,-0.03376170298679674,0.03741102041679301,0.05336424317255644,0.03515534104073887,0.02596564792887515,0.02161737617673278,0.09474794503119432,0.059422625452699454,0.05372399669474052,0.11659640685053124,0.07847108551331972,0.11112488333925936,0.11752293272353813,0.07543658617256267,0.10509337272008354,0.12523881292427808,-0.027027168749044518,-0.059123957930335425,0.03180438615274494,-0.009869219337197352,-0.24019457668175534,0.0011313151658713869,-0.06513596914282589,-0.023053044279579882,-0.05671053919898437,0.003954952665128525,-0.047847201795290964,-0.04304844773299036,0.006025440411022225,0.07027349761337336,-0.019588754570932086,0.05033023173530516,-0.031910354377248824,0.08850939015534291,0.04515681159672816,0.1017638966241148,0.06212036079382075,0.05372588881189449,0.09210420281772537,0.09712126916241166,0.10289669490093799,0.1221098937243786,0.08801694536020635,0.1122332077636603,0.1464322787266091,0.08295944657344774,0.1463849332939478,0.06320832066350619,0.6106754310144595,0.6103247679852833,0.5347470517600416,1.0,0.8024085164504422,0.7182926221619353,0.8062861976429171,0.6709299267328978,0.3041457580846295,0.263596247923926,0.25454233104813534,0.1947694657987144,0.19470670332171053,0.1937819589138724,0.2399996844645902,0.25504909486008803,0.021140354315239425,0.05466030909045008,0.03200239413894203,0.09919859073721862,0.10202013585621982,0.11516379300018985,0.0811558524978054,0.05717880249701939,-0.019000746060731526,-0.09422911044738684,-0.0002579052579297023,0.05847975035867001,-0.030752011990492056,0.010632101602399536,0.0006966299640620506,-0.04153746275420929,-0.010851990481436532,0.03725559887993412,0.04813073410693737,0.12348091213842108,0.08909721879429085,0.08637773994043219,0.02612871737078111,0.02283258863785042,-0.02807264583471261,-0.007865768752542263,0.05131599174420114,0.01030992946935818,-0.035655439961010144,-0.0833908107993622,0.0969628439885837,0.22705118948075032
C3 GM right intermediate zone,-0.15466135071546933,-0.028239140801535025,-0.290756021597713,0.06280104626969782,-0.06332034296648265,-0.14628566013817357,0.03810636713403918,-0.030850640821902604,0.0013287643602568555,-0.01022405899486051,0.013100323981976143,-0.017078633580410146,-0.10111424627568906,-0.009620781889433185,-0.055781203435033185,0.0945795731252087,0.07842662704303131,0.05836919204656462,-0.002135167413826322,0.029409703523498577,0.08146624822842248,0.042936018062091824,0.036791959169369434,0.14312136585139817,0.060454104766935336,0.11456707362324772,0.12592534831223376,0.06533557392371978,0.09892488083016565,0.10006403542336072,0.0016049113742169904,0.03332924188599832,0.024179304259897116,-0.007404691741078111,-0.2020729542704436,0.017455363260633513,-0.05030338999965949,-0.004079030880579462,-0.04102777776439663,0.004476290837596261,-0.003995639335064533,-0.04358576064834154,0.018162766004646124,0.08452677674346658,-0.003569772182684477,0.08230274719920634,0.011368108167716657,0.11035713379088997,0.06628879245240663,0.13194715170909527,0.10094341094198805,0.08724290285424674,0.09500993115909934,0.10490056806894307,0.1315838362301511,0.13810536433736653,0.09381424512444146,0.15241273060088592,0.15607698581706872,0.07785534378081004,0.19320752953196121,0.06999853703595968,0.6500444284923751,0.832747492209892,0.7510479443940271,0.8024085164504422,1.0,0.9039090903406162,0.839378121572648,0.8373593692040346,0.33618312823339774,0.27793930736479583,0.26420478645247114,0.19643349397917592,0.21317935359810747,0.2100222741179307,0.24909272115279638,0.2757197250551781,0.02584494930199602,0.08820442613811011,0.06410369286447636,0.13340238941065005,0.14143110070933823,0.14355224032312217,0.11888585023127536,0.09960268756800018,0.028804698850549933,-0.04316489400762288,0.023593369152382627,0.08839359269132505,0.015691590907236437,0.04139951373540223,0.03143122390105632,0.00673722175854758,0.016146332368066684,0.04058414166899421,0.0733193544690342,0.15638096019465633,0.0948938872421658,0.10914791324346226,0.075037180571293,0.06292143252870405,0.03982411853245722,-0.031074342768966354,0.07075513256780258,0.037532741792149646,-0.05216371814793327,-0.03924182301296765,0.1415951456376362,0.26854432592676925
C3 GM right ventral horn,-0.14509903930092696,-0.019953509437469718,-0.30899881154529546,0.06754403140111141,-0.04111673978453211,-0.14670808851250577,0.047554471057071904,-0.028430665363869217,0.0141245412829189,0.010557121901568422,0.04702434500806851,0.005322400580186622,-0.05377581488548945,-0.0014215961707547368,-0.010977149719337543,0.11033496531868005,0.08779713535518817,0.07395364993666168,0.02231219226065908,0.05428181574439949,0.10314231964017373,0.06278408724508307,0.06534207281648882,0.16547670492473787,0.04384752418817104,0.11614668789640283,0.08278791224689602,0.09068382266345879,0.09409609792427479,0.10317051457499483,0.039037022915751174,0.08057930832875475,0.05710875556254906,-0.009811955412740766,-0.18601889390560147,0.04172461143797056,-0.06847549208617307,0.008171253027494368,-0.05172310726124473,0.024282308763823687,0.008734243115919414,-0.04173822249283956,0.0391293271515111,0.12384743548641203,-0.018984795471121137,0.11316095106170793,0.030393333682623903,0.1122725632394217,0.0709863422286413,0.1317586615704288,0.10052821827875824,0.09437596025323473,0.09024161718522976,0.11151046542035378,0.1434064745537657,0.13740138351976902,0.09321823664948574,0.13197144703008465,0.1423042567897175,0.07164539635323505,0.1682187079244126,0.08622982417441945,0.5827499513671808,0.793219743507275,0.7537582710233489,0.7182926221619353,0.9039090903406162,1.0,0.8063275391039754,0.8456228189749871,0.31281545320195925,0.27565061392131596,0.2695172773333928,0.18012425353537917,0.20793405803251477,0.20997855211452923,0.2521657487921809,0.275594725714004,-0.01823893658882895,0.0518907820936145,0.022953693187322346,0.10540332282744927,0.11638959027031123,0.12232832726099885,0.07827414664871916,0.06680085306175736,0.007763638573852824,-0.05881683124780066,0.01674253909788583,0.06391574472992329,-0.001141844770001904,0.03150637319971845,0.02135152723712274,-0.0028365525938111166,0.032597927856968946,0.0718783839854171,0.09406933420513716,0.17728556493013684,0.1114407538675944,0.13335162578517293,0.1036260399012849,0.08441210877054703,0.0787644079888195,-0.025024661158413005,0.0966473070612924,0.021385775406827096,-0.0601675640549795,-0.028362183204292936,0.15688819572236176,0.29724163936284087
C3 WM ascending,-0.13810988660992696,-0.01626285309291067,-0.24173107246998773,0.06154428715073318,-0.07144241196263142,-0.16331619496421013,0.03591861689783624,-0.03278351731823181,-0.006909608213375982,-0.008731504425806285,0.05264277264853292,0.0013313961328291783,-0.14111724707158835,0.0031726204893957797,-0.06539954215411722,0.10104450927527799,0.07379296911365667,0.03623964639479391,0.019626937556672375,0.04165144386126852,0.0860349405768822,0.06478493702003323,0.032852493536281877,0.12818720855278504,0.09233633390334889,0.12440902940990096,0.12397259707764531,0.08798889159490753,0.11969848048080017,0.12405774356207865,0.024468718481768025,0.03163264706396134,0.10223002928137268,0.020795466328558266,-0.19869771268984168,0.06147722468348105,-0.06749616095231843,-0.007384152571663243,-0.039510985288840804,0.027466351845987093,-0.015566396390855195,-0.005671767636931483,0.05992225646355512,0.12755512168251548,0.00679246846097093,0.09065566930012223,0.006780126347107322,0.15514054679510514,0.08034429678034856,0.14280867938855998,0.12155265822016263,0.0451812998866823,0.08062965777204219,0.11890335121826784,0.15572413270913193,0.16025740264783503,0.11752722053836569,0.14976835023861926,0.15101508705338823,0.09570806049548397,0.212005836884871,0.07691199542087933,0.7917484387855253,0.8121878773836839,0.7756114019172495,0.8062861976429171,0.839378121572648,0.8063275391039754,1.0,0.8450292694176678,0.37213584538211397,0.3395320702668862,0.3364193770018118,0.28171797822550704,0.276010066398956,0.27987775264121034,0.347218627397085,0.3453966766026602,0.050297738322036024,0.10428879641177534,0.08349218708022864,0.17613394476624109,0.17787299856793715,0.1761187928820816,0.15004202991309532,0.12210925966041332,0.03883667886685574,-0.03432338900237238,0.04547003737982378,0.08076898518293335,0.013465688237671098,0.03488384688032263,0.04438036136117075,0.013427776587275928,0.0750161956754564,0.10220366168402391,0.12399659170095499,0.22175080885571155,0.16701939272257046,0.18452538430606336,0.15829411581618083,0.14703918730938692,0.03897094585312336,-0.005629061075965785,0.0821611706785334,0.04799840283623888,-0.02024993857615269,-0.03802214591133219,0.19352653940087344,0.2771422101259866
C3 WM descending,-0.12862747691350762,-0.06048990566981188,-0.25318732627189877,0.09403268624472154,-0.07474865660436118,-0.13495324124330374,0.02904790948280884,0.01180081421623416,-0.018948513734894874,0.00615458078683234,0.07035647074126819,0.013140440369119693,-0.08535728122114966,0.03204760443761492,-0.05344672733470486,0.1252761085381744,0.11067545787819878,0.0397902386449319,0.04285825581307685,0.04562564094726283,0.09399799007632542,0.05331445391009849,0.03002089959481414,0.13405631002918228,0.036775165137897046,0.08346879124989622,0.1512236055448311,0.056605220188086273,0.10249504787135318,0.06250255121914688,0.01706479140321894,0.07655756103690378,0.07270189784263045,-0.026396287305494193,-0.2046934765336027,0.052954856818406164,-0.06507868668878,-0.035330511162467056,0.010755852170536878,-0.0012482925029385836,-0.0030358513016345086,0.0005770089167785765,0.05971961991269818,0.13988033840021746,0.01444167913409937,0.1307053935865662,0.04168405515861977,0.13674114262319698,0.05890286335963739,0.12249551935209509,0.13328972269550818,0.10190926151586036,0.11662702894948974,0.09770832682526484,0.12460023696900009,0.11243663631127289,0.07246812676891674,0.1742271493455967,0.10877193461606412,0.06627327073765056,0.21067326824650515,0.0350643369225637,0.6958401333286425,0.8573503010385477,0.8504847955706375,0.6709299267328978,0.8373593692040346,0.8456228189749871,0.8450292694176678,1.0,0.32889228497738937,0.3024703944348641,0.30531597290233153,0.23804017351728576,0.2544298425201971,0.2688770042868753,0.3078053415684325,0.33347496414004796,0.05130091103563124,0.1267758977340403,0.1054652053096268,0.1798692620910688,0.18706664577581478,0.183951485290883,0.15967687161006708,0.14484157538366454,0.10452384332008396,0.0266485949584806,0.09441354778325824,0.14258849679201396,0.08251085321434241,0.08920440174904012,0.12433898123524784,0.07825402256971413,0.09586649908946486,0.09955150942330498,0.1423981161715238,0.22100211588319132,0.1790416167744792,0.20792356441927853,0.1999703541263723,0.1798856221721842,0.08030188896038207,-0.011671778969468189,0.10018103678581657,0.08856626161741459,-0.008798954087359964,0.016022293667338268,0.22724701515199355,0.30047701716879177
C4 GM left dorsal horn,0.02510678991081038,0.07935347839220012,0.00710442117406373,0.09926820427440841,0.13832419380412092,0.029613604858400484,0.09778506203894663,0.10703259395495533,0.09007097575594455,0.045706918982015836,0.04226557520389725,0.026877557639532205,-0.03532720099716233,0.12273414743580709,0.01838656437925728,0.08276902527854725,0.05428750473035314,0.045373851466764134,0.06911488672263964,0.026268880435306056,0.17250978533161976,0.1106106354972497,0.07899386346800909,0.05246302010472376,0.10238313575173638,0.07088300286866116,0.06746345597530132,0.10589365819079316,0.12572525966335235,0.05665819727751868,0.008027098640572309,0.1118276628676129,0.06288960296618516,0.15103272148401706,0.03822685683391284,0.1476296956380716,0.053896629238181504,0.12297527641688,0.09046608054628719,0.07140605302941329,0.10751199653330173,-0.0005861484377013724,0.08668950856637646,4.048832313896666e-05,0.14384228618402226,0.0512272829045287,0.031438404795994676,0.13261954797679049,0.13329312288392053,0.1005182159042753,0.10570343850683742,0.03547812810339042,0.12879541402020023,0.09117455981496558,0.09300080348196134,0.11498472950141372,0.12501134540093164,0.11969835382828083,0.09693938021036065,0.057011223658112724,0.139098720398649,0.07412212433845677,0.4076066629628946,0.3568212271763829,0.3685321393821406,0.3041457580846295,0.33618312823339774,0.31281545320195925,0.37213584538211397,0.32889228497738937,1.0,0.7988255842617235,0.7513891400798532,0.6232225556315065,0.5954334832722833,0.5452208874080811,0.773282087664001,0.6549244258810685,0.24078515524095334,0.2043628423572727,0.16492972206289744,0.2487675391658303,0.23044164633545555,0.2032031809656786,0.23227532077662805,0.19896032695960672,0.1006726741867972,0.09344591218489257,0.12724576503288584,0.13643421696993424,0.11928944092497487,0.13351194627616117,0.14149543780173174,0.11512972013461568,0.09612284275608113,0.08626216241279763,0.1359199795689611,0.141731840950471,0.09445995609398367,0.1151523467586991,0.1730261948629452,0.14632345460308568,-0.07115702910030504,-0.10347120030590953,-0.058079578954361784,-0.05063097890427995,-0.08766799386962877,-0.10926850260433374,0.007946748239208608,0.05402938684384927
C4 GM left intermediate zone,-0.037946109938336775,0.016527175115595497,-0.08818160338692348,0.04284178073066797,0.08849890383551302,-0.005423072228682793,0.04143005665619513,0.050713755490920394,0.024772576173381678,0.012488569361971211,0.004304547243789513,-0.010938993838842354,-0.04161569823975172,0.06684585447035557,-0.02127810887470575,0.0008329495080320807,-0.013129242838553176,-0.044956395303017475,0.03828969518220795,-0.026084515805825215,0.11185911613051733,0.03274780371742285,0.003102469382116944,-0.03931668542768154,0.05210152201326105,-0.004604093818280539,0.019097100752346028,0.005508268792678593,0.09051579053197441,-0.011487060558549356,-0.10529698554596342,0.03493592788318003,0.019094573547440315,0.06223229913408707,-0.021054386864218167,0.0777553195356221,0.02948163092361962,0.035782060842729065,0.0015804172215199159,0.028288689320722295,0.02099121335639874,-0.04946288694735313,0.05780839575569339,-0.05916377938908885,0.06314635116196862,-0.002137765221816944,-0.011753985236191934,0.07934110649289268,0.04615609112389209,0.017155976247151882,0.048749481029409986,-0.02970847410304845,0.09106501394027786,-0.017141762683744528,-0.01670108674919603,-0.002776472764770317,0.027068867374847167,0.053957680340767006,0.10618616399812798,-0.031699625918368016,0.06191927151527761,-0.006751512606446935,0.33664074836860847,0.30009939848544914,0.2911540263607331,0.263596247923926,0.27793930736479583,0.27565061392131596,0.3395320702668862,0.3024703944348641,0.7988255842617235,1.0,0.9243943018689214,0.7568701948918207,0.8203297207240191,0.7651341712402577,0.8660358869500879,0.8737826522776877,0.21106633332096175,0.2153686848308204,0.16394247833712772,0.26457037532900357,0.25855415014021893,0.24194530997705543,0.25023347813542984,0.228338481108268,0.10295705660209305,0.06746483180046303,0.08392628114007752,0.108883138193828,0.07534883559138333,0.08690250430891114,0.15056850999264682,0.0984757531569903,0.09890122135351165,0.09922465686507428,0.1368996608508348,0.18306872041776828,0.15344911037365097,0.15959345027173727,0.2057890782167742,0.16995489611559012,-0.06034890886763398,-0.03766145569926741,-0.049001813316154504,-0.02981915049749454,-0.009279666633059543,-0.060484835409564466,0.02839652493823995,0.059554732763214734
C4 GM left ventral horn,-0.020686074037385052,0.019424667320365605,-0.08115973138215377,0.03874947546166535,0.0813675822867202,-0.017010121101160704,0.05596119080026885,0.046695750919872735,0.03970866995673944,0.02454780171935407,0.027429035836961106,0.020610054104226123,-0.027693497961814712,0.06533393712465195,-0.016848734116674268,0.016068794810790644,0.009809635935864371,-0.04375798036777344,0.040073907172801466,-0.04011604563343737,0.11414279619225656,0.032770921524287296,0.018275216091421687,-0.04779359365037652,0.06839411674524457,0.013967828663512543,0.0305690971696534,0.01233851445823926,0.08288984354220012,0.0021464628974291666,-0.08181694694089148,0.02629985609096535,0.04472563494619432,0.06350140393387213,-0.02529626562091093,0.08486623634026559,0.01641160013153248,0.03932425381190817,0.0065953233099018205,0.046096848150465185,0.03243876634127186,-0.04894280759091574,0.055718344469103204,-0.04259324373254761,0.05884675540509975,0.010112934703373879,-0.004999975111069716,0.09444929141859248,0.050582827523828956,0.010287913953293404,0.05290328270882324,-0.024050483147863188,0.09490477440343881,0.005343258582127918,-0.0018437139226542404,0.0036636468221092596,0.033589380246397606,0.05746028141072109,0.10323524331207982,-0.011884129728985334,0.07187631350346341,0.005342912374865528,0.3291773679111748,0.2854396718529705,0.27315548368580317,0.25454233104813534,0.26420478645247114,0.2695172773333928,0.3364193770018118,0.30531597290233153,0.7513891400798532,0.9243943018689214,1.0,0.6997879952473643,0.7486584776424394,0.7150823353565622,0.8403920526656117,0.8676573550488799,0.19123102365022132,0.19847242328351553,0.15252582623252656,0.24567075067885974,0.2330418016836183,0.21851287031625347,0.23668352575425056,0.20351119255459046,0.08017754485568136,0.03333615010763311,0.06737784887046497,0.09149684049781193,0.04378659588892432,0.06639422160496317,0.1318240363850109,0.07279510600311176,0.11397221818383921,0.11687426837364567,0.15104216379674568,0.18428924115149775,0.1732124789598828,0.16682025587641103,0.2168703954165514,0.1854630856313665,-0.06592552975183792,-0.02489005203752364,-0.02585913584575171,-0.027067940249175793,0.0002269831036099194,-0.04328759029594947,0.053812804159308315,0.0933732799811054
C4 GM right dorsal horn,-0.03431456743908541,-0.020121576861604377,-0.008682208409206905,-0.08356296897907207,-0.001967825024415671,-0.0459941156328161,0.0070181517684456945,-0.022551887862868315,-0.034867018705157724,-0.024964572156075913,-0.031180264483245283,-0.0481875396431259,-0.07207345559261084,-0.009258861138581197,-0.1032021621834485,-0.06046081521320634,-0.027187106178269436,-0.13503430653411075,0.009599024588473646,-0.037012322403612095,0.04037772135931961,-0.047970193587432416,-0.06398948041073836,-0.08254568019969262,0.013278464700742579,-0.02342503851900573,0.006313461271413885,-0.03641253112744825,0.05836716698639876,-0.022145163541260008,-0.09964380659314861,-0.005624832140751549,0.025777949654018348,0.042412334827646364,-0.004526703523763942,0.015059890325163071,0.04127416115248481,-0.004054914884693478,-0.056564553812877956,-0.02269470000577921,-0.05689651128653319,-0.08475389869634711,0.04243180558738449,-0.06716360844649631,0.013353456440019515,-0.07148456645371862,-0.0724367907966454,0.01278319153317133,-0.02113119453982129,-0.08077463807691072,0.015492778752515696,-0.07189831686411918,0.03982220288046121,-0.04919540470672085,-0.07779929676778785,-0.03215277197532186,-0.018106568894180563,-0.018609745234318416,0.06686582424521097,-0.0435921993215286,-0.01796914148813256,-0.022017624504485765,0.29710794330353774,0.23664017842529167,0.22074953514041815,0.1947694657987144,0.19643349397917592,0.18012425353537917,0.28171797822550704,0.23804017351728576,0.6232225556315065,0.7568701948918207,0.6997879952473643,1.0,0.8859080177898071,0.8525097072303455,0.855872420610765,0.7957310553795551,0.17873127997411026,0.18054184040307322,0.15509228060389613,0.243054617897001,0.2408083642328627,0.23763457992014625,0.2416891221229368,0.22527225246627292,0.18015890897598902,0.13713701299791434,0.14288927362364126,0.16422510442372937,0.14097063430673104,0.15034820255727857,0.21453556700175344,0.1775872533417342,0.10099454788126923,0.09147673196262117,0.14587503290159967,0.09422503713304144,0.0710701919696445,0.07366795681294286,0.18521448882658093,0.14921888446440645,-0.04837613431389898,-0.07724637486615135,-0.07936172644957755,-0.05672844787633544,-0.03863693684949794,-0.05565461138311305,0.02250749817375153,0.02497965210539892
C4 GM right intermediate zone,-0.06993502278013834,-0.019621252318961623,-0.07440293980258976,-0.06244515076351251,0.027245580724570135,-0.03652109744885836,-0.003776634726471466,-0.0191668169698008,-0.03953685672548752,-0.03854528020819674,-0.046746386843355095,-0.06382231027786947,-0.05841003070941945,-0.0060797461182481305,-0.08969566825705624,-0.08851064161360045,-0.05127591955257957,-0.15043691969211825,0.025436433442480522,-0.05099993977401648,0.06025133745245322,-0.051232366199406534,-0.05979031484626952,-0.12624055884155927,0.012304312323597109,-0.044481754114969185,-0.002285527066982214,-0.06328328127465475,0.07388573276390102,-0.03844851707442029,-0.14730394942041422,-0.007346359015939083,-0.014510284000166768,0.031070012722037993,-0.041015674367540174,-0.0174288992368157,0.042059801365735824,-0.017517408767384616,-0.06379903585899359,-0.024213665683352342,-0.06085024216587666,-0.10396197495799578,0.041771912848789616,-0.07701425444657188,0.017532900569802147,-0.06625218097285644,-0.041706054053441986,0.01786599946851152,-0.02763454801057023,-0.08960905958008564,0.024914920757055387,-0.08733216219482696,0.06608263285176752,-0.08884267928038528,-0.11494359436919746,-0.06249024995456372,-0.04579575537929801,-0.01954720314169337,0.08878758860467717,-0.06910349523523458,-0.026597706927812527,-0.041103062686440324,0.2675464882739655,0.23037110689318888,0.2091483599247198,0.19470670332171053,0.21317935359810747,0.20793405803251477,0.276010066398956,0.2544298425201971,0.5954334832722833,0.8203297207240191,0.7486584776424394,0.8859080177898071,1.0,0.9299050608199074,0.8515074931036514,0.8804397245625551,0.16364423899261127,0.1954610007558574,0.14905326709305117,0.26274809935708854,0.2622184323796975,0.24755205118911047,0.23900459768101326,0.2306949911443441,0.15344807580943984,0.10032820435839632,0.10877232573630823,0.16277047846727535,0.1138705887351404,0.1251472648630212,0.20402588485267775,0.1454577348893254,0.09023756524238045,0.09054865676423082,0.13447239404104536,0.13244839157404706,0.11471541150463688,0.11577464792178374,0.19889957908725664,0.16136353122598088,-0.025439175779607137,-0.03247069486933921,-0.05679718871440642,-0.02323196844269205,-0.0008330179976528026,-0.03157167283536592,0.06840931802785337,0.05701144442744752
C4 GM right ventral horn,-0.04822269020066981,-0.007064139863755106,-0.06251721092587509,-0.07834986565954252,0.024378501392136143,-0.04568211005121305,0.01446773054245205,-0.016974407677514507,-0.01729349213309004,-0.026889303145277196,-0.02358815439104555,-0.040405751690520054,-0.04397776906837436,0.0010190923972938435,-0.09402702101075595,-0.06910876598361355,-0.017460064976701592,-0.14145437260532176,0.037569183652038596,-0.04662082325355151,0.07231514519696892,-0.041790286170871285,-0.0329333318570128,-0.131875379654061,0.02189633110548101,-0.019926394658064495,0.01869340091173499,-0.04683576508803237,0.0808798370419548,-0.009416232405009503,-0.13024822126368582,-0.002876303662172629,-0.0019284251570375215,0.03667806696286845,-0.043022764346114725,-0.024583632167239855,0.03612470634358268,-0.006001437463217594,-0.05155070375889539,5.4318013366441936e-05,-0.05811351858756569,-0.10689237910541202,0.060634782658768184,-0.035430976137582795,0.025829875085102715,-0.041351340153053036,-0.0231263234472619,0.04075956801833348,-0.014695472758683565,-0.09269698648416697,0.03758523157139031,-0.0703857146777443,0.08191061945770763,-0.07470107426169646,-0.10442809673536695,-0.0447180530612332,-0.035049366161382545,-0.009156092728400844,0.100717900617004,-0.04281172902623805,-0.020780374044691352,-0.019413489180096395,0.2674540650681385,0.21935382645861493,0.19926159859409256,0.1937819589138724,0.2100222741179307,0.20997855211452923,0.27987775264121034,0.2688770042868753,0.5452208874080811,0.7651341712402577,0.7150823353565622,0.8525097072303455,0.9299050608199074,1.0,0.8341447667550337,0.8895567055653208,0.16630508372959388,0.20871581351314641,0.16550384739345778,0.2706242043797299,0.2655043890033209,0.2533240441102586,0.24784498670250837,0.24004308940031036,0.15500471635243857,0.08737909786921773,0.10800410383717099,0.18109534985067893,0.12053648399478308,0.14210586127893118,0.21955697718322856,0.1460743846173963,0.09973813849861157,0.09685000924797568,0.14379283610880284,0.12323385094957337,0.11810979150193439,0.1115286648471044,0.20786349236462262,0.16329001160263426,-0.01996813158186663,-0.024273358674318526,-0.04744253117723004,-0.00944416598552818,0.004216827990527079,-0.02063605990784958,0.09355179815734255,0.06757605779667719
C4 WM ascending,0.0004976003653742588,0.026646338917929845,0.0006094468952591814,-0.00037881075827055164,0.0632864107992682,-0.02611407440165391,0.038404448569260785,0.046206104853035036,0.0059909031213630495,0.017650888797598366,0.021849199374551237,-0.00042921014837541907,-0.03648076189444804,0.06340437712895751,-0.03627224874099374,0.012207870615978193,0.00957456178934329,-0.06770892280212024,0.04434303333892299,0.004045736932876818,0.11073057152285869,0.029214620551767115,0.008808410245103867,-0.04309611573810477,0.06708254470433204,0.03081515064186533,0.05277663941199974,0.0305899951766963,0.10381542679423078,0.03459784632870066,-0.048794372465506324,0.06749635792422856,0.061679449400586034,0.09989181511964472,0.010680554340663449,0.0761415685873915,0.014360161196956192,0.025585005893285762,0.0013444459466161283,0.01785905633557091,0.007202957474161451,-0.037123798919708295,0.06745581698175375,-0.028391856781099917,0.06943294427411605,-0.004414068871164412,0.0013490091401305423,0.06875558815183774,0.043516190472032354,-0.02753960108654955,0.05636509695331412,-0.047655892847407545,0.09353956466240469,0.005427436392518243,-0.014093387958604438,0.023983236846815616,0.044005931825490924,0.03899758632421372,0.10743157794622189,0.010446465178506018,0.04287531700773293,0.032417116346915464,0.348859222207935,0.2803400317599461,0.2787768287689578,0.2399996844645902,0.24909272115279638,0.2521657487921809,0.347218627397085,0.3078053415684325,0.773282087664001,0.8660358869500879,0.8403920526656117,0.855872420610765,0.8515074931036514,0.8341447667550337,1.0,0.8748600223433073,0.24878282062232396,0.2475562100325943,0.2066224674484519,0.30595777111379235,0.29413585833615546,0.2808263505090435,0.2984190290560588,0.273579642983576,0.18094779523831184,0.1209883698860696,0.1657736234401244,0.18033004118061238,0.13650668769155788,0.1576913320433494,0.24038959023356865,0.17312066518039504,0.16161721791522576,0.1632186856050451,0.2045332706455958,0.1790059703945825,0.16687923243281558,0.16994626893687761,0.29083238847646053,0.2393626244124699,-0.02312804280263382,-0.0343504240896384,-0.020247004328893307,-0.04260944077159136,-0.037027544145733754,-0.047086555008310625,0.07641343275713915,0.09262060064245947
C4 WM descending,-0.027111312229527985,0.012386058025731655,-0.09092331605511217,-0.02311593449561584,0.058045163358765556,-0.03926201494547965,0.03793258150230811,0.019315129801891606,0.01752688843534107,0.012896471729967137,0.02138273351552892,0.0014242262221633754,-0.035652097203742295,0.03749994981351204,-0.06288374710885669,-0.019691875274430674,0.014537214879693646,-0.08819583248285695,0.0471070930003815,-0.048231458941720144,0.10985120588683615,0.0016690558567063344,0.008272434815231967,-0.09744999703146959,0.05279711375739006,0.004060649850526052,0.052679614662199316,-0.011460861031169457,0.10497508109425438,0.006614572061799824,-0.11149615217645509,0.009738012441718725,0.03504003918778293,0.048875111630920474,-0.05146616084096959,0.03713142956876038,0.016379373111531575,0.0174319795646618,-0.02215663434704332,0.03595649703812983,-0.016563680828526453,-0.07457576840350327,0.07342003351070639,-0.010959656880296374,0.050400460466290015,0.011150532022318284,0.002347203125684502,0.08622837047092444,0.023239125464609215,-0.04650110356699113,0.05832109257101415,-0.029486528519762044,0.1105890166475078,-0.03820643269250678,-0.0523002985589391,-0.011079299055262231,0.003579968682406613,0.042161886684128284,0.117037380627642,-0.00984655991402319,0.03974609605929372,0.0031786173551747545,0.3361785058854219,0.28895133634506054,0.26897908686789584,0.25504909486008803,0.2757197250551781,0.275594725714004,0.3453966766026602,0.33347496414004796,0.6549244258810685,0.8737826522776877,0.8676573550488799,0.7957310553795551,0.8804397245625551,0.8895567055653208,0.8748600223433073,1.0,0.188784639324085,0.2242488039217011,0.16912369454675208,0.2864865919003419,0.2748411962878131,0.25547483274783694,0.26813260500619235,0.24200196581473227,0.11651020812820671,0.05101404869970024,0.0873013415553628,0.1510568531910796,0.08018666953289269,0.10285194338292945,0.1888200846722536,0.10623412883302295,0.10564233173002625,0.1077065594216896,0.15077716783859274,0.19108571394123208,0.1829520317936875,0.1832054947836144,0.24409628731774946,0.19966172808878585,-0.04117868704429915,-0.02165791204072246,-0.03290434367944733,-0.009644910482788812,0.00989106004293542,-0.028712382574108086,0.0963149769431908,0.08536486375820877
C5 GM left dorsal horn,0.14085993058105747,0.08326213079994488,0.12226660960948203,0.11383429085670545,0.07764772304450927,0.11080516752211181,0.09455479304665665,0.1507021212170671,-0.015644329852775835,0.0567254646700482,0.07698551253191177,-0.012464476665395196,-0.035978534558992,0.09091026586660361,-0.00983317745828673,0.155307955652194,0.12890186535023482,0.09462427757453726,-0.007001927634851817,0.03362870065458501,0.02140791057206285,0.08710026400611695,0.08207963104763916,0.018073439354709196,0.024492776072619894,0.05116325239926349,0.03800021353732993,0.06141595118360612,0.024822322828617804,0.03365153948541472,0.13222861448107237,0.10555744491023027,0.0895134350600449,0.07199234444887923,0.12842301330816663,0.1295483930971196,0.027963869416898005,0.026149265098716058,0.22007440814991816,-0.0015201550576317343,0.09850612273845263,0.1137060249332491,0.10323568692157038,-0.004222314507147445,0.13459212992905684,0.12397973575775652,0.034993450440958834,0.06014094998335307,0.11860834970272319,0.10148089108764986,0.07819578822633283,0.14687215750366722,0.09530682229231352,0.08035964421710115,0.06805244838964995,0.0650573784079229,0.0694715089432738,0.10778057330962457,0.03727339758736542,0.0961913594911766,0.07324453258465194,0.012379380961189635,0.12994508440472047,0.07503813868608834,0.07838136593625343,0.021140354315239425,0.02584494930199602,-0.01823893658882895,0.050297738322036024,0.05130091103563124,0.24078515524095334,0.21106633332096175,0.19123102365022132,0.17873127997411026,0.16364423899261127,0.16630508372959388,0.24878282062232396,0.188784639324085,1.0,0.8506770768157568,0.8598693424594138,0.5930750578637131,0.639394999297776,0.6214605719672324,0.8134027072680768,0.7756357877039496,0.2687856922725014,0.24114253517385506,0.2025651264970873,0.24469954457163293,0.2538584744233356,0.21757300992976822,0.3128738436598584,0.26809175762870124,0.1392175589641117,0.09049352203536556,0.13077806256389596,0.07196243721871427,0.020315795190552696,0.05206481234633637,0.19562750748983304,0.11253152959717991,0.023075792659927215,0.029935573971314307,0.0739549395970845,-0.12721308562002595,-0.10719039893742399,-0.1161618199925934,-0.025962851172845844,-0.0783830312896089
C5 GM left intermediate zone,0.15694765861955556,0.1611010811093177,0.09179509158782703,0.1679240385923609,0.08578827827897441,0.1055801988140176,0.08975790090137319,0.1570455912967913,-0.01716386223369299,0.03557879570538083,0.07749430160022953,-0.01926530893528024,-0.06718562594833427,0.1234634548368631,0.01537591412882789,0.201845136354826,0.1449624336416399,0.07253727924639183,-0.016351189314131074,0.022215682655774917,0.051142049408082056,0.12105974564075565,0.08024497526969086,-0.011769255657942925,0.07664520376073698,0.10430855624336814,-0.008915865762639438,0.10344979998096444,0.04878787527039235,0.08903127668078825,0.15361806360112307,0.12414817862516268,0.12043907209224705,0.12737924466301984,0.12960804044000615,0.16027664927490567,0.03526669088347305,0.012152079150934494,0.22961706050237038,-0.006852687992667861,0.1300541765403102,0.1250434348209446,0.11600655738624593,0.0011349228172573913,0.17936133903519863,0.14297093023530047,0.053327795872826676,0.06611142684803994,0.16466589967577916,0.09065112475914282,0.0870432903288712,0.1465572256407399,0.07178665600950332,0.0914664533622103,0.06827846510042775,0.08524684339201213,0.10692311843712368,0.0874660345707564,0.08115658481282378,0.1205114791002357,0.04260130332642591,0.06536767293606091,0.1573473392488628,0.11366228068515481,0.10789373256429949,0.05466030909045008,0.08820442613811011,0.0518907820936145,0.10428879641177534,0.1267758977340403,0.2043628423572727,0.2153686848308204,0.19847242328351553,0.18054184040307322,0.1954610007558574,0.20871581351314641,0.2475562100325943,0.2242488039217011,0.8506770768157568,1.0,0.9001334380493066,0.7012212949780342,0.8077927248037748,0.752829176290089,0.8644399213419028,0.8859187047330496,0.33359761499699775,0.30718868763029306,0.2977789993255176,0.3038708264963997,0.3189795843207424,0.2854775819849184,0.3853017322417184,0.34711898982635264,0.21536672449042854,0.15599965141899466,0.19763217063049526,0.12895370558482858,0.09717956496345782,0.13493996284311388,0.26907857423755477,0.17909934767628852,0.028686631667710367,0.0357041039627069,0.08034094158984295,-0.055948532950125356,-0.0683462437435344,-0.06916205011586168,0.042137785815838706,-0.005228391358682848
C5 GM left ventral horn,0.1774052813199376,0.13822093965332483,0.12606690139464752,0.14001185123383258,0.06374249117879167,0.10773271677320578,0.06629057536173054,0.1344509189788132,-0.017249005401928037,0.007430112813658193,0.06973505268898617,-0.050243531386020536,-0.06518570864355679,0.10355011300355838,0.0034478773328710036,0.18270879896742295,0.15102246527921043,0.09178381036739168,-0.056524378502574885,0.03921633108088207,0.018653527793864696,0.09845967090293342,0.06695327782124316,0.0038050573855810733,0.05698099876159604,0.09170268439837895,-0.013634242943910163,0.08344688475882163,0.008007197779880492,0.0725481552555121,0.15929573428701185,0.13674276162693194,0.1012473363167147,0.10811330544232814,0.15903633317214663,0.149048632581788,0.048814656082085524,0.010391359952909511,0.2304572795116757,-0.026206968298830187,0.11582409992730078,0.1337293446931047,0.09573117567011127,-0.03499780987045806,0.14748979096603845,0.13485706958892202,0.03744210238519702,0.059714839221900295,0.15121424148674376,0.09638965833376044,0.0743080761668528,0.15152743576809588,0.04547503321547445,0.10567471763801248,0.07376861316608575,0.08178144379142575,0.1062035688790469,0.09883691785904498,0.04972071440445901,0.10924227837092693,0.060677836271862066,0.05281225191103036,0.14421897988126584,0.1046413446158051,0.09740132624446272,0.03200239413894203,0.06410369286447636,0.022953693187322346,0.08349218708022864,0.1054652053096268,0.16492972206289744,0.16394247833712772,0.15252582623252656,0.15509228060389613,0.14905326709305117,0.16550384739345778,0.2066224674484519,0.16912369454675208,0.8598693424594138,0.9001334380493066,1.0,0.6095010678192662,0.6927893359048656,0.6762772861921027,0.8377262029362177,0.8658330517976185,0.3520035491167745,0.3183669450579955,0.3030921795023859,0.2940192297419103,0.3145170351750085,0.28352696376974634,0.3898042604815337,0.3590550528307739,0.17249972334544666,0.1125790146189317,0.14790779747253757,0.10593022273016552,0.05407001502525584,0.10464605414960952,0.22325299911329702,0.13566749144080928,0.009808122061971148,0.008765186409104469,0.071062878680244,-0.1430126155465392,-0.12217777617017112,-0.11220584756384198,-0.027205064679284963,-0.05927401868145776
C5 GM right dorsal horn,0.1167217503599161,0.15098285418977472,0.027678574887214816,0.1508993818588039,0.05821129504621009,0.030015264528122015,0.07538426872052513,0.17312809115914554,-0.01800764801119564,0.020910120706716277,0.06423469097787729,-0.0314574002225356,-0.043190819070987346,0.1482928195494918,0.014617947601309078,0.17583599197039698,0.1408218215442694,0.04145460181515468,-0.03424732980592708,0.012940687790605278,0.06637286838547106,0.115292539651548,0.03572397197381513,0.003670426621205117,0.05914191809122322,0.10388905784464048,0.002000306535357324,0.10999127116518993,0.07700685613814563,0.10524495181890435,0.13060865512243422,0.051800585152272725,0.13341070022449789,0.1282412410341104,0.053452633278298425,0.14780628952833835,-0.016822507455547003,-0.006243552281783075,0.1494695253235714,-0.03042832003698184,0.11231674868296967,0.07918301552096466,0.03799541905841173,-0.00396309733901873,0.16210947646850593,0.10485746874427912,0.0713336474421634,0.01972166100215419,0.13967579587852727,0.0622606135902355,0.09653151054987529,0.12471516634142474,0.04250029537943899,0.06322730365873393,0.05328699574536691,0.07987193016362698,0.08870938915002567,0.0457470767803381,0.08964823376560842,0.09924113340426809,0.023302559836138572,0.06969704072116649,0.23126360345610109,0.15992828374340973,0.16948217747372604,0.09919859073721862,0.13340238941065005,0.10540332282744927,0.17613394476624109,0.1798692620910688,0.2487675391658303,0.26457037532900357,0.24567075067885974,0.243054617897001,0.26274809935708854,0.2706242043797299,0.30595777111379235,0.2864865919003419,0.5930750578637131,0.7012212949780342,0.6095010678192662,1.0,0.8868055105561271,0.842235444571901,0.8240802819208811,0.7421377887984318,0.3508331283203177,0.32886453452954634,0.35179524823598846,0.34337671411445725,0.35218704492366776,0.319754926368193,0.40349056893007007,0.38297051703022283,0.26377935129544455,0.20368580860512447,0.27092930005825666,0.2256255701850937,0.19886916920282668,0.2325589283715907,0.34339148037425044,0.26179976422064005,0.029726991883102016,0.04120639133064257,0.05532970991065006,0.0672744354052502,0.001780018227634661,-0.016260600990680257,0.13175034596485055,0.08812274984031473
C5 GM right intermediate zone,0.12183228801697008,0.16551968355165872,0.02473897069175461,0.15653283347268274,0.060492003137571235,0.0497649530974683,0.0906803902840927,0.15666392842270227,-0.025645402091223447,0.0008303038971315946,0.04968947954114716,-0.02510040783283742,-0.06294205587735179,0.13797846623019216,0.03363639758157934,0.1892141006931117,0.13405986601745346,0.040192928092806265,0.0015678352403282667,-0.006467753909569756,0.06836291114509245,0.09774556578043499,0.04056366123961281,-0.01200901734455066,0.08025730953736795,0.11834398728856,-0.001629997922757771,0.09831633903006311,0.07860736407108938,0.098399916307729,0.14302993642325953,0.0698805730726856,0.14724265643203185,0.1395607966084195,0.05887064685977289,0.14706709183091993,0.005390994670805547,-0.009838568816175003,0.16824441179739805,-0.027327965319932073,0.10005858597432915,0.0918324230257307,0.08280917593775083,-0.0009438209805351334,0.16712853152986726,0.11583766292453249,0.07520203990053803,0.03697767159948611,0.14104776060498334,0.068451029403699,0.09435864784287054,0.13328953804178303,0.052610653866947445,0.06930569026737048,0.05557110332673197,0.07750264248747778,0.08519062701944892,0.05666568530509645,0.10393130478467454,0.11240330849649924,0.045529550159040984,0.06575321737002712,0.2115837644478058,0.1585842811262741,0.16579289993113208,0.10202013585621982,0.14143110070933823,0.11638959027031123,0.17787299856793715,0.18706664577581478,0.23044164633545555,0.25855415014021893,0.2330418016836183,0.2408083642328627,0.2622184323796975,0.2655043890033209,0.29413585833615546,0.2748411962878131,0.639394999297776,0.8077927248037748,0.6927893359048656,0.8868055105561271,1.0,0.9140146237145715,0.8516926217004703,0.8469708311272729,0.34952000996932214,0.3344487206940385,0.346543012235259,0.3123102273438394,0.3470211320652447,0.3125180604234287,0.3861756625821677,0.3800099973863282,0.2768664492294322,0.2152069029713213,0.2663279330211547,0.1988474552099703,0.18406395582570478,0.21508180001810917,0.3369780656734537,0.25257104588928025,0.007314678473426446,0.021639877419206206,0.054806929262757285,0.047271466170318924,-0.016790083908970955,-0.026224368365358432,0.11312871017186321,0.07382840701497263
C5 GM right ventral horn,0.14200115966988025,0.16238938905707048,0.015544233829066468,0.1579003248146303,0.042991788721931296,0.026250470791718192,0.0829542886605255,0.17168677737055066,-0.034310689458097676,0.0121242360640328,0.0670414184378659,-0.022925580185666775,-0.039914446393419345,0.15405675403325667,0.0513265067291148,0.19454715546446905,0.1563544047914184,0.0817888612324775,-0.013643238091793719,0.02707341412683329,0.06361158260928204,0.10737069628615963,0.044327380309139054,0.014453988362693992,0.07659846231115319,0.12831032851009244,0.0024353534075157194,0.10984161238079505,0.07080068860125291,0.09863328995028946,0.1555941452110182,0.06820510781902296,0.16336170414188525,0.12535980094157537,0.0623401307165481,0.15298053234201964,-0.010098461934053005,-0.0200964596171601,0.17619500471215055,-0.03262688305001058,0.0969830101680194,0.11095090914437242,0.07591606088350177,0.010031927591657197,0.15739382522525291,0.1360125139551821,0.092080294285962,0.037462985819908395,0.1527099788592283,0.0917856858727502,0.09353509389907352,0.162773873480443,0.0373677385909751,0.09277632521825965,0.07952900218535862,0.08744414588248742,0.09651837172299492,0.07365225237588692,0.10876685813763362,0.12867029497514448,0.07596384114758338,0.06813727554125883,0.19776014153296373,0.15518835999089098,0.1601303192312232,0.11516379300018985,0.14355224032312217,0.12232832726099885,0.1761187928820816,0.183951485290883,0.2032031809656786,0.24194530997705543,0.21851287031625347,0.23763457992014625,0.24755205118911047,0.2533240441102586,0.2808263505090435,0.25547483274783694,0.6214605719672324,0.752829176290089,0.6762772861921027,0.842235444571901,0.9140146237145715,1.0,0.8405326803235647,0.8587673624962586,0.3495872478251572,0.3302324045570952,0.3346666937954872,0.2988466305073909,0.3423578937168034,0.3032717849851977,0.38254467860723684,0.3802915426214902,0.24244399011258694,0.18974102729059442,0.239586294891401,0.1797803214126425,0.16708209341458505,0.20490326664928124,0.310758204518806,0.22668889592204094,-0.014790795533342614,-0.003229565236499117,0.041122104455791744,0.012867746168890498,-0.04915174669713069,-0.04781809077617345,0.06735024314830385,0.032271150998338154
C5 WM ascending,0.18201070874153444,0.15993031118999101,0.11004841270799567,0.12847752350104397,0.05911274632608333,0.05824888218725731,0.07806244952953471,0.14853231024719624,-0.03576715113314312,0.008796240749169949,0.0714242336214369,-0.05990481021426377,-0.08517619109704759,0.1080925839112076,0.004186242001849466,0.18779616667891627,0.16658304778015856,0.07930773304597306,-0.03871402018007458,0.020624477230712722,0.030500705021443614,0.09575460508869531,0.0471293011805091,0.002352941646111678,0.06250727910522604,0.11175547045661707,0.02637761465751704,0.09257332947544254,0.046485113447258176,0.09207790011222337,0.15932781505445906,0.11121719718678709,0.1437195427680631,0.1365923492003724,0.1319838309585144,0.15294858761199023,-0.005086125248235492,-0.0057070280536058665,0.1960429044134809,-0.031903542837984696,0.1013728929799472,0.11467690779249305,0.07019625389532304,-0.025730357301753975,0.14812113657805856,0.1391707890071664,0.03779221684526306,0.041687158372953836,0.15396479786930647,0.09496043613493353,0.092940829021039,0.15896089769407742,0.060342040574004135,0.09758091866914644,0.07848996251931664,0.09778489710120934,0.10855792550654568,0.09572233768006057,0.07007245621813675,0.135239349990902,0.08457640880680059,0.06550680144712524,0.19776314184908794,0.15724058020156362,0.16024211251620962,0.0811558524978054,0.11888585023127536,0.07827414664871916,0.15004202991309532,0.15967687161006708,0.23227532077662805,0.25023347813542984,0.23668352575425056,0.2416891221229368,0.23900459768101326,0.24784498670250837,0.2984190290560588,0.26813260500619235,0.8134027072680768,0.8644399213419028,0.8377262029362177,0.8240802819208811,0.8516926217004703,0.8405326803235647,1.0,0.8833617033224394,0.3825143849335053,0.3489327357463314,0.348126665973515,0.33407916073642857,0.353847297236803,0.31703246620745107,0.43557315439237243,0.40115537375579574,0.24777453194371185,0.17380693842162537,0.23319429915887652,0.15411258077192314,0.11083779429334725,0.14574765683570898,0.3090563853624899,0.20866576264166556,0.016080272543315628,0.006172719089710576,0.0640122285917221,-0.05973594024741108,-0.10230387192099541,-0.09933017041713035,0.02814795841922018,-0.018866320884294734
C5 WM descending,0.17047809792720928,0.17215393081100383,0.08347159685818216,0.1532548498198639,0.04318882511824384,0.055687283328691446,0.06535229539398135,0.16082869161259802,-0.03383743924859214,0.020735500882343882,0.06208920278358364,-0.03575523575997072,-0.046186599079394125,0.13597474059466091,0.038377447131749086,0.2155911681673245,0.17592087674317544,0.0829988985955154,-0.028781053682704002,0.047464966305942234,0.03854682649560475,0.10493418544573115,0.05872303326328267,0.0034059755553971127,0.08348120230620244,0.13046015800407393,-0.0043708063742630195,0.10326248486285661,0.05187563109536873,0.10152653036862899,0.1559243906622272,0.12929111994143264,0.14373193955848762,0.12618468317104894,0.1217750491058382,0.16191201087483448,-0.0046837429662392235,-0.023787760940748307,0.21870594755620887,-0.04381477586189614,0.1108742306927728,0.13029391908212476,0.0932801999487793,-0.01554167762219345,0.16787878453555008,0.14730247611396724,0.07892655819012757,0.05955123210862265,0.1631043290498315,0.10573323117876265,0.0857628181665095,0.18109831074623942,0.05789103580007604,0.11665920094910318,0.07793370033139099,0.08892706555606847,0.12055089281909961,0.09571624759980414,0.11649761580659186,0.13143507086249362,0.07756614721348033,0.07885284371162864,0.1653878385794323,0.13320168917204417,0.13274983709821683,0.05717880249701939,0.09960268756800018,0.06680085306175736,0.12210925966041332,0.14484157538366454,0.19896032695960672,0.228338481108268,0.20351119255459046,0.22527225246627292,0.2306949911443441,0.24004308940031036,0.273579642983576,0.24200196581473227,0.7756357877039496,0.8859187047330496,0.8658330517976185,0.7421377887984318,0.8469708311272729,0.8587673624962586,0.8833617033224394,1.0,0.3973210090416231,0.37021718708127016,0.3560735964843534,0.3244412287331677,0.36917126482156715,0.3364325307807293,0.44074762527842026,0.4225829539623499,0.22107523588771402,0.1596917541080546,0.19834530286069244,0.14804352708507693,0.11921722659135334,0.16762657552764043,0.28214010583637633,0.19130146249319133,-0.00720894766450785,-0.00454640945911295,0.053588933880843695,-0.08416026141719789,-0.09911712749571717,-0.0881029790205123,0.007255209576806151,-0.03153024905907686
C6 GM left dorsal horn,0.05518932405527033,0.0733198416101662,0.13844430620238554,0.028063567483388,-0.02537810938575024,0.06088111299131938,-0.02599415776825499,0.06420149386222464,-0.016214822452463737,-0.007821029745321437,-0.05656717306213841,-0.07786225453789039,0.0442476806513418,0.07462336457811311,0.04546414253517135,0.07602607298106599,0.064318990202386,-0.0356344898060836,-0.12433978568470296,0.04165247139948186,-0.08096923979524667,0.0008871998052208727,-0.07837013441552479,0.03615019094432476,0.031140871351525688,0.050107224334711334,-0.07766763405169916,0.006538057758359648,-0.060473892168227864,0.03148499230473567,-0.07775690349411396,0.038234503652197244,0.021820306825418176,0.013185772213394302,0.07548909810003382,0.04984307150469553,0.013513311092809682,-0.04980311953116788,0.09996500732491367,-0.09703807215707509,4.111043335302847e-05,-0.001090668128455317,-0.03076506938805047,-0.13528907403661009,0.00937320389716726,-0.010294203190089566,0.027447395876580936,-0.047998161855208915,-0.021770938904186143,-0.00970914275784705,-0.013733362675978081,0.05297091602698661,-0.1542673295201405,0.03221081807831581,-0.00293960331627907,-0.01969600367817293,0.01785400459361341,-0.09111137671167095,-7.183024153299744e-05,-0.03182841904763148,0.0019997045669454686,0.02697767272127363,0.05577198182162439,0.06365275673291639,0.06788900230141301,-0.019000746060731526,0.028804698850549933,0.007763638573852824,0.03883667886685574,0.10452384332008396,0.1006726741867972,0.10295705660209305,0.08017754485568136,0.18015890897598902,0.15344807580943984,0.15500471635243857,0.18094779523831184,0.11651020812820671,0.2687856922725014,0.33359761499699775,0.3520035491167745,0.3508331283203177,0.34952000996932214,0.3495872478251572,0.3825143849335053,0.3973210090416231,1.0,0.8331066295471903,0.8253532555474488,0.5099666290066959,0.6262904896687885,0.4877873225090726,0.7415741261293537,0.7379167201981729,0.23443303397610446,0.1408669320870676,0.17060395800709324,0.12688853871049838,0.04031316861781329,0.09200993856308001,0.21346078898585796,0.15964772147565456,-0.04777860938118258,-0.11362852869276806,-0.032961592629460974,-0.018119096358943942,-0.11740427352318691,-0.08014825795219463,-0.0047878536472095974,0.03785947408064308
C6 GM left intermediate zone,0.047052082178902936,0.09607477150916065,0.16526264782283964,0.0469061475201966,0.006630656889779168,0.053076517260443594,-0.0020647581598173485,0.09704320350682079,0.03952865068028683,-0.026387038909289832,-0.06160649522500201,-0.06226135882054091,0.09093625388283551,0.12985278012800566,0.07136727622027829,0.0928688536076665,0.08144088555933265,-0.03389494147232489,-0.09641693255998605,0.013130632354050032,-0.04856834709242646,0.013686760045092745,-0.040247418619693553,0.05963115432009511,0.03671709438959482,0.06211183331457376,-0.07977139142441743,0.012541696800502204,-0.07965065242853335,0.02011035403283359,-0.07363708505987995,0.05855793461195319,0.0089427413536276,0.026429032510846964,0.11191600711813794,0.05160032703948252,0.06351408015067374,-0.02431464384814017,0.12753285488055321,-0.09207104939184023,0.043474375471176094,0.028850671379239985,0.01467694093478692,-0.12798273785482278,0.07389937143453337,-0.01079869879764191,0.03744601798328917,-0.04407817158196431,0.0021439569934170537,-0.005896535812876696,0.001012427296990338,0.08809069421292298,-0.14951084485334737,0.050009877387242975,-0.012979393167677355,-0.01992174373976062,0.009197201218974728,-0.07819936320470111,-0.023340548074021365,-0.010084665468162038,0.011027337704529053,0.03510474901136805,0.004487135150711028,0.011348082654612715,0.03438824733934864,-0.09422911044738684,-0.04316489400762288,-0.05881683124780066,-0.03432338900237238,0.0266485949584806,0.09344591218489257,0.06746483180046303,0.03333615010763311,0.13713701299791434,0.10032820435839632,0.08737909786921773,0.1209883698860696,0.05101404869970024,0.24114253517385506,0.30718868763029306,0.3183669450579955,0.32886453452954634,0.3344487206940385,0.3302324045570952,0.3489327357463314,0.37021718708127016,0.8331066295471903,1.0,0.8288681445222656,0.5620743537241748,0.7684462525934274,0.569394411516212,0.7279584026510113,0.8384881399476007,0.24148680628229585,0.16065713677055465,0.18852089017032783,0.15807561504771914,0.0599373962395491,0.12230542955294788,0.24960306631162327,0.19960063930585387,-0.0367949209865549,-0.10202314806868348,-0.042447651280921914,-0.021784392795218953,-0.11289707539640421,-0.09233835476465975,-0.06057560556915699,-0.04197337443299525
C6 GM left ventral horn,0.03836590137921731,0.0863729624099475,0.14600774117456397,0.03156327765597691,-0.0037004955973011606,0.043820177230655795,-0.012595138838378978,0.06754256860061482,0.0068369819924874115,-0.03746540865690536,-0.02371013878229914,-0.04669957163216415,0.07159452129997429,0.10417173051017317,0.10602528698325844,0.06986983540034741,0.07808945853495254,-0.008423767998074008,-0.08594777169564086,0.011827857915835039,-0.034940800744187685,0.015367999760956302,-0.021482939403194925,0.07012818584693027,0.017836655706521144,0.06970608675219785,-0.029505283043040502,0.04071748889149051,-0.04560744746328363,0.046556361816310586,-0.05985767357649934,0.0696618247708099,0.03241725853764658,0.030641316321499176,0.07925268648413177,0.038256814099269495,0.03334424284364679,-0.033110168592680664,0.08731614567143597,-0.08910239267473503,0.027304376233368358,0.011505487248638951,-0.043604796473852965,-0.1171761591734225,0.03544530101842822,0.0013563171307703601,0.017970957427349044,-0.06649510306909386,0.00769200030559247,-0.0045028405888045955,-0.031169944625906533,0.07670945997840796,-0.13887614890681432,0.05248711089620386,0.016138906589626252,0.007839814771503258,0.046033758255471166,-0.06372184282084735,-0.012154096858953837,-0.00266600721265544,0.020335803518638496,0.050390738266481945,0.07065882056959923,0.05363273576896475,0.062224562745803284,-0.0002579052579297023,0.023593369152382627,0.01674253909788583,0.04547003737982378,0.09441354778325824,0.12724576503288584,0.08392628114007752,0.06737784887046497,0.14288927362364126,0.10877232573630823,0.10800410383717099,0.1657736234401244,0.0873013415553628,0.2025651264970873,0.2977789993255176,0.3030921795023859,0.35179524823598846,0.346543012235259,0.3346666937954872,0.348126665973515,0.3560735964843534,0.8253532555474488,0.8288681445222656,1.0,0.5311551413610148,0.6590555446089343,0.5763838409868438,0.7436226734928523,0.8238513137884679,0.2717977997858863,0.18259390208359288,0.2335727428112492,0.17962037864450286,0.10300104298625173,0.16292212284480942,0.27563473891480583,0.23729931868625184,-0.03117735155893197,-0.13633882848754125,-0.02631081392270656,-0.03752823922881236,-0.16745274990749281,-0.106797323903944,-0.01694635996183424,0.03569739781375102
C6 GM right dorsal horn,0.003385758895847123,0.038291235610050156,0.012322239224813781,-0.014155139590310962,-0.05736239145346466,-0.019164073775586286,-0.03839962074890708,0.04436977764288804,-0.061848841962879916,-0.056131208370961305,-0.030764374462074875,-0.09852737111603779,0.06346552568523732,0.09063273379162298,0.0050932974973712155,0.02407812746049165,0.03375574965176713,-0.0660175742919485,-0.0966683678994558,0.0006275282192139785,-0.07340341455011115,-0.03391998571677337,-0.0608643482204726,-0.0013234246346559878,-0.031011687090695527,-0.009475083725334977,-0.0020358209576376413,-0.04611907420006985,-0.09063994741498818,-0.002988012661817089,-0.08419070446847239,0.008958234755492074,-0.04227068812684392,0.038000880946199286,0.01891281254814282,0.02158180784057442,0.07999239739974993,-0.04341826458316174,0.06891967277451484,-0.06057750737721725,-0.02663282723617473,-0.0013174280408129867,0.002148967511095132,-0.03723478424330086,0.0684962736152055,-0.04463511969213064,0.04026570311918701,-0.04757797940239105,-0.058576518451869446,-0.10239847211039355,-0.037628704908196364,-0.012713313043065593,-0.07739136637077841,-0.03574713372430571,-0.04445317865463082,-0.04217470454086794,-0.044365716022207784,-0.02553051300549757,0.03650648647429604,-0.056522437470325725,0.019372768761374202,-0.02633969130353685,0.09671228010763668,0.08323872549643206,0.0773588153435744,0.05847975035867001,0.08839359269132505,0.06391574472992329,0.08076898518293335,0.14258849679201396,0.13643421696993424,0.108883138193828,0.09149684049781193,0.16422510442372937,0.16277047846727535,0.18109534985067893,0.18033004118061238,0.1510568531910796,0.24469954457163293,0.3038708264963997,0.2940192297419103,0.34337671411445725,0.3123102273438394,0.2988466305073909,0.33407916073642857,0.3244412287331677,0.5099666290066959,0.5620743537241748,0.5311551413610148,1.0,0.8452527780739565,0.8076337148924345,0.7951237195257459,0.7150400186254071,0.2559506726229762,0.22085858765939612,0.2500290784620515,0.31903466546211806,0.3005144537879402,0.3459661980418453,0.39682130547606703,0.35735258460179686,0.10207808102398319,0.04801308454746909,0.07584054173554462,0.09550386858098048,0.032816108011052204,0.06782232823465718,0.14514495173389358,0.1399601148239369
C6 GM right intermediate zone,0.04793561439223513,0.09526917335931737,0.09758133557223032,0.023755483852019643,-0.012971074353019498,0.014285808148734118,-0.01486764631894056,0.0908523847808042,0.022763885831160142,-0.045177749548112364,-0.03295903592898408,-0.08676484643109497,0.07471281673346082,0.13758959565175716,0.05963239920347672,0.09469408937971467,0.09318733100545568,-0.001543078474332206,-0.1178132408960874,0.014451968000447563,-0.07222258790689426,-0.009168530966386755,-0.037881886818799164,0.09105334433768801,-0.03603269777866341,0.036939102943830265,-0.05106332993560277,-0.0023695731625104416,-0.1422616729853695,0.012304212256522753,-0.04922759417595478,0.05614608414521892,-0.014210046772634757,0.049107806779225834,0.08993727166536908,0.0584572310822659,0.06289487032968168,-0.019727227592584853,0.12285703240583,-0.05860151286678109,0.03406605263452877,0.04928307549479283,0.02593199789751546,-0.06303567046318612,0.0844963551896755,-0.0030038399614933722,0.05373785341421795,-0.04254039203494204,-0.018493139474280818,-0.05829863783562783,-0.04315488249908602,0.08269923836591586,-0.1373260724026356,0.0012135690132469336,6.412537752557787e-05,-0.02212941092769167,-0.017339060270322712,-0.024012323705716005,-0.004771746698586362,-0.029566763808831175,0.03111846827134287,0.01196358823235449,0.04817247642110923,0.04604305454619452,0.05685898916865295,-0.030752011990492056,0.015691590907236437,-0.001141844770001904,0.013465688237671098,0.08251085321434241,0.11928944092497487,0.07534883559138333,0.04378659588892432,0.14097063430673104,0.1138705887351404,0.12053648399478308,0.13650668769155788,0.08018666953289269,0.2538584744233356,0.3189795843207424,0.3145170351750085,0.35218704492366776,0.3470211320652447,0.3423578937168034,0.353847297236803,0.36917126482156715,0.6262904896687885,0.7684462525934274,0.6590555446089343,0.8452527780739565,1.0,0.873979503602875,0.8249916325280542,0.8663757588814658,0.22788120087043037,0.1664338333328217,0.19568166529805875,0.26741757660819265,0.20968953754552017,0.27021087554835493,0.3330799322957671,0.28000188054266595,0.04873312503930177,-0.04695031435138271,0.00951422923912278,0.06351134760956276,-0.04609429385618908,0.0019248372940758034,0.039684233944492685,0.026467832613772276
C6 GM right ventral horn,0.06778649999349902,0.12311281223400333,0.08755957207792475,0.024587180878799943,-0.01565641112804364,-0.009390944107105862,-0.01422783601280135,0.07897120893104048,-0.00023562165348221676,-0.05901145256573557,-0.02465394329402529,-0.07309629887778706,0.04435955759707001,0.13224120549037477,0.06597412709442639,0.07986681450453421,0.09134653464692534,0.009881026944988514,-0.13722709918014936,0.023073124450131526,-0.06839925107800122,-0.008097383940025809,-0.02797651401505771,0.08551844181765589,-0.06099366756273369,0.043750012010757074,-0.029204440008187692,0.016607832710263195,-0.14338927260768827,0.042807080324719,-0.026240800540079885,0.06841248397984408,-0.001557339879834175,0.08110026584593884,0.08317979335818267,0.062243449703379694,0.022713730643541628,-0.03278743235599017,0.09052978083390897,-0.06226306896693208,0.03739279567927784,0.036806952565706944,-0.014979934683170137,-0.05698978861481081,0.07087344727273058,-0.01229752378188549,0.04755408063962911,-0.05469609559436308,-0.00569255856208597,-0.0791907048669396,-0.07316440917370386,0.07251753065291007,-0.1258912328781779,-0.013324470589138448,0.017319554115968527,-0.0026454975876250937,0.004290692875783607,-0.007080928092247818,-0.0013301334861103773,-0.01922912241571358,0.01662021745442191,0.028053292174685072,0.053845703501858244,0.04629482129587935,0.04342958507662459,0.010632101602399536,0.04139951373540223,0.03150637319971845,0.03488384688032263,0.08920440174904012,0.13351194627616117,0.08690250430891114,0.06639422160496317,0.15034820255727857,0.1251472648630212,0.14210586127893118,0.1576913320433494,0.10285194338292945,0.21757300992976822,0.2854775819849184,0.28352696376974634,0.319754926368193,0.3125180604234287,0.3032717849851977,0.31703246620745107,0.3364325307807293,0.4877873225090726,0.569394411516212,0.5763838409868438,0.8076337148924345,0.873979503602875,1.0,0.7887533762800888,0.8082869078575291,0.1754043343402091,0.1298863854462528,0.16617530166479225,0.26093620524248307,0.22708551987663264,0.28783468486759095,0.30065459256542193,0.2614573777180843,0.06654426697570036,-0.06929280522568998,0.026616504377579026,0.06606687252291399,-0.07672474462017279,-0.0009739786265996167,0.07268768678400245,0.05794191606136728
C6 WM ascending,0.059387854512404165,0.08355171752270081,0.11200338315416539,-0.0037300534675639733,-0.06643643241304055,-0.03535938927364486,-0.06424822437831532,0.09179425555878262,-0.050267962062647054,-0.027111238394967922,-0.020233349578855184,-0.11605757595341498,0.01680168531786727,0.10145973953398799,0.027236167786374894,0.07794352522128958,0.10567511054619562,-0.036539611812187824,-0.13694960080289922,0.04470134735235014,-0.07697356574169323,-0.0032075268286446404,-0.059376216744223595,0.0330645284583464,-0.00398700215051349,0.05126570077229816,-0.04116576740453292,-0.0033942730309983013,-0.09195091539851225,0.03754658794521711,-0.05316334779397974,0.049529450548985325,0.03771077582215922,0.06617763986743934,0.07133972597565645,0.05766569374611696,0.004435833764391947,-0.07364448207300052,0.09557210817460216,-0.0916290000897737,-0.0028838431951970986,0.028951280330340414,-0.03811515881116911,-0.10204798273653137,0.03986327595227207,0.0003544622202716923,0.029692505697457443,-0.045977440125268006,-0.013381917632622115,-0.03859964882396996,-0.036656580633670055,0.06242716321770576,-0.11343361007493882,-0.0008264265937931184,0.007275178730763214,-0.00806740096316994,0.007334171293581991,-0.04417733260781818,0.02559691082582645,-0.021496710330787885,0.03177621315955928,0.014572220177273873,0.0548205159659312,0.05774884667470336,0.05862692824471749,0.0006966299640620506,0.03143122390105632,0.02135152723712274,0.04438036136117075,0.12433898123524784,0.14149543780173174,0.15056850999264682,0.1318240363850109,0.21453556700175344,0.20402588485267775,0.21955697718322856,0.24038959023356865,0.1888200846722536,0.3128738436598584,0.3853017322417184,0.3898042604815337,0.40349056893007007,0.3861756625821677,0.38254467860723684,0.43557315439237243,0.44074762527842026,0.7415741261293537,0.7279584026510113,0.7436226734928523,0.7951237195257459,0.8249916325280542,0.7887533762800888,1.0,0.8565113568515378,0.316710087328813,0.2291321502941945,0.26734936700970513,0.268467728841546,0.22326030572691036,0.2770399918071519,0.4073495262733978,0.3433116170738185,0.048979009695230315,-0.06814986065069138,0.008078169553348757,0.02844578826268881,-0.10483764938659067,-0.026476851453557163,0.08102039225943293,0.07364762559752408
C6 WM descending,0.06639010105901831,0.11449664537697173,0.14136730028643102,0.039469850594542805,-0.0071702577625361264,0.013705407334243316,-0.009591653180843955,0.10956612302559449,0.008628324786907636,-0.044809876625871485,-0.03137059076050129,-0.09132358204724261,0.05547294067307341,0.14662401833194066,0.09964192620426392,0.11106546459820624,0.11196234771035722,0.006613074448916499,-0.11660350038949918,0.0187278885796477,-0.043346252607222,0.009175321683788162,-0.023620746703333872,0.0821787514883083,-0.0060373675222807855,0.08239925173886642,-0.04928390436629318,0.02970466182400662,-0.11415101094456806,0.046884200670357125,-0.03429714704460852,0.07511765945406472,0.024805894130827868,0.057587238171178036,0.11091065979190882,0.05729149114201787,0.032344951515338,-0.045320984622953545,0.11375082458855323,-0.0947753698235217,0.04854272193297183,0.05247484889596623,-0.01821533521938517,-0.10048630324496992,0.06685799751594938,0.006414667662555537,0.05671597395557709,-0.04818632961584018,0.012159910757627863,-0.021247418257446925,-0.02577346723232507,0.10179887080731939,-0.14596375520886642,0.03444817665326972,0.022965391969244554,0.0072759419626175085,0.01894952187377241,-0.031205325350509773,-0.02032570589219472,0.004064044606622879,0.04030301075210155,0.042791247261728706,0.049455142266534816,0.047895756599893674,0.0597553160691127,-0.04153746275420929,0.00673722175854758,-0.0028365525938111166,0.013427776587275928,0.07825402256971413,0.11512972013461568,0.0984757531569903,0.07279510600311176,0.1775872533417342,0.1454577348893254,0.1460743846173963,0.17312066518039504,0.10623412883302295,0.26809175762870124,0.34711898982635264,0.3590550528307739,0.38297051703022283,0.3800099973863282,0.3802915426214902,0.40115537375579574,0.4225829539623499,0.7379167201981729,0.8384881399476007,0.8238513137884679,0.7150400186254071,0.8663757588814658,0.8082869078575291,0.8565113568515378,1.0,0.27632320925763937,0.19626255314203925,0.23827806634811272,0.2652367664778253,0.17656799466720957,0.2509372304659856,0.34588421262388647,0.2942459785561839,0.004336035538254525,-0.11330804253772755,-0.01745904984641353,-0.0019159552530633825,-0.14177657585127582,-0.07528605275046134,-0.010154245553402733,-0.001517759365708635
C7 GM left dorsal horn,0.037917162022402605,0.08203046819110209,0.14447476767567388,0.041776019862249845,-0.05018582086254678,-0.06594554595978704,0.02025661207079215,0.10515928829004365,-0.06603709027847003,0.02883894999076808,0.044663551334249665,-0.04215201252826282,-0.07982430589253425,0.1010831764516451,-0.015709740197186593,0.19407967855566374,0.11453075222108394,-0.03285895163372071,0.03661313287482865,-0.054689661414766035,0.09811962035760047,0.06284611440920335,-0.0018764520646799812,-0.08815184406185911,0.1720521105916172,0.1770989851962411,0.020808165968147524,0.07608283431099364,0.08688226140631096,0.12070907772460461,0.05320499650441987,0.12709964138511062,0.06344145833552892,0.07438383866137382,0.046858659921897486,0.09026208655222137,-0.04129559705779377,-0.07078844730053069,0.11427498938890093,-0.0764666815278068,0.07680449059615982,0.0680897435877585,0.043571177325431386,0.009859445236610314,0.1036610179421489,0.06102653794778916,0.045375077930907094,0.12195363378420576,0.09080029153874128,0.038322587870078084,0.11154013271868651,0.061056548161174694,0.08451720839263127,0.1301950225042384,0.08498152699925357,0.09421412824560775,0.06238059104865648,0.02410416903036922,0.037469883379830475,0.14143982701671803,0.06754942809598737,0.11379631540416052,0.08611742871103303,0.06174282864400933,0.08194337200567699,-0.010851990481436532,0.016146332368066684,0.032597927856968946,0.0750161956754564,0.09586649908946486,0.09612284275608113,0.09890122135351165,0.11397221818383921,0.10099454788126923,0.09023756524238045,0.09973813849861157,0.16161721791522576,0.10564233173002625,0.1392175589641117,0.21536672449042854,0.17249972334544666,0.26377935129544455,0.2768664492294322,0.24244399011258694,0.24777453194371185,0.22107523588771402,0.23443303397610446,0.24148680628229585,0.2717977997858863,0.2559506726229762,0.22788120087043037,0.1754043343402091,0.316710087328813,0.27632320925763937,1.0,0.8031611823446896,0.8252259720044264,0.3054437648188209,0.3061189009294191,0.29811111914462196,0.6825747862263372,0.6281735124952998,0.19796054446675673,0.18366487437407458,0.18320870382859894,0.13501653022154225,0.038476050525690635,0.06502417651443204,0.2921353695535245,0.21765327050201905
C7 GM left intermediate zone,-0.028921748165780473,0.02445549019348105,0.06856903756260686,0.00222316378432864,-0.03815120599854706,-0.032723120573468635,0.09324418524689886,0.054535884124228315,-0.05296715930098898,0.033214309410741084,0.020895025628686816,-0.0073486171638172644,-0.018860884479894393,0.06815217653876261,0.06345326873616847,0.1638944533597292,0.0874738274257907,-0.01532917694394669,0.036033189336151177,0.03137643246937,0.06475829241893141,0.06356725136982848,0.012796450860743118,-0.03938659725289285,0.1391991361525322,0.15571456644174186,0.005605891179702599,0.05297408117858491,0.046084438560185806,0.08848292608285456,0.02849474495482613,0.10430611043304372,0.019708799507196888,0.03972256425167468,0.04317703023950246,0.08139884619615155,0.004261458453101542,-0.03661028987084326,0.1123962665197073,-0.05171156141236783,0.04454340821437568,0.09498811487518445,0.057844383042621184,0.05495036550307839,0.08220668819984177,0.06179987762481433,0.10334601297361737,0.14221396643234288,0.07349385579695134,0.04649566481141929,0.10609770602924477,0.030214165269189366,0.1357750461925481,0.12378027801136002,0.09197511499898019,0.0779787772445126,0.04196201559098771,0.0666968133136585,0.015242556578084428,0.12425892811832909,0.0853393575779173,0.09710686985475243,0.12640836838284988,0.06758183225921284,0.08575461277762166,0.03725559887993412,0.04058414166899421,0.0718783839854171,0.10220366168402391,0.09955150942330498,0.08626216241279763,0.09922465686507428,0.11687426837364567,0.09147673196262117,0.09054865676423082,0.09685000924797568,0.1632186856050451,0.1077065594216896,0.09049352203536556,0.15599965141899466,0.1125790146189317,0.20368580860512447,0.2152069029713213,0.18974102729059442,0.17380693842162537,0.1596917541080546,0.1408669320870676,0.16065713677055465,0.18259390208359288,0.22085858765939612,0.1664338333328217,0.1298863854462528,0.2291321502941945,0.19626255314203925,0.8031611823446896,1.0,0.8389618305114802,0.3648751560789072,0.5452884001448187,0.4294884764982919,0.6704241787573665,0.7375455198034246,0.20071195063522712,0.24344387627935674,0.21148666956341616,0.1537601306509483,0.1143997123122427,0.12758103717777253,0.3031394286205342,0.24449314159059238
C7 GM left ventral horn,-0.014503786529497662,0.0547498345679224,0.05141800452626744,0.05750293441800356,-0.07805929380081299,-0.06539527563244273,0.047073357502794747,0.11104508685815762,-0.10327075751935813,0.04051887098779875,-0.0042330865459863165,-0.0021607979045031715,-0.03292938306904979,0.10343040126608134,0.07539268002745554,0.1606930946812523,0.09451369484699783,-0.05781952941674151,0.06580553054396436,-0.012527168729517054,0.11472586591806133,0.06922426805541984,-0.0024767944877932,-0.08696018096378429,0.13642612248716512,0.14202521618837094,0.005026599493766711,0.05399365949469922,0.08060387655151614,0.07751120095717452,0.024864402226929032,0.0989994135651596,0.035091039934937444,0.07556846753352801,-0.005667396971477475,0.09221581893520421,-0.04205389237360773,-0.09320614519629546,0.11522562108423748,-0.10865642641157851,0.06986616098789794,0.09391423035665092,0.04964241838884474,0.022530361921380467,0.11396697684331927,0.044489643303434495,0.07915122378094969,0.15543117120118058,0.0884139157091352,0.019088706527012562,0.13314460657772073,0.04559937856108996,0.11499762594727249,0.10086978995257037,0.0910336483149629,0.09173307215930179,0.03853357320791242,0.05022310022055357,0.0159186217024004,0.11044405624624948,0.07847175420779857,0.08816660044157716,0.11285995218213768,0.08918405246618062,0.11208890269765524,0.04813073410693737,0.0733193544690342,0.09406933420513716,0.12399659170095499,0.1423981161715238,0.1359199795689611,0.1368996608508348,0.15104216379674568,0.14587503290159967,0.13447239404104536,0.14379283610880284,0.2045332706455958,0.15077716783859274,0.13077806256389596,0.19763217063049526,0.14790779747253757,0.27092930005825666,0.2663279330211547,0.239586294891401,0.23319429915887652,0.19834530286069244,0.17060395800709324,0.18852089017032783,0.2335727428112492,0.2500290784620515,0.19568166529805875,0.16617530166479225,0.26734936700970513,0.23827806634811272,0.8252259720044264,0.8389618305114802,1.0,0.2892474113794912,0.36578107223058415,0.3486480917054164,0.6807038070787382,0.7265522502590992,0.20801688538233795,0.25718194571565217,0.25553768306310726,0.17874491594757513,0.10776596952586412,0.11616570808395323,0.32183304749787717,0.2504838016570855
C7 GM right dorsal horn,-0.005437108571750497,0.05372948186449061,-0.03781229423418961,0.0722299261130825,0.11503930714877779,0.003923387660178798,0.1534592913121858,0.11864654605016359,0.06691901464124096,0.12151931184669844,0.14067107503188686,0.14306017248057923,0.04460838637900055,0.140805369803431,0.06358832623182402,0.15113451946712558,0.06542913970808538,0.029722672090487588,0.1239388659154488,-0.03822120871226714,0.15751439724666993,0.08642271898238282,0.10269919611770585,-0.05813741779063264,0.17524364665023154,0.09538113798158901,0.10517561605199277,0.05413670622119245,0.14825930252229738,0.0460890797723214,0.013042551220680407,0.037094016142903787,0.07777699182312292,0.07885812981028963,-0.027435251236458548,0.1336758539181478,0.03473107535848092,0.0729483453074324,0.07965474469625088,0.11432533559075482,0.09092499734742704,0.12094448078628615,0.12599846040013646,0.17995602307454855,0.20638108135056413,0.09599370244325699,0.09762261175021848,0.17172402679001064,0.0880021046353139,0.013654013069990069,0.15532023841083062,0.001093522785898167,0.12408977509842664,0.06113726530133227,0.05165194285309903,0.0728513077002439,0.03965747312752121,0.12164079734893123,0.11297352141906893,0.10704419115676449,0.09627386494026119,0.015605197622978113,0.23811369783754416,0.19326339695548875,0.20162388330635816,0.12348091213842108,0.15638096019465633,0.17728556493013684,0.22175080885571155,0.22100211588319132,0.141731840950471,0.18306872041776828,0.18428924115149775,0.09422503713304144,0.13244839157404706,0.12323385094957337,0.1790059703945825,0.19108571394123208,0.07196243721871427,0.12895370558482858,0.10593022273016552,0.2256255701850937,0.1988474552099703,0.1797803214126425,0.15411258077192314,0.14804352708507693,0.12688853871049838,0.15807561504771914,0.17962037864450286,0.31903466546211806,0.26741757660819265,0.26093620524248307,0.268467728841546,0.2652367664778253,0.3054437648188209,0.3648751560789072,0.2892474113794912,1.0,0.7124787699765506,0.8028911180245415,0.6349504275725258,0.5633089259788803,0.15621076123864713,0.15692321053319008,0.20687447216483118,0.14279567054726372,0.11949578164970577,0.15567557280457697,0.2699471090038561,0.22830572564221593
C7 GM right intermediate zone,-0.017046862988862817,0.04424020060985013,-0.06917927463826319,0.00405978233707428,0.06423132820993516,-0.0005818795140686828,0.13656460435707418,0.01710438782656037,0.03731192050535583,0.046666487264413414,0.09943717976671404,0.11837462976153729,0.036980402466516994,0.08430643179992024,0.08989861172637507,0.09422146558236297,0.028351433917190475,0.0032530294367652843,0.1129216322742709,0.015772462446860366,0.10876267914408405,0.06276847483866152,0.0797955841492501,-0.040097730416982474,0.12960603218235572,0.05174327526151876,0.06253781195978093,0.02285300200503888,0.10251176784893616,0.013604333517110899,-0.03208923379736516,0.012373755729990183,0.05354119284917663,0.08923236048569505,-0.05513040109306482,0.09178679956687187,0.07324377731968615,0.06582398876803054,0.079939626625768,0.10813119153089279,0.04715735680596808,0.11845723850192225,0.0900962316983851,0.17877542536240523,0.17044522894307293,0.06918674492654633,0.131308374325983,0.1539450807781932,0.050123925727229054,-0.017922371807395494,0.12260689232751344,-0.03669043267398439,0.1408305709807559,0.033464438433481576,0.0504897017312006,0.05172664207203497,0.015645522618363706,0.10292774337585574,0.09115755768300551,0.06381467664930142,0.081493512898051,0.007673583595399037,0.23088058231940833,0.14114006885300825,0.14926151005440522,0.08909721879429085,0.0948938872421658,0.1114407538675944,0.16701939272257046,0.1790416167744792,0.09445995609398367,0.15344911037365097,0.1732124789598828,0.0710701919696445,0.11471541150463688,0.11810979150193439,0.16687923243281558,0.1829520317936875,0.020315795190552696,0.09717956496345782,0.05407001502525584,0.19886916920282668,0.18406395582570478,0.16708209341458505,0.11083779429334725,0.11921722659135334,0.04031316861781329,0.0599373962395491,0.10300104298625173,0.3005144537879402,0.20968953754552017,0.22708551987663264,0.22326030572691036,0.17656799466720957,0.3061189009294191,0.5452884001448187,0.36578107223058415,0.7124787699765506,1.0,0.8339415095120147,0.6232793123022995,0.6907202043675195,0.17069651830955618,0.18773165549148524,0.17588797603790413,0.12731218802397667,0.15870225394093407,0.18966943836499986,0.24600243023381269,0.22192789257708181
C7 GM right ventral horn,0.01589776361355205,0.07270266126016138,-0.08012314185525941,0.10933297585125601,0.08488256992277571,-0.010198888210898758,0.15634262537688726,0.11516570194109414,0.02486793971227436,0.12109427644163963,0.17454104198942372,0.14849020657175183,0.05180067661344216,0.1366143510230267,0.12522199990339083,0.1576821407476133,0.09664533805361798,0.040103008800633694,0.1426041400058329,-0.0021771064814340596,0.16264400106081275,0.10724237231746302,0.1302747896860583,-0.04571069671419479,0.16136286628199678,0.09109864916716089,0.07324721684397144,0.06936115054276673,0.14848100711911216,0.03609635505992515,0.0012657881170212177,0.03502684831049899,0.10010985963452114,0.09151906567273461,-0.04471085344283327,0.1451719334889556,0.026570523923719117,0.030953806718750202,0.09762485146994986,0.08469600706512499,0.11881972833926632,0.17762159250385237,0.12895438170230172,0.190359866580591,0.2301721577299664,0.11827880286037533,0.1531672449972128,0.18727270563310708,0.09412581959919114,-0.00805826880449715,0.1697166388570072,0.03771150781203226,0.1647683423583234,0.07378728350121491,0.07341452760124,0.07120565071709259,0.04920353215637738,0.14221901397215667,0.10670186490735298,0.11234756542142779,0.0997318104636114,0.03413784124240174,0.19847509154593074,0.15409010024565103,0.16931016171036006,0.08637773994043219,0.10914791324346226,0.13335162578517293,0.18452538430606336,0.20792356441927853,0.1151523467586991,0.15959345027173727,0.16682025587641103,0.07366795681294286,0.11577464792178374,0.1115286648471044,0.16994626893687761,0.1832054947836144,0.05206481234633637,0.13493996284311388,0.10464605414960952,0.2325589283715907,0.21508180001810917,0.20490326664928124,0.14574765683570898,0.16762657552764043,0.09200993856308001,0.12230542955294788,0.16292212284480942,0.3459661980418453,0.27021087554835493,0.28783468486759095,0.2770399918071519,0.2509372304659856,0.29811111914462196,0.4294884764982919,0.3486480917054164,0.8028911180245415,0.8339415095120147,1.0,0.6633382359228469,0.715057193335417,0.15388792244737123,0.1661088371488137,0.16824380380460785,0.15319368633669186,0.17829778024083295,0.2258375180226576,0.2563737762380197,0.22768434617104047
C7 WM ascending,0.10213381775880029,0.1473248288652116,0.08174379331545993,0.08232321151646674,0.033902859800995264,-0.07295442200357531,0.08380940023911353,0.1880092015374981,-0.053207350589289465,0.11769625393275357,0.15835853600161617,0.055666516453205396,-0.03642238724636382,0.20248792788684428,0.010835293503951685,0.2128971199862848,0.140124345814965,0.015050654727688628,0.10753780862888544,0.016856045573115666,0.19645531321891066,0.1418185027686477,0.07603008375588427,-0.08401431911782958,0.2490905132429281,0.20944199425594195,0.11556452041146299,0.1271465056295195,0.18271362483432085,0.17740253064228073,0.0515528259428873,0.13539811455944603,0.1439904376033427,0.20290045857534364,0.021942224084745176,0.17648073528393124,-0.05466816790251909,-0.033156895290601195,0.15971349856584632,-0.020715476704477764,0.14618871483942883,0.16026298823179155,0.10285762188063538,0.1347920491690371,0.25060896128114607,0.14117914156208525,0.11352126285470847,0.17945378418982286,0.1586531476501522,0.043672385428027906,0.18784813512775306,0.05010801866175678,0.15079762619836254,0.13095391198170583,0.12113760890833628,0.15068192112134038,0.12552869219272275,0.14480907152532094,0.14924460986678048,0.20972250384002666,0.13127893629083565,0.14811036331155827,0.15524141712982192,0.127952179149104,0.1505303113173913,0.02612871737078111,0.075037180571293,0.1036260399012849,0.15829411581618083,0.1999703541263723,0.1730261948629452,0.2057890782167742,0.2168703954165514,0.18521448882658093,0.19889957908725664,0.20786349236462262,0.29083238847646053,0.24409628731774946,0.19562750748983304,0.26907857423755477,0.22325299911329702,0.34339148037425044,0.3369780656734537,0.310758204518806,0.3090563853624899,0.28214010583637633,0.21346078898585796,0.24960306631162327,0.27563473891480583,0.39682130547606703,0.3330799322957671,0.30065459256542193,0.4073495262733978,0.34588421262388647,0.6825747862263372,0.6704241787573665,0.6807038070787382,0.6349504275725258,0.6232793123022995,0.6633382359228469,1.0,0.8095364911334632,0.2581352618655607,0.21929971100171516,0.2564124391831324,0.1707504671831677,0.10745982626931143,0.15826556258193547,0.38065320803168634,0.25975760167987394
C7 WM descending,0.034034915609063646,0.09707758369650343,0.034834080910289465,0.05949157464088604,0.012195067852074193,-0.05176163872083487,0.10614248699115467,0.08705931969837297,-0.052769356062532614,0.03783722194809947,0.0875603602220232,0.04076068228554223,-0.06076333650886309,0.09705932166331732,0.057582074549504134,0.13910218253684026,0.09025979112806455,-0.03680262162726937,0.09030843277681698,-0.018184424619915,0.1286938391022953,0.05609419363424323,0.05583251576766438,-0.10950391437951923,0.18307659443098323,0.12946608162138976,0.04171133517640401,0.04321976612903969,0.12378669346671504,0.06518429956240275,0.029730207473994054,0.08297653806379637,0.09416785831723269,0.142399207838378,-0.02785597707573101,0.12223377799150356,0.010462545847379224,-0.03463612641417756,0.13537543539040892,-0.01835514385188109,0.09759447728004357,0.14478230551123494,0.0970911580055585,0.10604860661085373,0.17710733039937937,0.08120185891010455,0.1149488483083803,0.17130625916800649,0.08074110868138627,-0.022142315343059032,0.15782820668195813,0.00912627811271154,0.15146562841813,0.08441621064651694,0.09483688100775371,0.09165197112979306,0.04781894333613717,0.09838949664299029,0.08210869752938467,0.13568708863066134,0.10952319371057183,0.08174428364302565,0.14885356515384734,0.11784452589433783,0.1376164748041486,0.02283258863785042,0.06292143252870405,0.08441210877054703,0.14703918730938692,0.1798856221721842,0.14632345460308568,0.16995489611559012,0.1854630856313665,0.14921888446440645,0.16136353122598088,0.16329001160263426,0.2393626244124699,0.19966172808878585,0.11253152959717991,0.17909934767628852,0.13566749144080928,0.26179976422064005,0.25257104588928025,0.22668889592204094,0.20866576264166556,0.19130146249319133,0.15964772147565456,0.19960063930585387,0.23729931868625184,0.35735258460179686,0.28000188054266595,0.2614573777180843,0.3433116170738185,0.2942459785561839,0.6281735124952998,0.7375455198034246,0.7265522502590992,0.5633089259788803,0.6907202043675195,0.715057193335417,0.8095364911334632,1.0,0.21375419612101038,0.21089667467050988,0.21841391761552614,0.2094519325713111,0.13475707073286008,0.17809814028898127,0.34086010309693116,0.2629543320667085
C8 GM left dorsal horn,0.02774709729191156,0.013481881558717853,-0.0036159705075283996,-0.03519896491293751,-0.07244912104336396,-0.07070313331944843,-0.04534462749423585,0.012786124651341718,-0.18533086088871822,0.03545499227204335,0.07416865166456017,0.1113767117334562,-0.045918528550154936,0.007865636679655955,-0.032070690244367324,0.03235401022452145,0.008953317189816668,-0.010681402977219846,0.025655752364569857,-0.020822131896775252,-0.0020649960606016014,0.02934723717411935,-0.0006447976527931412,-0.08314888597125353,0.058942947766357195,0.00724731641317011,0.08422880855294261,-0.02776325998565605,0.07026796831476459,-0.01772317981071646,0.07671901632926006,0.030238607354408913,-0.011280960116678847,0.09183286472262234,-0.006638407274775875,0.005635029040493557,-0.027943024999659553,-0.09998701174171086,0.06456327123887518,-0.07002397950236404,-0.01950176443123312,0.09600181682502253,0.01171413502059858,0.10016244000946008,0.07010964266856728,0.040759290390998355,0.07649959112814057,0.09507006372995819,0.01914230335161679,0.007206228233548163,0.1168104681164804,-0.00982394360880867,0.12067830691256395,-0.004661260559462097,0.06105061156258087,0.030636611361979607,-0.03789342896519349,0.07105574384514846,-0.0012199200560178087,0.029275973085724733,0.07629136309957159,-0.03544666801210127,0.010380835441149878,0.04263256701959168,0.026395066332036705,-0.02807264583471261,0.03982411853245722,0.0787644079888195,0.03897094585312336,0.08030188896038207,-0.07115702910030504,-0.06034890886763398,-0.06592552975183792,-0.04837613431389898,-0.025439175779607137,-0.01996813158186663,-0.02312804280263382,-0.04117868704429915,0.023075792659927215,0.028686631667710367,0.009808122061971148,0.029726991883102016,0.007314678473426446,-0.014790795533342614,0.016080272543315628,-0.00720894766450785,-0.04777860938118258,-0.0367949209865549,-0.03117735155893197,0.10207808102398319,0.04873312503930177,0.06654426697570036,0.048979009695230315,0.004336035538254525,0.19796054446675673,0.20071195063522712,0.20801688538233795,0.15621076123864713,0.17069651830955618,0.15388792244737123,0.2581352618655607,0.21375419612101038,1.0,0.6256763713744327,0.6465545503333547,0.10188144124875788,0.086279673230696,0.09122931250516156,0.44675839986169213,0.3338648238561318
C8 GM left intermediate zone,0.035518646921046095,0.01787857305944041,0.0028028174230111023,0.037776501859559525,0.04593922661590856,0.03959274376951265,0.07943952096780448,0.06661148354133434,-0.11903686645095608,0.07888961588853943,0.07812655911726542,0.13918600772034842,0.05022127497650801,0.07576925301208774,0.032711252032006206,0.061035861551043895,0.018920659238854838,0.0068197420613292726,0.071169731470457,0.00028956244180447884,0.053892493436173514,0.07324850126879473,0.0656074489291653,-0.03960693238921496,0.11236702373392991,0.06831852289986959,0.08333420958548483,0.04167314888145609,0.09756619336240284,0.051510236041271265,0.10824375095135787,0.06897809039132777,0.00479898511425946,0.10893914948969169,0.0392135034946256,0.05450428943243804,0.021847684596447425,-0.006328155262531155,0.12070352037633059,-0.0035771595821063153,0.05482293953177617,0.1215335787441104,0.06003364164773757,0.13954516558160132,0.12691454903523416,0.06271695914988047,0.09689996001242265,0.11869316089172552,0.05235858710916944,0.02537066127524665,0.15178880183474838,-0.04274828037413574,0.12113521434556734,0.051212432189761375,0.04610067862728289,0.03158651312216044,0.014871210426598504,0.10191963531865379,0.0390102461595068,0.08373011016255633,0.07192750069530326,0.02228490427756519,-0.03029199636639921,-0.06103053979566916,-0.07335869917991966,-0.007865768752542263,-0.031074342768966354,-0.025024661158413005,-0.005629061075965785,-0.011671778969468189,-0.10347120030590953,-0.03766145569926741,-0.02489005203752364,-0.07724637486615135,-0.03247069486933921,-0.024273358674318526,-0.0343504240896384,-0.02165791204072246,0.029935573971314307,0.0357041039627069,0.008765186409104469,0.04120639133064257,0.021639877419206206,-0.003229565236499117,0.006172719089710576,-0.00454640945911295,-0.11362852869276806,-0.10202314806868348,-0.13633882848754125,0.04801308454746909,-0.04695031435138271,-0.06929280522568998,-0.06814986065069138,-0.11330804253772755,0.18366487437407458,0.24344387627935674,0.25718194571565217,0.15692321053319008,0.18773165549148524,0.1661088371488137,0.21929971100171516,0.21089667467050988,0.6256763713744327,1.0,0.7421062298748383,0.268341153863796,0.5624708742429695,0.38371438986107054,0.4417957539640218,0.504308180192395
C8 GM left ventral horn,0.036160044236106366,0.029399671095660374,0.04203721782663061,0.0889792277235546,0.015715502005717145,0.017856333897642216,0.046244244788068115,0.06720749412481186,-0.17275288177900194,0.07556929813051459,0.09187934053575553,0.11953432530336093,-0.014520544247387652,0.07920805042025696,-0.022899536273537153,0.07526070224132884,0.041636272220467785,0.012630408620379117,0.05033640461469393,-0.0285084041980997,0.04341641547159745,0.0692592424776543,0.0373844794826121,-0.08502144682759612,0.1502686168923043,0.10105278125613795,0.12000834855275413,0.02490459934318083,0.1129393029079809,0.045351233530785656,0.17505996214631941,0.11172392662073065,0.057213542046948576,0.11652467795783533,0.020934026392295753,0.09021853494229952,-0.05447720667696923,-0.06081635287825415,0.14724196296876044,-0.04629218811159164,0.06943920477866292,0.13293958472136178,0.007542229710343765,0.11697338569205266,0.13700980457918085,0.07663022026599071,0.09335967632825673,0.12635352553713455,0.08422560057935723,0.027255487501575564,0.1711754033594035,-0.009980518890929973,0.12665516698310034,0.05754509367016647,0.10040358544974405,0.0745873896312831,0.04709100066116523,0.13226681635447846,0.028935376344530226,0.10236663479201516,0.1305276124990976,0.027453193006664274,0.014656678062326258,0.04743239402319191,0.055335023011746795,0.05131599174420114,0.07075513256780258,0.0966473070612924,0.0821611706785334,0.10018103678581657,-0.058079578954361784,-0.049001813316154504,-0.02585913584575171,-0.07936172644957755,-0.05679718871440642,-0.04744253117723004,-0.020247004328893307,-0.03290434367944733,0.0739549395970845,0.08034094158984295,0.071062878680244,0.05532970991065006,0.054806929262757285,0.041122104455791744,0.0640122285917221,0.053588933880843695,-0.032961592629460974,-0.042447651280921914,-0.02631081392270656,0.07584054173554462,0.00951422923912278,0.026616504377579026,0.008078169553348757,-0.01745904984641353,0.18320870382859894,0.21148666956341616,0.25553768306310726,0.20687447216483118,0.17588797603790413,0.16824380380460785,0.2564124391831324,0.21841391761552614,0.6465545503333547,0.7421062298748383,1.0,0.10581980111487509,0.211131802360449,0.21253506799816416,0.5212658796217416,0.591799783747413
C8 GM right dorsal horn,-0.008202326444134102,-0.0054073914712230746,-0.014069522121210074,0.09426767139959735,0.023262177103927913,-0.002527603690945961,0.08890373636055035,0.03796901511260647,0.052986368168450905,0.05849893884854469,0.0032281871154914016,0.051039411676060215,-0.014492841929519594,0.0037072490187235723,-0.01792602619700544,-0.01320118270796406,-0.01537751684977848,-0.019214162297096216,0.03097648183870925,-0.01951707606831143,0.027503720988695576,0.0316172065738698,0.05632034788763111,-0.06143186577354191,0.06621600009925366,0.029564640913041087,0.033838421745148534,-0.004758112356984028,0.06532776748080774,0.02577140705474748,0.030033865369389064,0.012044076318586517,-0.01692759643578402,0.052161754590816165,-0.0026861666379818243,-0.0078171377622267,0.02267891641374777,0.022239752811280187,0.07917225629340653,0.046745016189127526,0.09249924556945645,0.04918768144302272,0.08565130529073893,0.06834678818777272,0.0626756569748614,0.04088646978041811,0.005890767153827763,0.0007711129935475373,0.02103333359819257,0.039406267207122515,0.06192743892727354,-0.03279651212462275,0.03505750199185546,0.0016519056171636441,-0.012019632219337108,0.009225023865206034,0.011156302337264438,0.012264945918543836,0.013230163242912162,0.0448634805523937,-0.012663915615758595,0.0522035100584283,0.03304507889342781,0.04876529609230462,0.03556177060096017,0.01030992946935818,0.037532741792149646,0.021385775406827096,0.04799840283623888,0.08856626161741459,-0.05063097890427995,-0.02981915049749454,-0.027067940249175793,-0.05672844787633544,-0.02323196844269205,-0.00944416598552818,-0.04260944077159136,-0.009644910482788812,-0.12721308562002595,-0.055948532950125356,-0.1430126155465392,0.0672744354052502,0.047271466170318924,0.012867746168890498,-0.05973594024741108,-0.08416026141719789,-0.018119096358943942,-0.021784392795218953,-0.03752823922881236,0.09550386858098048,0.06351134760956276,0.06606687252291399,0.02844578826268881,-0.0019159552530633825,0.13501653022154225,0.1537601306509483,0.17874491594757513,0.14279567054726372,0.12731218802397667,0.15319368633669186,0.1707504671831677,0.2094519325713111,0.10188144124875788,0.268341153863796,0.10581980111487509,1.0,0.6849165575051965,0.6436857217814828,0.5128575343671031,0.38000026218013744
C8 GM right intermediate zone,-0.008938250286117765,-0.021568442659609045,-0.05583415503331941,0.09133896443032986,0.08844019280752749,0.08355067292876829,0.13065551585783586,0.05284524693129735,0.024279114278632923,0.09223461385194826,0.056636064614192794,0.08361760293238509,0.05294986316875904,0.03306291270648133,-0.000176269124152726,0.0006253748529819409,-0.008480949351169656,0.016660017620783188,0.05506066856076828,0.04344217887348548,0.021797518705202825,0.04048827933741337,0.06129359198517611,-0.015401916794447839,0.06422710390176725,0.019372488061576095,0.03324205146996468,0.01891410525148128,0.08036236817109,0.021287477656441615,0.017337599623217917,-0.004741974100816326,0.008835485025104972,0.04730530274258932,0.012206283530311217,0.03199523426314896,0.09900211417665448,0.07391550518941176,0.0620861223173397,0.07799287214928242,0.07504183468515993,0.12253062791625452,0.09967002174538775,0.12581022187268856,0.09692543204943951,0.06961901394971966,0.028191560530834756,0.022999330946610948,0.014735477244386393,0.037647427174274134,0.06252282059670411,-0.04492209559165844,0.06089000030236372,0.034956667528662944,-0.019210806598918325,-0.017428964765456245,0.01771271732726748,0.06657165125852108,0.050287322400785456,0.045640780145423575,0.0074044348910749964,0.031807832593893776,-0.0017041714920768066,-0.025335327780646073,-0.04649599756217011,-0.035655439961010144,-0.05216371814793327,-0.0601675640549795,-0.02024993857615269,-0.008798954087359964,-0.08766799386962877,-0.009279666633059543,0.0002269831036099194,-0.03863693684949794,-0.0008330179976528026,0.004216827990527079,-0.037027544145733754,0.00989106004293542,-0.10719039893742399,-0.0683462437435344,-0.12217777617017112,0.001780018227634661,-0.016790083908970955,-0.04915174669713069,-0.10230387192099541,-0.09911712749571717,-0.11740427352318691,-0.11289707539640421,-0.16745274990749281,0.032816108011052204,-0.04609429385618908,-0.07672474462017279,-0.10483764938659067,-0.14177657585127582,0.038476050525690635,0.1143997123122427,0.10776596952586412,0.11949578164970577,0.15870225394093407,0.17829778024083295,0.10745982626931143,0.13475707073286008,0.086279673230696,0.5624708742429695,0.211131802360449,0.6849165575051965,1.0,0.8010294347193219,0.43933208890636,0.4598890651730177
C8 GM right ventral horn,0.030776546493438445,-0.004282663043421216,-0.0063734746480705925,0.10235891631864069,0.08819652917244022,0.05047515174066319,0.12792555919168946,0.03836627557528038,0.04246320149249843,0.09894229218091824,0.11456174505230211,0.07044250972956005,-0.03556100336594871,0.028538977007694602,-0.05867119672179978,0.0317157266233027,0.04280580439869623,0.09200511423531728,0.026135593103666848,0.047443650061626375,0.025989091536075162,0.048437090987256015,0.08434077220824952,0.0076627937598619,0.09308002482237802,0.062453778592604405,0.03200095509817754,0.05125402776781361,0.07838875580226724,0.05401498726175676,0.08558711823821513,0.02496557048720879,0.01156463427941869,0.07711930848216136,0.072954058083852,0.03751761237334303,0.08289863182724039,0.11289492712809907,0.08334998301315319,0.11608508910515399,0.08020077891021718,0.14828111419145343,0.08375259106567386,0.15714939932221195,0.10618485241061489,0.12497367605571845,0.014775294253990648,0.04709875257507856,0.03595037465384227,0.040727957045296276,0.036458505769090536,0.007432571522052736,0.0370823096484724,0.0560481980038924,0.050377394409091364,0.052319424927445464,0.06886590504010477,0.08606491691031222,0.061743465807608734,0.07941827949794826,0.040573016686339364,0.07304963398914399,-0.01934705454788665,0.012742564006100684,0.0007363764448599849,-0.0833908107993622,-0.03924182301296765,-0.028362183204292936,-0.03802214591133219,0.016022293667338268,-0.10926850260433374,-0.060484835409564466,-0.04328759029594947,-0.05565461138311305,-0.03157167283536592,-0.02063605990784958,-0.047086555008310625,-0.028712382574108086,-0.1161618199925934,-0.06916205011586168,-0.11220584756384198,-0.016260600990680257,-0.026224368365358432,-0.04781809077617345,-0.09933017041713035,-0.0881029790205123,-0.08014825795219463,-0.09233835476465975,-0.106797323903944,0.06782232823465718,0.0019248372940758034,-0.0009739786265996167,-0.026476851453557163,-0.07528605275046134,0.06502417651443204,0.12758103717777253,0.11616570808395323,0.15567557280457697,0.18966943836499986,0.2258375180226576,0.15826556258193547,0.17809814028898127,0.09122931250516156,0.38371438986107054,0.21253506799816416,0.6436857217814828,0.8010294347193219,1.0,0.49685837595353205,0.5410535051833575
C8 WM ascending,-0.0981261303682685,-0.07551998278462076,-0.04618699542443398,0.07177688395934571,-0.038726716608734335,-0.10103970211962202,0.04305192125305618,0.021659245642765602,-0.12495759266314141,0.058820499720180885,0.042922706239573234,0.02426789408654539,-0.03989465684483688,0.042167715663914924,-0.10736018815208295,0.014718236935922694,-0.01598176464140488,-0.09326651569857268,0.10515264986944098,-0.0029254378511158773,0.07303516085783442,0.037927596816108494,0.021986105060942184,-0.1771108244057199,0.19188942367731623,0.08030383597361701,0.12783077884448377,-0.010104516395417956,0.18180438742333455,0.04204706857332724,0.0934089760019207,0.01702231541840162,0.032370740769073425,0.07959743058661362,-0.08272765362027994,-0.0038892473163573017,-0.05880533027598413,-0.07051562622524464,0.02674679214331498,-0.034505543517588604,0.002396147627245441,0.08786233814701282,0.01971152600933475,0.08386909950885385,0.09481108160282603,0.039224429390479314,0.04924272626059975,0.10792282774223085,0.03480922045795782,0.02435928715529276,0.143993562997189,-0.08329053734104527,0.16654643246804496,0.028516630323798423,0.03739927878938955,0.05023024482233233,0.022451147455639555,0.08063863806017672,0.09539535621811845,0.07675905823192368,0.07345433283511972,0.045629649028814924,0.13622887050460486,0.17444856653323335,0.16146273842887254,0.0969628439885837,0.1415951456376362,0.15688819572236176,0.19352653940087344,0.22724701515199355,0.007946748239208608,0.02839652493823995,0.053812804159308315,0.02250749817375153,0.06840931802785337,0.09355179815734255,0.07641343275713915,0.0963149769431908,-0.025962851172845844,0.042137785815838706,-0.027205064679284963,0.13175034596485055,0.11312871017186321,0.06735024314830385,0.02814795841922018,0.007255209576806151,-0.0047878536472095974,-0.06057560556915699,-0.01694635996183424,0.14514495173389358,0.039684233944492685,0.07268768678400245,0.08102039225943293,-0.010154245553402733,0.2921353695535245,0.3031394286205342,0.32183304749787717,0.2699471090038561,0.24600243023381269,0.2563737762380197,0.38065320803168634,0.34086010309693116,0.44675839986169213,0.4417957539640218,0.5212658796217416,0.5128575343671031,0.43933208890636,0.49685837595353205,1.0,0.6967410739685997
C8 WM descending,-0.12601295581292019,-0.028180612653446638,-0.11948560463126075,0.069916665371168,-0.025115875056632223,-0.05813886329280736,0.08099856745653958,-0.016455480470794828,-0.09445629462753237,0.012279889419953536,0.04383673066844554,0.006050754453872697,-0.060672258498332965,0.014051445505664142,-0.08831051092618698,-0.0035167448022083428,-0.030542938088196175,-0.05289265480562043,0.04395150777062514,-0.0443664902196846,0.039473554869891896,0.016107655800509272,0.02441692003885129,-0.09703177986941273,0.17953416309726855,0.10142453443522877,0.07631737440275269,0.008154843808871505,0.1415588081495537,0.060957870905506535,0.07502444695914523,0.01483133532029379,0.010424713125910087,0.10158399080264419,-0.11572993876901783,0.03227716905220045,0.012483655167402099,-0.010517231880344287,0.01919216469060443,-0.04826950781185547,0.021027139819402123,0.015368890812874706,-0.03269804026245076,0.06372890690012141,0.05653011597967333,0.019607813560590128,-0.023152186036366283,0.06579693325884785,0.025189511871076212,-0.014620835057896494,0.12072324281553076,-0.0959990599304619,0.0802516427934469,0.04915100557308715,0.05868734287696868,0.05565810248636924,0.053041906148241294,0.06499668608448911,0.09824342125552535,0.06462006404509217,0.08302302568599973,0.05486421635268227,0.1850594514818306,0.22592027796005099,0.21629063025090012,0.22705118948075032,0.26854432592676925,0.29724163936284087,0.2771422101259866,0.30047701716879177,0.05402938684384927,0.059554732763214734,0.0933732799811054,0.02497965210539892,0.05701144442744752,0.06757605779667719,0.09262060064245947,0.08536486375820877,-0.0783830312896089,-0.005228391358682848,-0.05927401868145776,0.08812274984031473,0.07382840701497263,0.032271150998338154,-0.018866320884294734,-0.03153024905907686,0.03785947408064308,-0.04197337443299525,0.03569739781375102,0.1399601148239369,0.026467832613772276,0.05794191606136728,0.07364762559752408,-0.001517759365708635,0.21765327050201905,0.24449314159059238,0.2504838016570855,0.22830572564221593,0.22192789257708181,0.22768434617104047,0.25975760167987394,0.2629543320667085,0.3338648238561318,0.504308180192395,0.591799783747413,0.38000026218013744,0.4598890651730177,0.5410535051833575,0.6967410739685997,1.0
