,7Networks_LH_SomMot_8,7Networks_LH_SomMot_9,7Networks_LH_SomMot_10,7Networks_LH_SomMot_11,7Networks_LH_SomMot_12,7Networks_LH_SomMot_13,7Networks_LH_SomMot_14,7Networks_LH_SomMot_15,7Networks_LH_SomMot_16,7Networks_LH_SomMot_17,7Networks_LH_SomMot_18,7Networks_LH_SomMot_19,7Networks_LH_SomMot_20,7Networks_LH_SomMot_21,7Networks_LH_SomMot_22,7Networks_LH_SomMot_23,7Networks_LH_SomMot_24,7Networks_LH_SomMot_25,7Networks_LH_SomMot_26,7Networks_LH_SomMot_27,7Networks_LH_SomMot_28,7Networks_LH_SomMot_29,7Networks_LH_SomMot_30,7Networks_LH_SomMot_31,7Networks_LH_SomMot_32,7Networks_LH_SomMot_33,7Networks_LH_SomMot_34,7Networks_LH_SomMot_35,7Networks_LH_SomMot_36,7Networks_LH_SomMot_37,7Networks_RH_SomMot_9,7Networks_RH_SomMot_10,7Networks_RH_SomMot_11,7Networks_RH_SomMot_12,7Networks_RH_SomMot_13,7Networks_RH_SomMot_14,7Networks_RH_SomMot_15,7Networks_RH_SomMot_16,7Networks_RH_SomMot_17,7Networks_RH_SomMot_18,7Networks_RH_SomMot_19,7Networks_RH_SomMot_20,7Networks_RH_SomMot_21,7Networks_RH_SomMot_22,7Networks_RH_SomMot_23,7Networks_RH_SomMot_24,7Networks_RH_SomMot_25,7Networks_RH_SomMot_26,7Networks_RH_SomMot_27,7Networks_RH_SomMot_28,7Networks_RH_SomMot_29,7Networks_RH_SomMot_30,7Networks_RH_SomMot_31,7Networks_RH_SomMot_32,7Networks_RH_SomMot_33,7Networks_RH_SomMot_34,7Networks_RH_SomMot_35,7Networks_RH_SomMot_36,7Networks_RH_SomMot_37,7Networks_RH_SomMot_38,7Networks_RH_SomMot_39,7Networks_RH_SomMot_40,C3 GM left dorsal horn,C3 GM left intermediate zone,C3 GM left ventral horn,C3 GM right dorsal horn,C3 GM right intermediate zone,C3 GM right ventral horn,C3 WM ascending,C3 WM descending,C4 GM left dorsal horn,C4 GM left intermediate zone,C4 GM left ventral horn,C4 GM right dorsal horn,C4 GM right intermediate zone,C4 GM right ventral horn,C4 WM ascending,C4 WM descending,C5 GM left dorsal horn,C5 GM left intermediate zone,C5 GM left ventral horn,C5 GM right dorsal horn,C5 GM right intermediate zone,C5 GM right ventral horn,C5 WM ascending,C5 WM descending,C6 GM left dorsal horn,C6 GM left intermediate zone,C6 GM left ventral horn,C6 GM right dorsal horn,C6 GM right intermediate zone,C6 GM right ventral horn,C6 WM ascending,C6 WM descending,C7 GM left dorsal horn,C7 GM left intermediate zone,C7 GM left ventral horn,C7 GM right dorsal horn,C7 GM right intermediate zone,C7 GM right ventral horn,C7 WM ascending,C7 WM descending,C8 GM left dorsal horn,C8 GM left intermediate zone,C8 GM left ventral horn,C8 GM right dorsal horn,C8 GM right intermediate zone,C8 GM right ventral horn,C8 WM ascending,C8 WM descending
7Networks_LH_SomMot_8,1.0,0.58019884530029,0.6026472900371157,0.5327570363624645,0.13126506922047554,0.17821151836967483,0.18756022914270123,0.36176700531983136,0.3365073089974726,0.44554357586450977,0.5241627359689325,0.36080562275476447,0.03895856426457404,0.45662143097264185,0.25473003579846726,0.6069004443120093,0.4820413658825372,0.5646083013289475,0.40158498729683073,0.40352656265027054,0.34506843693082984,0.5395525317021072,0.09295252441196311,0.3478745385519951,0.6781773570774889,0.6008195594270322,0.45976737517727256,0.6764755364658173,0.6529025599922323,0.44519753212266056,0.7332027108780823,0.5515346587991972,0.5775450644733798,0.6373286671564723,0.5649007194725554,0.4909972833212732,0.08489775964452731,0.3874315462000862,0.4548055502794047,0.49440368204830504,0.3280008157521906,0.48212969260410876,0.5592988991840451,0.5114669774251525,0.432367973681418,0.4671646261384181,0.42771762236570215,0.48684222211066724,0.35511857917933204,0.5251984475656977,0.32433274826726455,0.5052937114652337,0.15393378005022276,0.6957512481736501,0.5645444653848185,0.5713661046469333,0.4627030757520839,0.09381063264874961,0.5568397669272924,0.38988230102475097,0.09661950915611744,0.5054936825899977,-0.1189267655393043,-0.08930558312337598,0.0033273228951397134,-0.11991468007104424,-0.14730013769104713,-0.07584068600116498,-0.14711177598613326,-0.07841902088574855,-0.02841103637883947,-0.033930701754383445,0.04267768971232084,-0.16730914383314271,-0.12367358290813854,-0.062099649790555454,-0.0009399554242093887,0.02024298851898122,-0.013252748079645715,-0.03595254711471232,-0.006126458630416897,-0.010155744753075232,-0.043068290320315804,0.030556160851666604,0.0637895673574857,0.0030684497418550873,0.01801727474502494,0.028015464502996534,0.08860781205692637,-0.019257224219024816,-0.05520213039964654,0.010294567244115167,0.07046156057737207,0.06912362070592967,-0.04149157469763153,0.002291878308133239,-0.022931037254034357,0.0018745617305081098,0.05109089228353294,0.03594250425948031,0.039196948467944734,0.06524542392477804,-0.00640681490063697,0.06611472468955235,0.04537220640355751,0.08106245261971275,0.08365631982410315,0.1288319790124355,0.10637100693188992,0.13021629018004313
7Networks_LH_SomMot_9,0.58019884530029,1.0,0.7056146008838743,0.742733417856544,0.6169773010341932,0.5735184505671987,0.6121078435945395,0.692592107720361,0.662931217521129,0.7013495397560703,0.6330882589494118,0.6817941207043927,0.38355343139847525,0.6472149676345063,0.5270747878857637,0.5768025852428277,0.5684047189162414,0.6458585902388985,0.6269081822394369,0.6044613139363751,0.5951661396811816,0.6543508128780087,0.44027805658873337,0.6073497688157111,0.5114522548641689,0.5836958573063744,0.5807767024263161,0.6094926978482362,0.5871755720808501,0.46745373668813234,0.4855923711419902,0.6617141620671061,0.44118977996114467,0.6487359249738566,0.7064987525421881,0.5928700671478196,0.5007878204208189,0.6945019280826752,0.6247986190000416,0.7325786911431934,0.6224098743894058,0.54799367708152,0.6865831693253941,0.5910040216977087,0.6022955682941553,0.6376041150306369,0.648946154392736,0.6750346862097912,0.6319539066485442,0.669783502051591,0.6201974700410176,0.6046832156788248,0.5215532712235689,0.6073995359986203,0.6785372697376707,0.682133690233405,0.5719100664307532,0.45827273854800976,0.5433886611534473,0.5699529901874331,0.41376390977477,0.5366948303828283,-0.03074744712559082,-0.042492820607207625,0.02495574992920701,-0.07587699008282026,-0.16631046401050786,-0.1466389485622517,-0.07787878812715048,-0.0768451174281955,-0.07416052394923268,-0.02444506091140833,0.024028147111000663,-0.1114342842691134,-0.0877291942366435,-0.054541354698441256,0.008111728802329785,-0.023165417414484576,0.01826378132431501,-0.04583700306914533,-0.019549373782674653,0.042000662282640815,-0.01845526344518326,0.04733506082887118,0.07429753518155705,0.006943239352628796,-0.03199614145474066,-0.050420473898871214,-0.016590442676548085,-0.009603327145847535,-0.054361695189946366,0.010243601660299795,0.020448490318894157,-0.007616554834593261,-0.12212640308412233,-0.0471965408796376,-0.09019014846694516,-0.05278996163578154,0.005828776702891942,0.015640015249295675,0.011956472422953838,0.017467689174373965,0.017089847230659233,-0.009995325429064235,0.01550180391482001,0.04253429600613897,-0.0029934807759212437,0.04726634408792893,-0.00202817844830737,-0.03160993897846583
7Networks_LH_SomMot_10,0.6026472900371157,0.7056146008838743,1.0,0.8031927038133357,0.5706360913759287,0.5361028225485112,0.6151265246053786,0.7530663054612415,0.6543399777206607,0.7435244226519525,0.6793456513343685,0.6870539114355563,0.39945623704391475,0.8009213975249398,0.6244188180042144,0.695512335267713,0.7367371573479555,0.713972013116577,0.7452511479676165,0.7565491174866534,0.7125270366568008,0.8098765843927349,0.5492074669241792,0.7027206457651063,0.6485243972430957,0.7377396331504197,0.7434476558270681,0.7521887190237467,0.7489043333328786,0.6095095336004269,0.5875072295469865,0.6810823809585448,0.5603393966478593,0.7023322991890297,0.8268986256729948,0.5376207571427825,0.4601895553021745,0.6923895313910042,0.6600000947900458,0.737427721347376,0.7056077668183395,0.6204245520567772,0.742326885442863,0.6048784889158005,0.755530534423352,0.7145460655096211,0.7592961297292871,0.7976725359287399,0.7286164024213241,0.8079615685961395,0.7240445083627718,0.71380552985718,0.6049806541665973,0.7248492363401435,0.812440574466737,0.8075260119264009,0.6427632151095084,0.4702856633476829,0.6746752179105654,0.6934681698970255,0.4982108541801803,0.6244913877493914,-0.007310177105035425,-0.04817849899328501,0.0007796801369479308,-0.02494491995210219,-0.13426115537426037,-0.11516480336437558,-0.09595222519359348,-0.08281997522934749,-0.011317210005739316,0.024362212323071543,0.06384592716179208,-0.03033102430113872,-0.0101802641428423,0.020836743687628778,0.056206574792859045,0.04926955324860546,0.023113004574758574,-0.04313436228081408,-0.01716384730258154,0.021130360287403123,-0.027597026076005837,0.05436338121045203,0.07064834850452824,0.015518113359675014,-0.003853685890655009,-0.008156780568765185,-0.006863706636735409,0.07596157739832507,0.025683621539808774,0.10449454488952008,0.0767633140882898,0.07082933989287987,-0.08020652823940032,-0.08570763133946771,-0.07208761135992107,-0.027477650471377048,-0.016157537138004857,-0.022771241510441152,0.007690597463893134,-0.020885822202338998,0.009956781597179902,-0.02213596056787966,-0.018878781279352597,0.0762199780301431,0.04480672926482793,0.08914989720936481,0.03218946222799304,-0.024138903327705973
7Networks_LH_SomMot_11,0.5327570363624645,0.742733417856544,0.8031927038133357,1.0,0.638660432434877,0.7005378796126713,0.7218488352955073,0.8275346353665494,0.5711252939393595,0.7327614516682281,0.6357588639311365,0.6964367723513363,0.4434362209314368,0.798260721965904,0.5796010225451024,0.6229764379992754,0.6555698421554934,0.6369859022521799,0.7103602825081985,0.7336190590045597,0.6417781114858941,0.7999741151646519,0.565406665356237,0.6367370374904089,0.598710093448466,0.6612287748875271,0.701135080365505,0.6646096816823149,0.7208309940063327,0.5592833044584811,0.470590000559179,0.7126050242722357,0.47628105705777846,0.6632661243539715,0.8007030163201592,0.65227575137161,0.5477222665764359,0.793632586593675,0.7414189146827871,0.7592720281794196,0.7498022375687231,0.6093374741784621,0.7736952757934844,0.5673404106910239,0.7268317569296961,0.6614787077300616,0.7010215404674343,0.7689168954948199,0.7035626473793938,0.7765790378220659,0.6865501326576762,0.6286795751573248,0.5944962918440624,0.6619061628900531,0.7477576702267136,0.7399937672831528,0.5676481538684209,0.4323271520989812,0.672879185470993,0.6210878471225182,0.4717208763957055,0.5634761662851635,-0.052841300606950296,-0.06995184514292177,-0.030312632499636113,-0.035598225727424354,-0.1557477196985732,-0.13053118837523883,-0.1345714077971959,-0.128241725274913,-0.0392490615423718,0.021066022375893428,0.056149832321725934,-0.08891863542051726,-0.04277995897991667,0.000483968059937734,0.02677973440079275,0.03269928086380705,-0.014954907159138827,-0.040934511646062835,-0.0065569794058187745,-0.0226681233291263,-0.02993613075499365,0.01755793083362868,0.049364941213473575,0.012923015985064474,-0.02583892554139963,-0.02789119552246782,0.0040282372016841785,0.0799376808793355,0.005231951388143155,0.0851510939933029,0.06462662871818561,0.03071536862125746,-0.07676912363886802,-0.07054416401357043,-0.07378374300121977,0.010245683000307017,0.03132320845703637,0.02627523127966189,0.0025008792488754664,0.019096824361843186,0.05937249611417667,-0.003395620181535335,0.03203348467370865,0.12979877055108555,0.04462991007704107,0.10282488900370203,0.023121681225797795,-0.006192584152433421
7Networks_LH_SomMot_12,0.13126506922047554,0.6169773010341932,0.5706360913759287,0.638660432434877,1.0,0.7410500248010792,0.8026558357731581,0.7668188159709611,0.6290253824545078,0.6500677733029359,0.4108652486871267,0.6641761334634844,0.452049408403321,0.612554086966608,0.5192287949768971,0.3376428925546038,0.4425639458059876,0.4541375384181001,0.6144116719685362,0.6334367705565223,0.5446823519143392,0.535479699890591,0.605679739220348,0.5205335762007237,0.2185009147344535,0.3738516705096866,0.4965560812378673,0.38135082564293565,0.3488302383460319,0.2817237237646423,0.13429479131874494,0.4038358748034434,0.1331963187613768,0.3756879857688286,0.4989199921169547,0.4260971509597909,0.6688474819168281,0.7422694234169931,0.6065214761011946,0.6673964797337564,0.6742773291018371,0.32001038950442456,0.5184191699077919,0.3941739484250558,0.572736279681989,0.47424537571201647,0.6478667876378711,0.5987751938068172,0.5956997993319201,0.5763762077137079,0.5993539349219815,0.4061485816023093,0.6963669239396691,0.34208728285428835,0.540780564684036,0.5684367584137123,0.4794124403540458,0.5742296653210807,0.3155740180316457,0.4664562674357129,0.42260749648120227,0.3632408615572304,0.05673932095883473,-0.013908835959540173,-0.0029614728367149423,0.00019415703585494968,-0.09018614823523119,-0.11887463139053862,-0.05442957930921989,-0.06340838498268406,-0.08458816592630851,-0.024337084807051393,-0.040287116912386206,-0.035287795796375296,-0.011892225780604643,0.0020884171995344254,-0.05394780535553777,-0.037721775388931345,-0.004411968301215049,-0.08267876511766095,-0.07101938498681183,0.013081631448675274,-0.04108272272478463,0.0018529183957261052,-0.0025806221427207812,-0.03631391016633289,-0.04585399896134393,-0.0736980558714644,-0.07636207357820508,0.042442895157769195,-0.00011276323067825585,0.04255856655769486,-0.0013142365208196878,-0.04311383362556456,-0.07932184580316165,-0.08932357992776968,-0.06104400939537305,-0.07762176653554319,-0.07916870186040102,-0.07121427545719732,-0.06032031844013554,-0.06973989941858583,0.021110239383145487,-0.049696803598674635,-0.02393715412712138,0.017543832799119714,-0.03486651455165167,-0.011552333974565118,-0.0685890213035365,-0.14306231350743864
7Networks_LH_SomMot_13,0.17821151836967483,0.5735184505671987,0.5361028225485112,0.7005378796126713,0.7410500248010792,1.0,0.8489992979150762,0.7990169764621456,0.5520756149554413,0.6668978979908147,0.4788695368008118,0.6454024971671446,0.5587966463342677,0.6624178469030498,0.5401068921160376,0.39700138136877505,0.47147499399989884,0.4064194568883387,0.6182934875334785,0.6180500346429717,0.5749847101604817,0.596629395705711,0.5718776750998891,0.5317037960045524,0.31927370903588304,0.4192015056767089,0.5196636175428305,0.38442803729475816,0.43778752279477867,0.3535186042536711,0.12335969873319716,0.5151751847518592,0.08669865751924438,0.43207497192542477,0.5132836015483271,0.513396697788939,0.6035166062490619,0.8428202355952926,0.5652917826150824,0.6689035101156542,0.635623183864373,0.41423185264280016,0.633810869644506,0.42268891269891457,0.613809091790589,0.4895334335972409,0.6357164495030441,0.6314805860415714,0.6532720798582499,0.621157083302321,0.6305121855986412,0.43397702366856145,0.5977609788194898,0.39526456279099914,0.5345889612868632,0.5387959235116488,0.4309823139784955,0.441633968361445,0.43958181628025156,0.4819797489987856,0.46330132915490624,0.38587879251261964,0.03826121590507541,-0.005008046438390956,-0.011667671350407118,-0.03142694841380335,-0.09596579449328588,-0.12552581910836733,-0.02782536709599837,-0.05855501994192261,0.0014347338417620866,0.07214778174887297,0.07765870138330593,0.006176473263396924,0.03590606276187194,0.05427552364244982,0.0666220560584176,0.0645496445067822,0.03303791145785841,-0.00253460515790753,0.0015982660359290196,0.018979702330919838,-0.003915368231424971,0.019973829257455267,0.033527820416659714,0.027735823108756403,-0.004317088167661875,0.01473111203199245,0.0020389184036355423,0.1399312965209533,0.09233955061064258,0.14407046243962643,0.10826985760066518,0.05686582353854148,-0.04213947174449578,-0.07965376911214474,-0.09091259977024246,-0.014061917204804503,-0.02717864192427639,-0.018371629632578598,0.044336362974458934,-0.04749581343372294,0.08915537789647457,0.018665281118486737,0.007659898879252811,0.07750055093927515,0.005419148542856847,0.014834008462209823,0.01734768424737332,-0.07837798134148388
7Networks_LH_SomMot_14,0.18756022914270123,0.6121078435945395,0.6151265246053786,0.7218488352955073,0.8026558357731581,0.8489992979150762,1.0,0.8507742017600354,0.6721839856287048,0.7765746350523975,0.5153393663048398,0.7505933262812632,0.5691652580056831,0.723021796180209,0.6507866785917608,0.4464860846129502,0.5665462434980169,0.515498326656695,0.6988756300592803,0.6926573829647256,0.6710827848954825,0.677623542687563,0.6560242296923737,0.6516308163435762,0.3564965086115803,0.5063831987567122,0.6218115323674581,0.4574602977638834,0.47625696381152655,0.44909780146073297,0.151721836445386,0.5155927880310094,0.16154572584779475,0.474892126556296,0.5763866913674698,0.5053396124847652,0.6321484395548205,0.861733891967977,0.6207161268603686,0.7711938411572431,0.7214719374379374,0.45736995710642264,0.6849473724557048,0.4574443182273212,0.6790357919133628,0.5724935845223298,0.6838671031033895,0.7061604361765728,0.7139768937120008,0.6697945752647878,0.7373395450060451,0.5306686851233093,0.6710566584374515,0.4351135070841699,0.6324772306953792,0.610257871509375,0.43332258707264576,0.5083624897715747,0.48285725543845676,0.5955334334433754,0.578760329807256,0.3966000584160722,0.0718552441147191,0.009853933926907015,0.01759829226695384,0.0021986989743863327,-0.08721837860747639,-0.10029554154391042,-0.02712203038381048,-0.04076601040482975,-0.037549853662026615,0.0135045580173968,0.017839902284939868,-0.048765861019533334,-0.021215415994642186,-0.01278350145656802,-0.002939172981528488,-0.014048526800448788,0.023976976881890568,0.00525195528659223,-0.006298296904991513,0.074311567829461,0.05338169640999842,0.06102741250310618,0.08083269718446821,0.05961442720470952,-0.015704084228241908,-0.01786914193779713,-0.022557621254206288,0.15016257170775804,0.09336437740699538,0.14577548173403324,0.0979588877036405,0.05342010345954059,-0.07200160051637212,-0.11380636611178194,-0.11279848239615294,-0.025355383457027723,-0.0457218351285628,-0.017713411581059997,0.0008333567786472358,-0.054197924651903324,0.03446618216450612,-0.022284966118286554,-0.03315539687771619,0.11175964347294444,0.005995697564273635,0.036249928739438525,0.002245126613182401,-0.11500913795661794
7Networks_LH_SomMot_15,0.36176700531983136,0.692592107720361,0.7530663054612415,0.8275346353665494,0.7668188159709611,0.7990169764621456,0.8507742017600354,1.0,0.6638302184658069,0.8583248034481085,0.6604081765338721,0.8263176896935469,0.6263079404163077,0.8912323909596901,0.7299052115981034,0.6102884231865462,0.6957652999891363,0.65072272219925,0.8343743282468056,0.8138786427665592,0.7753042220570782,0.8381987397567352,0.7354006872754741,0.7464576747026499,0.5511568846102647,0.6759215838399019,0.7608600333065471,0.649249263273681,0.6887086902062186,0.5933222521685668,0.33789857579178567,0.606618426930812,0.3265227493870769,0.6047160944766642,0.7236033732180729,0.5772890957500911,0.6708535730113283,0.8689937006596675,0.7577216860326912,0.801719715329331,0.8541145226269259,0.571581754134734,0.8201804432087763,0.5789825344448832,0.8176494300696394,0.6986514522147997,0.8154652357149044,0.8465828866184405,0.8031831489460757,0.8163737034954387,0.814618053429704,0.6650086945727977,0.7346021285259641,0.6235093907967973,0.7777247590210166,0.7695040397008358,0.5398907528349999,0.5091425561831847,0.6569819652111125,0.6994241087913715,0.6047614715605709,0.5377733143246416,0.0498730814241656,-0.009397917327971702,0.01331273179382991,0.04283232429957337,-0.08515638428278663,-0.10506786147724614,-0.033132968762265,-0.05561674929441716,-0.07595770911332021,-0.008797651398494168,0.010119637991318608,-0.04986062329042481,-0.019470026234679926,0.01857454953619414,0.01752547669806805,0.01228226739008089,0.06745501001052026,0.005154644201845218,0.025390496335844927,0.03302814159714039,0.005464692661638849,0.048255160034282214,0.0973788260674995,0.04407167799457436,0.014042277228484312,0.000430700701171322,-0.000960294441807509,0.10284780558754611,0.04961270400049681,0.11224901183193452,0.09449343309279583,0.05311760033356801,-0.0796181592156935,-0.08518252797576807,-0.09156427182873922,-0.025249320124789594,-0.028269987942895727,-0.02650355742506509,0.004862933645886366,-0.03841129978272968,0.06689076703793854,-0.023781611959836156,-0.01863113268942715,0.08709321798869309,0.028431073145653473,0.05926512868040824,0.0059484781407911184,-0.09158543253168051
7Networks_LH_SomMot_16,0.3365073089974726,0.662931217521129,0.6543399777206607,0.5711252939393595,0.6290253824545078,0.5520756149554413,0.6721839856287048,0.6638302184658069,1.0,0.7850475875996268,0.5563947795149995,0.7208728310731097,0.4582061679645367,0.6211442748521925,0.5880266251879646,0.5179353063887557,0.5885823460641291,0.6120980670984083,0.629940806596223,0.6153710437787125,0.663686529427429,0.5901270917413287,0.4701109207373974,0.6323677324643802,0.39128313002433535,0.5137205480427586,0.5718609188799063,0.5213663509978462,0.4753374317213376,0.3957806334163541,0.2808509478668069,0.4826219747665814,0.29249455369855987,0.48816303497842345,0.5252115281397762,0.3715839412993549,0.4740444558645796,0.620080346667158,0.4741266912957462,0.7858161467240175,0.5689187574631324,0.423978001492544,0.5976247629594216,0.588316762939577,0.5846870538509107,0.5856016069305542,0.6546076590560056,0.62604306738037,0.6387740618200013,0.6062163487671942,0.6221615860444989,0.5822660955274662,0.555287349283931,0.5082808641626605,0.6348424732728751,0.6379087480115725,0.5800155786594027,0.5806213141485386,0.41119541217911004,0.571930641654492,0.4325784231535975,0.48411772602782455,0.06470557009504425,0.043642549185633636,0.06584761245360919,-0.00421078930939724,-0.044357039021455935,-0.05033752368042619,-0.009897814044469017,-0.013939854465752721,-0.11062198079473404,-0.02752006863489971,-0.028046052380339827,-0.02917036203525565,-0.010669489456097685,-0.027980244475046084,-0.01998151393987126,-0.03985957114342927,-0.007042453726546884,-0.06499855516571439,-0.02840588072838087,0.06152568382247831,-0.02590871560182184,0.022249132793859268,0.0493441914090945,-0.006208408010343852,-0.007759761983756234,-0.015939688055937748,0.005169224925689101,0.011531944036491716,-0.0326254985762151,0.002859766877613486,0.019928683947983875,0.02392118655432713,-0.10631396315296367,-0.09534434220921724,-0.09315174887250785,-0.07642155305046715,-0.03800018330913173,-0.02230801475164493,-0.025966846440718217,-0.045540861733107355,-0.045643696600026706,-0.11607214940711298,-0.12668147725842635,-0.028737720780106918,-0.07701586332037097,-0.056235493265008464,-0.1302234247720548,-0.20387966425509937
7Networks_LH_SomMot_17,0.44554357586450977,0.7013495397560703,0.7435244226519525,0.7327614516682281,0.6500677733029359,0.6668978979908147,0.7765746350523975,0.8583248034481085,0.7850475875996268,1.0,0.6991664331027821,0.8655737577098682,0.638321599060914,0.8454533739412396,0.7784396033174017,0.6635713423560369,0.7486464352960291,0.6913462767376438,0.8292450307931362,0.7449207103554544,0.8225764670456697,0.8101056831431724,0.6492285444068318,0.7902001562112048,0.6005489833006742,0.7172593850167959,0.7837421662789266,0.703896573270917,0.6957300441615016,0.6375763209164262,0.3860715325743651,0.6240303648069512,0.37117950360389124,0.6330117792079074,0.6921347487718867,0.5231994844430768,0.6012670386483406,0.8007565133393979,0.6312248045313968,0.8598127988214105,0.7670512047829383,0.5821080172389994,0.8292327940944596,0.6626819008074389,0.7643142963919374,0.7232061978754347,0.8027551507758269,0.8386572137899299,0.8001781147939603,0.7889120191043689,0.8217325509612313,0.7320564030259968,0.6681176554294674,0.6630999701820998,0.8000359098931251,0.7861868047063517,0.5552795678794454,0.5236593184952574,0.6425878122722866,0.745399745466664,0.6202446916787441,0.5775750284184785,0.024042874831375002,-0.02836000931529593,-0.00022246082071660571,-0.0012351942904920248,-0.09244345750038536,-0.08522170310263122,-0.029273162346485408,-0.03850626884965982,-0.07275688333691015,-0.013833850010175676,-0.0024401069962879172,-0.0650909612893379,-0.04495522867114023,-0.017595708452255613,0.037148023775788866,-0.007898384632863232,0.0809442976387382,0.02435189361891046,0.051845369337129764,0.08443053006211801,0.041605726385358976,0.10634471444734613,0.15502887636463625,0.09480596561319908,0.041847596997869406,0.02534655051669862,0.038147577975358574,0.09528298716161605,0.04171461275846792,0.09695227145496133,0.10068113648438468,0.08314600626469863,-0.0691985895092029,-0.06499197945064834,-0.10188287235358386,-0.01702755474080443,0.007496176827523943,0.0036436438564349492,0.026813530588237027,-0.025888590221546083,0.01820171719744138,-0.05066471651679723,-0.05774462199086467,0.06596707682491441,0.00561012853591365,0.04565958169445795,-0.012617995281730654,-0.10285540140487788
7Networks_LH_SomMot_18,0.5241627359689325,0.6330882589494118,0.6793456513343685,0.6357588639311365,0.4108652486871267,0.4788695368008118,0.5153393663048398,0.6604081765338721,0.5563947795149995,0.6991664331027821,1.0,0.7393273976245014,0.5493741709385842,0.7481424697199713,0.6980871184881086,0.8174878665670151,0.8084613709144797,0.8125652525569327,0.777381795880869,0.6476800099638998,0.7445057660995563,0.7837986142276198,0.5906979658417022,0.7780299406111556,0.7521415701198623,0.8136754359663804,0.7871087384183677,0.7619461137413303,0.756457322368218,0.7409810390799147,0.4853376661456284,0.6969061700031174,0.4538218294322995,0.636244437251438,0.7007289050203764,0.50462060867994,0.3764283086256731,0.6310893503198693,0.5479758654432262,0.6780947367907645,0.5866315425716155,0.761983170439894,0.7757239119008456,0.6901127410311518,0.626445312039642,0.8159474779615253,0.6037883869038364,0.7362628967126158,0.6476835939109991,0.6915588106405822,0.7440817793721884,0.8566172378601798,0.4180145053944033,0.7548831698472831,0.7778036570853802,0.7324300243596605,0.5127538778187446,0.35422429976555503,0.7132503891573142,0.7624570660872675,0.5938392049750071,0.6664846305038117,-0.02358763499404661,-0.020417383204521453,0.028694263775975316,0.015279478941734329,-0.09573567747359764,-0.09488988225636524,-0.0819041098053623,-0.05587206020023131,-0.04363805453207958,0.04123254766327289,0.0811588783246947,-0.07125642650340495,-0.046069965662508,-0.017958626489205137,0.03339956149316799,0.06106576356922754,0.10104038622460566,0.073951601799756,0.11375551920177275,0.08249778819424901,0.06341034861607794,0.1262870228559986,0.16764284021859352,0.13303755294500325,0.04933777704638454,0.052879197181289896,0.06078826934790582,0.11412904994649443,0.05404927000882989,0.10981932771428234,0.13301867679857343,0.09767630065178133,-0.05708930398778832,0.008310289504001781,-0.03524725891125501,0.047070867908915945,0.07555451561501732,0.06811913831189399,0.07393981489942585,0.06336198075064066,0.052550476374398566,0.030432863671821478,-0.0012585131657566106,0.08122036506696227,0.07829336217758218,0.08253676585675326,0.048347633398980995,-0.01605448970777569
7Networks_LH_SomMot_19,0.36080562275476447,0.6817941207043927,0.6870539114355563,0.6964367723513363,0.6641761334634844,0.6454024971671446,0.7505933262812632,0.8263176896935469,0.7208728310731097,0.8655737577098682,0.7393273976245014,1.0,0.6995054113042212,0.8063314103305672,0.8162367644544823,0.6541616464566248,0.75177453925468,0.7372661998206174,0.8573728921624694,0.7391236164542775,0.842433864563882,0.788482405975723,0.7210776153404912,0.826509911015194,0.5694473425674241,0.7085483489627183,0.7836319258607968,0.6611047738967368,0.6349508011841534,0.6338388608020408,0.31711169842219517,0.6012682731552041,0.34464367009490676,0.5734311703795408,0.661891876582845,0.526587051207112,0.5973702917480075,0.774190778218588,0.636025226300546,0.8016748309122068,0.7241322891510701,0.5817733597517041,0.7836390637754221,0.6952049919009917,0.7012446887619291,0.7531112038933592,0.741743907020727,0.7969451023531791,0.7824924759967232,0.7323466641636163,0.842216459133144,0.7541883874325168,0.6472940740618041,0.6198326749470721,0.7833806890515307,0.7605625148995359,0.5381296999032855,0.5629458717927601,0.6074593996596269,0.7660862006518437,0.6727576901888155,0.5736798767877049,0.035723480101182245,0.008145819964327342,0.03894919037909658,0.011576566121790005,-0.08361286459337967,-0.0795967417339348,-0.030691441363501767,-0.022387746418916058,-0.06502731247755021,0.012826953250630014,0.01756104902608465,-0.009461366417017973,0.0051197462098899055,0.040420779404891076,0.06527737834950705,0.027762096042051185,0.1151701093608965,0.0639164609044544,0.06847622116648529,0.1119389438135014,0.08241105283307974,0.1391775609216143,0.165105667858292,0.12227888912877678,0.030671884287198803,-0.005665855602728343,0.007033491744788564,0.12895331432076895,0.04362695633126893,0.11029940945197342,0.09802220898080159,0.05494976882136237,-0.09224399572027743,-0.08997607895569458,-0.09347469984568481,-0.0016145613467478137,0.013261801179989536,0.030708114390390694,0.045069529192977235,-0.001464373029802555,0.0099062147032372,-0.048696724199984484,-0.07200373777555344,0.07074010493207361,0.05143554154653377,0.08389568488237108,-0.006450353508619197,-0.10408754964406851
7Networks_LH_SomMot_20,0.03895856426457404,0.38355343139847525,0.39945623704391475,0.4434362209314368,0.452049408403321,0.5587966463342677,0.5691652580056831,0.6263079404163077,0.4582061679645367,0.638321599060914,0.5493741709385842,0.6995054113042212,1.0,0.6518083176525266,0.7721750304525193,0.39921328911929976,0.5259376617168241,0.3757826834974282,0.6977188482831937,0.4726974348064477,0.698893651325283,0.5555661783372335,0.7116756541643339,0.6779597554632689,0.31748236303120647,0.46764758152411323,0.5923388997941089,0.319850243774867,0.38696892404613087,0.5742772264043109,0.03742713777979012,0.367591946491194,0.09639824301508221,0.2712169952902979,0.39629675421313537,0.2537059212834574,0.5072271847326326,0.5477283522384205,0.36951951758363955,0.4599101797375515,0.5888033948999548,0.501315014402951,0.5760607109783886,0.3755370435675048,0.48347680080955585,0.5508743199649032,0.47235429039575094,0.5492656414303194,0.5784310909086673,0.4251528571314258,0.6761794880151847,0.5430084863174183,0.44483009120120437,0.2640478808699407,0.44539529866970146,0.3720901891164926,0.1619077859270379,0.33727495156602416,0.44552986416623896,0.6174350320634365,0.7456125733974641,0.3177436428706303,0.08745801253394486,-0.008138612836868333,-0.01768347834008198,0.028379583763642545,-0.08091194876518175,-0.1313150715832951,0.01609474809258356,-0.06529415471669278,-0.0838791649880863,-0.026701281990009543,-0.030557467526967978,0.0015547801281093866,-0.010297119045790625,0.02606323919106438,0.03808120930571919,-0.016759320258727915,0.22158101219125356,0.20901248454749335,0.2006580950280649,0.19263653817327905,0.17970815877991836,0.16724432317258,0.2563505341495134,0.19996540403272237,0.08225921008450826,0.0477015976509774,0.016549538667040335,0.13057957425860112,0.0906379016914502,0.10159768658324717,0.1011707982366398,0.05200505551328237,-0.004263913863715427,0.023299005451667347,-0.01138655740362765,0.04339558218267045,0.08846847298806375,0.053240210272921654,0.07906888780476339,0.05120540908626509,0.1788023971975262,0.06077124758143583,0.032093784834308345,0.057678778148730604,0.020191171579239057,0.03972013633233516,0.049063107267457017,-0.05368929173489255
7Networks_LH_SomMot_21,0.45662143097264185,0.6472149676345063,0.8009213975249398,0.798260721965904,0.612554086966608,0.6624178469030498,0.723021796180209,0.8912323909596901,0.6211442748521925,0.8454533739412396,0.7481424697199713,0.8063314103305672,0.6518083176525266,1.0,0.7894768692149655,0.718257129938705,0.793070818949782,0.7153692104111466,0.9077477126036998,0.8350699295199455,0.8297170873367061,0.9281773830644108,0.7274448065681685,0.799920465978536,0.7000315285067484,0.7969946315541528,0.8601413217025262,0.7787621979296917,0.829102891326157,0.7322070460075192,0.4498742339146208,0.656512223965038,0.412832588013301,0.6600176377903807,0.7709518908709033,0.5435465875195437,0.5617650053889803,0.7945715165127502,0.7077017714384181,0.7542239971434834,0.8305994100574431,0.6498510341928082,0.8709540402833216,0.6261912854684659,0.8756131464036092,0.7577295686991475,0.8351233908911819,0.9038665749918102,0.8208621839916516,0.8753514333027828,0.8444085846164647,0.7674628359104547,0.702322045678661,0.7347044654282082,0.8596285850276819,0.8292825417708093,0.5445005705247654,0.4542751075817879,0.7764567145283761,0.7704587374310947,0.6442334439099279,0.6328917835450892,0.04474198225331397,0.004888534590198117,0.044620979667012305,0.06604310191872176,-0.07062529554224818,-0.07525903255488661,-0.0341229718880046,-0.03384470989569921,-0.04103396983278515,0.03292571353566648,0.07210495506453507,-0.05744460998531869,-0.02326265793074662,0.023472590309102044,0.06154930537032194,0.06761726665557757,0.11576937079049143,0.07184794923381702,0.09584749447776994,0.04761262001161944,0.04422032922682578,0.09013174434440498,0.14651569834037872,0.10865247035128414,0.05450303565631207,0.04760931445633481,0.04582291410042475,0.14450613591768285,0.08911625008847936,0.14804044883780837,0.1302643189881953,0.10056411826533863,-0.07408705383116802,-0.07637598258539154,-0.09827198213395096,-0.021990222540929468,-0.013672925436452361,-0.04096291893013869,-0.00254383413413458,-0.05912591351261672,0.12650966438342467,0.0224935921552247,0.013629280086734634,0.08485227962156291,0.02610796081617867,0.03494148706722025,0.0453084441760502,-0.06938722583261345
7Networks_LH_SomMot_22,0.25473003579846726,0.5270747878857637,0.6244188180042144,0.5796010225451024,0.5192287949768971,0.5401068921160376,0.6507866785917608,0.7299052115981034,0.5880266251879646,0.7784396033174017,0.6980871184881086,0.8162367644544823,0.7721750304525193,0.7894768692149655,1.0,0.6072707046628399,0.7212214946434318,0.62184609854446,0.8496665005038209,0.6583902917606705,0.8570420773364377,0.7436055780889009,0.7209929066499116,0.8129850360238788,0.526918455666076,0.67024829537495,0.7780683123186142,0.6042374114686666,0.5971472323794923,0.6730598104226198,0.25597983410895575,0.5431652717066342,0.289819006441975,0.4945550449461554,0.567322894536579,0.38495877616800706,0.5044888875219652,0.662597119580297,0.4997684476129924,0.6708089676895752,0.655719484374576,0.5579467370519599,0.7044250806891396,0.5576530067289857,0.6558558884644641,0.6987488899810538,0.6673892570423391,0.7340238401267545,0.7136460763033527,0.6431202112987852,0.8243895111904087,0.7235547020333236,0.5702114326431417,0.5184393322564206,0.7021157710270584,0.6564805039736301,0.40790560997526615,0.4403324633235777,0.5513738088258356,0.7498138799515282,0.7085738248883133,0.49859187444492525,0.06039657894412118,0.001914629331616502,0.013510889556358006,0.07076184027811387,-0.0687587678737762,-0.0782120334749873,-0.00436286210310675,-0.03767338498559184,0.010267867711543737,0.057089080678609086,0.06763571689080977,0.017978773068521175,0.01456047837049169,0.03424645425635047,0.12295195084731826,0.050265789184484634,0.13939694000773933,0.11168496650697822,0.1224483035486941,0.14094167813815306,0.11439207582753651,0.1416179481018528,0.1896240447859899,0.16225943677876606,0.03700886169111005,-0.005863094175283609,-0.002348657676734581,0.11083773140216001,0.04334580492220106,0.10686951708457124,0.09532486940183288,0.058817261226192505,-0.044001978474538635,-0.048405564735705314,-0.08951805604881122,-0.007676397781985078,0.022460425581367946,0.00930393249667379,0.027538903802398925,-0.026175076185244922,0.10817958090679267,0.01839652110786653,-0.02023565622824802,0.07307249141287105,0.03834069311625102,0.053429127584401964,0.04359612873199326,-0.07744525769140896
7Networks_LH_SomMot_23,0.6069004443120093,0.5768025852428277,0.695512335267713,0.6229764379992754,0.3376428925546038,0.39700138136877505,0.4464860846129502,0.6102884231865462,0.5179353063887557,0.6635713423560369,0.8174878665670151,0.6541616464566248,0.39921328911929976,0.718257129938705,0.6072707046628399,1.0,0.8421301619729785,0.7965910586953254,0.7052152546995784,0.6681551230416256,0.7046351351738954,0.7867441014188825,0.49699975685543535,0.7340933191089475,0.8480767643147555,0.8553733499407831,0.7851458631888564,0.8316818289267275,0.8148351838767977,0.7565248109104633,0.5781313411929259,0.6779445647567078,0.5044316066295685,0.6580300100064987,0.6814662141484272,0.48427038864635547,0.31971493748185364,0.572497730097556,0.5056916106691898,0.6427589833737184,0.5446010369821255,0.7036721056087708,0.727485866875703,0.6825723038023201,0.6272929264490763,0.7545218924846768,0.5889082847894329,0.7180414134682953,0.6268646032378778,0.7081216391221076,0.7049000351207887,0.8287276242329183,0.381647378562019,0.8408737876259255,0.7957532508749897,0.7532093168975359,0.5733753953885536,0.31824240678738563,0.759526126070231,0.7594390185904761,0.5059743635150006,0.7436636056736211,-0.02257078334329444,-0.0006514910658820604,0.06730835661698886,-0.01821930875147829,-0.0761516457972431,-0.03694890405576998,-0.07447203588742017,-0.020251877363534846,0.009855590294339826,0.06731914562470175,0.1045808840635609,-0.06555173197527568,-0.017267680518833074,0.0039560167356509504,0.04607173890611935,0.06789881262703215,0.07006280964304325,0.05627403454229458,0.08223204258434275,0.04183295765449701,0.05168544249527852,0.11629332546914305,0.14389481884975192,0.12850477373892308,0.0014700575221802685,0.016857386754211147,0.017346269278157283,0.10556654895802675,0.0755529648182457,0.1280309973286431,0.12675649887980148,0.0789790780570192,-0.036762613980762825,-0.03136317732165279,-0.08748779312521764,-0.03304429432265186,-0.004080721606067627,-0.021814315385018945,0.015309136587609724,-0.04751815995698552,0.021611239811947396,0.026992326578047884,-0.021076436108342297,0.10579909276666086,0.1106197541799792,0.13383383478347027,0.10691034336251322,0.04046463797979683
7Networks_LH_SomMot_24,0.4820413658825372,0.5684047189162414,0.7367371573479555,0.6555698421554934,0.4425639458059876,0.47147499399989884,0.5665462434980169,0.6957652999891363,0.5885823460641291,0.7486464352960291,0.8084613709144797,0.75177453925468,0.5259376617168241,0.793070818949782,0.7212214946434318,0.8421301619729785,1.0,0.8268890745176676,0.7907273958219853,0.7144391699117634,0.7981306899963944,0.8260251318663595,0.6133121452211231,0.8282085021599163,0.7677871259189297,0.8745426870879479,0.8343209858598427,0.8154666222768332,0.7902997158629426,0.7853576777062558,0.4962515363157651,0.6460196500629862,0.47731513878820303,0.6450388311975884,0.7015447033475143,0.46640678715784417,0.4156380170925577,0.6430250663764097,0.5394312036656482,0.6952515290730071,0.6261681612487129,0.6978262772014476,0.7486393458582353,0.6345260173468802,0.6887967234638208,0.816818583272285,0.6558322483483924,0.77312720817491,0.7192448097598694,0.7370360626942992,0.8019012292888723,0.8954487781537438,0.5051157150777645,0.7959783631764006,0.8352009559024264,0.7965048558670955,0.5900698997162095,0.4567620795402687,0.7346978996544136,0.8524245869453575,0.6499302762194925,0.7241741975139513,0.03095132474454984,0.00975220492375085,0.0560740233512072,-0.015837740414651066,-0.08855026652917597,-0.06300709899641961,-0.05007908874929915,-0.01865717815989464,-0.020899920900631457,0.03669606358330702,0.07513756459702138,-0.051548516763348345,-0.020527630141753874,0.02197954570287093,0.05697489745655951,0.08913252914981028,0.06325047930443156,0.03903204213841218,0.050996736756470214,0.07697578431113893,0.06989474268411568,0.1395979711484042,0.14473227778075445,0.12484712348209455,-0.0004519797823115953,-0.012137105913791281,-0.022419528224585265,0.1349181046596875,0.07452142256442273,0.13239314872618796,0.1059910648014606,0.04648655735309982,-0.04294843624673159,-0.04977946728094588,-0.058852119966737754,0.02289971527745894,0.029346148975253835,0.021028576224072882,0.032400000884199594,-0.011436936784294778,0.0424632158359739,-0.003888495162001498,-0.026948179272166976,0.09102595223446053,0.06372630586868935,0.08987636681911965,0.05392814036869388,-0.034174397739737954
7Networks_LH_SomMot_25,0.5646083013289475,0.6458585902388985,0.713972013116577,0.6369859022521799,0.4541375384181001,0.4064194568883387,0.515498326656695,0.65072272219925,0.6120980670984083,0.6913462767376438,0.8125652525569327,0.7372661998206174,0.3757826834974282,0.7153692104111466,0.62184609854446,0.7965910586953254,0.8268890745176676,1.0,0.7348328151942268,0.713849242284282,0.7147808793120618,0.7823968276727805,0.5656383627909097,0.7597806063361472,0.7933240156143883,0.8670786962898689,0.8077718100019705,0.8389604889935768,0.7763629201410449,0.7261928380654065,0.5572742171298705,0.6689661706178834,0.5264796169484893,0.7102979286700701,0.717116570479723,0.5563475364860325,0.40335335478281736,0.6165328511310716,0.6178522923237102,0.7308443479135934,0.5514848421379477,0.6650947597117217,0.7503200257099415,0.7487497768834666,0.6421402368587609,0.8244403443792951,0.6333020418157508,0.7485809300170464,0.6336270356760716,0.7192984252140181,0.7116552182555891,0.8545656058356911,0.4739812797269448,0.8418892272909747,0.8452029862723092,0.8138480804218132,0.6289598307089818,0.4939460139043018,0.7194420351768279,0.8004952322030473,0.5373129091471694,0.7438083352418758,0.07658374981845022,0.07687904498893881,0.15328884933243908,0.02010685300790971,-0.050538032736658994,-0.001931510638365529,-0.010638385038111616,0.059096916012072995,-0.021233202141439922,0.04730042781576742,0.08706088158969938,-0.03698875645642325,-0.02663623571863879,-0.0003454632974249086,0.052350953045853126,0.06809166139484935,0.09167251538830841,0.05072592613191675,0.08212226975853029,0.0695512894237968,0.04894637415631451,0.1254995989397634,0.14580855844603502,0.12191558886442254,0.020319620970504052,0.012513175434604248,0.012280425209065896,0.1016437394899915,0.05577521147689891,0.12453331458053657,0.11094104589955199,0.08909865170472137,-0.03918817693705892,-0.025011996723320943,-0.025946963680804378,-0.005885516917278248,0.007775327530592017,0.032026500872555395,0.026850810877189463,0.029774512434151273,-0.005106487633060389,-0.047593245219203925,-0.06134842341906134,0.10186984847924588,0.07813832809853585,0.10271825920726695,0.03381644740514816,-0.042998244830299785
7Networks_LH_SomMot_26,0.40158498729683073,0.6269081822394369,0.7452511479676165,0.7103602825081985,0.6144116719685362,0.6182934875334785,0.6988756300592803,0.8343743282468056,0.629940806596223,0.8292450307931362,0.777381795880869,0.8573728921624694,0.6977188482831937,0.9077477126036998,0.8496665005038209,0.7052152546995784,0.7907273958219853,0.7348328151942268,1.0,0.7608345129116288,0.8762735428243804,0.8667437557278678,0.7620929362709193,0.8356595333910979,0.6728186941560629,0.7819814940781753,0.8879678336215732,0.7567501381786643,0.7580609885732025,0.7149166090935972,0.406951090369621,0.6412122828252593,0.37462834029184927,0.618296715520421,0.6991393083567528,0.520010885360763,0.548713815947514,0.7683443577891073,0.6529935864810329,0.7518024337162889,0.74270012209047,0.6288179944969503,0.8306304569322114,0.6526918509870078,0.7629994534278902,0.7547202180867615,0.7780449866048068,0.8641457567068235,0.7760801005182306,0.7872282323836007,0.8493841976056227,0.7782020251578828,0.6780199980642141,0.6758252572836458,0.8313420955606806,0.8126284351222738,0.5122053244720427,0.5071478395337616,0.6768885229769833,0.7782305184322458,0.6676044862407339,0.6069728522366992,0.0790973197533798,0.04169170707134386,0.07695841580347666,0.07556200208468684,-0.04572551039653233,-0.0506211757551505,-0.0057085529281579155,-0.013276486139608626,-0.01922450361740467,0.06999787104575048,0.10181252462424119,-0.031338352075358684,0.002013007263640002,0.03883869436277299,0.08626841566562432,0.07626394059971017,0.1443507587558446,0.09931472402654502,0.10993400078119663,0.08101624828841116,0.08103718372209527,0.11804169477600854,0.17575004451789158,0.13790114662909994,0.07040032610970973,0.04058510092733368,0.03672300320090364,0.16778405399967383,0.10406380337571795,0.17242021937059474,0.14749402662320987,0.11622960742292633,-0.07304412022795487,-0.07781513907780345,-0.08668604642837029,-0.019449439802356264,-0.007298828988389156,-0.010614257247273592,0.008520007602891613,-0.03039831523981408,0.11577663603463684,0.004940974693057567,-0.003152424631960527,0.06328164092000278,0.014616111813808874,0.028559470913110407,0.031371804165832705,-0.0759031029430294
7Networks_LH_SomMot_27,0.40352656265027054,0.6044613139363751,0.7565491174866534,0.7336190590045597,0.6334367705565223,0.6180500346429717,0.6926573829647256,0.8138786427665592,0.6153710437787125,0.7449207103554544,0.6476800099638998,0.7391236164542775,0.4726974348064477,0.8350699295199455,0.6583902917606705,0.6681551230416256,0.7144391699117634,0.713849242284282,0.7608345129116288,1.0,0.7246692646759131,0.8589923552640921,0.6939972025270943,0.7210888368920145,0.6333146564932675,0.7284967430281373,0.7601458036384396,0.7273133692193616,0.7437050554411659,0.5965886717796228,0.42772278385114276,0.575747855081446,0.3726635227724853,0.6064916702582509,0.7082416049440515,0.5127506644422806,0.5720167380493167,0.7440927402813879,0.7017654816322318,0.7195985820901412,0.7706048028906373,0.5758692050273028,0.7611868439110768,0.6477300686125254,0.8537665613753292,0.6926737913397393,0.8042950296595393,0.8199844702145569,0.8037560203075487,0.8749951813216799,0.7769217039360597,0.687647730096359,0.7243700042918187,0.71834624185428,0.8076597483284371,0.8017461416088931,0.6607754871058696,0.5435191198954258,0.7247334763660703,0.7070472056238808,0.5412376415495147,0.6524860668206712,0.01324948078392286,-0.001770485003046304,0.04448656997767236,0.04587610751964063,-0.07003658910368368,-0.05235460256102602,-0.03409371234520477,-0.014244699145602552,-0.02963295620936172,0.021453822857345,0.046979366705747816,-0.035554604672463755,-0.016566052522251906,0.008754849997886123,0.025324705958431164,0.02764886492441047,0.07140823611873837,0.018029529411027496,0.05094619086340513,-0.00910406183597747,-0.02762601233853335,0.025060235706092678,0.08210214726292309,0.0505678729120183,0.040988777674284146,0.041754653349124475,0.05238800903562993,0.09661288558877437,0.04631023236075722,0.11529006280149764,0.10337842434605186,0.08149219822325948,-0.0580412386215854,-0.10799231563792284,-0.08589109132509573,-0.10608782112676687,-0.09428013969476341,-0.0926037122631655,-0.05852876553996883,-0.09772432707423152,0.049167956883567586,-0.018223801445416847,-0.028561704521889008,0.10390813828910343,0.05345647427366748,0.06239976273546282,0.06181979390644966,-0.08363075051317531
7Networks_LH_SomMot_28,0.34506843693082984,0.5951661396811816,0.7125270366568008,0.6417781114858941,0.5446823519143392,0.5749847101604817,0.6710827848954825,0.7753042220570782,0.663686529427429,0.8225764670456697,0.7445057660995563,0.842433864563882,0.698893651325283,0.8297170873367061,0.8570420773364377,0.7046351351738954,0.7981306899963944,0.7147808793120618,0.8762735428243804,0.7246692646759131,1.0,0.8254436371054512,0.7127007797391172,0.8632542661117564,0.6398644363220698,0.7598870553947128,0.8350395494149798,0.7273683776019119,0.7002847631777781,0.71509178271186,0.33448232944432765,0.5901958039995286,0.3379818887042984,0.5513985740272214,0.6489812700289134,0.42944224433864964,0.5269448214341766,0.7079320212308066,0.549840795722545,0.7433277443966226,0.6962259904422761,0.6257578814030071,0.7624305675457868,0.6314799479311695,0.719924908343904,0.7667162398269505,0.7427124031616723,0.8088708602997438,0.7879226461524853,0.7410148031702388,0.8739358096958183,0.7830279897186733,0.6192518034009238,0.6476930823063186,0.8028698075464145,0.7768206659954981,0.5452238053461698,0.5304772793701794,0.6457893156812803,0.8091322985935987,0.7107880976733688,0.6375352486297187,0.04287848841600123,0.009064998259895755,0.03902118600835032,0.04217258059528154,-0.08106524714327708,-0.1042762119504806,-0.02472964843651157,-0.05013148950741744,0.009950130872668564,0.06145050217261102,0.07227758063360397,0.0006731249677283855,0.016959568880198672,0.04791942858494474,0.10958050140940227,0.05528825561632551,0.13491645744886122,0.10835771864432622,0.11453603840103081,0.11006761065616495,0.10753306145766005,0.1334549106981881,0.18248492136992123,0.15992917495552988,0.04554007792476024,0.05358780037627409,0.026318852394265315,0.14982411330088583,0.12891756288994544,0.1645313351121946,0.1384600009905995,0.11231483055393869,-0.06217209367520186,-0.05101875611018989,-0.09344274930997434,-0.027531505085347137,0.00863440538227125,-0.0013536486797186154,0.012378782125165121,-0.030785131812489454,0.06980835833555803,-0.0032605986825534204,-0.05368156543478186,0.06288439032179828,0.03886454264005058,0.04781530965178551,-0.007997197359978359,-0.10306601912043467
7Networks_LH_SomMot_29,0.5395525317021072,0.6543508128780087,0.8098765843927349,0.7999741151646519,0.535479699890591,0.596629395705711,0.677623542687563,0.8381987397567352,0.5901270917413287,0.8101056831431724,0.7837986142276198,0.788482405975723,0.5555661783372335,0.9281773830644108,0.7436055780889009,0.7867441014188825,0.8260251318663595,0.7823968276727805,0.8667437557278678,0.8589923552640921,0.8254436371054512,1.0,0.6955650948620663,0.8141826801479717,0.7982541111031223,0.8643142874706438,0.8883448818060682,0.8502799901804529,0.8987432829152631,0.7870359053416727,0.5268552850692565,0.6802245631796168,0.46051681568634184,0.6814783943753815,0.7863977058646703,0.5749328132363613,0.5099661959621088,0.7636197363635111,0.710623773488505,0.7597339480366415,0.7987861398031906,0.7065777908773629,0.8883065563806065,0.6777455409174102,0.8485546528401255,0.7936038669139968,0.7962257288199055,0.9061325331360196,0.8233519062209881,0.8974297046474775,0.8481693127762846,0.8130822873987607,0.6442921527305169,0.8170097243792929,0.8978489670953408,0.8556098058279089,0.5830200218022659,0.4299933948800007,0.8532550109010781,0.8059289116647878,0.6421310312538667,0.6973750931445691,0.023799472362531663,0.020471041956826048,0.08000449382383118,0.06293592729303256,-0.05192492729168854,-0.03996380060621316,-0.032640366266816496,-0.011149400631858437,0.007623322945829557,0.06468926955493257,0.09907592253323476,-0.07122244348288917,-0.03196762984922555,0.00480987114986012,0.07803976676433763,0.06448066962514962,0.09796514143661784,0.06992924677829258,0.09301390539376969,0.045120229486879986,0.0502894023584279,0.1010521835225661,0.14993378465853688,0.12653208445144112,0.04648450667093481,0.055607582196416455,0.06446098364333191,0.15409449977652995,0.09534042240075724,0.15936775521198682,0.15456697856092053,0.12137778417846132,-0.03134230571427793,-0.05465515479260213,-0.06275465197155955,-0.0321658130766966,-0.016562389127308806,-0.03882246409687154,0.019177595635838394,-0.03630103777768206,0.12415534113877251,0.03060117615258455,0.02978152895458479,0.10711726447771984,0.055981871748887815,0.07664939381115012,0.08916414161943784,-0.027357808641880563
7Networks_LH_SomMot_30,0.09295252441196311,0.44027805658873337,0.5492074669241792,0.565406665356237,0.605679739220348,0.5718776750998891,0.6560242296923737,0.7354006872754741,0.4701109207373974,0.6492285444068318,0.5906979658417022,0.7210776153404912,0.7116756541643339,0.7274448065681685,0.7209929066499116,0.49699975685543535,0.6133121452211231,0.5656383627909097,0.7620929362709193,0.6939972025270943,0.7127007797391172,0.6955650948620663,1.0,0.750169344018872,0.4327328861733678,0.6143148064809141,0.7446013405987296,0.4756425391249121,0.5009887812896807,0.6505773535435145,0.1677112232593435,0.42048844473509994,0.18879342474753286,0.4046291079281881,0.5447593859457013,0.38234052504015054,0.6071937451168441,0.6341373013817039,0.6043860960736147,0.5592614925897775,0.704756115322736,0.5050068614071708,0.6543648498227059,0.48198593727514477,0.6229245296321593,0.6387172835192968,0.6096103523830169,0.6963612116228962,0.6705892179823226,0.5986703046583646,0.7613682202775882,0.6373445045093493,0.646003485132069,0.43842629700698327,0.6054058335762867,0.5434279653469077,0.2846353671632654,0.4865956292384385,0.5703597730913285,0.7442818565826622,0.7962153028450324,0.4151779164791966,0.14611843712731504,0.08772308805010114,0.0890145846748788,0.15124532611356906,0.026425009619466887,-0.0055960368060470845,0.06862708662287588,0.017766482434385347,-0.018187299219176705,0.06036608065052652,0.0608928683195818,0.022312783872003965,0.035437969709873854,0.04934159738976522,0.0636905885459346,0.037212052104537645,0.20935281810751555,0.18628346413322394,0.16668842496712927,0.16554062879889272,0.18479307942028075,0.2029206836072284,0.24133848615686718,0.20693094302557025,0.12022180921195322,0.08980477201818027,0.07678688020770195,0.23831605741830839,0.15958115316885424,0.21704357275120276,0.21583882691024706,0.1449530493939076,0.027227052140033084,-0.009495377762506082,0.05658819795040295,-0.05819740153063281,-0.050651971394350515,-0.06804879466555924,0.05280396328455982,0.009050501232987304,0.12208420586496092,-0.026532319882828413,0.007216932453886899,0.11659068311841056,0.03664368471813727,0.07702406096993876,0.049546014613021945,-0.08871625132680733
7Networks_LH_SomMot_31,0.3478745385519951,0.6073497688157111,0.7027206457651063,0.6367370374904089,0.5205335762007237,0.5317037960045524,0.6516308163435762,0.7464576747026499,0.6323677324643802,0.7902001562112048,0.7780299406111556,0.826509911015194,0.6779597554632689,0.799920465978536,0.8129850360238788,0.7340933191089475,0.8282085021599163,0.7597806063361472,0.8356595333910979,0.7210888368920145,0.8632542661117564,0.8141826801479717,0.750169344018872,1.0,0.6401819398285903,0.8069429422437513,0.8532871509368524,0.7285152313252367,0.6895755417765745,0.8198608998049062,0.36087171266484763,0.5830858059445357,0.39138486328780514,0.5669385672935696,0.6671013653943515,0.46729163267147344,0.5392504641863434,0.6810541110354379,0.5658432518728465,0.7274990264686303,0.681654493554039,0.6547844754774826,0.7538030847980118,0.6472791651789607,0.6728343350308021,0.7952682586654685,0.6662095027567743,0.7745530959068629,0.7379478949943699,0.7013224490776293,0.8641099863716574,0.8265377910657563,0.5557566363556831,0.6423721359645107,0.8045850686673979,0.7214690165289728,0.48147053987769145,0.466381719828821,0.6868031787165543,0.8792331525571382,0.8160090591377995,0.6259547462498224,0.0834957733707874,0.06391889683335951,0.0912169373409855,0.07018882534947886,-0.029784648110578463,-0.030773748427747456,0.021408902141271103,0.006299469034708736,-0.03895214045882259,0.012214713629878679,0.023986842582722552,-0.04490613771006959,-0.04044879021407642,-0.027787923435805377,0.02855815625784809,0.006213372378467221,0.11267150342271752,0.07659957805356833,0.08480236671560824,0.10718002271096784,0.0906526520331815,0.1502974430979803,0.165403505805799,0.14792123739748395,0.02818927452778381,0.028026441530375333,0.021006880975753258,0.17218375497471786,0.11404295001893125,0.16998374294497245,0.1424960825513934,0.1108400943067805,-0.031182037651231124,-0.011108361400352505,-0.04448548909227784,-0.010544605729065655,0.030565511253479873,0.012987377607373854,0.06646079029740502,0.015519646419430013,0.09046943053423318,0.03206835993238615,0.010106817325146063,0.10466701631732568,0.0714255230363704,0.09009102388906018,0.07118392649060414,-0.027211364143903356
7Networks_LH_SomMot_32,0.6781773570774889,0.5114522548641689,0.6485243972430957,0.598710093448466,0.2185009147344535,0.31927370903588304,0.3564965086115803,0.5511568846102647,0.39128313002433535,0.6005489833006742,0.7521415701198623,0.5694473425674241,0.31748236303120647,0.7000315285067484,0.526918455666076,0.8480767643147555,0.7677871259189297,0.7933240156143883,0.6728186941560629,0.6333146564932675,0.6398644363220698,0.7982541111031223,0.4327328861733678,0.6401819398285903,1.0,0.9063037555444952,0.794289802064268,0.882755266670425,0.8960580574348331,0.8025676227978716,0.6521252747527752,0.6666943726146728,0.5303249147485173,0.7171010157222346,0.6568874788373337,0.5508553113178054,0.2571029547773978,0.5317882560240754,0.514378635067944,0.5866185104323848,0.47994630231401003,0.67940352610093,0.7676714734984672,0.6548311500484899,0.6091798244804045,0.7073493928231346,0.5648419229228103,0.729981968966419,0.5673878115289619,0.7103765741422106,0.6412285582784556,0.7764633450242284,0.31115924441186243,0.9043148198469444,0.7879139740648576,0.7475812398153082,0.5011608039253872,0.20924394062509644,0.8448093272088801,0.7224136888499938,0.44976383254537344,0.7419104285064566,-0.008123206652914269,0.026897153349463597,0.1238440284932768,0.00034796198290653756,-0.045816300330914016,0.01884245743168249,-0.023689880210558532,0.03811463459285434,0.004693735191761563,0.04646669286610948,0.12045455488538746,-0.09597694109673298,-0.05354327234301,-0.006193725334658926,0.07515845862577665,0.08243629052539582,0.13341208251298978,0.11026569294969485,0.14031168827394597,0.04267978489646648,0.0623296766659012,0.12420803049478306,0.1732830915221779,0.16255057065751183,0.08663990186668538,0.10858598414129671,0.11552095155420268,0.1562197742157456,0.12561470163248942,0.189955735015763,0.1839479224352427,0.16277066338105287,0.025965113769255154,-0.003185118824186852,-0.014954263437401402,0.00936286985343619,0.029386033166759497,0.004075412618251495,0.04906735752872261,-0.0003572140844895349,0.08277655411641414,0.05942041313926979,0.04510814519432085,0.15070277463580387,0.11668367900410358,0.15715940282927987,0.15734439827959742,0.10151573016784339
7Networks_LH_SomMot_33,0.6008195594270322,0.5836958573063744,0.7377396331504197,0.6612287748875271,0.3738516705096866,0.4192015056767089,0.5063831987567122,0.6759215838399019,0.5137205480427586,0.7172593850167959,0.8136754359663804,0.7085483489627183,0.46764758152411323,0.7969946315541528,0.67024829537495,0.8553733499407831,0.8745426870879479,0.8670786962898689,0.7819814940781753,0.7284967430281373,0.7598870553947128,0.8643142874706438,0.6143148064809141,0.8069429422437513,0.9063037555444952,1.0,0.890941972548893,0.8875308004336488,0.8763574937515153,0.8923220082215563,0.6137047652162256,0.6827031754039513,0.535250905587923,0.7244700900191503,0.7363821326680324,0.5567207915232362,0.4030463075530911,0.6259837526746768,0.614562603312129,0.6762702658553982,0.614713130439572,0.7198665602079528,0.8194336488767701,0.6862033025303077,0.7029025668415023,0.81314874192995,0.6484987698395704,0.8103436157270804,0.6778356954444728,0.7616701758841685,0.7823067756296161,0.8819226699740871,0.44347822923952407,0.8846517175181975,0.8665967914960682,0.7992584682222317,0.5233838422391472,0.3488606681877115,0.8556740112182396,0.8799964672236233,0.6585209752242472,0.756143513655177,0.06548799633155157,0.0705563955304663,0.1466943573970688,0.02768114967191349,-0.026607919440122627,0.015828955436262816,0.009506015614112826,0.05518538536354223,-0.004493968268752815,0.04011550467704839,0.11032855015326667,-0.08426824993043226,-0.0602039089683158,-0.015542433947568013,0.06429156448341641,0.0784222993315542,0.16038251809873502,0.1195560363670876,0.1341157261638071,0.09880119849739524,0.10465035173030937,0.1794661950912579,0.21716399325073216,0.18950194414949295,0.0952450223508569,0.09826833214167618,0.09714344849103938,0.19782046776429532,0.14377007917057516,0.21382295354793446,0.21297053410912134,0.16550566563270064,0.006005924954269207,-0.02092948833096158,-0.01808930966266813,0.013335983426623687,0.027787657659849883,0.012608769803252314,0.062246762368482034,0.009960055457149525,0.07635920386638657,0.03335367661689455,0.028195002655012937,0.1333052901860404,0.09315529457545797,0.13646122241530526,0.12024488961180352,0.04925745465620784
7Networks_LH_SomMot_34,0.45976737517727256,0.5807767024263161,0.7434476558270681,0.701135080365505,0.4965560812378673,0.5196636175428305,0.6218115323674581,0.7608600333065471,0.5718609188799063,0.7837421662789266,0.7871087384183677,0.7836319258607968,0.5923388997941089,0.8601413217025262,0.7780683123186142,0.7851458631888564,0.8343209858598427,0.8077718100019705,0.8879678336215732,0.7601458036384396,0.8350395494149798,0.8883448818060682,0.7446013405987296,0.8532871509368524,0.794289802064268,0.890941972548893,1.0,0.8238735091088414,0.8309730475980288,0.8379079600347465,0.4840217563382167,0.6797082452840202,0.4578758780422692,0.6649312565649356,0.7414853922687734,0.5622547461403965,0.496304976549904,0.7019336456622,0.6485657143203899,0.7209626758862097,0.7012702654449656,0.6730190975798092,0.8336769341317882,0.6803061963589175,0.7239692854211586,0.7947744223110035,0.6997521595370262,0.8545603075226609,0.7129151846255215,0.7649124051706028,0.8260122056876922,0.8381609967161249,0.5741624071759069,0.7734562642164272,0.8576381486388347,0.8001701074668573,0.49479999999430174,0.4614326689609753,0.7870963101267358,0.8668147035866147,0.7096804497900987,0.6726488614223293,0.11780331477560217,0.0956663543157333,0.14908386373325072,0.12153701119663064,0.022272267349876397,0.03877095246070307,0.058795306289340314,0.07141601239044688,0.0013006201688952254,0.06420526910075412,0.11902798144303546,-0.07348741409777682,-0.05048149695993853,-0.01882990911329994,0.0826658245612519,0.0662463959585644,0.1372850906458728,0.09965971429150039,0.1108211113200158,0.0781313337672127,0.08893824019434682,0.14415599219658767,0.18241121419268932,0.15805374969227245,0.08535586009373605,0.07624670379149598,0.08391140730594854,0.20709410815897095,0.1408782457880914,0.22657728577270544,0.21016230737566177,0.16710930728678078,0.0023245299586542524,-0.050104604018310066,-0.03187474239432642,-0.024989855473703266,-0.007189598284255916,-0.02705259678289267,0.023619959746657364,-0.024682662733898606,0.10931861922137204,0.017712590629661594,0.03244123466869949,0.09787959992041934,0.0683062485221575,0.1011074303158375,0.07706834672807056,0.006556517151784725
7Networks_LH_SomMot_35,0.6764755364658173,0.6094926978482362,0.7521887190237467,0.6646096816823149,0.38135082564293565,0.38442803729475816,0.4574602977638834,0.649249263273681,0.5213663509978462,0.703896573270917,0.7619461137413303,0.6611047738967368,0.319850243774867,0.7787621979296917,0.6042374114686666,0.8316818289267275,0.8154666222768332,0.8389604889935768,0.7567501381786643,0.7273133692193616,0.7273683776019119,0.8502799901804529,0.4756425391249121,0.7285152313252367,0.882755266670425,0.8875308004336488,0.8238735091088414,1.0,0.9041456160921669,0.7677660489828492,0.6426283018318995,0.6815203578848891,0.5446822446821918,0.7386754974151771,0.7120370940189782,0.5648674658678926,0.35791296009675994,0.617708205352458,0.5969507194206719,0.7010384044359871,0.5627457953760143,0.6406299460279953,0.7779422527836527,0.6880120428539539,0.703622218469143,0.7372111773078,0.7026056142973266,0.7977849374623527,0.6411069756937569,0.8019647136603932,0.7040935921737728,0.7937437207861043,0.480265075367424,0.8934839110241539,0.8925474021740661,0.8812073738936891,0.6418344770828167,0.3598430123608832,0.7763372328270145,0.7320941856658704,0.4464196130202321,0.809364836632203,-0.0072350354473724315,0.006282918032643631,0.087004125708967,0.03494035544008191,-0.051789657471755526,-0.006637718123933853,-0.046631140224271964,0.008768499500936524,0.010080701757542622,0.050212897011609414,0.1039266717535505,-0.06595918455377059,-0.02436763636667512,0.015688654714592038,0.072420779988879,0.08908533035334859,0.0747084421810216,0.035836868072512414,0.05817022570620964,0.01403705657673978,0.022318196088665906,0.08888104581018737,0.10842189518297429,0.10327710741953884,0.04831745432941682,0.05339663007390534,0.06570552318103567,0.10314273056078546,0.06820929659383528,0.12571552748584336,0.1287128904966082,0.11017497928575337,-0.023064237802864117,-0.03882188030719985,-0.049391822678993405,-0.052847645289698514,-0.01786875891172036,-0.036715489308131205,-0.0065769269109839275,-0.04103597436332393,0.07254460413904855,0.050359105031290645,0.028385490348909897,0.06210026791955391,0.06155753398110925,0.07606860933693814,0.08629470087288542,0.01732282321916931
7Networks_LH_SomMot_36,0.6529025599922323,0.5871755720808501,0.7489043333328786,0.7208309940063327,0.3488302383460319,0.43778752279477867,0.47625696381152655,0.6887086902062186,0.4753374317213376,0.6957300441615016,0.756457322368218,0.6349508011841534,0.38696892404613087,0.829102891326157,0.5971472323794923,0.8148351838767977,0.7902997158629426,0.7763629201410449,0.7580609885732025,0.7437050554411659,0.7002847631777781,0.8987432829152631,0.5009887812896807,0.6895755417765745,0.8960580574348331,0.8763574937515153,0.8309730475980288,0.9041456160921669,1.0,0.7774953146056763,0.6273177515020824,0.672222580999923,0.5250442500943334,0.7247422959949034,0.7429328611429653,0.5626040911730805,0.37058635149023933,0.6346277163532773,0.621176247203736,0.6744875057015499,0.6506642685442208,0.6816026292271002,0.830459701975283,0.6604370755532377,0.7436152713593361,0.7246498378674171,0.6813991974209398,0.8202049410631199,0.6733025983798941,0.8254942582156443,0.6980388735877472,0.7733157925469136,0.471670098794578,0.8900013130130272,0.8632895284944537,0.8315754482058175,0.5870221361497364,0.2951335641807417,0.8696364732499247,0.7208927699600284,0.47138483934548886,0.7584051379600718,-0.00456881275006599,0.005243101774135311,0.07884481833440977,0.042188443818814376,-0.0482998256268918,-0.013478132422852509,-0.035851707344713206,0.0027705468700783544,0.014645014646828575,0.06002409456685779,0.12356516667327615,-0.1071525921986506,-0.054088519744843466,-0.003792090882099365,0.0791225860755332,0.09084616499647982,0.0834122556259113,0.04915948735432193,0.09389597581615951,-0.010517288075296111,0.0029213113067571655,0.06841151782516391,0.11486266769261085,0.10296219394055876,0.05224784103706898,0.05353277850233933,0.07265147218059022,0.11865117327372973,0.06831431955452008,0.14010497627424598,0.13981366013684873,0.11119999825266567,-0.034819854450116504,-0.05291948553511984,-0.08338420756344542,-0.02606826122770845,-0.0003157917632016946,-0.034088316187756464,0.0031704542531920945,-0.05089540058222319,0.11659704975726538,0.05211245251970104,0.03918263292410872,0.09644274706477532,0.07560729495314378,0.08748639396870034,0.11019643954547365,0.023903328221087126
7Networks_LH_SomMot_37,0.44519753212266056,0.46745373668813234,0.6095095336004269,0.5592833044584811,0.2817237237646423,0.3535186042536711,0.44909780146073297,0.5933222521685668,0.3957806334163541,0.6375763209164262,0.7409810390799147,0.6338388608020408,0.5742772264043109,0.7322070460075192,0.6730598104226198,0.7565248109104633,0.7853576777062558,0.7261928380654065,0.7149166090935972,0.5965886717796228,0.71509178271186,0.7870359053416727,0.6505773535435145,0.8198608998049062,0.8025676227978716,0.8923220082215563,0.8379079600347465,0.7677660489828492,0.7774953146056763,1.0,0.48412132729416124,0.590978825843893,0.4475033825314259,0.5958672312296265,0.6371069572910683,0.4531021237241083,0.3757305948505535,0.5276337904101991,0.5114091675204195,0.5476338283706054,0.5789172824927226,0.6906925422314404,0.745758364509285,0.5485405826532082,0.601506879587664,0.7438826636645793,0.5113371669502438,0.7172553569226506,0.5790869329401745,0.6190429518735352,0.751076841563816,0.8122568295339241,0.33257918941496095,0.7194862359007818,0.7525176701078387,0.6284334802804935,0.30355676275717924,0.19381799855514362,0.8169116806575886,0.8617083479661619,0.7900971117228133,0.6402049253133171,0.0717289918218089,0.07311628047214386,0.13340923052123277,0.07652718959996159,0.011220180908794126,0.02081859094885074,0.05123627470058033,0.050320599546360596,-0.015205297712879597,0.02566461401029804,0.08950054621054881,-0.07282285051653811,-0.0532176164353243,-0.013994517559237524,0.06730053865281832,0.0694874464613051,0.18839094133331305,0.17027750645606626,0.16996791793492116,0.1631537475895531,0.1721623049282858,0.22661086721236118,0.2539335395225101,0.2400366965116295,0.12625384868239384,0.1263596492210508,0.12007343898408498,0.252651474435181,0.19586609359485474,0.24498591593744903,0.25891258251003113,0.1944139886414063,0.06557149176473852,0.051896200802593176,0.032428979070686086,0.03705473331601061,0.07120635680597939,0.025790008832435166,0.12481581725869713,0.05492542091953051,0.16271581353722397,0.1014479147993148,0.08925115414883787,0.12722460801229857,0.10262239968777986,0.1323871888191899,0.16063116519088796,0.0879404084220392
7Networks_RH_SomMot_9,0.7332027108780823,0.4855923711419902,0.5875072295469865,0.470590000559179,0.13429479131874494,0.12335969873319716,0.151721836445386,0.33789857579178567,0.2808509478668069,0.3860715325743651,0.4853376661456284,0.31711169842219517,0.03742713777979012,0.4498742339146208,0.25597983410895575,0.5781313411929259,0.4962515363157651,0.5572742171298705,0.406951090369621,0.42772278385114276,0.33448232944432765,0.5268552850692565,0.1677112232593435,0.36087171266484763,0.6521252747527752,0.6137047652162256,0.4840217563382167,0.6426283018318995,0.6273177515020824,0.48412132729416124,1.0,0.5576661634501167,0.6189134306728302,0.6190856040518743,0.5681995537054645,0.46177177783388945,0.13999062653201044,0.3475038883877397,0.42910828522259775,0.43423988946712705,0.321611102282657,0.42368868192003745,0.5254714984564689,0.428490877260144,0.418523204320954,0.46583401424760185,0.40660141859550514,0.48523215915547446,0.3454910466869334,0.5221131118563909,0.34799574321721816,0.5058410738369508,0.16930634946717696,0.672752601081422,0.5502953499943494,0.5491472426563835,0.4213026475568245,0.13159956429507771,0.5565347156874588,0.44410134701721204,0.17822131131291535,0.4853086513796891,-0.017877638157626295,-0.008031048960251464,0.052243345430323045,-0.051922669265404446,-0.06025907076020627,-0.009716737711864393,-0.0210651463883447,0.019406929588598982,-0.03164606220969246,-0.029250827828782563,0.015713859703772887,-0.10063941982205667,-0.08683483267688592,-0.06824614226468861,-0.003225940608407756,-0.0068208803091030605,0.006111302962953061,-0.038041517679975975,-0.013951628039211503,-0.04045537451065454,-0.07783442337998701,-0.02951827639359942,0.03556351761111836,-0.027710209181124715,-0.005317499989636245,0.015075881813481662,0.04276013095472428,-0.015787902753241403,-0.02534397722996671,0.012860325137602291,0.04208950875176334,0.033975561376461266,0.00011644520451321681,0.019384953991703903,0.0037013301575305074,-0.011813655326533544,0.033922006057700294,0.023920363443872675,-0.011335054378001978,0.05472204739667249,-0.028560050964483007,-0.036305063849175465,-0.005778404023339289,0.009964832076343235,-0.02606665201109225,0.039367299099184384,0.04737589265905893,0.030674199128125954
7Networks_RH_SomMot_10,0.5515346587991972,0.6617141620671061,0.6810823809585448,0.7126050242722357,0.4038358748034434,0.5151751847518592,0.5155927880310094,0.606618426930812,0.4826219747665814,0.6240303648069512,0.6969061700031174,0.6012682731552041,0.367591946491194,0.656512223965038,0.5431652717066342,0.6779445647567078,0.6460196500629862,0.6689661706178834,0.6412122828252593,0.575747855081446,0.5901958039995286,0.6802245631796168,0.42048844473509994,0.5830858059445357,0.6666943726146728,0.6827031754039513,0.6797082452840202,0.6815203578848891,0.672222580999923,0.590978825843893,0.5576661634501167,1.0,0.49656799639801624,0.7090799252963718,0.750963201715601,0.6293243767065865,0.40965637907620034,0.6336707056445717,0.5389567805147125,0.6582596592749621,0.4938406019888639,0.657469036778849,0.7011132062296961,0.5965488906490448,0.5619612596442611,0.6658326679077827,0.5713792642095062,0.6656369254220381,0.5517212321111398,0.6546557187372471,0.6087021068469131,0.6661600871502806,0.3925903806758815,0.6850259317197495,0.6913655877292731,0.6665757747652032,0.4605448150109235,0.33226582279584466,0.6171172840480194,0.6176475904415768,0.4293743406540192,0.5897283882176387,-0.022441359992008546,-0.03775692501557145,0.014720795794381972,-0.015639182144254422,-0.11922724088788074,-0.10793828765916438,-0.0598508319667895,-0.024527096431126588,-0.018719319346660795,0.0551810220548134,0.09579600545427482,-0.09443411498225081,-0.06597243228018514,-0.03060275289799658,0.055083579590468036,0.07792496631237238,0.027352079900082645,0.012851723308435486,0.05629547195124917,0.022184143078649,0.0025098763167301272,0.053147219912087255,0.08658531943135397,0.06778826039491903,0.03129995631431071,0.04859787978150126,0.05434071594016094,0.10305362244506944,0.053588483391716214,0.11000307654660593,0.1103149526791188,0.08422289935917569,-0.08788063246672013,-0.08208151986771474,-0.10917010193331281,-0.005982661919620521,0.021944053963575173,0.009242679394646668,-0.01715480205643566,-0.0076655696500606526,0.00615076047626972,0.05339350167381961,0.029289198892193696,0.1612179282164936,0.11546925701769105,0.12220785246198689,0.11522630809434803,0.09200689943905806
7Networks_RH_SomMot_11,0.5775450644733798,0.44118977996114467,0.5603393966478593,0.47628105705777846,0.1331963187613768,0.08669865751924438,0.16154572584779475,0.3265227493870769,0.29249455369855987,0.37117950360389124,0.4538218294322995,0.34464367009490676,0.09639824301508221,0.412832588013301,0.289819006441975,0.5044316066295685,0.47731513878820303,0.5264796169484893,0.37462834029184927,0.3726635227724853,0.3379818887042984,0.46051681568634184,0.18879342474753286,0.39138486328780514,0.5303249147485173,0.535250905587923,0.4578758780422692,0.5446822446821918,0.5250442500943334,0.4475033825314259,0.6189134306728302,0.49656799639801624,1.0,0.6352929577561914,0.5926715242557049,0.5208210751359847,0.2280767776540631,0.2626508500276504,0.41129907723712633,0.4006890598945664,0.3627269780690569,0.4352793502939243,0.4311854805081544,0.3948278293871233,0.3793660074099355,0.4532735264195129,0.3618753962621235,0.4181870176079197,0.2861721932285033,0.4341555397560154,0.3404639442549628,0.5000234963356393,0.19405239649280526,0.5424420868512724,0.5022514162502064,0.4660648609894553,0.3921202002291104,0.17051259810075012,0.48123316716867465,0.4446207304733426,0.21201634962295748,0.41140547517652465,0.012563245900562485,0.008488222569013128,0.0641249936536842,-0.014788389255958415,-0.008498954667934008,0.035023605684435584,-0.006658946288062757,0.04767033086672413,0.03395178770833202,0.019146546863852684,0.06859058203520749,-0.10183484840366319,-0.08596908548862553,-0.05273535864371091,0.0468506314909056,0.026667346023264836,-0.0022803242288668164,-0.039964470448430385,-0.016186114071111868,-0.08048091273174911,-0.07293451063439114,-0.0005348946891921414,0.01616980902480191,-0.021384983676880704,-0.04508135270677981,-0.046478179687314054,-0.020468835304421885,-0.0006912444533765061,-0.028369931598884835,0.04484458002755169,0.005338991115394121,0.00587024959944201,-0.10991426059011249,-0.07589994602615417,-0.06586730044392591,-0.00542515455157516,0.025449773181984596,0.027374018989321548,-0.03725110197179276,0.030854110513435236,-0.12237616530890406,-0.05456989431597484,-0.10306175504207857,0.08454097854903188,0.09549767195157476,0.12433875289541575,0.02381486877027738,0.032305530488266336
7Networks_RH_SomMot_12,0.6373286671564723,0.6487359249738566,0.7023322991890297,0.6632661243539715,0.3756879857688286,0.43207497192542477,0.474892126556296,0.6047160944766642,0.48816303497842345,0.6330117792079074,0.636244437251438,0.5734311703795408,0.2712169952902979,0.6600176377903807,0.4945550449461554,0.6580300100064987,0.6450388311975884,0.7102979286700701,0.618296715520421,0.6064916702582509,0.5513985740272214,0.6814783943753815,0.4046291079281881,0.5669385672935696,0.7171010157222346,0.7244700900191503,0.6649312565649356,0.7386754974151771,0.7247422959949034,0.5958672312296265,0.6190856040518743,0.7090799252963718,0.6352929577561914,1.0,0.7072669656410764,0.7116391477289215,0.3932937305522412,0.6454733954514257,0.588162219826021,0.6720244804492466,0.5261174593723397,0.5469904094260916,0.7085963215065695,0.5823258579114504,0.6050649623614676,0.6171340144017418,0.6378776361557662,0.6895442701326671,0.546955648503186,0.6782806116312632,0.5929188543177538,0.6677975335897405,0.41472542776717974,0.7464162436344141,0.7103185459401613,0.7116490366835573,0.5349631425997117,0.32421257493186534,0.642216356227628,0.6157552253827152,0.3739455495234576,0.6138079691449019,0.04735831536021576,0.027146775505992125,0.0919828958620607,-0.028734925172832968,-0.05997423359057525,0.008744671575742017,0.009578656561811947,0.060168962577884455,-0.015167880742477633,0.021646358047664516,0.1038266370059355,-0.09100350450910215,-0.07308412058192577,-0.034626406626188426,0.05454211853466757,0.0705335754854555,0.05490167965617463,-0.016159016289560613,0.011604096118579607,0.015173711635712147,-0.03260167142069593,0.05937905120153316,0.07323103463388153,0.0302317756876108,0.010806381694319493,0.011021142297499115,0.02193745680383087,0.08994982617587452,0.04665985668348171,0.14498547586416163,0.0722729751450923,0.10369256964240707,-0.1328450166379006,-0.0870835090966504,-0.11069256734779429,-0.041916719260817276,-0.021711401805808033,-0.022002117090940965,0.006768057685712622,-0.03717090651403125,-0.05324141468850221,0.00281876044651686,-0.05322951225531892,0.1478135908633951,0.141719060136669,0.15741885268943814,0.08781574228811206,0.05640674797436388
7Networks_RH_SomMot_13,0.5649007194725554,0.7064987525421881,0.8268986256729948,0.8007030163201592,0.4989199921169547,0.5132836015483271,0.5763866913674698,0.7236033732180729,0.5252115281397762,0.6921347487718867,0.7007289050203764,0.661891876582845,0.39629675421313537,0.7709518908709033,0.567322894536579,0.6814662141484272,0.7015447033475143,0.717116570479723,0.6991393083567528,0.7082416049440515,0.6489812700289134,0.7863977058646703,0.5447593859457013,0.6671013653943515,0.6568874788373337,0.7363821326680324,0.7414853922687734,0.7120370940189782,0.7429328611429653,0.6371069572910683,0.5681995537054645,0.750963201715601,0.5926715242557049,0.7072669656410764,1.0,0.6106020391622841,0.5251405988225861,0.6806027543605775,0.7007095299523908,0.7024290372158454,0.72196896715541,0.6501919264242652,0.7654787969428453,0.6143840253523016,0.7448725543351487,0.728928009260745,0.6997369193895231,0.7931837220269948,0.6606997192179037,0.7683385197749428,0.6875095406596724,0.7015472027219863,0.5907868020866596,0.7266841822661833,0.7797693880301152,0.7422242999184853,0.5326406878646158,0.4255698844519304,0.7333542734805192,0.6926232363059228,0.5209319712703238,0.6073950135568772,-0.0031094831273528866,-0.057947781082912965,-0.025340910058260953,-0.018423387969927364,-0.11597039607244881,-0.10641519822540031,-0.08568051049648348,-0.09011833488349451,-0.06467228974703254,-0.010254246025542217,0.038224526092567324,-0.10211833450365489,-0.08619741801201602,-0.051076783317256805,0.006605332810810139,0.00503420119310548,0.04178228355161937,-0.025413887317234374,0.02189065271895544,-0.019675549181987908,-0.05081346259455605,0.03871453930921788,0.08164548590527251,0.03168013136715606,-0.004983472015183287,-0.03668089445788334,0.0014477635194248704,0.06906249457086198,-0.02316476392710345,0.07025341615532094,0.07221499870211529,0.03216394337921959,-0.11018889115086551,-0.0672168573446494,-0.10072175161155064,0.023164032689476866,0.05149955646108911,0.03938993537656753,0.021750025553497886,0.025753473604059822,-0.0054408711611012035,-0.01787288241808285,-0.015005649655326945,0.07864701022551158,0.07589737482089368,0.12301243941559957,0.03590476632588592,0.04547305763235957
7Networks_RH_SomMot_14,0.4909972833212732,0.5928700671478196,0.5376207571427825,0.65227575137161,0.4260971509597909,0.513396697788939,0.5053396124847652,0.5772890957500911,0.3715839412993549,0.5231994844430768,0.50462060867994,0.526587051207112,0.2537059212834574,0.5435465875195437,0.38495877616800706,0.48427038864635547,0.46640678715784417,0.5563475364860325,0.520010885360763,0.5127506644422806,0.42944224433864964,0.5749328132363613,0.38234052504015054,0.46729163267147344,0.5508553113178054,0.5567207915232362,0.5622547461403965,0.5648674658678926,0.5626040911730805,0.4531021237241083,0.46177177783388945,0.6293243767065865,0.5208210751359847,0.7116391477289215,0.6106020391622841,1.0,0.4503981692444013,0.6723807401964805,0.6262797426245541,0.6143486796272735,0.4652095869229969,0.43871796203455804,0.6079314045059426,0.4913992546591507,0.46010769854955125,0.46867925031071667,0.5041626459023305,0.5577677852977921,0.439808205666952,0.5675349959443677,0.46273698555806525,0.48334696845003344,0.365723087653385,0.5574677553274532,0.5463521880302149,0.5375878891322652,0.39653217627660375,0.2974803490402671,0.5176324989187039,0.4775854459319632,0.3042578716379055,0.449491184874163,-0.04152045865630165,-0.023003647486724427,0.04113120669829754,-0.04321530450053434,-0.07212453122097004,0.021102253263944413,-0.04997688619558134,0.02815548125878661,-0.058841042236660396,-0.0013543605571789093,0.04646299819400117,-0.08370637368953353,-0.04413208707358349,0.0194074707973766,0.041201355256007606,0.03973755132654453,0.03501310353450296,-0.013438423219845553,0.006387106208195374,0.033141765689987585,-0.01893671754754853,0.046525131359997744,0.07017110053283608,0.022908901446286708,0.0012830860919685798,-0.000705609064678169,0.042582416923056934,0.01059499232082753,-0.03833022595716479,0.05646391433383124,0.023340185875195697,0.04678390124614649,-0.09312597162690485,-0.09373024162625228,-0.0717896104695652,-0.03706894396039503,-0.05472464832783559,-0.047159265649451686,-0.01185403010114686,-0.042587531949707505,-0.07034878388754322,-0.037243781911034064,-0.05419191192176151,0.18923947282254325,0.14213847303553223,0.1715640004680586,0.057210311272323684,0.04755302203747141
7Networks_RH_SomMot_15,0.08489775964452731,0.5007878204208189,0.4601895553021745,0.5477222665764359,0.6688474819168281,0.6035166062490619,0.6321484395548205,0.6708535730113283,0.4740444558645796,0.6012670386483406,0.3764283086256731,0.5973702917480075,0.5072271847326326,0.5617650053889803,0.5044888875219652,0.31971493748185364,0.4156380170925577,0.40335335478281736,0.548713815947514,0.5720167380493167,0.5269448214341766,0.5099661959621088,0.6071937451168441,0.5392504641863434,0.2571029547773978,0.4030463075530911,0.496304976549904,0.35791296009675994,0.37058635149023933,0.3757305948505535,0.13999062653201044,0.40965637907620034,0.2280767776540631,0.3932937305522412,0.5251405988225861,0.4503981692444013,1.0,0.649521156198972,0.5689131209722372,0.5970412154847843,0.6642189783782151,0.3333104039747591,0.5466899363627183,0.44878309658340376,0.5118012802167629,0.4828839623420811,0.5833852020165355,0.5704032659402745,0.5338720428290255,0.5325672168862938,0.577376633624528,0.42173147060582405,0.665686568557587,0.32605489852452285,0.48379401179202525,0.4717651826159722,0.40025543132665264,0.5370986388388099,0.39796588085344003,0.5264633633243118,0.523423225025957,0.39561502479962557,0.029794375703356475,-0.02986581573607214,-0.034600907634619225,0.02012611206634686,-0.07739187992933853,-0.106814442719128,-0.01439405864008567,-0.08438758361691608,-0.10790845656841222,-0.06474763984843211,-0.09073365111454733,-0.06299848749241051,-0.03610875573620997,-0.009430347403258075,-0.07361958906168753,-0.07662269942991809,0.03389249255275491,-0.013669853891066891,0.024450102762915073,0.05323117568956206,-0.004073514397344212,0.05342348600342975,0.0901670515780804,0.024330946254270288,-0.03148739242826325,-0.0669096440907387,-0.0697080324542974,0.03863410260638254,-0.024625317869042332,0.0495326121987127,-0.0016265065684611388,-0.05518152112968743,-0.05986189318333056,-0.042219952994052894,-0.047337261977653956,-0.04750626257654251,-0.02802126429251195,-0.04317900147746184,-0.031320632174525784,-0.03113476648566829,0.02768349543869812,-0.07438266115963754,-0.035547754829840544,0.0609286341884317,-0.010565668724677988,0.03205291206572684,-5.522925602551382e-06,-0.08200105541147908
7Networks_RH_SomMot_16,0.3874315462000862,0.6945019280826752,0.6923895313910042,0.793632586593675,0.7422694234169931,0.8428202355952926,0.861733891967977,0.8689937006596675,0.620080346667158,0.8007565133393979,0.6310893503198693,0.774190778218588,0.5477283522384205,0.7945715165127502,0.662597119580297,0.572497730097556,0.6430250663764097,0.6165328511310716,0.7683443577891073,0.7440927402813879,0.7079320212308066,0.7636197363635111,0.6341373013817039,0.6810541110354379,0.5317882560240754,0.6259837526746768,0.7019336456622,0.617708205352458,0.6346277163532773,0.5276337904101991,0.3475038883877397,0.6336707056445717,0.2626508500276504,0.6454733954514257,0.6806027543605775,0.6723807401964805,0.649521156198972,1.0,0.714569606977331,0.8367906621715376,0.7351129918683771,0.5343248771999173,0.7875353362316698,0.5735321713104886,0.7253399149354748,0.6270202459803388,0.7632983144962334,0.7798511808202974,0.7374416491919492,0.7698313497309823,0.7568198014486845,0.614620400516201,0.6609525822268398,0.5942384552743585,0.7236193587726445,0.7240843632383779,0.5379873968139354,0.4983725222252684,0.5882879226898065,0.6347786976905583,0.5395652537410291,0.539579858688674,-0.0016474339425252165,-0.02179606967187248,0.0032714616246817896,-0.041319397497389575,-0.1202724710320424,-0.1255252827188848,-0.07871990450735808,-0.0725085054830977,-0.09038330552022984,-0.01916588224517381,0.010882619300180332,-0.07229200940974125,-0.04783820706284115,-0.009387158103157116,-0.013491569421220262,0.0007876839990160896,0.03253139770551211,-0.013565645727446757,0.009489229066393358,0.06366200936690115,0.010294760461977269,0.07466534495504691,0.07873464540702549,0.05162654675635365,0.005934369418827924,-0.00680291532037982,0.008776825751772625,0.11904955247321063,0.05067438407111549,0.13070551556072163,0.09922851411873078,0.06402814187391681,-0.06802748979021292,-0.07701393829238622,-0.09380043143277196,-0.015120631269079265,-0.02728106722324115,-0.022304606894450782,0.018260718598281853,-0.0347919957099693,0.055096008017294695,0.008355477506525195,-0.010451929037070427,0.10858361292371763,0.05319102390990671,0.06717943993778473,0.0346892806279502,-0.063232954000056
7Networks_RH_SomMot_17,0.4548055502794047,0.6247986190000416,0.6600000947900458,0.7414189146827871,0.6065214761011946,0.5652917826150824,0.6207161268603686,0.7577216860326912,0.4741266912957462,0.6312248045313968,0.5479758654432262,0.636025226300546,0.36951951758363955,0.7077017714384181,0.4997684476129924,0.5056916106691898,0.5394312036656482,0.6178522923237102,0.6529935864810329,0.7017654816322318,0.549840795722545,0.710623773488505,0.6043860960736147,0.5658432518728465,0.514378635067944,0.614562603312129,0.6485657143203899,0.5969507194206719,0.621176247203736,0.5114091675204195,0.42910828522259775,0.5389567805147125,0.41129907723712633,0.588162219826021,0.7007095299523908,0.6262797426245541,0.5689131209722372,0.714569606977331,1.0,0.6701444411432371,0.7571338546861219,0.4994356635870652,0.7333619291816218,0.5590453314065142,0.7098314296606758,0.5830480631779911,0.6352720317482332,0.6941112635500779,0.5981848259558035,0.6757410561846149,0.5950457193369686,0.5659708425651689,0.5675213741508948,0.581697358275083,0.6622434778838721,0.6617234950762865,0.445833898802448,0.3851213931308364,0.6010480275017224,0.5608684485724819,0.4257091294445906,0.4557493558632128,0.013589610463937422,-0.01500864783100409,0.01708857020818268,0.013420177637235695,-0.04312959299069132,-0.029617793211151374,-0.07747260315256058,-0.029442490120298852,-0.09349927079107778,-0.016827139790375395,0.01067932986799331,-0.06097002748918301,-0.045531304682036325,0.0013280930746494561,-0.008867470005544605,0.023687756408986547,0.10131507179765054,0.027539639247169703,0.07301466589777697,0.06274986593077063,-0.002600911050448452,0.05576495835853458,0.14786301960515463,0.06268187934321234,0.05931243392708686,0.024822609810741636,0.06012811497827375,0.08056255783714687,0.0002531664653352451,0.08013696200081331,0.09430772930766719,0.07482876286028943,-0.0500548804048219,-0.059715483449610474,-0.00942374619683135,-0.013442729104166879,-0.04405779730090603,-0.01812649598886291,0.00890020514249977,0.005396516804467868,0.02663617757390775,-0.038082531194340866,-0.015393576385462465,0.11101204707708107,0.051408438157048625,0.09320446584007036,0.021548454698242347,-0.05201426520674736
7Networks_RH_SomMot_18,0.49440368204830504,0.7325786911431934,0.737427721347376,0.7592720281794196,0.6673964797337564,0.6689035101156542,0.7711938411572431,0.801719715329331,0.7858161467240175,0.8598127988214105,0.6780947367907645,0.8016748309122068,0.4599101797375515,0.7542239971434834,0.6708089676895752,0.6427589833737184,0.6952515290730071,0.7308443479135934,0.7518024337162889,0.7195985820901412,0.7433277443966226,0.7597339480366415,0.5592614925897775,0.7274990264686303,0.5866185104323848,0.6762702658553982,0.7209626758862097,0.7010384044359871,0.6744875057015499,0.5476338283706054,0.43423988946712705,0.6582596592749621,0.4006890598945664,0.6720244804492466,0.7024290372158454,0.6143486796272735,0.5970412154847843,0.8367906621715376,0.6701444411432371,1.0,0.6871380912756243,0.5554242583394116,0.7923923685602898,0.7093879651858559,0.6911462896871683,0.6895241620650796,0.7543342969663434,0.7762054498326125,0.7217635305401914,0.7692837413879032,0.7343965801109024,0.6823590892437542,0.5994784091174442,0.6741714166020635,0.7878728321105021,0.7845049702491168,0.6095342302057468,0.538643440260178,0.5965219529457778,0.6791333588085127,0.5037642479531406,0.5996315903643701,0.03302148276217768,0.03142019538433571,0.06140710269726476,-0.026987938087177834,-0.0749631886932282,-0.07006781372812808,-0.05941715053950804,-0.03715134883919208,-0.05451467788888288,0.012483912042330611,0.024786588534684427,-0.06204640739850315,-0.03199461903762774,-0.023732890559102437,0.006999820612754268,-0.0003872778243329723,-0.004929915816502635,-0.06182583794471265,-0.0231042080567966,0.048062122731330974,-0.021490676258567046,0.06339137582612869,0.0650660242768087,0.02752607959182671,-0.01180164655120604,-0.03266431423880111,0.0058488095919921115,0.06286695227161217,-0.02036918497561889,0.06434263744682404,0.05647417508662624,0.039263374598585504,-0.1070158746555555,-0.06981422075802717,-0.10484640837814913,-0.021329997291331487,0.00473247126109194,0.006808344195519554,0.019140018981639858,-0.012432975325167805,-0.03165455960218993,-0.07099019292423553,-0.09202512610346349,0.07641873361493104,0.009386773380117947,0.04067063091379628,-0.04283607727075695,-0.12774085342215827
7Networks_RH_SomMot_19,0.3280008157521906,0.6224098743894058,0.7056077668183395,0.7498022375687231,0.6742773291018371,0.635623183864373,0.7214719374379374,0.8541145226269259,0.5689187574631324,0.7670512047829383,0.5866315425716155,0.7241322891510701,0.5888033948999548,0.8305994100574431,0.655719484374576,0.5446010369821255,0.6261681612487129,0.5514848421379477,0.74270012209047,0.7706048028906373,0.6962259904422761,0.7987861398031906,0.704756115322736,0.681654493554039,0.47994630231401003,0.614713130439572,0.7012702654449656,0.5627457953760143,0.6506642685442208,0.5789172824927226,0.321611102282657,0.4938406019888639,0.3627269780690569,0.5261174593723397,0.72196896715541,0.4652095869229969,0.6642189783782151,0.7351129918683771,0.7571338546861219,0.6871380912756243,1.0,0.5756540287503855,0.7710606063909052,0.5279077549384436,0.8182013455216532,0.6467413106014896,0.7501994848051435,0.7973417405662238,0.751854782357984,0.7629624512576278,0.7582753140073125,0.6096898992554425,0.7048456070739479,0.5449050347565328,0.7113590735483184,0.6688556196119684,0.4606117238127497,0.4393823662882424,0.6646535260810102,0.6592586355350125,0.6129290378951406,0.463320587738956,0.01919596423767728,-0.046051496300149035,-0.02513851504484768,-0.0019955749931181628,-0.09623218637921604,-0.11547806516674822,-0.06905621235829222,-0.09904842888137731,-0.06772783911627737,-0.002586208856179521,0.005363510671261352,-0.0951925828016104,-0.05733627222647499,-0.012846968925512044,0.00533352161369066,-0.007333435903939258,0.06511938448713868,-0.0009676180752096055,0.023856775435698946,0.027056560640565212,-0.0075236803914678855,0.04683864288606747,0.09973520020223303,0.041378560723321134,-0.009642206148888041,-0.03541734952990088,-0.0063209489507797065,0.07569394450039997,-0.01167843304646024,0.07165977288373306,0.06914903460965374,0.02158923385440938,-0.07296728780362166,-0.051351129912358344,-0.056708494531340116,0.020518458072870394,0.021454555017930546,0.010491451213036662,0.0362313644082393,0.010281558447284617,0.08540145064735456,-0.001105389737687387,-0.004660022893946595,0.08323743844605802,0.04784983938581158,0.06762208784258969,0.01260996611266203,-0.07352943689999662
7Networks_RH_SomMot_20,0.48212969260410876,0.54799367708152,0.6204245520567772,0.6093374741784621,0.32001038950442456,0.41423185264280016,0.45736995710642264,0.571581754134734,0.423978001492544,0.5821080172389994,0.761983170439894,0.5817733597517041,0.501315014402951,0.6498510341928082,0.5579467370519599,0.7036721056087708,0.6978262772014476,0.6650947597117217,0.6288179944969503,0.5758692050273028,0.6257578814030071,0.7065777908773629,0.5050068614071708,0.6547844754774826,0.67940352610093,0.7198665602079528,0.6730190975798092,0.6406299460279953,0.6816026292271002,0.6906925422314404,0.42368868192003745,0.657469036778849,0.4352793502939243,0.5469904094260916,0.6501919264242652,0.43871796203455804,0.3333104039747591,0.5343248771999173,0.4994356635870652,0.5554242583394116,0.5756540287503855,1.0,0.7029923219038039,0.5869754477627851,0.5578078911190489,0.769981254169732,0.49315246437093674,0.6459779096251659,0.5694394494246388,0.6184789861570454,0.6559002729646876,0.7405553277890307,0.34777154922582737,0.6490863004205043,0.6669797374117903,0.5835519594904083,0.39018788870506027,0.25911952027116264,0.7142786175860459,0.6693213118859391,0.5750902872479726,0.580657691229757,-0.028207147293094304,-0.03166691549041865,0.023828445748242822,-0.03649959084952812,-0.09539878179985288,-0.10468382731090957,-0.07033504416099594,-0.09001493927884152,0.028588233181953273,0.12382084481023264,0.1371776576784542,-0.05515900134369565,-0.0006379860243715126,0.011092727643139797,0.07312578455172218,0.08510588448256139,0.11127522240931742,0.12237712362932249,0.17747924821049055,0.08686053210264971,0.08563270131480226,0.1375422485183666,0.17704273510950483,0.17902267567410027,0.06563767490608541,0.06311452327032017,0.0737162106635894,0.10825010286502379,0.053547384080071474,0.11700728030561566,0.16393124864727857,0.1091613445500195,-0.016810136541548597,0.029161127925341025,-0.008397413802908553,0.06507452912840411,0.08849179696278213,0.06955191451019994,0.09512789818915852,0.0658155770368773,0.08574221841073314,0.07219877806341511,0.024502527659135402,0.18323075525887858,0.11530237361220494,0.14788516251766837,0.13616479043095595,0.058330037025817155
7Networks_RH_SomMot_21,0.5592988991840451,0.6865831693253941,0.742326885442863,0.7736952757934844,0.5184191699077919,0.633810869644506,0.6849473724557048,0.8201804432087763,0.5976247629594216,0.8292327940944596,0.7757239119008456,0.7836390637754221,0.5760607109783886,0.8709540402833216,0.7044250806891396,0.727485866875703,0.7486393458582353,0.7503200257099415,0.8306304569322114,0.7611868439110768,0.7624305675457868,0.8883065563806065,0.6543648498227059,0.7538030847980118,0.7676714734984672,0.8194336488767701,0.8336769341317882,0.7779422527836527,0.830459701975283,0.745758364509285,0.5254714984564689,0.7011132062296961,0.4311854805081544,0.7085963215065695,0.7654787969428453,0.6079314045059426,0.5466899363627183,0.7875353362316698,0.7333619291816218,0.7923923685602898,0.7710606063909052,0.7029923219038039,1.0,0.7376909657939975,0.8049626995213697,0.7731432605285997,0.7845216536772723,0.9010686884677023,0.7793665393913551,0.8306356690159562,0.8132462446842686,0.7744160543417622,0.596521999105986,0.7740168980283768,0.8387709900442541,0.7901740070836049,0.4756171791611979,0.36386210211996695,0.8203284740378385,0.7583610149583071,0.6181455209576217,0.6129169465844094,0.015775343466482256,0.008650617205018031,0.05856479027816098,-0.0001132480710796591,-0.08362651877686066,-0.06493714616767361,-0.031812965425557824,-0.02203284183056457,-0.04017935110119005,0.032869094789560224,0.07752542484361315,-0.0846591144437607,-0.05418036346292467,-0.009764299315812486,0.05759723760381263,0.05005045144777245,0.11282254863304372,0.09236132050214287,0.12698912600197018,0.08315910539503955,0.06974547541706555,0.11803936272873915,0.18322729958185946,0.14632683815719014,0.07326526535149512,0.06753342587663684,0.09112638973576112,0.13143386862941306,0.0628538772951329,0.1310771050707775,0.15024454263064294,0.12239150355741524,-0.019446493473519857,-0.013531539256081212,-0.04118009229302508,0.05767097794406115,0.066371858508492,0.06496696711239779,0.09411025319173429,0.050618571007225034,0.13254445854433491,0.057584036791161364,0.049669985059596154,0.13218605966863844,0.06088071631892075,0.10464817568393295,0.10112999662500256,0.012678666467006364
7Networks_RH_SomMot_22,0.5114669774251525,0.5910040216977087,0.6048784889158005,0.5673404106910239,0.3941739484250558,0.42268891269891457,0.4574443182273212,0.5789825344448832,0.588316762939577,0.6626819008074389,0.6901127410311518,0.6952049919009917,0.3755370435675048,0.6261912854684659,0.5576530067289857,0.6825723038023201,0.6345260173468802,0.7487497768834666,0.6526918509870078,0.6477300686125254,0.6314799479311695,0.6777455409174102,0.48198593727514477,0.6472791651789607,0.6548311500484899,0.6862033025303077,0.6803061963589175,0.6880120428539539,0.6604370755532377,0.5485405826532082,0.428490877260144,0.5965488906490448,0.3948278293871233,0.5823258579114504,0.6143840253523016,0.4913992546591507,0.44878309658340376,0.5735321713104886,0.5590453314065142,0.7093879651858559,0.5279077549384436,0.5869754477627851,0.7376909657939975,1.0,0.5945804098254451,0.6970431161183034,0.6427713340560226,0.6966982868786236,0.6317305705550142,0.683275576010973,0.6446596981441226,0.6765933868880729,0.4857903479018662,0.6976326488807071,0.7113789960655146,0.6966909936009261,0.5619115870300968,0.45234185162663726,0.6219198106434014,0.6360443442946253,0.4288564088765233,0.629288465067198,0.0013239547418159223,0.02607105097507222,0.0693025827918799,0.011698446790662502,-0.04836878033327329,-0.00999458315058737,-0.0403849640388479,0.005417648258076136,0.02676055343261359,0.1102031147594085,0.12682124955212276,-0.008395539769516678,0.03549738196067537,0.05787548500292643,0.09467544104985019,0.09551685952347155,0.07494735560656604,0.06427000289769678,0.0902935261498369,0.07767647625861265,0.0677800685183156,0.129596144928163,0.13674517572698736,0.12930723142390688,0.02567751232947365,0.022397080058635208,0.06288964764701459,0.05554103989076194,-0.0187254390860002,0.07929911636008868,0.052716933049724524,0.07184297236159803,-0.06766952533966686,-0.03770850000818396,-0.04118080134592915,-0.012119930459579188,0.007645953531496203,0.014537739037747199,0.060943058934701304,0.017531973721738592,-0.026749572098412746,-0.026700930727636688,-0.04878985068869726,0.06121935804815067,0.057297855397356164,0.0579283419030279,0.018429251689726825,-0.04671177860509732
7Networks_RH_SomMot_23,0.432367973681418,0.6022955682941553,0.755530534423352,0.7268317569296961,0.572736279681989,0.613809091790589,0.6790357919133628,0.8176494300696394,0.5846870538509107,0.7643142963919374,0.626445312039642,0.7012446887619291,0.48347680080955585,0.8756131464036092,0.6558558884644641,0.6272929264490763,0.6887967234638208,0.6421402368587609,0.7629994534278902,0.8537665613753292,0.719924908343904,0.8485546528401255,0.6229245296321593,0.6728343350308021,0.6091798244804045,0.7029025668415023,0.7239692854211586,0.703622218469143,0.7436152713593361,0.601506879587664,0.418523204320954,0.5619612596442611,0.3793660074099355,0.6050649623614676,0.7448725543351487,0.46010769854955125,0.5118012802167629,0.7253399149354748,0.7098314296606758,0.6911462896871683,0.8182013455216532,0.5578078911190489,0.8049626995213697,0.5945804098254451,1.0,0.6651722008062436,0.8539535511377153,0.865506251293765,0.8079882302355278,0.871499411293623,0.7797276036325832,0.6541384993720335,0.7278859831926394,0.6988236271664775,0.8089543340074474,0.7823470637835781,0.5712737067762063,0.4602505257541958,0.737350099978194,0.6745023830595737,0.5238196551847677,0.5739234287794578,0.004107680504827491,-0.011872488833895462,0.027814436864427645,0.021758462324367366,-0.07858999330546453,-0.08280994986117081,-0.06382712052377693,-0.03410587548968523,-0.028249917592575745,0.017770478961977233,0.05400563738656808,-0.05514339819578393,-0.032182839019747916,0.009826505143685297,0.04313085974403348,0.05251518418277854,0.09944293078743867,0.05973939534227247,0.08224950271136694,0.024013313954694443,0.028016678061837445,0.07554277311105695,0.12401798776912278,0.10701591350148182,0.05426055129269316,0.04860052970005502,0.05662689123368585,0.09327764404233077,0.05076615083689616,0.09959870347470519,0.09261710793734604,0.0879408881510695,-0.10361236821113803,-0.10077554429621342,-0.12755629296774082,-0.028846427000359706,-0.025281423173985847,-0.038487073489587915,-0.028196594311707256,-0.07509388077776143,0.08069490749775225,0.011920457910727607,-0.022988771281727303,0.0848671576556392,0.031699927924178,0.023622315800783684,0.030969466251545234,-0.08185558052370771
7Networks_RH_SomMot_24,0.4671646261384181,0.6376041150306369,0.7145460655096211,0.6614787077300616,0.47424537571201647,0.4895334335972409,0.5724935845223298,0.6986514522147997,0.5856016069305542,0.7232061978754347,0.8159474779615253,0.7531112038933592,0.5508743199649032,0.7577295686991475,0.6987488899810538,0.7545218924846768,0.816818583272285,0.8244403443792951,0.7547202180867615,0.6926737913397393,0.7667162398269505,0.7936038669139968,0.6387172835192968,0.7952682586654685,0.7073493928231346,0.81314874192995,0.7947744223110035,0.7372111773078,0.7246498378674171,0.7438826636645793,0.46583401424760185,0.6658326679077827,0.4532735264195129,0.6171340144017418,0.728928009260745,0.46867925031071667,0.4828839623420811,0.6270202459803388,0.5830480631779911,0.6895241620650796,0.6467413106014896,0.769981254169732,0.7731432605285997,0.6970431161183034,0.6651722008062436,1.0,0.630496744732426,0.7747604231634775,0.6973224167722971,0.7211472818418284,0.7819097028330438,0.8695160618452,0.5497269397574593,0.749780327476778,0.8097467092667315,0.7623445600803058,0.5334277392031727,0.46962542574943855,0.7393569526782146,0.8272493288522806,0.6841270926535814,0.68091600806842,0.02401114092488579,0.013358121974161086,0.06738595817170494,-0.015001857959728377,-0.10165823261548892,-0.09505597000199846,-0.03711100010314205,-0.014315412312772006,-0.010665027988502319,0.0691160503513012,0.07065276745455755,-0.0452924475418878,-0.013728964114158972,0.00044648515623859416,0.04741123400307544,0.05913937904931723,0.12435774439481201,0.08945522600272807,0.11577753543952415,0.08902258370443752,0.0771000139820361,0.145356913822212,0.16889656178875304,0.1442921675446912,0.04951063241496896,0.03594900340385879,0.04373150980622088,0.10418495707223888,0.048602826244307215,0.11672794437680756,0.1388826710126568,0.08567038960093902,-0.03349964149174242,0.018312195175909922,-0.03417099183829072,0.058857713847765364,0.08342038275490367,0.06954485442661089,0.08718220369800544,0.062737869480111,0.04847563869196152,-0.006606943255283495,-0.01630880682566653,0.08080798074269659,0.019787439499775024,0.08284987165840489,0.04647972728209678,-0.03135210260729017
7Networks_RH_SomMot_25,0.42771762236570215,0.648946154392736,0.7592961297292871,0.7010215404674343,0.6478667876378711,0.6357164495030441,0.6838671031033895,0.8154652357149044,0.6546076590560056,0.8027551507758269,0.6037883869038364,0.741743907020727,0.47235429039575094,0.8351233908911819,0.6673892570423391,0.5889082847894329,0.6558322483483924,0.6333020418157508,0.7780449866048068,0.8042950296595393,0.7427124031616723,0.7962257288199055,0.6096103523830169,0.6662095027567743,0.5648419229228103,0.6484987698395704,0.6997521595370262,0.7026056142973266,0.6813991974209398,0.5113371669502438,0.40660141859550514,0.5713792642095062,0.3618753962621235,0.6378776361557662,0.6997369193895231,0.5041626459023305,0.5833852020165355,0.7632983144962334,0.6352720317482332,0.7543342969663434,0.7501994848051435,0.49315246437093674,0.7845216536772723,0.6427713340560226,0.8539535511377153,0.630496744732426,1.0,0.8745989207613786,0.8082139589056404,0.859839975389558,0.78060523300476,0.6169803427701658,0.7935970772970593,0.6744184792017474,0.7919784072823427,0.8117370412266464,0.6186531622640086,0.5344135361790685,0.6218956054495283,0.6343098643586023,0.4754479448626562,0.5872290607947128,0.02605827302692106,-0.013979393538481785,0.017280475210785455,0.027459396523315856,-0.08527707802066102,-0.08594302462311765,-0.053130932398893785,-0.04279157000095369,-0.037352442386355114,0.007390739104686758,0.025789007932347747,-0.015916855592845648,0.0009724080775288492,0.037657797098060254,0.04057457779745775,0.02897061748208752,0.08339724875319642,0.014241735878008449,0.03454317869621327,0.017281662055485307,-0.0053602759514180575,0.05596880935617331,0.08917410316300503,0.06408370111474149,0.07372520234201467,0.07790485529821842,0.06737060947563953,0.09965381248974617,0.07743710753432521,0.11895548177308059,0.09531547837051317,0.12232873096670144,-0.09870644467570816,-0.12171720706542997,-0.11111257860984194,-0.05079496506717013,-0.05378886827930778,-0.06447790856758888,-0.0260357236184997,-0.09361797004206503,0.026432410555734236,-0.028244649193289166,-0.050154312408675066,0.05518405415748702,0.024751044196443948,0.024049454920091227,-0.015291484549159481,-0.11186399614431358
7Networks_RH_SomMot_26,0.48684222211066724,0.6750346862097912,0.7976725359287399,0.7689168954948199,0.5987751938068172,0.6314805860415714,0.7061604361765728,0.8465828866184405,0.62604306738037,0.8386572137899299,0.7362628967126158,0.7969451023531791,0.5492656414303194,0.9038665749918102,0.7340238401267545,0.7180414134682953,0.77312720817491,0.7485809300170464,0.8641457567068235,0.8199844702145569,0.8088708602997438,0.9061325331360196,0.6963612116228962,0.7745530959068629,0.729981968966419,0.8103436157270804,0.8545603075226609,0.7977849374623527,0.8202049410631199,0.7172553569226506,0.48523215915547446,0.6656369254220381,0.4181870176079197,0.6895442701326671,0.7931837220269948,0.5577677852977921,0.5704032659402745,0.7798511808202974,0.6941112635500779,0.7762054498326125,0.7973417405662238,0.6459779096251659,0.9010686884677023,0.6966982868786236,0.865506251293765,0.7747604231634775,0.8745989207613786,1.0,0.831094967851396,0.8896068429672294,0.873894236486561,0.7684134343089505,0.7572156829389609,0.7780364163268935,0.8934750667478774,0.858451621843558,0.5591619251219876,0.4844059957942719,0.797096074909466,0.779352051945962,0.6327838707658446,0.6468420471816821,0.03621740074163055,0.014941873756709079,0.07155573534380034,0.040672696068787935,-0.07722089370793506,-0.058576608089738656,-0.02712152766460522,-0.013639587149431899,-0.02122303654314744,0.044868040470157335,0.08456520067857748,-0.04353588303408255,-0.01862787250420294,0.019653107532740903,0.07577190752304382,0.05269013317036626,0.09917834250631166,0.04335470767206751,0.06945106384409871,0.023541472346848745,0.026213173501918506,0.09464621039347636,0.12848165721301577,0.10683704962068369,0.0631198041792488,0.04538818537167957,0.0635907302272344,0.126374151710727,0.06895180974890454,0.13363902298783173,0.1414604733399867,0.1147877238052927,-0.08312366142512928,-0.10310845358982682,-0.10947655444496779,0.004121501351973795,0.0030371026572669634,-0.0005140397556295145,0.015395317828917692,-0.04321300299016077,0.0799847278105091,0.0014448004335845402,-0.004763940213597714,0.08863208661449187,0.03777825771587259,0.07363990441659844,0.024408556090646166,-0.052992421119146225
7Networks_RH_SomMot_27,0.35511857917933204,0.6319539066485442,0.7286164024213241,0.7035626473793938,0.5956997993319201,0.6532720798582499,0.7139768937120008,0.8031831489460757,0.6387740618200013,0.8001781147939603,0.6476835939109991,0.7824924759967232,0.5784310909086673,0.8208621839916516,0.7136460763033527,0.6268646032378778,0.7192448097598694,0.6336270356760716,0.7760801005182306,0.8037560203075487,0.7879226461524853,0.8233519062209881,0.6705892179823226,0.7379478949943699,0.5673878115289619,0.6778356954444728,0.7129151846255215,0.6411069756937569,0.6733025983798941,0.5790869329401745,0.3454910466869334,0.5517212321111398,0.2861721932285033,0.546955648503186,0.6606997192179037,0.439808205666952,0.5338720428290255,0.7374416491919492,0.5981848259558035,0.7217635305401914,0.751854782357984,0.5694394494246388,0.7793665393913551,0.6317305705550142,0.8079882302355278,0.6973224167722971,0.8082139589056404,0.831094967851396,1.0,0.8580888194705065,0.8568085233443818,0.6940995106646417,0.721499909756563,0.6441915685202568,0.7769178410941517,0.7585302386121796,0.5840659230631566,0.5539333890050436,0.6691444923060453,0.72081044700269,0.6219953855333914,0.5792886025762439,0.0010486760119888256,-0.006843007883138459,0.013963538880709152,0.007358856060081995,-0.07604849417029842,-0.06860700722614732,-0.05144229774873557,-0.03003581289216363,0.036943421537685865,0.06219976292638612,0.06971835620896069,0.006109305482333127,0.0069964767034152876,0.0390717950699557,0.09736676197567964,0.040311801690420486,0.0815902038547247,0.037025473700139845,0.054449966946935185,0.03520060182511433,0.036584132437465354,0.09592989613964936,0.1120893822063191,0.10345234532119323,0.03177712368299253,0.0396715583328987,0.04381195908886202,0.11044748812006887,0.07144495031880232,0.12930120326438826,0.08912027149940295,0.0963108134546647,-0.0845209606118355,-0.12135010036401594,-0.12510617728421564,0.015218078151780126,-0.01217080292093978,0.0038587406350929004,0.042535470071364816,-0.05303041077497044,0.017260359944784462,-0.05652134188872812,-0.06291491022152675,0.049744045975641187,-0.01599073929181835,0.026122312960901114,-0.00897296799469112,-0.11084429099567236
7Networks_RH_SomMot_28,0.5251984475656977,0.669783502051591,0.8079615685961395,0.7765790378220659,0.5763762077137079,0.621157083302321,0.6697945752647878,0.8163737034954387,0.6062163487671942,0.7889120191043689,0.6915588106405822,0.7323466641636163,0.4251528571314258,0.8753514333027828,0.6431202112987852,0.7081216391221076,0.7370360626942992,0.7192984252140181,0.7872282323836007,0.8749951813216799,0.7410148031702388,0.8974297046474775,0.5986703046583646,0.7013224490776293,0.7103765741422106,0.7616701758841685,0.7649124051706028,0.8019647136603932,0.8254942582156443,0.6190429518735352,0.5221131118563909,0.6546557187372471,0.4341555397560154,0.6782806116312632,0.7683385197749428,0.5675349959443677,0.5325672168862938,0.7698313497309823,0.6757410561846149,0.7692837413879032,0.7629624512576278,0.6184789861570454,0.8306356690159562,0.683275576010973,0.871499411293623,0.7211472818418284,0.859839975389558,0.8896068429672294,0.8580888194705065,1.0,0.7988399446991552,0.7011606235237432,0.7251484995399379,0.792313320882516,0.8688417145969577,0.863570720614389,0.6726984576404663,0.4876999820937121,0.7800159845781439,0.6932597693588209,0.5013819661415502,0.6903011442568173,-0.019632784319923,-0.017476659032814448,0.039302035484414743,0.01775359844306636,-0.09736925132824596,-0.07317931386227747,-0.061960940096719215,-0.03132553266394632,0.0029167904004965104,0.04660446435620915,0.07380504317946672,-0.03380288041833061,-0.016544559465399403,0.015169857040741723,0.06387463907358691,0.04385390745045355,0.06719400171540786,0.008281519688410725,0.043961011735360746,-0.018527264886425157,-0.01969814833192154,0.06168965116414878,0.08210122196431509,0.0723966595522603,0.037573164732426466,0.04687529573293589,0.06289229915836092,0.07760958459339552,0.041543786636415725,0.10637494710491249,0.09668383484881168,0.09209140881203857,-0.10311673922207375,-0.13552495219658817,-0.13755049725146243,-0.07457625912027241,-0.08180421913258816,-0.08401657401589108,-0.04260855487190731,-0.1083171748132002,0.0323337552078423,-0.02454554268936741,-0.028432035219007883,0.07134645954786463,0.020411213746170834,0.04269276492865175,0.03203753534215902,-0.07333668183868845
7Networks_RH_SomMot_29,0.32433274826726455,0.6201974700410176,0.7240445083627718,0.6865501326576762,0.5993539349219815,0.6305121855986412,0.7373395450060451,0.814618053429704,0.6221615860444989,0.8217325509612313,0.7440817793721884,0.842216459133144,0.6761794880151847,0.8444085846164647,0.8243895111904087,0.7049000351207887,0.8019012292888723,0.7116552182555891,0.8493841976056227,0.7769217039360597,0.8739358096958183,0.8481693127762846,0.7613682202775882,0.8641099863716574,0.6412285582784556,0.7823067756296161,0.8260122056876922,0.7040935921737728,0.6980388735877472,0.751076841563816,0.34799574321721816,0.6087021068469131,0.3404639442549628,0.5929188543177538,0.6875095406596724,0.46273698555806525,0.577376633624528,0.7568198014486845,0.5950457193369686,0.7343965801109024,0.7582753140073125,0.6559002729646876,0.8132462446842686,0.6446596981441226,0.7797276036325832,0.7819097028330438,0.78060523300476,0.873894236486561,0.8568085233443818,0.7988399446991552,1.0,0.8012340892965639,0.6931340624950022,0.6581363407643184,0.8350516607268326,0.772580578110275,0.5148683735925241,0.5123540299025324,0.705124773386529,0.8438179881310899,0.7803209926899529,0.6171298180481821,0.03072930347618031,0.019693016320252048,0.06010954181702134,0.043929684761890006,-0.07429397471532573,-0.08564131243175,-0.027429630600556042,-0.026265336102960148,0.005320258874185735,0.04752765089618748,0.06013084518885176,-0.009548817031559183,0.0011157684297555558,0.02636431759814339,0.08575673755782305,0.034238397804810104,0.09944793547492199,0.05427501238357694,0.05407999092338951,0.07262919736727087,0.07734598774569047,0.13074685709712108,0.14414175543403365,0.13232311695056817,0.04436858926404683,0.03336798231731757,0.023116240975524692,0.14343451805000934,0.1037715523087759,0.15268631784516648,0.1408837435619007,0.09875646220430823,-0.09015552455348338,-0.08311034798126592,-0.1085953685248448,0.009827950323206568,0.01994448436305305,0.02285596755163677,0.024624551715357518,-0.021237946559325316,0.05600447559553243,0.016681761233009587,-0.01339282966292087,0.07439323740627382,0.04072043078164393,0.06935897243928542,0.028139138676323176,-0.04865776313721521
7Networks_RH_SomMot_30,0.5052937114652337,0.6046832156788248,0.71380552985718,0.6286795751573248,0.4061485816023093,0.43397702366856145,0.5306686851233093,0.6650086945727977,0.5822660955274662,0.7320564030259968,0.8566172378601798,0.7541883874325168,0.5430084863174183,0.7674628359104547,0.7235547020333236,0.8287276242329183,0.8954487781537438,0.8545656058356911,0.7782020251578828,0.687647730096359,0.7830279897186733,0.8130822873987607,0.6373445045093493,0.8265377910657563,0.7764633450242284,0.8819226699740871,0.8381609967161249,0.7937437207861043,0.7733157925469136,0.8122568295339241,0.5058410738369508,0.6661600871502806,0.5000234963356393,0.6677975335897405,0.7015472027219863,0.48334696845003344,0.42173147060582405,0.614620400516201,0.5659708425651689,0.6823590892437542,0.6096898992554425,0.7405553277890307,0.7744160543417622,0.6765933868880729,0.6541384993720335,0.8695160618452,0.6169803427701658,0.7684134343089505,0.6940995106646417,0.7011606235237432,0.8012340892965639,1.0,0.46430252527797894,0.8031775441910513,0.827717266190061,0.7718226549558781,0.5321315470506076,0.4337215383278121,0.7506642661083031,0.8877579724063601,0.6921413938406614,0.7045735995328565,0.0396160034181595,0.035510553972213824,0.0849319711325351,0.014938033094734002,-0.06120593611114167,-0.048873385213947095,-0.045153211171456716,0.003139899175398644,0.0025156330762212925,0.0594357601096336,0.0904870392942694,-0.050553542883908884,-0.021797376411921157,0.010202824540917277,0.06656450276475721,0.07995034250070301,0.11319547749255228,0.08100778669507237,0.10541553176650617,0.10253402396574088,0.09187446256583796,0.17681150015298175,0.18861517905867542,0.16118575447258116,0.021618762182431906,0.017477421674417237,0.01238125177677064,0.13558009742253138,0.08555890336320786,0.1439836768951521,0.13527007531438417,0.08895800578671463,-0.006701254171647366,0.018610883343117616,-0.006243724295256493,0.052960386065130954,0.07989054875476091,0.0606038219193327,0.10601115658568987,0.06077672458038197,0.047610857327508145,0.02193201831371018,-0.009047747348605722,0.10454803896039405,0.07617727620653865,0.09896105974581157,0.08027763877385004,-0.0004888109079708015
7Networks_RH_SomMot_31,0.15393378005022276,0.5215532712235689,0.6049806541665973,0.5944962918440624,0.6963669239396691,0.5977609788194898,0.6710566584374515,0.7346021285259641,0.555287349283931,0.6681176554294674,0.4180145053944033,0.6472940740618041,0.44483009120120437,0.702322045678661,0.5702114326431417,0.381647378562019,0.5051157150777645,0.4739812797269448,0.6780199980642141,0.7243700042918187,0.6192518034009238,0.6442921527305169,0.646003485132069,0.5557566363556831,0.31115924441186243,0.44347822923952407,0.5741624071759069,0.480265075367424,0.471670098794578,0.33257918941496095,0.16930634946717696,0.3925903806758815,0.19405239649280526,0.41472542776717974,0.5907868020866596,0.365723087653385,0.665686568557587,0.6609525822268398,0.5675213741508948,0.5994784091174442,0.7048456070739479,0.34777154922582737,0.596521999105986,0.4857903479018662,0.7278859831926394,0.5497269397574593,0.7935970772970593,0.7572156829389609,0.721499909756563,0.7251484995399379,0.6931340624950022,0.46430252527797894,1.0,0.4333213339867794,0.6470493740402584,0.6733271224396088,0.5249390691914024,0.6686451355366281,0.4439849415837972,0.518749200147287,0.46848449779406554,0.42647082713348916,0.01983096514858103,-0.03942968210343675,-0.0075245760474270075,0.030349828733160097,-0.1120699831579515,-0.11761069019480447,-0.05617408479627756,-0.05438731740509177,-0.03842742183550726,0.03376493906920141,0.016209892032448957,0.0139847193670816,0.029757739274099353,0.04265784730512858,0.02434698591052517,0.0010363416177346324,0.04992058898782533,-0.010319271366965284,0.020175842211683382,-0.04569626468011822,-0.040358817763766444,0.0009678604131909671,0.0512267973521683,0.02072279519394326,0.014207880185037124,-0.03194712010297298,-0.03221530690672167,0.012608129186693873,-0.014692670027148172,0.019444865981995376,0.0015553243710835038,-0.014478884297329386,-0.14541446287320672,-0.18122504197577935,-0.14030405508822902,-0.13968984325879236,-0.15149827115185938,-0.11836912275079672,-0.1241026843692428,-0.14649141346971684,-0.02003442877738339,-0.10540138648788969,-0.08293150289803415,0.01947405748864667,-0.050539119845386005,-0.00870088700104836,-0.0744827789353008,-0.1521587010880843
7Networks_RH_SomMot_32,0.6957512481736501,0.6073995359986203,0.7248492363401435,0.6619061628900531,0.34208728285428835,0.39526456279099914,0.4351135070841699,0.6235093907967973,0.5082808641626605,0.6630999701820998,0.7548831698472831,0.6198326749470721,0.2640478808699407,0.7347044654282082,0.5184393322564206,0.8408737876259255,0.7959783631764006,0.8418892272909747,0.6758252572836458,0.71834624185428,0.6476930823063186,0.8170097243792929,0.43842629700698327,0.6423721359645107,0.9043148198469444,0.8846517175181975,0.7734562642164272,0.8934839110241539,0.8900013130130272,0.7194862359007818,0.672752601081422,0.6850259317197495,0.5424420868512724,0.7464162436344141,0.7266841822661833,0.5574677553274532,0.32605489852452285,0.5942384552743585,0.581697358275083,0.6741714166020635,0.5449050347565328,0.6490863004205043,0.7740168980283768,0.6976326488807071,0.6988236271664775,0.749780327476778,0.6744184792017474,0.7780364163268935,0.6441915685202568,0.792313320882516,0.6581363407643184,0.8031775441910513,0.4333213339867794,1.0,0.8402979265561437,0.8341066347454569,0.6521711167664161,0.34890379500732605,0.8411231950408824,0.7355990585499498,0.41245864856499886,0.7896828451416801,0.02925527593929516,0.048098799933357424,0.12898880308260705,-0.006843895450370901,-0.058670393683477644,-0.01090075850179867,-0.03280371709218203,0.04292948556628901,0.028571252401694273,0.06486403764082226,0.1156917087024207,-0.0830597634397103,-0.04117369566828213,-0.005978308761338101,0.06908268476436129,0.09215081993755249,0.08422126122963271,0.04284816697478034,0.07833762130661424,0.017832409713936855,0.019131066225627196,0.10038008827259097,0.12965585379812183,0.11151026020904783,0.04926391059656967,0.07052445842091078,0.08468113878377086,0.0957502522935052,0.07638742006191619,0.13911717924932618,0.13641926851000355,0.12856900958956782,-0.013441950328722268,-0.050331129060703424,-0.055499014521935675,-0.012398887453100438,-0.005924372427153026,-0.00804639299051332,0.024328249961151707,-0.0276558335726301,0.039597375914140046,0.0245021257036445,-0.01078389811252875,0.11766942166613505,0.0970929604799085,0.12127502120723495,0.0906682790352725,0.037538913952585386
7Networks_RH_SomMot_33,0.5645444653848185,0.6785372697376707,0.812440574466737,0.7477576702267136,0.540780564684036,0.5345889612868632,0.6324772306953792,0.7777247590210166,0.6348424732728751,0.8000359098931251,0.7778036570853802,0.7833806890515307,0.44539529866970146,0.8596285850276819,0.7021157710270584,0.7957532508749897,0.8352009559024264,0.8452029862723092,0.8313420955606806,0.8076597483284371,0.8028698075464145,0.8978489670953408,0.6054058335762867,0.8045850686673979,0.7879139740648576,0.8665967914960682,0.8576381486388347,0.8925474021740661,0.8632895284944537,0.7525176701078387,0.5502953499943494,0.6913655877292731,0.5022514162502064,0.7103185459401613,0.7797693880301152,0.5463521880302149,0.48379401179202525,0.7236193587726445,0.6622434778838721,0.7878728321105021,0.7113590735483184,0.6669797374117903,0.8387709900442541,0.7113789960655146,0.8089543340074474,0.8097467092667315,0.7919784072823427,0.8934750667478774,0.7769178410941517,0.8688417145969577,0.8350516607268326,0.827717266190061,0.6470493740402584,0.8402979265561437,1.0,0.921111550346541,0.6621072900978766,0.49195464210158324,0.7765227728682457,0.8010167007962112,0.5755584540110869,0.7488425392058877,0.003124468103160402,0.006274957733338948,0.08060571677270763,0.02081829022571039,-0.07978774522102076,-0.0476061918313827,-0.058476041827972856,0.002227409071338511,-0.005605166861968046,0.04483868573100375,0.09432128551443363,-0.06476164195561834,-0.03679627241933079,-0.012037548110095535,0.049754340143105896,0.051398116806580296,0.052399811481394394,0.0037567576218023543,0.028699839325111096,0.00023869799653927857,0.012115351430631124,0.09648829848731326,0.09272812813737294,0.09191595155573863,0.015884675773515506,0.0007916637080603522,0.011016286836412089,0.09758141625048085,0.05198303115864529,0.11780000230641427,0.10491154964221969,0.07021329931351869,-0.10922640543396027,-0.09769964676056371,-0.13390610776436226,-0.002238760704576694,0.010903237179305608,0.0051735862937541096,-0.004641975108790769,-0.04750312255930219,0.03145024533475074,0.0054288191274003755,-0.02142999340588476,0.0580033830748156,0.052848783153061706,0.06985017507607037,0.027157143939008185,-0.046944058552491105
7Networks_RH_SomMot_34,0.5713661046469333,0.682133690233405,0.8075260119264009,0.7399937672831528,0.5684367584137123,0.5387959235116488,0.610257871509375,0.7695040397008358,0.6379087480115725,0.7861868047063517,0.7324300243596605,0.7605625148995359,0.3720901891164926,0.8292825417708093,0.6564805039736301,0.7532093168975359,0.7965048558670955,0.8138480804218132,0.8126284351222738,0.8017461416088931,0.7768206659954981,0.8556098058279089,0.5434279653469077,0.7214690165289728,0.7475812398153082,0.7992584682222317,0.8001701074668573,0.8812073738936891,0.8315754482058175,0.6284334802804935,0.5491472426563835,0.6665757747652032,0.4660648609894553,0.7116490366835573,0.7422242999184853,0.5375878891322652,0.4717651826159722,0.7240843632383779,0.6617234950762865,0.7845049702491168,0.6688556196119684,0.5835519594904083,0.7901740070836049,0.6966909936009261,0.7823470637835781,0.7623445600803058,0.8117370412266464,0.858451621843558,0.7585302386121796,0.863570720614389,0.772580578110275,0.7718226549558781,0.6733271224396088,0.8341066347454569,0.921111550346541,1.0,0.7528877059807946,0.5412942363986485,0.6890258084339407,0.7103836139280579,0.44493219338254336,0.7703143583764616,-0.023428220254739108,-0.02545794773250472,0.04731912636178982,0.0157586357367311,-0.09140248909844005,-0.04530109582197483,-0.08433308514740094,-0.010379712985003313,0.01406392576405859,0.06058462519894274,0.0966680093112375,-0.023354713477480374,0.01671084810903832,0.049621890798646116,0.07495521040329668,0.08343299668381164,0.05277637071948629,-0.02390547172267862,0.005636834881207843,-0.022115078832859077,-0.035000164343524355,0.041424199357773785,0.05725778249038825,0.037387996587580574,0.007825546041576165,-0.0034438188775330974,0.008426948367458734,0.06200197865188317,0.03000019226162473,0.10067255764613708,0.0698275758643774,0.06790888231292146,-0.11080172433440054,-0.10510015555680136,-0.11471419479815818,-0.037434455294392086,-0.02525038437890175,-0.0233025461240875,-0.03781650582039513,-0.05964042029396332,-0.010190438129819802,-0.03499933777714134,-0.06336996958092553,0.0337649298959252,0.02204841166024675,0.0357938407974896,-0.015588502658969473,-0.08253866210427353
7Networks_RH_SomMot_35,0.4627030757520839,0.5719100664307532,0.6427632151095084,0.5676481538684209,0.4794124403540458,0.4309823139784955,0.43332258707264576,0.5398907528349999,0.5800155786594027,0.5552795678794454,0.5127538778187446,0.5381296999032855,0.1619077859270379,0.5445005705247654,0.40790560997526615,0.5733753953885536,0.5900698997162095,0.6289598307089818,0.5122053244720427,0.6607754871058696,0.5452238053461698,0.5830200218022659,0.2846353671632654,0.48147053987769145,0.5011608039253872,0.5233838422391472,0.49479999999430174,0.6418344770828167,0.5870221361497364,0.30355676275717924,0.4213026475568245,0.4605448150109235,0.3921202002291104,0.5349631425997117,0.5326406878646158,0.39653217627660375,0.40025543132665264,0.5379873968139354,0.445833898802448,0.6095342302057468,0.4606117238127497,0.39018788870506027,0.4756171791611979,0.5619115870300968,0.5712737067762063,0.5334277392031727,0.6186531622640086,0.5591619251219876,0.5840659230631566,0.6726984576404663,0.5148683735925241,0.5321315470506076,0.5249390691914024,0.6521711167664161,0.6621072900978766,0.7528877059807946,1.0,0.5782194963874108,0.4332523347836367,0.46684202569038225,0.17547541878368064,0.691841578969174,-0.06919177635090695,-0.06037491541929605,-0.004951108996364419,-0.011558088626918497,-0.12062913194964625,-0.09712296965502433,-0.11662466999765403,-0.06448796533404691,0.012587131192544487,0.012888324291934367,0.023835662274642375,-0.006840882399722271,0.009913690011706265,0.02404730335523428,0.04382923174688075,0.011708253487379935,-0.05200045558761961,-0.11391316729945106,-0.08361975091765111,-0.09347844402032388,-0.12836441586273598,-0.08282808912604858,-0.056723290070663214,-0.08997479012600208,-0.07766451515224847,-0.07367738579040375,-0.06158304485967583,-0.05556843829197763,-0.047189113778392064,0.019568116632919436,-0.04468539191580501,-0.016222403980129595,-0.08083640391221857,-0.07385651963946253,-0.09617240940520907,-0.09821510040589132,-0.04064735041296867,-0.032758944691664287,-0.07127620238298664,-0.06859623324181066,-0.06453616802646721,-0.08335835512265054,-0.10654176678213681,-0.04374607329281702,-0.012889134014568131,-0.016149282851214263,-0.08001696082891785,-0.11176497302554883
7Networks_RH_SomMot_36,0.09381063264874961,0.45827273854800976,0.4702856633476829,0.4323271520989812,0.5742296653210807,0.441633968361445,0.5083624897715747,0.5091425561831847,0.5806213141485386,0.5236593184952574,0.35422429976555503,0.5629458717927601,0.33727495156602416,0.4542751075817879,0.4403324633235777,0.31824240678738563,0.4567620795402687,0.4939460139043018,0.5071478395337616,0.5435191198954258,0.5304772793701794,0.4299933948800007,0.4865956292384385,0.466381719828821,0.20924394062509644,0.3488606681877115,0.4614326689609753,0.3598430123608832,0.2951335641807417,0.19381799855514362,0.13159956429507771,0.33226582279584466,0.17051259810075012,0.32421257493186534,0.4255698844519304,0.2974803490402671,0.5370986388388099,0.4983725222252684,0.3851213931308364,0.538643440260178,0.4393823662882424,0.25911952027116264,0.36386210211996695,0.45234185162663726,0.4602505257541958,0.46962542574943855,0.5344135361790685,0.4844059957942719,0.5539333890050436,0.4876999820937121,0.5123540299025324,0.4337215383278121,0.6686451355366281,0.34890379500732605,0.49195464210158324,0.5412942363986485,0.5782194963874108,1.0,0.24339079967225094,0.49167625839349216,0.37543474515306385,0.3879181074543224,0.10004983343025188,0.0675764523012754,0.1064527079823845,-0.002345734922669829,-0.06088020310873748,-0.05015667083968908,0.009180373972620916,0.02923836951568031,0.006328714833274741,0.0675328877114645,0.043283542359042915,0.05649516056651655,0.0744136302378012,0.07241763476025105,0.053723365048887084,0.025729015141583596,0.012784140790179734,-0.017524902634510953,0.024985165329060317,0.018462550988005227,-0.000857898595656881,0.05771325916687464,0.06686228141357219,0.04431871949141083,-0.05660679478099725,-0.10773449841653687,-0.11742291456108042,-0.05866480415146748,-0.06977080137400701,-0.013833942780575799,-0.06298830604980003,-0.07627062529121681,-0.0745239929483244,-0.11921351727688205,-0.06555489096135991,-0.10675894028407096,-0.10026684184200158,-0.05548029291675595,-0.11516538581106191,-0.08145390188758266,-0.11386836066960675,-0.19537675432226811,-0.1742196735875346,-0.034358764159591826,-0.07679516798764047,-0.063002695814743,-0.1764367425522018,-0.19453734571260653
7Networks_RH_SomMot_37,0.5568397669272924,0.5433886611534473,0.6746752179105654,0.672879185470993,0.3155740180316457,0.43958181628025156,0.48285725543845676,0.6569819652111125,0.41119541217911004,0.6425878122722866,0.7132503891573142,0.6074593996596269,0.44552986416623896,0.7764567145283761,0.5513738088258356,0.759526126070231,0.7346978996544136,0.7194420351768279,0.6768885229769833,0.7247334763660703,0.6457893156812803,0.8532550109010781,0.5703597730913285,0.6868031787165543,0.8448093272088801,0.8556740112182396,0.7870963101267358,0.7763372328270145,0.8696364732499247,0.8169116806575886,0.5565347156874588,0.6171172840480194,0.48123316716867465,0.642216356227628,0.7333542734805192,0.5176324989187039,0.39796588085344003,0.5882879226898065,0.6010480275017224,0.5965219529457778,0.6646535260810102,0.7142786175860459,0.8203284740378385,0.6219198106434014,0.737350099978194,0.7393569526782146,0.6218956054495283,0.797096074909466,0.6691444923060453,0.7800159845781439,0.705124773386529,0.7506642661083031,0.4439849415837972,0.8411231950408824,0.7765227728682457,0.6890258084339407,0.4332523347836367,0.24339079967225094,1.0,0.7645046440502994,0.6122415231513658,0.6723112084818396,0.08524427949137368,0.08989006269700013,0.16093527599834928,0.05092432648497355,-0.010359907916870916,0.011356299384480607,0.05677350575010845,0.06383456222643173,0.0042593292276843,0.03864694582962624,0.09275906029582122,-0.09622185843963903,-0.06912866045936612,-0.032876269103513614,0.05760303355136076,0.06293517466981445,0.1457684202851481,0.11282561902873355,0.14567586483193243,0.04438274962965407,0.06197198125440433,0.1262295666206158,0.17243387128363202,0.16111494399907608,0.10098017182425743,0.10226538952489914,0.1256013040388798,0.1498600684440372,0.10344481676344795,0.16229203227476763,0.2028557497938479,0.15096888359916658,0.037720020915937534,-0.017122119011483927,-0.02700860837561196,-0.012715858607581808,0.0014064168031189444,-0.027124294064210335,0.05189457253379014,-0.01863681873892947,0.13771196213899495,0.06242180962895043,0.05135446307091166,0.15075943987097795,0.09787425504411146,0.14140246558066397,0.1627658721214677,0.06198008526287681
7Networks_RH_SomMot_38,0.38988230102475097,0.5699529901874331,0.6934681698970255,0.6210878471225182,0.4664562674357129,0.4819797489987856,0.5955334334433754,0.6994241087913715,0.571930641654492,0.745399745466664,0.7624570660872675,0.7660862006518437,0.6174350320634365,0.7704587374310947,0.7498138799515282,0.7594390185904761,0.8524245869453575,0.8004952322030473,0.7782305184322458,0.7070472056238808,0.8091322985935987,0.8059289116647878,0.7442818565826622,0.8792331525571382,0.7224136888499938,0.8799964672236233,0.8668147035866147,0.7320941856658704,0.7208927699600284,0.8617083479661619,0.44410134701721204,0.6176475904415768,0.4446207304733426,0.6157552253827152,0.6926232363059228,0.4775854459319632,0.5264633633243118,0.6347786976905583,0.5608684485724819,0.6791333588085127,0.6592586355350125,0.6693213118859391,0.7583610149583071,0.6360443442946253,0.6745023830595737,0.8272493288522806,0.6343098643586023,0.779352051945962,0.72081044700269,0.6932597693588209,0.8438179881310899,0.8877579724063601,0.518749200147287,0.7355990585499498,0.8010167007962112,0.7103836139280579,0.46684202569038225,0.49167625839349216,0.7645046440502994,1.0,0.8387798329146352,0.6697547106868732,0.11551871128405723,0.10800371518000296,0.1549271099392767,0.05593632319500758,-0.02105710645695178,-0.01877607847745357,0.037175000994895034,0.05737340827658255,-0.00484736846661572,0.038542676779705506,0.07721345328856509,-0.05008207331285582,-0.0343200132029169,-0.00516018458377277,0.05671058981378029,0.053579104051366684,0.14624593380160644,0.11228060162672815,0.11587890215406696,0.13946853984024069,0.13682880198012504,0.21529416757948058,0.22400431540117974,0.19748160621509553,0.05656979293392092,0.054649767514070205,0.03652733812713768,0.2016429177365266,0.1492225543980948,0.2149399158403097,0.18440685070192775,0.13297998330880137,0.017666366984557813,-0.004332948716205455,-0.004446524697951576,0.017321498935453025,0.03901809119326914,0.015914122442724315,0.08494993281362898,0.023988608133022168,0.054194307420237196,0.009672301125343017,-0.005399957033295857,0.13600942391513776,0.08450537919078308,0.13123362935043942,0.07614926488347912,0.008132603135147796
7Networks_RH_SomMot_39,0.09661950915611744,0.41376390977477,0.4982108541801803,0.4717208763957055,0.42260749648120227,0.46330132915490624,0.578760329807256,0.6047614715605709,0.4325784231535975,0.6202446916787441,0.5938392049750071,0.6727576901888155,0.7456125733974641,0.6442334439099279,0.7085738248883133,0.5059743635150006,0.6499302762194925,0.5373129091471694,0.6676044862407339,0.5412376415495147,0.7107880976733688,0.6421310312538667,0.7962153028450324,0.8160090591377995,0.44976383254537344,0.6585209752242472,0.7096804497900987,0.4464196130202321,0.47138483934548886,0.7900971117228133,0.17822131131291535,0.4293743406540192,0.21201634962295748,0.3739455495234576,0.5209319712703238,0.3042578716379055,0.523423225025957,0.5395652537410291,0.4257091294445906,0.5037642479531406,0.6129290378951406,0.5750902872479726,0.6181455209576217,0.4288564088765233,0.5238196551847677,0.6841270926535814,0.4754479448626562,0.6327838707658446,0.6219953855333914,0.5013819661415502,0.7803209926899529,0.6921413938406614,0.46848449779406554,0.41245864856499886,0.5755584540110869,0.44493219338254336,0.17547541878368064,0.37543474515306385,0.6122415231513658,0.8387798329146352,1.0,0.4316983435563219,0.1334192281970998,0.09977853286009859,0.11436068678755115,0.09169062841422182,-0.0018616825612589767,-0.04360836985831165,0.088853976397515,0.028725271565976318,-0.041063233938932416,0.014125378730405223,0.022989238615787812,-0.013711602787171024,-0.01998263800383589,-0.006980316410647906,0.038886466766075975,0.012007344330803965,0.2148652057823489,0.19676083142556516,0.1782502382130902,0.23210212273422023,0.22685159781730124,0.267435004152349,0.29026997069112526,0.2597229132853363,0.13716358578143903,0.11732176828672178,0.09327663673304626,0.29871286754429355,0.2297924912124244,0.26921649699051886,0.2848966043697357,0.19328700679932126,0.05544170791492778,0.04411245217228162,0.04382906621152353,0.04401130333201015,0.06405008226531987,0.0389367854262812,0.13226134225214065,0.0739896036663858,0.12201877407436919,0.048550528870152106,0.04662512958103385,0.1274283289153144,0.05980725579889168,0.11368196217066542,0.09675639363455338,0.01795566807804437
7Networks_RH_SomMot_40,0.5054936825899977,0.5366948303828283,0.6244913877493914,0.5634761662851635,0.3632408615572304,0.38587879251261964,0.3966000584160722,0.5377733143246416,0.48411772602782455,0.5775750284184785,0.6664846305038117,0.5736798767877049,0.3177436428706303,0.6328917835450892,0.49859187444492525,0.7436636056736211,0.7241741975139513,0.7438083352418758,0.6069728522366992,0.6524860668206712,0.6375352486297187,0.6973750931445691,0.4151779164791966,0.6259547462498224,0.7419104285064566,0.756143513655177,0.6726488614223293,0.809364836632203,0.7584051379600718,0.6402049253133171,0.4853086513796891,0.5897283882176387,0.41140547517652465,0.6138079691449019,0.6073950135568772,0.449491184874163,0.39561502479962557,0.539579858688674,0.4557493558632128,0.5996315903643701,0.463320587738956,0.580657691229757,0.6129169465844094,0.629288465067198,0.5739234287794578,0.68091600806842,0.5872290607947128,0.6468420471816821,0.5792886025762439,0.6903011442568173,0.6171298180481821,0.7045735995328565,0.42647082713348916,0.7896828451416801,0.7488425392058877,0.7703143583764616,0.691841578969174,0.3879181074543224,0.6723112084818396,0.6697547106868732,0.4316983435563219,1.0,-0.011129020414769361,-0.025250490512278408,0.03455563323372851,0.007210365242989459,-0.07987344395143574,-0.05738448326447029,-0.05162469143427893,-0.02511100252779513,-0.014614587464949706,0.004279225186682912,0.0414936861793569,-0.0365368877228144,0.005870452096725018,0.039142104042865486,0.017752148478426686,0.04749172086219006,0.0922614235043436,0.019904946257464518,0.03990463792907688,0.013957381659531741,-0.003533043088881014,0.06367115749100767,0.06661105088345427,0.06455950668092963,0.049721286840075374,0.0560267190257913,0.04683260987124244,0.12806920059628,0.10891001166050326,0.1841129330271283,0.14203107220950476,0.12919352423740899,-0.04151342163218523,-0.038361621178291734,-0.08448801181368679,-0.07222729020782825,-0.017592446809399507,-0.04504851373624292,-0.0222137220106072,-0.053230905447531604,0.023070607827669128,0.008829700786628637,-0.01938625245660082,0.08606130434748059,0.0510003517774115,0.0912596921158561,0.07793801799567072,0.033163758349839124
C3 GM left dorsal horn,-0.1189267655393043,-0.03074744712559082,-0.007310177105035425,-0.052841300606950296,0.05673932095883473,0.03826121590507541,0.0718552441147191,0.0498730814241656,0.06470557009504425,0.024042874831375002,-0.02358763499404661,0.035723480101182245,0.08745801253394486,0.04474198225331397,0.06039657894412118,-0.02257078334329444,0.03095132474454984,0.07658374981845022,0.0790973197533798,0.01324948078392286,0.04287848841600123,0.023799472362531663,0.14611843712731504,0.0834957733707874,-0.008123206652914269,0.06548799633155157,0.11780331477560217,-0.0072350354473724315,-0.00456881275006599,0.0717289918218089,-0.017877638157626295,-0.022441359992008546,0.012563245900562485,0.04735831536021576,-0.0031094831273528866,-0.04152045865630165,0.029794375703356475,-0.0016474339425252165,0.013589610463937422,0.03302148276217768,0.01919596423767728,-0.028207147293094304,0.015775343466482256,0.0013239547418159223,0.004107680504827491,0.02401114092488579,0.02605827302692106,0.03621740074163055,0.0010486760119888256,-0.019632784319923,0.03072930347618031,0.0396160034181595,0.01983096514858103,0.02925527593929516,0.003124468103160402,-0.023428220254739108,-0.06919177635090695,0.10004983343025188,0.08524427949137368,0.11551871128405723,0.1334192281970998,-0.011129020414769361,1.0,0.821483378269999,0.7299780802914243,0.4934937577288291,0.5703470055531057,0.4639255028917154,0.7853940613153956,0.6794605773676141,0.27348651533681206,0.2230048865143125,0.23015677769405227,0.14071124060119305,0.10999328837473411,0.044225631352544925,0.19554652180412144,0.1892696120146865,0.11377479637613515,0.08003816369184094,0.03417010055678866,0.09497152877245904,0.0956876330124083,0.09518935691083599,0.06212400842592488,0.08202589486863233,0.08321658763449519,0.02674956708882427,0.03977860685399747,0.1317209136142036,0.09080083410161258,0.10055518701668392,0.11783055623056944,0.11207078736876824,0.06411441794756752,-0.06435482484720535,0.021127545372208727,-0.14084309399621972,-0.12729134729343067,-0.10420701294008566,-0.0400204199031881,-0.07312541482247938,0.07664803051953205,0.01357154269855415,0.038714042073278304,-0.024669435767389964,0.021319248081572036,-0.009874639825722705,0.020879630901472986,0.02642202118485072
C3 GM left intermediate zone,-0.08930558312337598,-0.042492820607207625,-0.04817849899328501,-0.06995184514292177,-0.013908835959540173,-0.005008046438390956,0.009853933926907015,-0.009397917327971702,0.043642549185633636,-0.02836000931529593,-0.020417383204521453,0.008145819964327342,-0.008138612836868333,0.004888534590198117,0.001914629331616502,-0.0006514910658820604,0.00975220492375085,0.07687904498893881,0.04169170707134386,-0.001770485003046304,0.009064998259895755,0.020471041956826048,0.08772308805010114,0.06391889683335951,0.026897153349463597,0.0705563955304663,0.0956663543157333,0.006282918032643631,0.005243101774135311,0.07311628047214386,-0.008031048960251464,-0.03775692501557145,0.008488222569013128,0.027146775505992125,-0.057947781082912965,-0.023003647486724427,-0.02986581573607214,-0.02179606967187248,-0.01500864783100409,0.03142019538433571,-0.046051496300149035,-0.03166691549041865,0.008650617205018031,0.02607105097507222,-0.011872488833895462,0.013358121974161086,-0.013979393538481785,0.014941873756709079,-0.006843007883138459,-0.017476659032814448,0.019693016320252048,0.035510553972213824,-0.03942968210343675,0.048098799933357424,0.006274957733338948,-0.02545794773250472,-0.06037491541929605,0.0675764523012754,0.08989006269700013,0.10800371518000296,0.09977853286009859,-0.025250490512278408,0.821483378269999,1.0,0.8936192341604268,0.5097291674196918,0.7290194480317791,0.6405282638530814,0.7771390321524706,0.8050679064330405,0.28193789715077866,0.26136120046046096,0.28722065189576107,0.20123018318241703,0.1723786193274957,0.1104673974602711,0.26794712055119907,0.26989052764977023,0.03757510014437143,0.03721344297689846,0.003382621599007668,0.06087897898543282,0.09177798650729217,0.1091675073396289,0.037526560344659066,0.07688755545632628,0.06547577097202736,0.05225399262861719,0.06387106009651208,0.13835492796038967,0.10999199346729507,0.11600071308893703,0.12313249767358074,0.12837046186090528,0.08325263816601093,-0.02732584379319269,0.04668978320979569,-0.12375941374954974,-0.09452605583263778,-0.07566483372496481,-0.039457989416441866,-0.03827251797878009,0.05025349912583501,-0.000359257884557051,0.02403906313486314,-0.05704498075235674,-0.007977968043745032,-0.029232374256663772,-0.03185919427752829,0.014949902081817349
C3 GM left ventral horn,0.0033273228951397134,0.02495574992920701,0.0007796801369479308,-0.030312632499636113,-0.0029614728367149423,-0.011667671350407118,0.01759829226695384,0.01331273179382991,0.06584761245360919,-0.00022246082071660571,0.028694263775975316,0.03894919037909658,-0.01768347834008198,0.044620979667012305,0.013510889556358006,0.06730835661698886,0.0560740233512072,0.15328884933243908,0.07695841580347666,0.04448656997767236,0.03902118600835032,0.08000449382383118,0.0890145846748788,0.0912169373409855,0.1238440284932768,0.1466943573970688,0.14908386373325072,0.087004125708967,0.07884481833440977,0.13340923052123277,0.052243345430323045,0.014720795794381972,0.0641249936536842,0.0919828958620607,-0.025340910058260953,0.04113120669829754,-0.034600907634619225,0.0032714616246817896,0.01708857020818268,0.06140710269726476,-0.02513851504484768,0.023828445748242822,0.05856479027816098,0.0693025827918799,0.027814436864427645,0.06738595817170494,0.017280475210785455,0.07155573534380034,0.013963538880709152,0.039302035484414743,0.06010954181702134,0.0849319711325351,-0.0075245760474270075,0.12898880308260705,0.08060571677270763,0.04731912636178982,-0.004951108996364419,0.1064527079823845,0.16093527599834928,0.1549271099392767,0.11436068678755115,0.03455563323372851,0.7299780802914243,0.8936192341604268,1.0,0.4304808279611829,0.5725090071089309,0.5627720820477782,0.724533316223756,0.8039497970378712,0.27037198923060946,0.26963633238246865,0.3273033985820672,0.1684258046217486,0.15672137979481018,0.10829568212413293,0.2648218719494588,0.2780515524268118,0.0645690399525871,0.06623692143037842,0.03588603710599891,0.08238678256868252,0.11445056580814213,0.12950656934068336,0.08802724637062337,0.10750043094981415,0.09044204498000472,0.06773041897431405,0.08095262475305813,0.1035325054473235,0.08588010470867068,0.09444178108539523,0.1413484433291665,0.12310154882642249,0.07621177609445669,-0.06511282025782152,0.030086712175406802,-0.13288993208930153,-0.1251492684293262,-0.09319269017622688,-0.07352560807176141,-0.06770370129382637,0.025379663526035608,-0.036886565626649236,-8.547019290679171e-06,-0.0005768688990240122,0.00844810300259558,0.009007399424069699,-0.00028664035754446323,0.02407251280511061
C3 GM right dorsal horn,-0.11991468007104424,-0.07587699008282026,-0.02494491995210219,-0.035598225727424354,0.00019415703585494968,-0.03142694841380335,0.0021986989743863327,0.04283232429957337,-0.00421078930939724,-0.0012351942904920248,0.015279478941734329,0.011576566121790005,0.028379583763642545,0.06604310191872176,0.07076184027811387,-0.01821930875147829,-0.015837740414651066,0.02010685300790971,0.07556200208468684,0.04587610751964063,0.04217258059528154,0.06293592729303256,0.15124532611356906,0.07018882534947886,0.00034796198290653756,0.02768114967191349,0.12153701119663064,0.03494035544008191,0.042188443818814376,0.07652718959996159,-0.051922669265404446,-0.015639182144254422,-0.014788389255958415,-0.028734925172832968,-0.018423387969927364,-0.04321530450053434,0.02012611206634686,-0.041319397497389575,0.013420177637235695,-0.026987938087177834,-0.0019955749931181628,-0.03649959084952812,-0.0001132480710796591,0.011698446790662502,0.021758462324367366,-0.015001857959728377,0.027459396523315856,0.040672696068787935,0.007358856060081995,0.01775359844306636,0.043929684761890006,0.014938033094734002,0.030349828733160097,-0.006843895450370901,0.02081829022571039,0.0157586357367311,-0.011558088626918497,-0.002345734922669829,0.05092432648497355,0.05593632319500758,0.09169062841422182,0.007210365242989459,0.4934937577288291,0.5097291674196918,0.4304808279611829,1.0,0.7306697151473984,0.5785423526437642,0.6396231225110117,0.5523830002065733,0.17762345124836607,0.17261912917642,0.16007887645886096,0.16955678209664168,0.15364212603500932,0.0769133064992546,0.1590752590091256,0.15637478297964633,0.013321631955411115,-0.04758162790138451,-0.06616555039594604,-0.04376831290886182,-0.03603989846449236,-0.005269374694754137,-0.04971291361668091,-0.04534420733589688,0.0877044850964705,0.07607197462621239,0.08788046860063829,0.12730337418693735,0.10415977784053569,0.10255322946607605,0.09575069733256919,0.11475315462481855,0.07853981535077476,-0.004691046604084924,0.05602979284933801,-0.0654699824868391,-0.0534047415808329,-0.08456646821940979,-0.006615923331303619,-0.03956048582122522,-0.019137485008493653,-0.07844752978317791,-0.013655690903894785,-0.015378451961240058,-0.0011843451711316718,-0.02943708483940609,-0.057934699321062634,-0.022429702601195662
C3 GM right intermediate zone,-0.14730013769104713,-0.16631046401050786,-0.13426115537426037,-0.1557477196985732,-0.09018614823523119,-0.09596579449328588,-0.08721837860747639,-0.08515638428278663,-0.044357039021455935,-0.09244345750038536,-0.09573567747359764,-0.08361286459337967,-0.08091194876518175,-0.07062529554224818,-0.0687587678737762,-0.0761516457972431,-0.08855026652917597,-0.050538032736658994,-0.04572551039653233,-0.07003658910368368,-0.08106524714327708,-0.05192492729168854,0.026425009619466887,-0.029784648110578463,-0.045816300330914016,-0.026607919440122627,0.022272267349876397,-0.051789657471755526,-0.0482998256268918,0.011220180908794126,-0.06025907076020627,-0.11922724088788074,-0.008498954667934008,-0.05997423359057525,-0.11597039607244881,-0.07212453122097004,-0.07739187992933853,-0.1202724710320424,-0.04312959299069132,-0.0749631886932282,-0.09623218637921604,-0.09539878179985288,-0.08362651877686066,-0.04836878033327329,-0.07858999330546453,-0.10165823261548892,-0.08527707802066102,-0.07722089370793506,-0.07604849417029842,-0.09736925132824596,-0.07429397471532573,-0.06120593611114167,-0.1120699831579515,-0.058670393683477644,-0.07978774522102076,-0.09140248909844005,-0.12062913194964625,-0.06088020310873748,-0.010359907916870916,-0.02105710645695178,-0.0018616825612589767,-0.07987344395143574,0.5703470055531057,0.7290194480317791,0.5725090071089309,0.7306697151473984,1.0,0.8493792649224525,0.7006320375760974,0.71566837845654,0.20513745125915647,0.17623837530876987,0.16929045857513514,0.2046815314219068,0.1649137995620026,0.09741737853696646,0.20202692191661256,0.18467880502422132,-0.05714342936312322,-0.08057207993997796,-0.1104364760852814,-0.06408806154286666,-0.03618219622893154,-0.003740766926975275,-0.08968927986595074,-0.05966990187922114,0.039900878934619174,0.05620924315965899,0.07535760312410424,0.13593779201024656,0.09950381857307929,0.10000875962019833,0.06586642018607249,0.1139319256377313,0.09167341108386466,0.004257058314122595,0.07759047497697444,-0.07972320256330126,-0.07427780337080611,-0.06625223205680439,-0.009053902321567674,-0.03175508008116178,-0.07269403393084099,-0.06558542345049886,-0.036903772256978655,-0.08210924282063606,-0.02810503077776734,-0.04923168046429244,-0.0743762534375122,-0.013830661165498354
C3 GM right ventral horn,-0.07584068600116498,-0.1466389485622517,-0.11516480336437558,-0.13053118837523883,-0.11887463139053862,-0.12552581910836733,-0.10029554154391042,-0.10506786147724614,-0.05033752368042619,-0.08522170310263122,-0.09488988225636524,-0.0795967417339348,-0.1313150715832951,-0.07525903255488661,-0.0782120334749873,-0.03694890405576998,-0.06300709899641961,-0.001931510638365529,-0.0506211757551505,-0.05235460256102602,-0.1042762119504806,-0.03996380060621316,-0.0055960368060470845,-0.030773748427747456,0.01884245743168249,0.015828955436262816,0.03877095246070307,-0.006637718123933853,-0.013478132422852509,0.02081859094885074,-0.009716737711864393,-0.10793828765916438,0.035023605684435584,0.008744671575742017,-0.10641519822540031,0.021102253263944413,-0.106814442719128,-0.1255252827188848,-0.029617793211151374,-0.07006781372812808,-0.11547806516674822,-0.10468382731090957,-0.06493714616767361,-0.00999458315058737,-0.08280994986117081,-0.09505597000199846,-0.08594302462311765,-0.058576608089738656,-0.06860700722614732,-0.07317931386227747,-0.08564131243175,-0.048873385213947095,-0.11761069019480447,-0.01090075850179867,-0.0476061918313827,-0.04530109582197483,-0.09712296965502433,-0.05015667083968908,0.011356299384480607,-0.01877607847745357,-0.04360836985831165,-0.05738448326447029,0.4639255028917154,0.6405282638530814,0.5627720820477782,0.5785423526437642,0.8493792649224525,1.0,0.6390200650471102,0.7519193502363353,0.20340352178389579,0.17523586228432145,0.17842087607350732,0.2015834141779971,0.1701814690778425,0.12921931812182014,0.22311796050973107,0.2065979839689019,-0.07041490610831735,-0.09331847851432662,-0.10222875638072958,-0.06936217873133911,-0.05930578754792296,-0.021460493313950696,-0.08484254397084917,-0.07031188491087169,0.028080164462003895,0.039003189545352444,0.06594801301525548,0.0990424285869574,0.050327154250515135,0.05675487535933246,0.03154366086334664,0.07623610670403515,0.048969214082377095,-0.039224044234206334,0.05864262428085109,-0.0802284597706247,-0.08494108539355862,-0.05526570789806391,-0.03469464821659275,-0.045652020868597674,-0.13602336803307555,-0.10971666451788949,-0.06139682409980149,-0.07394524501166724,-0.022514603206091128,-0.024637820075013063,-0.06647612454388035,-0.00402927763413417
C3 WM ascending,-0.14711177598613326,-0.07787878812715048,-0.09595222519359348,-0.1345714077971959,-0.05442957930921989,-0.02782536709599837,-0.02712203038381048,-0.033132968762265,-0.009897814044469017,-0.029273162346485408,-0.0819041098053623,-0.030691441363501767,0.01609474809258356,-0.0341229718880046,-0.00436286210310675,-0.07447203588742017,-0.05007908874929915,-0.010638385038111616,-0.0057085529281579155,-0.03409371234520477,-0.02472964843651157,-0.032640366266816496,0.06862708662287588,0.021408902141271103,-0.023689880210558532,0.009506015614112826,0.058795306289340314,-0.046631140224271964,-0.035851707344713206,0.05123627470058033,-0.0210651463883447,-0.0598508319667895,-0.006658946288062757,0.009578656561811947,-0.08568051049648348,-0.04997688619558134,-0.01439405864008567,-0.07871990450735808,-0.07747260315256058,-0.05941715053950804,-0.06905621235829222,-0.07033504416099594,-0.031812965425557824,-0.0403849640388479,-0.06382712052377693,-0.03711100010314205,-0.053130932398893785,-0.02712152766460522,-0.05144229774873557,-0.061960940096719215,-0.027429630600556042,-0.045153211171456716,-0.05617408479627756,-0.03280371709218203,-0.058476041827972856,-0.08433308514740094,-0.11662466999765403,0.009180373972620916,0.05677350575010845,0.037175000994895034,0.088853976397515,-0.05162469143427893,0.7853940613153956,0.7771390321524706,0.724533316223756,0.6396231225110117,0.7006320375760974,0.6390200650471102,1.0,0.8168919576866793,0.25509134810403317,0.24880801459471857,0.269945934393627,0.18657844496339124,0.15971941977710663,0.09906563865893511,0.29294653304226326,0.25340728470388335,0.10017917399499725,0.06563804562494928,0.026093873669838945,0.11008423722146941,0.0887910944677688,0.09179029690666793,0.05938594432515881,0.06531476854115296,0.1381545770417932,0.09173987346300029,0.10779753776655013,0.14813976177834093,0.11263622425180754,0.10645809862832686,0.1591521308809372,0.13652507525879745,0.12687630632843733,-0.04701357660670436,0.04204052254167929,-0.11578907120270714,-0.10944733856873361,-0.08350123152316348,-0.008919829892085665,-0.055214944313424594,-0.01203567711690487,-0.07520505188984201,-0.003933582492937787,-0.06030592938913524,-0.020477370959662743,-0.029503521365291507,-0.02403881190970243,0.00215553584408032
C3 WM descending,-0.07841902088574855,-0.0768451174281955,-0.08281997522934749,-0.128241725274913,-0.06340838498268406,-0.05855501994192261,-0.04076601040482975,-0.05561674929441716,-0.013939854465752721,-0.03850626884965982,-0.05587206020023131,-0.022387746418916058,-0.06529415471669278,-0.03384470989569921,-0.03767338498559184,-0.020251877363534846,-0.01865717815989464,0.059096916012072995,-0.013276486139608626,-0.014244699145602552,-0.05013148950741744,-0.011149400631858437,0.017766482434385347,0.006299469034708736,0.03811463459285434,0.05518538536354223,0.07141601239044688,0.008768499500936524,0.0027705468700783544,0.050320599546360596,0.019406929588598982,-0.024527096431126588,0.04767033086672413,0.060168962577884455,-0.09011833488349451,0.02815548125878661,-0.08438758361691608,-0.0725085054830977,-0.029442490120298852,-0.03715134883919208,-0.09904842888137731,-0.09001493927884152,-0.02203284183056457,0.005417648258076136,-0.03410587548968523,-0.014315412312772006,-0.04279157000095369,-0.013639587149431899,-0.03003581289216363,-0.03132553266394632,-0.026265336102960148,0.003139899175398644,-0.05438731740509177,0.04292948556628901,0.002227409071338511,-0.010379712985003313,-0.06448796533404691,0.02923836951568031,0.06383456222643173,0.05737340827658255,0.028725271565976318,-0.02511100252779513,0.6794605773676141,0.8050679064330405,0.8039497970378712,0.5523830002065733,0.71566837845654,0.7519193502363353,0.8168919576866793,1.0,0.25784129775130504,0.2336303300646751,0.2699794411562938,0.1981690650750096,0.16046029714092572,0.124772473490855,0.30108268237940433,0.2972113337096455,0.04108961659623439,0.014754647212282547,-0.0303540526249471,0.05226972508577073,0.05837536484115633,0.08010817053902312,0.036591810234021756,0.039058447173044214,0.08269710513123753,0.06428998999465951,0.06059153991761726,0.12062401529364375,0.10959268581460811,0.10424848134910594,0.09380387412690448,0.1266080150611538,0.060758851048458705,-0.08345171771106155,0.0003570751713169928,-0.11133391782322437,-0.1173069136657621,-0.08473796419749441,-0.044909743644881504,-0.08340261445096364,-0.056589624216326954,-0.040033074491943425,-0.01744111524049851,-0.02012715231576303,0.05071586538369774,0.02431107312771324,-0.009330404767081812,0.04411364321516982
C4 GM left dorsal horn,-0.02841103637883947,-0.07416052394923268,-0.011317210005739316,-0.0392490615423718,-0.08458816592630851,0.0014347338417620866,-0.037549853662026615,-0.07595770911332021,-0.11062198079473404,-0.07275688333691015,-0.04363805453207958,-0.06502731247755021,-0.0838791649880863,-0.04103396983278515,0.010267867711543737,0.009855590294339826,-0.020899920900631457,-0.021233202141439922,-0.01922450361740467,-0.02963295620936172,0.009950130872668564,0.007623322945829557,-0.018187299219176705,-0.03895214045882259,0.004693735191761563,-0.004493968268752815,0.0013006201688952254,0.010080701757542622,0.014645014646828575,-0.015205297712879597,-0.03164606220969246,-0.018719319346660795,0.03395178770833202,-0.015167880742477633,-0.06467228974703254,-0.058841042236660396,-0.10790845656841222,-0.09038330552022984,-0.09349927079107778,-0.05451467788888288,-0.06772783911627737,0.028588233181953273,-0.04017935110119005,0.02676055343261359,-0.028249917592575745,-0.010665027988502319,-0.037352442386355114,-0.02122303654314744,0.036943421537685865,0.0029167904004965104,0.005320258874185735,0.0025156330762212925,-0.03842742183550726,0.028571252401694273,-0.005605166861968046,0.01406392576405859,0.012587131192544487,0.006328714833274741,0.0042593292276843,-0.00484736846661572,-0.041063233938932416,-0.014614587464949706,0.27348651533681206,0.28193789715077866,0.27037198923060946,0.17762345124836607,0.20513745125915647,0.20340352178389579,0.25509134810403317,0.25784129775130504,1.0,0.7992309533933819,0.7384624635001032,0.34267781076000786,0.4252880704343649,0.35820358892782217,0.689160432407702,0.5544762168535147,0.13464331281866734,0.1542286560416578,0.12084469276547376,0.020513169737188898,0.14193967252200837,0.17551005618434765,0.06170343271866564,0.20342870755482853,0.0904366466304674,0.07845393599118639,0.10693754125259244,0.12714385715352938,0.08107317592132912,0.1321809353575295,0.13362187751324633,0.11879776884910515,0.03174574179580524,-0.04379441039497817,0.023193188364229678,-0.09073020850153997,-0.11184291752641139,-0.052738031955941955,-0.006384185289289342,-0.04154470346709239,0.047956336142282056,-0.020553727777722124,-0.04404011932170498,0.04381769839213792,0.011798527869788772,-0.006362157905042284,0.025218940050819493,-0.03750939754539174
C4 GM left intermediate zone,-0.033930701754383445,-0.02444506091140833,0.024362212323071543,0.021066022375893428,-0.024337084807051393,0.07214778174887297,0.0135045580173968,-0.008797651398494168,-0.02752006863489971,-0.013833850010175676,0.04123254766327289,0.012826953250630014,-0.026701281990009543,0.03292571353566648,0.057089080678609086,0.06731914562470175,0.03669606358330702,0.04730042781576742,0.06999787104575048,0.021453822857345,0.06145050217261102,0.06468926955493257,0.06036608065052652,0.012214713629878679,0.04646669286610948,0.04011550467704839,0.06420526910075412,0.050212897011609414,0.06002409456685779,0.02566461401029804,-0.029250827828782563,0.0551810220548134,0.019146546863852684,0.021646358047664516,-0.010254246025542217,-0.0013543605571789093,-0.06474763984843211,-0.01916588224517381,-0.016827139790375395,0.012483912042330611,-0.002586208856179521,0.12382084481023264,0.032869094789560224,0.1102031147594085,0.017770478961977233,0.0691160503513012,0.007390739104686758,0.044868040470157335,0.06219976292638612,0.04660446435620915,0.04752765089618748,0.0594357601096336,0.03376493906920141,0.06486403764082226,0.04483868573100375,0.06058462519894274,0.012888324291934367,0.0675328877114645,0.03864694582962624,0.038542676779705506,0.014125378730405223,0.004279225186682912,0.2230048865143125,0.26136120046046096,0.26963633238246865,0.17261912917642,0.17623837530876987,0.17523586228432145,0.24880801459471857,0.2336303300646751,0.7992309533933819,1.0,0.8938954423259634,0.4052623698678154,0.624040045876499,0.5341377224321547,0.733202228239064,0.7674363847630612,0.17390267394939435,0.2185645453491984,0.20079601098427372,0.08563736937713567,0.1893397157347353,0.2172867627054405,0.13646421590374155,0.27294376299894546,0.1099938556666819,0.0889044835053854,0.11773574141601349,0.10996496752806371,0.05771665950037192,0.09714656924297176,0.15401112793890193,0.11217183748883863,0.020486550476044963,-0.02333172528652153,0.00933257472380843,-0.09853793779999674,-0.09151460659516894,-0.05689612667358294,0.01673816425332929,-0.023604968958494944,0.050602728083910566,-0.0543182008545412,-0.05330134790029764,0.04109025987938089,-0.032857541755566114,-0.061161734882698306,-0.0005667724101315044,-0.08892436395436823
C4 GM left ventral horn,0.04267768971232084,0.024028147111000663,0.06384592716179208,0.056149832321725934,-0.040287116912386206,0.07765870138330593,0.017839902284939868,0.010119637991318608,-0.028046052380339827,-0.0024401069962879172,0.0811588783246947,0.01756104902608465,-0.030557467526967978,0.07210495506453507,0.06763571689080977,0.1045808840635609,0.07513756459702138,0.08706088158969938,0.10181252462424119,0.046979366705747816,0.07227758063360397,0.09907592253323476,0.0608928683195818,0.023986842582722552,0.12045455488538746,0.11032855015326667,0.11902798144303546,0.1039266717535505,0.12356516667327615,0.08950054621054881,0.015713859703772887,0.09579600545427482,0.06859058203520749,0.1038266370059355,0.038224526092567324,0.04646299819400117,-0.09073365111454733,0.010882619300180332,0.01067932986799331,0.024786588534684427,0.005363510671261352,0.1371776576784542,0.07752542484361315,0.12682124955212276,0.05400563738656808,0.07065276745455755,0.025789007932347747,0.08456520067857748,0.06971835620896069,0.07380504317946672,0.06013084518885176,0.0904870392942694,0.016209892032448957,0.1156917087024207,0.09432128551443363,0.0966680093112375,0.023835662274642375,0.043283542359042915,0.09275906029582122,0.07721345328856509,0.022989238615787812,0.0414936861793569,0.23015677769405227,0.28722065189576107,0.3273033985820672,0.16007887645886096,0.16929045857513514,0.17842087607350732,0.269945934393627,0.2699794411562938,0.7384624635001032,0.8938954423259634,1.0,0.31356835726801385,0.5123802530301367,0.49368915781163897,0.7259300221065801,0.808559750438294,0.19747651755374704,0.22836493740815725,0.21756155995051932,0.09376164504034062,0.19500114483404332,0.2363173417840399,0.16045322979599752,0.2920631692264286,0.18573672297848964,0.14977403353380722,0.1852181770002173,0.1547095234015924,0.08767997275538755,0.13295396773027046,0.22279362179982867,0.17521108865229057,0.04513229440058571,0.002875277954234608,0.025481438170544532,-0.032676403806033504,-0.024511804070080377,-0.004640643108806402,0.06888680525486965,0.013643851344968054,0.055436890321394774,-0.050419711726578845,-0.03969471917563546,0.05327480948963402,-0.00914647238888303,-0.03652483409169149,0.023199416210674104,-0.0691723759270284
C4 GM right dorsal horn,-0.16730914383314271,-0.1114342842691134,-0.03033102430113872,-0.08891863542051726,-0.035287795796375296,0.006176473263396924,-0.048765861019533334,-0.04986062329042481,-0.02917036203525565,-0.0650909612893379,-0.07125642650340495,-0.009461366417017973,0.0015547801281093866,-0.05744460998531869,0.017978773068521175,-0.06555173197527568,-0.051548516763348345,-0.03698875645642325,-0.031338352075358684,-0.035554604672463755,0.0006731249677283855,-0.07122244348288917,0.022312783872003965,-0.04490613771006959,-0.09597694109673298,-0.08426824993043226,-0.07348741409777682,-0.06595918455377059,-0.1071525921986506,-0.07282285051653811,-0.10063941982205667,-0.09443411498225081,-0.10183484840366319,-0.09100350450910215,-0.10211833450365489,-0.08370637368953353,-0.06299848749241051,-0.07229200940974125,-0.06097002748918301,-0.06204640739850315,-0.0951925828016104,-0.05515900134369565,-0.0846591144437607,-0.008395539769516678,-0.05514339819578393,-0.0452924475418878,-0.015916855592845648,-0.04353588303408255,0.006109305482333127,-0.03380288041833061,-0.009548817031559183,-0.050553542883908884,0.0139847193670816,-0.0830597634397103,-0.06476164195561834,-0.023354713477480374,-0.006840882399722271,0.05649516056651655,-0.09622185843963903,-0.05008207331285582,-0.013711602787171024,-0.0365368877228144,0.14071124060119305,0.20123018318241703,0.1684258046217486,0.16955678209664168,0.2046815314219068,0.2015834141779971,0.18657844496339124,0.1981690650750096,0.34267781076000786,0.4052623698678154,0.31356835726801385,1.0,0.8332170477620138,0.7052186359984204,0.6322131039553407,0.49046405940850024,0.06635021982702333,0.020867302200263057,-0.00808608200074817,0.04454164568195942,0.04741921486743411,0.07504224879345939,0.010334024105696338,0.027642246755669092,0.08193983616282505,0.03199268480760388,0.05164988554074354,-0.03647527202845124,-0.037963461565157924,-0.043783365079104464,0.013828746663091435,0.004784719544223418,0.0143978281830876,-0.025952451336311744,0.0256357713182727,-0.07016679490928972,-0.10863850947393662,-0.08638767290284344,-0.012922066901090495,-0.05820091969939371,-0.157470967770944,-0.1897819076566315,-0.18747288673501608,-0.08250797473907569,-0.07377209743115061,-0.08904742576581452,-0.16520919416149277,-0.1811501125165946
C4 GM right intermediate zone,-0.12367358290813854,-0.0877291942366435,-0.0101802641428423,-0.04277995897991667,-0.011892225780604643,0.03590606276187194,-0.021215415994642186,-0.019470026234679926,-0.010669489456097685,-0.04495522867114023,-0.046069965662508,0.0051197462098899055,-0.010297119045790625,-0.02326265793074662,0.01456047837049169,-0.017267680518833074,-0.020527630141753874,-0.02663623571863879,0.002013007263640002,-0.016566052522251906,0.016959568880198672,-0.03196762984922555,0.035437969709873854,-0.04044879021407642,-0.05354327234301,-0.0602039089683158,-0.05048149695993853,-0.02436763636667512,-0.054088519744843466,-0.0532176164353243,-0.08683483267688592,-0.06597243228018514,-0.08596908548862553,-0.07308412058192577,-0.08619741801201602,-0.04413208707358349,-0.03610875573620997,-0.04783820706284115,-0.045531304682036325,-0.03199461903762774,-0.05733627222647499,-0.0006379860243715126,-0.05418036346292467,0.03549738196067537,-0.032182839019747916,-0.013728964114158972,0.0009724080775288492,-0.01862787250420294,0.0069964767034152876,-0.016544559465399403,0.0011157684297555558,-0.021797376411921157,0.029757739274099353,-0.04117369566828213,-0.03679627241933079,0.01671084810903832,0.009913690011706265,0.0744136302378012,-0.06912866045936612,-0.0343200132029169,-0.01998263800383589,0.005870452096725018,0.10999328837473411,0.1723786193274957,0.15672137979481018,0.15364212603500932,0.1649137995620026,0.1701814690778425,0.15971941977710663,0.16046029714092572,0.4252880704343649,0.624040045876499,0.5123802530301367,0.8332170477620138,1.0,0.8928700685207683,0.6921883574404278,0.7047379617052324,0.10227728215389173,0.0935484850501491,0.06188336870864083,0.09614633210817651,0.1272423904608382,0.1563081657713889,0.05629341372550961,0.11049935123213389,0.04944893439560744,0.011514029505080393,0.02938080860729564,-0.038503456493014905,-0.049418992341602644,-0.051069046203084445,0.017326414756758387,-0.009995515745823896,0.027250679126101147,-0.008181272735107502,0.03747483708892834,-0.11125648320216552,-0.1169159814236978,-0.10964457527807163,-0.012988724451209856,-0.053658617015184235,-0.09111022090153183,-0.12481676531087563,-0.13371650876599164,-0.024441960096504876,-0.039762119752921585,-0.06642141612139142,-0.09983489202019892,-0.13696770867651553
C4 GM right ventral horn,-0.062099649790555454,-0.054541354698441256,0.020836743687628778,0.000483968059937734,0.0020884171995344254,0.05427552364244982,-0.01278350145656802,0.01857454953619414,-0.027980244475046084,-0.017595708452255613,-0.017958626489205137,0.040420779404891076,0.02606323919106438,0.023472590309102044,0.03424645425635047,0.0039560167356509504,0.02197954570287093,-0.0003454632974249086,0.03883869436277299,0.008754849997886123,0.04791942858494474,0.00480987114986012,0.04934159738976522,-0.027787923435805377,-0.006193725334658926,-0.015542433947568013,-0.01882990911329994,0.015688654714592038,-0.003792090882099365,-0.013994517559237524,-0.06824614226468861,-0.03060275289799658,-0.05273535864371091,-0.034626406626188426,-0.051076783317256805,0.0194074707973766,-0.009430347403258075,-0.009387158103157116,0.0013280930746494561,-0.023732890559102437,-0.012846968925512044,0.011092727643139797,-0.009764299315812486,0.05787548500292643,0.009826505143685297,0.00044648515623859416,0.037657797098060254,0.019653107532740903,0.0390717950699557,0.015169857040741723,0.02636431759814339,0.010202824540917277,0.04265784730512858,-0.005978308761338101,-0.012037548110095535,0.049621890798646116,0.02404730335523428,0.07241763476025105,-0.032876269103513614,-0.00516018458377277,-0.006980316410647906,0.039142104042865486,0.044225631352544925,0.1104673974602711,0.10829568212413293,0.0769133064992546,0.09741737853696646,0.12921931812182014,0.09906563865893511,0.124772473490855,0.35820358892782217,0.5341377224321547,0.49368915781163897,0.7052186359984204,0.8928700685207683,1.0,0.6976563839214164,0.7707270375732224,0.15676506293991727,0.14602457027447854,0.09812867296118062,0.1520108908902599,0.18956811845612828,0.2153916668392459,0.10996161933324718,0.15940963121201954,0.08997933560556898,0.054683905099312966,0.052109605721651985,-0.004270771857244368,-0.01843333251312815,-0.031984920068030644,0.05098861343152435,0.016725409181413065,0.07410163030028845,0.02218783804375351,0.10299576467445838,-0.04894425754744499,-0.06424583795816464,-0.05887057832506766,0.049809966837427826,0.005279229616580714,-0.01873566765367479,-0.04275941743651647,-0.06636193083535409,0.009981193222074131,0.01056645969950378,-0.016627751602136354,-0.033083583184975125,-0.07787692088272012
C4 WM ascending,-0.0009399554242093887,0.008111728802329785,0.056206574792859045,0.02677973440079275,-0.05394780535553777,0.0666220560584176,-0.002939172981528488,0.01752547669806805,-0.01998151393987126,0.037148023775788866,0.03339956149316799,0.06527737834950705,0.03808120930571919,0.06154930537032194,0.12295195084731826,0.04607173890611935,0.05697489745655951,0.052350953045853126,0.08626841566562432,0.025324705958431164,0.10958050140940227,0.07803976676433763,0.0636905885459346,0.02855815625784809,0.07515845862577665,0.06429156448341641,0.0826658245612519,0.072420779988879,0.0791225860755332,0.06730053865281832,-0.003225940608407756,0.055083579590468036,0.0468506314909056,0.05454211853466757,0.006605332810810139,0.041201355256007606,-0.07361958906168753,-0.013491569421220262,-0.008867470005544605,0.006999820612754268,0.00533352161369066,0.07312578455172218,0.05759723760381263,0.09467544104985019,0.04313085974403348,0.04741123400307544,0.04057457779745775,0.07577190752304382,0.09736676197567964,0.06387463907358691,0.08575673755782305,0.06656450276475721,0.02434698591052517,0.06908268476436129,0.049754340143105896,0.07495521040329668,0.04382923174688075,0.053723365048887084,0.05760303355136076,0.05671058981378029,0.038886466766075975,0.017752148478426686,0.19554652180412144,0.26794712055119907,0.2648218719494588,0.1590752590091256,0.20202692191661256,0.22311796050973107,0.29294653304226326,0.30108268237940433,0.689160432407702,0.733202228239064,0.7259300221065801,0.6322131039553407,0.6921883574404278,0.6976563839214164,1.0,0.7702330827155083,0.19350333165839723,0.19853392941897707,0.17805727600387167,0.08912428065025718,0.16628435429820965,0.19239582304550173,0.15741684347692406,0.2315952886273268,0.14941802120240624,0.11045486315364175,0.13755535587111326,0.07481090752122135,0.02160750697286207,0.05562687197204388,0.14540345206452363,0.11163356869861196,0.09899207848955538,0.02826497824539002,0.09883291530334111,-0.016952808238403103,-0.01635149017064036,0.018986707368601093,0.09273301581700912,0.050212292872794724,0.034871485747480356,-0.07485739983600839,-0.06557955601126074,0.07388368030537619,0.025617646030757935,0.03327470574057687,0.006638263547842361,-0.05207190351744625
C4 WM descending,0.02024298851898122,-0.023165417414484576,0.04926955324860546,0.03269928086380705,-0.037721775388931345,0.0645496445067822,-0.014048526800448788,0.01228226739008089,-0.03985957114342927,-0.007898384632863232,0.06106576356922754,0.027762096042051185,-0.016759320258727915,0.06761726665557757,0.050265789184484634,0.06789881262703215,0.08913252914981028,0.06809166139484935,0.07626394059971017,0.02764886492441047,0.05528825561632551,0.06448066962514962,0.037212052104537645,0.006213372378467221,0.08243629052539582,0.0784222993315542,0.0662463959585644,0.08908533035334859,0.09084616499647982,0.0694874464613051,-0.0068208803091030605,0.07792496631237238,0.026667346023264836,0.0705335754854555,0.00503420119310548,0.03973755132654453,-0.07662269942991809,0.0007876839990160896,0.023687756408986547,-0.0003872778243329723,-0.007333435903939258,0.08510588448256139,0.05005045144777245,0.09551685952347155,0.05251518418277854,0.05913937904931723,0.02897061748208752,0.05269013317036626,0.040311801690420486,0.04385390745045355,0.034238397804810104,0.07995034250070301,0.0010363416177346324,0.09215081993755249,0.051398116806580296,0.08343299668381164,0.011708253487379935,0.025729015141583596,0.06293517466981445,0.053579104051366684,0.012007344330803965,0.04749172086219006,0.1892696120146865,0.26989052764977023,0.2780515524268118,0.15637478297964633,0.18467880502422132,0.2065979839689019,0.25340728470388335,0.2972113337096455,0.5544762168535147,0.7674363847630612,0.808559750438294,0.49046405940850024,0.7047379617052324,0.7707270375732224,0.7702330827155083,1.0,0.19526028801955855,0.1980001673223557,0.1559077608501024,0.1664482470646125,0.21614891437249387,0.2559089446944964,0.1604828166224259,0.24802223243045898,0.18660132977941032,0.15494802272859648,0.15769701924856483,0.11850957018492668,0.07664274505679398,0.07102966830876596,0.19171981226728996,0.13496341376325174,0.10842314170848275,0.052968904614537037,0.10984251732080708,-0.005843930714713417,-0.009967320448568453,-0.006326793683158202,0.10976362280710876,0.052337482330709534,0.04253279069189765,-0.008207840787798517,-0.011873082406342954,0.03407891594328065,0.02519474912702884,-0.03664970800782309,0.012740055197578764,-0.0514047044764993
C5 GM left dorsal horn,-0.013252748079645715,0.01826378132431501,0.023113004574758574,-0.014954907159138827,-0.004411968301215049,0.03303791145785841,0.023976976881890568,0.06745501001052026,-0.007042453726546884,0.0809442976387382,0.10104038622460566,0.1151701093608965,0.22158101219125356,0.11576937079049143,0.13939694000773933,0.07006280964304325,0.06325047930443156,0.09167251538830841,0.1443507587558446,0.07140823611873837,0.13491645744886122,0.09796514143661784,0.20935281810751555,0.11267150342271752,0.13341208251298978,0.16038251809873502,0.1372850906458728,0.0747084421810216,0.0834122556259113,0.18839094133331305,0.006111302962953061,0.027352079900082645,-0.0022803242288668164,0.05490167965617463,0.04178228355161937,0.03501310353450296,0.03389249255275491,0.03253139770551211,0.10131507179765054,-0.004929915816502635,0.06511938448713868,0.11127522240931742,0.11282254863304372,0.07494735560656604,0.09944293078743867,0.12435774439481201,0.08339724875319642,0.09917834250631166,0.0815902038547247,0.06719400171540786,0.09944793547492199,0.11319547749255228,0.04992058898782533,0.08422126122963271,0.052399811481394394,0.05277637071948629,-0.05200045558761961,0.012784140790179734,0.1457684202851481,0.14624593380160644,0.2148652057823489,0.0922614235043436,0.11377479637613515,0.03757510014437143,0.0645690399525871,0.013321631955411115,-0.05714342936312322,-0.07041490610831735,0.10017917399499725,0.04108961659623439,0.13464331281866734,0.17390267394939435,0.19747651755374704,0.06635021982702333,0.10227728215389173,0.15676506293991727,0.19350333165839723,0.19526028801955855,1.0,0.8452173416067267,0.7640688083745791,0.4570773108744122,0.5807353163331197,0.5185398736266716,0.7443578948795077,0.6870332673909766,0.45161513482336396,0.35995833988720594,0.31924808659381254,0.2677549041560079,0.27891773931088687,0.2454354545764909,0.37358160530243345,0.3509410735263604,0.09931442097626132,0.029992269832896937,0.104417792378761,0.1381946723184082,0.05776824218377502,0.06679557031175197,0.1348442635043111,0.06114730797070075,0.18358324603787235,0.10032865973763017,0.08236613645874893,0.12313205029144088,0.09466106499408652,0.07587539103674451,0.17027525475328278,0.033891187095492825
C5 GM left intermediate zone,-0.03595254711471232,-0.04583700306914533,-0.04313436228081408,-0.040934511646062835,-0.08267876511766095,-0.00253460515790753,0.00525195528659223,0.005154644201845218,-0.06499855516571439,0.02435189361891046,0.073951601799756,0.0639164609044544,0.20901248454749335,0.07184794923381702,0.11168496650697822,0.05627403454229458,0.03903204213841218,0.05072592613191675,0.09931472402654502,0.018029529411027496,0.10835771864432622,0.06992924677829258,0.18628346413322394,0.07659957805356833,0.11026569294969485,0.1195560363670876,0.09965971429150039,0.035836868072512414,0.04915948735432193,0.17027750645606626,-0.038041517679975975,0.012851723308435486,-0.039964470448430385,-0.016159016289560613,-0.025413887317234374,-0.013438423219845553,-0.013669853891066891,-0.013565645727446757,0.027539639247169703,-0.06182583794471265,-0.0009676180752096055,0.12237712362932249,0.09236132050214287,0.06427000289769678,0.05973939534227247,0.08945522600272807,0.014241735878008449,0.04335470767206751,0.037025473700139845,0.008281519688410725,0.05427501238357694,0.08100778669507237,-0.010319271366965284,0.04284816697478034,0.0037567576218023543,-0.02390547172267862,-0.11391316729945106,-0.017524902634510953,0.11282561902873355,0.11228060162672815,0.19676083142556516,0.019904946257464518,0.08003816369184094,0.03721344297689846,0.06623692143037842,-0.04758162790138451,-0.08057207993997796,-0.09331847851432662,0.06563804562494928,0.014754647212282547,0.1542286560416578,0.2185645453491984,0.22836493740815725,0.020867302200263057,0.0935484850501491,0.14602457027447854,0.19853392941897707,0.1980001673223557,0.8452173416067267,1.0,0.8839380627050893,0.5604352867114205,0.7876672275019109,0.63725162570513,0.8262554384198173,0.8608487624558486,0.41208681439179257,0.3801619171079893,0.3285070674185948,0.27844145742652976,0.3085901818633989,0.25688583956926675,0.36457215714122254,0.3376577661413196,0.12603392116027837,0.0240529829474098,0.10683432548032609,0.09231871424988125,0.01641153687541615,0.04456913185338693,0.09313187922775958,0.03981035716819911,0.2660878240261704,0.18786064379808323,0.14418355757760187,0.19080967685771685,0.12578425654668188,0.10076080247880602,0.24168552924934777,0.0871188783247919
C5 GM left ventral horn,-0.006126458630416897,-0.019549373782674653,-0.01716384730258154,-0.0065569794058187745,-0.07101938498681183,0.0015982660359290196,-0.006298296904991513,0.025390496335844927,-0.02840588072838087,0.051845369337129764,0.11375551920177275,0.06847622116648529,0.2006580950280649,0.09584749447776994,0.1224483035486941,0.08223204258434275,0.050996736756470214,0.08212226975853029,0.10993400078119663,0.05094619086340513,0.11453603840103081,0.09301390539376969,0.16668842496712927,0.08480236671560824,0.14031168827394597,0.1341157261638071,0.1108211113200158,0.05817022570620964,0.09389597581615951,0.16996791793492116,-0.013951628039211503,0.05629547195124917,-0.016186114071111868,0.011604096118579607,0.02189065271895544,0.006387106208195374,0.024450102762915073,0.009489229066393358,0.07301466589777697,-0.0231042080567966,0.023856775435698946,0.17747924821049055,0.12698912600197018,0.0902935261498369,0.08224950271136694,0.11577753543952415,0.03454317869621327,0.06945106384409871,0.054449966946935185,0.043961011735360746,0.05407999092338951,0.10541553176650617,0.020175842211683382,0.07833762130661424,0.028699839325111096,0.005636834881207843,-0.08361975091765111,0.024985165329060317,0.14567586483193243,0.11587890215406696,0.1782502382130902,0.03990463792907688,0.03417010055678866,0.003382621599007668,0.03588603710599891,-0.06616555039594604,-0.1104364760852814,-0.10222875638072958,0.026093873669838945,-0.0303540526249471,0.12084469276547376,0.20079601098427372,0.21756155995051932,-0.00808608200074817,0.06188336870864083,0.09812867296118062,0.17805727600387167,0.1559077608501024,0.7640688083745791,0.8839380627050893,1.0,0.4264473264468605,0.5889602311510705,0.49584485968253184,0.7617062596989028,0.8123305952010323,0.39058093124442256,0.3635102360718807,0.3473832666299524,0.2167158893747533,0.22793468474809422,0.19567917052562883,0.328328103156847,0.3063966345567021,0.09542264865593217,0.018961156625679088,0.06823404641478295,0.10312693664853494,0.03372267529424054,0.05597581455978292,0.04689411045327594,0.024338518800236443,0.2471176938946218,0.13965056506398235,0.11335387399800777,0.229511313686722,0.1377191825148312,0.13031017006696813,0.2557072951795058,0.09775046005356583
C5 GM right dorsal horn,-0.010155744753075232,0.042000662282640815,0.021130360287403123,-0.0226681233291263,0.013081631448675274,0.018979702330919838,0.074311567829461,0.03302814159714039,0.06152568382247831,0.08443053006211801,0.08249778819424901,0.1119389438135014,0.19263653817327905,0.04761262001161944,0.14094167813815306,0.04183295765449701,0.07697578431113893,0.0695512894237968,0.08101624828841116,-0.00910406183597747,0.11006761065616495,0.045120229486879986,0.16554062879889272,0.10718002271096784,0.04267978489646648,0.09880119849739524,0.0781313337672127,0.01403705657673978,-0.010517288075296111,0.1631537475895531,-0.04045537451065454,0.022184143078649,-0.08048091273174911,0.015173711635712147,-0.019675549181987908,0.033141765689987585,0.05323117568956206,0.06366200936690115,0.06274986593077063,0.048062122731330974,0.027056560640565212,0.08686053210264971,0.08315910539503955,0.07767647625861265,0.024013313954694443,0.08902258370443752,0.017281662055485307,0.023541472346848745,0.03520060182511433,-0.018527264886425157,0.07262919736727087,0.10253402396574088,-0.04569626468011822,0.017832409713936855,0.00023869799653927857,-0.022115078832859077,-0.09347844402032388,0.018462550988005227,0.04438274962965407,0.13946853984024069,0.23210212273422023,0.013957381659531741,0.09497152877245904,0.06087897898543282,0.08238678256868252,-0.04376831290886182,-0.06408806154286666,-0.06936217873133911,0.11008423722146941,0.05226972508577073,0.020513169737188898,0.08563736937713567,0.09376164504034062,0.04454164568195942,0.09614633210817651,0.1520108908902599,0.08912428065025718,0.1664482470646125,0.4570773108744122,0.5604352867114205,0.4264473264468605,1.0,0.8197626674748584,0.7734140186196334,0.7014488482839971,0.6386440364980576,0.31779433999143797,0.26507897289979016,0.248899399667357,0.2573476876703295,0.25187762264718694,0.20160251891977152,0.31844326927707617,0.2892607475779688,0.18463659164006693,0.09960843706593979,0.18245278954883024,0.06853722914780268,0.009275419703983427,0.01552360775150899,0.1746100305376113,0.08021428430287923,0.1164041335562941,0.10773656579028372,0.06130695783209072,0.1180210200758035,0.07116017168118438,0.052730590965228204,0.10096347645037695,0.00969167178744925
C5 GM right intermediate zone,-0.043068290320315804,-0.01845526344518326,-0.027597026076005837,-0.02993613075499365,-0.04108272272478463,-0.003915368231424971,0.05338169640999842,0.005464692661638849,-0.02590871560182184,0.041605726385358976,0.06341034861607794,0.08241105283307974,0.17970815877991836,0.04422032922682578,0.11439207582753651,0.05168544249527852,0.06989474268411568,0.04894637415631451,0.08103718372209527,-0.02762601233853335,0.10753306145766005,0.0502894023584279,0.18479307942028075,0.0906526520331815,0.0623296766659012,0.10465035173030937,0.08893824019434682,0.022318196088665906,0.0029213113067571655,0.1721623049282858,-0.07783442337998701,0.0025098763167301272,-0.07293451063439114,-0.03260167142069593,-0.05081346259455605,-0.01893671754754853,-0.004073514397344212,0.010294760461977269,-0.002600911050448452,-0.021490676258567046,-0.0075236803914678855,0.08563270131480226,0.06974547541706555,0.0677800685183156,0.028016678061837445,0.0771000139820361,-0.0053602759514180575,0.026213173501918506,0.036584132437465354,-0.01969814833192154,0.07734598774569047,0.09187446256583796,-0.040358817763766444,0.019131066225627196,0.012115351430631124,-0.035000164343524355,-0.12836441586273598,-0.000857898595656881,0.06197198125440433,0.13682880198012504,0.22685159781730124,-0.003533043088881014,0.0956876330124083,0.09177798650729217,0.11445056580814213,-0.03603989846449236,-0.03618219622893154,-0.05930578754792296,0.0887910944677688,0.05837536484115633,0.14193967252200837,0.1893397157347353,0.19500114483404332,0.04741921486743411,0.1272423904608382,0.18956811845612828,0.16628435429820965,0.21614891437249387,0.5807353163331197,0.7876672275019109,0.5889602311510705,0.8197626674748584,1.0,0.8702652379662815,0.790510881961836,0.8382825519650482,0.3423237509801184,0.3155562076975151,0.2598216775694539,0.2910687095117191,0.3296803810382596,0.26894529424969,0.34135389958689866,0.30363767785843576,0.1406345347181057,0.026949573955984976,0.1249768940044878,0.06859676291952087,-0.01433840834944443,0.016646190490288985,0.12355717707491101,0.03456231398017346,0.19681205892571096,0.17757549348389573,0.10767528175636197,0.1356224221237015,0.09076863192841705,0.05163572968354356,0.1438619122859338,0.034897570328955616
C5 GM right ventral horn,0.030556160851666604,0.04733506082887118,0.05436338121045203,0.01755793083362868,0.0018529183957261052,0.019973829257455267,0.06102741250310618,0.048255160034282214,0.022249132793859268,0.10634471444734613,0.1262870228559986,0.1391775609216143,0.16724432317258,0.09013174434440498,0.1416179481018528,0.11629332546914305,0.1395979711484042,0.1254995989397634,0.11804169477600854,0.025060235706092678,0.1334549106981881,0.1010521835225661,0.2029206836072284,0.1502974430979803,0.12420803049478306,0.1794661950912579,0.14415599219658767,0.08888104581018737,0.06841151782516391,0.22661086721236118,-0.02951827639359942,0.053147219912087255,-0.0005348946891921414,0.05937905120153316,0.03871453930921788,0.046525131359997744,0.05342348600342975,0.07466534495504691,0.05576495835853458,0.06339137582612869,0.04683864288606747,0.1375422485183666,0.11803936272873915,0.129596144928163,0.07554277311105695,0.145356913822212,0.05596880935617331,0.09464621039347636,0.09592989613964936,0.06168965116414878,0.13074685709712108,0.17681150015298175,0.0009678604131909671,0.10038008827259097,0.09648829848731326,0.041424199357773785,-0.08282808912604858,0.05771325916687464,0.1262295666206158,0.21529416757948058,0.267435004152349,0.06367115749100767,0.09518935691083599,0.1091675073396289,0.12950656934068336,-0.005269374694754137,-0.003740766926975275,-0.021460493313950696,0.09179029690666793,0.08010817053902312,0.17551005618434765,0.2172867627054405,0.2363173417840399,0.07504224879345939,0.1563081657713889,0.2153916668392459,0.19239582304550173,0.2559089446944964,0.5185398736266716,0.63725162570513,0.49584485968253184,0.7734140186196334,0.8702652379662815,1.0,0.7268023993582874,0.8060689179403923,0.34062421255716196,0.28525244208815115,0.2612075993043239,0.2851641527697621,0.29144177372771585,0.2902028449760861,0.3474649073723107,0.30730388454278634,0.12665223180573446,0.037142030544818586,0.11608019140984842,0.08721039804368796,0.008658610942835588,0.01113830801448784,0.15161371148509822,0.0391049265559911,0.14079224023300524,0.11440455801662827,0.04286531647612298,0.10854886824860296,0.10034238724239652,0.059673735232083976,0.10717513202955933,0.028019827500736026
C5 WM ascending,0.0637895673574857,0.07429753518155705,0.07064834850452824,0.049364941213473575,-0.0025806221427207812,0.033527820416659714,0.08083269718446821,0.0973788260674995,0.0493441914090945,0.15502887636463625,0.16764284021859352,0.165105667858292,0.2563505341495134,0.14651569834037872,0.1896240447859899,0.14389481884975192,0.14473227778075445,0.14580855844603502,0.17575004451789158,0.08210214726292309,0.18248492136992123,0.14993378465853688,0.24133848615686718,0.165403505805799,0.1732830915221779,0.21716399325073216,0.18241121419268932,0.10842189518297429,0.11486266769261085,0.2539335395225101,0.03556351761111836,0.08658531943135397,0.01616980902480191,0.07323103463388153,0.08164548590527251,0.07017110053283608,0.0901670515780804,0.07873464540702549,0.14786301960515463,0.0650660242768087,0.09973520020223303,0.17704273510950483,0.18322729958185946,0.13674517572698736,0.12401798776912278,0.16889656178875304,0.08917410316300503,0.12848165721301577,0.1120893822063191,0.08210122196431509,0.14414175543403365,0.18861517905867542,0.0512267973521683,0.12965585379812183,0.09272812813737294,0.05725778249038825,-0.056723290070663214,0.06686228141357219,0.17243387128363202,0.22400431540117974,0.29026997069112526,0.06661105088345427,0.06212400842592488,0.037526560344659066,0.08802724637062337,-0.04971291361668091,-0.08968927986595074,-0.08484254397084917,0.05938594432515881,0.036591810234021756,0.06170343271866564,0.13646421590374155,0.16045322979599752,0.010334024105696338,0.05629341372550961,0.10996161933324718,0.15741684347692406,0.1604828166224259,0.7443578948795077,0.8262554384198173,0.7617062596989028,0.7014488482839971,0.790510881961836,0.7268023993582874,1.0,0.8417259393880336,0.4246671982274804,0.3655997241179773,0.32371568204951445,0.2632106849449976,0.28938523855217274,0.23508986312496866,0.40545557801383053,0.3463992961347489,0.1396915067553723,0.06433662350719684,0.1464476931663772,0.13594893003272904,0.05030122116194828,0.07742564341294579,0.13010663320249127,0.08685874785823022,0.1666240073011988,0.10361046407956451,0.0696876226610941,0.20701122412333095,0.1361670254242639,0.1523029707540325,0.18114165614983538,0.06344456169731258
C5 WM descending,0.0030684497418550873,0.006943239352628796,0.015518113359675014,0.012923015985064474,-0.03631391016633289,0.027735823108756403,0.05961442720470952,0.04407167799457436,-0.006208408010343852,0.09480596561319908,0.13303755294500325,0.12227888912877678,0.19996540403272237,0.10865247035128414,0.16225943677876606,0.12850477373892308,0.12484712348209455,0.12191558886442254,0.13790114662909994,0.0505678729120183,0.15992917495552988,0.12653208445144112,0.20693094302557025,0.14792123739748395,0.16255057065751183,0.18950194414949295,0.15805374969227245,0.10327710741953884,0.10296219394055876,0.2400366965116295,-0.027710209181124715,0.06778826039491903,-0.021384983676880704,0.0302317756876108,0.03168013136715606,0.022908901446286708,0.024330946254270288,0.05162654675635365,0.06268187934321234,0.02752607959182671,0.041378560723321134,0.17902267567410027,0.14632683815719014,0.12930723142390688,0.10701591350148182,0.1442921675446912,0.06408370111474149,0.10683704962068369,0.10345234532119323,0.0723966595522603,0.13232311695056817,0.16118575447258116,0.02072279519394326,0.11151026020904783,0.09191595155573863,0.037387996587580574,-0.08997479012600208,0.04431871949141083,0.16111494399907608,0.19748160621509553,0.2597229132853363,0.06455950668092963,0.08202589486863233,0.07688755545632628,0.10750043094981415,-0.04534420733589688,-0.05966990187922114,-0.07031188491087169,0.06531476854115296,0.039058447173044214,0.20342870755482853,0.27294376299894546,0.2920631692264286,0.027642246755669092,0.11049935123213389,0.15940963121201954,0.2315952886273268,0.24802223243045898,0.6870332673909766,0.8608487624558486,0.8123305952010323,0.6386440364980576,0.8382825519650482,0.8060689179403923,0.8417259393880336,1.0,0.41094389828565814,0.3796222224778487,0.34940705851958176,0.3133199712999162,0.32056526611116276,0.28922730313900646,0.398126141719003,0.36183229676430817,0.10641091582811509,0.0021623901704160616,0.08142687571783705,0.11145255103249034,0.020671093352572494,0.04415359800437929,0.10431419576024098,0.019221448830242127,0.23810999985320763,0.16287063197210233,0.10432793320718226,0.20786445144708546,0.15180531903728667,0.11988732283540693,0.2192688399317801,0.07898976700844323
C6 GM left dorsal horn,0.01801727474502494,-0.03199614145474066,-0.003853685890655009,-0.02583892554139963,-0.04585399896134393,-0.004317088167661875,-0.015704084228241908,0.014042277228484312,-0.007759761983756234,0.041847596997869406,0.04933777704638454,0.030671884287198803,0.08225921008450826,0.05450303565631207,0.03700886169111005,0.0014700575221802685,-0.0004519797823115953,0.020319620970504052,0.07040032610970973,0.040988777674284146,0.04554007792476024,0.04648450667093481,0.12022180921195322,0.02818927452778381,0.08663990186668538,0.0952450223508569,0.08535586009373605,0.04831745432941682,0.05224784103706898,0.12625384868239384,-0.005317499989636245,0.03129995631431071,-0.04508135270677981,0.010806381694319493,-0.004983472015183287,0.0012830860919685798,-0.03148739242826325,0.005934369418827924,0.05931243392708686,-0.01180164655120604,-0.009642206148888041,0.06563767490608541,0.07326526535149512,0.02567751232947365,0.05426055129269316,0.04951063241496896,0.07372520234201467,0.0631198041792488,0.03177712368299253,0.037573164732426466,0.04436858926404683,0.021618762182431906,0.014207880185037124,0.04926391059656967,0.015884675773515506,0.007825546041576165,-0.07766451515224847,-0.05660679478099725,0.10098017182425743,0.05656979293392092,0.13716358578143903,0.049721286840075374,0.08321658763449519,0.06547577097202736,0.09044204498000472,0.0877044850964705,0.039900878934619174,0.028080164462003895,0.1381545770417932,0.08269710513123753,0.0904366466304674,0.1099938556666819,0.18573672297848964,0.08193983616282505,0.04944893439560744,0.08997933560556898,0.14941802120240624,0.18660132977941032,0.45161513482336396,0.41208681439179257,0.39058093124442256,0.31779433999143797,0.3423237509801184,0.34062421255716196,0.4246671982274804,0.41094389828565814,1.0,0.8556294684829865,0.8496580791669345,0.4533319200784699,0.457688582869354,0.37799219812571144,0.7679976676214484,0.7027211389088259,0.1291808433883076,0.030811485872099514,0.14210930972930305,0.10708433078036236,0.029724523208266355,0.08004088128756537,0.09888369142649206,0.09158392330797628,0.09250584678671761,0.09254576829146158,0.08227663364329973,0.08826186840757114,0.07144138849483299,0.040293573669603185,0.0859954808955069,0.044311269943473494
C6 GM left intermediate zone,0.028015464502996534,-0.050420473898871214,-0.008156780568765185,-0.02789119552246782,-0.0736980558714644,0.01473111203199245,-0.01786914193779713,0.000430700701171322,-0.015939688055937748,0.02534655051669862,0.052879197181289896,-0.005665855602728343,0.0477015976509774,0.04760931445633481,-0.005863094175283609,0.016857386754211147,-0.012137105913791281,0.012513175434604248,0.04058510092733368,0.041754653349124475,0.05358780037627409,0.055607582196416455,0.08980477201818027,0.028026441530375333,0.10858598414129671,0.09826833214167618,0.07624670379149598,0.05339663007390534,0.05353277850233933,0.1263596492210508,0.015075881813481662,0.04859787978150126,-0.046478179687314054,0.011021142297499115,-0.03668089445788334,-0.000705609064678169,-0.0669096440907387,-0.00680291532037982,0.024822609810741636,-0.03266431423880111,-0.03541734952990088,0.06311452327032017,0.06753342587663684,0.022397080058635208,0.04860052970005502,0.03594900340385879,0.07790485529821842,0.04538818537167957,0.0396715583328987,0.04687529573293589,0.03336798231731757,0.017477421674417237,-0.03194712010297298,0.07052445842091078,0.0007916637080603522,-0.0034438188775330974,-0.07367738579040375,-0.10773449841653687,0.10226538952489914,0.054649767514070205,0.11732176828672178,0.0560267190257913,0.02674956708882427,0.05225399262861719,0.06773041897431405,0.07607197462621239,0.05620924315965899,0.039003189545352444,0.09173987346300029,0.06428998999465951,0.07845393599118639,0.0889044835053854,0.14977403353380722,0.03199268480760388,0.011514029505080393,0.054683905099312966,0.11045486315364175,0.15494802272859648,0.35995833988720594,0.3801619171079893,0.3635102360718807,0.26507897289979016,0.3155562076975151,0.28525244208815115,0.3655997241179773,0.3796222224778487,0.8556294684829865,1.0,0.8831421088225455,0.522846517787927,0.644954237314038,0.49353037021525825,0.7655694630805606,0.8321223648040971,0.16097799484022632,0.07632371475769087,0.17882501686333688,0.07100232060771629,0.02152712056058252,0.04811210386137146,0.08189099020671298,0.08632713981479775,0.10109915939191928,0.13068922078742506,0.11512540254107298,0.11966685477243313,0.07327868896619959,0.028352667282406544,0.0983472347150689,0.06191095209956322
C6 GM left ventral horn,0.08860781205692637,-0.016590442676548085,-0.006863706636735409,0.0040282372016841785,-0.07636207357820508,0.0020389184036355423,-0.022557621254206288,-0.000960294441807509,0.005169224925689101,0.038147577975358574,0.06078826934790582,0.007033491744788564,0.016549538667040335,0.04582291410042475,-0.002348657676734581,0.017346269278157283,-0.022419528224585265,0.012280425209065896,0.03672300320090364,0.05238800903562993,0.026318852394265315,0.06446098364333191,0.07678688020770195,0.021006880975753258,0.11552095155420268,0.09714344849103938,0.08391140730594854,0.06570552318103567,0.07265147218059022,0.12007343898408498,0.04276013095472428,0.05434071594016094,-0.020468835304421885,0.02193745680383087,0.0014477635194248704,0.042582416923056934,-0.0697080324542974,0.008776825751772625,0.06012811497827375,0.0058488095919921115,-0.0063209489507797065,0.0737162106635894,0.09112638973576112,0.06288964764701459,0.05662689123368585,0.04373150980622088,0.06737060947563953,0.0635907302272344,0.04381195908886202,0.06289229915836092,0.023116240975524692,0.01238125177677064,-0.03221530690672167,0.08468113878377086,0.011016286836412089,0.008426948367458734,-0.06158304485967583,-0.11742291456108042,0.1256013040388798,0.03652733812713768,0.09327663673304626,0.04683260987124244,0.03977860685399747,0.06387106009651208,0.08095262475305813,0.08788046860063829,0.07535760312410424,0.06594801301525548,0.10779753776655013,0.06059153991761726,0.10693754125259244,0.11773574141601349,0.1852181770002173,0.05164988554074354,0.02938080860729564,0.052109605721651985,0.13755535587111326,0.15769701924856483,0.31924808659381254,0.3285070674185948,0.3473832666299524,0.248899399667357,0.2598216775694539,0.2612075993043239,0.32371568204951445,0.34940705851958176,0.8496580791669345,0.8831421088225455,1.0,0.4128071375984428,0.42228142782228056,0.3550328120387892,0.7426119818898564,0.7682048768407117,0.1288075932603798,0.030432938393004837,0.16693636977917095,0.08229681757199118,0.023345690725770155,0.04634829401720505,0.10571654734425669,0.09518433824744826,0.08824819245283645,0.11088648783878463,0.11051620320495183,0.09586696503944434,0.06100873910068796,0.03300863516957606,0.10912526875570419,0.07331322793971719
C6 GM right dorsal horn,-0.019257224219024816,-0.009603327145847535,0.07596157739832507,0.0799376808793355,0.042442895157769195,0.1399312965209533,0.15016257170775804,0.10284780558754611,0.011531944036491716,0.09528298716161605,0.11412904994649443,0.12895331432076895,0.13057957425860112,0.14450613591768285,0.11083773140216001,0.10556654895802675,0.1349181046596875,0.1016437394899915,0.16778405399967383,0.09661288558877437,0.14982411330088583,0.15409449977652995,0.23831605741830839,0.17218375497471786,0.1562197742157456,0.19782046776429532,0.20709410815897095,0.10314273056078546,0.11865117327372973,0.252651474435181,-0.015787902753241403,0.10305362244506944,-0.0006912444533765061,0.08994982617587452,0.06906249457086198,0.01059499232082753,0.03863410260638254,0.11904955247321063,0.08056255783714687,0.06286695227161217,0.07569394450039997,0.10825010286502379,0.13143386862941306,0.05554103989076194,0.09327764404233077,0.10418495707223888,0.09965381248974617,0.126374151710727,0.11044748812006887,0.07760958459339552,0.14343451805000934,0.13558009742253138,0.012608129186693873,0.0957502522935052,0.09758141625048085,0.06200197865188317,-0.05556843829197763,-0.05866480415146748,0.1498600684440372,0.2016429177365266,0.29871286754429355,0.12806920059628,0.1317209136142036,0.13835492796038967,0.1035325054473235,0.12730337418693735,0.13593779201024656,0.0990424285869574,0.14813976177834093,0.12062401529364375,0.12714385715352938,0.10996496752806371,0.1547095234015924,-0.03647527202845124,-0.038503456493014905,-0.004270771857244368,0.07481090752122135,0.11850957018492668,0.2677549041560079,0.27844145742652976,0.2167158893747533,0.2573476876703295,0.2910687095117191,0.2851641527697621,0.2632106849449976,0.3133199712999162,0.4533319200784699,0.522846517787927,0.4128071375984428,1.0,0.8335486801517706,0.8671232139287077,0.7324238766865346,0.6882468136448554,0.12152747315295495,0.04143525870738424,0.09854101864043911,0.049848547457934725,0.009025089982906494,-0.01592775822343544,0.11609080967146591,0.03962094468837758,0.1777991987825892,0.15068909554212911,0.14697046399087496,0.015265148876972764,0.035120369314314934,-0.01889491187639329,0.0857068543042081,0.05451453560852662
C6 GM right intermediate zone,-0.05520213039964654,-0.054361695189946366,0.025683621539808774,0.005231951388143155,-0.00011276323067825585,0.09233955061064258,0.09336437740699538,0.04961270400049681,-0.0326254985762151,0.04171461275846792,0.05404927000882989,0.04362695633126893,0.0906379016914502,0.08911625008847936,0.04334580492220106,0.0755529648182457,0.07452142256442273,0.05577521147689891,0.10406380337571795,0.04631023236075722,0.12891756288994544,0.09534042240075724,0.15958115316885424,0.11404295001893125,0.12561470163248942,0.14377007917057516,0.1408782457880914,0.06820929659383528,0.06831431955452008,0.19586609359485474,-0.02534397722996671,0.053588483391716214,-0.028369931598884835,0.04665985668348171,-0.02316476392710345,-0.03833022595716479,-0.024625317869042332,0.05067438407111549,0.0002531664653352451,-0.02036918497561889,-0.01167843304646024,0.053547384080071474,0.0628538772951329,-0.0187254390860002,0.05076615083689616,0.048602826244307215,0.07743710753432521,0.06895180974890454,0.07144495031880232,0.041543786636415725,0.1037715523087759,0.08555890336320786,-0.014692670027148172,0.07638742006191619,0.05198303115864529,0.03000019226162473,-0.047189113778392064,-0.06977080137400701,0.10344481676344795,0.1492225543980948,0.2297924912124244,0.10891001166050326,0.09080083410161258,0.10999199346729507,0.08588010470867068,0.10415977784053569,0.09950381857307929,0.050327154250515135,0.11263622425180754,0.10959268581460811,0.08107317592132912,0.05771665950037192,0.08767997275538755,-0.037963461565157924,-0.049418992341602644,-0.01843333251312815,0.02160750697286207,0.07664274505679398,0.27891773931088687,0.3085901818633989,0.22793468474809422,0.25187762264718694,0.3296803810382596,0.29144177372771585,0.28938523855217274,0.32056526611116276,0.457688582869354,0.644954237314038,0.42228142782228056,0.8335486801517706,1.0,0.8667726546210522,0.6783993730969891,0.7642533038874076,0.1485088353247393,0.077397911119039,0.10839745478940199,0.031904967344277856,0.005865776339309863,0.0012844754383342285,0.08261926831652788,0.03060486415905124,0.1440885842852996,0.17578424391195477,0.11712474995578648,0.03001807490493717,0.026581109169234562,-0.05041846539550397,0.06018035705290832,0.04138260509190575
C6 GM right ventral horn,0.010294567244115167,0.010243601660299795,0.10449454488952008,0.0851510939933029,0.04255856655769486,0.14407046243962643,0.14577548173403324,0.11224901183193452,0.002859766877613486,0.09695227145496133,0.10981932771428234,0.11029940945197342,0.10159768658324717,0.14804044883780837,0.10686951708457124,0.1280309973286431,0.13239314872618796,0.12453331458053657,0.17242021937059474,0.11529006280149764,0.1645313351121946,0.15936775521198682,0.21704357275120276,0.16998374294497245,0.189955735015763,0.21382295354793446,0.22657728577270544,0.12571552748584336,0.14010497627424598,0.24498591593744903,0.012860325137602291,0.11000307654660593,0.04484458002755169,0.14498547586416163,0.07025341615532094,0.05646391433383124,0.0495326121987127,0.13070551556072163,0.08013696200081331,0.06434263744682404,0.07165977288373306,0.11700728030561566,0.1310771050707775,0.07929911636008868,0.09959870347470519,0.11672794437680756,0.11895548177308059,0.13363902298783173,0.12930120326438826,0.10637494710491249,0.15268631784516648,0.1439836768951521,0.019444865981995376,0.13911717924932618,0.11780000230641427,0.10067255764613708,0.019568116632919436,-0.013833942780575799,0.16229203227476763,0.2149399158403097,0.26921649699051886,0.1841129330271283,0.10055518701668392,0.11600071308893703,0.09444178108539523,0.10255322946607605,0.10000875962019833,0.05675487535933246,0.10645809862832686,0.10424848134910594,0.1321809353575295,0.09714656924297176,0.13295396773027046,-0.043783365079104464,-0.051069046203084445,-0.031984920068030644,0.05562687197204388,0.07102966830876596,0.2454354545764909,0.25688583956926675,0.19567917052562883,0.20160251891977152,0.26894529424969,0.2902028449760861,0.23508986312496866,0.28922730313900646,0.37799219812571144,0.49353037021525825,0.3550328120387892,0.8671232139287077,0.8667726546210522,1.0,0.6732452607190459,0.7393224859158929,0.09798898953523225,0.03296593137458022,0.06260882470154941,0.04953465408657127,0.03018232720366304,0.007500523042494399,0.10564139247208251,0.037732153276952896,0.14597951943982973,0.13965195445088166,0.09495745349862295,0.0037595493915678533,0.03410815321574554,-0.020787968526808163,0.06885329476900012,0.060257831973822194
C6 WM ascending,0.07046156057737207,0.020448490318894157,0.0767633140882898,0.06462662871818561,-0.0013142365208196878,0.10826985760066518,0.0979588877036405,0.09449343309279583,0.019928683947983875,0.10068113648438468,0.13301867679857343,0.09802220898080159,0.1011707982366398,0.1302643189881953,0.09532486940183288,0.12675649887980148,0.1059910648014606,0.11094104589955199,0.14749402662320987,0.10337842434605186,0.1384600009905995,0.15456697856092053,0.21583882691024706,0.1424960825513934,0.1839479224352427,0.21297053410912134,0.21016230737566177,0.1287128904966082,0.13981366013684873,0.25891258251003113,0.04208950875176334,0.1103149526791188,0.005338991115394121,0.0722729751450923,0.07221499870211529,0.023340185875195697,-0.0016265065684611388,0.09922851411873078,0.09430772930766719,0.05647417508662624,0.06914903460965374,0.16393124864727857,0.15024454263064294,0.052716933049724524,0.09261710793734604,0.1388826710126568,0.09531547837051317,0.1414604733399867,0.08912027149940295,0.09668383484881168,0.1408837435619007,0.13527007531438417,0.0015553243710835038,0.13641926851000355,0.10491154964221969,0.0698275758643774,-0.04468539191580501,-0.06298830604980003,0.2028557497938479,0.18440685070192775,0.2848966043697357,0.14203107220950476,0.11783055623056944,0.12313249767358074,0.1413484433291665,0.09575069733256919,0.06586642018607249,0.03154366086334664,0.1591521308809372,0.09380387412690448,0.13362187751324633,0.15401112793890193,0.22279362179982867,0.013828746663091435,0.017326414756758387,0.05098861343152435,0.14540345206452363,0.19171981226728996,0.37358160530243345,0.36457215714122254,0.328328103156847,0.31844326927707617,0.34135389958689866,0.3474649073723107,0.40545557801383053,0.398126141719003,0.7679976676214484,0.7655694630805606,0.7426119818898564,0.7324238766865346,0.6783993730969891,0.6732452607190459,1.0,0.8236901131051639,0.18632743757492695,0.07257413273190783,0.174021941166576,0.0781919803743832,0.025197263929818733,0.04880061301514659,0.15839196951790951,0.11348672933268249,0.19915185564742766,0.18271830694747201,0.18979351918414206,0.05688935645539896,0.06704019299673764,0.053300190252437124,0.146197729106281,0.11476351371091835
C6 WM descending,0.06912362070592967,-0.007616554834593261,0.07082933989287987,0.03071536862125746,-0.04311383362556456,0.05686582353854148,0.05342010345954059,0.05311760033356801,0.02392118655432713,0.08314600626469863,0.09767630065178133,0.05494976882136237,0.05200505551328237,0.10056411826533863,0.058817261226192505,0.0789790780570192,0.04648655735309982,0.08909865170472137,0.11622960742292633,0.08149219822325948,0.11231483055393869,0.12137778417846132,0.1449530493939076,0.1108400943067805,0.16277066338105287,0.16550566563270064,0.16710930728678078,0.11017497928575337,0.11119999825266567,0.1944139886414063,0.033975561376461266,0.08422289935917569,0.00587024959944201,0.10369256964240707,0.03216394337921959,0.04678390124614649,-0.05518152112968743,0.06402814187391681,0.07482876286028943,0.039263374598585504,0.02158923385440938,0.1091613445500195,0.12239150355741524,0.07184297236159803,0.0879408881510695,0.08567038960093902,0.12232873096670144,0.1147877238052927,0.0963108134546647,0.09209140881203857,0.09875646220430823,0.08895800578671463,-0.014478884297329386,0.12856900958956782,0.07021329931351869,0.06790888231292146,-0.016222403980129595,-0.07627062529121681,0.15096888359916658,0.13297998330880137,0.19328700679932126,0.12919352423740899,0.11207078736876824,0.12837046186090528,0.12310154882642249,0.11475315462481855,0.1139319256377313,0.07623610670403515,0.13652507525879745,0.1266080150611538,0.11879776884910515,0.11217183748883863,0.17521108865229057,0.004784719544223418,-0.009995515745823896,0.016725409181413065,0.11163356869861196,0.13496341376325174,0.3509410735263604,0.3376577661413196,0.3063966345567021,0.2892607475779688,0.30363767785843576,0.30730388454278634,0.3463992961347489,0.36183229676430817,0.7027211389088259,0.8321223648040971,0.7682048768407117,0.6882468136448554,0.7642533038874076,0.7393224859158929,0.8236901131051639,1.0,0.1674740633718924,0.09136337527825597,0.16393855869663934,0.11404739629442,0.07671774174570348,0.0923342386622793,0.18261471321926934,0.1380834516239376,0.11003140702553235,0.14779947410391928,0.10869660550898702,0.09469364877193838,0.09469184848493113,0.048262056402724546,0.10895746471584306,0.09488932856773108
C7 GM left dorsal horn,-0.04149157469763153,-0.12212640308412233,-0.08020652823940032,-0.07676912363886802,-0.07932184580316165,-0.04213947174449578,-0.07200160051637212,-0.0796181592156935,-0.10631396315296367,-0.0691985895092029,-0.05708930398778832,-0.09224399572027743,-0.004263913863715427,-0.07408705383116802,-0.044001978474538635,-0.036762613980762825,-0.04294843624673159,-0.03918817693705892,-0.07304412022795487,-0.0580412386215854,-0.06217209367520186,-0.03134230571427793,0.027227052140033084,-0.031182037651231124,0.025965113769255154,0.006005924954269207,0.0023245299586542524,-0.023064237802864117,-0.034819854450116504,0.06557149176473852,0.00011644520451321681,-0.08788063246672013,-0.10991426059011249,-0.1328450166379006,-0.11018889115086551,-0.09312597162690485,-0.05986189318333056,-0.06802748979021292,-0.0500548804048219,-0.1070158746555555,-0.07296728780362166,-0.016810136541548597,-0.019446493473519857,-0.06766952533966686,-0.10361236821113803,-0.03349964149174242,-0.09870644467570816,-0.08312366142512928,-0.0845209606118355,-0.10311673922207375,-0.09015552455348338,-0.006701254171647366,-0.14541446287320672,-0.013441950328722268,-0.10922640543396027,-0.11080172433440054,-0.08083640391221857,-0.0745239929483244,0.037720020915937534,0.017666366984557813,0.05544170791492778,-0.04151342163218523,0.06411441794756752,0.08325263816601093,0.07621177609445669,0.07853981535077476,0.09167341108386466,0.048969214082377095,0.12687630632843733,0.060758851048458705,0.03174574179580524,0.020486550476044963,0.04513229440058571,0.0143978281830876,0.027250679126101147,0.07410163030028845,0.09899207848955538,0.10842314170848275,0.09931442097626132,0.12603392116027837,0.09542264865593217,0.18463659164006693,0.1406345347181057,0.12665223180573446,0.1396915067553723,0.10641091582811509,0.1291808433883076,0.16097799484022632,0.1288075932603798,0.12152747315295495,0.1485088353247393,0.09798898953523225,0.18632743757492695,0.1674740633718924,1.0,0.6946927994717116,0.779989529470277,0.25768712215685213,0.286485757913916,0.2302019254234399,0.5898895122156402,0.4715098946728177,0.14241430904007626,0.06739138098611067,0.10098691583166348,-0.04733610003648583,0.002372503154210389,0.015899303255712822,0.06565026997963104,0.09997732812206944
C7 GM left intermediate zone,0.002291878308133239,-0.0471965408796376,-0.08570763133946771,-0.07054416401357043,-0.08932357992776968,-0.07965376911214474,-0.11380636611178194,-0.08518252797576807,-0.09534434220921724,-0.06499197945064834,0.008310289504001781,-0.08997607895569458,0.023299005451667347,-0.07637598258539154,-0.048405564735705314,-0.03136317732165279,-0.04977946728094588,-0.025011996723320943,-0.07781513907780345,-0.10799231563792284,-0.05101875611018989,-0.05465515479260213,-0.009495377762506082,-0.011108361400352505,-0.003185118824186852,-0.02092948833096158,-0.050104604018310066,-0.03882188030719985,-0.05291948553511984,0.051896200802593176,0.019384953991703903,-0.08208151986771474,-0.07589994602615417,-0.0870835090966504,-0.0672168573446494,-0.09373024162625228,-0.042219952994052894,-0.07701393829238622,-0.059715483449610474,-0.06981422075802717,-0.051351129912358344,0.029161127925341025,-0.013531539256081212,-0.03770850000818396,-0.10077554429621342,0.018312195175909922,-0.12171720706542997,-0.10310845358982682,-0.12135010036401594,-0.13552495219658817,-0.08311034798126592,0.018610883343117616,-0.18122504197577935,-0.050331129060703424,-0.09769964676056371,-0.10510015555680136,-0.07385651963946253,-0.11921351727688205,-0.017122119011483927,-0.004332948716205455,0.04411245217228162,-0.038361621178291734,-0.06435482484720535,-0.02732584379319269,-0.06511282025782152,-0.004691046604084924,0.004257058314122595,-0.039224044234206334,-0.04701357660670436,-0.08345171771106155,-0.04379441039497817,-0.02333172528652153,0.002875277954234608,-0.025952451336311744,-0.008181272735107502,0.02218783804375351,0.02826497824539002,0.052968904614537037,0.029992269832896937,0.0240529829474098,0.018961156625679088,0.09960843706593979,0.026949573955984976,0.037142030544818586,0.06433662350719684,0.0021623901704160616,0.030811485872099514,0.07632371475769087,0.030432938393004837,0.04143525870738424,0.077397911119039,0.03296593137458022,0.07257413273190783,0.09136337527825597,0.6946927994717116,1.0,0.7482097065906124,0.3740649482879888,0.6167708649838154,0.3946207947396048,0.5865270744790789,0.7298236871300796,0.1531925653814357,0.16155426001797046,0.19248959382604822,-0.031089678066606667,0.03239714389699809,0.002226429660412339,0.09682536062052452,0.13919367250294254
C7 GM left ventral horn,-0.022931037254034357,-0.09019014846694516,-0.07208761135992107,-0.07378374300121977,-0.06104400939537305,-0.09091259977024246,-0.11279848239615294,-0.09156427182873922,-0.09315174887250785,-0.10188287235358386,-0.03524725891125501,-0.09347469984568481,-0.01138655740362765,-0.09827198213395096,-0.08951805604881122,-0.08748779312521764,-0.058852119966737754,-0.025946963680804378,-0.08668604642837029,-0.08589109132509573,-0.09344274930997434,-0.06275465197155955,0.05658819795040295,-0.04448548909227784,-0.014954263437401402,-0.01808930966266813,-0.03187474239432642,-0.049391822678993405,-0.08338420756344542,0.032428979070686086,0.0037013301575305074,-0.10917010193331281,-0.06586730044392591,-0.11069256734779429,-0.10072175161155064,-0.0717896104695652,-0.047337261977653956,-0.09380043143277196,-0.00942374619683135,-0.10484640837814913,-0.056708494531340116,-0.008397413802908553,-0.04118009229302508,-0.04118080134592915,-0.12755629296774082,-0.03417099183829072,-0.11111257860984194,-0.10947655444496779,-0.12510617728421564,-0.13755049725146243,-0.1085953685248448,-0.006243724295256493,-0.14030405508822902,-0.055499014521935675,-0.13390610776436226,-0.11471419479815818,-0.09617240940520907,-0.06555489096135991,-0.02700860837561196,-0.004446524697951576,0.04382906621152353,-0.08448801181368679,0.021127545372208727,0.04668978320979569,0.030086712175406802,0.05602979284933801,0.07759047497697444,0.05864262428085109,0.04204052254167929,0.0003570751713169928,0.023193188364229678,0.00933257472380843,0.025481438170544532,0.0256357713182727,0.03747483708892834,0.10299576467445838,0.09883291530334111,0.10984251732080708,0.104417792378761,0.10683432548032609,0.06823404641478295,0.18245278954883024,0.1249768940044878,0.11608019140984842,0.1464476931663772,0.08142687571783705,0.14210930972930305,0.17882501686333688,0.16693636977917095,0.09854101864043911,0.10839745478940199,0.06260882470154941,0.174021941166576,0.16393855869663934,0.779989529470277,0.7482097065906124,1.0,0.24867786104188652,0.31613010371152983,0.25796748844835576,0.5776491116854781,0.6676643173344986,0.1119685976543615,0.07979400972110304,0.18434190389777946,0.004943643373102981,0.031062016993221187,0.06334029105013214,0.0896882046140904,0.12925685851336202
C7 GM right dorsal horn,0.0018745617305081098,-0.05278996163578154,-0.027477650471377048,0.010245683000307017,-0.07762176653554319,-0.014061917204804503,-0.025355383457027723,-0.025249320124789594,-0.07642155305046715,-0.01702755474080443,0.047070867908915945,-0.0016145613467478137,0.04339558218267045,-0.021990222540929468,-0.007676397781985078,-0.03304429432265186,0.02289971527745894,-0.005885516917278248,-0.019449439802356264,-0.10608782112676687,-0.027531505085347137,-0.0321658130766966,-0.05819740153063281,-0.010544605729065655,0.00936286985343619,0.013335983426623687,-0.024989855473703266,-0.052847645289698514,-0.02606826122770845,0.03705473331601061,-0.011813655326533544,-0.005982661919620521,-0.00542515455157516,-0.041916719260817276,0.023164032689476866,-0.03706894396039503,-0.04750626257654251,-0.015120631269079265,-0.013442729104166879,-0.021329997291331487,0.020518458072870394,0.06507452912840411,0.05767097794406115,-0.012119930459579188,-0.028846427000359706,0.058857713847765364,-0.05079496506717013,0.004121501351973795,0.015218078151780126,-0.07457625912027241,0.009827950323206568,0.052960386065130954,-0.13968984325879236,-0.012398887453100438,-0.002238760704576694,-0.037434455294392086,-0.09821510040589132,-0.10675894028407096,-0.012715858607581808,0.017321498935453025,0.04401130333201015,-0.07222729020782825,-0.14084309399621972,-0.12375941374954974,-0.13288993208930153,-0.0654699824868391,-0.07972320256330126,-0.0802284597706247,-0.11578907120270714,-0.11133391782322437,-0.09073020850153997,-0.09853793779999674,-0.032676403806033504,-0.07016679490928972,-0.11125648320216552,-0.04894425754744499,-0.016952808238403103,-0.005843930714713417,0.1381946723184082,0.09231871424988125,0.10312693664853494,0.06853722914780268,0.06859676291952087,0.08721039804368796,0.13594893003272904,0.11145255103249034,0.10708433078036236,0.07100232060771629,0.08229681757199118,0.049848547457934725,0.031904967344277856,0.04953465408657127,0.0781919803743832,0.11404739629442,0.25768712215685213,0.3740649482879888,0.24867786104188652,1.0,0.8071503640278184,0.8248156815754406,0.6325042741393276,0.6001941501925744,0.008850043391913982,0.0487398536267026,0.018390830822795304,0.04985378502413878,0.09706562782148738,0.08063357621643656,-0.010460408165562207,0.08552907473509128
C7 GM right intermediate zone,0.05109089228353294,0.005828776702891942,-0.016157537138004857,0.03132320845703637,-0.07916870186040102,-0.02717864192427639,-0.0457218351285628,-0.028269987942895727,-0.03800018330913173,0.007496176827523943,0.07555451561501732,0.013261801179989536,0.08846847298806375,-0.013672925436452361,0.022460425581367946,-0.004080721606067627,0.029346148975253835,0.007775327530592017,-0.007298828988389156,-0.09428013969476341,0.00863440538227125,-0.016562389127308806,-0.050651971394350515,0.030565511253479873,0.029386033166759497,0.027787657659849883,-0.007189598284255916,-0.01786875891172036,-0.0003157917632016946,0.07120635680597939,0.033922006057700294,0.021944053963575173,0.025449773181984596,-0.021711401805808033,0.05149955646108911,-0.05472464832783559,-0.02802126429251195,-0.02728106722324115,-0.04405779730090603,0.00473247126109194,0.021454555017930546,0.08849179696278213,0.066371858508492,0.007645953531496203,-0.025281423173985847,0.08342038275490367,-0.05378886827930778,0.0030371026572669634,-0.01217080292093978,-0.08180421913258816,0.01994448436305305,0.07989054875476091,-0.15149827115185938,-0.005924372427153026,0.010903237179305608,-0.02525038437890175,-0.04064735041296867,-0.10026684184200158,0.0014064168031189444,0.03901809119326914,0.06405008226531987,-0.017592446809399507,-0.12729134729343067,-0.09452605583263778,-0.1251492684293262,-0.0534047415808329,-0.07427780337080611,-0.08494108539355862,-0.10944733856873361,-0.1173069136657621,-0.11184291752641139,-0.09151460659516894,-0.024511804070080377,-0.10863850947393662,-0.1169159814236978,-0.06424583795816464,-0.01635149017064036,-0.009967320448568453,0.05776824218377502,0.01641153687541615,0.03372267529424054,0.009275419703983427,-0.01433840834944443,0.008658610942835588,0.05030122116194828,0.020671093352572494,0.029724523208266355,0.02152712056058252,0.023345690725770155,0.009025089982906494,0.005865776339309863,0.03018232720366304,0.025197263929818733,0.07671774174570348,0.286485757913916,0.6167708649838154,0.31613010371152983,0.8071503640278184,1.0,0.826566996008722,0.6012814758287761,0.7559757245378885,0.09935993135390181,0.13974702546409268,0.1255491123195138,-0.0019135572649741617,0.10657366196130484,0.06655781531698594,0.0392800010282508,0.15019847528196192
C7 GM right ventral horn,0.03594250425948031,0.015640015249295675,-0.022771241510441152,0.02627523127966189,-0.07121427545719732,-0.018371629632578598,-0.017713411581059997,-0.02650355742506509,-0.02230801475164493,0.0036436438564349492,0.06811913831189399,0.030708114390390694,0.053240210272921654,-0.04096291893013869,0.00930393249667379,-0.021814315385018945,0.021028576224072882,0.032026500872555395,-0.010614257247273592,-0.0926037122631655,-0.0013536486797186154,-0.03882246409687154,-0.06804879466555924,0.012987377607373854,0.004075412618251495,0.012608769803252314,-0.02705259678289267,-0.036715489308131205,-0.034088316187756464,0.025790008832435166,0.023920363443872675,0.009242679394646668,0.027374018989321548,-0.022002117090940965,0.03938993537656753,-0.047159265649451686,-0.04317900147746184,-0.022304606894450782,-0.01812649598886291,0.006808344195519554,0.010491451213036662,0.06955191451019994,0.06496696711239779,0.014537739037747199,-0.038487073489587915,0.06954485442661089,-0.06447790856758888,-0.0005140397556295145,0.0038587406350929004,-0.08401657401589108,0.02285596755163677,0.0606038219193327,-0.11836912275079672,-0.00804639299051332,0.0051735862937541096,-0.0233025461240875,-0.032758944691664287,-0.05548029291675595,-0.027124294064210335,0.015914122442724315,0.0389367854262812,-0.04504851373624292,-0.10420701294008566,-0.07566483372496481,-0.09319269017622688,-0.08456646821940979,-0.06625223205680439,-0.05526570789806391,-0.08350123152316348,-0.08473796419749441,-0.052738031955941955,-0.05689612667358294,-0.004640643108806402,-0.08638767290284344,-0.10964457527807163,-0.05887057832506766,0.018986707368601093,-0.006326793683158202,0.06679557031175197,0.04456913185338693,0.05597581455978292,0.01552360775150899,0.016646190490288985,0.01113830801448784,0.07742564341294579,0.04415359800437929,0.08004088128756537,0.04811210386137146,0.04634829401720505,-0.01592775822343544,0.0012844754383342285,0.007500523042494399,0.04880061301514659,0.0923342386622793,0.2302019254234399,0.3946207947396048,0.25796748844835576,0.8248156815754406,0.826566996008722,1.0,0.5855897844745312,0.7532525297821909,0.04292003051138578,0.08206007064886783,0.0766410209098488,0.017892586790204373,0.06471336387878539,0.10082245994090633,0.013541354084649295,0.13679507402194974
C7 WM ascending,0.039196948467944734,0.011956472422953838,0.007690597463893134,0.0025008792488754664,-0.06032031844013554,0.044336362974458934,0.0008333567786472358,0.004862933645886366,-0.025966846440718217,0.026813530588237027,0.07393981489942585,0.045069529192977235,0.07906888780476339,-0.00254383413413458,0.027538903802398925,0.015309136587609724,0.032400000884199594,0.026850810877189463,0.008520007602891613,-0.05852876553996883,0.012378782125165121,0.019177595635838394,0.05280396328455982,0.06646079029740502,0.04906735752872261,0.062246762368482034,0.023619959746657364,-0.0065769269109839275,0.0031704542531920945,0.12481581725869713,-0.011335054378001978,-0.01715480205643566,-0.03725110197179276,0.006768057685712622,0.021750025553497886,-0.01185403010114686,-0.031320632174525784,0.018260718598281853,0.00890020514249977,0.019140018981639858,0.0362313644082393,0.09512789818915852,0.09411025319173429,0.060943058934701304,-0.028196594311707256,0.08718220369800544,-0.0260357236184997,0.015395317828917692,0.042535470071364816,-0.04260855487190731,0.024624551715357518,0.10601115658568987,-0.1241026843692428,0.024328249961151707,-0.004641975108790769,-0.03781650582039513,-0.07127620238298664,-0.11516538581106191,0.05189457253379014,0.08494993281362898,0.13226134225214065,-0.0222137220106072,-0.0400204199031881,-0.039457989416441866,-0.07352560807176141,-0.006615923331303619,-0.009053902321567674,-0.03469464821659275,-0.008919829892085665,-0.044909743644881504,-0.006384185289289342,0.01673816425332929,0.06888680525486965,-0.012922066901090495,-0.012988724451209856,0.049809966837427826,0.09273301581700912,0.10976362280710876,0.1348442635043111,0.09313187922775958,0.04689411045327594,0.1746100305376113,0.12355717707491101,0.15161371148509822,0.13010663320249127,0.10431419576024098,0.09888369142649206,0.08189099020671298,0.10571654734425669,0.11609080967146591,0.08261926831652788,0.10564139247208251,0.15839196951790951,0.18261471321926934,0.5898895122156402,0.5865270744790789,0.5776491116854781,0.6325042741393276,0.6012814758287761,0.5855897844745312,1.0,0.6933207390447399,0.08440317683695932,0.12120239486210817,0.10501407444016042,-0.051884754151156724,0.08956000914925752,0.03383860431823254,0.09661394706485689,0.1317213175929102
C7 WM descending,0.06524542392477804,0.017467689174373965,-0.020885822202338998,0.019096824361843186,-0.06973989941858583,-0.04749581343372294,-0.054197924651903324,-0.03841129978272968,-0.045540861733107355,-0.025888590221546083,0.06336198075064066,-0.001464373029802555,0.05120540908626509,-0.05912591351261672,-0.026175076185244922,-0.04751815995698552,-0.011436936784294778,0.029774512434151273,-0.03039831523981408,-0.09772432707423152,-0.030785131812489454,-0.03630103777768206,0.009050501232987304,0.015519646419430013,-0.0003572140844895349,0.009960055457149525,-0.024682662733898606,-0.04103597436332393,-0.05089540058222319,0.05492542091953051,0.05472204739667249,-0.0076655696500606526,0.030854110513435236,-0.03717090651403125,0.025753473604059822,-0.042587531949707505,-0.03113476648566829,-0.0347919957099693,0.005396516804467868,-0.012432975325167805,0.010281558447284617,0.0658155770368773,0.050618571007225034,0.017531973721738592,-0.07509388077776143,0.062737869480111,-0.09361797004206503,-0.04321300299016077,-0.05303041077497044,-0.1083171748132002,-0.021237946559325316,0.06077672458038197,-0.14649141346971684,-0.0276558335726301,-0.04750312255930219,-0.05964042029396332,-0.06859623324181066,-0.08145390188758266,-0.01863681873892947,0.023988608133022168,0.0739896036663858,-0.053230905447531604,-0.07312541482247938,-0.03827251797878009,-0.06770370129382637,-0.03956048582122522,-0.03175508008116178,-0.045652020868597674,-0.055214944313424594,-0.08340261445096364,-0.04154470346709239,-0.023604968958494944,0.013643851344968054,-0.05820091969939371,-0.053658617015184235,0.005279229616580714,0.050212292872794724,0.052337482330709534,0.06114730797070075,0.03981035716819911,0.024338518800236443,0.08021428430287923,0.03456231398017346,0.0391049265559911,0.08685874785823022,0.019221448830242127,0.09158392330797628,0.08632713981479775,0.09518433824744826,0.03962094468837758,0.03060486415905124,0.037732153276952896,0.11348672933268249,0.1380834516239376,0.4715098946728177,0.7298236871300796,0.6676643173344986,0.6001941501925744,0.7559757245378885,0.7532525297821909,0.6933207390447399,1.0,0.1278844860268887,0.14821682844790718,0.20914015154333016,0.012996587314877609,0.06808669460122885,0.10373476068897508,0.10871515658367317,0.20252154435261868
C8 GM left dorsal horn,-0.00640681490063697,0.017089847230659233,0.009956781597179902,0.05937249611417667,0.021110239383145487,0.08915537789647457,0.03446618216450612,0.06689076703793854,-0.045643696600026706,0.01820171719744138,0.052550476374398566,0.0099062147032372,0.1788023971975262,0.12650966438342467,0.10817958090679267,0.021611239811947396,0.0424632158359739,-0.005106487633060389,0.11577663603463684,0.049167956883567586,0.06980835833555803,0.12415534113877251,0.12208420586496092,0.09046943053423318,0.08277655411641414,0.07635920386638657,0.10931861922137204,0.07254460413904855,0.11659704975726538,0.16271581353722397,-0.028560050964483007,0.00615076047626972,-0.12237616530890406,-0.05324141468850221,-0.0054408711611012035,-0.07034878388754322,0.02768349543869812,0.055096008017294695,0.02663617757390775,-0.03165455960218993,0.08540145064735456,0.08574221841073314,0.13254445854433491,-0.026749572098412746,0.08069490749775225,0.04847563869196152,0.026432410555734236,0.0799847278105091,0.017260359944784462,0.0323337552078423,0.05600447559553243,0.047610857327508145,-0.02003442877738339,0.039597375914140046,0.03145024533475074,-0.010190438129819802,-0.06453616802646721,-0.11386836066960675,0.13771196213899495,0.054194307420237196,0.12201877407436919,0.023070607827669128,0.07664803051953205,0.05025349912583501,0.025379663526035608,-0.019137485008493653,-0.07269403393084099,-0.13602336803307555,-0.01203567711690487,-0.056589624216326954,0.047956336142282056,0.050602728083910566,0.055436890321394774,-0.157470967770944,-0.09111022090153183,-0.01873566765367479,0.034871485747480356,0.04253279069189765,0.18358324603787235,0.2660878240261704,0.2471176938946218,0.1164041335562941,0.19681205892571096,0.14079224023300524,0.1666240073011988,0.23810999985320763,0.09250584678671761,0.10109915939191928,0.08824819245283645,0.1777991987825892,0.1440885842852996,0.14597951943982973,0.19915185564742766,0.11003140702553235,0.14241430904007626,0.1531925653814357,0.1119685976543615,0.008850043391913982,0.09935993135390181,0.04292003051138578,0.08440317683695932,0.1278844860268887,1.0,0.675371718817734,0.7743171371531293,0.10443525087450577,0.12520438269947562,0.07680033198982465,0.5673763293357447,0.4030738564110783
C8 GM left intermediate zone,0.06611472468955235,-0.009995325429064235,-0.02213596056787966,-0.003395620181535335,-0.049696803598674635,0.018665281118486737,-0.022284966118286554,-0.023781611959836156,-0.11607214940711298,-0.05066471651679723,0.030432863671821478,-0.048696724199984484,0.06077124758143583,0.0224935921552247,0.01839652110786653,0.026992326578047884,-0.003888495162001498,-0.047593245219203925,0.004940974693057567,-0.018223801445416847,-0.0032605986825534204,0.03060117615258455,-0.026532319882828413,0.03206835993238615,0.05942041313926979,0.03335367661689455,0.017712590629661594,0.050359105031290645,0.05211245251970104,0.1014479147993148,-0.036305063849175465,0.05339350167381961,-0.05456989431597484,0.00281876044651686,-0.01787288241808285,-0.037243781911034064,-0.07438266115963754,0.008355477506525195,-0.038082531194340866,-0.07099019292423553,-0.001105389737687387,0.07219877806341511,0.057584036791161364,-0.026700930727636688,0.011920457910727607,-0.006606943255283495,-0.028244649193289166,0.0014448004335845402,-0.05652134188872812,-0.02454554268936741,0.016681761233009587,0.02193201831371018,-0.10540138648788969,0.0245021257036445,0.0054288191274003755,-0.03499933777714134,-0.08335835512265054,-0.19537675432226811,0.06242180962895043,0.009672301125343017,0.048550528870152106,0.008829700786628637,0.01357154269855415,-0.000359257884557051,-0.036886565626649236,-0.07844752978317791,-0.06558542345049886,-0.10971666451788949,-0.07520505188984201,-0.040033074491943425,-0.020553727777722124,-0.0543182008545412,-0.050419711726578845,-0.1897819076566315,-0.12481676531087563,-0.04275941743651647,-0.07485739983600839,-0.008207840787798517,0.10032865973763017,0.18786064379808323,0.13965056506398235,0.10773656579028372,0.17757549348389573,0.11440455801662827,0.10361046407956451,0.16287063197210233,0.09254576829146158,0.13068922078742506,0.11088648783878463,0.15068909554212911,0.17578424391195477,0.13965195445088166,0.18271830694747201,0.14779947410391928,0.06739138098611067,0.16155426001797046,0.07979400972110304,0.0487398536267026,0.13974702546409268,0.08206007064886783,0.12120239486210817,0.14821682844790718,0.675371718817734,1.0,0.7818280052796849,0.1538001818334212,0.4747642412169554,0.2788993712646933,0.6165048428967611,0.6567333807637025
C8 GM left ventral horn,0.04537220640355751,0.01550180391482001,-0.018878781279352597,0.03203348467370865,-0.02393715412712138,0.007659898879252811,-0.03315539687771619,-0.01863113268942715,-0.12668147725842635,-0.05774462199086467,-0.0012585131657566106,-0.07200373777555344,0.032093784834308345,0.013629280086734634,-0.02023565622824802,-0.021076436108342297,-0.026948179272166976,-0.06134842341906134,-0.003152424631960527,-0.028561704521889008,-0.05368156543478186,0.02978152895458479,0.007216932453886899,0.010106817325146063,0.04510814519432085,0.028195002655012937,0.03244123466869949,0.028385490348909897,0.03918263292410872,0.08925115414883787,-0.005778404023339289,0.029289198892193696,-0.10306175504207857,-0.05322951225531892,-0.015005649655326945,-0.05419191192176151,-0.035547754829840544,-0.010451929037070427,-0.015393576385462465,-0.09202512610346349,-0.004660022893946595,0.024502527659135402,0.049669985059596154,-0.04878985068869726,-0.022988771281727303,-0.01630880682566653,-0.050154312408675066,-0.004763940213597714,-0.06291491022152675,-0.028432035219007883,-0.01339282966292087,-0.009047747348605722,-0.08293150289803415,-0.01078389811252875,-0.02142999340588476,-0.06336996958092553,-0.10654176678213681,-0.1742196735875346,0.05135446307091166,-0.005399957033295857,0.04662512958103385,-0.01938625245660082,0.038714042073278304,0.02403906313486314,-8.547019290679171e-06,-0.013655690903894785,-0.036903772256978655,-0.06139682409980149,-0.003933582492937787,-0.01744111524049851,-0.04404011932170498,-0.05330134790029764,-0.03969471917563546,-0.18747288673501608,-0.13371650876599164,-0.06636193083535409,-0.06557955601126074,-0.011873082406342954,0.08236613645874893,0.14418355757760187,0.11335387399800777,0.06130695783209072,0.10767528175636197,0.04286531647612298,0.0696876226610941,0.10432793320718226,0.08227663364329973,0.11512540254107298,0.11051620320495183,0.14697046399087496,0.11712474995578648,0.09495745349862295,0.18979351918414206,0.10869660550898702,0.10098691583166348,0.19248959382604822,0.18434190389777946,0.018390830822795304,0.1255491123195138,0.0766410209098488,0.10501407444016042,0.20914015154333016,0.7743171371531293,0.7818280052796849,1.0,0.09052858850360328,0.2183015139354994,0.1806767837892456,0.6275046321925335,0.6499432737741613
C8 GM right dorsal horn,0.08106245261971275,0.04253429600613897,0.0762199780301431,0.12979877055108555,0.017543832799119714,0.07750055093927515,0.11175964347294444,0.08709321798869309,-0.028737720780106918,0.06596707682491441,0.08122036506696227,0.07074010493207361,0.057678778148730604,0.08485227962156291,0.07307249141287105,0.10579909276666086,0.09102595223446053,0.10186984847924588,0.06328164092000278,0.10390813828910343,0.06288439032179828,0.10711726447771984,0.11659068311841056,0.10466701631732568,0.15070277463580387,0.1333052901860404,0.09787959992041934,0.06210026791955391,0.09644274706477532,0.12722460801229857,0.009964832076343235,0.1612179282164936,0.08454097854903188,0.1478135908633951,0.07864701022551158,0.18923947282254325,0.0609286341884317,0.10858361292371763,0.11101204707708107,0.07641873361493104,0.08323743844605802,0.18323075525887858,0.13218605966863844,0.06121935804815067,0.0848671576556392,0.08080798074269659,0.05518405415748702,0.08863208661449187,0.049744045975641187,0.07134645954786463,0.07439323740627382,0.10454803896039405,0.01947405748864667,0.11766942166613505,0.0580033830748156,0.0337649298959252,-0.04374607329281702,-0.034358764159591826,0.15075943987097795,0.13600942391513776,0.1274283289153144,0.08606130434748059,-0.024669435767389964,-0.05704498075235674,-0.0005768688990240122,-0.015378451961240058,-0.08210924282063606,-0.07394524501166724,-0.06030592938913524,-0.02012715231576303,0.04381769839213792,0.04109025987938089,0.05327480948963402,-0.08250797473907569,-0.024441960096504876,0.009981193222074131,0.07388368030537619,0.03407891594328065,0.12313205029144088,0.19080967685771685,0.229511313686722,0.1180210200758035,0.1356224221237015,0.10854886824860296,0.20701122412333095,0.20786445144708546,0.08826186840757114,0.11966685477243313,0.09586696503944434,0.015265148876972764,0.03001807490493717,0.0037595493915678533,0.05688935645539896,0.09469364877193838,-0.04733610003648583,-0.031089678066606667,0.004943643373102981,0.04985378502413878,-0.0019135572649741617,0.017892586790204373,-0.051884754151156724,0.012996587314877609,0.10443525087450577,0.1538001818334212,0.09052858850360328,1.0,0.5972251584683339,0.6948086274303245,0.5401415677978776,0.3447428355112635
C8 GM right intermediate zone,0.08365631982410315,-0.0029934807759212437,0.04480672926482793,0.04462991007704107,-0.03486651455165167,0.005419148542856847,0.005995697564273635,0.028431073145653473,-0.07701586332037097,0.00561012853591365,0.07829336217758218,0.05143554154653377,0.020191171579239057,0.02610796081617867,0.03834069311625102,0.1106197541799792,0.06372630586868935,0.07813832809853585,0.014616111813808874,0.05345647427366748,0.03886454264005058,0.055981871748887815,0.03664368471813727,0.0714255230363704,0.11668367900410358,0.09315529457545797,0.0683062485221575,0.06155753398110925,0.07560729495314378,0.10262239968777986,-0.02606665201109225,0.11546925701769105,0.09549767195157476,0.141719060136669,0.07589737482089368,0.14213847303553223,-0.010565668724677988,0.05319102390990671,0.051408438157048625,0.009386773380117947,0.04784983938581158,0.11530237361220494,0.06088071631892075,0.057297855397356164,0.031699927924178,0.019787439499775024,0.024751044196443948,0.03777825771587259,-0.01599073929181835,0.020411213746170834,0.04072043078164393,0.07617727620653865,-0.050539119845386005,0.0970929604799085,0.052848783153061706,0.02204841166024675,-0.012889134014568131,-0.07679516798764047,0.09787425504411146,0.08450537919078308,0.05980725579889168,0.0510003517774115,0.021319248081572036,-0.007977968043745032,0.00844810300259558,-0.0011843451711316718,-0.02810503077776734,-0.022514603206091128,-0.020477370959662743,0.05071586538369774,0.011798527869788772,-0.032857541755566114,-0.00914647238888303,-0.07377209743115061,-0.039762119752921585,0.01056645969950378,0.025617646030757935,0.02519474912702884,0.09466106499408652,0.12578425654668188,0.1377191825148312,0.07116017168118438,0.09076863192841705,0.10034238724239652,0.1361670254242639,0.15180531903728667,0.07144138849483299,0.07327868896619959,0.06100873910068796,0.035120369314314934,0.026581109169234562,0.03410815321574554,0.06704019299673764,0.09469184848493113,0.002372503154210389,0.03239714389699809,0.031062016993221187,0.09706562782148738,0.10657366196130484,0.06471336387878539,0.08956000914925752,0.06808669460122885,0.12520438269947562,0.4747642412169554,0.2183015139354994,0.5972251584683339,1.0,0.8154763833965849,0.5388738806083948,0.6141682398221686
C8 GM right ventral horn,0.1288319790124355,0.04726634408792893,0.08914989720936481,0.10282488900370203,-0.011552333974565118,0.014834008462209823,0.036249928739438525,0.05926512868040824,-0.056235493265008464,0.04565958169445795,0.08253676585675326,0.08389568488237108,0.03972013633233516,0.03494148706722025,0.053429127584401964,0.13383383478347027,0.08987636681911965,0.10271825920726695,0.028559470913110407,0.06239976273546282,0.04781530965178551,0.07664939381115012,0.07702406096993876,0.09009102388906018,0.15715940282927987,0.13646122241530526,0.1011074303158375,0.07606860933693814,0.08748639396870034,0.1323871888191899,0.039367299099184384,0.12220785246198689,0.12433875289541575,0.15741885268943814,0.12301243941559957,0.1715640004680586,0.03205291206572684,0.06717943993778473,0.09320446584007036,0.04067063091379628,0.06762208784258969,0.14788516251766837,0.10464817568393295,0.0579283419030279,0.023622315800783684,0.08284987165840489,0.024049454920091227,0.07363990441659844,0.026122312960901114,0.04269276492865175,0.06935897243928542,0.09896105974581157,-0.00870088700104836,0.12127502120723495,0.06985017507607037,0.0357938407974896,-0.016149282851214263,-0.063002695814743,0.14140246558066397,0.13123362935043942,0.11368196217066542,0.0912596921158561,-0.009874639825722705,-0.029232374256663772,0.009007399424069699,-0.02943708483940609,-0.04923168046429244,-0.024637820075013063,-0.029503521365291507,0.02431107312771324,-0.006362157905042284,-0.061161734882698306,-0.03652483409169149,-0.08904742576581452,-0.06642141612139142,-0.016627751602136354,0.03327470574057687,-0.03664970800782309,0.07587539103674451,0.10076080247880602,0.13031017006696813,0.052730590965228204,0.05163572968354356,0.059673735232083976,0.1523029707540325,0.11988732283540693,0.040293573669603185,0.028352667282406544,0.03300863516957606,-0.01889491187639329,-0.05041846539550397,-0.020787968526808163,0.053300190252437124,0.048262056402724546,0.015899303255712822,0.002226429660412339,0.06334029105013214,0.08063357621643656,0.06655781531698594,0.10082245994090633,0.03383860431823254,0.10373476068897508,0.07680033198982465,0.2788993712646933,0.1806767837892456,0.6948086274303245,0.8154763833965849,1.0,0.5493506417573399,0.6466517073811711
C8 WM ascending,0.10637100693188992,-0.00202817844830737,0.03218946222799304,0.023121681225797795,-0.0685890213035365,0.01734768424737332,0.002245126613182401,0.0059484781407911184,-0.1302234247720548,-0.012617995281730654,0.048347633398980995,-0.006450353508619197,0.049063107267457017,0.0453084441760502,0.04359612873199326,0.10691034336251322,0.05392814036869388,0.03381644740514816,0.031371804165832705,0.06181979390644966,-0.007997197359978359,0.08916414161943784,0.049546014613021945,0.07118392649060414,0.15734439827959742,0.12024488961180352,0.07706834672807056,0.08629470087288542,0.11019643954547365,0.16063116519088796,0.04737589265905893,0.11522630809434803,0.02381486877027738,0.08781574228811206,0.03590476632588592,0.057210311272323684,-5.522925602551382e-06,0.0346892806279502,0.021548454698242347,-0.04283607727075695,0.01260996611266203,0.13616479043095595,0.10112999662500256,0.018429251689726825,0.030969466251545234,0.04647972728209678,-0.015291484549159481,0.024408556090646166,-0.00897296799469112,0.03203753534215902,0.028139138676323176,0.08027763877385004,-0.0744827789353008,0.0906682790352725,0.027157143939008185,-0.015588502658969473,-0.08001696082891785,-0.1764367425522018,0.1627658721214677,0.07614926488347912,0.09675639363455338,0.07793801799567072,0.020879630901472986,-0.03185919427752829,-0.00028664035754446323,-0.057934699321062634,-0.0743762534375122,-0.06647612454388035,-0.02403881190970243,-0.009330404767081812,0.025218940050819493,-0.0005667724101315044,0.023199416210674104,-0.16520919416149277,-0.09983489202019892,-0.033083583184975125,0.006638263547842361,0.012740055197578764,0.17027525475328278,0.24168552924934777,0.2557072951795058,0.10096347645037695,0.1438619122859338,0.10717513202955933,0.18114165614983538,0.2192688399317801,0.0859954808955069,0.0983472347150689,0.10912526875570419,0.0857068543042081,0.06018035705290832,0.06885329476900012,0.146197729106281,0.10895746471584306,0.06565026997963104,0.09682536062052452,0.0896882046140904,-0.010460408165562207,0.0392800010282508,0.013541354084649295,0.09661394706485689,0.10871515658367317,0.5673763293357447,0.6165048428967611,0.6275046321925335,0.5401415677978776,0.5388738806083948,0.5493506417573399,1.0,0.7065432758960173
C8 WM descending,0.13021629018004313,-0.03160993897846583,-0.024138903327705973,-0.006192584152433421,-0.14306231350743864,-0.07837798134148388,-0.11500913795661794,-0.09158543253168051,-0.20387966425509937,-0.10285540140487788,-0.01605448970777569,-0.10408754964406851,-0.05368929173489255,-0.06938722583261345,-0.07744525769140896,0.04046463797979683,-0.034174397739737954,-0.042998244830299785,-0.0759031029430294,-0.08363075051317531,-0.10306601912043467,-0.027357808641880563,-0.08871625132680733,-0.027211364143903356,0.10151573016784339,0.04925745465620784,0.006556517151784725,0.01732282321916931,0.023903328221087126,0.0879404084220392,0.030674199128125954,0.09200689943905806,0.032305530488266336,0.05640674797436388,0.04547305763235957,0.04755302203747141,-0.08200105541147908,-0.063232954000056,-0.05201426520674736,-0.12774085342215827,-0.07352943689999662,0.058330037025817155,0.012678666467006364,-0.04671177860509732,-0.08185558052370771,-0.03135210260729017,-0.11186399614431358,-0.052992421119146225,-0.11084429099567236,-0.07333668183868845,-0.04865776313721521,-0.0004888109079708015,-0.1521587010880843,0.037538913952585386,-0.046944058552491105,-0.08253866210427353,-0.11176497302554883,-0.19453734571260653,0.06198008526287681,0.008132603135147796,0.01795566807804437,0.033163758349839124,0.02642202118485072,0.014949902081817349,0.02407251280511061,-0.022429702601195662,-0.013830661165498354,-0.00402927763413417,0.00215553584408032,0.04411364321516982,-0.03750939754539174,-0.08892436395436823,-0.0691723759270284,-0.1811501125165946,-0.13696770867651553,-0.07787692088272012,-0.05207190351744625,-0.0514047044764993,0.033891187095492825,0.0871188783247919,0.09775046005356583,0.00969167178744925,0.034897570328955616,0.028019827500736026,0.06344456169731258,0.07898976700844323,0.044311269943473494,0.06191095209956322,0.07331322793971719,0.05451453560852662,0.04138260509190575,0.060257831973822194,0.11476351371091835,0.09488932856773108,0.09997732812206944,0.13919367250294254,0.12925685851336202,0.08552907473509128,0.15019847528196192,0.13679507402194974,0.1317213175929102,0.20252154435261868,0.4030738564110783,0.6567333807637025,0.6499432737741613,0.3447428355112635,0.6141682398221686,0.6466517073811711,0.7065432758960173,1.0
