,7Networks_LH_SomMot_8,7Networks_LH_SomMot_9,7Networks_LH_SomMot_10,7Networks_LH_SomMot_11,7Networks_LH_SomMot_12,7Networks_LH_SomMot_13,7Networks_LH_SomMot_14,7Networks_LH_SomMot_15,7Networks_LH_SomMot_16,7Networks_LH_SomMot_17,7Networks_LH_SomMot_18,7Networks_LH_SomMot_19,7Networks_LH_SomMot_20,7Networks_LH_SomMot_21,7Networks_LH_SomMot_22,7Networks_LH_SomMot_23,7Networks_LH_SomMot_24,7Networks_LH_SomMot_25,7Networks_LH_SomMot_26,7Networks_LH_SomMot_27,7Networks_LH_SomMot_28,7Networks_LH_SomMot_29,7Networks_LH_SomMot_30,7Networks_LH_SomMot_31,7Networks_LH_SomMot_32,7Networks_LH_SomMot_33,7Networks_LH_SomMot_34,7Networks_LH_SomMot_35,7Networks_LH_SomMot_36,7Networks_LH_SomMot_37,7Networks_RH_SomMot_9,7Networks_RH_SomMot_10,7Networks_RH_SomMot_11,7Networks_RH_SomMot_12,7Networks_RH_SomMot_13,7Networks_RH_SomMot_14,7Networks_RH_SomMot_15,7Networks_RH_SomMot_16,7Networks_RH_SomMot_17,7Networks_RH_SomMot_18,7Networks_RH_SomMot_19,7Networks_RH_SomMot_20,7Networks_RH_SomMot_21,7Networks_RH_SomMot_22,7Networks_RH_SomMot_23,7Networks_RH_SomMot_24,7Networks_RH_SomMot_25,7Networks_RH_SomMot_26,7Networks_RH_SomMot_27,7Networks_RH_SomMot_28,7Networks_RH_SomMot_29,7Networks_RH_SomMot_30,7Networks_RH_SomMot_31,7Networks_RH_SomMot_32,7Networks_RH_SomMot_33,7Networks_RH_SomMot_34,7Networks_RH_SomMot_35,7Networks_RH_SomMot_36,7Networks_RH_SomMot_37,7Networks_RH_SomMot_38,7Networks_RH_SomMot_39,7Networks_RH_SomMot_40,C3 GM left dorsal horn,C3 GM left intermediate zone,C3 GM left ventral horn,C3 GM right dorsal horn,C3 GM right intermediate zone,C3 GM right ventral horn,C3 WM ascending,C3 WM descending,C4 GM left dorsal horn,C4 GM left intermediate zone,C4 GM left ventral horn,C4 GM right dorsal horn,C4 GM right intermediate zone,C4 GM right ventral horn,C4 WM ascending,C4 WM descending,C5 GM left dorsal horn,C5 GM left intermediate zone,C5 GM left ventral horn,C5 GM right dorsal horn,C5 GM right intermediate zone,C5 GM right ventral horn,C5 WM ascending,C5 WM descending,C6 GM left dorsal horn,C6 GM left intermediate zone,C6 GM left ventral horn,C6 GM right dorsal horn,C6 GM right intermediate zone,C6 GM right ventral horn,C6 WM ascending,C6 WM descending,C7 GM left dorsal horn,C7 GM left intermediate zone,C7 GM left ventral horn,C7 GM right dorsal horn,C7 GM right intermediate zone,C7 GM right ventral horn,C7 WM ascending,C7 WM descending,C8 GM left dorsal horn,C8 GM left intermediate zone,C8 GM left ventral horn,C8 GM right dorsal horn,C8 GM right intermediate zone,C8 GM right ventral horn,C8 WM ascending,C8 WM descending
7Networks_LH_SomMot_8,1.0,0.5972777319073413,0.5901317522181867,0.5475370516286362,0.4301160758944612,0.03354414037709896,0.310445798706292,0.3093912662204837,0.29824365692136917,0.286636039786702,0.3819497032879131,0.303491298502809,0.3058156769446157,0.11584720291133332,0.22934557600246766,0.36193198897739043,0.36708105604021074,0.3244631086218758,0.42369677551310575,0.220344470017749,0.2556586889391385,0.3812914314035568,0.404648447714362,0.24350747287913996,0.33182715716599154,0.42875183945393025,0.23021208897142592,0.3208163546078593,0.4402503864822783,0.44617033215677915,0.32989041590034995,0.25770022105476464,0.5333677648728804,0.4854573789149492,0.27792304810489504,0.43397757758556155,0.18592416690947453,0.4283025076536885,0.47871888451791916,0.36248211286609194,0.35104792065656776,0.1649952484543002,0.5584661003309063,0.40239056201939505,0.05048250095102452,0.2689981642834681,0.5605606786577302,0.27957620044112874,0.4604295524937018,0.3331426732630487,0.4553618904703335,0.2841044929224458,0.3429184961218229,0.25671217911904254,0.2583281608815691,0.47159195972209506,0.36851326215375235,0.24826850817887194,0.2916106684624212,0.35862441462346745,0.14526722007955475,0.24553613976346247,0.04392306291276161,-0.024772382945928692,0.007670316550440257,0.06487269237575717,0.02671558733639404,0.05449361177754171,0.06955966074330618,0.04112544473598282,-0.00460701231156101,0.014546603621969696,0.013408799109998672,0.046670867867987596,0.0540731888389528,0.06582365087761632,0.09700002461731894,0.09565932735040346,-0.013321298598303883,0.031357980712356924,0.060256525682934534,0.01176661302768047,0.05032579771855614,0.05930082219255875,0.05083893133881993,0.06183150859827051,0.030837481927100417,0.024651858320367898,-0.00902048980705882,0.060053478564190015,0.031046407825289477,0.010891594901818956,0.039527951109095565,-0.009161818329871646,-0.02114879868971701,0.04705727660997192,-0.0835051212889047,0.08550836823575411,0.15188181038187892,0.10899853297684736,0.06462402733709774,0.03392485428374385,0.09176937410145705,0.04410810420336233,0.10832559222951037,0.00013583836726597368,-0.08078204974610659,-0.027204780236712994,-0.01894289358080348,0.036321404346788426
7Networks_LH_SomMot_9,0.5972777319073413,1.0,0.556570698482088,0.7046998400436819,0.511357014976588,-0.029719370780802425,0.25126104274314565,0.22859048494983336,0.19714260279861948,0.24139035516476431,0.26030501029150294,0.3406121156597497,0.238826037251663,0.016002366204854086,0.10843135155288391,0.2963063791307727,0.21132964863777087,0.30030134702407857,0.25519121545027257,0.33486426179743717,0.09530223357675215,0.29438337474862447,0.2400470169747253,0.08562345440895712,0.3484597194299019,0.4026325554657925,0.267781399402653,0.19909805236260392,0.40016271362517475,0.33226939758608565,0.2537225477574161,0.2422760325482653,0.46394595347720574,0.5742668620705841,0.19127164681019687,0.34716504218643324,0.2531411208063715,0.3631707083330236,0.4857601509686172,0.2142116731338579,0.3399653177361176,0.21798970641093077,0.538213709917218,0.25111201942137895,0.11716089516974948,0.26719625733496577,0.5235610892336185,0.10695011430403421,0.4580121487045235,0.3555526558068075,0.36330095064783374,0.17595947862794145,0.2135545480692162,0.23830402043392085,0.18570165010966957,0.3741710909715143,0.4252794482960979,0.1687958957983497,0.3667798910168928,0.397371444912088,0.1370920766944387,0.22536940413574416,0.005928675729948544,-0.052570144920761126,-0.02305862109258206,-0.06898322810782906,-0.04734062713584938,-0.04127138537895319,0.014579263305696488,-0.00489190350406276,-0.09194565215180729,-0.03362680710175242,0.007790647262672489,-0.028440813479716408,-0.00029706295019610383,0.008023684929350771,0.004175421262563549,0.06799318448479143,-0.07889198284238101,-0.048764128270420086,-0.0320530685130654,-0.07590214016867511,-0.022645981815366065,-0.03797585208529512,-0.03839380334469886,-0.03287267755147279,0.0017574058814023713,-0.01786924006155552,-0.03985538492591912,0.04168381311059967,0.005372779312959929,0.019189474303638557,-0.014530172442359126,-0.024118308602792928,-0.012646712769031445,-0.013004989660939053,-0.056885601294867257,0.031168398873633988,0.04413277013276439,0.004614963143820961,-0.0014098910895856687,-0.007292614474916621,0.10066024343736772,0.0696493485084897,0.11614573628663041,-0.04665008278827085,-0.04763875008237762,-0.012701559276212117,0.013050186046995309,0.05941434951138147
7Networks_LH_SomMot_10,0.5901317522181867,0.556570698482088,1.0,0.4956914131188967,0.3073984238940759,0.003930084511026893,0.23184765996177245,0.35226846922377825,0.22806172693643711,0.14012878310955415,0.29483887180449847,0.2815680807385983,0.2526284073918074,0.07774777473895646,0.14389258558543314,0.3442876825278601,0.207887277842943,0.2977691423181697,0.3516832311359655,0.3291955700596098,0.2489159658900228,0.3927069409884703,0.339116123053413,0.20502804510223155,0.30253084745446257,0.333913008072898,0.2388556465901732,0.3286189929363542,0.4150392655675149,0.3737894508727355,0.16359524953633198,0.27165209797329415,0.43552897356769305,0.4228790202796946,0.16723172772344502,0.2914068846047139,0.17490957497005136,0.31810099857142254,0.47876216565207846,0.2947234778527157,0.4041406122928525,0.1935869074157897,0.48625574054058474,0.2538136101363312,0.07740513785920322,0.2347207977858271,0.4202021759706303,0.21181827829133817,0.44184844091441705,0.36964954586965704,0.3664281058371342,0.17394480325236134,0.2523755917214019,0.1665800883056091,0.26144629217229326,0.3804215950769924,0.2961672889363015,0.24634219013685602,0.30037905741009013,0.30714860511362246,0.1978502538822696,0.20310124071601973,0.09365194351870099,0.07908047023629436,0.0735107895960369,0.053695485940878106,0.09437294464017637,0.06809094198928418,0.1176160447141702,0.08900143097935939,0.028473438033105914,0.04658738417258992,0.026352654154228782,0.03370009257388049,0.0665476530331816,0.0949742982482812,0.09178355154069512,0.12435458200722906,-0.05311731254701129,-0.03628053570526965,-0.032884521654847024,-0.006297773832862355,0.02305564128650697,0.046976432952139074,0.021383546347862978,0.020522377501292308,0.0327971886233757,0.022131170897055,-0.0037953420531004604,0.07518142068121703,0.038064329377997516,0.039139135893726744,0.05277760109602605,-0.004611907717425553,-0.0033433313520309896,0.03370829501204575,-0.01850278755302705,0.001295423934344628,0.026175721117559617,0.008119490897476586,0.06094074814607987,-0.0036716762772412465,0.10757951837399296,0.10782733254724647,0.10715023643494595,0.05490005121197101,0.038355634643481774,0.06597180386623744,0.025468658764467585,0.07192364159989893
7Networks_LH_SomMot_11,0.5475370516286362,0.7046998400436819,0.4956914131188967,1.0,0.36695334722060835,-0.0014737025745503573,0.14797843112494552,0.21238787071031465,0.18751631761325738,0.2356281116628258,0.20758326975207628,0.2600907949282582,0.21469968604647355,-0.06757279753565218,0.1265161419923122,0.27644906784805207,0.1809824450291418,0.21418134837275418,0.22278485589376648,0.26247771679224136,0.0631526154070542,0.21703980178645402,0.23206893991040037,0.07817739447805516,0.29995442263652056,0.40688884574898115,0.3188547256279123,0.2032070084308285,0.33846265344645843,0.3366789445751791,0.12827743085280638,0.12942865640184564,0.4515946191524481,0.3738370987088487,0.11043551349103813,0.2487602606113189,0.07749443865180064,0.22728889890020756,0.35196241294072067,0.17429602310741035,0.30755356635749936,0.04353142599811897,0.4910490992897208,0.16656766448016028,0.07184203327889188,0.2094398767005961,0.5060924543724029,0.06333396077197272,0.4217241894466708,0.31497327362312083,0.23435821775182886,0.17477128274465817,0.1839783209976932,0.16630394950638555,0.07184365982123127,0.2477777335259421,0.39766492691459177,0.10460848300160706,0.36573073720858346,0.3348553808604611,0.07385242854313982,0.19593647310009088,0.007548302224727765,0.005771591918704828,-0.0028926820130660514,0.02431931347003206,0.0540052588069623,0.05531170306437782,0.054669447964035334,0.0359385531415439,-0.08142038574704144,-0.06465621928598893,-0.05363629006306774,0.02588729920567826,0.009897998689812698,0.0290248126573533,0.04750371629221566,0.031119888318004746,-0.06877112185666581,-0.04281420789034713,-0.023839610799560255,-0.02757918704340664,-0.005611147167443441,-0.003984808514862349,0.009320567927966369,0.00508578959805828,-0.007127261839031594,-0.026717817988188095,-0.05588600268989232,0.07320618778857484,0.03137648193339864,0.04472730531415613,0.04452024404060372,-0.009938694771065265,0.028612158828773705,0.051880216207955444,0.005802164138413206,0.1356599894420119,0.14532062817587887,0.11477719325946875,0.10506301821000495,0.0462972782830542,0.0351773530677126,0.06548966771422195,0.1135266572004649,-0.061797665759597595,-0.042084898755897306,-0.01755672309262966,-0.031347512251388834,0.0876781205955819
7Networks_LH_SomMot_12,0.4301160758944612,0.511357014976588,0.3073984238940759,0.36695334722060835,1.0,0.20071068781271284,0.5593487429035203,0.3517335944858372,0.4602082147566308,0.3663062740293511,0.27084143326783344,0.4617173252823223,0.28384299340297053,0.10433795978252573,0.18303897575073425,0.21480067438582146,0.28038504240529616,0.29941263972517157,0.34603384415741356,0.29937304107494506,0.20177716797711587,0.3616136934679891,0.34830204852201807,0.17813549001442874,0.2803915000778807,0.36354565867260014,0.2533681965283114,0.2890011185003415,0.39915204291423056,0.38855139489409685,0.27745157049721614,0.17658120072555786,0.36273211553232015,0.5273281099058418,0.10993880447552015,0.3270499265995248,0.44566991989839805,0.5921157505724234,0.43548877725660773,0.49689478635023693,0.3178062142224787,0.13274992909934452,0.4410998244116754,0.3722394986033148,0.17625878770932887,0.22323525160475707,0.4150229065909829,0.20273086733036588,0.39208467099944605,0.335932715910347,0.4128387496796473,0.26935023136099184,0.28928833033469764,0.33468618458615923,0.26302075590311763,0.42107061969710724,0.4060065107783215,0.2014531042823499,0.32352967216454176,0.3941690157171185,0.19001737356183881,0.27114824414199906,0.04441313334482498,-0.04024673175521676,-0.009217744916675806,0.04443070136134604,0.007292673754769354,0.03521782573649586,0.047056927339759025,0.013456551618432086,-0.01376903611643387,0.01413461018083574,0.06056274720071225,0.017373081448099178,-0.0004934851341004885,0.017814667318753235,0.07036426809283644,0.07826697495432751,-0.009828562921297287,0.025028959052528995,0.037770742862649254,-0.0026873579902811566,0.0313487747544168,0.020694659718314443,0.012763523296997115,0.0301002573556151,0.01722284238538169,0.018631285220425092,-0.005100528039366512,0.05181362907021578,0.021468136845985808,0.006784452772552977,-0.05170330037887308,-0.032000566675116596,-0.0712728782700678,0.009603851283169864,-0.005393966905176959,0.05510844475034597,0.06672282417802998,0.061694885966049245,0.0672559994855031,0.05542412270156899,0.11539083214523356,0.06284514332239503,0.09633735686381592,0.004817784686240647,-0.04248903040391588,-0.05113002282970458,-0.0007159943764688414,-0.03264923723466955
7Networks_LH_SomMot_13,0.03354414037709896,-0.029719370780802425,0.003930084511026893,-0.0014737025745503573,0.20071068781271284,1.0,0.17299388434484847,0.21457487343983792,0.4052066814357244,0.2799577268672943,0.11855246405835948,0.14759177645553434,0.27396563498030974,0.2294528934686505,0.167928766967883,0.07587930844427804,0.24765863070928737,0.12180031006123669,0.3356606894716285,0.09133383730659604,0.26498457396838465,0.1515900466482706,0.3100920769384435,0.26819149108727525,-0.03339677503788926,0.10540875020743393,0.1874432971538956,0.29773626268571884,0.15531274330425024,0.18806825698401292,0.04814184043326661,-0.12045861597284588,-0.04646783238589635,-0.03924041696556687,-0.14887174989386118,-0.059463505119375266,0.05482642050524672,0.17771326842105978,0.044170388499690794,0.24695113373123637,0.11900113075238765,0.0958316937382286,0.08607086827432323,0.22962956869323006,0.10565818898842222,0.13652483342417443,0.04922417289286029,0.2861770683035521,0.16584943366226415,0.09810555786777637,0.144319420314043,0.23952454809265997,0.2316810549568472,0.17086862284334514,0.17983511999743518,0.13886604170995667,-0.0036383029462773897,0.18841912393555968,0.021003646181181283,0.13153329001760514,0.09022773252993727,0.1770956086994221,-0.023973862205738734,-0.04544539961716037,-0.02793256364284726,0.05419810608730813,0.012439463015439325,0.031977953752379884,-0.020457040756385044,-0.017959899313579445,0.08009456194062982,0.057973455208026416,0.029812411569851566,0.08667975209297565,0.06347322133669037,0.06803873775838262,0.08131740767701934,0.012701870136240058,-0.03390184568354976,-0.03569124155236897,-0.05274025951167166,0.03329425838860205,0.004384778484246882,0.029489665801176988,0.002525915278467136,-0.02660627061965596,0.055757927806612796,0.050243079689481523,0.06285123863804983,0.0020409929396465955,0.0052751894780303345,-0.029675440922589613,0.005313740933327624,0.014910465183097283,-0.0721079558772159,-0.03163234793681454,-0.022338054823630653,0.12171487600135499,0.05555910489767805,0.08621661503365981,0.11160772587143396,0.10562371233306171,0.05524509435148021,0.0256860902375099,0.05073550700548172,-0.007591367813112126,-0.03477891166995774,0.038593506654341934,0.0720001947472439,0.0572630168140564
7Networks_LH_SomMot_14,0.310445798706292,0.25126104274314565,0.23184765996177245,0.14797843112494552,0.5593487429035203,0.17299388434484847,1.0,0.4064416423290072,0.4783357914219209,0.4070786682331052,0.2872566391904525,0.3719382464442458,0.24251097794763213,0.17731039327997064,0.21449002837198253,0.28749826837670756,0.28870963713267334,0.2903720637023049,0.3715304388878946,0.3475954506116726,0.2080584846114996,0.40761606919745236,0.3580895535923886,0.20569658324813336,0.24949936557376506,0.29722153044461547,0.22635839792264126,0.3299625871101225,0.4073519162482255,0.3544212519769594,0.2560562638508096,0.14009955515956554,0.3155364218298273,0.4105110956788756,0.16580166565606871,0.28954858547916557,0.3429287969216015,0.5568024985971095,0.4441265081846204,0.4836812460824213,0.35820681199549215,0.15682645840617296,0.4073523580676964,0.30285339785646603,0.23328347634740135,0.18303690689143975,0.3820860381460322,0.29366765190501243,0.4048158631358419,0.3223514039191674,0.4231605053766315,0.2825164006353521,0.2623531402225148,0.30842195417229884,0.32110089604079456,0.4105142706792689,0.31596195005639,0.26688708211209333,0.2889400331883464,0.35741590506127896,0.17380604811237713,0.27625671934466356,0.12733809385455477,0.015921956855601056,0.036128922195089015,0.08076229196086819,0.0106581107174485,0.012583462376696466,0.06601272480887561,0.02604166827769174,0.09087522668766469,0.12211538294617415,0.1706209685780276,0.03840354173971794,0.06123874251738267,0.09981573813633549,0.1586203668888125,0.19267427379920252,-0.021649025163503408,0.036530922632691754,0.07051946138138487,0.02170674332115694,0.044086727265118565,0.07757196845552643,0.021481972071082517,0.0608841302475348,0.06593556215616253,0.06490812448776759,0.07360877099759706,0.03573631191077131,0.026071205279928445,0.008891189703313002,0.021734996978774995,0.016845854925113833,0.0007203894800306846,0.026385252221282584,0.04081521960463084,0.05312414772161085,0.03204428310459895,0.049878386830845924,0.06472855044517067,0.06258244017891951,0.0741978351489452,0.04564354368349134,0.05942764331261789,-0.01189571124432225,-0.047062067142494945,-0.03787460995019572,-0.04078515364042138,-0.07239083344858031
7Networks_LH_SomMot_15,0.3093912662204837,0.22859048494983336,0.35226846922377825,0.21238787071031465,0.3517335944858372,0.21457487343983792,0.4064416423290072,1.0,0.4276512206473664,0.3668993412765363,0.4113620103365022,0.4079407252531517,0.40285810264895644,0.3384843557604156,0.36751751370127783,0.2901127912785685,0.36572153804194557,0.38834206375560354,0.5471602022353992,0.37311615724512937,0.410129213542521,0.5115095136744888,0.4798515205082436,0.3744316108808769,0.23325857038994996,0.3639638695715109,0.3258984420737213,0.48560177838617313,0.4616584904161585,0.4548482019064822,0.3417113724024291,0.09419952480603348,0.27874462350749296,0.30726871478433776,0.05406943186606927,0.14166104960863002,0.2527988138120485,0.4507905042118858,0.35279919662711007,0.48371415494820547,0.42724987894089606,0.11626904338005077,0.43674508317756716,0.42056330396484837,0.1758545204357026,0.25567919743405065,0.3355215165908807,0.4025857151329794,0.41284645481662735,0.32389261103494993,0.47620636671369304,0.33305291964140105,0.43362239459900587,0.35067165120286786,0.3990306180741289,0.40103290238594147,0.21505354020163905,0.3650453118226004,0.2998079761322301,0.3771652677755738,0.2481819099142965,0.3358602185007044,0.1421534260958665,0.023140106757404213,0.02671283286348495,0.06492564043812765,0.00032090572973759665,-0.02646388426917997,0.04992209325841343,0.0032830000459431307,0.04367944872790316,0.037276660875768246,0.05608166056725348,-0.07151749713107315,-0.007634811530395334,0.03128444634198015,0.0549294376186712,0.09486574327765211,-0.005749306253696584,0.03478434057820617,0.0340257556023362,0.017700671841169576,0.0478591268092091,0.03869080194887682,0.03588322665457433,0.062000921158378214,0.05018780162605887,0.09387633968068479,0.06790790630236349,0.042402763381385905,0.07931054015690475,0.025220492522384463,0.06946707107873591,0.05165475388700786,0.011184169424450953,0.03013623794888182,0.047845616395090336,-0.025151190371569362,0.002245202582622484,0.014557814783703493,0.03365408595968196,0.05191872675667538,0.1642469798320434,0.1685882295328039,0.1933847737258068,0.05116664373404574,0.04898982010195705,0.046971243217101714,0.09626250909116196,0.06175200903517517
7Networks_LH_SomMot_16,0.29824365692136917,0.19714260279861948,0.22806172693643711,0.18751631761325738,0.4602082147566308,0.4052066814357244,0.4783357914219209,0.4276512206473664,1.0,0.5213415328676336,0.3071427641698055,0.4748442455744619,0.4552449175118748,0.36721800009633304,0.27299296070739115,0.29730827456427383,0.3855917352209474,0.36838259690246505,0.46036153835490556,0.3087584414571396,0.38346851064421694,0.461270330149722,0.4579014276959701,0.3677198939744489,0.20262877086905506,0.32183806647974544,0.29164462977114847,0.41666538579292167,0.392987166750825,0.41135491855626294,0.24973612606805698,0.04144109333508416,0.2848420774535971,0.28262376039515713,0.002277633739502731,0.16692058362203432,0.24981732747997396,0.5047503382280559,0.35051993790767183,0.5084776186757904,0.32319382329876595,0.0708630982384954,0.33850962947421614,0.4238670508447882,0.2013107092491335,0.2209559811497748,0.3014926169493759,0.34289970886453597,0.39880646411563925,0.3304122632957964,0.42216506271832305,0.37022323695194237,0.35892113454322644,0.34356696743381265,0.31218555925062824,0.4153599794007183,0.2965013381372249,0.3699349490554391,0.25108743219034124,0.3405472529456248,0.25445155825963467,0.22393690621593315,0.023329686095052884,-0.05298965632595094,-0.04209403374498498,0.07953934448692566,0.016187049260257526,0.024051828583877985,0.026620795698992488,-0.032402417709454054,-0.013169953998389907,0.011652109355659385,0.034021355981652304,0.029996970506426423,0.024319842628801182,0.06886060367681346,0.04658698378624791,0.06351942482487047,-0.08340659818206783,-0.06782510714940333,-0.04666743115466237,-0.05665202314981855,-0.05384266221080716,-0.019990798680981577,-0.06328059565008172,-0.05273108190117124,0.013561919653463204,0.032497650789385046,0.035784638814673815,-0.015155378430303911,-0.00017930639333617833,-0.0317866697239777,-0.030917345281400083,-0.01871701169037562,-0.053560829913035166,-0.007961427342041241,-0.0022931978250204064,0.06114200720640758,0.03668008247787719,0.0953607896539473,0.07363963800386382,0.030457255336368175,0.16582432013930268,0.12254669054832162,0.11895686794827635,0.035550177941478515,0.0022780155751064464,0.005604351072818999,0.03754471646324483,0.0055255563479790675
7Networks_LH_SomMot_17,0.286636039786702,0.24139035516476431,0.14012878310955415,0.2356281116628258,0.3663062740293511,0.2799577268672943,0.4070786682331052,0.3668993412765363,0.5213415328676336,1.0,0.2054222130958922,0.42183608119701654,0.34152354876981983,0.14469011444043944,0.3108310133571094,0.2796958156336544,0.2664395015300104,0.28196312873483304,0.32611260626777283,0.26064956603313755,0.3276170612258191,0.3497688167655451,0.3681774917088523,0.2539487525934701,0.18148309234451332,0.27770428748071385,0.27988113141694104,0.29801385118824353,0.3611675929224839,0.2966221311793969,0.2388828305548154,0.021246468723933914,0.22681745207786,0.2770884827568212,0.08763953688608447,0.14423154457815393,0.15931141560679365,0.3952414124452358,0.2553424513071932,0.3581440977235948,0.26824826610570685,0.07181120926372274,0.3588469870042705,0.30290819683611697,0.13107523308381186,0.10538479692273006,0.35480819567649324,0.18559119741447927,0.31973822558144915,0.3508906303993642,0.3586143251939132,0.26253412979623114,0.22726676509909452,0.23692129617675303,0.23460517983449417,0.3381926686959087,0.27381412450535286,0.23779233193896337,0.3022168768446285,0.35819414344601086,0.1439465492506767,0.1514969110666696,-0.039789818176399455,-0.07901371372393473,-0.07549556912088783,0.019491728439321603,-0.018762957915114835,0.00391488544206965,-0.0037498991812351698,-0.04426257965278879,0.024183964924931595,0.01326284493216538,0.015877024611487014,-0.036526319013251596,-0.005415213720524889,0.014434077985242906,0.043347873798323756,0.0163699052417327,-0.08779106273686409,-0.07445058111227651,-0.05206750783626073,-0.09943790032007008,-0.08107355461631037,-0.06476908055621297,-0.08689595851938327,-0.05677987257787066,0.010512370221646592,0.021110071086962147,0.029174095361151762,-0.00674723799310393,-0.012919064065762981,-0.07048057188091093,-0.01508769482722251,-0.030729318847042563,-0.07595405547870174,-0.03760547155249084,-0.05893954089155442,0.024843288138797888,0.005486413114011923,0.05118234350154963,-0.029003446624964964,-0.046521146987937516,0.06961029601782705,0.002772511341051083,0.03169214523598809,-0.015864829126427546,-0.0740592627133017,-0.027361812264647047,-0.016236695305872996,-0.07139912242110792
7Networks_LH_SomMot_18,0.3819497032879131,0.26030501029150294,0.29483887180449847,0.20758326975207628,0.27084143326783344,0.11855246405835948,0.2872566391904525,0.4113620103365022,0.3071427641698055,0.2054222130958922,1.0,0.35391284714238846,0.27822798421874867,0.23026679583057877,0.3383156177048029,0.47941802415865825,0.5443173754495543,0.48834330219444494,0.4846426966230196,0.18487260298551725,0.3484920219591212,0.45523760481623915,0.46874861756951464,0.3582941231622087,0.26121731182861874,0.3568656151588092,0.2737890989673415,0.38123235662926763,0.34123050027042856,0.3951561679106514,0.2969322603754595,0.05988584938331394,0.2541336142031923,0.30155575472398255,0.061012891195073346,0.21700605573133047,0.2010262521799245,0.34219931186128133,0.3365479367968876,0.4322748042411793,0.31584058300463785,0.1863213416260434,0.4047169019627432,0.4206109255638953,0.04177602785998159,0.5287391811352407,0.3631291153989186,0.37071321418330827,0.3830202942530486,0.2746429903765879,0.39489478098888603,0.4580057625793818,0.3697921397882842,0.4087985400554363,0.41912605623330706,0.42298950535307206,0.27930270966515397,0.3510778773048492,0.22662963905135752,0.3877242754284714,0.1795179277327427,0.27725522165346667,0.05633280396155698,-0.039048140095973516,-0.0416517917017654,0.055478289217174695,-0.004553761487610725,-0.0015965028501882454,0.03375215490032349,-0.02285055175274089,0.034094695676963674,0.04710960537477202,0.03445466669758538,0.05459704998512389,0.05155944191185237,0.06396977478848603,0.05401889198943974,0.0947871405964694,0.008436476376637738,-0.034469372919136765,-0.0019636340411487946,-0.040340399786218,-0.04733800416785365,0.01129670582243978,0.00747612194110588,-0.005242425724200609,-0.012434579109536215,-0.06819074335369006,-0.05847337736870468,-0.025949724098578902,-0.06856741259547515,-0.0495638347737824,-0.01648325893955014,-0.06288046397335885,0.020873228020945614,0.06881151204420044,0.07143011732836993,-0.023340452101416692,0.027994739954081933,0.0010375452290804464,0.07582318793085849,0.07060042983541075,0.08293989888496817,0.10105454854795709,0.10115548971815506,0.0021884664344277017,0.007122222424015301,0.0074157540764820526,0.04267651575339038,0.08712493352756656
7Networks_LH_SomMot_19,0.303491298502809,0.3406121156597497,0.2815680807385983,0.2600907949282582,0.4617173252823223,0.14759177645553434,0.3719382464442458,0.4079407252531517,0.4748442455744619,0.42183608119701654,0.35391284714238846,1.0,0.46422919867498014,0.2138143619105771,0.3649202686708403,0.44659187572022724,0.37942475488820304,0.48811849352952996,0.4617880572843961,0.47873724401183704,0.4065080328472261,0.5589612711845185,0.5547636227022866,0.30859260661698124,0.2409480529565127,0.4516432326792443,0.43915800691218115,0.4006173191575153,0.4983125480113997,0.5243101428715798,0.32273224486905394,0.1986133305894526,0.2742470176764864,0.47228152908135235,0.06457708498124835,0.09949713785899565,0.2707825366171745,0.5024095476366564,0.39614393824650673,0.3565431215905251,0.3990162374016844,0.19463677794178252,0.4912326353009139,0.33524698834293304,0.2685439577462619,0.24349554851943384,0.487352151714704,0.28553637025367434,0.430789596818483,0.4558445428780994,0.5474543955442183,0.3452497991995895,0.3519714397695947,0.3636981699943737,0.3616757850301088,0.48279008794653006,0.39168665979071965,0.42540632215994173,0.35421521887904256,0.5415788154554102,0.4215777198268892,0.18776955116678265,-0.053970730738313225,-0.08331729451552249,-0.11220340774476831,0.008357322198608746,-0.01841367287881501,-0.006530661491145909,-0.05034681768660031,-0.06587622677820644,-0.015861437981121145,0.0013715777528220561,-0.014083747431989934,-0.01628523224302484,0.009412816600620785,0.016062223061805745,-0.009135373808960765,0.025461268362775156,-0.09863627316507187,-0.08124777292747494,-0.06533662013822149,-0.07994728252129242,-0.06036656340535039,-0.03506782674717379,-0.044003585034689395,-0.03158569588812076,-0.0016631869309608597,-0.018614990025035718,-0.025066941348209495,-0.0282772575254066,-0.026562085258247752,-0.06050489032508748,-0.00558495368601657,-0.03315380897348137,0.0031467110509646803,0.05576102727236957,0.026783130132333147,0.003032738218531879,0.014938469117153193,0.029869432467632993,0.02660001655359988,-0.00637272511235214,0.14269397399105493,0.16064241249210223,0.16697118987875934,0.0012590968415653085,-0.03354667693918136,-0.03161166561267107,0.04914912799525048,0.009856008931660056
7Networks_LH_SomMot_20,0.3058156769446157,0.238826037251663,0.2526284073918074,0.21469968604647355,0.28384299340297053,0.27396563498030974,0.24251097794763213,0.40285810264895644,0.4552449175118748,0.34152354876981983,0.27822798421874867,0.46422919867498014,1.0,0.5142303595532268,0.380255813964703,0.2719665796837457,0.33542240934423445,0.28377636290836156,0.5830705082072712,0.2806803264231235,0.430543909020727,0.43879827036476965,0.5291107760143392,0.3538049807763079,0.24634989823783565,0.3874079301263811,0.37422532062703573,0.39265289916283613,0.3847267308543838,0.4317031642499841,0.3169755601310442,0.06567926522914451,0.1639044986908879,0.22524877371336008,0.049676293119921826,0.07124789819964819,0.085195120286253,0.29457029874928975,0.3031402868258347,0.34266552384952875,0.2554320351807212,0.12999616162779845,0.37618104677504394,0.45900646543101514,0.2212492188885632,0.2878090122322596,0.36912576134545455,0.4530459351808923,0.3825932317434461,0.3261415984983739,0.4179877214611983,0.2842159506342823,0.46402673573163683,0.35033704816865247,0.39836624198279563,0.40783493617097716,0.29681840162330253,0.3814820349024848,0.30943035515050665,0.44737926471081013,0.27626961661469085,0.3571613592436516,0.01311713904843474,0.01098024261097587,0.008064441097865615,0.07798020505637174,0.04223548859515248,0.04502418080664352,0.047574902735936675,0.016449729209644937,0.06757888888309052,0.10506488144759876,0.07891888375531296,0.022556055677128727,0.0790776037957826,0.09329755316022847,0.06758983660285157,0.08866304589059897,-0.07407693593930713,-0.06671823351525663,-0.05419959495302864,-0.04504805301955383,-0.05033738608299158,-0.04587398401553796,-0.03459031086879347,-0.04068264315258592,0.054743478776876804,0.018735370667094187,0.023865551942568643,-0.0005971654014952129,-0.01884156981571735,-0.06656413901159648,0.030499300166960307,-0.006541301725907261,-0.049361710317063746,0.021653216018171422,-0.016095320505473153,0.07047133830939128,0.042130892629194866,0.025727269063049903,0.014888745153007026,-0.014895872165409307,0.14597387624767252,0.11806635027535513,0.10936748815842474,0.04541326260009625,0.003339523283225598,-0.004201634287345948,0.07074893750462542,0.039302599448498746
7Networks_LH_SomMot_21,0.11584720291133332,0.016002366204854086,0.07774777473895646,-0.06757279753565218,0.10433795978252573,0.2294528934686505,0.17731039327997064,0.3384843557604156,0.36721800009633304,0.14469011444043944,0.23026679583057877,0.2138143619105771,0.5142303595532268,1.0,0.24585355641406564,0.20770963363040165,0.1844732422451863,0.2013382835036768,0.42258537198353985,0.36697445723149197,0.3268461700838251,0.44450393849623737,0.31529855913674587,0.3643894023824502,0.116591425207081,0.1793639188920102,0.1947770027990123,0.25734057914162434,0.3469643586804316,0.30036362681101764,0.2092692102595059,-0.005584007958616751,0.0893210625592087,0.04879093415879373,-0.080643558635989,0.05153868137162662,0.06442300405079218,0.1778971408302914,0.1822215838453083,0.2957091580309063,0.2610558078378794,0.05562470899643173,0.26686069868130546,0.3954854294855623,0.2474563812986796,0.17561153036653027,0.18134966721255,0.35511742414022673,0.3092534727533872,0.21986729594849577,0.2883808994920732,0.1666776150398212,0.28162473805478005,0.20361391398054374,0.2518230864480858,0.22333042988360388,0.13589373858538398,0.3724391493588309,0.18126422387370755,0.20894843498513602,0.21514226331189285,0.21282104367784577,0.09018736812626327,0.07461651607646602,0.07904707291035855,0.10395036638916193,0.053891202463268895,0.006798140717102454,0.06805927042398512,0.05072666456710716,0.041408229799987935,0.08643173924058475,0.07276970678667603,0.039835117931100214,0.0678208622995001,0.07588687107670652,0.05178920518343097,0.06719280113873624,-0.09296466332452669,-0.06260068219832815,-0.0652631254374495,-0.05106150993668201,-0.02326402890268931,-0.00013413877039399278,-0.06691580288530484,-0.05521089754296162,0.09128573459645217,0.06341044250087934,0.10205290900709449,-0.0016363830761373939,-0.0012849031909893873,-0.01742897420814255,0.0585137640762407,0.009648265249487621,-0.028017523980737324,0.02194078701719724,0.033602461470691396,0.003741522569614008,0.006756717937568707,0.03205929464247979,-0.015413059590590241,0.024557716490363226,0.06167311067707678,0.07193635271283111,0.04083499789841491,0.042469680711042145,0.03921303336620832,0.00422987325337824,0.055636136448985817,0.030483793933186967
7Networks_LH_SomMot_22,0.22934557600246766,0.10843135155288391,0.14389258558543314,0.1265161419923122,0.18303897575073425,0.167928766967883,0.21449002837198253,0.36751751370127783,0.27299296070739115,0.3108310133571094,0.3383156177048029,0.3649202686708403,0.380255813964703,0.24585355641406564,1.0,0.33620205786377333,0.3060826108255604,0.2321058867344041,0.49839943851662677,0.20997706925686205,0.4276897386379472,0.3950026847395216,0.45972009626254745,0.2716583281610541,0.1842460074303583,0.25987029515227167,0.2556699004770357,0.303413435182303,0.30516144770973236,0.29491408882125547,0.23483954647824462,0.08657046960430255,0.22053480177980112,0.1785329689229844,-0.012945554786335071,0.0901185916600449,0.03514102791750005,0.22684731122834975,0.17757159712451448,0.351728560235348,0.13536968192418458,0.1582506636551952,0.26146677942419944,0.3841097032833049,0.050545042440575234,0.16695254106408108,0.3361871140551138,0.3620332135832303,0.2778417689634139,0.30753788705746243,0.3186729520187219,0.2875788629092079,0.32844940833222197,0.24119887159431602,0.2907762982782278,0.2972752990906405,0.15464862320726772,0.3183244129983918,0.22312621450535935,0.29178016332159734,0.12156045425693852,0.1519120910371162,-0.04846747339582241,-0.07580482944524194,-0.08131938743758164,-0.02916305108654018,-0.05013394180730704,-0.026706852610304716,-0.05203918996576331,-0.04982471377737732,-0.030842868357512602,-0.027048399666905896,-0.04327351158796538,-0.038200643999148166,-0.015766613786435745,-0.004752188482183183,-0.05015327028288706,-0.004415243663874236,-0.09473485660600113,-0.060289764943394206,-0.05100180762574088,-0.0659093969247689,-0.04695249429498741,-0.04595444922058826,-0.08779774759864413,-0.04415080753539563,0.02867576243157621,0.07525034818845268,0.03935411338171919,0.0737796219678781,0.07373362115273731,-0.016049465235755966,0.055069759946619404,0.021985288648450344,-0.01534809814287117,0.09361583082855567,0.059102139108521065,0.042346333366173,0.0955157692680172,0.04393581168943714,0.06961380918449514,0.07863180721884422,0.03284792299571801,0.061467385338374494,0.12841293968730916,0.07486029747128856,0.044573214735786626,0.06273176432412787,0.033034682995655436,0.0577514023576383
7Networks_LH_SomMot_23,0.36193198897739043,0.2963063791307727,0.3442876825278601,0.27644906784805207,0.21480067438582146,0.07587930844427804,0.28749826837670756,0.2901127912785685,0.29730827456427383,0.2796958156336544,0.47941802415865825,0.44659187572022724,0.2719665796837457,0.20770963363040165,0.33620205786377333,1.0,0.5038828737160645,0.4443546775608511,0.3868735682334869,0.30172818681399777,0.37726275726438896,0.4590176764097591,0.44097325056766573,0.32927736254797657,0.28307110765481003,0.4194695764451749,0.299410971065659,0.26154199248095533,0.42043241340115245,0.4655393514928636,0.262491020679346,0.21636360882224157,0.29465239774115976,0.3485023733995704,0.14156897343559743,0.23537472149975847,0.13551246092426442,0.34055968015027577,0.39005062977821703,0.34706113884997786,0.3819381015083394,0.27870687116619497,0.44980389648473107,0.29380787848045153,0.15449699296712385,0.32049703432889237,0.4560720440952046,0.29913888831103874,0.42362724244268735,0.3578901515049962,0.4948405381127783,0.42312434306776897,0.3446147676290464,0.3467712460433057,0.29769269309413915,0.41868453357516067,0.3632860150117717,0.38852044411735964,0.24527536473466424,0.4322084029940339,0.28294479438977665,0.16142417245220272,0.024713326924936396,0.011845078467874944,-0.007964342643861345,0.07389244352647474,0.06310760970949042,0.06831545709224056,0.06366993650619993,0.03688083212863549,-0.0025451953413764454,0.022627465854569644,-0.014577129433149765,0.08937526195392756,0.06913154197804917,0.06631373662274466,0.03689156505839465,0.08806843955161263,-0.05467103777819132,-0.05840763049756904,-0.032989693894096575,-0.05460473357215196,-0.03884469056967237,0.043763639593495225,-0.010075250037455772,0.002488431396707258,0.04254001091306721,-0.055984534413490335,-0.01576984423593041,-0.09031695958637068,-0.11767914752184483,-0.11524998361029738,-0.03824243543126012,-0.1126088353260866,0.037234044821636184,0.13354946527054753,0.028308096435056475,-0.014708497859618542,0.08077519498616752,0.021449409491580865,0.01329778944545321,0.05415713118502355,0.0011055166884851215,0.0020474302805301055,0.016505025564571264,-0.05223050405712931,-0.06873157683340504,-0.027837908611083734,-0.04614435863426101,-0.007627251123708916
7Networks_LH_SomMot_24,0.36708105604021074,0.21132964863777087,0.207887277842943,0.1809824450291418,0.28038504240529616,0.24765863070928737,0.28870963713267334,0.36572153804194557,0.3855917352209474,0.2664395015300104,0.5443173754495543,0.37942475488820304,0.33542240934423445,0.1844732422451863,0.3060826108255604,0.5038828737160645,1.0,0.567500920293115,0.4365165979597745,0.20099740444791298,0.3454333879963097,0.4010757909007277,0.4829859169989824,0.39066197207476633,0.19591029781360253,0.5441696484765874,0.4081033379926011,0.3340733184512765,0.3610036842917946,0.5255985556965206,0.3158024191936982,0.17430242439894955,0.2886980177312452,0.3127415217931096,0.13325086592116014,0.23860976028366926,0.14488377657824056,0.4160638010353165,0.34293117520542177,0.4072847424855993,0.27377397072535115,0.16940508607094434,0.3927176235264312,0.42801993051322507,0.13110073389156843,0.3836889491387386,0.4189408374966254,0.401936047059609,0.3705793487905963,0.2603278932616476,0.48468041330635964,0.651660058610802,0.4848813344882593,0.44679040871337444,0.3843975934827874,0.49635284903432414,0.3320509873973513,0.4747526673810159,0.1935836863267998,0.5112106812665286,0.3467075748636699,0.24727354734141357,0.0664185336276318,-0.02866100285442875,-0.025432703900504013,0.08324109125495874,0.038314302675910454,0.05563397276460529,0.06441251474076605,0.019156320321984,0.09590727070551068,0.09383840359412624,0.06175015375071316,0.11077628019986534,0.11355730995095217,0.11415617376493582,0.10094731997052049,0.1597458732422361,0.1245502114085819,0.0689403048010506,0.07100289821247975,0.061029044305504945,0.04416760392605908,0.07660431513492619,0.0646872015530308,0.061309429703845494,0.17537657918656394,0.07995182832690231,0.09819176912366298,-0.032057154954972265,-0.027910145803036083,-0.0509736346511643,0.04549448764475627,0.005120682027615651,-0.023937153670917807,0.05855652394594483,-0.03372597180041809,-0.030743293358190035,0.04165203758349377,0.010329195612301428,0.014859883750042147,-0.009286031913534729,0.20057488811709082,0.1064495437903427,0.1357316782092068,-0.048680135493739694,-0.03570626704452833,-0.026612479309149333,0.06368123544845307,0.0391323316426831
7Networks_LH_SomMot_25,0.3244631086218758,0.30030134702407857,0.2977691423181697,0.21418134837275418,0.29941263972517157,0.12180031006123669,0.2903720637023049,0.38834206375560354,0.36838259690246505,0.28196312873483304,0.48834330219444494,0.48811849352952996,0.28377636290836156,0.2013382835036768,0.2321058867344041,0.4443546775608511,0.567500920293115,1.0,0.3808315136628209,0.3889016740175353,0.31469103714878904,0.5076540279002475,0.4712865388992878,0.45118011808023045,0.3021881567493389,0.5452370236740234,0.49487183513965854,0.36586706269762154,0.4897430413774456,0.548776691463366,0.33225236112710055,0.25720651243864234,0.35568026790981927,0.4748582947877402,0.09953420976810591,0.29162437052807155,0.2950251126346082,0.4995715864856828,0.46464607583580797,0.3514486009457932,0.32360951078283007,0.1807504617513682,0.44463399558977595,0.3363594207793349,0.20218617247660306,0.4212427814682733,0.45275472900074687,0.2940197770766743,0.4512793191781877,0.44347623419406107,0.49914225676396007,0.5692757507130761,0.4366677474908353,0.4596064931636675,0.475309054927071,0.5416643077533216,0.4495472316418829,0.556590947918105,0.3018142822272534,0.5673699432281978,0.4417866329936777,0.14010567686474568,-0.012326680618767521,-0.08239226115360668,-0.08763306639861586,-0.04021085335637743,-0.05014407146369117,-0.03022869872765961,-0.03738219219454831,-0.05622795950087113,0.00034582724053849537,0.04049608833911194,0.07209844340418577,-0.015968101413420657,0.024111665843936342,0.04936321315477993,0.02523911082120027,0.11348393923845265,-0.041805574847624816,-0.023518205992796675,-0.020406848663134598,-0.03909152271701915,-0.001678162973713574,0.019011169405687072,-0.01667077668556925,0.031441160476932385,0.050281117262152106,-0.0600922511159587,-0.0004815788714827145,-0.11016761385061016,-0.14949905994180343,-0.14525872075405943,-0.006027140527507028,-0.11829234522114668,-0.020908603712670174,0.026821639390978456,0.005560594898943362,-0.06326378722482,-0.005405603718416945,0.01148218645598803,-0.011761037401322158,-0.05541172564191056,0.19729043325266976,0.10388028124244963,0.1607239891886117,-0.03175387607082888,-0.030694908333971826,-0.023469871595448343,0.04497373729585289,-0.005623210578221214
7Networks_LH_SomMot_26,0.42369677551310575,0.25519121545027257,0.3516832311359655,0.22278485589376648,0.34603384415741356,0.3356606894716285,0.3715304388878946,0.5471602022353992,0.46036153835490556,0.32611260626777283,0.4846426966230196,0.4617880572843961,0.5830705082072712,0.42258537198353985,0.49839943851662677,0.3868735682334869,0.4365165979597745,0.3808315136628209,1.0,0.28374802711336194,0.5977309281708778,0.5723081660073478,0.7216263313627128,0.45127741476708405,0.31965720724767016,0.4418420132192687,0.4180876884269378,0.568148271290295,0.5047163659796602,0.535099638545137,0.30661730347350374,0.03150132169768535,0.336702959422898,0.29003683060519836,0.09302317187301372,0.1296440273726506,0.16557553650270818,0.42982832455040854,0.3763641932489408,0.510464440703149,0.3437402840373382,0.17999412421663477,0.45656386273609617,0.5655759543361453,0.12174575348131669,0.31141154958528283,0.4424404819414565,0.5946060515527309,0.5074444025235743,0.37183629066848595,0.5286469943733233,0.36209860222390455,0.6090342663188603,0.41273909905678124,0.5071360656052567,0.5280519192954871,0.27378321665073174,0.46975735986680667,0.3129797532325702,0.42690255630132806,0.2377533056524574,0.42197062239572397,0.0343313441415464,0.00255216417743508,-0.01780983914258309,0.084926425896165,0.047886318451016985,0.06427718440508538,0.05485644207181617,0.013692438462326298,0.04032379665850087,0.04979716228469762,0.039701200954082354,0.029546619483527704,0.04300235498140881,0.06833342559855232,0.07798769158669369,0.09371555485585878,-0.0158445894524865,0.019109036435666495,0.04104392083534251,-0.002897067059868924,0.01962256692056538,0.025767201559285875,0.004183906320300607,0.02835904083512173,0.02148031039420857,-0.005046541075429865,-0.014922616392701316,0.0031111452241663006,-0.023792389310679344,-0.044060030433775696,-0.0032508887381845885,-0.05174223210476028,-0.019922151912066678,0.03070746098446643,0.006920217875856981,0.04472419168690515,0.06142328649833982,0.03480523453080037,0.07027049625676492,0.03095684806292705,0.09022697851482982,0.08330422436292959,0.09015305058074441,0.024884481477708772,-0.02119921016833182,0.02840671398205072,0.0023895305568502,0.025705371201987917
7Networks_LH_SomMot_27,0.220344470017749,0.33486426179743717,0.3291955700596098,0.26247771679224136,0.29937304107494506,0.09133383730659604,0.3475954506116726,0.37311615724512937,0.3087584414571396,0.26064956603313755,0.18487260298551725,0.47873724401183704,0.2806803264231235,0.36697445723149197,0.20997706925686205,0.30172818681399777,0.20099740444791298,0.3889016740175353,0.28374802711336194,1.0,0.24197172219796803,0.6005802835960743,0.29464091484229277,0.3388282056932152,0.2906254567197628,0.34746973951906746,0.3620994082271714,0.39504058081779325,0.6124767352843089,0.4238219115108766,0.1629497406358131,0.17287455287777095,0.2936558861454724,0.38717234468417067,0.02261121267720009,0.15381667575694807,0.19957800102582343,0.33703700943438286,0.4413340071159348,0.2398412217236295,0.5124710932400788,0.1795680146955118,0.5724803347172639,0.22607025986427653,0.48642975641607133,0.17287050436813584,0.465113024167363,0.19861427796778364,0.5808212942824669,0.6505431193516747,0.4367754115924141,0.14390894915987365,0.18855838590671486,0.2738489774563089,0.3101857536742508,0.3898505464309608,0.45560058941666925,0.3365358055882195,0.5773911205003989,0.4471937185046039,0.3528034850357304,0.23402829630996044,0.07567578988534761,0.00010065009119673478,0.017656302991701532,0.020674153037066736,0.007873418390632337,0.0046213638091607495,0.022776673784480544,0.0014375223224543112,-0.0009501466132074491,0.042482177928753535,0.05938343170887123,-0.009217639915140541,0.030134136505574595,0.0696033168383691,0.04064276269990985,0.11532764382877364,-0.03222165802842967,0.027934836450837417,0.019221134635469872,0.009184857661700884,0.06673575700650762,0.07070666181457809,0.04989903028306762,0.06446771236672279,0.0319320928628925,-0.011133487922333584,0.05988092862967914,-0.02978908093881174,-0.0579976764500012,-0.027141915104200366,0.07834197176833786,-0.0021832830425871615,-0.0023673623485630643,0.07594606723682364,0.07340017582176879,0.0347245094877089,0.07017577607081678,0.08474518644924618,0.06724582890583618,0.0651210854721342,0.1073155224112545,0.13595631994285295,0.07910155152010533,0.04908718537564217,0.08446003090933767,0.04180006501871485,0.05153866830310261,-0.003146683925598849
7Networks_LH_SomMot_28,0.2556586889391385,0.09530223357675215,0.2489159658900228,0.0631526154070542,0.20177716797711587,0.26498457396838465,0.2080584846114996,0.410129213542521,0.38346851064421694,0.3276170612258191,0.3484920219591212,0.4065080328472261,0.430543909020727,0.3268461700838251,0.4276897386379472,0.37726275726438896,0.3454333879963097,0.31469103714878904,0.5977309281708778,0.24197172219796803,1.0,0.491561371906572,0.5156320671746113,0.34674492356030323,0.23295296023795975,0.32615101278164416,0.2548712821667841,0.41821555229440044,0.4074898233618749,0.3942466212475747,0.19518357306247613,0.07824580943257198,0.14727739804923007,0.11274904621054509,-0.0644556789813805,-0.005537272708605232,0.08073877103559304,0.2754979180305733,0.22450574622116876,0.377285947290249,0.2828701394168423,0.08247235791809865,0.31503902954703955,0.43396308443331,0.11638371604090388,0.1468960037084443,0.30633385589147605,0.4813321141434072,0.3620292630503831,0.3271731832975528,0.4258920838787017,0.2695191845488974,0.4047944940080344,0.28034978324897014,0.36859506792125035,0.411375884024767,0.21249712493613093,0.3632664208806419,0.2283825332560841,0.3365686835196086,0.2685127552765548,0.22335951923054237,-0.007359308730037695,-0.030405521246596796,-0.04321830499060351,0.04134158265279893,0.01861717007831828,0.02383436751836667,0.0016357145222585163,-0.036215507215414756,0.005931039275786959,0.008560314842272179,-0.019253483884172848,0.05172090992243585,0.04964703390793055,0.07990239612503551,0.025064088071183054,0.04425501797292572,-0.055312969548691346,-0.02955447307968953,-0.019198512248947246,-0.027350047464601644,-0.006540500768663813,0.041827486309751326,-0.019859304050619905,0.014572710122096152,0.022799994467944344,-0.0014683847412165069,-0.020169891591829085,0.0030102533760051,-0.023463765123700766,-0.07492061816148957,0.007484051261838982,-0.09665599057494886,-0.04900372205706883,0.05293599040391733,-0.02955498317638169,0.023361565177518903,0.09316177071417109,0.08673233470747245,0.024982435889966625,0.04983150001496789,0.11028569471427399,0.11694583900286512,0.08284699697407419,0.051313453726873806,0.04069849103982362,0.06319793035148036,0.025073874270196587,0.04631881372914976
7Networks_LH_SomMot_29,0.3812914314035568,0.29438337474862447,0.3927069409884703,0.21703980178645402,0.3616136934679891,0.1515900466482706,0.40761606919745236,0.5115095136744888,0.461270330149722,0.3497688167655451,0.45523760481623915,0.5589612711845185,0.43879827036476965,0.44450393849623737,0.3950026847395216,0.4590176764097591,0.4010757909007277,0.5076540279002475,0.5723081660073478,0.6005802835960743,0.491561371906572,1.0,0.548024042423125,0.47077481488523515,0.35835912090410343,0.4566654769104346,0.3669448623345693,0.5191779579282573,0.6860170525000742,0.5618256856718112,0.2842266957176718,0.14937185025167649,0.2936970721168792,0.405094671484917,0.02245599830462017,0.18426873153679255,0.24301202705599634,0.4847774853184596,0.46882455046534177,0.4520775618693873,0.47414756656786466,0.23738010752634692,0.5737455082315361,0.4568006382312658,0.19613439854064355,0.32421750408964184,0.5176223363476522,0.42271151861769213,0.6131148320523631,0.6244356162817318,0.6125001463310916,0.3296920941257807,0.40656953186888317,0.3881481460247623,0.43250394754295113,0.5793224974462764,0.44151927741476915,0.5476459103908853,0.4980997804629992,0.4863205708653745,0.35793110755618235,0.2727319437542536,0.0654296438402783,0.03034888637995096,0.015909782021181523,0.08616699196685333,0.05834616038387706,0.05251393955422716,0.05312790215640486,0.03029965938551114,0.011802462980497325,0.01867495223048569,0.026535242043382774,-0.016749519642534315,-0.01190104916389209,0.024687119025088418,0.02046168864305608,0.09418398459777924,-0.03758011827358421,-0.010251166194552177,0.01703537153453604,-0.07820107279014044,-0.01782873782469326,-0.0023222678664736483,-0.018758136581197633,0.004281927339385527,0.025920190206255158,-0.024137151280609562,0.010595946739967712,0.00870398876604227,-0.05511333771592247,-0.061704593278282566,0.028544380772373725,-0.06919288429489195,-0.030472833081807822,0.046337395919695934,0.024137033470479654,-0.02789274394815268,0.00886823562602334,-0.008517785298560782,0.02348039585007092,0.0013625065444985403,0.1617440134990635,0.1866099616201663,0.15020492359236123,0.04955822628037247,0.06864537974997909,0.022601587274617366,0.08484258020716386,0.05780440553696445
7Networks_LH_SomMot_30,0.404648447714362,0.2400470169747253,0.339116123053413,0.23206893991040037,0.34830204852201807,0.3100920769384435,0.3580895535923886,0.4798515205082436,0.4579014276959701,0.3681774917088523,0.46874861756951464,0.5547636227022866,0.5291107760143392,0.31529855913674587,0.45972009626254745,0.44097325056766573,0.4829859169989824,0.4712865388992878,0.7216263313627128,0.29464091484229277,0.5156320671746113,0.548024042423125,1.0,0.3961393468251027,0.3696499587326375,0.5307336934698266,0.5157584447938915,0.48846884605593915,0.5361412165368454,0.6323600727740315,0.4018717193336887,0.09000773983022468,0.3234564074809479,0.3552834309753645,0.12982263608532768,0.20198544608640617,0.10768753724100724,0.4571229330146417,0.3612588418686102,0.42497180457293776,0.28710932042763876,0.21676751063969862,0.48464770127182466,0.4213458373617287,0.15344429420472896,0.2945001764264093,0.4988512799569091,0.5054440634864832,0.46398885874517376,0.4343288393306142,0.5443738638401106,0.4598410018690474,0.5849398549601635,0.485562260135294,0.49880108117208205,0.5589383190450139,0.40641707940558514,0.5507551433059787,0.35244154612303547,0.5759928314348576,0.4144261091723963,0.35192927617429315,-0.032052003906839176,-0.04591654217125175,-0.07506227728487476,0.0571011807599982,0.027777585967233922,0.03834284991932468,-0.0075017326706655445,-0.010524201440546905,0.0162654670811056,0.02334196983217713,-0.015710010714610624,0.017922482615718886,0.038598408602752945,0.03521211218268563,0.050947672698758426,0.052712279290520386,-0.05359962763077735,-0.05112412750340817,-0.0429726194228134,-0.026414411394535233,-0.031880489889494434,-0.006583068339131133,-0.014942046500708434,-0.023214436310522932,0.07260698870264265,0.016431924353724994,0.022490063617040278,0.020081658663973108,-0.02205528577504189,-0.04398990335620736,0.0473614905203539,-0.016786312205957433,-0.020869785948214904,0.03730139379450843,0.011104053097060826,0.04395902873393115,0.05684415895678096,0.03981424628480631,0.06745339402050066,0.007544482396732924,0.11666720475475546,0.07824073218786115,0.12059505027516601,0.0010206287184526882,-0.03796594571363632,0.017863956375658612,0.06392554366286658,0.05091826568152695
7Networks_LH_SomMot_31,0.24350747287913996,0.08562345440895712,0.20502804510223155,0.07817739447805516,0.17813549001442874,0.26819149108727525,0.20569658324813336,0.3744316108808769,0.3677198939744489,0.2539487525934701,0.3582941231622087,0.30859260661698124,0.3538049807763079,0.3643894023824502,0.2716583281610541,0.32927736254797657,0.39066197207476633,0.45118011808023045,0.45127741476708405,0.3388282056932152,0.34674492356030323,0.47077481488523515,0.3961393468251027,1.0,0.2549418689527332,0.35488549458739316,0.3879249339259564,0.5698392349804857,0.39209154650643313,0.45908606640505717,0.18937932263612786,0.06487135347472599,0.207502715529512,0.19595401173683186,-0.016646682508573745,0.15911948236887843,0.1715451851368512,0.3091324891637142,0.2891266259419737,0.3807799433788507,0.2951517684604673,0.057189550081925423,0.27572427106338976,0.3845846309105814,0.21452691502188395,0.28611799761426365,0.2429132006229855,0.42695409137579565,0.3785238349874963,0.33177127794423494,0.3817969988623207,0.33637762886680184,0.3840162569224998,0.4067613768442384,0.49814002882068925,0.44825552788359513,0.22160019927670405,0.4683447657399385,0.18451182839490488,0.3376714597914118,0.2594429297351985,0.29458793196756344,0.03760535036542594,-0.06531827830909878,-0.05875739235391533,-0.04310492944226558,-0.07563790014769983,-0.06567229132871173,-0.021514250277246877,-0.10752118052483615,0.02155388333857047,0.0012962331981174753,0.02895443503113803,-0.007573735093467514,-0.0303479830193902,0.006705107036761707,0.011882109833828387,0.012989042978441645,0.010706327964206843,0.04486614963925471,0.048002955475645065,0.029953540481851976,0.053526665861428485,0.0736928095049809,0.019856533438122097,0.0739929125952086,0.039797324720123955,-0.021086052124285794,0.022666085809005733,-0.08720731050515101,-0.0950164251814681,-0.10042488666608325,-0.00972745140831235,-0.04814314849945416,-0.04818866749952772,0.059014637568549314,-0.0006799545970702273,0.047010202535172525,0.10697472383046232,0.1170759653888989,0.07622302215999226,0.028896763394945416,0.08076498725492426,0.07076177944034781,0.08436733079688225,0.025191318758509978,-0.025003897096788876,-0.004426753000747824,0.005534226321978066,-0.004176147595894692
7Networks_LH_SomMot_32,0.33182715716599154,0.3484597194299019,0.30253084745446257,0.29995442263652056,0.2803915000778807,-0.03339677503788926,0.24949936557376506,0.23325857038994996,0.20262877086905506,0.18148309234451332,0.26121731182861874,0.2409480529565127,0.24634989823783565,0.116591425207081,0.1842460074303583,0.28307110765481003,0.19591029781360253,0.3021881567493389,0.31965720724767016,0.2906254567197628,0.23295296023795975,0.35835912090410343,0.3696499587326375,0.2549418689527332,1.0,0.5601605376723886,0.3136244822747348,0.3815512849035595,0.5669230290904623,0.4099975901355114,0.26941261310176695,0.11391028476778677,0.3289608214061655,0.40622831113437824,0.17273662011737595,0.2953036289833267,0.15991040609725618,0.3459279790439207,0.3758971334603449,0.34683761452397327,0.23417608995863104,0.21943795691595072,0.4106695467658365,0.23008634753889268,0.10496849177490693,0.2172091347090634,0.49231188800116055,0.29784782060576515,0.4813278435224331,0.4457773505548914,0.4036344333494856,0.21667321037464476,0.3906854863694502,0.47151364472185703,0.3210290486424228,0.5531012989676155,0.6003972337421328,0.350441989579627,0.47708476064906397,0.419981407191815,0.1595132858131905,0.4115289196436332,-0.002278381975497668,-0.008316402047603281,0.007886839644227362,0.005680760563960594,0.003797329738566833,0.00914083192671332,0.00047548196117887915,0.031217491675267425,0.0260511048086883,0.04433631347430301,0.055118852305760094,-0.018798021607001274,-0.009335196322514217,-0.0002537846066184814,0.03144980214424112,0.07403491236073857,0.00807837054414393,0.01924989746003339,0.010279882836742697,0.01673455399955307,0.043396549009692274,0.04555719920211497,0.02318110844374726,0.04349688488697466,0.05471369140515647,0.004066826061977727,0.027719887669906552,-0.05665454264465772,-0.06205385535847257,-0.05412683851729499,0.058035690141999545,0.027129689574432105,-0.019490836544810656,0.051655499451672436,0.06643778311304846,0.04042500534554145,0.05098291763372496,-0.006077658876918474,0.06346087332113302,-0.013371682354957417,0.08885536503692883,0.10195349834634679,0.1268554322862408,-0.015630551822675587,0.0033650423670131416,-0.020800621200581765,0.019024964448151674,0.05116028333183433
7Networks_LH_SomMot_33,0.42875183945393025,0.4026325554657925,0.333913008072898,0.40688884574898115,0.36354565867260014,0.10540875020743393,0.29722153044461547,0.3639638695715109,0.32183806647974544,0.27770428748071385,0.3568656151588092,0.4516432326792443,0.3874079301263811,0.1793639188920102,0.25987029515227167,0.4194695764451749,0.5441696484765874,0.5452370236740234,0.4418420132192687,0.34746973951906746,0.32615101278164416,0.4566654769104346,0.5307336934698266,0.35488549458739316,0.5601605376723886,1.0,0.6289667480472516,0.37456549276121714,0.5680725285190195,0.7483930525769193,0.4172820695977925,0.18773157385934153,0.3874921159754091,0.462883287488553,0.16670823557035572,0.25926985915747836,0.1577934124711218,0.44247156276354543,0.401288162698541,0.3394693535823789,0.2220005865353821,0.16945565490643136,0.4923726696520798,0.27279140584305506,0.11642326805283719,0.35918968057627465,0.5858683984213766,0.3640182158070672,0.5250724361387519,0.45267144639725293,0.5001328675801504,0.517195177906154,0.5137867236064324,0.46688049599409165,0.38763426070604345,0.625961655734949,0.6354674176374234,0.481812153745815,0.4582677789728385,0.7417717407405535,0.48834780209208845,0.3120604328565142,-0.01639541192948564,-0.05050264514192756,-0.06482767056157732,0.012200642750758786,-0.005816460800036701,-0.0030877429405292947,-0.011007685214681236,-0.030776932800051678,-0.009435844146846721,0.02983878091847644,0.012466875273654771,0.01063707045078109,0.04011794181618732,0.03759794587500525,0.02307439602108504,0.07184021432361486,-0.028571138749962574,-0.02546677312375357,-0.033799273904151564,0.0013796257649804492,0.013645349125081292,0.021869370038704688,0.015469895025692156,0.02298156246054647,0.10372458107447557,0.05142680443041894,0.04719442151226793,0.02103527887592838,-0.002638180761612048,-0.02499684085895597,0.05384514185628004,-0.006821371383501032,-0.038369912060725854,0.03500038835914631,-0.02883052632699931,0.004436067273541916,0.06546223574525549,0.007702260061868073,-0.028199441095469624,-0.04169257787175756,0.11861142863206744,0.07280400272464795,0.12174321239563902,-0.06498927648542027,-0.04783354581328589,-0.059561214495638795,-0.021532166105398723,-0.01057665664802104
7Networks_LH_SomMot_34,0.23021208897142592,0.267781399402653,0.2388556465901732,0.3188547256279123,0.2533681965283114,0.1874432971538956,0.22635839792264126,0.3258984420737213,0.29164462977114847,0.27988113141694104,0.2737890989673415,0.43915800691218115,0.37422532062703573,0.1947770027990123,0.2556699004770357,0.299410971065659,0.4081033379926011,0.49487183513965854,0.4180876884269378,0.3620994082271714,0.2548712821667841,0.3669448623345693,0.5157584447938915,0.3879249339259564,0.3136244822747348,0.6289667480472516,1.0,0.3761866675885483,0.48494379978842195,0.6487117878117393,0.26170579299121516,0.0732381368802589,0.30753553747368956,0.3274728521050853,0.06241642719880724,0.12635194515394357,0.14613709583410317,0.31094242906329267,0.2605709604477069,0.228815642936425,0.1770972884042469,0.04008220872553717,0.3640962129909426,0.1547379875619549,0.19478484924674644,0.22708979712392696,0.4161443740871176,0.2617055000347362,0.4064812144594904,0.4157477334454114,0.3487831581978768,0.37779503353485794,0.38844307136683476,0.32161343199371684,0.3518327466530599,0.4122833398245018,0.409393685983605,0.5432154887859726,0.33075390377615954,0.644449169960856,0.4809947369643924,0.15648491475824397,-0.05683931436049839,-0.0354761742771867,-0.08070947258121088,-0.020673410373949826,0.022708124208886463,0.018185009534798492,-0.040434204976431666,-0.058431496854305105,0.035938311438746075,0.02636009722937552,0.020714042315320706,0.060889446772799234,0.028914371776407516,0.021843031207893077,0.04379116061840611,0.03585652973091597,-0.045106153665021124,-0.05064056895465384,-0.06632887490631773,-0.01842445140691535,-0.026702104321219944,-0.026002764001721357,-0.03056390005543857,-0.025978903054663476,0.1396012069580759,0.08229884438026622,0.11515902564796057,0.026829536068689073,0.0011599545578141971,-0.026078140753837076,0.08069788109215831,0.03625558237411177,-0.036785992258280414,0.04891568071579615,0.01866038940688154,0.04123171539681514,0.0718792692675227,0.07894551301949342,-0.005117166016381404,-0.01827044107026027,0.12230795303600905,0.06246374078605041,0.09904650530319278,-0.04478684790781742,-0.04549863303931558,-0.010205113525695414,0.005820828472858751,0.001406650333032225
7Networks_LH_SomMot_35,0.3208163546078593,0.19909805236260392,0.3286189929363542,0.2032070084308285,0.2890011185003415,0.29773626268571884,0.3299625871101225,0.48560177838617313,0.41666538579292167,0.29801385118824353,0.38123235662926763,0.4006173191575153,0.39265289916283613,0.25734057914162434,0.303413435182303,0.26154199248095533,0.3340733184512765,0.36586706269762154,0.568148271290295,0.39504058081779325,0.41821555229440044,0.5191779579282573,0.48846884605593915,0.5698392349804857,0.3815512849035595,0.37456549276121714,0.3761866675885483,1.0,0.5127527304183223,0.4794581493647698,0.29067154447795496,0.014790666073873823,0.22466825308327373,0.2845857231989842,0.05068463603395613,0.13817328921100938,0.17143254162348665,0.38388144215380327,0.371964472228638,0.45107449126225774,0.4029132062872725,0.12210488999286398,0.41328088421922604,0.4377434771969411,0.2612547936286715,0.28208610744534907,0.36106874064506606,0.4770739533591153,0.5366335951226695,0.44299019365017933,0.45178252446805706,0.2942664285701463,0.502564597233564,0.41362686713529634,0.5443682793024556,0.5747488780915435,0.2960832545741795,0.3595297323827227,0.354615828401549,0.34142194880340243,0.06084614796409996,0.51938439154193,0.07798312676682832,0.01880468413326594,0.015626475138630393,0.09688030770336005,0.06247845330919546,0.08923439404515732,0.0706846109601526,0.011992053200612673,0.07748776188847023,0.04767794579342298,0.029040638470625477,-0.0007611082771672275,0.019219982746578858,0.0511233903318629,0.0759405622511339,0.08394873292215364,0.04916052277721942,0.09636822537726726,0.09406731071443442,0.04894586233576516,0.11160996786896192,0.11737578451946207,0.08447056979677442,0.12762441066161734,0.02490578301927791,-0.012236455640372892,-0.002360696514980775,-0.04039713933379796,-0.04259640069087823,-0.06640130196596572,0.062089036325010866,0.018767767692565617,-0.009413893643889802,0.08742135582158206,0.055730830053596275,0.1117943486026403,0.12433624196215222,0.1013037336200807,0.14913860636314144,0.06378692890959187,0.15361888730777742,0.18368281560121916,0.14646866213531487,0.09842372531836761,0.08184821948186735,0.06106144944102935,0.052794335625005274,0.06984747259314293
7Networks_LH_SomMot_36,0.4402503864822783,0.40016271362517475,0.4150392655675149,0.33846265344645843,0.39915204291423056,0.15531274330425024,0.4073519162482255,0.4616584904161585,0.392987166750825,0.3611675929224839,0.34123050027042856,0.4983125480113997,0.3847267308543838,0.3469643586804316,0.30516144770973236,0.42043241340115245,0.3610036842917946,0.4897430413774456,0.5047163659796602,0.6124767352843089,0.4074898233618749,0.6860170525000742,0.5361412165368454,0.39209154650643313,0.5669230290904623,0.5680725285190195,0.48494379978842195,0.5127527304183223,1.0,0.6369332852217481,0.3077151490493098,0.16567158668843635,0.42224559789280874,0.5226746873182896,0.1678495733982696,0.2759054234447145,0.22233233621045703,0.5118871558336348,0.5439954720922541,0.4212749862133523,0.497288449148549,0.20434183180362775,0.6629856166695816,0.38889229958318594,0.29497116254447214,0.23276171812225174,0.6452316447840007,0.43974308258494016,0.6586039622011995,0.6699977069572969,0.6207897522977415,0.28187206513251467,0.44383305850671034,0.4499283630310038,0.39459089910503214,0.6204099140481428,0.6074084383519812,0.5062760841894953,0.5732661724038333,0.5643957272985505,0.38308949137357,0.3482342887638323,0.008985690445869486,-0.01736498222161143,-0.03515408435560006,0.07443010540870394,0.03995741651590982,0.03494353803537721,0.02451833854277643,0.00560668227253861,0.015203810412317822,0.058233984079203896,0.05309369090711545,0.044701734437456286,0.06846652265240069,0.10282342711615161,0.07694475421066255,0.14092326575579353,0.016040449303759932,0.02419400595043401,0.019199863676910442,-0.00889475276587067,0.02921510867724022,0.015269068059381512,0.03366590330828452,0.02623102609736463,0.09600965685242635,0.048040277852650644,0.07412305375522403,0.02725596943789305,-0.008391681036676238,-0.014454065917727512,0.09155198707387704,0.03764680832558301,-0.013259234238857992,0.0796102004171625,0.05803997016599067,0.012113702960958423,0.05523663057540018,0.031757797608045125,0.03735975831770965,0.032293858690038785,0.11342720112129435,0.16532052410115808,0.1544006312315839,0.0029422967565991137,0.027916080607885894,-0.012146663243678612,0.017137660641382713,0.02534353093090387
7Networks_LH_SomMot_37,0.44617033215677915,0.33226939758608565,0.3737894508727355,0.3366789445751791,0.38855139489409685,0.18806825698401292,0.3544212519769594,0.4548482019064822,0.41135491855626294,0.2966221311793969,0.3951561679106514,0.5243101428715798,0.4317031642499841,0.30036362681101764,0.29491408882125547,0.4655393514928636,0.5255985556965206,0.548776691463366,0.535099638545137,0.4238219115108766,0.3942466212475747,0.5618256856718112,0.6323600727740315,0.45908606640505717,0.4099975901355114,0.7483930525769193,0.6487117878117393,0.4794581493647698,0.6369332852217481,1.0,0.45653197089759495,0.18568568223835627,0.39581896577339215,0.47530849274867787,0.16797265689051963,0.23832592269442313,0.2357998898330431,0.5302731543389333,0.44071777142712265,0.4390980523105486,0.31847646957732195,0.17445859848854542,0.5320452134581347,0.35443712252079024,0.18462486565880723,0.3127852664021895,0.5500508416771407,0.4515284505121888,0.5563542080383493,0.5037400345159555,0.551393543172606,0.461368720893971,0.5592477607838883,0.4451649553572577,0.44532038696663,0.6258305287885281,0.5593721775495099,0.5819803324367973,0.4159042595718724,0.7364510356781593,0.5959886191486043,0.2857187486505247,-0.032721734462149266,-0.06318450542750918,-0.07841678760383819,0.07122944122889896,0.0157987919257302,0.01919006369318465,-0.0006296163812202901,-0.04362452915372534,0.007670862891338146,0.04532193423055965,0.014024849865358418,0.048230338105362695,0.058886573680764574,0.053579269324349504,0.036797853642079506,0.08063796773545623,-0.01762495985603833,0.0033475721768376743,-0.008428829715765345,0.0013021914408141183,0.032635363816330885,0.036591069195533676,0.029472378516899243,0.03559057936651748,0.11160398446088417,0.061129268526387254,0.06843744128193735,-0.0037800972103818045,-0.015516436451173751,-0.05089252795738607,0.03650928401171831,-0.020301720827341076,-0.043369483312762774,0.08690924278855922,0.020528485786269163,0.03501649178852971,0.08890387397698103,0.03853507689240299,0.003675351740629531,0.002673504908111292,0.15148272178372843,0.09056904520333835,0.14832277069491348,-0.02713447269642017,-0.0702515342812358,-0.0472000079070265,-0.0004901693427539693,-0.009181757392939251
7Networks_RH_SomMot_9,0.32989041590034995,0.2537225477574161,0.16359524953633198,0.12827743085280638,0.27745157049721614,0.04814184043326661,0.2560562638508096,0.3417113724024291,0.24973612606805698,0.2388828305548154,0.2969322603754595,0.32273224486905394,0.3169755601310442,0.2092692102595059,0.23483954647824462,0.262491020679346,0.3158024191936982,0.33225236112710055,0.30661730347350374,0.1629497406358131,0.19518357306247613,0.2842266957176718,0.4018717193336887,0.18937932263612786,0.26941261310176695,0.4172820695977925,0.26170579299121516,0.29067154447795496,0.3077151490493098,0.45653197089759495,1.0,0.22237346930172958,0.3181248229636422,0.3703340018259256,0.2511141921991125,0.22872846305690467,0.1531403176581788,0.3512574494665982,0.22289229977239663,0.30309424521745915,0.09277473091481678,0.230884343760339,0.29312441361333264,0.31583380436145947,0.014404795664596638,0.29896549416536694,0.36718065342847206,0.3139745740693972,0.28288955941681243,0.21426792779457735,0.35502764760662997,0.37601048725955843,0.3968171652624696,0.2631433581418304,0.225567995086755,0.37631884360286505,0.29202758173457427,0.3285656909728484,0.18020235151947794,0.4118709752906602,0.25217917618656355,0.19804103106529938,-0.02791797000957868,-0.08492956857174226,-0.06706720688374736,0.002545947049244182,-0.0678955305323217,-0.06725161141864644,-0.03681958875431515,-0.08211112928065704,0.029516952067165675,0.06688720039112107,0.04050469352763541,0.020261184019324252,0.07320132410002471,0.041738962171730794,0.05483653360849283,0.06222993352338373,-0.03830271374034339,0.0014600321129465104,-0.006464410692986203,-0.006541242797761803,0.03262481241015514,0.0037168154374435233,-0.010561208631367563,0.014519780637530457,-0.04493737509502576,-0.04901323155980477,-0.05657950684740845,0.06064414659637642,-0.016963823159371654,-0.026415630146429,-0.01997839187030147,-0.010759244530880403,0.06181679972533081,0.05726799527955503,0.04242136885076817,0.03499319320172785,0.03640975537660019,-0.0036946896501444575,0.002193142887224902,0.030165483014605168,0.11548115072418474,0.0641033805003185,0.11565512751982888,-0.006043747782637752,-0.07566170980069094,-0.09027657264149247,0.025594265232622013,0.00359419505778615
7Networks_RH_SomMot_10,0.25770022105476464,0.2422760325482653,0.27165209797329415,0.12942865640184564,0.17658120072555786,-0.12045861597284588,0.14009955515956554,0.09419952480603348,0.04144109333508416,0.021246468723933914,0.05988584938331394,0.1986133305894526,0.06567926522914451,-0.005584007958616751,0.08657046960430255,0.21636360882224157,0.17430242439894955,0.25720651243864234,0.03150132169768535,0.17287455287777095,0.07824580943257198,0.14937185025167649,0.09000773983022468,0.06487135347472599,0.11391028476778677,0.18773157385934153,0.0732381368802589,0.014790666073873823,0.16567158668843635,0.18568568223835627,0.22237346930172958,1.0,0.33793863399749446,0.36625104326027036,0.331747445144687,0.3504555996823206,0.25946996784645865,0.24224178090638113,0.37679259709626584,0.11289088780446618,0.12927182289188593,0.2372988126411676,0.2378794023557489,0.17714932051290708,0.15067656658678086,0.11306968782806878,0.2876816325373254,0.11170520385905416,0.19108362861339076,0.20567626538228714,0.24316886989180408,0.2052927345720342,0.1766969460685477,0.09951976597131984,0.14467153518510392,0.27758975969693594,0.23888796076057472,0.16598474889807122,0.11991821863063744,0.21292369973656708,0.23391306811818802,-0.01116787856808778,0.0048240586070068744,-0.022629302502382157,-0.01397047712231538,-0.007975625430514824,-0.020734699333235004,-0.024207043676142057,0.001173956378403757,-0.034973859154473624,-0.02963645076493951,0.044711963190662334,0.08805977109066027,-0.021240307865783074,0.03687635211780268,0.07819477598552775,0.00701619444180805,0.1285389055015425,0.04953016185042766,0.030359207768950364,0.037744527179416905,-0.01388175178041542,0.001747751336858512,-0.018336117962605494,0.008495885044944182,0.03434920243153565,-0.005124356676367215,0.009328806516192709,-0.06903233187330586,0.050430244100081394,0.05910468834107442,0.04253074180768556,0.01926843502177938,-0.0008892265328448831,0.0444411982266251,0.047056531790525616,-0.02955278780469849,-0.0326756977862703,0.014966164649980905,-0.02823808019823506,0.019561863488168595,-0.042607340571341926,0.15901861156509875,0.13873389382372447,0.1274538905205541,0.025854854800992522,0.04237127932971827,0.05133422256877581,0.0711860833403382,0.05699318444209701
7Networks_RH_SomMot_11,0.5333677648728804,0.46394595347720574,0.43552897356769305,0.4515946191524481,0.36273211553232015,-0.04646783238589635,0.3155364218298273,0.27874462350749296,0.2848420774535971,0.22681745207786,0.2541336142031923,0.2742470176764864,0.1639044986908879,0.0893210625592087,0.22053480177980112,0.29465239774115976,0.2886980177312452,0.35568026790981927,0.336702959422898,0.2936558861454724,0.14727739804923007,0.2936970721168792,0.3234564074809479,0.207502715529512,0.3289608214061655,0.3874921159754091,0.30753553747368956,0.22466825308327373,0.42224559789280874,0.39581896577339215,0.3181248229636422,0.33793863399749446,1.0,0.5126425026448577,0.3595014698856233,0.513301239832768,0.23439194138808178,0.3993874061613297,0.525235059980208,0.3132965214862989,0.2854568383326528,0.09544219033548662,0.47290025545652303,0.24940192707738854,0.09080341670417481,0.15919192465100732,0.47332789079455506,0.23684038012133019,0.40713272264570627,0.3110279192250011,0.36142851951091515,0.32288043561098617,0.27125573218760074,0.16120554069579177,0.1733019641224895,0.40340003764957244,0.36896716361241966,0.2967912507677131,0.21781023700970847,0.3220518719483176,0.19678794036314085,0.06909978738175414,0.08006293906968243,0.01629421458042245,0.03248723998418553,-0.0015243855495154365,0.009973593973646357,0.009942335743449838,0.06218737025722822,0.018708219557259577,-0.045052324968759515,0.008307776204165115,0.0293115114877791,0.02604914560299895,0.0372873777887493,0.059296676333868224,0.08573309169778648,0.11585411787424763,0.005715082885753798,0.028820118324098195,0.016284846825946067,0.046736775693357116,0.06711628890607381,0.054296725274753904,0.025346173380125018,0.032830582204256796,0.03186882822199577,0.07123252851703839,0.014632458927016524,0.0677813218008107,0.09461005491123049,0.06545142987423691,0.03569916887541648,0.061682272440440715,0.02932174788386923,0.06471898241010343,0.03851069011470943,0.05004977826065739,0.0911396912254276,0.07801371387235626,0.06522838309202558,0.06241043818035465,0.08703827036958998,0.03538977236529406,0.10996463077597796,-0.09689224864731744,-0.11698308752716641,-0.057813390421548365,-0.05140110984429126,0.03425626844913431
7Networks_RH_SomMot_12,0.4854573789149492,0.5742668620705841,0.4228790202796946,0.3738370987088487,0.5273281099058418,-0.03924041696556687,0.4105110956788756,0.30726871478433776,0.28262376039515713,0.2770884827568212,0.30155575472398255,0.47228152908135235,0.22524877371336008,0.04879093415879373,0.1785329689229844,0.3485023733995704,0.3127415217931096,0.4748582947877402,0.29003683060519836,0.38717234468417067,0.11274904621054509,0.405094671484917,0.3552834309753645,0.19595401173683186,0.40622831113437824,0.462883287488553,0.3274728521050853,0.2845857231989842,0.5226746873182896,0.47530849274867787,0.3703340018259256,0.36625104326027036,0.5126425026448577,1.0,0.36019389841794436,0.5561085189786943,0.4368323717440185,0.630485933782792,0.6352415147981632,0.37500577672435387,0.3665801513419357,0.23465401893339136,0.5408136595794,0.29901242000592787,0.18518466509182444,0.25798821474252104,0.5100369163362704,0.22498244318946578,0.4464644802651705,0.43951160114692217,0.4922645273980531,0.3022068375264922,0.35016803420279546,0.2896873962507803,0.2960174747527602,0.5111328944261637,0.4469593512658337,0.35014094299932086,0.32190377757679295,0.4759092656925688,0.3257607149549214,0.14293594567869133,-0.025708400251299765,-0.12743305417958806,-0.0847910466523342,-0.06268576171381714,-0.09666864158227886,-0.08661022517173705,-0.04871490428850693,-0.08435345644902979,-0.0844552649411425,-0.007901756829732431,0.0419766710733963,-0.048823587257141164,-0.014794472649965636,0.021161815196438363,0.01734674313874075,0.09488187938615429,-0.0704531619841382,-0.02717436289298396,-0.030636334296398816,-0.058385874065191495,-0.007209035137592023,-0.03882470078727538,-0.04977292423341221,-0.02810920291353627,0.06034258052646025,0.05483192502147341,0.043130160273855404,-0.0062617084562373955,0.006298961826897583,-0.010172019886877492,0.024703081037445604,0.023960277302047504,-0.013913006909021156,0.020035962985789357,0.02543864404737805,-0.017862902331288014,0.004564116662189979,-0.006151654893968853,0.016484078322864918,0.03394015585700578,0.10930974025924049,0.06399907788930605,0.1325317753165667,-0.0243536370862542,-0.08982464835348464,-0.07351667377709173,0.012098764756455611,-0.024757136203091917
7Networks_RH_SomMot_13,0.27792304810489504,0.19127164681019687,0.16723172772344502,0.11043551349103813,0.10993880447552015,-0.14887174989386118,0.16580166565606871,0.05406943186606927,0.002277633739502731,0.08763953688608447,0.061012891195073346,0.06457708498124835,0.049676293119921826,-0.080643558635989,-0.012945554786335071,0.14156897343559743,0.13325086592116014,0.09953420976810591,0.09302317187301372,0.02261121267720009,-0.0644556789813805,0.02245599830462017,0.12982263608532768,-0.016646682508573745,0.17273662011737595,0.16670823557035572,0.06241642719880724,0.05068463603395613,0.1678495733982696,0.16797265689051963,0.2511141921991125,0.331747445144687,0.3595014698856233,0.36019389841794436,1.0,0.4488083599080192,0.1242640563101759,0.24054504736758087,0.398566436034875,0.08724418043507957,0.05134990295515188,0.05884044714507196,0.2231599841706078,0.08790886660231091,-0.0001650800729999257,0.056030767969376144,0.22342738539920798,0.13023836918857687,0.1011961350485907,0.05043197500364441,0.22086634918594314,0.15628065904819816,0.2277716397125419,0.06428760624780218,0.14543602189211385,0.28623153845204935,0.17328832255246682,0.13671928073728917,-0.01271738406387463,0.13866302867798136,0.11598992403458906,0.04511596223147512,0.019875124230517918,0.004610797391290964,-0.007115782447609639,-0.010570065929242953,-0.010980939527151505,-0.03165757494779833,-0.003525842446961063,-0.06002558158332879,0.03053421288449047,0.08893529618775661,0.07741374985565895,0.05200222584902117,0.08278805506151239,0.08000406705670551,0.06589122270019396,0.12488108550344003,0.06773120527660026,0.062362821215601855,0.047481884170771475,0.06350992929218315,0.058664626375099935,0.02320264769779588,0.0334789797961532,0.022154771218779516,0.11206961217042805,0.07383276731464007,0.053181418644200104,0.00365323524247187,0.02076500691687019,-0.009797240126386707,0.05806369161412633,0.046892969460982196,0.12183136085860724,0.10841711353916168,0.08945536489337756,-0.006374724313135017,0.02829581558295306,-0.021608998097643186,0.08755023721792497,0.03115336829282984,0.06683637268856048,0.026203363765090287,0.0006014489451586796,-0.08050752374016214,-0.04248370336693866,-0.07755579611864168,-0.03610010692217926,-0.05075403069984949
7Networks_RH_SomMot_14,0.43397757758556155,0.34716504218643324,0.2914068846047139,0.2487602606113189,0.3270499265995248,-0.059463505119375266,0.28954858547916557,0.14166104960863002,0.16692058362203432,0.14423154457815393,0.21700605573133047,0.09949713785899565,0.07124789819964819,0.05153868137162662,0.0901185916600449,0.23537472149975847,0.23860976028366926,0.29162437052807155,0.1296440273726506,0.15381667575694807,-0.005537272708605232,0.18426873153679255,0.20198544608640617,0.15911948236887843,0.2953036289833267,0.25926985915747836,0.12635194515394357,0.13817328921100938,0.2759054234447145,0.23832592269442313,0.22872846305690467,0.3504555996823206,0.513301239832768,0.5561085189786943,0.4488083599080192,1.0,0.3758250969974955,0.42798058552253077,0.5377280403451268,0.3275465198215588,0.202551208724847,0.14233634640939583,0.35042222329931133,0.23804819953965467,0.09880530046194433,0.201502024654714,0.30815177020099055,0.1522981656098018,0.2538065304683406,0.1944255830785911,0.24188098890603607,0.2883866334091154,0.25269821228057604,0.12679290370481291,0.1605305294395219,0.33594384611314526,0.2526309846641997,0.26289496137814233,0.06252496864372607,0.20407042943197184,0.1628917671714043,0.039052711643046335,-0.0197590906985671,-0.1055341112442177,-0.04886506385905471,-0.06458897730820293,-0.0925568082491877,-0.06909765375150799,-0.05463866350127475,-0.07309557824933229,0.0010154938192862386,0.039592535428945065,0.09033549169004382,-0.02529896504708082,-0.00886120224811625,0.01502297373689594,0.05086857380340312,0.104698032609999,-0.07739609764405997,-0.05419782856311829,-0.03852916869716472,-0.041111997813566836,-0.031782253414820924,-0.024754529085895368,-0.07358823306009951,-0.05466562148395693,0.06729934678179361,0.04935434611731116,0.028906957540043476,0.005688603051680696,0.009379450919869149,0.00045165850222328983,0.012498071682195234,0.022151473098250548,0.025499074495721127,0.046321453641741936,0.020506586425254526,-0.010730792162783767,0.02631106387809965,0.005247131492211943,0.061589027886879984,0.08065300396442385,0.0702747851139023,0.018878165192166105,0.08222293073602097,-0.0008443643003397165,-0.056258057712658745,-0.04995542119870712,0.0166930175239716,0.007967556013275166
7Networks_RH_SomMot_15,0.18592416690947453,0.2531411208063715,0.17490957497005136,0.07749443865180064,0.44566991989839805,0.05482642050524672,0.3429287969216015,0.2527988138120485,0.24981732747997396,0.15931141560679365,0.2010262521799245,0.2707825366171745,0.085195120286253,0.06442300405079218,0.03514102791750005,0.13551246092426442,0.14488377657824056,0.2950251126346082,0.16557553650270818,0.19957800102582343,0.08073877103559304,0.24301202705599634,0.10768753724100724,0.1715451851368512,0.15991040609725618,0.1577934124711218,0.14613709583410317,0.17143254162348665,0.22233233621045703,0.2357998898330431,0.1531403176581788,0.25946996784645865,0.23439194138808178,0.4368323717440185,0.1242640563101759,0.3758250969974955,1.0,0.5640673497976193,0.3837467742585724,0.41503642700142135,0.2437183549888659,0.13663613790123336,0.21242492672483118,0.2776040451408838,0.09573252957028137,0.19589411056593564,0.16060691285593617,0.11446104454568123,0.16711362574778504,0.15126625493491705,0.17908189274392666,0.15424271129218156,0.21133462012981014,0.14584946770024942,0.19878494420820564,0.23765496489336413,0.13915711714956402,0.12055122940528978,0.08106738071593071,0.181940175778036,0.22675725487476497,0.06453074107554041,0.107350288193615,0.03085047944235305,0.036190460443342023,0.032819206701554055,0.024615148922628453,0.01125896270712238,0.0506388843137121,-0.012152219598256662,0.11380912891139698,0.13894049089358226,0.19645977557972988,0.009459568046062995,0.012641581045305193,0.023064748305598418,0.050567728090348436,0.10947927018383226,-0.005147856585827245,0.04037927971026826,0.04990450585823018,0.020495416042538493,0.04542658916921175,0.039218059088870987,0.014170698610287913,0.07590136628065425,-0.07629827988520597,-0.06638823056455513,-0.08431365422239627,-0.043000893439829865,-0.06733240440733151,-0.06785396227908522,-0.12914008461719603,-0.05966034934710129,-0.027581986161551428,0.019856794411897815,-0.024199858201882626,-0.09381705512146643,-0.0018346335080192337,-0.02234255320427524,-0.05635640493794391,0.016874138401119808,0.12168460749103616,0.12259762300819141,0.14525690852796075,0.16180374505744619,0.08606093817397738,0.07245434496589485,0.13278629159253807,0.04965331556607141
7Networks_RH_SomMot_16,0.4283025076536885,0.3631707083330236,0.31810099857142254,0.22728889890020756,0.5921157505724234,0.17771326842105978,0.5568024985971095,0.4507905042118858,0.5047503382280559,0.3952414124452358,0.34219931186128133,0.5024095476366564,0.29457029874928975,0.1778971408302914,0.22684731122834975,0.34055968015027577,0.4160638010353165,0.4995715864856828,0.42982832455040854,0.33703700943438286,0.2754979180305733,0.4847774853184596,0.4571229330146417,0.3091324891637142,0.3459279790439207,0.44247156276354543,0.31094242906329267,0.38388144215380327,0.5118871558336348,0.5302731543389333,0.3512574494665982,0.24224178090638113,0.3993874061613297,0.630485933782792,0.24054504736758087,0.42798058552253077,0.5640673497976193,1.0,0.5764789994726758,0.6365901679250927,0.41713322686454674,0.1701793269324853,0.5106586050354018,0.43023902495849997,0.19854780454934337,0.25475662099901863,0.4700129724797591,0.3148710565672283,0.4550906209512021,0.40713106745782507,0.5302342366324164,0.3588416185185733,0.42555221106273655,0.3706932107904152,0.38585770244935164,0.5662353168836083,0.4242309767286146,0.3779139105488289,0.3034620346704908,0.4638985839711836,0.36746611426460307,0.25196446666909605,0.030835638649445808,-0.04757771056955704,-0.04058380454395053,0.0676292440378702,0.022513211657357785,0.030188037373475186,0.024275781852152397,-0.01471815268746043,0.01846455620493665,0.061052698700849346,0.089690402073388,0.004136886951894515,0.01884028786366768,0.05359696303492678,0.05813551354811853,0.12140545652085417,-0.05025523733922446,0.006711164960548385,0.009538349496250641,-0.036260461821520554,0.026226986742826214,0.02697356027104019,-0.034558580811187796,0.034081229299788754,0.01677548067947503,0.024739937662389057,0.007115284133483326,-0.023642533666256606,-0.01794316413246559,-0.04194564242710432,-0.02108816021157115,-0.02503974342909776,-0.041642685278526374,0.04907355511937219,0.013529709631373127,-0.030762585435240495,0.03460700781701116,0.027497551508018168,-0.012937913290547918,0.023868211249988492,0.15687719053687083,0.11511804373312665,0.1720146190323716,0.06174322931212477,-0.0279599178825557,0.023312953185264416,0.10389729889010281,0.05447813964240669
7Networks_RH_SomMot_17,0.47871888451791916,0.4857601509686172,0.47876216565207846,0.35196241294072067,0.43548877725660773,0.044170388499690794,0.4441265081846204,0.35279919662711007,0.35051993790767183,0.2553424513071932,0.3365479367968876,0.39614393824650673,0.3031402868258347,0.1822215838453083,0.17757159712451448,0.39005062977821703,0.34293117520542177,0.46464607583580797,0.3763641932489408,0.4413340071159348,0.22450574622116876,0.46882455046534177,0.3612588418686102,0.2891266259419737,0.3758971334603449,0.401288162698541,0.2605709604477069,0.371964472228638,0.5439954720922541,0.44071777142712265,0.22289229977239663,0.37679259709626584,0.525235059980208,0.6352415147981632,0.398566436034875,0.5377280403451268,0.3837467742585724,0.5764789994726758,1.0,0.38589964922431685,0.5826165880907994,0.19791622175516865,0.6485203747810991,0.35485685182062315,0.33687293373018956,0.26063523282993906,0.5194911399268441,0.3330925885405848,0.5775775554490544,0.47007032904432866,0.5358431706274356,0.30132585776100607,0.3600152350223409,0.2933719637625175,0.3889749084138008,0.5730613688359378,0.4711668036091795,0.3497832415932488,0.35476048486075373,0.39866030881116155,0.29262071117790484,0.27603077594486003,0.10084063404062758,0.015813535976330378,0.03881578884267595,0.06621186977167028,0.03216608796416367,0.033407932682599506,0.08582240768266275,0.03034752724260265,-0.05428765897126401,0.014501089010294073,0.04723529860802788,0.02818828589417372,0.0372714790495722,0.09084834404252988,0.08160626802099771,0.17019674322485268,0.013799577518137544,0.04091076325476729,0.04632734327927045,0.04218824021089093,0.06317748541128944,0.06917887149572129,0.04961319806221352,0.04838974585761712,0.06247333860557433,0.0177237276460182,0.030729614217434836,-0.03125244222429483,-0.029897331625804848,-0.031304079770664524,0.03360317346065904,-0.009126873643849289,0.020483791424090594,0.05938761221579507,0.020736840757420782,-0.004241400455748654,0.039137626453155896,0.02845049872007551,0.056858271364492986,0.04033781632802139,0.11654145757206971,0.10428914666779426,0.12709098437552083,-0.04508405054226928,-0.026895818858386447,-0.0005304358589642613,-0.0024978128712580313,0.033692184024926526
7Networks_RH_SomMot_18,0.36248211286609194,0.2142116731338579,0.2947234778527157,0.17429602310741035,0.49689478635023693,0.24695113373123637,0.4836812460824213,0.48371415494820547,0.5084776186757904,0.3581440977235948,0.4322748042411793,0.3565431215905251,0.34266552384952875,0.2957091580309063,0.351728560235348,0.34706113884997786,0.4072847424855993,0.3514486009457932,0.510464440703149,0.2398412217236295,0.377285947290249,0.4520775618693873,0.42497180457293776,0.3807799433788507,0.34683761452397327,0.3394693535823789,0.228815642936425,0.45107449126225774,0.4212749862133523,0.4390980523105486,0.30309424521745915,0.11289088780446618,0.3132965214862989,0.37500577672435387,0.08724418043507957,0.3275465198215588,0.41503642700142135,0.6365901679250927,0.38589964922431685,1.0,0.37911872145228737,0.13077638187598842,0.4078752516840202,0.5639005471433156,0.1285742711658867,0.2791965439159091,0.3223318567326,0.4226263670394926,0.4107311252417576,0.33585228590525634,0.4829398402388375,0.36481725128267856,0.4277253908910924,0.3808504714317825,0.37583850159726984,0.45812395149314766,0.2816667587749702,0.3434406566371782,0.25468820814801757,0.3568563758029842,0.20485621376427368,0.3364904160624243,0.035911986194135236,-0.04486627051960668,-0.0178622241107526,0.07210600281022131,-0.0017434839112244263,0.01907677437783333,0.03160129341020067,-0.013673521573731029,0.07739207054562837,0.10511811412592106,0.11807294204884934,0.07631413483639235,0.07885169837389264,0.09929045013283155,0.11127611824588325,0.12318714876723769,-0.019522913879690025,0.012383413616233062,0.009917156717858283,-0.025226675376798503,0.02993134808136899,0.05488827336269239,-0.024211140309711103,0.03689538816089847,-0.016412444101027057,0.0002897162129346776,-0.014332619750140073,-0.006162788410478111,-0.006774863758368135,0.0021313156383098897,-0.04581634030793607,-0.008884795123941929,-0.019958832716173464,0.049594621106790006,0.039842322763678446,0.053794281851264315,0.061026618159773775,0.059789580692724054,0.07199462920904606,0.09414032727944958,0.15119349972316487,0.10089809248173137,0.13769661806203534,0.08956452028218241,-0.004729581541742303,0.027252133151799356,0.05788987476646639,0.03161955754917568
7Networks_RH_SomMot_19,0.35104792065656776,0.3399653177361176,0.4041406122928525,0.30755356635749936,0.3178062142224787,0.11900113075238765,0.35820681199549215,0.42724987894089606,0.32319382329876595,0.26824826610570685,0.31584058300463785,0.3990162374016844,0.2554320351807212,0.2610558078378794,0.13536968192418458,0.3819381015083394,0.27377397072535115,0.32360951078283007,0.3437402840373382,0.5124710932400788,0.2828701394168423,0.47414756656786466,0.28710932042763876,0.2951517684604673,0.23417608995863104,0.2220005865353821,0.1770972884042469,0.4029132062872725,0.497288449148549,0.31847646957732195,0.09277473091481678,0.12927182289188593,0.2854568383326528,0.3665801513419357,0.05134990295515188,0.202551208724847,0.2437183549888659,0.41713322686454674,0.5826165880907994,0.37911872145228737,1.0,0.12973687900193748,0.6796279928952501,0.29104424454469624,0.5509597420478805,0.17272359402062726,0.4798365706841511,0.22216847786651464,0.6382083781798297,0.5349721644552446,0.43995318214888274,0.15304295302252505,0.14075239820454985,0.2834167267718515,0.2800688721946472,0.39375608964514375,0.37936031104492657,0.20501922818880003,0.4549263183353198,0.29082197314147645,0.19641601219881047,0.3539178149824773,0.12333748201556992,0.05447235866455145,0.05420203878394947,0.1281321131559777,0.09325064619265012,0.0688087380509164,0.13204100608453584,0.07743181545129238,0.051555208980928184,0.06658479100309798,0.06976548434478032,0.1019474026967549,0.10371138965552848,0.15064267566444672,0.13911609573330913,0.18234943468418163,0.02904784989293363,0.001559780362856398,0.004215993283688659,-0.001564933315655784,0.006844883031661288,0.048544859520628716,0.05356713371101225,0.033952496822357375,0.023011080258453324,-0.029595179440444923,-0.0072520338637354475,-0.01871885687258424,-0.03709744954957239,-0.008911537236314711,0.06458234449396111,-0.020810504922030598,-0.0012855296686089329,0.05460719424409227,-0.016578433890923512,0.08131307718052126,0.1085792281782172,0.14247273978908256,0.08254578175040359,0.07170416814279464,0.11952043053860588,0.17384711070141792,0.11666453133557061,0.0363299375744721,0.05478718074953525,0.06286404053777825,0.07790439868751563,0.09225165626519255
7Networks_RH_SomMot_20,0.1649952484543002,0.21798970641093077,0.1935869074157897,0.04353142599811897,0.13274992909934452,0.0958316937382286,0.15682645840617296,0.11626904338005077,0.0708630982384954,0.07181120926372274,0.1863213416260434,0.19463677794178252,0.12999616162779845,0.05562470899643173,0.1582506636551952,0.27870687116619497,0.16940508607094434,0.1807504617513682,0.17999412421663477,0.1795680146955118,0.08247235791809865,0.23738010752634692,0.21676751063969862,0.057189550081925423,0.21943795691595072,0.16945565490643136,0.04008220872553717,0.12210488999286398,0.20434183180362775,0.17445859848854542,0.230884343760339,0.2372988126411676,0.09544219033548662,0.23465401893339136,0.05884044714507196,0.14233634640939583,0.13663613790123336,0.1701793269324853,0.19791622175516865,0.13077638187598842,0.12973687900193748,1.0,0.19806900919054063,0.20013259919887177,0.037696097244469935,0.261567268242473,0.2533044232973637,0.16093956883088717,0.20511512730507422,0.18561519750286476,0.19945752341041756,0.1571285663519874,0.22376229824449947,0.22432299403891848,0.1479338728826466,0.2447390601437686,0.16871522655706644,0.1852364911612548,0.18315693397399024,0.19006169169316472,0.08154709104932681,0.15699420812069226,-0.006507364077585589,0.003021924424686823,0.028245498815879844,0.018581576757000142,0.013883205314451077,0.0148277386413196,0.04028042183353805,0.05340804257923423,-0.011271833549775036,0.038364383518125426,-0.005611002340342298,-0.02596045120377484,0.05747483714934791,0.023744636540424576,-0.0201121296600198,0.03396599569448088,-0.06380465819368665,-0.062482511805373106,-0.0863105486629225,-0.06068041157895586,-0.03541583451435823,-0.03904013683378558,-0.05154785108860277,-0.08023731710311535,0.05840518083111484,-0.00888271534084177,0.03524095710431998,-0.09056916472171825,-0.0865266128436627,-0.08659894146294066,-0.02772883907333031,-0.017546060888904844,-0.04064413973714529,-0.02204054273155688,-0.01702990480862364,-0.061452574783813635,-0.05162591787548122,-0.08950348402200538,-0.06317006784186445,-0.023308415499318228,0.06624424681509997,0.05389587755944736,0.05725942330903245,0.01736053106367249,-0.04477981444015957,-0.023410859932067,0.06587618724766911,0.05678866355894768
7Networks_RH_SomMot_21,0.5584661003309063,0.538213709917218,0.48625574054058474,0.4910490992897208,0.4410998244116754,0.08607086827432323,0.4073523580676964,0.43674508317756716,0.33850962947421614,0.3588469870042705,0.4047169019627432,0.4912326353009139,0.37618104677504394,0.26686069868130546,0.26146677942419944,0.44980389648473107,0.3927176235264312,0.44463399558977595,0.45656386273609617,0.5724803347172639,0.31503902954703955,0.5737455082315361,0.48464770127182466,0.27572427106338976,0.4106695467658365,0.4923726696520798,0.3640962129909426,0.41328088421922604,0.6629856166695816,0.5320452134581347,0.29312441361333264,0.2378794023557489,0.47290025545652303,0.5408136595794,0.2231599841706078,0.35042222329931133,0.21242492672483118,0.5106586050354018,0.6485203747810991,0.4078752516840202,0.6796279928952501,0.19806900919054063,1.0,0.3940403439556973,0.453437932973434,0.2939155107655853,0.7526441051927699,0.3045210064481724,0.7565766521304518,0.6776779618584382,0.6229436472295873,0.3223482856630332,0.3398370856605991,0.40116845561098824,0.3268255978953371,0.6084300918123506,0.6377182158658311,0.3205551487686986,0.6376616484276562,0.5273656010084248,0.302107416249377,0.4055628121878416,0.09644027118111531,0.014648606203361607,0.010676697561943206,0.07926592551808488,0.04909055315766827,0.040311364435994236,0.08880617276675738,0.04928607736735648,0.025501083021929282,0.037131705720423354,0.03455332637956251,0.020107198820614475,0.04577865440584403,0.09730719757916578,0.0771537488123011,0.14613970538415824,0.0032031713679418587,-0.006986964380827163,-0.002903275372421653,-0.013039538580083623,0.003910374987270692,0.006632264121870398,0.047650128496659595,0.012731455337334328,0.018480251210238965,0.003809404268926177,0.006783491870827005,0.05752183907931588,0.021987283955170172,0.028398476363071228,0.08804694602748415,0.023555684914019045,-0.007903185581601722,0.07685186565641844,-0.015064070589474005,0.033846723189761924,0.09372242333997192,0.0588112178617717,0.022828613987052444,0.028981780097272276,0.1365795507820378,0.12729476784325017,0.1219279130536535,-0.03457017132174786,-0.05435572719454038,-0.04037113814174522,0.033769086986348104,0.010422438222614811
7Networks_RH_SomMot_22,0.40239056201939505,0.25111201942137895,0.2538136101363312,0.16656766448016028,0.3722394986033148,0.22962956869323006,0.30285339785646603,0.42056330396484837,0.4238670508447882,0.30290819683611697,0.4206109255638953,0.33524698834293304,0.45900646543101514,0.3954854294855623,0.3841097032833049,0.29380787848045153,0.42801993051322507,0.3363594207793349,0.5655759543361453,0.22607025986427653,0.43396308443331,0.4568006382312658,0.4213458373617287,0.3845846309105814,0.23008634753889268,0.27279140584305506,0.1547379875619549,0.4377434771969411,0.38889229958318594,0.35443712252079024,0.31583380436145947,0.17714932051290708,0.24940192707738854,0.29901242000592787,0.08790886660231091,0.23804819953965467,0.2776040451408838,0.43023902495849997,0.35485685182062315,0.5639005471433156,0.29104424454469624,0.20013259919887177,0.3940403439556973,1.0,0.06240789511032959,0.322107618061789,0.37949319779355856,0.4994513590848264,0.3749922383214979,0.281602260636935,0.46776308021806395,0.3342254705283948,0.5181987629599912,0.35487039736486314,0.37784856880758105,0.4691369559625591,0.22236588400061916,0.3719799088160648,0.2379933657331649,0.260143062240647,0.10114639348993468,0.3325824595555661,0.09681606177401346,0.035720218861095165,0.056519004369848934,0.11071358683925159,0.07383470508134621,0.09953236869455817,0.1147256284071582,0.07881732438674194,0.049805548767686295,0.06139571686206678,0.0801164494473811,0.05035024774545887,0.046666272127213894,0.08830003852936513,0.08894928719725471,0.10865603960603566,-0.0029778269772112766,0.017439283089516484,0.04147422372797282,-0.03083646195838264,-0.006660395860704132,-0.015207779467839598,-0.024826054708956907,-0.0009753215420119641,0.033929774125321464,0.0016732072041880058,0.026339312425819564,-0.031319339366386846,-0.05460141305138008,-0.07202187446689388,-0.0393094201422418,-0.02467898556930655,-0.0014966991197472098,0.004515170836280324,-0.012477485002859744,-0.0449106310936071,-0.05537138240260861,-0.07648403056814293,0.049460264698378734,-0.041648999607954706,0.16827726612923277,0.11188794199943555,0.14452792253960628,0.13281177929216018,0.04569700270726392,0.04657251722317422,0.1139894324229623,0.06559080569468695
7Networks_RH_SomMot_23,0.05048250095102452,0.11716089516974948,0.07740513785920322,0.07184203327889188,0.17625878770932887,0.10565818898842222,0.23328347634740135,0.1758545204357026,0.2013107092491335,0.13107523308381186,0.04177602785998159,0.2685439577462619,0.2212492188885632,0.2474563812986796,0.050545042440575234,0.15449699296712385,0.13110073389156843,0.20218617247660306,0.12174575348131669,0.48642975641607133,0.11638371604090388,0.19613439854064355,0.15344429420472896,0.21452691502188395,0.10496849177490693,0.11642326805283719,0.19478484924674644,0.2612547936286715,0.29497116254447214,0.18462486565880723,0.014404795664596638,0.15067656658678086,0.09080341670417481,0.18518466509182444,-0.0001650800729999257,0.09880530046194433,0.09573252957028137,0.19854780454934337,0.33687293373018956,0.1285742711658867,0.5509597420478805,0.037696097244469935,0.453437932973434,0.06240789511032959,1.0,0.04407479370738672,0.3556477875982607,0.10489262249223291,0.4634424733675847,0.4205925924934442,0.2801848873398709,0.07203482933017734,0.057993752043637076,0.19463077337122117,0.17669771215559882,0.23978320424038302,0.32618233036604705,0.08695131179737052,0.376011794164239,0.21633317559026632,0.18536918759440144,0.2799876484728594,0.039123592950584825,-0.008236890987835926,-0.018115475418213817,0.043863420021121084,0.024524583232244178,0.036847946658134074,0.030047850832815557,0.019435968537658353,0.05653993087286152,0.06984618453151664,0.07568871474652598,0.013900852681610327,0.05995718146831624,0.09530054212754373,0.04567324239514504,0.11182061092001719,0.03149265968084935,-0.004912453461641155,-0.034254619221889396,0.04390259005068239,0.016390895833809947,0.040465915331167134,0.05351223073393071,0.008741518401077971,0.03428314036451824,-0.0022987020413646397,0.021739861642540076,-0.0430231109281311,-0.032519447270660744,-0.018919266674695602,0.08764040791912055,0.01552791771910302,-0.017113417610192416,0.0014947529996411975,-0.02193898175170364,0.11480254751449405,0.08391969305707354,0.14464073173140612,0.03784756099106717,0.007634445801317406,0.08382967332131161,0.09296344179544531,0.040520189129723425,0.02095050687847233,0.004830570515434245,0.007520271607423036,0.031167423998835334,-0.019209670230471435
7Networks_RH_SomMot_24,0.2689981642834681,0.26719625733496577,0.2347207977858271,0.2094398767005961,0.22323525160475707,0.13652483342417443,0.18303690689143975,0.25567919743405065,0.2209559811497748,0.10538479692273006,0.5287391811352407,0.24349554851943384,0.2878090122322596,0.17561153036653027,0.16695254106408108,0.32049703432889237,0.3836889491387386,0.4212427814682733,0.31141154958528283,0.17287050436813584,0.1468960037084443,0.32421750408964184,0.2945001764264093,0.28611799761426365,0.2172091347090634,0.35918968057627465,0.22708979712392696,0.28208610744534907,0.23276171812225174,0.3127852664021895,0.29896549416536694,0.11306968782806878,0.15919192465100732,0.25798821474252104,0.056030767969376144,0.201502024654714,0.19589411056593564,0.25475662099901863,0.26063523282993906,0.2791965439159091,0.17272359402062726,0.261567268242473,0.2939155107655853,0.322107618061789,0.04407479370738672,1.0,0.29358291136044606,0.2584539171276397,0.2743953397859631,0.15843776043297803,0.2899631435390633,0.45653997810738023,0.3159974455698346,0.3434570400635479,0.3402992728606364,0.3093803409061438,0.2394854815124233,0.2269569748522971,0.2056882110458491,0.2921767600514381,0.11143319615283567,0.2657910061062216,-0.03987067540083503,-0.05912343390475314,-0.06634645202679933,-0.030465849385728574,-0.03342294984796233,-0.02647094938287468,-0.020647310648794284,-0.00813137963725245,0.02092896088513346,0.08693040384820351,0.07101945473951905,0.04470553430361749,0.10036505216961938,0.0930359257459485,0.0705633081800687,0.10330557921064909,-0.05632229560091532,-0.02801486441651628,-0.0217532763943972,-0.011095767575909935,0.01129839432456188,0.03297346924540479,-0.005622941376501745,0.013164325470312425,-0.001193040061453613,-0.08932426775722892,-0.007519891204770801,-0.1370921493583758,-0.17248090678745256,-0.1597577713557333,-0.10991383246749996,-0.09604274237433805,0.04974763266904683,0.1088468406706447,0.0914498373411439,-0.03859721650229087,0.06019040869462316,-0.004963225944817998,0.004139947392068354,0.05731940797660584,0.07354913284598238,0.05401082169507633,0.02756585123936919,0.05262217096930832,0.049561858757363686,0.053099369229823896,0.09274492891223539,0.06772099853635104
7Networks_RH_SomMot_25,0.5605606786577302,0.5235610892336185,0.4202021759706303,0.5060924543724029,0.4150229065909829,0.04922417289286029,0.3820860381460322,0.3355215165908807,0.3014926169493759,0.35480819567649324,0.3631291153989186,0.487352151714704,0.36912576134545455,0.18134966721255,0.3361871140551138,0.4560720440952046,0.4189408374966254,0.45275472900074687,0.4424404819414565,0.465113024167363,0.30633385589147605,0.5176223363476522,0.4988512799569091,0.2429132006229855,0.49231188800116055,0.5858683984213766,0.4161443740871176,0.36106874064506606,0.6452316447840007,0.5500508416771407,0.36718065342847206,0.2876816325373254,0.47332789079455506,0.5100369163362704,0.22342738539920798,0.30815177020099055,0.16060691285593617,0.4700129724797591,0.5194911399268441,0.3223318567326,0.4798365706841511,0.2533044232973637,0.7526441051927699,0.37949319779355856,0.3556477875982607,0.29358291136044606,1.0,0.35235785771459616,0.6997512289210795,0.6040324391771807,0.6307414073098268,0.36097764540667965,0.3624086573150786,0.41242666102921605,0.2771397405393809,0.6163023196039283,0.6582648868350095,0.3748679741430958,0.5979763520570812,0.5691710626521914,0.279942137824148,0.3498937269146538,0.052989165018565834,-0.0007891265939551147,-0.01816096989081519,0.03982867279891637,0.03304474907092772,0.03557195855736744,0.0562604737630673,0.03542031296493123,0.02992658226849682,0.07457482012672602,0.07329200579345325,0.04459307663255134,0.09637201295742102,0.1382851409820945,0.07833921447680521,0.1793866125404481,-0.056107800352850165,-0.04524187723802019,-0.02134023922060522,-0.03736730322733126,-0.028792150614484993,-0.010738910859598626,-0.005046745519602536,-0.007343898632419611,0.06755733745303522,0.05345143071335524,0.03154186333774954,0.07501447733450221,0.04456070536776935,0.009990132635747996,0.08404571195117543,0.009576791814091799,-0.0065561739644580015,0.046243462845753244,-0.034367559954278176,0.09537713627784151,0.1028354870375889,0.05085417604560732,0.03186311591357446,-0.04514559875706831,0.10795235260334947,0.12235503804871777,0.12652554082993783,-0.012505304093044043,-0.010530949340056687,-0.02805233356394102,0.011972095810944374,0.033546378977271495
7Networks_RH_SomMot_26,0.27957620044112874,0.10695011430403421,0.21181827829133817,0.06333396077197272,0.20273086733036588,0.2861770683035521,0.29366765190501243,0.4025857151329794,0.34289970886453597,0.18559119741447927,0.37071321418330827,0.28553637025367434,0.4530459351808923,0.35511742414022673,0.3620332135832303,0.29913888831103874,0.401936047059609,0.2940197770766743,0.5946060515527309,0.19861427796778364,0.4813321141434072,0.42271151861769213,0.5054440634864832,0.42695409137579565,0.29784782060576515,0.3640182158070672,0.2617055000347362,0.4770739533591153,0.43974308258494016,0.4515284505121888,0.3139745740693972,0.11170520385905416,0.23684038012133019,0.22498244318946578,0.13023836918857687,0.1522981656098018,0.11446104454568123,0.3148710565672283,0.3330925885405848,0.4226263670394926,0.22216847786651464,0.16093956883088717,0.3045210064481724,0.4994513590848264,0.10489262249223291,0.2584539171276397,0.35235785771459616,1.0,0.3761499848481277,0.2693556199429015,0.5022789890527718,0.29978612199388294,0.6297767606224544,0.40364839137292585,0.4973207234284961,0.4818831325695336,0.241669211241869,0.47945274761030277,0.1819490121155548,0.32311312870587106,0.26890823710313466,0.41887122069573746,0.024171836463397933,-0.012822314437655576,-0.0025736880282792294,0.04969561946181754,-0.0036864854554827485,-0.0005770977590301319,-0.009122242009939729,-0.028604396124709896,-0.023709186026166416,0.004109942524501089,-0.02180873507450354,-0.051535139920986774,-0.008039371056011995,0.024050385239667266,-0.0619393171722468,0.038880337964524114,0.015991141487754233,0.021863973674950916,0.017763728900064363,0.057896486129888514,0.044586154955757414,0.049075907024883784,0.01901095613707512,0.019402948542889844,0.08416547412551509,0.07051760024604661,0.06771452786499246,-0.025690974334564257,-0.009055955840575195,-0.069471984293248,0.031778092884209935,0.014915681347139912,-0.027425714999534393,0.025134501410007486,-0.010759172883360792,0.12295561992212743,0.09656662896884693,0.054309699584081446,0.13452561739841523,0.05277896141261355,0.048136049581564005,0.09658322024698572,0.09956464002685214,-0.022390420810257494,-0.020357025774432477,-0.046642446461432695,-0.056425100849439844,0.003886573715048852
7Networks_RH_SomMot_27,0.4604295524937018,0.4580121487045235,0.44184844091441705,0.4217241894466708,0.39208467099944605,0.16584943366226415,0.4048158631358419,0.41284645481662735,0.39880646411563925,0.31973822558144915,0.3830202942530486,0.430789596818483,0.3825932317434461,0.3092534727533872,0.2778417689634139,0.42362724244268735,0.3705793487905963,0.4512793191781877,0.5074444025235743,0.5808212942824669,0.3620292630503831,0.6131148320523631,0.46398885874517376,0.3785238349874963,0.4813278435224331,0.5250724361387519,0.4064812144594904,0.5366335951226695,0.6586039622011995,0.5563542080383493,0.28288955941681243,0.19108362861339076,0.40713272264570627,0.4464644802651705,0.1011961350485907,0.2538065304683406,0.16711362574778504,0.4550906209512021,0.5775775554490544,0.4107311252417576,0.6382083781798297,0.20511512730507422,0.7565766521304518,0.3749922383214979,0.4634424733675847,0.2743953397859631,0.6997512289210795,0.3761499848481277,1.0,0.7668812783440118,0.6158191231596702,0.32108131204099827,0.3668538931821553,0.451416987593874,0.3573811640074477,0.6410683060578528,0.6564305077271892,0.39099029133743535,0.7019878220140913,0.554975005451709,0.2549252899940649,0.47360765634354557,0.07477575134250944,0.02713765508999461,0.022735026030586424,0.09837372572881917,0.07034719110981787,0.07055628524181813,0.06615174884515104,0.04400018269191982,-0.004420595361769964,0.03328239664994009,0.04287766198840052,0.05555450333872777,0.06130187662923308,0.12116891478222938,0.07558114831136156,0.16643982087757497,-0.0009006028788765342,0.027062403266818778,0.026281062921090136,0.007228693483221193,0.060001056588033896,0.07724198375433651,0.07580505999720452,0.07111339114142193,-0.019202600973973888,-0.050542697390534755,-0.023701205556534894,-0.007340894211886616,-0.05225824351422569,-0.045299449515461505,0.05762983144150888,-0.04807670782979085,-0.0790865021982569,0.013229362621657855,-0.06348087623639401,0.07124526439782204,0.09767861506984336,0.07592764747477132,0.03651341358638831,0.018586558662325354,0.15012298616052766,0.1447618929673418,0.1039269273081085,0.04199008730310381,0.049522207667937024,0.03855291269310078,0.04960403750212603,0.05282232158238528
7Networks_RH_SomMot_28,0.3331426732630487,0.3555526558068075,0.36964954586965704,0.31497327362312083,0.335932715910347,0.09810555786777637,0.3223514039191674,0.32389261103494993,0.3304122632957964,0.3508906303993642,0.2746429903765879,0.4558445428780994,0.3261415984983739,0.21986729594849577,0.30753788705746243,0.3578901515049962,0.2603278932616476,0.44347623419406107,0.37183629066848595,0.6505431193516747,0.3271731832975528,0.6244356162817318,0.4343288393306142,0.33177127794423494,0.4457773505548914,0.45267144639725293,0.4157477334454114,0.44299019365017933,0.6699977069572969,0.5037400345159555,0.21426792779457735,0.20567626538228714,0.3110279192250011,0.43951160114692217,0.05043197500364441,0.1944255830785911,0.15126625493491705,0.40713106745782507,0.47007032904432866,0.33585228590525634,0.5349721644552446,0.18561519750286476,0.6776779618584382,0.281602260636935,0.4205925924934442,0.15843776043297803,0.6040324391771807,0.2693556199429015,0.7668812783440118,1.0,0.583587003690727,0.23792614356940914,0.27069506861448833,0.41470760413851926,0.3160359929238216,0.5901272662737167,0.6529275132045502,0.3590808588339427,0.765203870990203,0.5638952139777637,0.3545644238165413,0.35469901869346593,0.01048115347460226,-0.013795581116051985,-0.012047749336656156,0.026335355091405888,0.018792962063467436,0.03300448472352144,-0.003398525480205576,0.0004534519842427763,-0.023412564357048846,-0.027210862106450136,-0.014761250240153333,0.021778319554254622,0.006179736573257036,0.06483798519182671,0.03371557238753655,0.09037523651414868,0.008573074084749756,0.008032648291019368,7.489531526968501e-05,-0.023009560047620607,0.010881179293453289,0.0019262489817270401,0.04305364886503341,0.03623191566855722,-0.009099637837527961,-0.03938446750171312,0.0036305538729450677,0.017805369746221628,-0.04686075729934929,-0.03840931728876547,0.07258929714193477,-0.023221718380485652,-0.10489637585596663,0.02522996195697117,-0.03743451839283067,0.05041452571047636,0.07750132888804655,0.06509409107558183,0.009086617798586941,-0.0034508258443288644,0.13535151067557494,0.15659165718162446,0.12422260987862314,0.034268488622046185,0.05316018502587331,0.023380867014371146,0.05422957053321088,0.034052303037834866
7Networks_RH_SomMot_29,0.4553618904703335,0.36330095064783374,0.3664281058371342,0.23435821775182886,0.4128387496796473,0.144319420314043,0.4231605053766315,0.47620636671369304,0.42216506271832305,0.3586143251939132,0.39489478098888603,0.5474543955442183,0.4179877214611983,0.2883808994920732,0.3186729520187219,0.4948405381127783,0.48468041330635964,0.49914225676396007,0.5286469943733233,0.4367754115924141,0.4258920838787017,0.6125001463310916,0.5443738638401106,0.3817969988623207,0.4036344333494856,0.5001328675801504,0.3487831581978768,0.45178252446805706,0.6207897522977415,0.551393543172606,0.35502764760662997,0.24316886989180408,0.36142851951091515,0.4922645273980531,0.22086634918594314,0.24188098890603607,0.17908189274392666,0.5302342366324164,0.5358431706274356,0.4829398402388375,0.43995318214888274,0.19945752341041756,0.6229436472295873,0.46776308021806395,0.2801848873398709,0.2899631435390633,0.6307414073098268,0.5022789890527718,0.6158191231596702,0.583587003690727,1.0,0.4043834020269464,0.5003079470339552,0.4901368597873333,0.4337530563278825,0.6881600935131048,0.5485242822140987,0.4668041906396546,0.48905308647368495,0.5432590917543493,0.3586153883806233,0.3971303023606041,0.0873847675290489,0.020693130144644155,0.043020305677143524,0.04302779408069242,0.025794807291723128,0.04428746463016537,0.043200250943493015,0.05587615583643687,-0.03503529251636185,-0.0250810735803807,-0.00630317561153115,-0.03243490550112873,-0.022269849469066124,0.03161502980743291,0.0004861748986687958,0.09180478379800618,0.030345674659149176,0.05729444573006392,0.07344411986158991,0.017094685474225713,0.045219886636399954,0.05421795507147619,0.04349062374682702,0.06887016815396446,0.05904613778810609,0.04356968583560242,0.06214350407825742,-0.03871280778607213,-0.014717547742266987,-0.05669352246996751,0.0072046966858605585,-0.005498791738087154,-0.05208657328666659,0.004891393676889776,-0.05222705711145427,0.03611303365215478,0.028667884959283442,0.008465744892644374,0.024290461938147056,-0.038606150056199995,0.10845973248310187,0.10274284755262802,0.10978210454194738,-0.05071793695709104,-0.06819845393419001,-0.08235306564549986,-0.0021647334018523048,-0.04508172603762933
7Networks_RH_SomMot_30,0.2841044929224458,0.17595947862794145,0.17394480325236134,0.17477128274465817,0.26935023136099184,0.23952454809265997,0.2825164006353521,0.33305291964140105,0.37022323695194237,0.26253412979623114,0.4580057625793818,0.3452497991995895,0.2842159506342823,0.1666776150398212,0.2875788629092079,0.42312434306776897,0.651660058610802,0.5692757507130761,0.36209860222390455,0.14390894915987365,0.2695191845488974,0.3296920941257807,0.4598410018690474,0.33637762886680184,0.21667321037464476,0.517195177906154,0.37779503353485794,0.2942664285701463,0.28187206513251467,0.461368720893971,0.37601048725955843,0.2052927345720342,0.32288043561098617,0.3022068375264922,0.15628065904819816,0.2883866334091154,0.15424271129218156,0.3588416185185733,0.30132585776100607,0.36481725128267856,0.15304295302252505,0.1571285663519874,0.3223482856630332,0.3342254705283948,0.07203482933017734,0.45653997810738023,0.36097764540667965,0.29978612199388294,0.32108131204099827,0.23792614356940914,0.4043834020269464,1.0,0.44967604115472676,0.44615967784174476,0.32832775678684883,0.447369015415477,0.3566086418537896,0.4401173780221498,0.16677951823674866,0.47787946795513797,0.31405096855464465,0.19625392809125677,0.0017107111008291594,-0.05669651306895957,-0.08033433198347745,0.033143986111545336,-0.003261955690727821,0.010219099392634472,-1.562702091194929e-05,-0.0425221968719612,0.06342806068016152,0.055715716244753986,0.056227297153951236,-0.0039425071285907,0.03383718227424222,0.0535724049456597,0.07219118838296497,0.11282292003847413,0.041160335390175704,0.04034051198366786,0.03599872990765695,0.07040546866462287,0.060882072682359706,0.08242819667583888,0.05630637922393076,0.07316801431138145,0.060344100933108255,-0.004991739859752635,-0.010232816052763513,-0.02788181295241517,-0.04499116975457923,-0.05477030950469006,-0.018919859837275774,-0.04733268188158609,-0.008519359738373547,0.025493067677627414,-0.017236013495568907,0.005275859846763514,0.030398385644151545,0.022085590532167392,0.01734021093703588,0.010510304699750273,0.20933654164721507,0.10083727265015016,0.11053806756652944,-0.005197109475261721,-0.017203861258641436,0.027369942777432214,0.07089684131742313,0.02406455348248524
7Networks_RH_SomMot_31,0.3429184961218229,0.2135545480692162,0.2523755917214019,0.1839783209976932,0.28928833033469764,0.2316810549568472,0.2623531402225148,0.43362239459900587,0.35892113454322644,0.22726676509909452,0.3697921397882842,0.3519714397695947,0.46402673573163683,0.28162473805478005,0.32844940833222197,0.3446147676290464,0.4848813344882593,0.4366677474908353,0.6090342663188603,0.18855838590671486,0.4047944940080344,0.40656953186888317,0.5849398549601635,0.3840162569224998,0.3906854863694502,0.5137867236064324,0.38844307136683476,0.502564597233564,0.44383305850671034,0.5592477607838883,0.3968171652624696,0.1766969460685477,0.27125573218760074,0.35016803420279546,0.2277716397125419,0.25269821228057604,0.21133462012981014,0.42555221106273655,0.3600152350223409,0.4277253908910924,0.14075239820454985,0.22376229824449947,0.3398370856605991,0.5181987629599912,0.057993752043637076,0.3159974455698346,0.3624086573150786,0.6297767606224544,0.3668538931821553,0.27069506861448833,0.5003079470339552,0.44967604115472676,1.0,0.45487865743411915,0.5506626691983415,0.5687180603002624,0.32767220783425577,0.5476213858971849,0.21557629811093448,0.4540258443204087,0.33161526087792537,0.3901108173381255,0.05344863042710903,0.014111412318599557,0.0313235647318344,0.08173016313649412,0.039567925879407564,0.04296212503288775,0.05486999844437257,0.0372498904673705,0.007851309466840886,0.04171784708747764,0.02462832014330812,-0.023210463329528475,0.022136700741495832,0.03189811165812495,0.0189785832667856,0.07174638136071121,0.0326203018912641,0.04778475798634501,0.04348916998734901,0.07301751254040317,0.06574852881768026,0.06017522175208969,0.04710461105364338,0.055170789854508476,0.08472213226047086,-0.004083306347766674,0.022641688805635676,-0.057201017505942024,-0.07450491031930236,-0.0903490066481678,0.021532239372996254,-0.026621637821094526,0.020957363896393796,0.0650763791273477,0.03497499380474591,0.05244429515958565,0.07083929673281103,0.02633866629551556,0.11304295546077667,0.029474274413131888,0.12400919799064525,0.10329306885077198,0.1258842361100388,-0.023441380557968045,-0.038801065191114134,-0.035854994672221786,-0.0018928026982122093,-0.006431426104094415
7Networks_RH_SomMot_32,0.25671217911904254,0.23830402043392085,0.1665800883056091,0.16630394950638555,0.33468618458615923,0.17086862284334514,0.30842195417229884,0.35067165120286786,0.34356696743381265,0.23692129617675303,0.4087985400554363,0.3636981699943737,0.35033704816865247,0.20361391398054374,0.24119887159431602,0.3467712460433057,0.44679040871337444,0.4596064931636675,0.41273909905678124,0.2738489774563089,0.28034978324897014,0.3881481460247623,0.485562260135294,0.4067613768442384,0.47151364472185703,0.46688049599409165,0.32161343199371684,0.41362686713529634,0.4499283630310038,0.4451649553572577,0.2631433581418304,0.09951976597131984,0.16120554069579177,0.2896873962507803,0.06428760624780218,0.12679290370481291,0.14584946770024942,0.3706932107904152,0.2933719637625175,0.3808504714317825,0.2834167267718515,0.22432299403891848,0.40116845561098824,0.35487039736486314,0.19463077337122117,0.3434570400635479,0.41242666102921605,0.40364839137292585,0.451416987593874,0.41470760413851926,0.4901368597873333,0.44615967784174476,0.45487865743411915,1.0,0.49237865615136933,0.5773439439238214,0.5890746204451272,0.33573561840664295,0.4706810253786252,0.5684063546768033,0.2851891288583416,0.6721816261833511,0.11277155418899872,0.057731600647541216,0.0546474963090331,0.09263428596420512,0.06597871695763065,0.05894990556712814,0.07805458094324577,0.06775801885238253,0.06238156231769412,0.06606900389041005,0.06511942722094363,0.04158476321847116,0.03758424113853779,0.04005591678849077,0.060532860669129884,0.11777348748283958,0.03404380175517172,0.025775290653322794,0.05123575013440972,0.028791470817925355,0.017310267174761782,0.04395707810570506,0.06728139979366897,0.06292115591881542,0.014186742224408121,-0.08505795242274418,-0.0030599201456557733,-0.1477367888419951,-0.15563974705626174,-0.10966589216407217,-0.03941680970556727,-0.06179497602879321,-0.01995535159557218,0.03298482789192502,0.03343347859571253,-0.005570031670075464,0.0264932672952326,0.014595581960963968,0.06488293892370316,-0.023332321668710205,0.15003063330158664,0.0686416582379817,0.07868531474259774,0.021359598480368645,0.010746125428982407,0.0036285676416055947,0.06973885866086782,0.005971607061655491
7Networks_RH_SomMot_33,0.2583281608815691,0.18570165010966957,0.26144629217229326,0.07184365982123127,0.26302075590311763,0.17983511999743518,0.32110089604079456,0.3990306180741289,0.31218555925062824,0.23460517983449417,0.41912605623330706,0.3616757850301088,0.39836624198279563,0.2518230864480858,0.2907762982782278,0.29769269309413915,0.3843975934827874,0.475309054927071,0.5071360656052567,0.3101857536742508,0.36859506792125035,0.43250394754295113,0.49880108117208205,0.49814002882068925,0.3210290486424228,0.38763426070604345,0.3518327466530599,0.5443682793024556,0.39459089910503214,0.44532038696663,0.225567995086755,0.14467153518510392,0.1733019641224895,0.2960174747527602,0.14543602189211385,0.1605305294395219,0.19878494420820564,0.38585770244935164,0.3889749084138008,0.37583850159726984,0.2800688721946472,0.1479338728826466,0.3268255978953371,0.37784856880758105,0.17669771215559882,0.3402992728606364,0.2771397405393809,0.4973207234284961,0.3573811640074477,0.3160359929238216,0.4337530563278825,0.32832775678684883,0.5506626691983415,0.49237865615136933,1.0,0.5965549137566063,0.2848339095240312,0.4357871079947879,0.22045586292499658,0.40083543127235954,0.30614964542875656,0.4402773919171024,0.0032036914164862824,-0.08251557801956179,-0.07820263394235123,0.002691102232962494,-0.05605430101838912,-0.024471315476303723,-0.032668854575886426,-0.08149452337318361,0.032615336020510095,0.10437760628527781,0.10325341220430487,0.005835805932777238,0.07321737858292204,0.08891251039020097,0.05306784047490776,0.11872060364997304,0.011378777156105,0.028632103655980283,0.03969778080284,-0.014406812625441882,0.017774478739134347,0.03305268116212809,0.004081831668693513,0.052759985433406556,0.13718439922782982,0.04570369247548847,0.10685175181849084,-0.1311159651384948,-0.1059149915594183,-0.13041452596264244,0.0022645947511482495,-0.025115410739425675,-0.017181393005371352,0.037204213675070825,0.07000962298470553,-0.07167934083940845,-0.01962229451020141,-0.046279685581001935,0.05165467051772745,-0.06930316732755532,0.08526947974470234,0.06409630343431587,0.06921392705361974,2.9670683479953463e-05,-0.011465690008467798,-0.010042719385069811,-0.021452223432032375,-0.02726916901649419
7Networks_RH_SomMot_34,0.47159195972209506,0.3741710909715143,0.3804215950769924,0.2477777335259421,0.42107061969710724,0.13886604170995667,0.4105142706792689,0.40103290238594147,0.4153599794007183,0.3381926686959087,0.42298950535307206,0.48279008794653006,0.40783493617097716,0.22333042988360388,0.2972752990906405,0.41868453357516067,0.49635284903432414,0.5416643077533216,0.5280519192954871,0.3898505464309608,0.411375884024767,0.5793224974462764,0.5589383190450139,0.44825552788359513,0.5531012989676155,0.625961655734949,0.4122833398245018,0.5747488780915435,0.6204099140481428,0.6258305287885281,0.37631884360286505,0.27758975969693594,0.40340003764957244,0.5111328944261637,0.28623153845204935,0.33594384611314526,0.23765496489336413,0.5662353168836083,0.5730613688359378,0.45812395149314766,0.39375608964514375,0.2447390601437686,0.6084300918123506,0.4691369559625591,0.23978320424038302,0.3093803409061438,0.6163023196039283,0.4818831325695336,0.6410683060578528,0.5901272662737167,0.6881600935131048,0.447369015415477,0.5687180603002624,0.5773439439238214,0.5965549137566063,1.0,0.6404680110321509,0.4978184725064465,0.5043281794821239,0.594676686733033,0.38511451111425987,0.4977667464841569,0.05897224708036776,-0.01108523630748404,-0.013385003393396282,0.0704276130788932,0.03499356115516073,0.0475234876277481,0.04425896949145587,0.010621047231381787,0.04203778098435587,0.06113467042582112,0.05618273943386499,0.028888189147289408,0.05146926705159436,0.11356716786465643,0.07830966793611449,0.17511031666160887,0.05168250125201301,0.05649717398302705,0.05826942949497705,0.009837044875865468,0.04576408930696158,0.04079450755685047,0.044793535321981354,0.060432279696352446,0.09428224523929413,0.023985478872359946,0.053679669422625295,-0.07491500014053065,-0.06487686989497785,-0.07719639427067963,0.040975113495522894,-0.011346695861001541,-0.05878575694996753,0.031872901388224455,-0.01333951472990144,-0.008874220014741876,0.03578443657766901,-0.01030517316676067,0.011845089745191724,-0.08053535694014748,0.1875803706076521,0.12922912767580205,0.1308943564064366,-0.03248734289414283,-0.03197957297605362,-0.051554055491477326,0.026534203309770372,-0.0016509726829606777
7Networks_RH_SomMot_35,0.36851326215375235,0.4252794482960979,0.2961672889363015,0.39766492691459177,0.4060065107783215,-0.0036383029462773897,0.31596195005639,0.21505354020163905,0.2965013381372249,0.27381412450535286,0.27930270966515397,0.39168665979071965,0.29681840162330253,0.13589373858538398,0.15464862320726772,0.3632860150117717,0.3320509873973513,0.4495472316418829,0.27378321665073174,0.45560058941666925,0.21249712493613093,0.44151927741476915,0.40641707940558514,0.22160019927670405,0.6003972337421328,0.6354674176374234,0.409393685983605,0.2960832545741795,0.6074084383519812,0.5593721775495099,0.29202758173457427,0.23888796076057472,0.36896716361241966,0.4469593512658337,0.17328832255246682,0.2526309846641997,0.13915711714956402,0.4242309767286146,0.4711668036091795,0.2816667587749702,0.37936031104492657,0.16871522655706644,0.6377182158658311,0.22236588400061916,0.32618233036604705,0.2394854815124233,0.6582648868350095,0.241669211241869,0.6564305077271892,0.6529275132045502,0.5485242822140987,0.3566086418537896,0.32767220783425577,0.5890746204451272,0.2848339095240312,0.6404680110321509,1.0,0.32058278768316484,0.7022689680979628,0.6534474522591803,0.3956677491109413,0.4325051271692115,0.056933355472217624,0.024095325715293128,0.027788899101444706,0.03211153612672105,0.04587637907312182,0.054917888568137035,0.027799564976119052,0.056561131707490615,-0.05215867566610039,-0.02765612431347411,-0.03441125257325906,0.00628857911409343,0.003804506597823552,0.04100869207916452,-0.008732345723761607,0.08255390986056456,0.013263794146677487,-0.0182898950155205,-0.007392141527639406,-0.016692107691824994,-0.02007775577396768,-0.004026968494437277,0.046543260235609646,0.02498870271329813,0.03985208363288925,-0.052004066128995094,0.002594455229764239,-0.02542540280957157,-0.08710617729521059,-0.050746361864661596,0.04585981674436467,-0.03173004160514503,-0.06241738617027359,0.02240381092037544,-0.009571625543260295,0.01891234425187411,0.04508288007501553,0.013814199615353347,-0.006035837555218065,-0.057421075562348094,0.13203746367439106,0.10107937417800185,0.10328215678465717,-0.06599774307699631,-0.02130727870897312,-0.0484166496538898,0.007740425755574007,-0.006715874420300472
7Networks_RH_SomMot_36,0.24826850817887194,0.1687958957983497,0.24634219013685602,0.10460848300160706,0.2014531042823499,0.18841912393555968,0.26688708211209333,0.3650453118226004,0.3699349490554391,0.23779233193896337,0.3510778773048492,0.42540632215994173,0.3814820349024848,0.3724391493588309,0.3183244129983918,0.38852044411735964,0.4747526673810159,0.556590947918105,0.46975735986680667,0.3365358055882195,0.3632664208806419,0.5476459103908853,0.5507551433059787,0.4683447657399385,0.350441989579627,0.481812153745815,0.5432154887859726,0.3595297323827227,0.5062760841894953,0.5819803324367973,0.3285656909728484,0.16598474889807122,0.2967912507677131,0.35014094299932086,0.13671928073728917,0.26289496137814233,0.12055122940528978,0.3779139105488289,0.3497832415932488,0.3434406566371782,0.20501922818880003,0.1852364911612548,0.3205551487686986,0.3719799088160648,0.08695131179737052,0.2269569748522971,0.3748679741430958,0.47945274761030277,0.39099029133743535,0.3590808588339427,0.4668041906396546,0.4401173780221498,0.5476213858971849,0.33573561840664295,0.4357871079947879,0.4978184725064465,0.32058278768316484,1.0,0.2017797035289325,0.4912545175255741,0.46702472567966397,0.1004349258532482,-0.06156176492271777,-0.10043391996415747,-0.10036517503602935,-0.009940260440738287,-0.04352395356080282,-0.05258869270134923,-0.0690708502068196,-0.09826190627509788,-0.015690238678763093,-0.004849277945379027,-0.008670665197745196,-0.02386960079095044,-0.03140794101728152,-0.003422360870099655,-0.02547775069659436,0.038234170076608565,-0.03164757549026112,-0.045928209690383755,-0.05042626691695621,-0.027547803116948204,-0.03438232610205077,-0.02160724566402935,-0.050487797241248,-0.04690610000707123,0.18888309224819577,0.0795358136865808,0.11719352875186433,-0.05354665557512458,-0.06504481978121905,-0.0990969528635925,0.03753272473028387,-0.04507818735375919,-0.030631279414303332,0.02254956347747714,0.004132527944803329,0.023075474162950235,-0.000625167462626776,-0.011305755250517933,0.05648664972411523,-0.054690385116263146,0.16242851406537837,0.09520329077719109,0.12273388401327223,-0.05785665235220833,-0.04309867296648938,-0.05599331345356586,0.028903463103478425,0.010582814934914034
7Networks_RH_SomMot_37,0.2916106684624212,0.3667798910168928,0.30037905741009013,0.36573073720858346,0.32352967216454176,0.021003646181181283,0.2889400331883464,0.2998079761322301,0.25108743219034124,0.3022168768446285,0.22662963905135752,0.35421521887904256,0.30943035515050665,0.18126422387370755,0.22312621450535935,0.24527536473466424,0.1935836863267998,0.3018142822272534,0.3129797532325702,0.5773911205003989,0.2283825332560841,0.4980997804629992,0.35244154612303547,0.18451182839490488,0.47708476064906397,0.4582677789728385,0.33075390377615954,0.354615828401549,0.5732661724038333,0.4159042595718724,0.18020235151947794,0.11991821863063744,0.21781023700970847,0.32190377757679295,-0.01271738406387463,0.06252496864372607,0.08106738071593071,0.3034620346704908,0.35476048486075373,0.25468820814801757,0.4549263183353198,0.18315693397399024,0.6376616484276562,0.2379933657331649,0.376011794164239,0.2056882110458491,0.5979763520570812,0.1819490121155548,0.7019878220140913,0.765203870990203,0.48905308647368495,0.16677951823674866,0.21557629811093448,0.4706810253786252,0.22045586292499658,0.5043281794821239,0.7022689680979628,0.2017797035289325,1.0,0.5315562409746952,0.244290663797487,0.4812361532898037,0.06018848419636429,0.025675137495152333,0.027183938009692706,0.04050002512281891,0.04148969462970373,0.047839084840707695,0.03799638437034411,0.057501623319656255,-0.01827967437585648,-0.005461441352792762,-0.006906248923384353,0.021975558487184993,0.019213223663129945,0.07085359677921402,0.024339713901657876,0.08544146335754677,0.06957402983229412,0.07281605720287804,0.06770207273568121,0.051908048174341935,0.07672943217314569,0.07052731576832211,0.13394400886585472,0.11528034409855743,-0.03537740791458826,-0.06654155587333507,-0.016244810779061092,0.041315615463993316,-0.034564807269136695,-0.0002615557182233573,0.07794931882234844,0.005645519673622656,-0.10153611284454457,-0.005063904225243433,-0.05477060211227582,0.04501415209826232,0.0641170367855951,0.02894254283235459,-0.03786616019142215,-0.042907739684752345,0.08582704575459216,0.12819649325816726,0.10045841659029595,0.0358383479270788,0.08358914432079802,0.03825778559776802,0.0586072642764334,0.037176157219962896
7Networks_RH_SomMot_38,0.35862441462346745,0.397371444912088,0.30714860511362246,0.3348553808604611,0.3941690157171185,0.13153329001760514,0.35741590506127896,0.3771652677755738,0.3405472529456248,0.35819414344601086,0.3877242754284714,0.5415788154554102,0.44737926471081013,0.20894843498513602,0.29178016332159734,0.4322084029940339,0.5112106812665286,0.5673699432281978,0.42690255630132806,0.4471937185046039,0.3365686835196086,0.4863205708653745,0.5759928314348576,0.3376714597914118,0.419981407191815,0.7417717407405535,0.644449169960856,0.34142194880340243,0.5643957272985505,0.7364510356781593,0.4118709752906602,0.21292369973656708,0.3220518719483176,0.4759092656925688,0.13866302867798136,0.20407042943197184,0.181940175778036,0.4638985839711836,0.39866030881116155,0.3568563758029842,0.29082197314147645,0.19006169169316472,0.5273656010084248,0.260143062240647,0.21633317559026632,0.2921767600514381,0.5691710626521914,0.32311312870587106,0.554975005451709,0.5638952139777637,0.5432590917543493,0.47787946795513797,0.4540258443204087,0.5684063546768033,0.40083543127235954,0.594676686733033,0.6534474522591803,0.4912545175255741,0.5315562409746952,1.0,0.590889120687224,0.34800078285803787,-0.003128774218588982,-0.0530917713374557,-0.045681773630199554,0.02265540753869193,-0.0005940893365360871,0.0007120775956517938,-0.009080443940677108,-0.021875479157783557,-0.012324002065484625,0.05822915997776237,0.062473812725586324,0.040659932037708915,0.06602908609386594,0.06089370790115192,0.03683661917889165,0.11889645810748876,-0.06496218550839236,-0.0598915921648979,-0.05539824548734727,-0.04329680698426266,-0.030705661861432833,-0.013417854625074348,-0.009164953251190454,-0.00046068270039418874,0.051127224802931706,-0.0006230247154647695,0.023556321082519798,0.0038416557677574026,-0.03028566006355586,-0.01359084429324572,0.02368834392276174,-0.041199161381751934,-0.08322826540788206,0.007570781949069894,-0.05145490221973036,0.029365743984367802,0.06166595004614628,0.05400465602473353,-0.03862136915596403,-0.03447585678211707,0.15878229578973496,0.061258514955704856,0.09705263771202984,-0.008177131906878908,-0.015576547386427603,0.019295287738737846,0.04986294703821944,0.0030708743763531205
7Networks_RH_SomMot_39,0.14526722007955475,0.1370920766944387,0.1978502538822696,0.07385242854313982,0.19001737356183881,0.09022773252993727,0.17380604811237713,0.2481819099142965,0.25445155825963467,0.1439465492506767,0.1795179277327427,0.4215777198268892,0.27626961661469085,0.21514226331189285,0.12156045425693852,0.28294479438977665,0.3467075748636699,0.4417866329936777,0.2377533056524574,0.3528034850357304,0.2685127552765548,0.35793110755618235,0.4144261091723963,0.2594429297351985,0.1595132858131905,0.48834780209208845,0.4809947369643924,0.06084614796409996,0.38308949137357,0.5959886191486043,0.25217917618656355,0.23391306811818802,0.19678794036314085,0.3257607149549214,0.11598992403458906,0.1628917671714043,0.22675725487476497,0.36746611426460307,0.29262071117790484,0.20485621376427368,0.19641601219881047,0.08154709104932681,0.302107416249377,0.10114639348993468,0.18536918759440144,0.11143319615283567,0.279942137824148,0.26890823710313466,0.2549252899940649,0.3545644238165413,0.3586153883806233,0.31405096855464465,0.33161526087792537,0.2851891288583416,0.30614964542875656,0.38511451111425987,0.3956677491109413,0.46702472567966397,0.244290663797487,0.590889120687224,1.0,0.01296721533316332,-0.11488781703302686,-0.1416159219226837,-0.14111165548572804,-0.09597183888082747,-0.10063669829346737,-0.10006433170128566,-0.1380894215634249,-0.13898470832342974,-0.03650625747795253,0.010096909988709863,0.013302336393344175,-0.014904153881786253,-0.0001717982854655007,-0.011427621063949726,-0.054556686242045065,-0.003922929840484784,-0.05794722228624393,-0.07807800455343852,-0.08148640988543893,-0.077069146196084,-0.07717910844364481,-0.07636355684150045,-0.06083026852831691,-0.07037882699012153,0.11456112126296684,0.04089591357320114,0.07217235404082485,-0.023115273848458316,-0.05408885945260492,-0.06830812438055849,-0.0022189781155647725,-0.0639800254581518,-0.037666901591010625,-0.007558189450398302,-0.03830275094115492,-0.04971193919716119,-0.02425195660624064,-0.019057336579200338,-0.11044426412614029,-0.06397051297396736,0.13594792795810604,0.04786886517609786,0.08996407588780626,-0.09712274853121379,-0.0987570400706088,-0.06312352168553452,0.024714058245087427,-0.017944173678474905
7Networks_RH_SomMot_40,0.24553613976346247,0.22536940413574416,0.20310124071601973,0.19593647310009088,0.27114824414199906,0.1770956086994221,0.27625671934466356,0.3358602185007044,0.22393690621593315,0.1514969110666696,0.27725522165346667,0.18776955116678265,0.3571613592436516,0.21282104367784577,0.1519120910371162,0.16142417245220272,0.24727354734141357,0.14010567686474568,0.42197062239572397,0.23402829630996044,0.22335951923054237,0.2727319437542536,0.35192927617429315,0.29458793196756344,0.4115289196436332,0.3120604328565142,0.15648491475824397,0.51938439154193,0.3482342887638323,0.2857187486505247,0.19804103106529938,-0.01116787856808778,0.06909978738175414,0.14293594567869133,0.04511596223147512,0.039052711643046335,0.06453074107554041,0.25196446666909605,0.27603077594486003,0.3364904160624243,0.3539178149824773,0.15699420812069226,0.4055628121878416,0.3325824595555661,0.2799876484728594,0.2657910061062216,0.3498937269146538,0.41887122069573746,0.47360765634354557,0.35469901869346593,0.3971303023606041,0.19625392809125677,0.3901108173381255,0.6721816261833511,0.4402773919171024,0.4977667464841569,0.4325051271692115,0.1004349258532482,0.4812361532898037,0.34800078285803787,0.01296721533316332,1.0,0.16264281252746182,0.10678764543862437,0.11657427356407823,0.12989502209595055,0.10107286665125785,0.10597875176987961,0.12056580081657194,0.1166265450028,0.09725610247314008,0.10733539176635498,0.06048406687033016,0.049156223837016746,0.08621609231450938,0.10224703411235828,0.10732253967789646,0.13378147717289327,0.1298011452313992,0.11755526949667346,0.12024860588711687,0.12588957048787838,0.11373450051146845,0.1265238822419223,0.14802206627893333,0.13527160708616537,0.04250780470290759,-0.01226664797386852,0.01224375767940862,-0.08201269795904878,-0.04857672717741192,-0.012551865730110271,0.04455789264727077,0.06098036754442388,-0.02589707421042708,0.03948040866266703,0.006669000396283326,0.11342532978887175,0.1010958987366454,0.06442872633974692,0.15089254719236622,0.06218194175806369,0.10621875613196069,0.09985436262879523,0.07842026847376041,0.06045418928733706,0.054073768402900645,0.03777737291944126,0.05029421641096705,0.04625963676654559
C3 GM left dorsal horn,0.04392306291276161,0.005928675729948544,0.09365194351870099,0.007548302224727765,0.04441313334482498,-0.023973862205738734,0.12733809385455477,0.1421534260958665,0.023329686095052884,-0.039789818176399455,0.05633280396155698,-0.053970730738313225,0.01311713904843474,0.09018736812626327,-0.04846747339582241,0.024713326924936396,0.0664185336276318,-0.012326680618767521,0.0343313441415464,0.07567578988534761,-0.007359308730037695,0.0654296438402783,-0.032052003906839176,0.03760535036542594,-0.002278381975497668,-0.01639541192948564,-0.05683931436049839,0.07798312676682832,0.008985690445869486,-0.032721734462149266,-0.02791797000957868,0.0048240586070068744,0.08006293906968243,-0.025708400251299765,0.019875124230517918,-0.0197590906985671,0.107350288193615,0.030835638649445808,0.10084063404062758,0.035911986194135236,0.12333748201556992,-0.006507364077585589,0.09644027118111531,0.09681606177401346,0.039123592950584825,-0.03987067540083503,0.052989165018565834,0.024171836463397933,0.07477575134250944,0.01048115347460226,0.0873847675290489,0.0017107111008291594,0.05344863042710903,0.11277155418899872,0.0032036914164862824,0.05897224708036776,0.056933355472217624,-0.06156176492271777,0.06018848419636429,-0.003128774218588982,-0.11488781703302686,0.16264281252746182,1.0,0.7374469895510591,0.7627890801537597,0.5087408498522364,0.5396642345702308,0.458544007659907,0.7333921102182391,0.6134829638165074,0.14657952134433708,0.1512480475003209,0.1850204669269442,0.11959738644100744,0.11730766320883601,0.16992747468215036,0.2248122953132673,0.30950066655699804,0.1621754641343062,0.2051608324697978,0.23247638814208976,0.20183544328632513,0.19849453221082122,0.2074137609115868,0.2276260665752158,0.21146978488470874,-0.005076318627899363,0.02456004324547185,0.031965254225252544,0.04507679089414602,0.08921992223285503,0.14314248883387373,0.08946091677725085,0.14316297308372475,0.05571204325855585,0.032545957387553705,0.03623954065591851,-0.04395883263066006,-0.010687175754179833,0.0026184268244216907,0.049978657065969045,-0.033906956777231746,0.054334694072397806,0.09281264939690659,0.03269788181935512,0.01987195319522715,0.07135290345742026,0.024425774482229417,0.007125331567133063,-0.005157365145373962
C3 GM left intermediate zone,-0.024772382945928692,-0.052570144920761126,0.07908047023629436,0.005771591918704828,-0.04024673175521676,-0.04544539961716037,0.015921956855601056,0.023140106757404213,-0.05298965632595094,-0.07901371372393473,-0.039048140095973516,-0.08331729451552249,0.01098024261097587,0.07461651607646602,-0.07580482944524194,0.011845078467874944,-0.02866100285442875,-0.08239226115360668,0.00255216417743508,0.00010065009119673478,-0.030405521246596796,0.03034888637995096,-0.04591654217125175,-0.06531827830909878,-0.008316402047603281,-0.05050264514192756,-0.0354761742771867,0.01880468413326594,-0.01736498222161143,-0.06318450542750918,-0.08492956857174226,-0.022629302502382157,0.01629421458042245,-0.12743305417958806,0.004610797391290964,-0.1055341112442177,0.03085047944235305,-0.04757771056955704,0.015813535976330378,-0.04486627051960668,0.05447235866455145,0.003021924424686823,0.014648606203361607,0.035720218861095165,-0.008236890987835926,-0.05912343390475314,-0.0007891265939551147,-0.012822314437655576,0.02713765508999461,-0.013795581116051985,0.020693130144644155,-0.05669651306895957,0.014111412318599557,0.057731600647541216,-0.08251557801956179,-0.01108523630748404,0.024095325715293128,-0.10043391996415747,0.025675137495152333,-0.0530917713374557,-0.1416159219226837,0.10678764543862437,0.7374469895510591,1.0,0.8614185692666138,0.587462127250131,0.7752392079507301,0.664479986204174,0.7809819429011464,0.7908492957920049,0.17584620707094312,0.15111122136622868,0.1542543000047974,0.15037290691165886,0.11417256097114561,0.15340805896251675,0.2076233116885544,0.28540895972728314,0.1364216337095215,0.17302925850475845,0.19040294129153576,0.1928128266616398,0.18411952827771685,0.20945114111831528,0.20765525988547126,0.19058715064132078,0.026250406584024888,0.052876576919047034,0.059151384222049,0.09154712105700583,0.10788155934561161,0.15030822035144945,0.1716422785804205,0.15048904210485572,0.037578688286391965,0.07835933979164236,0.07032739007786595,-0.00707758320037133,0.035419690844501105,0.018505193721019317,0.03810559153720141,-0.034195654104890706,0.012596167493357806,0.06604654955308427,-0.005681939249046437,0.06643031839129075,0.1095464189070628,0.08410195616005606,0.054900078857019544,0.033082725976340974
C3 GM left ventral horn,0.007670316550440257,-0.02305862109258206,0.0735107895960369,-0.0028926820130660514,-0.009217744916675806,-0.02793256364284726,0.036128922195089015,0.02671283286348495,-0.04209403374498498,-0.07549556912088783,-0.0416517917017654,-0.11220340774476831,0.008064441097865615,0.07904707291035855,-0.08131938743758164,-0.007964342643861345,-0.025432703900504013,-0.08763306639861586,-0.01780983914258309,0.017656302991701532,-0.04321830499060351,0.015909782021181523,-0.07506227728487476,-0.05875739235391533,0.007886839644227362,-0.06482767056157732,-0.08070947258121088,0.015626475138630393,-0.03515408435560006,-0.07841678760383819,-0.06706720688374736,-0.01397047712231538,0.03248723998418553,-0.0847910466523342,-0.007115782447609639,-0.04886506385905471,0.036190460443342023,-0.04058380454395053,0.03881578884267595,-0.0178622241107526,0.05420203878394947,0.028245498815879844,0.010676697561943206,0.056519004369848934,-0.018115475418213817,-0.06634645202679933,-0.01816096989081519,-0.0025736880282792294,0.022735026030586424,-0.012047749336656156,0.043020305677143524,-0.08033433198347745,0.0313235647318344,0.0546474963090331,-0.07820263394235123,-0.013385003393396282,0.027788899101444706,-0.10036517503602935,0.027183938009692706,-0.045681773630199554,-0.14111165548572804,0.11657427356407823,0.7627890801537597,0.8614185692666138,1.0,0.5348545630849237,0.6744701773711037,0.5954377244014832,0.76802043330744,0.792057991584729,0.14141563397084483,0.14754187963466084,0.17450816996083157,0.10739058417537752,0.09475565090230018,0.12518666375267334,0.18818987755558406,0.2762460936825594,0.13670043119672343,0.18318942633461163,0.20912568792892686,0.19645101156575637,0.19020698681515183,0.2217636148598893,0.20602160411235027,0.2017871773071742,0.016695261299499765,0.059925953834030765,0.05964583349658269,0.07320934702152214,0.11502837338091178,0.15436492933198723,0.1509373086490884,0.15721111057939022,0.026681920347984556,0.0719338605494264,0.06833701482060406,0.024725948794077933,0.05946181209638217,0.05125645015816219,0.060273625196994945,0.004364398160549172,0.009167614402484845,0.06749725276324262,-0.00182951154316267,0.0499505464464287,0.10354552933217887,0.08454538385286571,0.0339069704077197,0.02147691181261824
C3 GM right dorsal horn,0.06487269237575717,-0.06898322810782906,0.053695485940878106,0.02431931347003206,0.04443070136134604,0.05419810608730813,0.08076229196086819,0.06492564043812765,0.07953934448692566,0.019491728439321603,0.055478289217174695,0.008357322198608746,0.07798020505637174,0.10395036638916193,-0.02916305108654018,0.07389244352647474,0.08324109125495874,-0.04021085335637743,0.084926425896165,0.020674153037066736,0.04134158265279893,0.08616699196685333,0.0571011807599982,-0.04310492944226558,0.005680760563960594,0.012200642750758786,-0.020673410373949826,0.09688030770336005,0.07443010540870394,0.07122944122889896,0.002545947049244182,-0.007975625430514824,-0.0015243855495154365,-0.06268576171381714,-0.010570065929242953,-0.06458897730820293,0.032819206701554055,0.0676292440378702,0.06621186977167028,0.07210600281022131,0.1281321131559777,0.018581576757000142,0.07926592551808488,0.11071358683925159,0.043863420021121084,-0.030465849385728574,0.03982867279891637,0.04969561946181754,0.09837372572881917,0.026335355091405888,0.04302779408069242,0.033143986111545336,0.08173016313649412,0.09263428596420512,0.002691102232962494,0.0704276130788932,0.03211153612672105,-0.009940260440738287,0.04050002512281891,0.02265540753869193,-0.09597183888082747,0.12989502209595055,0.5087408498522364,0.587462127250131,0.5348545630849237,1.0,0.7883351943135554,0.7641918936956187,0.72281644306372,0.6559787906786256,0.239333545247907,0.2570311477678343,0.227225297519947,0.23078622158142,0.21562074514069413,0.22510333949146866,0.28247390827358265,0.3346975811760002,0.2012189585010222,0.21884358402076395,0.23574738717364138,0.2103708366398873,0.20717711002105668,0.23598158571176903,0.2609213298697952,0.20750721479399792,-0.029650983475680723,-0.00010368654723265719,-0.019665335586104244,0.02806558901114762,0.0636155891045322,0.10004516497759557,0.09248921790909506,0.06732507439154127,0.05556044593456977,0.09882223864637986,0.03146712399448528,-0.060136318491094944,0.015283556350694762,-0.025494702643380402,0.03472860544021377,-0.06404480679497604,-0.022259822822401326,0.03374996472025995,-0.03253446668194737,0.02241099731887359,0.0693893217122298,0.0046763833166838025,-0.007798247898727493,-0.02675162975573528
C3 GM right intermediate zone,0.02671558733639404,-0.04734062713584938,0.09437294464017637,0.0540052588069623,0.007292673754769354,0.012439463015439325,0.0106581107174485,0.00032090572973759665,0.016187049260257526,-0.018762957915114835,-0.004553761487610725,-0.01841367287881501,0.04223548859515248,0.053891202463268895,-0.05013394180730704,0.06310760970949042,0.038314302675910454,-0.05014407146369117,0.047886318451016985,0.007873418390632337,0.01861717007831828,0.05834616038387706,0.027777585967233922,-0.07563790014769983,0.003797329738566833,-0.005816460800036701,0.022708124208886463,0.06247845330919546,0.03995741651590982,0.0157987919257302,-0.0678955305323217,-0.020734699333235004,0.009973593973646357,-0.09666864158227886,-0.010980939527151505,-0.0925568082491877,0.024615148922628453,0.022513211657357785,0.03216608796416367,-0.0017434839112244263,0.09325064619265012,0.013883205314451077,0.04909055315766827,0.07383470508134621,0.024524583232244178,-0.03342294984796233,0.03304474907092772,-0.0036864854554827485,0.07034719110981787,0.018792962063467436,0.025794807291723128,-0.003261955690727821,0.039567925879407564,0.06597871695763065,-0.05605430101838912,0.03499356115516073,0.04587637907312182,-0.04352395356080282,0.04148969462970373,-0.0005940893365360871,-0.10063669829346737,0.10107286665125785,0.5396642345702308,0.7752392079507301,0.6744701773711037,0.7883351943135554,1.0,0.8620464586176843,0.7602426628839098,0.7872099057275752,0.2283285980986118,0.2040356238764737,0.16057880710738598,0.24711944571172806,0.17959823483674997,0.20446097080616976,0.2517968932967689,0.298741395861097,0.15192543159634744,0.16279360539794113,0.1778359272447423,0.171547568842652,0.16060273355649432,0.18861741663753986,0.20799988104153577,0.16018883948999751,0.024888455535276813,0.039022199293172036,0.028097518914049106,0.05487922013836833,0.07575208273504078,0.11096916590651969,0.14811049856492797,0.10156347462135423,0.04744711298048724,0.10818974696838628,0.054300705112187014,-0.03680887399292849,0.020747025774237364,-0.018176174408734674,0.02997868297943904,-0.06261142296095976,-0.005741870942736711,0.03517340778839167,-0.023151770386421345,0.0835659640308488,0.116658185328466,0.08096014573124796,0.05952081001616475,0.03075212602216921
C3 GM right ventral horn,0.05449361177754171,-0.04127138537895319,0.06809094198928418,0.05531170306437782,0.03521782573649586,0.031977953752379884,0.012583462376696466,-0.02646388426917997,0.024051828583877985,0.00391488544206965,-0.0015965028501882454,-0.006530661491145909,0.04502418080664352,0.006798140717102454,-0.026706852610304716,0.06831545709224056,0.05563397276460529,-0.03022869872765961,0.06427718440508538,0.0046213638091607495,0.02383436751836667,0.05251393955422716,0.03834284991932468,-0.06567229132871173,0.00914083192671332,-0.0030877429405292947,0.018185009534798492,0.08923439404515732,0.03494353803537721,0.01919006369318465,-0.06725161141864644,-0.024207043676142057,0.009942335743449838,-0.08661022517173705,-0.03165757494779833,-0.06909765375150799,0.01125896270712238,0.030188037373475186,0.033407932682599506,0.01907677437783333,0.0688087380509164,0.0148277386413196,0.040311364435994236,0.09953236869455817,0.036847946658134074,-0.02647094938287468,0.03557195855736744,-0.0005770977590301319,0.07055628524181813,0.03300448472352144,0.04428746463016537,0.010219099392634472,0.04296212503288775,0.05894990556712814,-0.024471315476303723,0.0475234876277481,0.054917888568137035,-0.05258869270134923,0.047839084840707695,0.0007120775956517938,-0.10006433170128566,0.10597875176987961,0.458544007659907,0.664479986204174,0.5954377244014832,0.7641918936956187,0.8620464586176843,1.0,0.7133448951285614,0.775139587965887,0.18524735249034877,0.16563708956433348,0.13088475742152345,0.2205246239233573,0.14792991212061657,0.17857098168112273,0.2165476537579579,0.25619582451063927,0.15256955059452398,0.16108036531946263,0.1867563956381624,0.1313114609980722,0.13110382105086885,0.14741770824220077,0.18451667415348577,0.14433751900426345,0.021668966368321118,0.017580876692177824,0.01579538164115383,0.0041165216498947055,0.028442071614500887,0.06000471448889161,0.10110227185202021,0.05904277542804346,0.0439509417761769,0.1068955823159483,0.04843024511705399,-0.036004755298140616,0.0046159961866448045,-0.04975706405392328,0.022949239923973762,-0.05180916829514722,-0.014364904178433405,0.013895050390649557,-0.015430538617657719,0.07245091567541222,0.0854132483967363,0.06270383265974551,0.03897885839359289,0.01709564749140767
C3 WM ascending,0.06955966074330618,0.014579263305696488,0.1176160447141702,0.054669447964035334,0.047056927339759025,-0.020457040756385044,0.06601272480887561,0.04992209325841343,0.026620795698992488,-0.0037498991812351698,0.03375215490032349,-0.05034681768660031,0.047574902735936675,0.06805927042398512,-0.05203918996576331,0.06366993650619993,0.06441251474076605,-0.03738219219454831,0.05485644207181617,0.022776673784480544,0.0016357145222585163,0.05312790215640486,-0.0075017326706655445,-0.021514250277246877,0.00047548196117887915,-0.011007685214681236,-0.040434204976431666,0.0706846109601526,0.02451833854277643,-0.0006296163812202901,-0.03681958875431515,0.001173956378403757,0.06218737025722822,-0.04871490428850693,-0.003525842446961063,-0.05463866350127475,0.0506388843137121,0.024275781852152397,0.08582240768266275,0.03160129341020067,0.13204100608453584,0.04028042183353805,0.08880617276675738,0.1147256284071582,0.030047850832815557,-0.020647310648794284,0.0562604737630673,-0.009122242009939729,0.06615174884515104,-0.003398525480205576,0.043200250943493015,-1.562702091194929e-05,0.05486999844437257,0.07805458094324577,-0.032668854575886426,0.04425896949145587,0.027799564976119052,-0.0690708502068196,0.03799638437034411,-0.009080443940677108,-0.1380894215634249,0.12056580081657194,0.7333921102182391,0.7809819429011464,0.76802043330744,0.72281644306372,0.7602426628839098,0.7133448951285614,1.0,0.8039875920998117,0.19658852382843153,0.21724657990651547,0.23420683607508205,0.176267327023644,0.16913380452109825,0.21064927421434773,0.293279543548655,0.35735358406669754,0.18615914946837284,0.21667763600374268,0.2427205267491728,0.20407884556387815,0.2009105837973309,0.2122659238462424,0.2360547540524504,0.20297570597610057,0.024303727026761892,0.03853459380839646,0.034830481231993234,0.03933928292104869,0.08168302425225492,0.1260574613674006,0.11046228298057703,0.11249579608036218,0.0683619938167107,0.08265720329323112,0.05692440782792429,-0.044660227405717706,0.006147907632735192,-0.01157772485767253,0.04315420577898596,-0.045757188559269864,0.006093741591768307,0.02664577078081888,-0.030788715568654784,0.07334274903797355,0.10538761109039481,0.0777903523144247,0.023214998084248758,-0.009242666308573476
C3 WM descending,0.04112544473598282,-0.00489190350406276,0.08900143097935939,0.0359385531415439,0.013456551618432086,-0.017959899313579445,0.02604166827769174,0.0032830000459431307,-0.032402417709454054,-0.04426257965278879,-0.02285055175274089,-0.06587622677820644,0.016449729209644937,0.05072666456710716,-0.04982471377737732,0.03688083212863549,0.019156320321984,-0.05622795950087113,0.013692438462326298,0.0014375223224543112,-0.036215507215414756,0.03029965938551114,-0.010524201440546905,-0.10752118052483615,0.031217491675267425,-0.030776932800051678,-0.058431496854305105,0.011992053200612673,0.00560668227253861,-0.04362452915372534,-0.08211112928065704,-0.034973859154473624,0.018708219557259577,-0.08435345644902979,-0.06002558158332879,-0.07309557824933229,-0.012152219598256662,-0.01471815268746043,0.03034752724260265,-0.013673521573731029,0.07743181545129238,0.05340804257923423,0.04928607736735648,0.07881732438674194,0.019435968537658353,-0.00813137963725245,0.03542031296493123,-0.028604396124709896,0.04400018269191982,0.0004534519842427763,0.05587615583643687,-0.0425221968719612,0.0372498904673705,0.06775801885238253,-0.08149452337318361,0.010621047231381787,0.056561131707490615,-0.09826190627509788,0.057501623319656255,-0.021875479157783557,-0.13898470832342974,0.1166265450028,0.6134829638165074,0.7908492957920049,0.792057991584729,0.6559787906786256,0.7872099057275752,0.775139587965887,0.8039875920998117,1.0,0.15326331058654324,0.15339867058277745,0.14166792539773868,0.14006829646251087,0.11611876565346019,0.14340074828382982,0.20059146237214448,0.2699382478188373,0.1384466411337403,0.164802949592841,0.19651232598868953,0.17123638449148715,0.1580779788915994,0.18718245010982196,0.1951411706585349,0.16202414436271448,0.06375306446175506,0.08155205947065167,0.08569477258722623,0.08226349530712268,0.11648060742346653,0.1586669265117946,0.1755441716163616,0.14610588690878637,0.027891786228990443,0.0707688359490655,0.037454585183470696,0.007895327646107531,0.0338520985164332,0.012253955500456609,0.02036055289493424,-0.04327360972613218,-0.05334317739105573,-0.017993323859274754,-0.057833711387328714,0.058780377561866784,0.07623279651357587,0.06867329342126306,0.02687222854940124,-3.435679037602208e-05
C4 GM left dorsal horn,-0.00460701231156101,-0.09194565215180729,0.028473438033105914,-0.08142038574704144,-0.01376903611643387,0.08009456194062982,0.09087522668766469,0.04367944872790316,-0.013169953998389907,0.024183964924931595,0.034094695676963674,-0.015861437981121145,0.06757888888309052,0.041408229799987935,-0.030842868357512602,-0.0025451953413764454,0.09590727070551068,0.00034582724053849537,0.04032379665850087,-0.0009501466132074491,0.005931039275786959,0.011802462980497325,0.0162654670811056,0.02155388333857047,0.0260511048086883,-0.009435844146846721,0.035938311438746075,0.07748776188847023,0.015203810412317822,0.007670862891338146,0.029516952067165675,-0.02963645076493951,-0.045052324968759515,-0.0844552649411425,0.03053421288449047,0.0010154938192862386,0.11380912891139698,0.01846455620493665,-0.05428765897126401,0.07739207054562837,0.051555208980928184,-0.011271833549775036,0.025501083021929282,0.049805548767686295,0.05653993087286152,0.02092896088513346,0.02992658226849682,-0.023709186026166416,-0.004420595361769964,-0.023412564357048846,-0.03503529251636185,0.06342806068016152,0.007851309466840886,0.06238156231769412,0.032615336020510095,0.04203778098435587,-0.05215867566610039,-0.015690238678763093,-0.01827967437585648,-0.012324002065484625,-0.03650625747795253,0.09725610247314008,0.14657952134433708,0.17584620707094312,0.14141563397084483,0.239333545247907,0.2283285980986118,0.18524735249034877,0.19658852382843153,0.15326331058654324,1.0,0.7826215597809841,0.7050901223832394,0.35920157084024334,0.44398748470822225,0.3754686856709147,0.6222131206361814,0.540504404465938,0.24010317244676369,0.263250025312462,0.2387341592525588,0.17477273415740394,0.24862536459947318,0.2552080447240095,0.22580810919423497,0.2659904833131939,-0.04416998428172627,-0.006714621168618155,-0.05505480427600381,-0.09122793117669104,-0.015938093566060883,-0.03287270884386367,-0.022147811157237816,0.04028655093949581,-0.011898174663100936,-0.011392164439831166,-0.034708338403750295,-0.15968223786599414,-0.13238812121503235,-0.14338736635078447,-0.11613782628620473,-0.16654379719937626,0.07163991660311403,0.03142074113604882,0.007522754681636357,0.011248739336687021,-0.0318481199282855,-0.0410800518697864,-0.0015416579961876951,-0.0829288739759397
C4 GM left intermediate zone,0.014546603621969696,-0.03362680710175242,0.04658738417258992,-0.06465621928598893,0.01413461018083574,0.057973455208026416,0.12211538294617415,0.037276660875768246,0.011652109355659385,0.01326284493216538,0.04710960537477202,0.0013715777528220561,0.10506488144759876,0.08643173924058475,-0.027048399666905896,0.022627465854569644,0.09383840359412624,0.04049608833911194,0.04979716228469762,0.042482177928753535,0.008560314842272179,0.01867495223048569,0.02334196983217713,0.0012962331981174753,0.04433631347430301,0.02983878091847644,0.02636009722937552,0.04767794579342298,0.058233984079203896,0.04532193423055965,0.06688720039112107,0.044711963190662334,0.008307776204165115,-0.007901756829732431,0.08893529618775661,0.039592535428945065,0.13894049089358226,0.061052698700849346,0.014501089010294073,0.10511811412592106,0.06658479100309798,0.038364383518125426,0.037131705720423354,0.06139571686206678,0.06984618453151664,0.08693040384820351,0.07457482012672602,0.004109942524501089,0.03328239664994009,-0.027210862106450136,-0.0250810735803807,0.055715716244753986,0.04171784708747764,0.06606900389041005,0.10437760628527781,0.06113467042582112,-0.02765612431347411,-0.004849277945379027,-0.005461441352792762,0.05822915997776237,0.010096909988709863,0.10733539176635498,0.1512480475003209,0.15111122136622868,0.14754187963466084,0.2570311477678343,0.2040356238764737,0.16563708956433348,0.21724657990651547,0.15339867058277745,0.7826215597809841,1.0,0.8379546099692573,0.48564272307640155,0.7092290129436272,0.6168725136886535,0.7158510472247415,0.7378560839501371,0.22942335709776898,0.2738204773978866,0.25309925930008803,0.16761530776622963,0.263469368119413,0.26903936399226935,0.22735422080773254,0.28031331905108214,0.015441538165703362,0.06507447608860562,0.02325870773093412,-0.10444355826792297,0.006737985961822565,-0.004296610719615689,0.014421520394465604,0.08091473322682492,-0.01769989823902918,0.0029962484456236248,0.004247072806502007,-0.18747851012585307,-0.13637123535700196,-0.16062183690634316,-0.10975536844844389,-0.14687502574516506,0.08090884522089424,0.061179621283369276,0.0017724016471936917,0.04889875441226807,0.038132948722943615,-0.001324676920378418,0.017480818149607818,-0.062476989484481035
C4 GM left ventral horn,0.013408799109998672,0.007790647262672489,0.026352654154228782,-0.05363629006306774,0.06056274720071225,0.029812411569851566,0.1706209685780276,0.05608166056725348,0.034021355981652304,0.015877024611487014,0.03445466669758538,-0.014083747431989934,0.07891888375531296,0.07276970678667603,-0.04327351158796538,-0.014577129433149765,0.06175015375071316,0.07209844340418577,0.039701200954082354,0.05938343170887123,-0.019253483884172848,0.026535242043382774,-0.015710010714610624,0.02895443503113803,0.055118852305760094,0.012466875273654771,0.020714042315320706,0.029040638470625477,0.05309369090711545,0.014024849865358418,0.04050469352763541,0.08805977109066027,0.0293115114877791,0.0419766710733963,0.07741374985565895,0.09033549169004382,0.19645977557972988,0.089690402073388,0.04723529860802788,0.11807294204884934,0.06976548434478032,-0.005611002340342298,0.03455332637956251,0.0801164494473811,0.07568871474652598,0.07101945473951905,0.07329200579345325,-0.02180873507450354,0.04287766198840052,-0.014761250240153333,-0.00630317561153115,0.056227297153951236,0.02462832014330812,0.06511942722094363,0.10325341220430487,0.05618273943386499,-0.03441125257325906,-0.008670665197745196,-0.006906248923384353,0.062473812725586324,0.013302336393344175,0.06048406687033016,0.1850204669269442,0.1542543000047974,0.17450816996083157,0.227225297519947,0.16057880710738598,0.13088475742152345,0.23420683607508205,0.14166792539773868,0.7050901223832394,0.8379546099692573,1.0,0.35019823769061076,0.5397020376254509,0.4997869984887188,0.6576133902944089,0.7441627076522894,0.20832486871029524,0.27509055823085526,0.25991393102426186,0.16271698393118134,0.2672452954875581,0.2700538529772356,0.21174504050155643,0.2962809277107723,-0.021498266136509,0.03865743871594405,0.011020317156747294,-0.0849227479259432,0.012330748287265422,0.034274899322003706,-0.008544793095565136,0.08306464807658835,-0.03366316653654168,-0.04037005998835446,-0.02579294498257704,-0.17924561304390982,-0.15204970234500403,-0.16353353724767464,-0.12787370946430412,-0.18231625781035993,0.0703927399087261,0.04268356152610299,-0.014097243316196084,0.0670891913489404,0.044060442631290324,0.015812603490021688,0.013908411619499517,-0.08327894722642976
C4 GM right dorsal horn,0.046670867867987596,-0.028440813479716408,0.03370009257388049,0.02588729920567826,0.017373081448099178,0.08667975209297565,0.03840354173971794,-0.07151749713107315,0.029996970506426423,-0.036526319013251596,0.05459704998512389,-0.01628523224302484,0.022556055677128727,0.039835117931100214,-0.038200643999148166,0.08937526195392756,0.11077628019986534,-0.015968101413420657,0.029546619483527704,-0.009217639915140541,0.05172090992243585,-0.016749519642534315,0.017922482615718886,-0.007573735093467514,-0.018798021607001274,0.01063707045078109,0.060889446772799234,-0.0007611082771672275,0.044701734437456286,0.048230338105362695,0.020261184019324252,-0.021240307865783074,0.02604914560299895,-0.048823587257141164,0.05200222584902117,-0.02529896504708082,0.009459568046062995,0.004136886951894515,0.02818828589417372,0.07631413483639235,0.1019474026967549,-0.02596045120377484,0.020107198820614475,0.05035024774545887,0.013900852681610327,0.04470553430361749,0.04459307663255134,-0.051535139920986774,0.05555450333872777,0.021778319554254622,-0.03243490550112873,-0.0039425071285907,-0.023210463329528475,0.04158476321847116,0.005835805932777238,0.028888189147289408,0.00628857911409343,-0.02386960079095044,0.021975558487184993,0.040659932037708915,-0.014904153881786253,0.049156223837016746,0.11959738644100744,0.15037290691165886,0.10739058417537752,0.23078622158142,0.24711944571172806,0.2205246239233573,0.176267327023644,0.14006829646251087,0.35920157084024334,0.48564272307640155,0.35019823769061076,1.0,0.7553589629047168,0.6777376945108221,0.6908114250238522,0.5317552331029156,0.17161962115063176,0.16499599195783501,0.19524931925206288,0.15353312234197566,0.14761744260120835,0.1961848094490954,0.20822586847847754,0.16463796183307505,0.008734180593300958,0.005655514484120574,0.05594825444086652,-0.08638630844054293,-0.0593997347644063,0.0053866962985021916,0.028337731974513447,0.028310148905279116,0.06605453707440821,0.09334282555180709,0.10276558338813746,-0.06277885737116604,-0.01764846439390486,-0.03945390269269727,0.010525830407300348,0.011972167892802569,0.07934028204868905,0.04670937749828522,0.03529432193922733,0.03931636964583038,0.06705949039454227,0.06993117668041697,0.05994798746241538,0.051728249869035195
C4 GM right intermediate zone,0.0540731888389528,-0.00029706295019610383,0.0665476530331816,0.009897998689812698,-0.0004934851341004885,0.06347322133669037,0.06123874251738267,-0.007634811530395334,0.024319842628801182,-0.005415213720524889,0.05155944191185237,0.009412816600620785,0.0790776037957826,0.0678208622995001,-0.015766613786435745,0.06913154197804917,0.11355730995095217,0.024111665843936342,0.04300235498140881,0.030134136505574595,0.04964703390793055,-0.01190104916389209,0.038598408602752945,-0.0303479830193902,-0.009335196322514217,0.04011794181618732,0.028914371776407516,0.019219982746578858,0.06846652265240069,0.058886573680764574,0.07320132410002471,0.03687635211780268,0.0372873777887493,-0.014794472649965636,0.08278805506151239,-0.00886120224811625,0.012641581045305193,0.01884028786366768,0.0372714790495722,0.07885169837389264,0.10371138965552848,0.05747483714934791,0.04577865440584403,0.046666272127213894,0.05995718146831624,0.10036505216961938,0.09637201295742102,-0.008039371056011995,0.06130187662923308,0.006179736573257036,-0.022269849469066124,0.03383718227424222,0.022136700741495832,0.03758424113853779,0.07321737858292204,0.05146926705159436,0.003804506597823552,-0.03140794101728152,0.019213223663129945,0.06602908609386594,-0.0001717982854655007,0.08621609231450938,0.11730766320883601,0.11417256097114561,0.09475565090230018,0.21562074514069413,0.17959823483674997,0.14792991212061657,0.16913380452109825,0.11611876565346019,0.44398748470822225,0.7092290129436272,0.5397020376254509,0.7553589629047168,1.0,0.8463532925430124,0.7451889262133078,0.7157986294244044,0.21624000581196495,0.2289530570480606,0.22863506641326875,0.16789676676158083,0.21517201356431173,0.2393070739925178,0.2325717004023424,0.2281994759954285,0.05622031885573806,0.07429878169804868,0.08121078329929864,-0.08373161906620304,-0.008423828032636749,0.010983100770362356,0.0681880022991589,0.07011977285530421,0.02333134822273495,0.056757810844032745,0.06632606136884826,-0.12274081360049302,-0.06223624460829417,-0.08436703619017662,-0.03924245863936542,-0.04231563439228669,0.10638896152394983,0.10029359651472754,0.0433462882680861,0.05812095813263135,0.09795386360247885,0.06736136759346112,0.06719934272511546,0.03558099857600786
C4 GM right ventral horn,0.06582365087761632,0.008023684929350771,0.0949742982482812,0.0290248126573533,0.017814667318753235,0.06803873775838262,0.09981573813633549,0.03128444634198015,0.06886060367681346,0.014434077985242906,0.06396977478848603,0.016062223061805745,0.09329755316022847,0.07588687107670652,-0.004752188482183183,0.06631373662274466,0.11415617376493582,0.04936321315477993,0.06833342559855232,0.0696033168383691,0.07990239612503551,0.024687119025088418,0.03521211218268563,0.006705107036761707,-0.0002537846066184814,0.03759794587500525,0.021843031207893077,0.0511233903318629,0.10282342711615161,0.053579269324349504,0.041738962171730794,0.07819477598552775,0.059296676333868224,0.021161815196438363,0.08000406705670551,0.01502297373689594,0.023064748305598418,0.05359696303492678,0.09084834404252988,0.09929045013283155,0.15064267566444672,0.023744636540424576,0.09730719757916578,0.08830003852936513,0.09530054212754373,0.0930359257459485,0.1382851409820945,0.024050385239667266,0.12116891478222938,0.06483798519182671,0.03161502980743291,0.0535724049456597,0.03189811165812495,0.04005591678849077,0.08891251039020097,0.11356716786465643,0.04100869207916452,-0.003422360870099655,0.07085359677921402,0.06089370790115192,-0.011427621063949726,0.10224703411235828,0.16992747468215036,0.15340805896251675,0.12518666375267334,0.22510333949146866,0.20446097080616976,0.17857098168112273,0.21064927421434773,0.14340074828382982,0.3754686856709147,0.6168725136886535,0.4997869984887188,0.6777376945108221,0.8463532925430124,1.0,0.7162115882205252,0.7722698202711601,0.2503166292362716,0.26268316022918897,0.2646128264695961,0.18459839718839285,0.23477699680814787,0.2501217076314426,0.26270794883059245,0.2592657383563109,0.04673719427950487,0.07138559295768632,0.08407357814030005,-0.079190909984379,-0.0011958906053530886,0.029037532747820418,0.08847417829106483,0.07847631803457789,0.016602168953940996,0.03795147054210057,0.04846671444874527,-0.12156434876946488,-0.07500955104107607,-0.09307340425898879,-0.05582767415485239,-0.06336600732225951,0.126745825937597,0.1422052967771216,0.0730819903655507,0.10845269490163874,0.15890915721086155,0.12250560746105812,0.11616856366065587,0.07187056464800202
C4 WM ascending,0.09700002461731894,0.004175421262563549,0.09178355154069512,0.04750371629221566,0.07036426809283644,0.08131740767701934,0.1586203668888125,0.0549294376186712,0.04658698378624791,0.043347873798323756,0.05401889198943974,-0.009135373808960765,0.06758983660285157,0.05178920518343097,-0.05015327028288706,0.03689156505839465,0.10094731997052049,0.02523911082120027,0.07798769158669369,0.04064276269990985,0.025064088071183054,0.02046168864305608,0.050947672698758426,0.011882109833828387,0.03144980214424112,0.02307439602108504,0.04379116061840611,0.0759405622511339,0.07694475421066255,0.036797853642079506,0.05483653360849283,0.00701619444180805,0.08573309169778648,0.01734674313874075,0.06589122270019396,0.05086857380340312,0.050567728090348436,0.05813551354811853,0.08160626802099771,0.11127611824588325,0.13911609573330913,-0.0201121296600198,0.0771537488123011,0.08894928719725471,0.04567324239514504,0.0705633081800687,0.07833921447680521,-0.0619393171722468,0.07558114831136156,0.03371557238753655,0.0004861748986687958,0.07219118838296497,0.0189785832667856,0.060532860669129884,0.05306784047490776,0.07830966793611449,-0.008732345723761607,-0.02547775069659436,0.024339713901657876,0.03683661917889165,-0.054556686242045065,0.10732253967789646,0.2248122953132673,0.2076233116885544,0.18818987755558406,0.28247390827358265,0.2517968932967689,0.2165476537579579,0.293279543548655,0.20059146237214448,0.6222131206361814,0.7158510472247415,0.6576133902944089,0.6908114250238522,0.7451889262133078,0.7162115882205252,1.0,0.7445660072446004,0.2791342541203974,0.31202117902686566,0.3066826428437049,0.2466038394661151,0.30012238622171855,0.31742531624365483,0.3100027033013187,0.31194418578801636,0.017859143451287557,0.027979212743287258,0.05186182250551968,-0.09096861462912138,-0.020652788608701036,0.0358283795479218,0.04664750862125559,0.08240127239501382,0.03150524598535202,0.020784851703976984,0.04340361280524914,-0.11823952358183806,-0.08841208645837768,-0.08875371349473322,-0.016714579664740218,-0.07407753723820434,0.11122307061979145,0.07246690468274332,0.04058911515687048,0.040058166518771796,0.04253969127037625,0.04761636924368609,0.049434722933723,-0.0074921445783219
C4 WM descending,0.09565932735040346,0.06799318448479143,0.12435458200722906,0.031119888318004746,0.07826697495432751,0.012701870136240058,0.19267427379920252,0.09486574327765211,0.06351942482487047,0.0163699052417327,0.0947871405964694,0.025461268362775156,0.08866304589059897,0.06719280113873624,-0.004415243663874236,0.08806843955161263,0.1597458732422361,0.11348393923845265,0.09371555485585878,0.11532764382877364,0.04425501797292572,0.09418398459777924,0.052712279290520386,0.012989042978441645,0.07403491236073857,0.07184021432361486,0.03585652973091597,0.08394873292215364,0.14092326575579353,0.08063796773545623,0.06222993352338373,0.1285389055015425,0.11585411787424763,0.09488187938615429,0.12488108550344003,0.104698032609999,0.10947927018383226,0.12140545652085417,0.17019674322485268,0.12318714876723769,0.18234943468418163,0.03396599569448088,0.14613970538415824,0.10865603960603566,0.11182061092001719,0.10330557921064909,0.1793866125404481,0.038880337964524114,0.16643982087757497,0.09037523651414868,0.09180478379800618,0.11282292003847413,0.07174638136071121,0.11777348748283958,0.11872060364997304,0.17511031666160887,0.08255390986056456,0.038234170076608565,0.08544146335754677,0.11889645810748876,-0.003922929840484784,0.13378147717289327,0.30950066655699804,0.28540895972728314,0.2762460936825594,0.3346975811760002,0.298741395861097,0.25619582451063927,0.35735358406669754,0.2699382478188373,0.540504404465938,0.7378560839501371,0.7441627076522894,0.5317552331029156,0.7157986294244044,0.7722698202711601,0.7445660072446004,1.0,0.30429824697345503,0.35108125351847874,0.3537512358756658,0.23817341769911315,0.32234885583330136,0.3297146183039107,0.32104570157213735,0.3631691342306007,0.03109138731524912,0.06442372207526548,0.07328294586709935,-0.07140087182135073,0.022447335150791784,0.07920941579159088,0.09341078009974121,0.12031755008005322,-0.023033904692172213,0.0074928378071808105,-0.0029084644140290293,-0.1731337465066372,-0.11624157684315901,-0.1396892895101538,-0.09462527730040271,-0.14605255226445482,0.13816012726250332,0.13429344355521988,0.04177355868123763,0.0877896829539899,0.13474278510233967,0.07664139285040887,0.0637300658208091,-0.0037712866608699334
C5 GM left dorsal horn,-0.013321298598303883,-0.07889198284238101,-0.05311731254701129,-0.06877112185666581,-0.009828562921297287,-0.03390184568354976,-0.021649025163503408,-0.005749306253696584,-0.08340659818206783,-0.08779106273686409,0.008436476376637738,-0.09863627316507187,-0.07407693593930713,-0.09296466332452669,-0.09473485660600113,-0.05467103777819132,0.1245502114085819,-0.041805574847624816,-0.0158445894524865,-0.03222165802842967,-0.055312969548691346,-0.03758011827358421,-0.05359962763077735,0.010706327964206843,0.00807837054414393,-0.028571138749962574,-0.045106153665021124,0.04916052277721942,0.016040449303759932,-0.01762495985603833,-0.03830271374034339,0.04953016185042766,0.005715082885753798,-0.0704531619841382,0.06773120527660026,-0.07739609764405997,-0.005147856585827245,-0.05025523733922446,0.013799577518137544,-0.019522913879690025,0.02904784989293363,-0.06380465819368665,0.0032031713679418587,-0.0029778269772112766,0.03149265968084935,-0.05632229560091532,-0.056107800352850165,0.015991141487754233,-0.0009006028788765342,0.008573074084749756,0.030345674659149176,0.041160335390175704,0.0326203018912641,0.03404380175517172,0.011378777156105,0.05168250125201301,0.013263794146677487,-0.03164757549026112,0.06957402983229412,-0.06496218550839236,-0.05794722228624393,0.1298011452313992,0.1621754641343062,0.1364216337095215,0.13670043119672343,0.2012189585010222,0.15192543159634744,0.15256955059452398,0.18615914946837284,0.1384466411337403,0.24010317244676369,0.22942335709776898,0.20832486871029524,0.17161962115063176,0.21624000581196495,0.2503166292362716,0.2791342541203974,0.30429824697345503,1.0,0.8066117004101423,0.7776176282457286,0.6696892148920964,0.6328775939737908,0.5955436578751319,0.7799933321233069,0.7029624130848782,0.08809898779362932,0.0365073880419796,0.007165203523123842,0.0875486719393806,0.10702279512447256,0.20254697384491757,0.181782267398482,0.18022806574815084,-0.10662423013370857,-0.04338244203226133,-0.09345475256856513,-0.01830768364569794,0.027998886082687177,0.05341189495893282,-0.05195225160755745,-0.08993553811755264,-0.02376107357526143,0.053047491108808964,0.0440701067724827,-0.11300416991843806,-0.05841743423295148,-0.0678782309491358,-0.11920268988321782,-0.08010409972154206
C5 GM left intermediate zone,0.031357980712356924,-0.048764128270420086,-0.03628053570526965,-0.04281420789034713,0.025028959052528995,-0.03569124155236897,0.036530922632691754,0.03478434057820617,-0.06782510714940333,-0.07445058111227651,-0.034469372919136765,-0.08124777292747494,-0.06671823351525663,-0.06260068219832815,-0.060289764943394206,-0.05840763049756904,0.0689403048010506,-0.023518205992796675,0.019109036435666495,0.027934836450837417,-0.02955447307968953,-0.010251166194552177,-0.05112412750340817,0.04486614963925471,0.01924989746003339,-0.02546677312375357,-0.05064056895465384,0.09636822537726726,0.02419400595043401,0.0033475721768376743,0.0014600321129465104,0.030359207768950364,0.028820118324098195,-0.02717436289298396,0.062362821215601855,-0.05419782856311829,0.04037927971026826,0.006711164960548385,0.04091076325476729,0.012383413616233062,0.001559780362856398,-0.062482511805373106,-0.006986964380827163,0.017439283089516484,-0.004912453461641155,-0.02801486441651628,-0.04524187723802019,0.021863973674950916,0.027062403266818778,0.008032648291019368,0.05729444573006392,0.04034051198366786,0.04778475798634501,0.025775290653322794,0.028632103655980283,0.05649717398302705,-0.0182898950155205,-0.045928209690383755,0.07281605720287804,-0.0598915921648979,-0.07807800455343852,0.11755526949667346,0.2051608324697978,0.17302925850475845,0.18318942633461163,0.21884358402076395,0.16279360539794113,0.16108036531946263,0.21667763600374268,0.164802949592841,0.263250025312462,0.2738204773978866,0.27509055823085526,0.16499599195783501,0.2289530570480606,0.26268316022918897,0.31202117902686566,0.35108125351847874,0.8066117004101423,1.0,0.8716687086458242,0.7185700486272611,0.8315617515823025,0.7468970022696803,0.8035505324153024,0.8434337696397148,-0.004556843295385626,0.00418134618685885,-0.018803455194394074,0.03012278143471756,0.0720806556584406,0.1453666148510946,0.1124753388765361,0.11400552264075144,-0.11695592774288331,-0.029595036311910322,-0.08670905040628907,0.006501419609315658,0.05704030374551583,0.05527861871004739,-0.0673666762882093,-0.07948994451076556,-0.09317333679801064,-0.03656941169830964,-0.016624670238204978,-0.04118207684925601,-0.03731352491595548,-0.005735994947612402,-0.1280457986535459,-0.09142288914344773
C5 GM left ventral horn,0.060256525682934534,-0.0320530685130654,-0.032884521654847024,-0.023839610799560255,0.037770742862649254,-0.05274025951167166,0.07051946138138487,0.0340257556023362,-0.04666743115466237,-0.05206750783626073,-0.0019636340411487946,-0.06533662013822149,-0.05419959495302864,-0.0652631254374495,-0.05100180762574088,-0.032989693894096575,0.07100289821247975,-0.020406848663134598,0.04104392083534251,0.019221134635469872,-0.019198512248947246,0.01703537153453604,-0.0429726194228134,0.048002955475645065,0.010279882836742697,-0.033799273904151564,-0.06632887490631773,0.09406731071443442,0.019199863676910442,-0.008428829715765345,-0.006464410692986203,0.037744527179416905,0.016284846825946067,-0.030636334296398816,0.047481884170771475,-0.03852916869716472,0.04990450585823018,0.009538349496250641,0.04632734327927045,0.009917156717858283,0.004215993283688659,-0.0863105486629225,-0.002903275372421653,0.04147422372797282,-0.034254619221889396,-0.0217532763943972,-0.02134023922060522,0.017763728900064363,0.026281062921090136,7.489531526968501e-05,0.07344411986158991,0.03599872990765695,0.04348916998734901,0.05123575013440972,0.03969778080284,0.05826942949497705,-0.007392141527639406,-0.05042626691695621,0.06770207273568121,-0.05539824548734727,-0.08148640988543893,0.12024860588711687,0.23247638814208976,0.19040294129153576,0.20912568792892686,0.23574738717364138,0.1778359272447423,0.1867563956381624,0.2427205267491728,0.19651232598868953,0.2387341592525588,0.25309925930008803,0.25991393102426186,0.19524931925206288,0.22863506641326875,0.2646128264695961,0.3066826428437049,0.3537512358756658,0.7776176282457286,0.8716687086458242,1.0,0.6326831712148343,0.7152321704163281,0.6670971350086513,0.7706204222408932,0.8113359966124534,-0.00015587333586865171,-0.01618642662975314,-0.027254701364199625,0.029548516583360586,0.05056921821308716,0.12946459925867346,0.10465256367709518,0.08931918391546467,-0.10073341129650111,-0.04098855637754493,-0.09110128098230927,-0.008559675814251568,0.029649805997535437,0.03694570454482237,-0.05695084768055161,-0.10229013160877187,-0.08862161640021654,-0.021085017068667816,-0.01414580728837923,-0.04462068989025085,-0.024058019592831933,-0.002922992844517763,-0.11207062991378228,-0.07739159095641933
C5 GM right dorsal horn,0.01176661302768047,-0.07590214016867511,-0.006297773832862355,-0.02757918704340664,-0.0026873579902811566,0.03329425838860205,0.02170674332115694,0.017700671841169576,-0.05665202314981855,-0.09943790032007008,-0.040340399786218,-0.07994728252129242,-0.04504805301955383,-0.05106150993668201,-0.0659093969247689,-0.05460473357215196,0.061029044305504945,-0.03909152271701915,-0.002897067059868924,0.009184857661700884,-0.027350047464601644,-0.07820107279014044,-0.026414411394535233,0.029953540481851976,0.01673455399955307,0.0013796257649804492,-0.01842445140691535,0.04894586233576516,-0.00889475276587067,0.0013021914408141183,-0.006541242797761803,-0.01388175178041542,0.046736775693357116,-0.058385874065191495,0.06350992929218315,-0.041111997813566836,0.020495416042538493,-0.036260461821520554,0.04218824021089093,-0.025226675376798503,-0.001564933315655784,-0.06068041157895586,-0.013039538580083623,-0.03083646195838264,0.04390259005068239,-0.011095767575909935,-0.03736730322733126,0.057896486129888514,0.007228693483221193,-0.023009560047620607,0.017094685474225713,0.07040546866462287,0.07301751254040317,0.028791470817925355,-0.014406812625441882,0.009837044875865468,-0.016692107691824994,-0.027547803116948204,0.051908048174341935,-0.04329680698426266,-0.077069146196084,0.12588957048787838,0.20183544328632513,0.1928128266616398,0.19645101156575637,0.2103708366398873,0.171547568842652,0.1313114609980722,0.20407884556387815,0.17123638449148715,0.17477273415740394,0.16761530776622963,0.16271698393118134,0.15353312234197566,0.16789676676158083,0.18459839718839285,0.2466038394661151,0.23817341769911315,0.6696892148920964,0.7185700486272611,0.6326831712148343,1.0,0.7958614171003158,0.7916844049163189,0.8333005663337708,0.7402180140583896,-0.0026707328908375538,0.00376789538715062,-0.01838951694890981,0.1127853987903577,0.09601113471280526,0.157906446621893,0.16931050343784496,0.1216981008399002,-0.06886366529551914,0.035964640585648223,-0.04455465854777901,0.05375365193329365,0.11644941679603497,0.09945546815257915,-0.02102863340102813,-0.00594902665394698,-0.09443300197061176,-0.047700515709256736,-0.01972388327674502,-0.11788483758742897,-0.08639764148247267,-0.07946566971193687,-0.15986649797764615,-0.11374239189021665
C5 GM right intermediate zone,0.05032579771855614,-0.022645981815366065,0.02305564128650697,-0.005611147167443441,0.0313487747544168,0.004384778484246882,0.044086727265118565,0.0478591268092091,-0.05384266221080716,-0.08107355461631037,-0.04733800416785365,-0.06036656340535039,-0.05033738608299158,-0.02326402890268931,-0.04695249429498741,-0.03884469056967237,0.04416760392605908,-0.001678162973713574,0.01962256692056538,0.06673575700650762,-0.006540500768663813,-0.01782873782469326,-0.031880489889494434,0.053526665861428485,0.043396549009692274,0.013645349125081292,-0.026702104321219944,0.11160996786896192,0.02921510867724022,0.032635363816330885,0.03262481241015514,0.001747751336858512,0.06711628890607381,-0.007209035137592023,0.058664626375099935,-0.031782253414820924,0.04542658916921175,0.026226986742826214,0.06317748541128944,0.02993134808136899,0.006844883031661288,-0.03541583451435823,0.003910374987270692,-0.006660395860704132,0.016390895833809947,0.01129839432456188,-0.028792150614484993,0.044586154955757414,0.060001056588033896,0.010881179293453289,0.045219886636399954,0.060882072682359706,0.06574852881768026,0.017310267174761782,0.017774478739134347,0.04576408930696158,-0.02007775577396768,-0.03438232610205077,0.07672943217314569,-0.030705661861432833,-0.07717910844364481,0.11373450051146845,0.19849453221082122,0.18411952827771685,0.19020698681515183,0.20717711002105668,0.16060273355649432,0.13110382105086885,0.2009105837973309,0.1580779788915994,0.24862536459947318,0.263469368119413,0.2672452954875581,0.14761744260120835,0.21517201356431173,0.23477699680814787,0.30012238622171855,0.32234885583330136,0.6328775939737908,0.8315617515823025,0.7152321704163281,0.7958614171003158,1.0,0.8572477984622942,0.7870319470308074,0.8411173155682927,-0.06456130808902319,-0.01413699401894788,-0.03700416309452959,0.025816329540989023,0.06327930171987704,0.1170811883113749,0.09343471532928978,0.07761182811396825,-0.12277244092258871,-0.008431898252574852,-0.07441566003645188,0.03669278213610505,0.09104499344137722,0.06624450806162856,-0.07005434761082752,-0.04616068057990377,-0.11965331457238645,-0.09094528387863203,-0.04755253127100774,-0.018113552318912464,-0.030322305871789457,0.01644560475090684,-0.12424074600642972,-0.0794525047622436
C5 GM right ventral horn,0.05930082219255875,-0.03797585208529512,0.046976432952139074,-0.003984808514862349,0.020694659718314443,0.029489665801176988,0.07757196845552643,0.03869080194887682,-0.019990798680981577,-0.06476908055621297,0.01129670582243978,-0.03506782674717379,-0.04587398401553796,-0.00013413877039399278,-0.04595444922058826,0.043763639593495225,0.07660431513492619,0.019011169405687072,0.025767201559285875,0.07070666181457809,0.041827486309751326,-0.0023222678664736483,-0.006583068339131133,0.0736928095049809,0.04555719920211497,0.021869370038704688,-0.026002764001721357,0.11737578451946207,0.015269068059381512,0.036591069195533676,0.0037168154374435233,-0.018336117962605494,0.054296725274753904,-0.03882470078727538,0.02320264769779588,-0.024754529085895368,0.039218059088870987,0.02697356027104019,0.06917887149572129,0.05488827336269239,0.048544859520628716,-0.03904013683378558,0.006632264121870398,-0.015207779467839598,0.040465915331167134,0.03297346924540479,-0.010738910859598626,0.049075907024883784,0.07724198375433651,0.0019262489817270401,0.05421795507147619,0.08242819667583888,0.06017522175208969,0.04395707810570506,0.03305268116212809,0.04079450755685047,-0.004026968494437277,-0.02160724566402935,0.07052731576832211,-0.013417854625074348,-0.07636355684150045,0.1265238822419223,0.2074137609115868,0.20945114111831528,0.2217636148598893,0.23598158571176903,0.18861741663753986,0.14741770824220077,0.2122659238462424,0.18718245010982196,0.2552080447240095,0.26903936399226935,0.2700538529772356,0.1961848094490954,0.2393070739925178,0.2501217076314426,0.31742531624365483,0.3297146183039107,0.5955436578751319,0.7468970022696803,0.6670971350086513,0.7916844049163189,0.8572477984622942,1.0,0.784697966690328,0.8411509280648626,-0.0622503053990512,-0.03312499518716639,-0.0459541814395139,0.010004895335233114,0.03399274100993178,0.09593133202674163,0.08488265889375504,0.05753778065215182,-0.14491156363682758,-0.028705252363161682,-0.10318338583076136,0.024904378143115507,0.08868938970799549,0.0787099403166428,-0.0717877008818502,-0.06747643567752067,-0.11343486698130907,-0.0736512239471401,-0.039166055002282055,-0.056848469804427204,-0.036853445775826416,0.012430958678770507,-0.12960925898945802,-0.07444199438821981
C5 WM ascending,0.05083893133881993,-0.03839380334469886,0.021383546347862978,0.009320567927966369,0.012763523296997115,0.002525915278467136,0.021481972071082517,0.03588322665457433,-0.06328059565008172,-0.08689595851938327,0.00747612194110588,-0.044003585034689395,-0.03459031086879347,-0.06691580288530484,-0.08779774759864413,-0.010075250037455772,0.0646872015530308,-0.01667077668556925,0.004183906320300607,0.04989903028306762,-0.019859304050619905,-0.018758136581197633,-0.014942046500708434,0.019856533438122097,0.02318110844374726,0.015469895025692156,-0.03056390005543857,0.08447056979677442,0.03366590330828452,0.029472378516899243,-0.010561208631367563,0.008495885044944182,0.025346173380125018,-0.04977292423341221,0.0334789797961532,-0.07358823306009951,0.014170698610287913,-0.034558580811187796,0.04961319806221352,-0.024211140309711103,0.05356713371101225,-0.05154785108860277,0.047650128496659595,-0.024826054708956907,0.05351223073393071,-0.005622941376501745,-0.005046745519602536,0.01901095613707512,0.07580505999720452,0.04305364886503341,0.04349062374682702,0.05630637922393076,0.04710461105364338,0.06728139979366897,0.004081831668693513,0.044793535321981354,0.046543260235609646,-0.050487797241248,0.13394400886585472,-0.009164953251190454,-0.06083026852831691,0.14802206627893333,0.2276260665752158,0.20765525988547126,0.20602160411235027,0.2609213298697952,0.20799988104153577,0.18451667415348577,0.2360547540524504,0.1951411706585349,0.22580810919423497,0.22735422080773254,0.21174504050155643,0.20822586847847754,0.2325717004023424,0.26270794883059245,0.3100027033013187,0.32104570157213735,0.7799933321233069,0.8035505324153024,0.7706204222408932,0.8333005663337708,0.7870319470308074,0.784697966690328,1.0,0.8233425553703079,-0.027579591303581293,-0.0437365663681292,-0.04463842534347722,0.05558537416376243,0.048104452319248814,0.13306842915572487,0.15157926730987956,0.09122255793180453,-0.11739741572572018,-0.023478610273178317,-0.09136273444931928,-0.013220103318965724,0.05575473505873108,0.05005581803209866,-0.09032996098433277,-0.07918623262712292,-0.09687835549506095,-0.01795015792919423,-0.006586545742500144,-0.09269379614846948,-0.03685711114936414,-0.0403284043278457,-0.13190383216898915,-0.06947642158635317
C5 WM descending,0.06183150859827051,-0.03287267755147279,0.020522377501292308,0.00508578959805828,0.0301002573556151,-0.02660627061965596,0.0608841302475348,0.062000921158378214,-0.05273108190117124,-0.05677987257787066,-0.005242425724200609,-0.03158569588812076,-0.04068264315258592,-0.05521089754296162,-0.04415080753539563,0.002488431396707258,0.061309429703845494,0.031441160476932385,0.02835904083512173,0.06446771236672279,0.014572710122096152,0.004281927339385527,-0.023214436310522932,0.0739929125952086,0.04349688488697466,0.02298156246054647,-0.025978903054663476,0.12762441066161734,0.02623102609736463,0.03559057936651748,0.014519780637530457,0.03434920243153565,0.032830582204256796,-0.02810920291353627,0.022154771218779516,-0.05466562148395693,0.07590136628065425,0.034081229299788754,0.04838974585761712,0.03689538816089847,0.033952496822357375,-0.08023731710311535,0.012731455337334328,-0.0009753215420119641,0.008741518401077971,0.013164325470312425,-0.007343898632419611,0.019402948542889844,0.07111339114142193,0.03623191566855722,0.06887016815396446,0.07316801431138145,0.055170789854508476,0.06292115591881542,0.052759985433406556,0.060432279696352446,0.02498870271329813,-0.04690610000707123,0.11528034409855743,-0.00046068270039418874,-0.07037882699012153,0.13527160708616537,0.21146978488470874,0.19058715064132078,0.2017871773071742,0.20750721479399792,0.16018883948999751,0.14433751900426345,0.20297570597610057,0.16202414436271448,0.2659904833131939,0.28031331905108214,0.2962809277107723,0.16463796183307505,0.2281994759954285,0.2592657383563109,0.31194418578801636,0.3631691342306007,0.7029624130848782,0.8434337696397148,0.8113359966124534,0.7402180140583896,0.8411173155682927,0.8411509280648626,0.8233425553703079,1.0,-0.07936068712801492,-0.0674045851508349,-0.07376226019646545,0.008482293056326523,0.021364426986407448,0.10646113344962248,0.08246879574240487,0.060012366748954084,-0.13900252416081174,-0.030061145205425324,-0.10724682200243449,0.011721229012009745,0.06829144037927612,0.060880097323872666,-0.08414248752368161,-0.11442033278444175,-0.09933188804813103,-0.032254132897968586,-0.011529346906311326,-0.007764964391750244,0.013989758295141194,0.04794074547867631,-0.10573149364611478,-0.06301821450137346
C6 GM left dorsal horn,0.030837481927100417,0.0017574058814023713,0.0327971886233757,-0.007127261839031594,0.01722284238538169,0.055757927806612796,0.06593556215616253,0.05018780162605887,0.013561919653463204,0.010512370221646592,-0.012434579109536215,-0.0016631869309608597,0.054743478776876804,0.09128573459645217,0.02867576243157621,0.04254001091306721,0.17537657918656394,0.050281117262152106,0.02148031039420857,0.0319320928628925,0.022799994467944344,0.025920190206255158,0.07260698870264265,0.039797324720123955,0.05471369140515647,0.10372458107447557,0.1396012069580759,0.02490578301927791,0.09600965685242635,0.11160398446088417,-0.04493737509502576,-0.005124356676367215,0.03186882822199577,0.06034258052646025,0.11206961217042805,0.06729934678179361,-0.07629827988520597,0.01677548067947503,0.06247333860557433,-0.016412444101027057,0.023011080258453324,0.05840518083111484,0.018480251210238965,0.033929774125321464,0.03428314036451824,-0.001193040061453613,0.06755733745303522,0.08416547412551509,-0.019202600973973888,-0.009099637837527961,0.05904613778810609,0.060344100933108255,0.08472213226047086,0.014186742224408121,0.13718439922782982,0.09428224523929413,0.03985208363288925,0.18888309224819577,-0.03537740791458826,0.051127224802931706,0.11456112126296684,0.04250780470290759,-0.005076318627899363,0.026250406584024888,0.016695261299499765,-0.029650983475680723,0.024888455535276813,0.021668966368321118,0.024303727026761892,0.06375306446175506,-0.04416998428172627,0.015441538165703362,-0.021498266136509,0.008734180593300958,0.05622031885573806,0.04673719427950487,0.017859143451287557,0.03109138731524912,0.08809898779362932,-0.004556843295385626,-0.00015587333586865171,-0.0026707328908375538,-0.06456130808902319,-0.0622503053990512,-0.027579591303581293,-0.07936068712801492,1.0,0.7241927001878405,0.7989046595575522,0.21115277454540735,0.3211634135994437,0.21988649143267083,0.5590598315825596,0.5162525683753729,0.025282164502596443,0.042006730279122294,0.050245334169846015,0.04150976385389743,0.035000280535614055,0.0546348056794985,0.1350287590973733,-0.0185220080346324,0.007591169686108275,-0.009966095756911063,-0.03872207567653395,-0.07213370030436116,-0.05345904354313507,-0.06655285559186631,-0.04504271822631299,-0.023697731357855748
C6 GM left intermediate zone,0.024651858320367898,-0.01786924006155552,0.022131170897055,-0.026717817988188095,0.018631285220425092,0.050243079689481523,0.06490812448776759,0.09387633968068479,0.032497650789385046,0.021110071086962147,-0.06819074335369006,-0.018614990025035718,0.018735370667094187,0.06341044250087934,0.07525034818845268,-0.055984534413490335,0.07995182832690231,-0.0600922511159587,-0.005046541075429865,-0.011133487922333584,-0.0014683847412165069,-0.024137151280609562,0.016431924353724994,-0.021086052124285794,0.004066826061977727,0.05142680443041894,0.08229884438026622,-0.012236455640372892,0.048040277852650644,0.061129268526387254,-0.04901323155980477,0.009328806516192709,0.07123252851703839,0.05483192502147341,0.07383276731464007,0.04935434611731116,-0.06638823056455513,0.024739937662389057,0.0177237276460182,0.0002897162129346776,-0.029595179440444923,-0.00888271534084177,0.003809404268926177,0.0016732072041880058,-0.0022987020413646397,-0.08932426775722892,0.05345143071335524,0.07051760024604661,-0.050542697390534755,-0.03938446750171312,0.04356968583560242,-0.004991739859752635,-0.004083306347766674,-0.08505795242274418,0.04570369247548847,0.023985478872359946,-0.052004066128995094,0.0795358136865808,-0.06654155587333507,-0.0006230247154647695,0.04089591357320114,-0.01226664797386852,0.02456004324547185,0.052876576919047034,0.059925953834030765,-0.00010368654723265719,0.039022199293172036,0.017580876692177824,0.03853459380839646,0.08155205947065167,-0.006714621168618155,0.06507447608860562,0.03865743871594405,0.005655514484120574,0.07429878169804868,0.07138559295768632,0.027979212743287258,0.06442372207526548,0.0365073880419796,0.00418134618685885,-0.01618642662975314,0.00376789538715062,-0.01413699401894788,-0.03312499518716639,-0.0437365663681292,-0.0674045851508349,0.7241927001878405,1.0,0.7923725743326734,0.40110222701688086,0.6857042868407119,0.47678428624269864,0.5858015713890402,0.7165693996134788,0.04736117269433951,0.10285384537032354,0.08415101787985749,-0.027535163379298264,0.019263524821660587,-0.011341210166368468,0.10935707032178206,0.014278749806899584,-0.014306413178224935,-0.002344612721789213,0.010425186932539817,-0.049579707421785364,-0.07975869755903331,-0.08503268878040329,-0.05848427502890042,-0.027961757471544633
C6 GM left ventral horn,-0.00902048980705882,-0.03985538492591912,-0.0037953420531004604,-0.05588600268989232,-0.005100528039366512,0.06285123863804983,0.07360877099759706,0.06790790630236349,0.035784638814673815,0.029174095361151762,-0.05847337736870468,-0.025066941348209495,0.023865551942568643,0.10205290900709449,0.03935411338171919,-0.01576984423593041,0.09819176912366298,-0.0004815788714827145,-0.014922616392701316,0.05988092862967914,-0.020169891591829085,0.010595946739967712,0.022490063617040278,0.022666085809005733,0.027719887669906552,0.04719442151226793,0.11515902564796057,-0.002360696514980775,0.07412305375522403,0.06843744128193735,-0.05657950684740845,-0.06903233187330586,0.014632458927016524,0.043130160273855404,0.053181418644200104,0.028906957540043476,-0.08431365422239627,0.007115284133483326,0.030729614217434836,-0.014332619750140073,-0.0072520338637354475,0.03524095710431998,0.006783491870827005,0.026339312425819564,0.021739861642540076,-0.007519891204770801,0.03154186333774954,0.06771452786499246,-0.023701205556534894,0.0036305538729450677,0.06214350407825742,-0.010232816052763513,0.022641688805635676,-0.0030599201456557733,0.10685175181849084,0.053679669422625295,0.002594455229764239,0.11719352875186433,-0.016244810779061092,0.023556321082519798,0.07217235404082485,0.01224375767940862,0.031965254225252544,0.059151384222049,0.05964583349658269,-0.019665335586104244,0.028097518914049106,0.01579538164115383,0.034830481231993234,0.08569477258722623,-0.05505480427600381,0.02325870773093412,0.011020317156747294,0.05594825444086652,0.08121078329929864,0.08407357814030005,0.05186182250551968,0.07328294586709935,0.007165203523123842,-0.018803455194394074,-0.027254701364199625,-0.01838951694890981,-0.03700416309452959,-0.0459541814395139,-0.04463842534347722,-0.07376226019646545,0.7989046595575522,0.7923725743326734,1.0,0.2146089155552906,0.3974512754642589,0.28556390035920226,0.567070183654925,0.6420847589016185,0.05471043342534611,0.07836378412502279,0.11463319460516529,-0.028588586792680927,-0.0035957620041256032,0.008605019978566417,0.11013051262988266,-0.01457489546419988,-0.0382746595913534,-0.05490726712989066,-0.07818541938213115,-0.04417422692613307,-0.048231750909185314,-0.06097771702746614,-0.04660634015635007,-0.0522870392615272
C6 GM right dorsal horn,0.060053478564190015,0.04168381311059967,0.07518142068121703,0.07320618778857484,0.05181362907021578,0.0020409929396465955,0.03573631191077131,0.042402763381385905,-0.015155378430303911,-0.00674723799310393,-0.025949724098578902,-0.0282772575254066,-0.0005971654014952129,-0.0016363830761373939,0.0737796219678781,-0.09031695958637068,-0.032057154954972265,-0.11016761385061016,0.0031111452241663006,-0.02978908093881174,0.0030102533760051,0.00870398876604227,0.020081658663973108,-0.08720731050515101,-0.05665454264465772,0.02103527887592838,0.026829536068689073,-0.04039713933379796,0.02725596943789305,-0.0037800972103818045,0.06064414659637642,0.050430244100081394,0.0677813218008107,-0.0062617084562373955,0.00365323524247187,0.005688603051680696,-0.043000893439829865,-0.023642533666256606,-0.03125244222429483,-0.006162788410478111,-0.01871885687258424,-0.09056916472171825,0.05752183907931588,-0.031319339366386846,-0.0430231109281311,-0.1370921493583758,0.07501447733450221,-0.025690974334564257,-0.007340894211886616,0.017805369746221628,-0.03871280778607213,-0.02788181295241517,-0.057201017505942024,-0.1477367888419951,-0.1311159651384948,-0.07491500014053065,-0.02542540280957157,-0.05354665557512458,0.041315615463993316,0.0038416557677574026,-0.023115273848458316,-0.08201269795904878,0.04507679089414602,0.09154712105700583,0.07320934702152214,0.02806558901114762,0.05487922013836833,0.0041165216498947055,0.03933928292104869,0.08226349530712268,-0.09122793117669104,-0.10444355826792297,-0.0849227479259432,-0.08638630844054293,-0.08373161906620304,-0.079190909984379,-0.09096861462912138,-0.07140087182135073,0.0875486719393806,0.03012278143471756,0.029548516583360586,0.1127853987903577,0.025816329540989023,0.010004895335233114,0.05558537416376243,0.008482293056326523,0.21115277454540735,0.40110222701688086,0.2146089155552906,1.0,0.7565713263341233,0.7762513804018581,0.615274657719128,0.5476871988295937,0.019144039837144012,0.019720837453827106,-0.07335613489881572,0.13853716631973076,0.08851043645585975,0.06614023218208333,0.09992800352694307,0.022827452379508287,-0.06643053435911098,0.023229621132094005,0.028804693015491878,-0.026340268697400623,-0.06432424873005822,-0.09587837371451033,-0.0942360430335971,-0.04232027180280502
C6 GM right intermediate zone,0.031046407825289477,0.005372779312959929,0.038064329377997516,0.03137648193339864,0.021468136845985808,0.0052751894780303345,0.026071205279928445,0.07931054015690475,-0.00017930639333617833,-0.012919064065762981,-0.06856741259547515,-0.026562085258247752,-0.01884156981571735,-0.0012849031909893873,0.07373362115273731,-0.11767914752184483,-0.027910145803036083,-0.14949905994180343,-0.023792389310679344,-0.0579976764500012,-0.023463765123700766,-0.05511333771592247,-0.02205528577504189,-0.0950164251814681,-0.06205385535847257,-0.002638180761612048,0.0011599545578141971,-0.04259640069087823,-0.008391681036676238,-0.015516436451173751,-0.016963823159371654,0.05910468834107442,0.09461005491123049,0.006298961826897583,0.02076500691687019,0.009379450919869149,-0.06733240440733151,-0.01794316413246559,-0.029897331625804848,-0.006774863758368135,-0.03709744954957239,-0.0865266128436627,0.021987283955170172,-0.05460141305138008,-0.032519447270660744,-0.17248090678745256,0.04456070536776935,-0.009055955840575195,-0.05225824351422569,-0.04686075729934929,-0.014717547742266987,-0.04499116975457923,-0.07450491031930236,-0.15563974705626174,-0.1059149915594183,-0.06487686989497785,-0.08710617729521059,-0.06504481978121905,-0.034564807269136695,-0.03028566006355586,-0.05408885945260492,-0.04857672717741192,0.08921992223285503,0.10788155934561161,0.11502837338091178,0.0636155891045322,0.07575208273504078,0.028442071614500887,0.08168302425225492,0.11648060742346653,-0.015938093566060883,0.006737985961822565,0.012330748287265422,-0.0593997347644063,-0.008423828032636749,-0.0011958906053530886,-0.020652788608701036,0.022447335150791784,0.10702279512447256,0.0720806556584406,0.05056921821308716,0.09601113471280526,0.06327930171987704,0.03399274100993178,0.048104452319248814,0.021364426986407448,0.3211634135994437,0.6857042868407119,0.3974512754642589,0.7565713263341233,1.0,0.8121126358618025,0.5999342204370006,0.720644364080534,0.05121459094808422,0.07996227636218783,0.0038879563839976827,0.05501293673083621,0.06801341429778382,0.027934669314048557,0.10676577960347705,0.03959005451788918,-0.015114599212304422,0.051142953336176085,0.08114602274603613,-0.015606991277147243,-0.0762960680282885,-0.09214872774885519,-0.06339928634709106,-0.017789284631137166
C6 GM right ventral horn,0.010891594901818956,0.019189474303638557,0.039139135893726744,0.04472730531415613,0.006784452772552977,-0.029675440922589613,0.008891189703313002,0.025220492522384463,-0.0317866697239777,-0.07048057188091093,-0.0495638347737824,-0.06050489032508748,-0.06656413901159648,-0.01742897420814255,-0.016049465235755966,-0.11524998361029738,-0.0509736346511643,-0.14525872075405943,-0.044060030433775696,-0.027141915104200366,-0.07492061816148957,-0.061704593278282566,-0.04398990335620736,-0.10042488666608325,-0.05412683851729499,-0.02499684085895597,-0.026078140753837076,-0.06640130196596572,-0.014454065917727512,-0.05089252795738607,-0.026415630146429,0.04253074180768556,0.06545142987423691,-0.010172019886877492,-0.009797240126386707,0.00045165850222328983,-0.06785396227908522,-0.04194564242710432,-0.031304079770664524,0.0021313156383098897,-0.008911537236314711,-0.08659894146294066,0.028398476363071228,-0.07202187446689388,-0.018919266674695602,-0.1597577713557333,0.009990132635747996,-0.069471984293248,-0.045299449515461505,-0.03840931728876547,-0.05669352246996751,-0.05477030950469006,-0.0903490066481678,-0.10966589216407217,-0.13041452596264244,-0.07719639427067963,-0.050746361864661596,-0.0990969528635925,-0.0002615557182233573,-0.01359084429324572,-0.06830812438055849,-0.012551865730110271,0.14314248883387373,0.15030822035144945,0.15436492933198723,0.10004516497759557,0.11096916590651969,0.06000471448889161,0.1260574613674006,0.1586669265117946,-0.03287270884386367,-0.004296610719615689,0.034274899322003706,0.0053866962985021916,0.010983100770362356,0.029037532747820418,0.0358283795479218,0.07920941579159088,0.20254697384491757,0.1453666148510946,0.12946459925867346,0.157906446621893,0.1170811883113749,0.09593133202674163,0.13306842915572487,0.10646113344962248,0.21988649143267083,0.47678428624269864,0.28556390035920226,0.7762513804018581,0.8121126358618025,1.0,0.6042028743677196,0.7017208265622793,0.08552643559651478,0.029500321260265333,-0.019043650837040276,0.10699394328133943,0.070490266767652,0.07704198305787635,0.13833707933059528,0.023633305302184042,0.008088642964199071,0.058957476688841444,0.07528807233151996,0.009803346950439388,-0.06350049545120728,-0.07020075161144425,-0.05443413200310829,-0.028148795051256826
C6 WM ascending,0.039527951109095565,-0.014530172442359126,0.05277760109602605,0.04452024404060372,-0.05170330037887308,0.005313740933327624,0.021734996978774995,0.06946707107873591,-0.030917345281400083,-0.01508769482722251,-0.01648325893955014,-0.00558495368601657,0.030499300166960307,0.0585137640762407,0.055069759946619404,-0.03824243543126012,0.04549448764475627,-0.006027140527507028,-0.0032508887381845885,0.07834197176833786,0.007484051261838982,0.028544380772373725,0.0473614905203539,-0.00972745140831235,0.058035690141999545,0.05384514185628004,0.08069788109215831,0.062089036325010866,0.09155198707387704,0.03650928401171831,-0.01997839187030147,0.01926843502177938,0.03569916887541648,0.024703081037445604,0.05806369161412633,0.012498071682195234,-0.12914008461719603,-0.02108816021157115,0.03360317346065904,-0.04581634030793607,0.06458234449396111,-0.02772883907333031,0.08804694602748415,-0.0393094201422418,0.08764040791912055,-0.10991383246749996,0.08404571195117543,0.031778092884209935,0.05762983144150888,0.07258929714193477,0.0072046966858605585,-0.018919859837275774,0.021532239372996254,-0.03941680970556727,0.0022645947511482495,0.040975113495522894,0.04585981674436467,0.03753272473028387,0.07794931882234844,0.02368834392276174,-0.0022189781155647725,0.04455789264727077,0.08946091677725085,0.1716422785804205,0.1509373086490884,0.09248921790909506,0.14811049856492797,0.10110227185202021,0.11046228298057703,0.1755441716163616,-0.022147811157237816,0.014421520394465604,-0.008544793095565136,0.028337731974513447,0.0681880022991589,0.08847417829106483,0.04664750862125559,0.09341078009974121,0.181782267398482,0.1124753388765361,0.10465256367709518,0.16931050343784496,0.09343471532928978,0.08488265889375504,0.15157926730987956,0.08246879574240487,0.5590598315825596,0.5858015713890402,0.567070183654925,0.615274657719128,0.5999342204370006,0.6042028743677196,1.0,0.6927298111347745,0.06491075761653842,0.10118214377725734,0.05604131903715675,0.09543015730500749,0.09691198815461097,0.0996510238370385,0.18309650556524434,0.03608082240007818,-0.009630350891256408,0.04305937188443696,0.03773134267924013,-0.030559396277871572,-0.03910916191979538,-0.06609807496434945,-0.05197772964388801,-0.015636312477940145
C6 WM descending,-0.009161818329871646,-0.024118308602792928,-0.004611907717425553,-0.009938694771065265,-0.032000566675116596,0.014910465183097283,0.016845854925113833,0.05165475388700786,-0.01871701169037562,-0.030729318847042563,-0.06288046397335885,-0.03315380897348137,-0.006541301725907261,0.009648265249487621,0.021985288648450344,-0.1126088353260866,0.005120682027615651,-0.11829234522114668,-0.05174223210476028,-0.0021832830425871615,-0.09665599057494886,-0.06919288429489195,-0.016786312205957433,-0.04814314849945416,0.027129689574432105,-0.006821371383501032,0.03625558237411177,0.018767767692565617,0.03764680832558301,-0.020301720827341076,-0.010759244530880403,-0.0008892265328448831,0.061682272440440715,0.023960277302047504,0.046892969460982196,0.022151473098250548,-0.05966034934710129,-0.02503974342909776,-0.009126873643849289,-0.008884795123941929,-0.020810504922030598,-0.017546060888904844,0.023555684914019045,-0.02467898556930655,0.01552791771910302,-0.09604274237433805,0.009576791814091799,0.014915681347139912,-0.04807670782979085,-0.023221718380485652,-0.005498791738087154,-0.04733268188158609,-0.026621637821094526,-0.06179497602879321,-0.025115410739425675,-0.011346695861001541,-0.03173004160514503,-0.04507818735375919,0.005645519673622656,-0.041199161381751934,-0.0639800254581518,0.06098036754442388,0.14316297308372475,0.15048904210485572,0.15721111057939022,0.06732507439154127,0.10156347462135423,0.05904277542804346,0.11249579608036218,0.14610588690878637,0.04028655093949581,0.08091473322682492,0.08306464807658835,0.028310148905279116,0.07011977285530421,0.07847631803457789,0.08240127239501382,0.12031755008005322,0.18022806574815084,0.11400552264075144,0.08931918391546467,0.1216981008399002,0.07761182811396825,0.05753778065215182,0.09122255793180453,0.060012366748954084,0.5162525683753729,0.7165693996134788,0.6420847589016185,0.5476871988295937,0.720644364080534,0.7017208265622793,0.6927298111347745,1.0,0.11824649415158899,0.09672508473009021,0.0891148947131973,0.00592800605074119,0.008487600948381612,0.010865326398631275,0.15503804914600447,0.015488540621893514,0.03887933427556012,0.07581155252760795,0.0790008302564858,-0.03450062996835981,-0.0847879409034256,-0.10624751787308911,-0.04264687901201487,-0.047772761797191234
C7 GM left dorsal horn,-0.02114879868971701,-0.012646712769031445,-0.0033433313520309896,0.028612158828773705,-0.0712728782700678,-0.0721079558772159,0.0007203894800306846,0.011184169424450953,-0.053560829913035166,-0.07595405547870174,0.020873228020945614,0.0031467110509646803,-0.049361710317063746,-0.028017523980737324,-0.01534809814287117,0.037234044821636184,-0.023937153670917807,-0.020908603712670174,-0.019922151912066678,-0.0023673623485630643,-0.04900372205706883,-0.030472833081807822,-0.020869785948214904,-0.04818866749952772,-0.019490836544810656,-0.038369912060725854,-0.036785992258280414,-0.009413893643889802,-0.013259234238857992,-0.043369483312762774,0.06181679972533081,0.0444411982266251,0.02932174788386923,-0.013913006909021156,0.12183136085860724,0.025499074495721127,-0.027581986161551428,-0.041642685278526374,0.020483791424090594,-0.019958832716173464,-0.0012855296686089329,-0.04064413973714529,-0.007903185581601722,-0.0014966991197472098,-0.017113417610192416,0.04974763266904683,-0.0065561739644580015,-0.027425714999534393,-0.0790865021982569,-0.10489637585596663,-0.05208657328666659,-0.008519359738373547,0.020957363896393796,-0.01995535159557218,-0.017181393005371352,-0.05878575694996753,-0.06241738617027359,-0.030631279414303332,-0.10153611284454457,-0.08322826540788206,-0.037666901591010625,-0.02589707421042708,0.05571204325855585,0.037578688286391965,0.026681920347984556,0.05556044593456977,0.04744711298048724,0.0439509417761769,0.0683619938167107,0.027891786228990443,-0.011898174663100936,-0.01769989823902918,-0.03366316653654168,0.06605453707440821,0.02333134822273495,0.016602168953940996,0.03150524598535202,-0.023033904692172213,-0.10662423013370857,-0.11695592774288331,-0.10073341129650111,-0.06886366529551914,-0.12277244092258871,-0.14491156363682758,-0.11739741572572018,-0.13900252416081174,0.025282164502596443,0.04736117269433951,0.05471043342534611,0.019144039837144012,0.05121459094808422,0.08552643559651478,0.06491075761653842,0.11824649415158899,1.0,0.6631835747550942,0.6776584515218923,0.04594844320475488,0.16479994517743699,0.061568100215010094,0.5198744552052844,0.43767073812408097,0.13269109906197632,0.11149663303511106,0.10788388902608133,-0.033504408712609346,0.031493964362495026,0.05292846609602782,0.1055769249482676,0.123343220365936
C7 GM left intermediate zone,0.04705727660997192,-0.013004989660939053,0.03370829501204575,0.051880216207955444,0.009603851283169864,-0.03163234793681454,0.026385252221282584,0.03013623794888182,-0.007961427342041241,-0.03760547155249084,0.06881151204420044,0.05576102727236957,0.021653216018171422,0.02194078701719724,0.09361583082855567,0.13354946527054753,0.05855652394594483,0.026821639390978456,0.03070746098446643,0.07594606723682364,0.05293599040391733,0.046337395919695934,0.03730139379450843,0.059014637568549314,0.051655499451672436,0.03500038835914631,0.04891568071579615,0.08742135582158206,0.0796102004171625,0.08690924278855922,0.05726799527955503,0.047056531790525616,0.06471898241010343,0.020035962985789357,0.10841711353916168,0.046321453641741936,0.019856794411897815,0.04907355511937219,0.05938761221579507,0.049594621106790006,0.05460719424409227,-0.02204054273155688,0.07685186565641844,0.004515170836280324,0.0014947529996411975,0.1088468406706447,0.046243462845753244,0.025134501410007486,0.013229362621657855,0.02522996195697117,0.004891393676889776,0.025493067677627414,0.0650763791273477,0.03298482789192502,0.037204213675070825,0.031872901388224455,0.02240381092037544,0.02254956347747714,-0.005063904225243433,0.007570781949069894,-0.007558189450398302,0.03948040866266703,0.032545957387553705,0.07835933979164236,0.0719338605494264,0.09882223864637986,0.10818974696838628,0.1068955823159483,0.08265720329323112,0.0707688359490655,-0.011392164439831166,0.0029962484456236248,-0.04037005998835446,0.09334282555180709,0.056757810844032745,0.03795147054210057,0.020784851703976984,0.0074928378071808105,-0.04338244203226133,-0.029595036311910322,-0.04098855637754493,0.035964640585648223,-0.008431898252574852,-0.028705252363161682,-0.023478610273178317,-0.030061145205425324,0.042006730279122294,0.10285384537032354,0.07836378412502279,0.019720837453827106,0.07996227636218783,0.029500321260265333,0.10118214377725734,0.09672508473009021,0.6631835747550942,1.0,0.7444904352171298,0.12101675861208455,0.47750965795194394,0.23703588468078673,0.4938582365371472,0.6220356173255612,0.10803672008400934,0.11605488635799033,0.10831330448087247,0.01125994877430797,0.06993595128713571,0.07659146259722781,0.1289081693061903,0.1548119368234873
C7 GM left ventral horn,-0.0835051212889047,-0.056885601294867257,-0.01850278755302705,0.005802164138413206,-0.005393966905176959,-0.022338054823630653,0.04081521960463084,0.047845616395090336,-0.0022931978250204064,-0.05893954089155442,0.07143011732836993,0.026783130132333147,-0.016095320505473153,0.033602461470691396,0.059102139108521065,0.028308096435056475,-0.03372597180041809,0.005560594898943362,0.006920217875856981,0.07340017582176879,-0.02955498317638169,0.024137033470479654,0.011104053097060826,-0.0006799545970702273,0.06643778311304846,-0.02883052632699931,0.01866038940688154,0.055730830053596275,0.05803997016599067,0.020528485786269163,0.04242136885076817,-0.02955278780469849,0.03851069011470943,0.02543864404737805,0.08945536489337756,0.020506586425254526,-0.024199858201882626,0.013529709631373127,0.020736840757420782,0.039842322763678446,-0.016578433890923512,-0.01702990480862364,-0.015064070589474005,-0.012477485002859744,-0.02193898175170364,0.0914498373411439,-0.034367559954278176,-0.010759172883360792,-0.06348087623639401,-0.03743451839283067,-0.05222705711145427,-0.017236013495568907,0.03497499380474591,0.03343347859571253,0.07000962298470553,-0.01333951472990144,-0.009571625543260295,0.004132527944803329,-0.05477060211227582,-0.05145490221973036,-0.03830275094115492,0.006669000396283326,0.03623954065591851,0.07032739007786595,0.06833701482060406,0.03146712399448528,0.054300705112187014,0.04843024511705399,0.05692440782792429,0.037454585183470696,-0.034708338403750295,0.004247072806502007,-0.02579294498257704,0.10276558338813746,0.06632606136884826,0.04846671444874527,0.04340361280524914,-0.0029084644140290293,-0.09345475256856513,-0.08670905040628907,-0.09110128098230927,-0.04455465854777901,-0.07441566003645188,-0.10318338583076136,-0.09136273444931928,-0.10724682200243449,0.050245334169846015,0.08415101787985749,0.11463319460516529,-0.07335613489881572,0.0038879563839976827,-0.019043650837040276,0.05604131903715675,0.0891148947131973,0.6776584515218923,0.7444904352171298,1.0,-0.005308549669916968,0.18497372843602455,0.06239001308554397,0.4400097840524987,0.5418377057156039,0.12142196293598953,0.11085095316540534,0.11263362959676072,-0.024370065316608847,0.05240242207421628,0.057182017852160705,0.09583414531624834,0.1344082194231361
C7 GM right dorsal horn,0.08550836823575411,0.031168398873633988,0.001295423934344628,0.1356599894420119,0.05510844475034597,0.12171487600135499,0.05312414772161085,-0.025151190371569362,0.06114200720640758,0.024843288138797888,-0.023340452101416692,0.003032738218531879,0.07047133830939128,0.003741522569614008,0.042346333366173,-0.014708497859618542,-0.030743293358190035,-0.06326378722482,0.04472419168690515,0.0347245094877089,0.023361565177518903,-0.02789274394815268,0.04395902873393115,0.047010202535172525,0.04042500534554145,0.004436067273541916,0.04123171539681514,0.1117943486026403,0.012113702960958423,0.03501649178852971,0.03499319320172785,-0.0326756977862703,0.05004977826065739,-0.017862902331288014,-0.006374724313135017,-0.010730792162783767,-0.09381705512146643,-0.030762585435240495,-0.004241400455748654,0.053794281851264315,0.08131307718052126,-0.061452574783813635,0.033846723189761924,-0.0449106310936071,0.11480254751449405,-0.03859721650229087,0.09537713627784151,0.12295561992212743,0.07124526439782204,0.05041452571047636,0.03611303365215478,0.005275859846763514,0.05244429515958565,-0.005570031670075464,-0.07167934083940845,-0.008874220014741876,0.01891234425187411,0.023075474162950235,0.04501415209826232,0.029365743984367802,-0.04971193919716119,0.11342532978887175,-0.04395883263066006,-0.00707758320037133,0.024725948794077933,-0.060136318491094944,-0.03680887399292849,-0.036004755298140616,-0.044660227405717706,0.007895327646107531,-0.15968223786599414,-0.18747851012585307,-0.17924561304390982,-0.06277885737116604,-0.12274081360049302,-0.12156434876946488,-0.11823952358183806,-0.1731337465066372,-0.01830768364569794,0.006501419609315658,-0.008559675814251568,0.05375365193329365,0.03669278213610505,0.024904378143115507,-0.013220103318965724,0.011721229012009745,0.04150976385389743,-0.027535163379298264,-0.028588586792680927,0.13853716631973076,0.05501293673083621,0.10699394328133943,0.09543015730500749,0.00592800605074119,0.04594844320475488,0.12101675861208455,-0.005308549669916968,1.0,0.7035148850151725,0.7163596057568584,0.501444703505471,0.3883312774326392,-0.04064746088798861,0.012807315882408719,0.02304743194094679,0.03777548621456273,0.025305696216432555,0.04350526783505851,0.000349838393914473,0.08107636227523393
C7 GM right intermediate zone,0.15188181038187892,0.04413277013276439,0.026175721117559617,0.14532062817587887,0.06672282417802998,0.05555910489767805,0.03204428310459895,0.002245202582622484,0.03668008247787719,0.005486413114011923,0.027994739954081933,0.014938469117153193,0.042130892629194866,0.006756717937568707,0.0955157692680172,0.08077519498616752,0.04165203758349377,-0.005405603718416945,0.06142328649833982,0.07017577607081678,0.09316177071417109,0.00886823562602334,0.05684415895678096,0.10697472383046232,0.05098291763372496,0.06546223574525549,0.0718792692675227,0.12433624196215222,0.05523663057540018,0.08890387397698103,0.03640975537660019,0.014966164649980905,0.0911396912254276,0.004564116662189979,0.02829581558295306,0.02631106387809965,-0.0018346335080192337,0.03460700781701116,0.039137626453155896,0.061026618159773775,0.1085792281782172,-0.05162591787548122,0.09372242333997192,-0.05537138240260861,0.08391969305707354,0.06019040869462316,0.1028354870375889,0.09656662896884693,0.09767861506984336,0.07750132888804655,0.028667884959283442,0.030398385644151545,0.07083929673281103,0.0264932672952326,-0.01962229451020141,0.03578443657766901,0.04508288007501553,-0.000625167462626776,0.0641170367855951,0.06166595004614628,-0.02425195660624064,0.1010958987366454,-0.010687175754179833,0.035419690844501105,0.05946181209638217,0.015283556350694762,0.020747025774237364,0.0046159961866448045,0.006147907632735192,0.0338520985164332,-0.13238812121503235,-0.13637123535700196,-0.15204970234500403,-0.01764846439390486,-0.06223624460829417,-0.07500955104107607,-0.08841208645837768,-0.11624157684315901,0.027998886082687177,0.05704030374551583,0.029649805997535437,0.11644941679603497,0.09104499344137722,0.08868938970799549,0.05575473505873108,0.06829144037927612,0.035000280535614055,0.019263524821660587,-0.0035957620041256032,0.08851043645585975,0.06801341429778382,0.070490266767652,0.09691198815461097,0.008487600948381612,0.16479994517743699,0.47750965795194394,0.18497372843602455,0.7035148850151725,1.0,0.8055885786936493,0.5062773107769811,0.5918776705060937,0.0013016002106532385,0.05454849136315161,0.038638929480681844,0.016129399734495214,0.0469899322462939,0.07802495356615459,0.023771111931448707,0.10728856742475239
C7 GM right ventral horn,0.10899853297684736,0.004614963143820961,0.008119490897476586,0.11477719325946875,0.061694885966049245,0.08621661503365981,0.049878386830845924,0.014557814783703493,0.0953607896539473,0.05118234350154963,0.0010375452290804464,0.029869432467632993,0.025727269063049903,0.03205929464247979,0.04393581168943714,0.021449409491580865,0.010329195612301428,0.01148218645598803,0.03480523453080037,0.08474518644924618,0.08673233470747245,-0.008517785298560782,0.03981424628480631,0.1170759653888989,-0.006077658876918474,0.007702260061868073,0.07894551301949342,0.1013037336200807,0.031757797608045125,0.03853507689240299,-0.0036946896501444575,-0.02823808019823506,0.07801371387235626,-0.006151654893968853,-0.021608998097643186,0.005247131492211943,-0.02234255320427524,0.027497551508018168,0.02845049872007551,0.059789580692724054,0.14247273978908256,-0.08950348402200538,0.0588112178617717,-0.07648403056814293,0.14464073173140612,-0.004963225944817998,0.05085417604560732,0.054309699584081446,0.07592764747477132,0.06509409107558183,0.008465744892644374,0.022085590532167392,0.02633866629551556,0.014595581960963968,-0.046279685581001935,-0.01030517316676067,0.013814199615353347,-0.011305755250517933,0.02894254283235459,0.05400465602473353,-0.019057336579200338,0.06442872633974692,0.0026184268244216907,0.018505193721019317,0.05125645015816219,-0.025494702643380402,-0.018176174408734674,-0.04975706405392328,-0.01157772485767253,0.012253955500456609,-0.14338736635078447,-0.16062183690634316,-0.16353353724767464,-0.03945390269269727,-0.08436703619017662,-0.09307340425898879,-0.08875371349473322,-0.1396892895101538,0.05341189495893282,0.05527861871004739,0.03694570454482237,0.09945546815257915,0.06624450806162856,0.0787099403166428,0.05005581803209866,0.060880097323872666,0.0546348056794985,-0.011341210166368468,0.008605019978566417,0.06614023218208333,0.027934669314048557,0.07704198305787635,0.0996510238370385,0.010865326398631275,0.061568100215010094,0.23703588468078673,0.06239001308554397,0.7163596057568584,0.8055885786936493,1.0,0.4670861785972199,0.49429619726613244,-0.020214467181730353,0.0389782158579786,-0.005659997031170893,0.005219796560683717,0.018321382976287482,0.07478164276543203,-0.05047850169325289,0.045943247452752856
C7 WM ascending,0.06462402733709774,-0.0014098910895856687,0.06094074814607987,0.10506301821000495,0.0672559994855031,0.11160772587143396,0.06472855044517067,0.03365408595968196,0.07363963800386382,-0.029003446624964964,0.07582318793085849,0.02660001655359988,0.014888745153007026,-0.015413059590590241,0.06961380918449514,0.01329778944545321,0.014859883750042147,-0.011761037401322158,0.07027049625676492,0.06724582890583618,0.024982435889966625,0.02348039585007092,0.06745339402050066,0.07622302215999226,0.06346087332113302,-0.028199441095469624,-0.005117166016381404,0.14913860636314144,0.03735975831770965,0.003675351740629531,0.002193142887224902,0.019561863488168595,0.06522838309202558,0.016484078322864918,0.08755023721792497,0.061589027886879984,-0.05635640493794391,-0.012937913290547918,0.056858271364492986,0.07199462920904606,0.08254578175040359,-0.06317006784186445,0.022828613987052444,0.049460264698378734,0.03784756099106717,0.004139947392068354,0.03186311591357446,0.13452561739841523,0.03651341358638831,0.009086617798586941,0.024290461938147056,0.01734021093703588,0.11304295546077667,0.06488293892370316,0.05165467051772745,0.011845089745191724,-0.006035837555218065,0.05648664972411523,-0.03786616019142215,-0.03862136915596403,-0.11044426412614029,0.15089254719236622,0.049978657065969045,0.03810559153720141,0.060273625196994945,0.03472860544021377,0.02997868297943904,0.022949239923973762,0.04315420577898596,0.02036055289493424,-0.11613782628620473,-0.10975536844844389,-0.12787370946430412,0.010525830407300348,-0.03924245863936542,-0.05582767415485239,-0.016714579664740218,-0.09462527730040271,-0.05195225160755745,-0.0673666762882093,-0.05695084768055161,-0.02102863340102813,-0.07005434761082752,-0.0717877008818502,-0.09032996098433277,-0.08414248752368161,0.1350287590973733,0.10935707032178206,0.11013051262988266,0.09992800352694307,0.10676577960347705,0.13833707933059528,0.18309650556524434,0.15503804914600447,0.5198744552052844,0.4938582365371472,0.4400097840524987,0.501444703505471,0.5062773107769811,0.4670861785972199,1.0,0.596504975364524,0.07660849649341929,0.11436673275708359,0.09274083482169855,-0.00503581997224815,0.07068322104530725,0.06775997710671353,0.05184418366052578,0.1269583661703844
C7 WM descending,0.03392485428374385,-0.007292614474916621,-0.0036716762772412465,0.0462972782830542,0.05542412270156899,0.10562371233306171,0.06258244017891951,0.05191872675667538,0.030457255336368175,-0.046521146987937516,0.07060042983541075,-0.00637272511235214,-0.014895872165409307,0.024557716490363226,0.07863180721884422,0.05415713118502355,-0.009286031913534729,-0.05541172564191056,0.03095684806292705,0.0651210854721342,0.04983150001496789,0.0013625065444985403,0.007544482396732924,0.028896763394945416,-0.013371682354957417,-0.04169257787175756,-0.01827044107026027,0.06378692890959187,0.032293858690038785,0.002673504908111292,0.030165483014605168,-0.042607340571341926,0.06241043818035465,0.03394015585700578,0.03115336829282984,0.08065300396442385,0.016874138401119808,0.023868211249988492,0.04033781632802139,0.09414032727944958,0.07170416814279464,-0.023308415499318228,0.028981780097272276,-0.041648999607954706,0.007634445801317406,0.05731940797660584,-0.04514559875706831,0.05277896141261355,0.018586558662325354,-0.0034508258443288644,-0.038606150056199995,0.010510304699750273,0.029474274413131888,-0.023332321668710205,-0.06930316732755532,-0.08053535694014748,-0.057421075562348094,-0.054690385116263146,-0.042907739684752345,-0.03447585678211707,-0.06397051297396736,0.06218194175806369,-0.033906956777231746,-0.034195654104890706,0.004364398160549172,-0.06404480679497604,-0.06261142296095976,-0.05180916829514722,-0.045757188559269864,-0.04327360972613218,-0.16654379719937626,-0.14687502574516506,-0.18231625781035993,0.011972167892802569,-0.04231563439228669,-0.06336600732225951,-0.07407753723820434,-0.14605255226445482,-0.08993553811755264,-0.07948994451076556,-0.10229013160877187,-0.00594902665394698,-0.04616068057990377,-0.06747643567752067,-0.07918623262712292,-0.11442033278444175,-0.0185220080346324,0.014278749806899584,-0.01457489546419988,0.022827452379508287,0.03959005451788918,0.023633305302184042,0.03608082240007818,0.015488540621893514,0.43767073812408097,0.6220356173255612,0.5418377057156039,0.3883312774326392,0.5918776705060937,0.49429619726613244,0.596504975364524,1.0,0.09496782156541728,0.08572416480190244,0.08124056966679623,-0.02790464411510988,0.013321960739285979,0.05569793015486511,0.0906017073776847,0.14518936817597342
C8 GM left dorsal horn,0.09176937410145705,0.10066024343736772,0.10757951837399296,0.0351773530677126,0.11539083214523356,0.05524509435148021,0.0741978351489452,0.1642469798320434,0.16582432013930268,0.06961029601782705,0.08293989888496817,0.14269397399105493,0.14597387624767252,0.06167311067707678,0.03284792299571801,0.0011055166884851215,0.20057488811709082,0.19729043325266976,0.09022697851482982,0.1073155224112545,0.11028569471427399,0.1617440134990635,0.11666720475475546,0.08076498725492426,0.08885536503692883,0.11861142863206744,0.12230795303600905,0.15361888730777742,0.11342720112129435,0.15148272178372843,0.11548115072418474,0.15901861156509875,0.08703827036958998,0.10930974025924049,0.06683637268856048,0.0702747851139023,0.12168460749103616,0.15687719053687083,0.11654145757206971,0.15119349972316487,0.11952043053860588,0.06624424681509997,0.1365795507820378,0.16827726612923277,0.08382967332131161,0.07354913284598238,0.10795235260334947,0.048136049581564005,0.15012298616052766,0.13535151067557494,0.10845973248310187,0.20933654164721507,0.12400919799064525,0.15003063330158664,0.08526947974470234,0.1875803706076521,0.13203746367439106,0.16242851406537837,0.08582704575459216,0.15878229578973496,0.13594792795810604,0.10621875613196069,0.054334694072397806,0.012596167493357806,0.009167614402484845,-0.022259822822401326,-0.005741870942736711,-0.014364904178433405,0.006093741591768307,-0.05334317739105573,0.07163991660311403,0.08090884522089424,0.0703927399087261,0.07934028204868905,0.10638896152394983,0.126745825937597,0.11122307061979145,0.13816012726250332,-0.02376107357526143,-0.09317333679801064,-0.08862161640021654,-0.09443300197061176,-0.11965331457238645,-0.11343486698130907,-0.09687835549506095,-0.09933188804813103,0.007591169686108275,-0.014306413178224935,-0.0382746595913534,-0.06643053435911098,-0.015114599212304422,0.008088642964199071,-0.009630350891256408,0.03887933427556012,0.13269109906197632,0.10803672008400934,0.12142196293598953,-0.04064746088798861,0.0013016002106532385,-0.020214467181730353,0.07660849649341929,0.09496782156541728,1.0,0.6856867575239101,0.660790074477053,0.1497201836200314,0.1995865189327976,0.14447192973218595,0.524420778623535,0.3935770491000565
C8 GM left intermediate zone,0.04410810420336233,0.0696493485084897,0.10782733254724647,0.06548966771422195,0.06284514332239503,0.0256860902375099,0.04564354368349134,0.1685882295328039,0.12254669054832162,0.002772511341051083,0.10105454854795709,0.16064241249210223,0.11806635027535513,0.07193635271283111,0.061467385338374494,0.0020474302805301055,0.1064495437903427,0.10388028124244963,0.08330422436292959,0.13595631994285295,0.11694583900286512,0.1866099616201663,0.07824073218786115,0.07076177944034781,0.10195349834634679,0.07280400272464795,0.06246374078605041,0.18368281560121916,0.16532052410115808,0.09056904520333835,0.0641033805003185,0.13873389382372447,0.03538977236529406,0.06399907788930605,0.026203363765090287,0.018878165192166105,0.12259762300819141,0.11511804373312665,0.10428914666779426,0.10089809248173137,0.17384711070141792,0.05389587755944736,0.12729476784325017,0.11188794199943555,0.09296344179544531,0.05401082169507633,0.12235503804871777,0.09658322024698572,0.1447618929673418,0.15659165718162446,0.10274284755262802,0.10083727265015016,0.10329306885077198,0.0686416582379817,0.06409630343431587,0.12922912767580205,0.10107937417800185,0.09520329077719109,0.12819649325816726,0.061258514955704856,0.04786886517609786,0.09985436262879523,0.09281264939690659,0.06604654955308427,0.06749725276324262,0.03374996472025995,0.03517340778839167,0.013895050390649557,0.02664577078081888,-0.017993323859274754,0.03142074113604882,0.061179621283369276,0.04268356152610299,0.04670937749828522,0.10029359651472754,0.1422052967771216,0.07246690468274332,0.13429344355521988,0.053047491108808964,-0.03656941169830964,-0.021085017068667816,-0.047700515709256736,-0.09094528387863203,-0.0736512239471401,-0.01795015792919423,-0.032254132897968586,-0.009966095756911063,-0.002344612721789213,-0.05490726712989066,0.023229621132094005,0.051142953336176085,0.058957476688841444,0.04305937188443696,0.07581155252760795,0.11149663303511106,0.11605488635799033,0.11085095316540534,0.012807315882408719,0.05454849136315161,0.0389782158579786,0.11436673275708359,0.08572416480190244,0.6856867575239101,1.0,0.7556527578340362,0.20584079643130976,0.3999670835995127,0.2106225063481995,0.4529529810184488,0.5275002162183531
C8 GM left ventral horn,0.10832559222951037,0.11614573628663041,0.10715023643494595,0.1135266572004649,0.09633735686381592,0.05073550700548172,0.05942764331261789,0.1933847737258068,0.11895686794827635,0.03169214523598809,0.10115548971815506,0.16697118987875934,0.10936748815842474,0.04083499789841491,0.12841293968730916,0.016505025564571264,0.1357316782092068,0.1607239891886117,0.09015305058074441,0.07910155152010533,0.08284699697407419,0.15020492359236123,0.12059505027516601,0.08436733079688225,0.1268554322862408,0.12174321239563902,0.09904650530319278,0.14646866213531487,0.1544006312315839,0.14832277069491348,0.11565512751982888,0.1274538905205541,0.10996463077597796,0.1325317753165667,0.0006014489451586796,0.08222293073602097,0.14525690852796075,0.1720146190323716,0.12709098437552083,0.13769661806203534,0.11666453133557061,0.05725942330903245,0.1219279130536535,0.14452792253960628,0.040520189129723425,0.02756585123936919,0.12652554082993783,0.09956464002685214,0.1039269273081085,0.12422260987862314,0.10978210454194738,0.11053806756652944,0.1258842361100388,0.07868531474259774,0.06921392705361974,0.1308943564064366,0.10328215678465717,0.12273388401327223,0.10045841659029595,0.09705263771202984,0.08996407588780626,0.07842026847376041,0.03269788181935512,-0.005681939249046437,-0.00182951154316267,-0.03253446668194737,-0.023151770386421345,-0.015430538617657719,-0.030788715568654784,-0.057833711387328714,0.007522754681636357,0.0017724016471936917,-0.014097243316196084,0.03529432193922733,0.0433462882680861,0.0730819903655507,0.04058911515687048,0.04177355868123763,0.0440701067724827,-0.016624670238204978,-0.01414580728837923,-0.01972388327674502,-0.04755253127100774,-0.039166055002282055,-0.006586545742500144,-0.011529346906311326,-0.03872207567653395,0.010425186932539817,-0.07818541938213115,0.028804693015491878,0.08114602274603613,0.07528807233151996,0.03773134267924013,0.0790008302564858,0.10788388902608133,0.10831330448087247,0.11263362959676072,0.02304743194094679,0.038638929480681844,-0.005659997031170893,0.09274083482169855,0.08124056966679623,0.660790074477053,0.7556527578340362,1.0,0.07801901650793827,0.13110170582888717,0.07844306506060146,0.44654251927194744,0.5418318747715843
C8 GM right dorsal horn,0.00013583836726597368,-0.04665008278827085,0.05490005121197101,-0.061797665759597595,0.004817784686240647,-0.007591367813112126,-0.01189571124432225,0.05116664373404574,0.035550177941478515,-0.015864829126427546,0.0021884664344277017,0.0012590968415653085,0.04541326260009625,0.042469680711042145,0.07486029747128856,-0.05223050405712931,-0.048680135493739694,-0.03175387607082888,0.024884481477708772,0.04908718537564217,0.051313453726873806,0.04955822628037247,0.0010206287184526882,0.025191318758509978,-0.015630551822675587,-0.06498927648542027,-0.04478684790781742,0.09842372531836761,0.0029422967565991137,-0.02713447269642017,-0.006043747782637752,0.025854854800992522,-0.09689224864731744,-0.0243536370862542,-0.08050752374016214,-0.0008443643003397165,0.16180374505744619,0.06174322931212477,-0.04508405054226928,0.08956452028218241,0.0363299375744721,0.01736053106367249,-0.03457017132174786,0.13281177929216018,0.02095050687847233,0.05262217096930832,-0.012505304093044043,-0.022390420810257494,0.04199008730310381,0.034268488622046185,-0.05071793695709104,-0.005197109475261721,-0.023441380557968045,0.021359598480368645,2.9670683479953463e-05,-0.03248734289414283,-0.06599774307699631,-0.05785665235220833,0.0358383479270788,-0.008177131906878908,-0.09712274853121379,0.06045418928733706,0.01987195319522715,0.06643031839129075,0.0499505464464287,0.02241099731887359,0.0835659640308488,0.07245091567541222,0.07334274903797355,0.058780377561866784,0.011248739336687021,0.04889875441226807,0.0670891913489404,0.03931636964583038,0.05812095813263135,0.10845269490163874,0.040058166518771796,0.0877896829539899,-0.11300416991843806,-0.04118207684925601,-0.04462068989025085,-0.11788483758742897,-0.018113552318912464,-0.056848469804427204,-0.09269379614846948,-0.007764964391750244,-0.07213370030436116,-0.049579707421785364,-0.04417422692613307,-0.026340268697400623,-0.015606991277147243,0.009803346950439388,-0.030559396277871572,-0.03450062996835981,-0.033504408712609346,0.01125994877430797,-0.024370065316608847,0.03777548621456273,0.016129399734495214,0.005219796560683717,-0.00503581997224815,-0.02790464411510988,0.1497201836200314,0.20584079643130976,0.07801901650793827,1.0,0.7108236150124956,0.6914239380128089,0.5639513890323822,0.3948919993107233
C8 GM right intermediate zone,-0.08078204974610659,-0.04763875008237762,0.038355634643481774,-0.042084898755897306,-0.04248903040391588,-0.03477891166995774,-0.047062067142494945,0.04898982010195705,0.0022780155751064464,-0.0740592627133017,0.007122222424015301,-0.03354667693918136,0.003339523283225598,0.03921303336620832,0.044573214735786626,-0.06873157683340504,-0.03570626704452833,-0.030694908333971826,-0.02119921016833182,0.08446003090933767,0.04069849103982362,0.06864537974997909,-0.03796594571363632,-0.025003897096788876,0.0033650423670131416,-0.04783354581328589,-0.04549863303931558,0.08184821948186735,0.027916080607885894,-0.0702515342812358,-0.07566170980069094,0.04237127932971827,-0.11698308752716641,-0.08982464835348464,-0.04248370336693866,-0.056258057712658745,0.08606093817397738,-0.0279599178825557,-0.026895818858386447,-0.004729581541742303,0.05478718074953525,-0.04477981444015957,-0.05435572719454038,0.04569700270726392,0.004830570515434245,0.049561858757363686,-0.010530949340056687,-0.020357025774432477,0.049522207667937024,0.05316018502587331,-0.06819845393419001,-0.017203861258641436,-0.038801065191114134,0.010746125428982407,-0.011465690008467798,-0.03197957297605362,-0.02130727870897312,-0.04309867296648938,0.08358914432079802,-0.015576547386427603,-0.0987570400706088,0.054073768402900645,0.07135290345742026,0.1095464189070628,0.10354552933217887,0.0693893217122298,0.116658185328466,0.0854132483967363,0.10538761109039481,0.07623279651357587,-0.0318481199282855,0.038132948722943615,0.044060442631290324,0.06705949039454227,0.09795386360247885,0.15890915721086155,0.04253969127037625,0.13474278510233967,-0.05841743423295148,-0.03731352491595548,-0.024058019592831933,-0.08639764148247267,-0.030322305871789457,-0.036853445775826416,-0.03685711114936414,0.013989758295141194,-0.05345904354313507,-0.07975869755903331,-0.048231750909185314,-0.06432424873005822,-0.0762960680282885,-0.06350049545120728,-0.03910916191979538,-0.0847879409034256,0.031493964362495026,0.06993595128713571,0.05240242207421628,0.025305696216432555,0.0469899322462939,0.018321382976287482,0.07068322104530725,0.013321960739285979,0.1995865189327976,0.3999670835995127,0.13110170582888717,0.7108236150124956,1.0,0.7638033796141935,0.5464228059081964,0.5292558709389957
C8 GM right ventral horn,-0.027204780236712994,-0.012701559276212117,0.06597180386623744,-0.01755672309262966,-0.05113002282970458,0.038593506654341934,-0.03787460995019572,0.046971243217101714,0.005604351072818999,-0.027361812264647047,0.0074157540764820526,-0.03161166561267107,-0.004201634287345948,0.00422987325337824,0.06273176432412787,-0.027837908611083734,-0.026612479309149333,-0.023469871595448343,0.02840671398205072,0.04180006501871485,0.06319793035148036,0.022601587274617366,0.017863956375658612,-0.004426753000747824,-0.020800621200581765,-0.059561214495638795,-0.010205113525695414,0.06106144944102935,-0.012146663243678612,-0.0472000079070265,-0.09027657264149247,0.05133422256877581,-0.057813390421548365,-0.07351667377709173,-0.07755579611864168,-0.04995542119870712,0.07245434496589485,0.023312953185264416,-0.0005304358589642613,0.027252133151799356,0.06286404053777825,-0.023410859932067,-0.04037113814174522,0.04657251722317422,0.007520271607423036,0.053099369229823896,-0.02805233356394102,-0.046642446461432695,0.03855291269310078,0.023380867014371146,-0.08235306564549986,0.027369942777432214,-0.035854994672221786,0.0036285676416055947,-0.010042719385069811,-0.051554055491477326,-0.0484166496538898,-0.05599331345356586,0.03825778559776802,0.019295287738737846,-0.06312352168553452,0.03777737291944126,0.024425774482229417,0.08410195616005606,0.08454538385286571,0.0046763833166838025,0.08096014573124796,0.06270383265974551,0.0777903523144247,0.06867329342126306,-0.0410800518697864,-0.001324676920378418,0.015812603490021688,0.06993117668041697,0.06736136759346112,0.12250560746105812,0.04761636924368609,0.07664139285040887,-0.0678782309491358,-0.005735994947612402,-0.002922992844517763,-0.07946566971193687,0.01644560475090684,0.012430958678770507,-0.0403284043278457,0.04794074547867631,-0.06655285559186631,-0.08503268878040329,-0.06097771702746614,-0.09587837371451033,-0.09214872774885519,-0.07020075161144425,-0.06609807496434945,-0.10624751787308911,0.05292846609602782,0.07659146259722781,0.057182017852160705,0.04350526783505851,0.07802495356615459,0.07478164276543203,0.06775997710671353,0.05569793015486511,0.14447192973218595,0.2106225063481995,0.07844306506060146,0.6914239380128089,0.7638033796141935,1.0,0.5601098614298792,0.5524746126475426
C8 WM ascending,-0.01894289358080348,0.013050186046995309,0.025468658764467585,-0.031347512251388834,-0.0007159943764688414,0.0720001947472439,-0.04078515364042138,0.09626250909116196,0.03754471646324483,-0.016236695305872996,0.04267651575339038,0.04914912799525048,0.07074893750462542,0.055636136448985817,0.033034682995655436,-0.04614435863426101,0.06368123544845307,0.04497373729585289,0.0023895305568502,0.05153866830310261,0.025073874270196587,0.08484258020716386,0.06392554366286658,0.005534226321978066,0.019024964448151674,-0.021532166105398723,0.005820828472858751,0.052794335625005274,0.017137660641382713,-0.0004901693427539693,0.025594265232622013,0.0711860833403382,-0.05140110984429126,0.012098764756455611,-0.03610010692217926,0.0166930175239716,0.13278629159253807,0.10389729889010281,-0.0024978128712580313,0.05788987476646639,0.07790439868751563,0.06587618724766911,0.033769086986348104,0.1139894324229623,0.031167423998835334,0.09274492891223539,0.011972095810944374,-0.056425100849439844,0.04960403750212603,0.05422957053321088,-0.0021647334018523048,0.07089684131742313,-0.0018928026982122093,0.06973885866086782,-0.021452223432032375,0.026534203309770372,0.007740425755574007,0.028903463103478425,0.0586072642764334,0.04986294703821944,0.024714058245087427,0.05029421641096705,0.007125331567133063,0.054900078857019544,0.0339069704077197,-0.007798247898727493,0.05952081001616475,0.03897885839359289,0.023214998084248758,0.02687222854940124,-0.0015416579961876951,0.017480818149607818,0.013908411619499517,0.05994798746241538,0.06719934272511546,0.11616856366065587,0.049434722933723,0.0637300658208091,-0.11920268988321782,-0.1280457986535459,-0.11207062991378228,-0.15986649797764615,-0.12424074600642972,-0.12960925898945802,-0.13190383216898915,-0.10573149364611478,-0.04504271822631299,-0.05848427502890042,-0.04660634015635007,-0.0942360430335971,-0.06339928634709106,-0.05443413200310829,-0.05197772964388801,-0.04264687901201487,0.1055769249482676,0.1289081693061903,0.09583414531624834,0.000349838393914473,0.023771111931448707,-0.05047850169325289,0.05184418366052578,0.0906017073776847,0.524420778623535,0.4529529810184488,0.44654251927194744,0.5639513890323822,0.5464228059081964,0.5601098614298792,1.0,0.7005011518892393
C8 WM descending,0.036321404346788426,0.05941434951138147,0.07192364159989893,0.0876781205955819,-0.03264923723466955,0.0572630168140564,-0.07239083344858031,0.06175200903517517,0.0055255563479790675,-0.07139912242110792,0.08712493352756656,0.009856008931660056,0.039302599448498746,0.030483793933186967,0.0577514023576383,-0.007627251123708916,0.0391323316426831,-0.005623210578221214,0.025705371201987917,-0.003146683925598849,0.04631881372914976,0.05780440553696445,0.05091826568152695,-0.004176147595894692,0.05116028333183433,-0.01057665664802104,0.001406650333032225,0.06984747259314293,0.02534353093090387,-0.009181757392939251,0.00359419505778615,0.05699318444209701,0.03425626844913431,-0.024757136203091917,-0.05075403069984949,0.007967556013275166,0.04965331556607141,0.05447813964240669,0.033692184024926526,0.03161955754917568,0.09225165626519255,0.05678866355894768,0.010422438222614811,0.06559080569468695,-0.019209670230471435,0.06772099853635104,0.033546378977271495,0.003886573715048852,0.05282232158238528,0.034052303037834866,-0.04508172603762933,0.02406455348248524,-0.006431426104094415,0.005971607061655491,-0.02726916901649419,-0.0016509726829606777,-0.006715874420300472,0.010582814934914034,0.037176157219962896,0.0030708743763531205,-0.017944173678474905,0.04625963676654559,-0.005157365145373962,0.033082725976340974,0.02147691181261824,-0.02675162975573528,0.03075212602216921,0.01709564749140767,-0.009242666308573476,-3.435679037602208e-05,-0.0829288739759397,-0.062476989484481035,-0.08327894722642976,0.051728249869035195,0.03558099857600786,0.07187056464800202,-0.0074921445783219,-0.0037712866608699334,-0.08010409972154206,-0.09142288914344773,-0.07739159095641933,-0.11374239189021665,-0.0794525047622436,-0.07444199438821981,-0.06947642158635317,-0.06301821450137346,-0.023697731357855748,-0.027961757471544633,-0.0522870392615272,-0.04232027180280502,-0.017789284631137166,-0.028148795051256826,-0.015636312477940145,-0.047772761797191234,0.123343220365936,0.1548119368234873,0.1344082194231361,0.08107636227523393,0.10728856742475239,0.045943247452752856,0.1269583661703844,0.14518936817597342,0.3935770491000565,0.5275002162183531,0.5418318747715843,0.3948919993107233,0.5292558709389957,0.5524746126475426,0.7005011518892393,1.0
