,7Networks_LH_SomMot_8,7Networks_LH_SomMot_9,7Networks_LH_SomMot_10,7Networks_LH_SomMot_11,7Networks_LH_SomMot_12,7Networks_LH_SomMot_13,7Networks_LH_SomMot_14,7Networks_LH_SomMot_15,7Networks_LH_SomMot_16,7Networks_LH_SomMot_17,7Networks_LH_SomMot_18,7Networks_LH_SomMot_19,7Networks_LH_SomMot_20,7Networks_LH_SomMot_21,7Networks_LH_SomMot_22,7Networks_LH_SomMot_23,7Networks_LH_SomMot_24,7Networks_LH_SomMot_25,7Networks_LH_SomMot_26,7Networks_LH_SomMot_27,7Networks_LH_SomMot_28,7Networks_LH_SomMot_29,7Networks_LH_SomMot_30,7Networks_LH_SomMot_31,7Networks_LH_SomMot_32,7Networks_LH_SomMot_33,7Networks_LH_SomMot_34,7Networks_LH_SomMot_35,7Networks_LH_SomMot_36,7Networks_LH_SomMot_37,7Networks_RH_SomMot_9,7Networks_RH_SomMot_10,7Networks_RH_SomMot_11,7Networks_RH_SomMot_12,7Networks_RH_SomMot_13,7Networks_RH_SomMot_14,7Networks_RH_SomMot_15,7Networks_RH_SomMot_16,7Networks_RH_SomMot_17,7Networks_RH_SomMot_18,7Networks_RH_SomMot_19,7Networks_RH_SomMot_20,7Networks_RH_SomMot_21,7Networks_RH_SomMot_22,7Networks_RH_SomMot_23,7Networks_RH_SomMot_24,7Networks_RH_SomMot_25,7Networks_RH_SomMot_26,7Networks_RH_SomMot_27,7Networks_RH_SomMot_28,7Networks_RH_SomMot_29,7Networks_RH_SomMot_30,7Networks_RH_SomMot_31,7Networks_RH_SomMot_32,7Networks_RH_SomMot_33,7Networks_RH_SomMot_34,7Networks_RH_SomMot_35,7Networks_RH_SomMot_36,7Networks_RH_SomMot_37,7Networks_RH_SomMot_38,7Networks_RH_SomMot_39,7Networks_RH_SomMot_40,C3 GM left dorsal horn,C3 GM left intermediate zone,C3 GM left ventral horn,C3 GM right dorsal horn,C3 GM right intermediate zone,C3 GM right ventral horn,C3 WM ascending,C3 WM descending,C4 GM left dorsal horn,C4 GM left intermediate zone,C4 GM left ventral horn,C4 GM right dorsal horn,C4 GM right intermediate zone,C4 GM right ventral horn,C4 WM ascending,C4 WM descending,C5 GM left dorsal horn,C5 GM left intermediate zone,C5 GM left ventral horn,C5 GM right dorsal horn,C5 GM right intermediate zone,C5 GM right ventral horn,C5 WM ascending,C5 WM descending,C6 GM left dorsal horn,C6 GM left intermediate zone,C6 GM left ventral horn,C6 GM right dorsal horn,C6 GM right intermediate zone,C6 GM right ventral horn,C6 WM ascending,C6 WM descending,C7 GM left dorsal horn,C7 GM left intermediate zone,C7 GM left ventral horn,C7 GM right dorsal horn,C7 GM right intermediate zone,C7 GM right ventral horn,C7 WM ascending,C7 WM descending,C8 GM left dorsal horn,C8 GM left intermediate zone,C8 GM left ventral horn,C8 GM right dorsal horn,C8 GM right intermediate zone,C8 GM right ventral horn,C8 WM ascending,C8 WM descending
7Networks_LH_SomMot_8,1.0,0.7683152765050485,0.7411488122494594,0.7311773384342505,0.5058227113450698,0.2293201003339275,0.3450956957261609,0.40174301471423185,0.39074043823929133,0.44063173715209,0.4430427561680686,0.27474427559926445,0.41157516500941715,0.4700553063429829,0.3691510772706598,0.42023865425845536,0.4534597064004927,0.5075891089111575,0.31989721450575337,0.5524202968584898,0.33613646211679815,0.3966839531605217,0.2839055504824534,0.4128728679346062,0.49672502447473843,0.46640210653912756,0.40793155090738,0.5660532613312185,0.47500433731950453,0.40753498002303074,0.3215492424530417,0.5695232296153935,0.393958060066254,0.6651639815478914,0.4232393194356437,0.6636515835784802,0.2920737242934282,0.44387730671704506,0.17591140935181032,0.36732157667984044,0.44688918221171503,0.3804118343595218,0.42930910237325887,0.538984859654071,0.4988508945140811,0.597589031399782,0.3459816363837124,0.5312554154128449,0.5949169164232846,0.641084301786602,0.5050430477938117,0.5356825703968879,0.5521785299467327,0.4049864818012137,0.44093806522632983,0.45241697349150295,0.5387643777994698,0.22023354622836744,0.10314904134182733,0.4696315246709206,0.30973977236988387,0.32909844427425217,0.028497959276908198,-0.03496693088720351,-0.06693010250630267,-0.058760426234399955,-0.06192454173444619,-0.0769577086599647,-0.01280822466109412,-0.08986545462748657,0.02764794293193419,0.017521256180056094,-0.01328330175589173,-0.025678003463601797,-0.012234824087686278,-0.023216439972518262,0.001474539339964174,0.00256335739797106,0.0438203443710948,0.016220607653584993,0.04403375105084117,0.0008319876981540736,-0.007175582285956605,0.04843997755619069,0.0588940458344646,0.040795243343125905,-0.09335149317787562,-0.12480454003679119,-0.0258650664377013,-0.07936989710355181,-0.13170801976096758,-0.0508298355241292,-0.08527963080996598,-0.08230228646190377,0.0722284456925705,0.06885978321829608,0.030167286389874582,-0.06046155786771747,-0.08866562978047533,-0.12158503750580857,0.0631922650109993,-0.02191418281332485,-0.05876850964276437,0.08335163164621401,0.000490919072137289,0.01678886389551898,0.11782063475414911,0.050071375786723715,0.017099428935153323,0.016158860802368932
7Networks_LH_SomMot_9,0.7683152765050485,1.0,0.7184758735317633,0.8014438117979272,0.5790677826003812,0.28781600131058377,0.42627689976344474,0.49724209637714417,0.5000771126902755,0.5522078779790693,0.4629441624515448,0.36366949311905494,0.5478389769205657,0.5831038035076166,0.4282471283365564,0.4650983673102295,0.5217847229135916,0.5818093926563418,0.4237876243932846,0.6839271632069233,0.37838089808020664,0.4628707768868429,0.36195068931999047,0.4558673299500009,0.5396756205223547,0.48093988005841215,0.47014014886381517,0.602373350900611,0.4866706350517006,0.41938915721464803,0.3767891857137412,0.5684146690985438,0.45649251367986865,0.7885899444981812,0.46936347672360745,0.7543597676393663,0.29553884907489125,0.5398588340287843,0.22976762248216584,0.4772889033016399,0.5024404586853295,0.42172807039017773,0.5522267000420662,0.6566897190242086,0.536297397545931,0.6352062659466456,0.3473103451550621,0.5722351492635918,0.6351868069541975,0.714680961572271,0.45858163034290994,0.5400712238848847,0.6618470971331138,0.49044642968697066,0.41187841560167043,0.46423906912032137,0.6486854960391129,0.18518799463497998,0.09352392413106787,0.5903459145669328,0.31347770048860046,0.4108766799042684,0.09851243823911854,-0.004670170984030451,-0.04051766744694004,-0.09167359709706167,-0.07331651118739668,-0.09940563026259999,0.02174840962216287,-0.062472971504847805,0.06214456272003844,0.020023475844291656,-0.0201231527179056,0.007284059234421202,0.0016027622476640908,-0.007541019675704422,0.04163092652572477,0.01844599023799808,-0.07466418831643433,-0.036377058773770135,-0.0032306310580831454,-0.03807721119218118,-0.052260378895445436,-0.00515061592152793,-0.03804316364377608,-0.012086505575632171,-0.0796134471547392,-0.09690368839878094,-0.01803951022135702,-0.05516415795150871,-0.09947401006242423,-0.055425518253491304,-0.04179244215576642,-0.055005607234900555,0.023596633280511686,0.011037653889170947,-0.006138993437380992,-0.03919932633465014,-0.06699748584181073,-0.09136375749735957,0.06394838787358592,-0.040674678430031294,-0.10186102991950348,0.010882742535347897,-0.018869308192839933,-0.025001976981987237,0.028583525466887635,-0.02477418857533749,-0.030178409565397413,-0.05101462090025417
7Networks_LH_SomMot_10,0.7411488122494594,0.7184758735317633,1.0,0.6947769349906672,0.379658079958539,0.10400220661162067,0.21164157316142865,0.27642194120573066,0.24158251875130343,0.3473176126688422,0.5279764272321951,0.29740990884032026,0.3430657774670711,0.4565995980059917,0.4368349197629509,0.5108242201441877,0.5143486288342662,0.49475416165121633,0.3784764529079044,0.5308245500179702,0.3872086770212856,0.3872424116372563,0.285689987376332,0.4050728915612855,0.5206482143141855,0.45601053319965956,0.3737921517645947,0.5522930323659626,0.43598314748677325,0.36471043387191265,0.3347182754318623,0.6789527853159099,0.427873983305178,0.6651332623139483,0.43177902054608513,0.5929946034410547,0.21125537617087325,0.3542400742660341,-0.01557634504282271,0.28360513964372197,0.3225713705510177,0.43753763701948695,0.3682904938596619,0.48895223766741674,0.5842191270304461,0.625839451217161,0.3958808105735867,0.57751232327313,0.6377558414401121,0.6134399238563077,0.5244913451598354,0.5621105291461439,0.5759159299897828,0.4731468412005196,0.43483508411131866,0.4676030141516815,0.5690455744716517,0.17577243049863261,0.10924588491908298,0.4738802094444026,0.31298377729798704,0.3804492755115616,0.080217569656816,0.011463941329997191,-0.02491501465366895,0.009310197249547857,0.0018530775047767773,-0.000614458149982795,0.0731047210551386,-0.010680230409273468,-0.007398070601689427,-0.029607978378589913,-0.04971321309721063,-0.03580612398405473,-0.02803944431498115,-0.018601417073485577,-0.02755470634022398,-0.01816758118504766,-0.017727629906323695,-0.05132759463281641,-0.012760483465596693,-0.07917078455056115,-0.09993855224377678,-0.03001479477247579,-0.01987205210413038,-0.04205517389908737,-0.09801244902406883,-0.13058230066431756,-0.06498163492913524,-0.08356018834652752,-0.12043967891536231,-0.058620827479544425,-0.06609523203214719,-0.09183273576557083,0.09857196066420022,0.08938278210549708,0.051780672826676644,-0.08017965094411769,-0.04921897248317489,-0.07283780897318665,0.062464628148813615,0.009854610297885974,-0.07431554479838326,0.016727000630907173,-0.030931050977671314,0.009790282789348978,0.08802590559133662,0.03479857232789409,-0.01631599654632385,-0.030673828016713388
7Networks_LH_SomMot_11,0.7311773384342505,0.8014438117979272,0.6947769349906672,1.0,0.5223792980507176,0.27133308627231123,0.41895700797356167,0.43496222170716015,0.49322500815433346,0.49247626381030074,0.38127036071158554,0.32601521976470343,0.42577069533376655,0.4506064281553899,0.31321082172111386,0.38372702081295906,0.38395952764686,0.4868956921873274,0.3661247347703027,0.5393673962487784,0.297871035752989,0.3853398064238263,0.23065953029867997,0.34115615750378775,0.43985705428077465,0.3345161373121606,0.32342623645562224,0.4802314053557541,0.3879802077476167,0.290360088723109,0.30867757236843035,0.5272138989367046,0.4659860492700845,0.6733288616254205,0.43210326155681417,0.7244640465154463,0.21029404947853964,0.482953493698421,0.1714115185601448,0.4199128744484296,0.44767208281126303,0.2844152711814727,0.4924616368106524,0.6121821429347808,0.4431096943297443,0.4988903799520656,0.39414506026399504,0.5063033114256148,0.5627046039662793,0.6357121204785349,0.45591140296141097,0.4217379355384582,0.5484978999395566,0.4204969552533132,0.3035626658057637,0.3691996610282578,0.518487826570688,0.13425030125135987,0.1451578456802389,0.45372457978339303,0.17749693230863364,0.37052407202393167,0.08229569236488028,-0.00032106977971551806,-0.0495070471065703,-0.10654772686881417,-0.07737545378189913,-0.10940828506302086,-0.004016559543093493,-0.09127264898083129,0.14130028518946003,0.07858670497094583,0.03744241708303649,0.0313287078297516,0.03976962594073423,0.02045299433069655,0.09350787355068194,0.049536123773393934,-0.09696170048905368,-0.013227618379577798,0.01004790282341157,-0.03968328883408977,-0.021833241087187844,0.004930833853890568,-0.03662274490564961,0.009901830400991076,-0.11753201915692241,-0.10242274773807952,-0.044454849974028515,-0.06798287178084261,-0.08424744445296459,-0.0450357302225533,-0.03260452027473848,-0.04475868004398998,0.009287406908063527,0.018769852818384766,-0.0164508431532772,-0.08982683027373194,-0.0774689984235529,-0.11103824070965822,0.02745956940766237,-0.019090617392184858,-0.07736678247812144,0.022051974253305334,-0.032918808309957324,-0.009174406657982512,0.034275061873628956,-0.05120979521976319,-0.0786282895398179,-0.10854200452141845
7Networks_LH_SomMot_12,0.5058227113450698,0.5790677826003812,0.379658079958539,0.5223792980507176,1.0,0.5954502324270321,0.5831024039364859,0.6510343334681387,0.5151955117388485,0.6131595019395232,0.43529442523143924,0.14161001586218025,0.5254785263055483,0.5171107875270734,0.4624552686748978,0.36607674404417434,0.4282264602096004,0.386416720474532,0.47116052467691083,0.40545318730308466,0.4035940862322052,0.4793661969670337,0.43221597136101675,0.4897053444909131,0.4060955673450017,0.3878592305652614,0.4355607505805893,0.510559996480557,0.41546029484718167,0.4259556215943575,0.41458542041253715,0.30013817516411634,0.36169303101052425,0.4402276392336093,0.4217168560933098,0.5066905358082238,0.2860633702339134,0.6277685171943364,0.5577096621223266,0.5142403112368418,0.6218764660063161,0.3581621302136005,0.4864377481909793,0.47176452608309577,0.30029392210646716,0.48682701334995376,0.25378510528468706,0.38369486036880734,0.4478523332262461,0.4790493146949195,0.37719767147418654,0.4462010208101289,0.47090738091830925,0.41831450842141665,0.3664310676247616,0.43609765889748053,0.40831716046910055,0.29919229835656125,0.1630706494080848,0.36456501138257197,0.2067857175035261,0.4035668814735695,0.0486784058005602,-0.00810006942385941,-0.037905157316387925,-0.09099330214107122,-0.07010556725399038,-0.08048928466052538,-0.02632006490639465,-0.07758386435203078,0.09771753946722211,0.058398780245902934,0.03193228707677426,0.05904960820933324,0.04986744708177237,0.03929130168240207,0.0903668513699024,0.05351278216363752,-0.013350646239223447,-0.030645326011564285,0.0073879868272434005,0.0047243786370099435,-0.025433635356220074,-0.017871918764894443,-0.009743481936657713,-0.001826997725777653,-0.07003740487458628,-0.041628205130616255,0.005870785021538829,0.02276877707132643,-0.01416057204495329,-0.0028318764763839996,0.02337010892852099,0.0010387206223109252,-0.035435334139430744,-0.003429204763223875,0.02353761375023507,-0.022507362961579982,-0.026333634149386467,-0.013579362566694318,-0.005153972336102559,0.03716509230642664,-0.12638371137387297,-0.056401956283889366,-0.09377094646077012,0.005873568034500337,0.050797438345448066,-0.041225947364632094,-0.0695592203325883,-0.12287047782983128
7Networks_LH_SomMot_13,0.2293201003339275,0.28781600131058377,0.10400220661162067,0.27133308627231123,0.5954502324270321,1.0,0.7191215537217174,0.6941091431421076,0.43900121964084954,0.6162951314721647,0.19088943845779963,0.12940898618859437,0.454897735236572,0.29612835612760596,0.14738532192834655,0.207370845425087,0.19489867526733154,0.07856354362167091,0.21160473525930473,0.1606238394762096,0.09771346195748216,0.2451466078988461,0.19836833502884046,0.1708912999578341,0.2354281655355736,0.19548348314893046,0.22756347054940623,0.19435117917814154,0.18565474553008207,0.20606828570068988,0.2945975691753695,0.06545254030425234,0.19623046129531532,0.12709997604798162,0.1337865555629252,0.38316454826607693,0.0398396336036485,0.6619948082066622,0.6952603951245652,0.5853601766859204,0.5245061746320834,0.167935326465438,0.4211234115719118,0.3266944143256493,0.07785628086309306,0.1410104935652812,-0.029983133644479448,0.11818022506237424,0.09099352573655169,0.15739531645147886,0.023681853180447757,0.1845518119244321,0.14876533083500312,0.21481463964545167,0.10858895952220886,0.13797652734363292,0.15537663386810124,0.14918297867136,0.1894439812781897,0.1915887860928825,0.1571667591522256,0.17089472446784135,-0.055144810007859306,-0.08213885217168163,-0.08814735357773185,-0.18320986298464664,-0.168722483007743,-0.16396452123717323,-0.1459268445031218,-0.1195976909682752,0.12132557023026139,0.07437516317479136,0.06374822077421699,0.0666797976612944,0.05372088454593794,0.044479947661154255,0.0855982562792446,0.04712360805952286,-0.04052605485523515,0.003761760694384961,0.0160933451080285,-0.04406608580043171,-0.026818377067710508,-0.05210849858371632,-0.05667505205460287,-0.013127813919294243,-0.0024986511266877095,0.044465814595263324,0.049396083752916875,0.07009514536262049,0.06583080962172852,0.04786987041148513,0.0582086741709141,0.07803291901574608,-0.043511306744305624,-0.08886195266331239,-0.02714745781408534,0.011745143741593536,-0.022740309385658356,0.0075832531705636716,-0.04527139250027909,-0.021593150806348712,-0.10078267252368908,-0.08309774687029882,-0.16712262864631167,0.03516676772371,-0.02550284236097878,-0.09276229012572206,-0.07979844354152184,-0.1569003105003496
7Networks_LH_SomMot_14,0.3450956957261609,0.42627689976344474,0.21164157316142865,0.41895700797356167,0.5831024039364859,0.7191215537217174,1.0,0.6716067561989552,0.6171615269076902,0.7675356884269552,0.26017267999596366,0.33214889364718,0.5538145648032428,0.303820257674149,0.18838775108711764,0.21417024645942437,0.25447717655264374,0.21401319324662163,0.24722472688749172,0.2418400104804994,0.12829136433054547,0.21654112505309778,0.15658748572838585,0.23186843443163027,0.22955302780131195,0.2306057327631798,0.23561916653335707,0.2742966955602454,0.17689631146495066,0.19466788102988514,0.3602131616596117,0.18789813450081932,0.28560432941626107,0.3005524537747654,0.13618186827950624,0.5578333100160319,0.020414758802392075,0.788449410143052,0.5614517979585878,0.710374364507809,0.5348912705106993,0.20197928731047607,0.5595930302485078,0.5430898162389062,0.07515023540988504,0.24283923193230944,-0.010834725480247446,0.14527763165476487,0.1470382560711872,0.2668218408859539,0.08772918958561421,0.23731073596775787,0.1991081819018067,0.19338769376201512,0.12503949085047503,0.19170742348276745,0.2496469735057761,0.11128261466959753,0.0665394150851441,0.26030310756216657,0.10886585386072434,0.20742204103933262,-0.07031226462409026,-0.12246420234698067,-0.1384796645693951,-0.23672168038398336,-0.19653631510963068,-0.20104322005123001,-0.15025850359604467,-0.16609579892939652,0.1399567168404013,0.08115423016543005,0.06620358205314775,0.08617706218418587,0.06751927686228816,0.047749079763583245,0.12302787988974029,0.04720915482752754,-0.011064627611280768,0.07690030152111645,0.07064580025735948,0.035227305650174345,0.08139727436604385,0.05496136222277223,-0.0074943529411077205,0.07281396227521907,-0.0121631043740056,-0.00013039777933620313,0.03208333427269046,0.06145626026554326,0.012019239250445773,0.011446078409674983,0.06237698139410006,0.02164912605468785,-0.024320642132545138,-0.03233392176358806,0.023030003947330967,0.06394985293268388,0.006236689839865665,0.01779374688777774,0.05826712277559838,0.026284746133526053,-0.031083308164863013,0.02107760625270786,-0.05236282793788131,0.025462541824682747,0.0483664061818708,-0.035988989356650763,-0.03346887306127651,-0.08244201815195845
7Networks_LH_SomMot_15,0.40174301471423185,0.49724209637714417,0.27642194120573066,0.43496222170716015,0.6510343334681387,0.6941091431421076,0.6716067561989552,1.0,0.5209972970284911,0.7110265090895038,0.34366567966751316,0.10440785562470971,0.5700153562963537,0.5127769262103636,0.31737614799209046,0.36959071564610246,0.3785610457554342,0.3259914718701358,0.32403045549644033,0.41225408718686996,0.23936733994993595,0.396919022319262,0.32364991264434606,0.3371702230784438,0.4183473080083768,0.38166721049203806,0.3809707386593989,0.402543406750073,0.3514561408089813,0.33998993313631815,0.31806143554129235,0.1966368838723352,0.21063691590451034,0.32694212922192284,0.2590404249857815,0.5725297155138909,0.16342551814766199,0.6790403653466222,0.6519389444898945,0.6486802124987937,0.7197584001284881,0.2723658321229782,0.5418273662609622,0.4861267257605846,0.2700583323633001,0.37754562624162574,0.08660901505841023,0.32044195608014336,0.3134843121978587,0.4096026702462493,0.18810973419299543,0.3930359004064387,0.37750974738236964,0.36373939437476427,0.30886483815901405,0.31042796786951327,0.3871755957942245,0.2182640181601729,0.14659147730525166,0.37932371129955317,0.29763855094854774,0.27356702460228466,-0.043053426893504346,-0.09333620365009747,-0.10437189627139154,-0.18506792157324822,-0.18191838398671753,-0.18013037663850703,-0.10689652638385858,-0.11904055384566274,0.17240174292582175,0.13204463453228807,0.1161084033835709,0.07167103374468256,0.07459800501337682,0.05709865876577831,0.12856044463280974,0.09257310391507695,-0.03888728370320432,0.004366624559353728,0.005710927705426143,0.020493896068105793,0.02574964295828219,0.03231914281860966,-0.019936226202128815,0.046000717824878114,-0.011702863176084658,0.03426441137440437,0.05869326322191782,0.04424907022206838,0.03311710641214233,0.02389167099495632,0.030447395785781036,0.05703493222371184,-0.022473860851786397,-0.07751443870587722,-0.05500245779593181,0.014552354799395201,-0.02556240678584641,-0.014122192525196756,-0.018621536528350427,-0.038496242853491965,-0.10128855104142728,-0.046949834139997294,-0.13580554232178482,0.022329019738106432,0.019142695058759575,-0.0319983251708884,-0.043547932505400504,-0.11299524264272481
7Networks_LH_SomMot_16,0.39074043823929133,0.5000771126902755,0.24158251875130343,0.49322500815433346,0.5151955117388485,0.43900121964084954,0.6171615269076902,0.5209972970284911,1.0,0.6381060316616156,0.2595811077442457,0.36986981716441264,0.5853437256335385,0.3833464338328488,0.2622358457849804,0.19690630252889146,0.22083476741251803,0.34098065384698567,0.39648276345777306,0.32875942330957786,0.29625486570238546,0.351019270722234,0.2563422739680654,0.3209733746632606,0.20928184992182722,0.1381046870419456,0.26329373354304497,0.321142003945056,0.2421909151291246,0.18336770695749874,0.2506915613583538,0.20576936650322622,0.28446041633035724,0.3747805774767661,0.09583033158593098,0.5151498484947352,0.14154579612300475,0.5979486613812017,0.3600448626489438,0.60581682560374,0.4452264217376407,0.16400766002635478,0.5325359259039854,0.5853751301011454,0.15527170017870254,0.3060609036026111,0.18357295318579175,0.29396791799639466,0.25733104071264107,0.38722663956969333,0.2835318590688751,0.21289524323438347,0.31892752799917184,0.16275228408312792,0.1394449912034602,0.2121274447985215,0.2724471278586092,0.15434974162419926,0.1400215446523887,0.2379690271078311,0.0676076720448405,0.2079577530989358,-0.004372486223277122,-0.07708165040755423,-0.09095235588326607,-0.16313590056407012,-0.14803965008642647,-0.16781299912742814,-0.07262918150430153,-0.14157790373226534,0.2243152019303019,0.17978639663450233,0.16367820837954683,0.0935797077974134,0.10997625562697591,0.08124445664230524,0.18565896234754053,0.14562337013487822,-0.13924471818023987,-0.020574132750985172,0.013577583766968906,0.03573375078880654,0.03883650683886615,0.043868009191823626,-0.047917869896954575,0.07161187337081258,-0.05766768880145275,-0.05430375020044204,0.009943005413498757,0.05522534299973061,-0.017084123946970283,0.025001367738435434,0.01960947921507145,-0.02638466080881432,-0.015892731987569686,-0.07140009150267783,-0.015368271845522972,0.04489398325661464,-0.039897308061770866,-0.014904596040034555,0.0666281698466308,-0.007236481941092314,0.009969373800190747,0.047632739962854456,-0.02938948967934724,-0.02917987259693925,-0.014558270547730212,-0.0800726194087833,-0.007651838373735506,-0.08306778573395701
7Networks_LH_SomMot_17,0.44063173715209,0.5522078779790693,0.3473176126688422,0.49247626381030074,0.6131595019395232,0.6162951314721647,0.7675356884269552,0.7110265090895038,0.6381060316616156,1.0,0.39295605962859487,0.42940172789572195,0.716811127930913,0.43725850108620845,0.3661319370243832,0.4279711945389225,0.4488415234546282,0.3861904005647476,0.41328633797472136,0.3762162831739225,0.32503043377435487,0.3800736997381758,0.27026810326742806,0.439108478326974,0.4433445793755018,0.4242287173725588,0.38580441782675357,0.5172709629807776,0.3908630132020314,0.39632810828827575,0.410582280962182,0.3401834740426068,0.41835179599992234,0.42295849400168223,0.2704140112214179,0.6137824741964318,0.11635399289812862,0.8569036248608676,0.4989182530822436,0.8011043170420696,0.6331722677426803,0.37796318090178366,0.7640717051606465,0.7034767195587317,0.28177391479520775,0.44721426352540616,0.14858937324055602,0.3730031494362653,0.3861520785127311,0.44354531249538653,0.2916201532082897,0.46570780891591845,0.39198731064415726,0.40589934800581473,0.34553001484701645,0.4082248086786004,0.45585520616395625,0.22338571713300448,0.12306989795301855,0.44268332427362955,0.2903132537040256,0.3828502497117088,-0.050179519263617314,-0.11842297203365044,-0.12747426605130557,-0.2194282058507057,-0.19099657175046492,-0.18842881891523536,-0.10075794079337677,-0.14429579230768497,0.13840274854453744,0.08358186586324676,0.06948635766513214,0.06074730679540497,0.05896687311017217,0.048954755204549186,0.1247853138407079,0.05584642102527819,-0.045904655461562534,-0.0004645047611827258,0.017698247756573388,0.022985463234107884,0.014034290666241353,0.01125369341447977,-0.004004206860055902,0.013615055586345912,-0.041813935331492934,-0.01949158100687938,0.007046480061248288,0.03435823126520321,-0.0005378567903082996,-0.005223802462039963,0.034287174908056724,0.012360008106415833,0.020411338480914407,-0.05321928403431401,-0.005543884356545373,0.015626137795291196,-0.08002743272322428,-0.03710792883257603,0.053760764115603626,-0.024127121273234933,-0.018260614266577185,0.016190742871032757,-0.056136867571525965,-0.02572869701872312,-0.01314532088694461,-0.07779003128405776,-0.02722013069445631,-0.09553495331340756
7Networks_LH_SomMot_18,0.4430427561680686,0.4629441624515448,0.5279764272321951,0.38127036071158554,0.43529442523143924,0.19088943845779963,0.26017267999596366,0.34366567966751316,0.2595811077442457,0.39295605962859487,1.0,0.17147937010374106,0.3795847853212022,0.3851106427133302,0.5702794837042,0.5789587638084416,0.6328911498197126,0.4848038217921491,0.4617897810208329,0.3499610902304742,0.5072339962550572,0.49642913059510513,0.423488753836732,0.5340209960373344,0.6057653452226923,0.576286468404255,0.47943806816362955,0.602188750632215,0.5742956924350265,0.5243628584008355,0.3234709022295448,0.45212141803072303,0.29748191327635654,0.37891064481629994,0.3564368489015865,0.3624076029861538,0.24155895944999067,0.35882199029078077,0.1653526634777129,0.3327581274507033,0.3396728444754773,0.6225427234846299,0.42206447515558804,0.41367037483942365,0.43902327775545863,0.6610846829405568,0.3576204705818234,0.47368418318110717,0.5705512109106674,0.5131684127699073,0.5012455705610701,0.6511234642129582,0.5089310800804282,0.5651376283844836,0.5586964070010803,0.6110176476613326,0.48885535164220945,0.41427760476510306,0.2744858048913281,0.4466365223611287,0.27681266681157635,0.53151462435766,-0.019786970324322854,-0.09189089365689398,-0.08948152922634245,-0.08405381764882323,-0.10082638776568609,-0.08447303910200044,-0.028033167999079164,-0.053321226427867324,0.10423299280407025,0.04173340968961711,0.03137271445899013,0.027687994701686005,0.019074699976369416,0.041784211634803704,0.0876114619468094,0.07311900635941936,0.06578659709087449,-0.024224745697901014,-0.007117050542583271,-0.08426865144575361,-0.1324915991076725,-0.08669667819620658,0.007955105419984166,-0.0603761385623318,-0.06144565730393496,-0.0884762143674409,-0.08615293734903232,0.03529397624671831,-0.036554308875923,-0.021307257871512414,-0.01990326931308001,-0.07438704535996024,-0.009633871807737988,-0.021842561599611506,-0.0194607748854023,-0.06492009306598348,-0.07558734774587998,-0.08251058810474492,-0.08124523845792857,-0.042284971506853834,-0.08347491944639743,-0.04801325821874605,-0.08437870499653789,0.05651694633765635,0.05052062670876111,0.002754850249631251,-0.05054517302283308,-0.12746856240843746
7Networks_LH_SomMot_19,0.27474427559926445,0.36366949311905494,0.29740990884032026,0.32601521976470343,0.14161001586218025,0.12940898618859437,0.33214889364718,0.10440785562470971,0.36986981716441264,0.42940172789572195,0.17147937010374106,1.0,0.485168300563693,0.2577380363189106,0.11668003776979663,0.2683825804111141,0.18818404881184228,0.15718313530799805,0.18412683841832078,0.250458629635901,0.06246583820284759,0.09805444641336236,-0.03220994987503414,0.13778719516788385,0.19317845983421034,0.1358151776182607,0.0960800262399432,0.28295279887364444,0.17478371519768404,0.10645522077902456,0.20404501848367834,0.25194892272551767,0.32626443784165676,0.3260841604048245,0.07641133428035923,0.3637117675975708,0.030852893020216203,0.38879814064105134,-0.012496881782602205,0.37368779784886874,0.14151061135830892,0.13421588167260926,0.4553356172774178,0.5075075427736132,0.2624567951903298,0.20385701255167718,0.1386945207321672,0.3214538228622869,0.26626205124610464,0.2822467360821781,0.21694781821900874,0.1615368579253892,0.2297574041881264,0.16962911534455882,0.08634627439324792,0.14614124799048447,0.3313634856602122,-0.01734018481530723,0.0167359386912439,0.2561106933526416,0.13342686047426358,0.135563153753257,-0.05567668186181836,-0.14074972815426207,-0.15709833428814318,-0.149683923476178,-0.14906269308316672,-0.15280339579056498,-0.09406365965856105,-0.1657207979590687,0.05620557282340101,0.040219668941452555,0.009221992740798853,0.0202224737915028,0.027641819152762606,0.0031018154121897,0.03724697236341575,0.0017616478188183298,-0.08369073593870824,-0.0642837804442147,-0.04047891806975937,-0.025378125164252047,-0.059936071387833155,-0.06793966553648692,-0.03810152118327792,-0.056646460332216556,-0.07803370724172409,-0.10287875858553995,-0.06734969692583487,-0.05893600997376592,-0.08848388781144433,-0.05870197841768975,-0.01674514689997835,-0.0513058681932758,0.044786344270988244,0.010754109070681616,-0.01434617564039205,-0.010388496425250726,-0.00971054457425713,0.03168204232161908,0.04760677959752063,-0.025528217925086673,-0.006334960907720238,0.01547111843242643,-0.04741144688564645,-0.08036916512806055,-0.015753098538957667,-0.07871752516816681,-0.056510267065312224,-0.08176962169000059
7Networks_LH_SomMot_20,0.41157516500941715,0.5478389769205657,0.3430657774670711,0.42577069533376655,0.5254785263055483,0.454897735236572,0.5538145648032428,0.5700153562963537,0.5853437256335385,0.716811127930913,0.3795847853212022,0.485168300563693,1.0,0.6207127557648792,0.5186599696996613,0.49919827454825344,0.5015598744851301,0.49856307897910795,0.5548465221490418,0.5391270176565848,0.4452634660024313,0.47534013491316884,0.35186960249342025,0.505784297802475,0.49450483449902877,0.4334810342192299,0.45165022597707,0.5919214214317037,0.4754566338493071,0.40907255245427804,0.293438782821668,0.3779765324344111,0.31113400178637196,0.4861013159633494,0.24244111312712593,0.5513830166344892,0.2745273760546804,0.6689269794073747,0.3713231943021669,0.6921290879540619,0.4809331228622928,0.36156326992997057,0.7027606291503116,0.6877207059960894,0.3798359226627573,0.49901141604974053,0.1111683534853055,0.45519005683731384,0.45902573534585306,0.5265354148883759,0.2744138277456509,0.4650328154290052,0.4733295962538357,0.43818668303941727,0.3669108702408286,0.3956850355757435,0.5508104421880616,0.22803213520716972,0.12594520832538186,0.5202156690209208,0.3825689154720572,0.3116567841276076,-0.020564811394381658,-0.10628220271427029,-0.13234477019987098,-0.15695059159705507,-0.13606597703525383,-0.14672646555728058,-0.06517627369555402,-0.13176279202694033,0.07812140744902843,0.07050537610277939,0.05962916938540166,0.04269741389638752,0.042034680111867805,0.03175412634200452,0.06936972632652492,0.05897315969379456,-0.07360896936980406,-0.048301492925935725,-0.03143103959114606,-0.0011408926915124438,-0.037963471723979514,-0.0071456897124503324,-0.017404938757525575,-0.038397645250288555,-0.05683423480272375,-0.07299320425164668,-0.03891985725754911,0.011206109285596491,-0.0644382671404673,-0.058925064739025555,0.013290707474205896,-0.057229605418520596,0.05732411796340452,0.010105548056304843,0.013328365640974879,0.04520956345648005,-0.03725849216809365,-0.04570231137961682,0.07152951886738687,-0.024561143745086,-0.05082738741635696,0.038253475856326116,-0.0004450266969068909,-0.0587547362064137,-0.020323745904410894,-0.09937839240312206,-0.015846832837495547,-0.06983766706113088
7Networks_LH_SomMot_21,0.4700553063429829,0.5831038035076166,0.4565995980059917,0.4506064281553899,0.5171107875270734,0.29612835612760596,0.303820257674149,0.5127769262103636,0.3833464338328488,0.43725850108620845,0.3851106427133302,0.2577380363189106,0.6207127557648792,1.0,0.5588327181161481,0.5077511550942765,0.5424766577905781,0.4505593667766871,0.5716154417270247,0.7421995675972219,0.5065014457761999,0.5499911329862348,0.40587801341991947,0.498444349903314,0.5784823684105735,0.4784205509486535,0.48666098787708023,0.5685464239051369,0.5014595999492811,0.42804620902444973,0.22032375776442278,0.39679264789097296,0.19836577697748858,0.570108786973513,0.2624450270273954,0.5847440672680392,0.30436613781118843,0.41717650642467785,0.3354493393590496,0.3891990627989373,0.43738980623716006,0.36642602898226606,0.4309820131757926,0.45260482374231586,0.5851436819975504,0.5302775191036582,0.28475427409522314,0.575409145399997,0.6208909613812713,0.6734461610044887,0.4178101916850107,0.5118683926556756,0.5902715231805277,0.5658030027488536,0.4266546404024414,0.4170632159455034,0.6606448408461932,0.16616126686841798,0.19796388113125565,0.6039385032408794,0.36795319936581483,0.360311804467139,0.009193289895147424,-0.06713543113262647,-0.11287587273560402,-0.1340088637987396,-0.1328607399872175,-0.143811624513983,-0.08180539015107666,-0.1302377250151047,0.011848528723689883,0.009576182546394607,0.0010132103808926244,0.02938451749492144,0.023325579694348914,0.029901943916982587,0.03579846179216694,0.05550823079938074,-0.08485225728315755,-0.10517931657703658,-0.07017393203649859,-0.06863169566057976,-0.11368388237648107,-0.05396985495838222,-0.017167857923324422,-0.043036546505303835,-0.049841799945568505,-0.07729937070907839,-0.03074035664043159,0.009373552679626418,-0.06366553197366112,-0.013303212281359071,-0.00017203387149132915,-0.027274779319348387,0.03176549429121847,-0.008675414761499085,-0.013155166205900452,-0.023230390047251297,-0.07361215668916385,-0.06587423442276474,0.04903756314099139,-0.034103099691427316,-0.07263164150872425,0.00448175664613739,-0.02423415676187647,-0.041965275746631385,-0.005903410400411842,-0.06362803244459223,-0.008655886532293539,-0.043571528597589
7Networks_LH_SomMot_22,0.3691510772706598,0.4282471283365564,0.4368349197629509,0.31321082172111386,0.4624552686748978,0.14738532192834655,0.18838775108711764,0.31737614799209046,0.2622358457849804,0.3661319370243832,0.5702794837042,0.11668003776979663,0.5186599696996613,0.5588327181161481,1.0,0.533933450418511,0.6183263428149669,0.5190535149541782,0.7295076315996973,0.47384303210515766,0.7701413345841808,0.6446254766836712,0.5671363685236237,0.6689840475240796,0.5170886721511433,0.48605531336570895,0.5542426003594073,0.6273905818692209,0.5267856470641105,0.5006703004180267,0.2640082804052187,0.4483693789218443,0.23848616502704792,0.41934440855298316,0.33567624291959414,0.2847881572624836,0.27920982051397053,0.33765513169286276,0.20779312093577734,0.3075720195695535,0.3087116779067618,0.4719054548332138,0.37851876986226984,0.37758640011558564,0.3671227380153185,0.5670931278685174,0.27683501518330283,0.44912213828302816,0.5661559589996539,0.5166632576278201,0.4745388449278094,0.5764346636402259,0.5379283424741498,0.5138551658853379,0.5167648872937554,0.5739480113255421,0.4845323691291603,0.36742513052789333,0.10867296675284067,0.3994141705664627,0.24645577785757034,0.4258624064993521,0.05433557737429088,-0.023217209619139277,-0.05298411027380198,-0.04781221849596468,-0.025751918100923702,-0.02636490155997019,0.022393860841246,-0.028973557389869634,-0.02607199779405804,-0.028477485214628027,-0.019043794936952053,-0.034744391184317595,-0.027446342683950284,0.007651767798608452,0.007685101421766896,0.033069241503297445,0.009722113058973816,-0.07976754392360703,-0.06207384373909316,-0.05887204339103441,-0.10102733569740986,-0.050728958591309777,-0.014733286182660196,-0.08077499670279671,-0.11086734738666228,-0.12594121404322267,-0.10609267572632539,0.040735689538593564,-0.04329516457782948,-0.029847047938996663,-0.051306597458669057,-0.09783056878306742,0.09618504446352537,0.041836657407570435,0.03347858628001036,-0.11590237665647185,-0.12852942838916648,-0.14992912300942826,-0.05187840633154988,-0.05494304807991154,-0.03670482056182714,0.0028207211591990316,-0.0022075867280311077,-0.024185263725909775,0.0027125512401909033,-0.05415374421881507,-0.06379771591054513,-0.06525383194432573
7Networks_LH_SomMot_23,0.42023865425845536,0.4650983673102295,0.5108242201441877,0.38372702081295906,0.36607674404417434,0.207370845425087,0.21417024645942437,0.36959071564610246,0.19690630252889146,0.4279711945389225,0.5789587638084416,0.2683825804111141,0.49919827454825344,0.5077511550942765,0.533933450418511,1.0,0.7046030986244457,0.5200000788076953,0.4662965206559497,0.4946221938182285,0.47053442291967923,0.5002172549514824,0.41356251421959667,0.5681108352191864,0.6636659437636917,0.564568327253213,0.4290214862512351,0.7105413411172172,0.5887582805469878,0.5437865458685746,0.24053005854786597,0.4790439150572739,0.29724811583982874,0.4472397497152909,0.339046494408721,0.409453516284105,0.27510604771339625,0.423163054553329,0.17137027761831178,0.42415874243937396,0.3368782991788744,0.5129016861208439,0.4850105675959009,0.5193071953842812,0.5330339364101165,0.5984432694273624,0.21201807445626558,0.5640846122869441,0.6308989927441315,0.513937934684578,0.4579090066092909,0.6661937520657147,0.5570813309947706,0.5856214702217153,0.6064479141750717,0.6045424726846171,0.5925211269984957,0.2510035114482199,0.15395597786202184,0.5393152430562911,0.49446268837916907,0.38708391285680444,-0.06356712651181788,-0.1466142823360781,-0.16718151933979056,-0.17844974439363506,-0.18241439288473352,-0.16240939304693106,-0.11966409725734677,-0.12961377895972606,0.06489541992151263,0.026384394619085268,0.008585791110241017,-0.011742563259753678,0.015136603561144393,0.043609402598101,0.037173283182025695,0.033555999776475304,0.00024725340550319413,-0.08343150899303967,-0.05395098689062784,-0.11919268006836747,-0.1660194000533439,-0.1258756997814175,-0.03552970694116197,-0.11853682091751537,-0.11131441182391412,-0.08557044427344977,-0.09173201214030957,0.0001868496437096335,-0.0316026681686655,-0.02781137286399134,-0.0433984908907256,-0.03972153648050708,0.08141402653061973,0.07144711278058172,0.015204052649317141,-0.02870346115885018,-0.0702624432241829,-0.10712962082889785,-0.02587364176889528,-0.08280857572642124,-0.12792870321717237,-0.08883793222680987,-0.07729736846503152,-0.05050747146645605,-0.05808367083873924,-0.06880193707286339,-0.08090612817318771,-0.13014387776746936
7Networks_LH_SomMot_24,0.4534597064004927,0.5217847229135916,0.5143486288342662,0.38395952764686,0.4282264602096004,0.19489867526733154,0.25447717655264374,0.3785610457554342,0.22083476741251803,0.4488415234546282,0.6328911498197126,0.18818404881184228,0.5015598744851301,0.5424766577905781,0.6183263428149669,0.7046030986244457,1.0,0.6406740822097776,0.532166296074553,0.5224514441004706,0.5980128623960361,0.5532950986406739,0.5226562083557509,0.6731267268552614,0.6874576711428306,0.6924812220260631,0.5713451336531843,0.7375899295602698,0.6089755881642535,0.6257840593816097,0.25828687224189495,0.49186416458731946,0.2624505953226766,0.446792853361107,0.37216663247075127,0.41511641188954457,0.3197812512581657,0.4293390502716232,0.18281107340351657,0.40600141129046147,0.3424200642868358,0.526019335717877,0.45258828049993133,0.44242526791764575,0.536825898858487,0.7128493184646988,0.25410735898022796,0.5571134119015297,0.6131710811058761,0.5262849531101991,0.4921698957256988,0.7673551585456858,0.5654957416021643,0.5852465416508045,0.6472371793792131,0.6432900159805844,0.5972607518751298,0.3195622007944033,0.17674330679045175,0.556304835421623,0.5016204477785021,0.45740953344874863,-0.0054706163332319665,-0.11273222755938075,-0.1291992528261672,-0.1639015563489226,-0.15442031592583635,-0.1432151295819486,-0.06269440694298967,-0.09610530122334524,0.029882921193081856,0.0068986970641206425,0.007358942432896864,0.01739457201594281,0.01794953869872731,0.037711136413469334,0.06024004676203512,0.041520115646252034,0.0033927412745021154,-0.07802300471219659,-0.05122800820355952,-0.09994281351038778,-0.13568500671395683,-0.0803688886018847,-0.012037356717837235,-0.08863481258803134,-0.040936346072055284,-0.08629717888420155,-0.04814970117190121,-0.011026438732593407,-0.08411358836714632,-0.07773226301342497,0.013369241766891091,-0.07609477751861463,0.09131732339231392,0.06652253746698408,0.04418426525190516,-0.036420209700782,-0.0587263178872583,-0.10795291475859382,0.006715638668095078,-0.04057671803479078,-0.0963983004581684,-0.051677031684640384,-0.04750378385570218,-0.04522670734739529,-0.04066077130372786,-0.059541907511467644,-0.09152154705458349,-0.12643021740240915
7Networks_LH_SomMot_25,0.5075891089111575,0.5818093926563418,0.49475416165121633,0.4868956921873274,0.386416720474532,0.07856354362167091,0.21401319324662163,0.3259914718701358,0.34098065384698567,0.3861904005647476,0.4848038217921491,0.15718313530799805,0.49856307897910795,0.4505593667766871,0.5190535149541782,0.5200000788076953,0.6406740822097776,1.0,0.43716591740944877,0.5371384954840772,0.4941453120648461,0.44872145601860014,0.4948443936270457,0.5898315025893299,0.4936522065655116,0.5392425131367031,0.5335447722061917,0.6526600890338418,0.4642451142885663,0.49545997663231056,0.1890078323321086,0.4959730807557609,0.29054944582416065,0.5489724253049387,0.3554790562457766,0.4596474094926762,0.37423198985205325,0.3605570526909039,0.09169652116109805,0.3676501217015065,0.313558061649058,0.4402264198206427,0.39519827335165686,0.5295678835089339,0.44078409251435685,0.7198240429593027,0.1817749756387866,0.47063227424726084,0.5257039765543964,0.5384100265391748,0.37725902098176634,0.5902243703412213,0.5838004966839004,0.36799833426326267,0.5273729897951739,0.5115876688474523,0.5049406507309862,0.2666262046799303,-0.06003446471589887,0.4651902025165027,0.39749489042970476,0.28564161318453424,0.0360767563164913,-0.05479731664158254,-0.05779755413938067,-0.07941750266912592,-0.07439487443094757,-0.07483122655370596,0.02790735960195787,-0.054472382769505154,-0.012382209490699958,-0.029944502979353648,-0.044387617293616635,-0.0823164234594644,-0.0707255329424627,-0.05787710857980969,-0.021367595949529188,-0.019795653004333155,-0.06355005807104339,-0.06450527220141067,-0.03187221427069943,0.012704938095259131,-0.0348062750879503,0.04749443113873065,0.01389808661898481,0.000523266407043779,-0.08994336979360584,-0.12824053872888477,-0.038411349649659095,-0.08061949596049882,-0.1419554464978027,-0.11456564134028302,-0.05988786067441924,-0.10524736235297066,0.06733739735351259,0.024353273993492987,-0.01806717409707929,-0.0051442265757140814,-0.048894673096171966,-0.0664029571162088,0.06151075023428579,-0.04188554766624624,-0.08327729831751443,0.023320024349435777,0.022284885842028784,-0.0011602459070601326,0.034793115201898275,0.028444779770735916,0.04117380368685097,-0.00972761120761098
7Networks_LH_SomMot_26,0.31989721450575337,0.4237876243932846,0.3784764529079044,0.3661247347703027,0.47116052467691083,0.21160473525930473,0.24722472688749172,0.32403045549644033,0.39648276345777306,0.41328633797472136,0.4617897810208329,0.18412683841832078,0.5548465221490418,0.5716154417270247,0.7295076315996973,0.4662965206559497,0.532166296074553,0.43716591740944877,1.0,0.4079811451240963,0.8284486004772926,0.7225497821782665,0.5665056696212479,0.697290497175293,0.3990448434637558,0.30095324415208535,0.47626270517849517,0.5595455412755584,0.47772553827734326,0.3779990763720964,0.26077059625153287,0.37009562804641377,0.2339915727750412,0.37069319443692944,0.36584962699532,0.29338768551816174,0.23908907750824468,0.3679999474806152,0.23249039776064317,0.31989082396428226,0.2970457400503086,0.3617709840381758,0.4612448036922408,0.4196743905901638,0.3162706953944106,0.48232461169732416,0.38920488227342975,0.46468536976216723,0.5117986620981204,0.48720102806276644,0.5300045992906643,0.43418905248772466,0.5157214143673203,0.46410215850736775,0.38992329429613015,0.4733508448380876,0.39584124861163095,0.37791245247331173,0.30131541268120166,0.3230331663671826,0.06315202919195033,0.44670377548939794,0.06035433794904774,-0.017197607445272097,-0.050713452981919566,-0.04524335610275824,-0.036084507552652426,-0.04654886588927979,0.008370697379953123,-0.07080868094650605,0.04732994125050986,0.024068605138832883,0.025924046169073102,0.011702136131332141,0.014806435622403637,0.02270650671722473,0.05985722967882217,0.060019548676336194,-0.06987759681042606,-0.09184047692106388,-0.07744943654037623,-0.11930878709029451,-0.13557189271419484,-0.09415887851566827,-0.07705920013615876,-0.10356822408813644,-0.10963462669763191,-0.10182861209417796,-0.05903244273824796,0.045646355178065985,-0.03965166521969365,-0.01648960793476568,-0.005885113098473454,-0.0552177975453069,0.07079208671480669,0.09655249625529291,0.04032383510387454,-0.11235949873665586,-0.06979613879282436,-0.15142860605921202,-0.0755555375699222,-0.05971884434518283,-0.03058083588617947,0.005394627946107967,0.0067160134173963664,-0.06706689361115506,-0.034516411607218224,-0.11021224617644877,-0.10854014494519491,-0.08914137947705077
7Networks_LH_SomMot_27,0.5524202968584898,0.6839271632069233,0.5308245500179702,0.5393673962487784,0.40545318730308466,0.1606238394762096,0.2418400104804994,0.41225408718686996,0.32875942330957786,0.3762162831739225,0.3499610902304742,0.250458629635901,0.5391270176565848,0.7421995675972219,0.47384303210515766,0.4946221938182285,0.5224514441004706,0.5371384954840772,0.4079811451240963,1.0,0.3838076004843677,0.523020248515169,0.40108471230456655,0.39051875724521024,0.5723355569012113,0.49112072206197815,0.44858213676131936,0.590322551256274,0.5197938857906588,0.3744271509486442,0.1331961065613978,0.45134316071438113,0.19687056960548238,0.6953955687793638,0.25342782608996284,0.6530533894407742,0.32988852919018125,0.3705469753722432,0.21425426367356185,0.3962515783508509,0.3810926049379457,0.3293978612382137,0.3760371906393964,0.49531111248417736,0.5893964551300472,0.57142133196243,0.23096700231674083,0.5226653983723238,0.640090873105272,0.7224443644851989,0.3450487752567724,0.531654403551955,0.6433742141723943,0.49930678584217003,0.38918904485463524,0.39329188086465133,0.6988315433944949,0.07290373883624897,0.03901065415421337,0.6574148853994813,0.40581445794435644,0.27500527937406083,-0.021847092333698064,-0.08408791445236982,-0.13488623961923535,-0.19392618833773428,-0.15677661010696325,-0.17363826092918228,-0.14203047350846212,-0.14207070945922362,0.03296411670053862,0.00684936359077176,-0.016741677264447242,-0.03340603325481379,-0.03556540929329176,-0.04187334347097534,0.005596765169053317,-0.006219707381696539,-0.07805656721672936,-0.04067895038585854,-0.017009722428275444,-0.06604829813635915,-0.052597867216618445,0.004099630286236024,-0.018175086527091846,0.0020488986091036793,0.009008388909967968,-0.026084951939024454,0.008457172458691284,-0.0029270400531517717,-0.04626968698832393,-0.010463265370599429,0.020738100105794858,-0.01005520709079552,0.05836732247707438,0.009625055549794316,-0.025566350513912827,-0.001340615150013632,-0.06427065409005318,-0.09084826016638055,0.08105383108469151,-0.0666564303112333,-0.0947446224778687,0.004848731416383272,0.030214853688183208,-0.021571702857927748,0.021865277676052095,5.726537802650905e-05,0.026262786555465475,0.034216601161899826
7Networks_LH_SomMot_28,0.33613646211679815,0.37838089808020664,0.3872086770212856,0.297871035752989,0.4035940862322052,0.09771346195748216,0.12829136433054547,0.23936733994993595,0.29625486570238546,0.32503043377435487,0.5072339962550572,0.06246583820284759,0.4452634660024313,0.5065014457761999,0.7701413345841808,0.47053442291967923,0.5980128623960361,0.4941453120648461,0.8284486004772926,0.3838076004843677,1.0,0.7102389994138059,0.5878588715146964,0.7544678628444607,0.4126751605642862,0.36148374868356353,0.514975100666543,0.5903417766942977,0.46895342436227944,0.4438542680122555,0.19347758356442182,0.37439737607643764,0.18952230414152435,0.3559943107222386,0.3280170937272439,0.220767355924824,0.28154419566680744,0.2683325553758747,0.1593085329559079,0.22763803818383835,0.2334840052611556,0.3996420864777715,0.353135982952361,0.3260183923919112,0.2863529521553289,0.5314474818722853,0.3416590641804719,0.4162141556296107,0.5152181372444385,0.45478310644830605,0.5521935510633004,0.5073294172225472,0.47351171309512163,0.4406662348668579,0.45503638603136454,0.5192290506501374,0.3656249596596,0.3761703512851087,0.2583366686164901,0.2987283459487752,0.12305130029283425,0.42566946722113147,0.07279581334546073,-0.017349374852065006,-0.027877538531519398,-0.01484578690942817,-0.034947097880720125,-0.051006670302615555,0.04001374095374665,-0.0660096653669434,0.005291161785789385,0.001174571091472297,0.013032650636345745,-0.02257057314755419,-0.0007029261286357873,0.028654783502505433,0.04373442635128408,0.05632945340579557,-0.00485554285804055,-0.08028261285613213,-0.057128886883624705,-0.07652131563631973,-0.11620162733395875,-0.06837191896294678,-0.014476594124924478,-0.06473407234284506,-0.07107703922816724,-0.08306564570062404,-0.038197818364556,0.04066629102015738,-0.032890346924356946,-0.01213411976107231,-0.009481771048777671,-0.06140089188140753,0.08942548487271526,0.07815002327617858,0.03769808918353467,-0.06804931991943598,-0.06229884128968426,-0.13305967068155075,-0.08387035849693976,-0.05778282114201164,-0.0022495425535875007,0.014077255673189683,0.02341103677774557,-0.04479178089703506,-0.02531373334735607,-0.08747924528835677,-0.09268084347740549,-0.08807544122818103
7Networks_LH_SomMot_29,0.3966839531605217,0.4628707768868429,0.3872424116372563,0.3853398064238263,0.4793661969670337,0.2451466078988461,0.21654112505309778,0.396919022319262,0.351019270722234,0.3800736997381758,0.49642913059510513,0.09805444641336236,0.47534013491316884,0.5499911329862348,0.6446254766836712,0.5002172549514824,0.5532950986406739,0.44872145601860014,0.7225497821782665,0.523020248515169,0.7102389994138059,1.0,0.6685516651653005,0.63349080839721,0.462501602969841,0.3611632179623203,0.5391919904723462,0.6075864311937608,0.6220057120005327,0.41516910252365535,0.2035956645709611,0.36184905759939,0.19028952277851827,0.4095206429900309,0.3573856770785452,0.32786796572653104,0.339892242820391,0.32031597233548975,0.2792510264445203,0.3149310868137986,0.3619493576235714,0.3139002846784648,0.40406280891726704,0.39043746559001286,0.3565812526371072,0.5141092453531052,0.415912574143938,0.48571626501947424,0.5681493329377206,0.5939728628665436,0.5577011734077872,0.5141876057156172,0.5804478114730122,0.4598336439114979,0.4076458594498945,0.4850657451259584,0.4350717832754186,0.4717572912022098,0.34190406138453416,0.33158309134276226,0.1432097824433153,0.35580558793486305,0.018108061779607727,-0.06555619640049458,-0.09835867797962877,-0.12915227197203974,-0.12379111021348722,-0.13929655420875467,-0.08730594736092324,-0.1292759658724175,0.0790456337988447,0.04951170889942986,0.05193655689465259,0.013540314151569963,0.009636326201555115,0.009817376097576618,0.06435140691660553,0.06518232533009197,-0.017562618493644287,-0.05444031769251929,-0.03884930702938253,-0.08413626054841078,-0.0966259167989169,-0.04052266675098223,-0.027203630274466498,-0.028985647050597616,-0.016737824305045005,-0.027851408402184516,0.001031512961715681,0.045166130425450285,-0.0007923459123378567,0.031416305250219385,-0.0001529565965862829,-0.03394791981654034,0.020694343675813947,0.015234065820901348,-0.020166422169325522,-0.09953044152013844,-0.0794054190438936,-0.15238609563693772,-0.11462793599457732,-0.1148925520931405,-0.013864235345039184,-0.023922551299203988,-0.03344882736454661,-0.03245187166455452,-0.033093254343491404,-0.09499517242897486,-0.08099216335748483,-0.09359979911817486
7Networks_LH_SomMot_30,0.2839055504824534,0.36195068931999047,0.285689987376332,0.23065953029867997,0.43221597136101675,0.19836833502884046,0.15658748572838585,0.32364991264434606,0.2563422739680654,0.27026810326742806,0.423488753836732,-0.03220994987503414,0.35186960249342025,0.40587801341991947,0.5671363685236237,0.41356251421959667,0.5226562083557509,0.4948443936270457,0.5665056696212479,0.40108471230456655,0.5878588715146964,0.6685516651653005,1.0,0.5970327209942177,0.3389475564640437,0.3634605689142638,0.5970078638966515,0.5037630380475898,0.4819731757516841,0.4525149579646187,0.15953030508987556,0.23247783273437275,0.1217759860177555,0.32397317887593197,0.26868633197525893,0.2291195822177054,0.38862760396568397,0.27959152020196365,0.25771416746799736,0.27481680277691906,0.2723650274717334,0.31094233339950145,0.23352322379315957,0.29303006125564773,0.27271287666100713,0.525471143311331,0.18840950109176696,0.3670253855626932,0.3365477325546662,0.3804644990716544,0.31715810766260555,0.4628659658263269,0.6029596063250933,0.29383648221242264,0.4273375164003368,0.4517419213333664,0.31275096870359675,0.5399172768024108,0.08774173449091598,0.24191599186820514,0.2815095685459218,0.2686229095364796,0.0222663001969274,-0.011679204020698374,-0.02947541628132918,-0.08449639737178712,-0.04139994884723299,-0.032336196750741994,-0.03616266643019502,-0.023244353408132717,0.021465328890369336,-0.029899196507514714,-0.024970885538314853,-0.03325352985820876,-0.08272238022583625,-0.08625118570876834,0.001124990317153326,-0.027072962925925564,-0.021442756760555605,-0.05156969127335665,-0.03246023358124946,-0.016297323443936657,-0.049710247354792965,0.013341212602413874,0.009497693225223886,-0.01225847581449715,0.015559706373356267,-0.009787006054797239,0.020776350693481823,0.0029261627130546834,-0.010736086702491557,0.0014662463361639522,0.023834261824098316,-0.022630226481919105,0.05897979290575763,0.07826762786673912,0.02762972569203478,-0.0009950702012879627,0.042214193044627715,-0.00703255396225452,-0.009109139933298642,-0.014277913781468803,0.0005246056748145041,0.013235863306866585,0.004374361527003397,0.032470787167624464,0.0110609820779798,0.0022780441409535734,-0.015610476206274693,-0.013470866234659299
7Networks_LH_SomMot_31,0.4128728679346062,0.4558673299500009,0.4050728915612855,0.34115615750378775,0.4897053444909131,0.1708912999578341,0.23186843443163027,0.3371702230784438,0.3209733746632606,0.439108478326974,0.5340209960373344,0.13778719516788385,0.505784297802475,0.498444349903314,0.6689840475240796,0.5681108352191864,0.6731267268552614,0.5898315025893299,0.697290497175293,0.39051875724521024,0.7544678628444607,0.63349080839721,0.5970327209942177,1.0,0.519625058981801,0.532575229078887,0.6350087965659404,0.7344823946940154,0.5162912144332956,0.6361135663866918,0.2823734452705306,0.4499191151320835,0.2220042655181963,0.4356254460598025,0.3475363863081573,0.32617970228870924,0.3130731091949067,0.40185852147699447,0.18665630921722307,0.344855176398645,0.3202141319762763,0.4644768354298859,0.47277421422989707,0.47785146023324293,0.3559937069259001,0.6501008268420086,0.3389840856505875,0.4914533487420484,0.5656739690171747,0.5053516333118087,0.6171111427984618,0.6734868660623674,0.5295345085313479,0.48286685952646025,0.6701393679088383,0.7017060969088657,0.4770846620691216,0.4443211922100794,0.16883000537616535,0.41666826519980116,0.2932158616621541,0.5210909482726764,0.03219860953274281,-0.055911575563684916,-0.06581646010919719,-0.056975457275805774,-0.061564503574199264,-0.05341876676130521,0.01843745960631414,-0.058986928938469144,0.03307782893628502,0.003499127570390619,0.001727811909541472,-0.020009580158605895,-0.017218937111838396,-0.0033540194527598446,0.05184351088284707,0.03628333672221818,0.021583995595194045,-0.04638361692746505,-0.02559238797871288,-0.005865961177397064,-0.051808412947680973,-0.0009665196990440792,0.03608715740489504,-0.01481802135817395,-0.02356355572116749,-0.06295039767408518,-0.02105872230466957,0.018028628823541334,-0.03809450051114159,-0.021569431385050856,0.0034640148274692295,-0.04660763463138192,0.12354923103393223,0.09400529687244359,0.06320099982032186,-0.015849139691664585,-0.05443655141464326,-0.11299045928153288,-0.0024723709193047324,-0.041250694222849195,-0.07431872483601608,0.005882970013634295,0.008280030539998567,-0.03821499508551591,0.0051035993685922985,-0.02630767724608108,-0.04444413872883897,-0.05623749095282946
7Networks_LH_SomMot_32,0.49672502447473843,0.5396756205223547,0.5206482143141855,0.43985705428077465,0.4060955673450017,0.2354281655355736,0.22955302780131195,0.4183473080083768,0.20928184992182722,0.4433445793755018,0.6057653452226923,0.19317845983421034,0.49450483449902877,0.5784823684105735,0.5170886721511433,0.6636659437636917,0.6874576711428306,0.4936522065655116,0.3990448434637558,0.5723355569012113,0.4126751605642862,0.462501602969841,0.3389475564640437,0.519625058981801,1.0,0.7997462751188374,0.5435737841665278,0.7210674496622821,0.7110359088057809,0.6858196167790584,0.2656152807873878,0.5267871580723131,0.25742922090997383,0.4737179339222859,0.36685481523525004,0.4991624911145696,0.25716752938380805,0.43776967140297807,0.21106020965077585,0.40762939626168754,0.4052026932318347,0.5673419667683999,0.49760240176383497,0.4930717857006793,0.6784909274567554,0.6450715163856396,0.3626992012968335,0.6562023878583522,0.7183412771518408,0.6600948265141857,0.5127585060256419,0.7734824002671888,0.6356328229497005,0.7729233905842665,0.6757839847867642,0.6989932142495207,0.7356429434274845,0.33547258335476204,0.26675842482143947,0.72346081908705,0.5709989906573395,0.5754611334002521,-0.05078542323698747,-0.15097387610011664,-0.16153018275588857,-0.18926385212210178,-0.2089533914016556,-0.1847910013009845,-0.16342575558978822,-0.1388050954403752,0.05262704223020147,0.021610628562248844,0.010526400927438288,-0.027898133237968817,-0.020331271693414806,-0.009141144614262334,0.023133577812838438,0.0228105256568115,0.026453513429990125,-0.03888992706760224,-0.011047836674748054,-0.09710180387471613,-0.12027920663293647,-0.07215243011906149,0.01101364130523016,-0.05789065719319596,-0.021970180604484607,-0.05752383385549832,-0.035305470802411365,0.03225170835268568,-0.019710527853973217,0.022198262226016795,0.02968275583619157,0.019809722393793323,0.08525244038051459,0.04190959811129973,0.04791003228334194,-0.08021450118420378,-0.09870546050290029,-0.12393356133489968,0.0334015726449352,-0.016693593273924494,-0.07343658474878693,-0.0217780052631209,-0.02244669497507511,0.01353229685609812,0.020615750491937448,-0.0010531633349899967,0.0006350724664474294,-0.033965249731541226
7Networks_LH_SomMot_33,0.46640210653912756,0.48093988005841215,0.45601053319965956,0.3345161373121606,0.3878592305652614,0.19548348314893046,0.2306057327631798,0.38166721049203806,0.1381046870419456,0.4242287173725588,0.576286468404255,0.1358151776182607,0.4334810342192299,0.4784205509486535,0.48605531336570895,0.564568327253213,0.6924812220260631,0.5392425131367031,0.30095324415208535,0.49112072206197815,0.36148374868356353,0.3611632179623203,0.3634605689142638,0.532575229078887,0.7997462751188374,1.0,0.6441146738509701,0.6966541235869952,0.6268717658327906,0.7869420297216771,0.2810536473037006,0.5030792639986941,0.2475414029470695,0.4455722189748993,0.34200515571086093,0.4527655670843313,0.30812323970929983,0.4245030330518528,0.19144609617274047,0.38572396648078894,0.3771387917730152,0.591064761640636,0.4522265656936217,0.45118856656200845,0.5991994818459856,0.6685816483353854,0.27797197354061093,0.5515556938299546,0.6145220789929569,0.5488758753048743,0.44085009421523125,0.8111149052718333,0.5748427370834698,0.6661007831031537,0.754304574821979,0.7284746396168844,0.6525623062440606,0.35291403087690726,0.07145073145590473,0.6698224528385788,0.6454645260494322,0.5291606873268592,-0.04128093042032314,-0.11989889694957603,-0.11007293683970691,-0.15695599194500764,-0.16345114041367112,-0.12880649767230393,-0.10839653257673938,-0.07708328198091224,-0.02075014081822878,-0.05562790825718428,-0.05608869086323473,-0.06936244962813914,-0.07315108259722372,-0.041971769615063464,-0.014518530244092939,-0.02353256532124004,0.06602353679698408,-0.0270159373089307,0.020462302705519686,-0.0509814312314761,-0.09111052006897151,-0.044280051395347755,0.05776331030003307,-0.052743949571679695,0.02367314204862487,-0.02734648659814317,0.013884991599595114,0.047614825504444284,-0.025722151415032257,-0.008463018237560838,0.08821636291709013,0.014923693749806134,0.06073055606065739,0.025517852393510662,0.056734874115821884,-0.07751301744092004,-0.10595013425303873,-0.11169074834705987,0.08598826699371014,0.012705939674692688,-0.0972803353065242,-0.02982598683556436,-0.017711981858173194,0.025143003060212485,0.006961078692064099,0.0144817447741476,0.016225888533043204,-0.02141085755912404
7Networks_LH_SomMot_34,0.40793155090738,0.47014014886381517,0.3737921517645947,0.32342623645562224,0.4355607505805893,0.22756347054940623,0.23561916653335707,0.3809707386593989,0.26329373354304497,0.38580441782675357,0.47943806816362955,0.0960800262399432,0.45165022597707,0.48666098787708023,0.5542426003594073,0.4290214862512351,0.5713451336531843,0.5335447722061917,0.47626270517849517,0.44858213676131936,0.514975100666543,0.5391919904723462,0.5970078638966515,0.6350087965659404,0.5435737841665278,0.6441146738509701,1.0,0.6000944630459206,0.5496777889533914,0.6696089690311375,0.21626752748995057,0.37301373482490113,0.16245152469485788,0.4366156888027559,0.2383557706192086,0.3826352997888392,0.3587710486092799,0.3837745193781156,0.24169938551368067,0.36384496391222504,0.3499564372327451,0.4632998686027681,0.45257232243233886,0.43454663562354745,0.4398677471791074,0.612837398340459,0.34288287384755906,0.4903660780575769,0.5016040472684692,0.5234233513300831,0.440117767769143,0.6480378538358682,0.6460143724630112,0.47532688618726915,0.6306572294711504,0.6098427426931559,0.4537237146898135,0.606116752813845,0.11980569571941724,0.4832365365132521,0.3872036521942675,0.45530614503813166,-0.0420662558866046,-0.08461860416388729,-0.08031108039675479,-0.0780077298371633,-0.09158463152097956,-0.07607647746402603,-0.06605330202968213,-0.08171322145071437,0.02108832201310985,-0.01816569791210633,-0.01786121075580582,-0.015240863525497615,-0.03976978819429424,-0.01599071578105728,0.040242589514567745,0.025211459852150654,0.05135769461640328,-0.02353963746882987,0.028175850780348958,-0.023418065307734236,-0.07354626359182236,-0.021409139693694314,0.08246467287416044,-0.01754434228005865,-0.003658217427908193,-0.0652237715102502,-0.03391670760333131,0.05979132260531785,-0.011729113776462484,0.011776906611985886,0.03731802683518251,-0.036641785162972576,0.11569766149722437,0.05474473287540915,0.07282146237706374,-0.007443326143644912,-0.05317057442955545,-0.07090157943670443,0.051686877712282794,0.017819325436097655,-0.051982812321865295,0.0008982340591859433,-0.011503463968167522,-0.0035290570693420047,-0.015041610844351228,-0.008551140638166753,-0.00470063554183397,-0.007536272383280504
7Networks_LH_SomMot_35,0.5660532613312185,0.602373350900611,0.5522930323659626,0.4802314053557541,0.510559996480557,0.19435117917814154,0.2742966955602454,0.402543406750073,0.321142003945056,0.5172709629807776,0.602188750632215,0.28295279887364444,0.5919214214317037,0.5685464239051369,0.6273905818692209,0.7105413411172172,0.7375899295602698,0.6526600890338418,0.5595455412755584,0.590322551256274,0.5903417766942977,0.6075864311937608,0.5037630380475898,0.7344823946940154,0.7210674496622821,0.6966541235869952,0.6000944630459206,1.0,0.733878638811176,0.6993313544796208,0.28752604782279223,0.5635532286229911,0.3129839867339069,0.5624676536802078,0.43904718148516947,0.48847599484359366,0.3517123291048098,0.46730653258332794,0.2033293022534099,0.44400956399450264,0.43434487037902,0.5166953739717928,0.5497810024471943,0.5772670646094535,0.5548947156127088,0.7462037598165133,0.3216787158634071,0.6250246010305228,0.7389696631148828,0.6824967776789317,0.5911495323677087,0.7824352226721448,0.6429466411917799,0.6101663014033377,0.7179770198226549,0.7740921827392614,0.7182145250818215,0.3703095312182774,0.10411951634246405,0.6125393068085035,0.5122565849946488,0.4907073168248389,-0.003245317406227908,-0.09974924024461881,-0.11471867340516091,-0.16607823291689305,-0.15185958675172093,-0.14176576873030547,-0.08542768287699404,-0.10628224340266088,0.0033899162923224846,-0.021601729716545854,-0.0373895070122492,-0.04504546325684738,-0.03457820549819113,-0.02219519531243031,-0.002662329824452292,-0.0027623311195319644,-0.016889398945774913,-0.08354944943755162,-0.04366802691678379,-0.029521269952407822,-0.10116478334053243,-0.0556912514451306,0.008110056624404841,-0.07719044789218614,-0.07892124683616614,-0.11477503193399125,-0.09384354479787547,-0.0246863745713827,-0.08598148084007297,-0.06041387718526137,-0.02830743205269592,-0.08902167997456725,0.09541447287833181,0.04412811319090268,0.006054981859206136,-0.06313642441337243,-0.12313091247917626,-0.15851386076246007,0.005016718804866574,-0.07380732967303302,-0.07407712369237456,0.010016310964806771,-5.7384006850312165e-05,-0.05520686074865244,-0.012585860202869626,-0.04862645456335512,-0.032089857553482176,-0.05846864616708607
7Networks_LH_SomMot_36,0.47500433731950453,0.4866706350517006,0.43598314748677325,0.3879802077476167,0.41546029484718167,0.18565474553008207,0.17689631146495066,0.3514561408089813,0.2421909151291246,0.3908630132020314,0.5742956924350265,0.17478371519768404,0.4754566338493071,0.5014595999492811,0.5267856470641105,0.5887582805469878,0.6089755881642535,0.4642451142885663,0.47772553827734326,0.5197938857906588,0.46895342436227944,0.6220057120005327,0.4819731757516841,0.5162912144332956,0.7110359088057809,0.6268717658327906,0.5496777889533914,0.733878638811176,1.0,0.5975938413389144,0.20042836970414288,0.4567975568237496,0.2411333949659388,0.42146963387390146,0.41412241949646045,0.3817003600195522,0.3406744653547942,0.3382143667678045,0.21244250879122167,0.3463097506668481,0.3752153744556031,0.48101959767555513,0.4359602569853468,0.4141327339414898,0.5209964206111396,0.5988070498356804,0.33446593399137436,0.6001910740770268,0.6251774647270509,0.62593414932647,0.4847822835192519,0.6730924868083267,0.6321620494558658,0.5718244552108308,0.5852309877256233,0.6379366721599009,0.6226053444035089,0.49052773173050224,0.2916033959094122,0.5299054980507768,0.4753720810117602,0.41859887435004595,-0.03325369397905765,-0.11459506206718302,-0.1253630412366843,-0.1659094781855379,-0.17116434229869557,-0.16036271377688727,-0.1216576342419909,-0.10524969895342963,0.07626001486581017,0.03351356463222889,0.021639897532201482,0.009995902165372455,0.007212347535528194,0.009815272532929104,0.05031429703563508,0.0416872228230998,0.03078357251515052,-0.07890741494447451,-0.0339174254715796,-0.10048106769393914,-0.1448846940296485,-0.08890971599495462,0.007107497272157516,-0.09008324481896995,-0.016123686970420152,-0.07437872378618357,-0.023560749731501438,0.0015996271330459904,-0.0635997683581571,0.002351197517171762,-0.005359306809093436,-0.04770081242842708,0.09316637864968862,0.048215089046358794,0.022265140359709508,-0.08379374566858183,-0.0783023887224069,-0.10236460059334414,0.006174053242463185,-0.02964333422496413,-0.009712644570083105,0.006874927669681778,-0.014233823488946893,-0.01327845940674869,-0.024247700795298845,-0.05463418758365031,-0.03869441366393381,-0.046432658158400884
7Networks_LH_SomMot_37,0.40753498002303074,0.41938915721464803,0.36471043387191265,0.290360088723109,0.4259556215943575,0.20606828570068988,0.19466788102988514,0.33998993313631815,0.18336770695749874,0.39632810828827575,0.5243628584008355,0.10645522077902456,0.40907255245427804,0.42804620902444973,0.5006703004180267,0.5437865458685746,0.6257840593816097,0.49545997663231056,0.3779990763720964,0.3744271509486442,0.4438542680122555,0.41516910252365535,0.4525149579646187,0.6361135663866918,0.6858196167790584,0.7869420297216771,0.6696089690311375,0.6993313544796208,0.5975938413389144,1.0,0.25410720727867486,0.42037261466384723,0.1979206968805951,0.39166006989893165,0.32960369457435024,0.3408943953642074,0.3235138490355935,0.3975993138472422,0.21868165243345428,0.34448896226162673,0.3540950275703063,0.5598298730072055,0.4590888730498892,0.4338391423155936,0.4631139912589359,0.6291335792921037,0.2961964252035569,0.5064706145700488,0.543234647018313,0.49749927635457286,0.4876427767421043,0.7599470117666354,0.5499966243414639,0.6100619982720383,0.7621262555701571,0.7816103987399087,0.5554665182825261,0.4677606022707226,0.16003945421369464,0.5635813876851502,0.5494766267782264,0.5718329435433018,-0.013398324872462784,-0.10597480090784075,-0.08024926816422857,-0.11742004226872489,-0.14449175899118386,-0.11025281066655845,-0.06988498658701515,-0.08118172917730697,0.029851372961038607,0.004644040799784971,0.0034630922294004995,0.0043752269338376325,-0.0017628193769049206,0.02475213284232344,0.060666398998412224,0.05317780812131807,0.05796562291041541,-0.045207614545322815,0.00639607495728158,-0.06377398890174756,-0.11395284728867884,-0.08635863898451175,0.03600872632223346,-0.07885035029620238,0.010927240666937392,-0.014326723740165515,-0.004263961968340335,0.053957420849750436,0.011198962169060231,0.01407328835784915,0.07935750656580291,0.012592583387693725,0.09716199637044827,0.020109067519693078,0.05208538889593782,-0.04114163287255806,-0.11489957734157948,-0.11767956924605262,0.033841502676937474,0.0048273294166202045,-0.050439624464040315,-0.008415367546965558,0.012721795623483759,0.02138037522311495,-0.009720645715158906,-0.006429158406018348,0.029474296514992664,-0.021623143234641085
7Networks_RH_SomMot_9,0.3215492424530417,0.3767891857137412,0.3347182754318623,0.30867757236843035,0.41458542041253715,0.2945975691753695,0.3602131616596117,0.31806143554129235,0.2506915613583538,0.410582280962182,0.3234709022295448,0.20404501848367834,0.293438782821668,0.22032375776442278,0.2640082804052187,0.24053005854786597,0.25828687224189495,0.1890078323321086,0.26077059625153287,0.1331961065613978,0.19347758356442182,0.2035956645709611,0.15953030508987556,0.2823734452705306,0.2656152807873878,0.2810536473037006,0.21626752748995057,0.28752604782279223,0.20042836970414288,0.25410720727867486,1.0,0.3257411979873034,0.5087589315696248,0.3029384140249204,0.4001357507034503,0.30576522406186324,0.19502027866743127,0.44826810967890723,0.324940316208716,0.2821114226385636,0.33958937188240995,0.3410651232393111,0.3668011656388613,0.3736168527591055,0.16581316842899688,0.3195775313651113,0.16982434206505118,0.25546004752767393,0.26069528607261605,0.24452310528205495,0.27559219543865066,0.3002903118393059,0.25996066109492805,0.3055442970173144,0.25534485286845876,0.2934389243866244,0.2673334810245787,0.21541542021231647,0.0973731126375673,0.2468990858151859,0.12595133176386358,0.33161260535486087,0.15519400922012067,0.113960021377408,0.06750836026588365,0.12437548297907451,0.14729754575446946,0.14262381399387467,0.1604470414725711,0.16031602737523412,0.028149653004282852,0.025034539226350877,0.022239636762785456,0.047042460349095365,0.0634141280052057,0.07884784195643314,0.04152048966894868,0.05899935178033542,0.021338491600795286,-0.02813148127057795,0.009700824959852954,-0.01573979596363269,-0.060371937936705145,-0.02555028203959463,0.018211669266376088,-0.01576596655949001,-0.1784107770426068,-0.16852907079938845,-0.11140014572363684,-0.06917908239344175,-0.11497997966943843,-0.09036409982681387,-0.12612368486559272,-0.08416095827121864,-0.05523664347494101,0.013467537069151872,0.0068135673264365934,-0.010508377906002344,0.022495888192048796,-0.0057947834509758005,0.04834881787765758,0.08777181786594505,-0.15405682152430245,-0.04571762887413455,-0.07936011614756042,-0.010663399302320473,0.04876876316147201,0.012336550276722123,-0.03743828584567483,-0.017255895525710524
7Networks_RH_SomMot_10,0.5695232296153935,0.5684146690985438,0.6789527853159099,0.5272138989367046,0.30013817516411634,0.06545254030425234,0.18789813450081932,0.1966368838723352,0.20576936650322622,0.3401834740426068,0.45212141803072303,0.25194892272551767,0.3779765324344111,0.39679264789097296,0.4483693789218443,0.4790439150572739,0.49186416458731946,0.4959730807557609,0.37009562804641377,0.45134316071438113,0.37439737607643764,0.36184905759939,0.23247783273437275,0.4499191151320835,0.5267871580723131,0.5030792639986941,0.37301373482490113,0.5635532286229911,0.4567975568237496,0.42037261466384723,0.3257411979873034,1.0,0.35498388330688313,0.5758484820587277,0.450057113335956,0.45292113450418936,0.230626468140804,0.3315884858098339,0.023586111173861567,0.24085806349110697,0.2898120002055635,0.4841374011262968,0.4070510681188129,0.4785855232204454,0.5057100703245996,0.5406052056254079,0.3459995331468595,0.5261206419338065,0.6064129028782037,0.5564457825599258,0.4975387990419382,0.5720073702537577,0.4984338283389951,0.4849679548169065,0.48067196512470217,0.5272462929059826,0.5806132796160693,0.21910936496980615,0.022113318396994527,0.46501413648607814,0.3166342997414265,0.37634351628248885,0.07982537202338306,0.05860211701760249,0.008004305637256225,0.011401546263547654,0.05764777876065334,0.07896179084092923,0.10236115751115461,0.08046394043879829,-0.01210645241753303,-0.036754530467885,-0.028538542555826347,-0.04924777861946681,-0.049495558275477754,-0.03617406250765008,-0.019738333768733848,-0.01668897130926522,0.021674838815635745,-0.03484410534466185,-0.010559803306063867,-0.04043651217156102,-0.04846787239367345,0.019207934100807064,0.003563362997416548,-0.017290261614041597,-0.06401733707201707,-0.08627901815918522,-0.04189929872099817,-0.035674668686722186,-0.07838215764869196,-0.03463784296778659,-0.043231991482205454,-0.0537687748244912,0.11814632716376429,0.09506656474731993,0.07343800302586968,-0.10203956220480674,-0.0896235164671069,-0.11587198296620711,0.04962137065811304,0.0027974369541981033,-0.0709302085274435,0.03089123652136861,0.026911297974728576,0.0370285720082029,0.08736347496660114,0.026100001219837597,0.04561706011231911,-0.01548715070574385
7Networks_RH_SomMot_11,0.393958060066254,0.45649251367986865,0.427873983305178,0.4659860492700845,0.36169303101052425,0.19623046129531532,0.28560432941626107,0.21063691590451034,0.28446041633035724,0.41835179599992234,0.29748191327635654,0.32626443784165676,0.31113400178637196,0.19836577697748858,0.23848616502704792,0.29724811583982874,0.2624505953226766,0.29054944582416065,0.2339915727750412,0.19687056960548238,0.18952230414152435,0.19028952277851827,0.1217759860177555,0.2220042655181963,0.25742922090997383,0.2475414029470695,0.16245152469485788,0.3129839867339069,0.2411333949659388,0.1979206968805951,0.5087589315696248,0.35498388330688313,1.0,0.3912524115978991,0.4188508627152038,0.3691912695010278,0.13984457520296975,0.4079199441190085,0.16137768811850675,0.31895611990455897,0.2678047411590661,0.2681361512881476,0.36126080583008074,0.39342514531957,0.22929737362876426,0.30253951387697126,0.14570006962432697,0.28431584982608055,0.3691553678120542,0.3032986747186906,0.2550802600522739,0.30043387956234163,0.2714411901003148,0.2905074955682993,0.21333405592810248,0.2624420568194703,0.31433714853323497,0.1438175579557106,0.07092301527178753,0.2574810185084218,0.18718500060917403,0.26781113049946037,0.08684152372914006,0.050902786719240846,0.010961015267862619,-0.021786350331264276,0.02178834803907561,0.024070614696423756,0.05643247999119177,0.030569510891257076,0.06665016550703255,0.04038846896524538,0.033179994555230574,0.024112669103089488,0.028270856842614454,0.020412763267220538,0.041784138685256794,0.04731565347680486,-0.02545564158303585,-0.06853565131234471,-0.002915882817371713,0.012953177916276455,-0.06128966284660937,-0.04411627065080745,0.015299097527411026,-0.03291284529924246,-0.1626650670881554,-0.1952881353036601,-0.1387512560781116,-0.11361927653007349,-0.14416878576998773,-0.10995515591208696,-0.0980469210148416,-0.09808661320223243,-0.05176512175980915,-0.023563026081190958,-0.006242163301656236,-0.02560285476032174,-0.03286528648042302,0.025171170418770684,0.03984519349224567,0.060238371594016245,-0.14105342620588515,-0.05261329253256819,-0.11912366338070558,-0.05174128952296646,-0.04262187586631124,-0.11086916682424655,-0.09990634701417739,-0.1390253283002722
7Networks_RH_SomMot_12,0.6651639815478914,0.7885899444981812,0.6651332623139483,0.6733288616254205,0.4402276392336093,0.12709997604798162,0.3005524537747654,0.32694212922192284,0.3747805774767661,0.42295849400168223,0.37891064481629994,0.3260841604048245,0.4861013159633494,0.570108786973513,0.41934440855298316,0.4472397497152909,0.446792853361107,0.5489724253049387,0.37069319443692944,0.6953955687793638,0.3559943107222386,0.4095206429900309,0.32397317887593197,0.4356254460598025,0.4737179339222859,0.4455722189748993,0.4366156888027559,0.5624676536802078,0.42146963387390146,0.39166006989893165,0.3029384140249204,0.5758484820587277,0.3912524115978991,1.0,0.3985392487246977,0.7401974424075147,0.3139861845556855,0.423877103562426,0.13189145618142006,0.38307523547115657,0.3914809868095364,0.42905207832334064,0.46267970247735846,0.5921177065336994,0.4820310257567327,0.601704216482388,0.2872393690191685,0.48757880216423594,0.6042996714811129,0.7194690383445079,0.3951976181649741,0.516675277239178,0.6225197361019197,0.48139347949671996,0.38938673069365737,0.43307701860909265,0.6734159463866083,0.12758883417186043,0.010621312161350914,0.6381764205185626,0.29432983270814145,0.4090048101229716,0.08675936031518475,0.0326557627399235,-0.0007130902937171815,-0.04097863329735083,-0.008592460340214962,-0.0276950779045977,0.03545031697598135,-0.023467718490134275,-0.004944399630936089,-0.04564262466500721,-0.07017117003060035,-0.05784527936316784,-0.07396254917256899,-0.07925134078220401,-0.025705008443053477,-0.03580662052875761,-0.02721420950789019,-0.0426877599353794,-0.004055803720167253,0.00744101063398935,-0.018978030864088058,0.05498219743773596,0.03410412096172067,0.010303728380555488,0.013255967698186797,-0.03136589667092737,0.007557207462202345,0.002787216172669153,-0.038412160211045765,-0.002303330946112327,0.024744080552454854,-0.0051946768631907034,0.09390790905673348,0.047291028690393686,0.05605883404555271,-0.037749522302346086,-0.08923760546111117,-0.12303595897023523,0.11351086405451592,-0.01512622498544273,-0.09257158944809814,-0.005604497916374542,0.05103878721159168,-0.02430427629522809,0.008880370927642437,0.0006031519765193223,0.0278966606901213,0.03175717430589478
7Networks_RH_SomMot_13,0.4232393194356437,0.46936347672360745,0.43177902054608513,0.43210326155681417,0.4217168560933098,0.1337865555629252,0.13618186827950624,0.2590404249857815,0.09583033158593098,0.2704140112214179,0.3564368489015865,0.07641133428035923,0.24244111312712593,0.2624450270273954,0.33567624291959414,0.339046494408721,0.37216663247075127,0.3554790562457766,0.36584962699532,0.25342782608996284,0.3280170937272439,0.3573856770785452,0.26868633197525893,0.3475363863081573,0.36685481523525004,0.34200515571086093,0.2383557706192086,0.43904718148516947,0.41412241949646045,0.32960369457435024,0.4001357507034503,0.450057113335956,0.4188508627152038,0.3985392487246977,1.0,0.2627867743061221,0.29730278638707514,0.22769891496972888,0.1997272360598747,0.1369635032020784,0.34567998603399175,0.42976362807703217,0.3022705783515409,0.2562133683658509,0.25245321296354695,0.4405254820435277,0.25086676635568633,0.31060310460141183,0.41279111461602996,0.4210013504958542,0.314309125286991,0.39564693839625087,0.37151640121134766,0.42868007401799296,0.3118888238603146,0.4198982919806309,0.40486940281706474,0.2804284182731799,0.11504394734396016,0.3166290542061058,0.19983761712771278,0.37177421566934715,0.0937153292975154,0.02168974079155121,-0.0009044892268249069,-0.022514932302466425,-0.01946381548328549,-0.03727659209840588,0.04596945141900783,-0.020131023778878664,-0.022490446040347487,-0.07501892673957415,-0.08881297797756026,-0.1029444379659445,-0.09008144646348676,-0.07931797025890795,-0.06174151636895773,-0.0763360937330673,-0.055408173999215216,-0.09895569967093856,-0.0893923209878421,-0.13799279521255833,-0.15852717197415872,-0.13838908593799845,-0.1499638428929205,-0.1512390026920884,-0.13224372953057015,-0.06920301715464858,-0.017158300471753752,-0.06629974062484506,-0.062208892509829396,-0.0669204649443841,-0.0705511248478951,-0.03659941937727549,0.06367992060200028,0.09335557783587176,0.06806133736898569,-0.09338329285648521,-0.0190751611727527,-0.0888909987854459,-0.0122812104527265,0.05095167628907823,-0.1100008135796528,-0.03564253782256123,0.012393004273444993,0.039096288098473146,0.04083236903351352,0.015420193468258892,-0.005227225097933524,-0.000192489870904738
7Networks_RH_SomMot_14,0.6636515835784802,0.7543597676393663,0.5929946034410547,0.7244640465154463,0.5066905358082238,0.38316454826607693,0.5578333100160319,0.5725297155138909,0.5151498484947352,0.6137824741964318,0.3624076029861538,0.3637117675975708,0.5513830166344892,0.5847440672680392,0.2847881572624836,0.409453516284105,0.41511641188954457,0.4596474094926762,0.29338768551816174,0.6530533894407742,0.220767355924824,0.32786796572653104,0.2291195822177054,0.32617970228870924,0.4991624911145696,0.4527655670843313,0.3826352997888392,0.48847599484359366,0.3817003600195522,0.3408943953642074,0.30576522406186324,0.45292113450418936,0.3691912695010278,0.7401974424075147,0.2627867743061221,1.0,0.1626844483580199,0.6275419711147631,0.3343747795112545,0.5851521128076073,0.5334127436748223,0.33961920906872456,0.5504004029501508,0.6734425766403537,0.45432997166517664,0.5162915686529426,0.23020464194590162,0.4674049064873389,0.5129272445723694,0.6889879157515061,0.3238090967896721,0.47219649985763984,0.537069412715224,0.45596755352922563,0.3525028410218293,0.36303786003017285,0.6470807912209334,0.108604607285016,0.06757736572344618,0.6277509905710735,0.32867950040837207,0.3886563009700518,-0.011852144263195466,-0.06144736883313202,-0.09406197979869045,-0.17261172997426066,-0.14222239958582494,-0.15681258373951643,-0.08927333334621944,-0.11990617961524191,0.12176805545894498,0.08563196657045152,0.050987339403931714,0.006324285819468975,0.03846324304429258,0.024519857967106786,0.07995697895027697,0.05179594694029717,-0.016546116006974552,0.013738946416191729,0.03608143133730889,0.015732356679732194,0.008293646481224095,0.05040079429921337,0.04322173893228378,0.05100001029095485,-0.0049552567885737244,-0.004154574006931233,0.010142534106416776,0.019725627917521207,-0.016515967822598628,-0.008614772379784011,0.053469425847271095,0.02554404273223048,0.04228551148638215,0.011825252597956786,0.024165727046339913,0.02017547034387526,-0.037853152189557884,-0.05193448697655768,0.12235170893629523,0.008435498300215158,-0.04085863454287694,0.03900939517741333,0.02118887381679187,-0.011169402365216814,0.03307288172151205,-0.0030727514091846704,0.022962722431120155,-0.0037181294876172054
7Networks_RH_SomMot_15,0.2920737242934282,0.29553884907489125,0.21125537617087325,0.21029404947853964,0.2860633702339134,0.0398396336036485,0.020414758802392075,0.16342551814766199,0.14154579612300475,0.11635399289812862,0.24155895944999067,0.030852893020216203,0.2745273760546804,0.30436613781118843,0.27920982051397053,0.27510604771339625,0.3197812512581657,0.37423198985205325,0.23908907750824468,0.32988852919018125,0.28154419566680744,0.339892242820391,0.38862760396568397,0.3130731091949067,0.25716752938380805,0.30812323970929983,0.3587710486092799,0.3517123291048098,0.3406744653547942,0.3235138490355935,0.19502027866743127,0.230626468140804,0.13984457520296975,0.3139861845556855,0.29730278638707514,0.1626844483580199,1.0,0.15919231333647066,0.18541340990579916,0.20015649299075863,0.23514183724267534,0.1999072760551851,0.17417410487505963,0.2065859682898,0.26129179309047945,0.3682563068739487,0.13100403858313958,0.3095252414870087,0.29087415261745386,0.2799996231210121,0.2624636303713845,0.3299975587452017,0.3956374152558785,0.22540177139170128,0.3517106354702477,0.3237752701550782,0.23922223460024375,0.27607975527731343,0.05381580084004967,0.21875881972774544,0.25403305555959466,0.14836515610904985,0.03358365130866461,-0.04971452358952268,-0.08404515425569722,0.033508026102147176,0.024022704517690247,0.037661036897361395,0.005440660687233034,-0.04542891294663431,0.07471506072818729,0.04210664607083474,0.03257651864481948,0.07059089300640248,0.029904648157764186,0.021674551911833616,0.06916234671451794,0.04833915429176738,0.04165971217395644,-0.0021824431514159168,0.023784731224732313,0.026258287296013087,0.007456157101013682,0.08385770925884922,0.08914230783239718,0.06414571277331099,-0.04396918819887625,-0.06597336071497353,-0.04655064448333019,-0.05430465407836174,-0.09284554417326944,-0.07672525578908418,0.02168358645084881,-0.11019357807152509,0.019698269780844692,0.059640028836361686,0.013437905707391645,-0.021458188067769578,0.06242562642288388,0.02406083608411265,-0.005006242618489869,0.035157188979288774,-0.022024644235946522,0.033599634121672335,0.09240531738605551,0.07957831682575803,0.05768684718087212,0.05729317253084204,0.11707804864101848,0.05226933982467657
7Networks_RH_SomMot_16,0.44387730671704506,0.5398588340287843,0.3542400742660341,0.482953493698421,0.6277685171943364,0.6619948082066622,0.788449410143052,0.6790403653466222,0.5979486613812017,0.8569036248608676,0.35882199029078077,0.38879814064105134,0.6689269794073747,0.41717650642467785,0.33765513169286276,0.423163054553329,0.4293390502716232,0.3605570526909039,0.3679999474806152,0.3705469753722432,0.2683325553758747,0.32031597233548975,0.27959152020196365,0.40185852147699447,0.43776967140297807,0.4245030330518528,0.3837745193781156,0.46730653258332794,0.3382143667678045,0.3975993138472422,0.44826810967890723,0.3315884858098339,0.4079199441190085,0.423877103562426,0.22769891496972888,0.6275419711147631,0.15919231333647066,1.0,0.5324452678202689,0.8267365731408989,0.5874935386553929,0.36742212010558634,0.7265003116489032,0.6952080288766461,0.28014584938168163,0.4181362229856398,0.11681910147838134,0.354148924602856,0.3478648691728304,0.4000917740791959,0.25830103829038625,0.43916307843289176,0.38968339293614324,0.38845981257487566,0.33918710905881916,0.3976443424169082,0.4258960649587479,0.2210678201439709,0.10474796660405526,0.42234575342822256,0.2989615500227864,0.3653167275383692,-0.046052998477023294,-0.12758362164500245,-0.15020705696209916,-0.21283197414960112,-0.18691169745160469,-0.17928605320414845,-0.128016826433914,-0.15225455024641435,0.14029292096569518,0.0824297196289521,0.06395323320586999,0.08153600398528281,0.0753678318023263,0.07396967650797383,0.13429939626432677,0.07328235951851164,-0.04786504819980861,-0.0031864408544071366,0.022232806790826398,0.05164358969104575,0.036011617924879634,0.047552776885354725,0.020920495425631822,0.023920735824702024,-0.02242356721982381,-0.007011272976461237,0.014653249462521374,0.038607474875832715,0.0029720548058270804,-0.005013279076905854,0.06385664334793309,0.027424745832859615,0.0436849111569198,-0.0005574493677464389,0.05271935621200203,0.024691870919204585,-0.05184197962499505,-0.026122836199245297,0.08737954825190267,0.0003296922770460099,-0.04861292938511981,-0.011354563572827953,-0.0748050120084279,0.008356589062064934,0.002779334420366016,-0.04928116119380328,-0.04023409600864769,-0.09900182606361577
7Networks_RH_SomMot_17,0.17591140935181032,0.22976762248216584,-0.01557634504282271,0.1714115185601448,0.5577096621223266,0.6952603951245652,0.5614517979585878,0.6519389444898945,0.3600448626489438,0.4989182530822436,0.1653526634777129,-0.012496881782602205,0.3713231943021669,0.3354493393590496,0.20779312093577734,0.17137027761831178,0.18281107340351657,0.09169652116109805,0.23249039776064317,0.21425426367356185,0.1593085329559079,0.2792510264445203,0.25771416746799736,0.18665630921722307,0.21106020965077585,0.19144609617274047,0.24169938551368067,0.2033293022534099,0.21244250879122167,0.21868165243345428,0.324940316208716,0.023586111173861567,0.16137768811850675,0.13189145618142006,0.1997272360598747,0.3343747795112545,0.18541340990579916,0.5324452678202689,1.0,0.4881485628556286,0.5346149596864102,0.18862449333046427,0.33168277606161767,0.2570928594192227,-0.016839476252840567,0.14657600603570506,-0.08151976856607086,0.0547257996865876,0.09187753433283558,0.20617667291407685,0.00647353544487019,0.16337238784106486,0.14637122665866503,0.2453445319202142,0.12342639938458767,0.15309681072803857,0.18860113670407194,0.19477996525518865,0.11340381548135055,0.20399908170528167,0.11247067462170862,0.17566262079220607,0.011173968754359763,0.02291029755635322,0.016157503712260206,-0.12183120033016247,-0.06671765012221466,-0.06928742782856191,-0.08944029317370328,-0.01959447076295159,0.16005296360501542,0.14157813918655815,0.11614148584542132,0.08732706997970255,0.11306457099305099,0.10100055428939868,0.11329778593683024,0.13962734026001686,-0.030442113899453244,-0.028226268059053636,-0.02340344307619722,0.04352965576191926,0.017041319063960905,0.0038543109707337045,-0.0010911270732246179,0.0025266804875774046,-0.039489080673046836,0.06433848016127015,0.019097997380836434,0.1278389242891655,0.12134848634218613,0.09332248598136178,0.05251074099941196,0.0938460096903197,-0.03571425972707885,-0.03337949745452343,0.02171186841126339,0.06577270093748176,0.03187204668063333,0.04707612877216238,0.0031919554522455624,0.07750879670364835,-0.08722100390810952,-0.04318766691374764,-0.09393565790801989,0.01008982950362159,-0.0035179812879206373,-0.07093703504316087,-0.014222507321668883,-0.07374452757616778
7Networks_RH_SomMot_18,0.36732157667984044,0.4772889033016399,0.28360513964372197,0.4199128744484296,0.5142403112368418,0.5853601766859204,0.710374364507809,0.6486802124987937,0.60581682560374,0.8011043170420696,0.3327581274507033,0.37368779784886874,0.6921290879540619,0.3891990627989373,0.3075720195695535,0.42415874243937396,0.40600141129046147,0.3676501217015065,0.31989082396428226,0.3962515783508509,0.22763803818383835,0.3149310868137986,0.27481680277691906,0.344855176398645,0.40762939626168754,0.38572396648078894,0.36384496391222504,0.44400956399450264,0.3463097506668481,0.34448896226162673,0.2821114226385636,0.24085806349110697,0.31895611990455897,0.38307523547115657,0.1369635032020784,0.5851521128076073,0.20015649299075863,0.8267365731408989,0.4881485628556286,1.0,0.5377360540303435,0.30324206503425427,0.6793894897900095,0.6784477607091334,0.25130916906976697,0.37159976492777047,0.011251737143192202,0.30287326421424343,0.2788643507018098,0.3626894782833013,0.136401850938838,0.4028655567981953,0.3472479737907106,0.32590183694636776,0.30860560970558853,0.32406208471553943,0.38856236866299465,0.16474168530879316,0.07035813753700909,0.4057815208871838,0.3270902455484693,0.27445755474068023,-0.08531568664960129,-0.15114411194061803,-0.1620277367536759,-0.23313889237175042,-0.20708203457607116,-0.2020637094912911,-0.15172317974866123,-0.1640653938374325,0.15579636162547558,0.1034070439950253,0.08570193944452696,0.07996989869377023,0.0810803080720611,0.0865245399204681,0.14205395932976103,0.08545938817646778,-0.04462133353627807,0.020613205410229075,0.015542137008751842,0.03829669053719405,0.05986052258517481,0.0599330012466638,0.005041839499236961,0.03597751496386401,-0.007397437533556155,0.009703018224458036,0.007478672519492593,0.06092262986873936,0.023494420296043594,-0.006649351663585154,0.07606145238961942,0.021105078534463553,0.07535070408585014,-0.013282876322396268,0.0420265192216152,0.06754853524203515,-0.04058050941327923,-0.02053589990862702,0.08867881582561214,-0.0008111211823070053,-0.010154410981772465,-0.0013738298398579389,-0.035198716862960305,0.04436614888992895,0.006000032158792758,-0.027735494558986374,0.003577520652494988,-0.07338017161145419
7Networks_RH_SomMot_19,0.44688918221171503,0.5024404586853295,0.3225713705510177,0.44767208281126303,0.6218764660063161,0.5245061746320834,0.5348912705106993,0.7197584001284881,0.4452264217376407,0.6331722677426803,0.3396728444754773,0.14151061135830892,0.4809331228622928,0.43738980623716006,0.3087116779067618,0.3368782991788744,0.3424200642868358,0.313558061649058,0.2970457400503086,0.3810926049379457,0.2334840052611556,0.3619493576235714,0.2723650274717334,0.3202141319762763,0.4052026932318347,0.3771387917730152,0.3499564372327451,0.43434487037902,0.3752153744556031,0.3540950275703063,0.33958937188240995,0.2898120002055635,0.2678047411590661,0.3914809868095364,0.34567998603399175,0.5334127436748223,0.23514183724267534,0.5874935386553929,0.5346149596864102,0.5377360540303435,1.0,0.32189756698458094,0.5915803886804716,0.51076834825911,0.3169280607134747,0.41961235105293015,0.21655387878036597,0.3949817136228185,0.384132858578619,0.4445716068510105,0.2825440539938919,0.40977077764406283,0.4440159825853508,0.3894409166551412,0.3527128150307954,0.3734396808349812,0.4153843981142427,0.2098788346096642,0.1326796678953149,0.4091032935677717,0.25067172448746916,0.34993518549742775,0.040575602819240705,0.012480244827881268,0.027270551207049028,-0.09974193567037772,-0.08944613569031905,-0.0875829998825409,0.002445759300869714,-0.04109568958835471,0.0716980224865199,0.04769454237101826,0.04071971678164056,-0.012231534618398907,0.0012920474398859503,0.005933210510033925,0.037418554191548214,0.045529573301209575,-0.021469805500553704,-0.05145421061626527,-0.04369994038526173,-0.009288542895032484,-0.009187906618352934,0.016789508196815486,-0.0341169095951704,-0.0003927669917091565,-0.008521604195826777,0.010962803186899676,0.049782526825006626,0.006958082376076956,-0.0006587112993945189,-0.013283647264988206,0.049401548058965294,0.02650410586489929,-0.02404269324013074,-0.08808499371676101,-0.04318878103120936,0.027921075853609947,-0.050064537909806826,-0.012881055827654144,0.031244911755415824,-0.02313551503498856,-0.08370719032306365,-0.048151132135429604,-0.10075447611217991,0.0514914713541655,0.045567742319936134,0.0039874891559850915,0.024434002412134895,-0.08395945585873692
7Networks_RH_SomMot_20,0.3804118343595218,0.42172807039017773,0.43753763701948695,0.2844152711814727,0.3581621302136005,0.167935326465438,0.20197928731047607,0.2723658321229782,0.16400766002635478,0.37796318090178366,0.6225427234846299,0.13421588167260926,0.36156326992997057,0.36642602898226606,0.4719054548332138,0.5129016861208439,0.526019335717877,0.4402264198206427,0.3617709840381758,0.3293978612382137,0.3996420864777715,0.3139002846784648,0.31094233339950145,0.4644768354298859,0.5673419667683999,0.591064761640636,0.4632998686027681,0.5166953739717928,0.48101959767555513,0.5598298730072055,0.3410651232393111,0.4841374011262968,0.2681361512881476,0.42905207832334064,0.42976362807703217,0.33961920906872456,0.1999072760551851,0.36742212010558634,0.18862449333046427,0.30324206503425427,0.32189756698458094,1.0,0.43761623080305906,0.4161017254554925,0.41819035242058805,0.6120234613688978,0.26124830478263555,0.40047426917684614,0.4728308441366749,0.4214236326952213,0.3689905872793216,0.6357508750427494,0.47581491088721495,0.5671649072554378,0.547945729367188,0.5908983609767863,0.46797939619741424,0.3353056255831434,0.12521142876362326,0.4957323467029521,0.35789851780256343,0.5353564798902863,-0.02773704931346982,-0.049661404291453035,-0.02351117851902115,-0.05516954318002648,-0.059812507519801376,-0.028871959481260402,0.007907544594804994,-0.00586454581329937,-0.027558561844044538,-0.032600216850253376,-0.035577367381170025,-0.07113741296491273,-0.03834729930988303,0.0029663981832989323,-0.05335506906789027,0.0043423935046993005,0.039747752206633645,-0.03665769052411673,0.007429369834222353,-0.12524530801430947,-0.1467774209925597,-0.08479211286139914,-0.03354101274422062,-0.09462728619728329,-0.04035654413104142,-0.031851156098006685,-0.014010984032663085,0.004465668027468815,-0.02575247428646002,-0.036992582483558266,-0.04739404584076952,-0.0046375250729220495,0.08936796431445129,-0.0036004095317690153,0.05033739399054816,-0.03927545392216384,-0.11401746210531682,-0.09379579295436163,0.013799347366127425,-0.017774040630465192,-0.1303347077626446,-0.07085647017680399,-0.01696909752935989,-0.020147336336116938,-0.030668696357772123,0.014525184297934078,-0.020967441277026648,-0.032356262186664465
7Networks_RH_SomMot_21,0.42930910237325887,0.5522267000420662,0.3682904938596619,0.4924616368106524,0.4864377481909793,0.4211234115719118,0.5595930302485078,0.5418273662609622,0.5325359259039854,0.7640717051606465,0.42206447515558804,0.4553356172774178,0.7027606291503116,0.4309820131757926,0.37851876986226984,0.4850105675959009,0.45258828049993133,0.39519827335165686,0.4612448036922408,0.3760371906393964,0.353135982952361,0.40406280891726704,0.23352322379315957,0.47277421422989707,0.49760240176383497,0.4522265656936217,0.45257232243233886,0.5497810024471943,0.4359602569853468,0.4590888730498892,0.3668011656388613,0.4070510681188129,0.36126080583008074,0.46267970247735846,0.3022705783515409,0.5504004029501508,0.17417410487505963,0.7265003116489032,0.33168277606161767,0.6793894897900095,0.5915803886804716,0.43761623080305906,1.0,0.7719198609898756,0.4453142167502953,0.4645246759935044,0.3803672560430383,0.5401670464489245,0.5103802827356868,0.5169331909296782,0.43317208633682225,0.4899405218513069,0.5079495204525994,0.5141251620663113,0.4277860256023641,0.4926830572828237,0.5085990623155777,0.2906958604697989,0.2086006903517297,0.5264308730379669,0.26393796639634426,0.4894739034349246,-0.02219166442848517,-0.09918368875748441,-0.08639255739826837,-0.1712260291766264,-0.16401747139060305,-0.16173197757711286,-0.07193126249694341,-0.14153840573074286,0.12166477546648173,0.08420208519733272,0.07247950051111982,0.07064140080226096,0.07446589455251375,0.081899064116528,0.13396559305834496,0.10240587537674574,-0.06115415490855838,-0.02438369979698184,-0.002142966286806584,0.013800398259203627,-0.020004269772414658,-0.0016433456276226288,0.0004305393540858768,-0.023607577798939978,-0.04374885067719193,-0.04532087378106461,-0.031484479856574,0.0479944806420351,0.003032668226394104,-0.0006335879537894542,0.0532709878122279,0.0134005309922343,0.021381769318106217,-0.04490575707966462,-0.01091686704748977,0.016526211115089118,-0.08746000443871647,-0.08375261265555911,0.08745405260305283,-0.04873047476603308,-0.05389424302669413,-0.04531938851076542,-0.059464624892953,0.013682585247849845,-0.030654384818372613,-0.05331358256690834,-0.05405361081542843,-0.11178078982608708
7Networks_RH_SomMot_22,0.538984859654071,0.6566897190242086,0.48895223766741674,0.6121821429347808,0.47176452608309577,0.3266944143256493,0.5430898162389062,0.4861267257605846,0.5853751301011454,0.7034767195587317,0.41367037483942365,0.5075075427736132,0.6877207059960894,0.45260482374231586,0.37758640011558564,0.5193071953842812,0.44242526791764575,0.5295678835089339,0.4196743905901638,0.49531111248417736,0.3260183923919112,0.39043746559001286,0.29303006125564773,0.47785146023324293,0.4930717857006793,0.45118856656200845,0.43454663562354745,0.5772670646094535,0.4141327339414898,0.4338391423155936,0.3736168527591055,0.4785855232204454,0.39342514531957,0.5921177065336994,0.2562133683658509,0.6734425766403537,0.2065859682898,0.6952080288766461,0.2570928594192227,0.6784477607091334,0.51076834825911,0.4161017254554925,0.7719198609898756,1.0,0.45392343090582316,0.5391112696635934,0.3116260092571144,0.5529352841049867,0.5397055150390064,0.6074083041432775,0.45021117276192196,0.49657525298766453,0.5702720486543484,0.4392871012187209,0.4308421646071568,0.4801443546795979,0.5673512731485072,0.21800142769569242,0.09162929416796768,0.5240113683635023,0.3008594511810044,0.397912349946284,0.0024509536598460962,-0.11698583714694735,-0.12920477112846368,-0.21237582607583758,-0.17837019987520378,-0.18215940491424643,-0.07541396311982748,-0.1513043232324655,0.15854029952217125,0.1429064438482047,0.12023728412355736,0.038672472773565586,0.08054930069928483,0.07379360660740979,0.127208695446599,0.11483351551486452,-0.045264338911675,0.018806636104718884,0.04700526771121009,0.03680868861699917,0.020554754424361554,0.06320696301831001,0.04604998091401101,0.051798807909978206,-0.0842854340203221,-0.08606242285439145,-0.0380893386021634,-0.03303990573598337,-0.07587024215139442,-0.059739836137578856,-0.03437786583291408,-0.049445659227952306,0.05579978387951616,0.02047053900232251,0.02085808959546502,0.04878038966775745,-0.046449872356210516,-0.04733329454561999,0.1331196576812711,-0.022752545104005113,-0.08071732510059779,-0.020889032276604578,-0.04315837312259026,-0.03354350532043605,-0.015020418472808921,-0.04692198808787533,-0.04728259002843008,-0.10006742793097448
7Networks_RH_SomMot_23,0.4988508945140811,0.536297397545931,0.5842191270304461,0.4431096943297443,0.30029392210646716,0.07785628086309306,0.07515023540988504,0.2700583323633001,0.15527170017870254,0.28177391479520775,0.43902327775545863,0.2624567951903298,0.3798359226627573,0.5851436819975504,0.3671227380153185,0.5330339364101165,0.536825898858487,0.44078409251435685,0.3162706953944106,0.5893964551300472,0.2863529521553289,0.3565812526371072,0.27271287666100713,0.3559937069259001,0.6784909274567554,0.5991994818459856,0.4398677471791074,0.5548947156127088,0.5209964206111396,0.4631139912589359,0.16581316842899688,0.5057100703245996,0.22929737362876426,0.4820310257567327,0.25245321296354695,0.45432997166517664,0.26129179309047945,0.28014584938168163,-0.016839476252840567,0.25130916906976697,0.3169280607134747,0.41819035242058805,0.4453142167502953,0.45392343090582316,1.0,0.5683514273407327,0.5720525609576177,0.8190635779488955,0.7494717047921837,0.6040407695623503,0.5583251757355683,0.5812170346406629,0.6780691766845195,0.5550012833207865,0.5301402812913185,0.491381914479309,0.6332389868441581,0.19724991591141924,0.18097598718672503,0.6109889600705392,0.5154817590131101,0.38890744651108594,0.01192136214669015,-0.0806434393297363,-0.0800739890577432,-0.13215950537432583,-0.14503840529979872,-0.11390641301165406,-0.08235067295561582,-0.082061485268288,0.0434989678767481,0.02717987444232094,0.006037031115404025,0.013021657073104405,0.008466631470180773,0.010695451737159313,0.039743437283563346,0.03612819246777471,-0.057303451185640335,-0.06679597926295758,-0.025450930284982957,-0.09068211156808814,-0.11002591126308207,-0.05738732535589511,-0.03014502874898067,-0.039087759303442056,-0.027833310083537458,-0.11821235815744761,-0.05311467437229521,-0.10968459821156006,-0.14227315271420432,-0.08587588479288621,-0.03888319816384866,-0.06994358413037498,0.03403476174100922,0.010712974026512896,-0.03501917434245275,-0.09364940504176963,-0.10141743934241809,-0.12861418107284509,0.04839121279444815,-0.10062284893546901,-0.07819225548187675,-0.04471663843532647,-0.07181114008230638,0.026263404540790843,0.008942845774274767,0.01597423378881569,-0.03579775665059868,-0.05919381773874303
7Networks_RH_SomMot_24,0.597589031399782,0.6352062659466456,0.625839451217161,0.4988903799520656,0.48682701334995376,0.1410104935652812,0.24283923193230944,0.37754562624162574,0.3060609036026111,0.44721426352540616,0.6610846829405568,0.20385701255167718,0.49901141604974053,0.5302775191036582,0.5670931278685174,0.5984432694273624,0.7128493184646988,0.7198240429593027,0.48232461169732416,0.57142133196243,0.5314474818722853,0.5141092453531052,0.525471143311331,0.6501008268420086,0.6450715163856396,0.6685816483353854,0.612837398340459,0.7462037598165133,0.5988070498356804,0.6291335792921037,0.3195775313651113,0.5406052056254079,0.30253951387697126,0.601704216482388,0.4405254820435277,0.5162915686529426,0.3682563068739487,0.4181362229856398,0.14657600603570506,0.37159976492777047,0.41961235105293015,0.6120234613688978,0.4645246759935044,0.5391112696635934,0.5683514273407327,1.0,0.33810114118211276,0.6033948813332197,0.6628347916116477,0.6436718875468753,0.5304666146590244,0.7783645080019299,0.6929799567656605,0.5815034323634517,0.6577354693807598,0.6640001274869032,0.641088679088241,0.38345856604002465,0.11490672115047458,0.6190086900015528,0.4744706558114329,0.5097129860751503,0.041417343528819046,-0.03877618944324543,-0.04144449032609125,-0.08818949923608281,-0.07942162087224576,-0.07666365860298224,-0.006963411568062253,-0.046496234391891586,0.031422342402597364,0.01708560520286625,-0.0028019119176942173,-0.04450069652434851,-0.0221710184207124,-0.012662277296029024,0.004490426548271261,0.029725519328527624,-0.04689427343739423,-0.06549914092750922,-0.026980450612705043,-0.03454159842403783,-0.08620831257214322,-0.022796348786472947,0.008128921453350924,-0.052636201754571205,-0.037806501010152975,-0.0896109836083774,-0.030459388272977023,-0.0610730426916276,-0.10077371707145272,-0.06934722436300808,-0.04701094734998603,-0.08770712168760751,0.06535035453069932,0.006813461204342736,0.0018095455933396438,-0.04151074123169929,-0.10216704054523786,-0.11155277598531833,0.02847560552347918,-0.04188163106760298,-0.07322985991819966,0.03598398175313288,0.020999107881896295,-0.011040820008186384,0.02987100857935602,0.019638567137587198,0.01837318205260288,-0.01389981386653013
7Networks_RH_SomMot_25,0.3459816363837124,0.3473103451550621,0.3958808105735867,0.39414506026399504,0.25378510528468706,-0.029983133644479448,-0.010834725480247446,0.08660901505841023,0.18357295318579175,0.14858937324055602,0.3576204705818234,0.1386945207321672,0.1111683534853055,0.28475427409522314,0.27683501518330283,0.21201807445626558,0.25410735898022796,0.1817749756387866,0.38920488227342975,0.23096700231674083,0.3416590641804719,0.415912574143938,0.18840950109176696,0.3389840856505875,0.3626992012968335,0.27797197354061093,0.34288287384755906,0.3216787158634071,0.33446593399137436,0.2961964252035569,0.16982434206505118,0.3459995331468595,0.14570006962432697,0.2872393690191685,0.25086676635568633,0.23020464194590162,0.13100403858313958,0.11681910147838134,-0.08151976856607086,0.011251737143192202,0.21655387878036597,0.26124830478263555,0.3803672560430383,0.3116260092571144,0.5720525609576177,0.33810114118211276,1.0,0.6719363418543995,0.6075083235123039,0.4943794507443507,0.7505057934458618,0.3404100867353242,0.49327286668219444,0.4397249626254495,0.3056686612808733,0.3758080834335017,0.312368833459459,0.3297977648041299,0.40019804224811073,0.3025215308292264,-0.047684248911850864,0.4768606090043693,0.04024035455592389,-0.05496995993855366,-0.04150677444553516,-0.021585349542019808,-0.06367920336960466,-0.056807763674081954,-0.0426198408661779,-0.08751272801155142,0.11767682939359463,0.08367082297510244,0.0665668085421538,0.053208100258355956,0.059621119958336175,0.056897982052920425,0.10999419067760499,0.10696288271107834,-0.04399492365239988,-0.07269703754706819,-0.03138711425622166,-0.10335119366491803,-0.12883077796897444,-0.0900465775484718,-0.049305304416911694,-0.039111791076412536,-0.029667954817464884,-0.11585915964127858,-0.08060923235423068,-0.062010752544078646,-0.10631580684390468,-0.04421398985709586,-0.036002509659967624,-0.1033804917021496,-0.07056381130809765,-0.023925314309807568,-0.05710768516393277,-0.14221445054194723,-0.10209682344037006,-0.13826654453347945,-0.04428366034179072,-0.07566067713055386,-0.03278770676023421,-0.0453620058239982,-0.07135112334830337,0.061521174131386386,0.022517824737295765,0.015347225231985825,-0.08957293518267499,-0.07978671838745971
7Networks_RH_SomMot_26,0.5312554154128449,0.5722351492635918,0.57751232327313,0.5063033114256148,0.38369486036880734,0.11818022506237424,0.14527763165476487,0.32044195608014336,0.29396791799639466,0.3730031494362653,0.47368418318110717,0.3214538228622869,0.45519005683731384,0.575409145399997,0.44912213828302816,0.5640846122869441,0.5571134119015297,0.47063227424726084,0.46468536976216723,0.5226653983723238,0.4162141556296107,0.48571626501947424,0.3670253855626932,0.4914533487420484,0.6562023878583522,0.5515556938299546,0.4903660780575769,0.6250246010305228,0.6001910740770268,0.5064706145700488,0.25546004752767393,0.5261206419338065,0.28431584982608055,0.48757880216423594,0.31060310460141183,0.4674049064873389,0.3095252414870087,0.354148924602856,0.0547257996865876,0.30287326421424343,0.3949817136228185,0.40047426917684614,0.5401670464489245,0.5529352841049867,0.8190635779488955,0.6033948813332197,0.6719363418543995,1.0,0.7609116905132842,0.6352452730063327,0.7027975412372999,0.5991006175607697,0.7333629904645346,0.5686570848778556,0.5528895004754671,0.5521796091674388,0.6305181541828359,0.3008480376479494,0.27678960007362086,0.5839789641544825,0.4464192601929231,0.43872647096336076,0.003109562441256661,-0.10728027539867907,-0.1168780811781012,-0.12618816574895977,-0.14459656279357747,-0.12484717179396153,-0.07917786853072327,-0.11362700719232613,0.08016738300232608,0.056420877770863104,0.029448024728222482,0.013121424974824247,0.028111122578908077,0.027046234735634264,0.06361804427400637,0.06397835734781124,-0.08855005900616571,-0.11308715398462849,-0.059432610431529025,-0.09161625012610951,-0.12749545502559867,-0.07103538604397824,-0.05248085815732882,-0.06603291541234729,-0.0546250976510204,-0.15651283502417168,-0.08674625288914009,-0.12450360968183645,-0.17524262848143254,-0.10868066532873143,-0.06919051695102796,-0.14175427634239413,0.04455702944725014,0.05296930782338847,-0.003726203424552622,-0.10705313879372046,-0.0817961248400689,-0.1246339305249169,0.056411826846967744,-0.0685745621414904,-0.09773937730785012,-0.05919569036246851,-0.11358068063184543,0.019100775219166803,0.008519092836960191,-0.006708098682621601,-0.07536713055900522,-0.10437601049002518
7Networks_RH_SomMot_27,0.5949169164232846,0.6351868069541975,0.6377558414401121,0.5627046039662793,0.4478523332262461,0.09099352573655169,0.1470382560711872,0.3134843121978587,0.25733104071264107,0.3861520785127311,0.5705512109106674,0.26626205124610464,0.45902573534585306,0.6208909613812713,0.5661559589996539,0.6308989927441315,0.6131710811058761,0.5257039765543964,0.5117986620981204,0.640090873105272,0.5152181372444385,0.5681493329377206,0.3365477325546662,0.5656739690171747,0.7183412771518408,0.6145220789929569,0.5016040472684692,0.7389696631148828,0.6251774647270509,0.543234647018313,0.26069528607261605,0.6064129028782037,0.3691553678120542,0.6042996714811129,0.41279111461602996,0.5129272445723694,0.29087415261745386,0.3478648691728304,0.09187753433283558,0.2788643507018098,0.384132858578619,0.4728308441366749,0.5103802827356868,0.5397055150390064,0.7494717047921837,0.6628347916116477,0.6075083235123039,0.7609116905132842,1.0,0.7810746727480979,0.7516240259318602,0.6901462704025771,0.6892682910241426,0.6990631975202835,0.6008744337988032,0.6603476474691187,0.7398603357025354,0.27746823067292203,0.2252111216625029,0.647430914929319,0.3769684342051512,0.5555174159021495,0.001593072364819207,-0.09418768315684814,-0.09875571237743523,-0.13636908031603057,-0.13928385969040105,-0.11949919642895375,-0.08071016425387305,-0.11642729619213939,0.0456266005152071,0.0273648254020179,0.003967838233584462,-0.016350964554454277,-0.003380596144705633,-0.0004792744158191959,0.02359133213151234,0.03809278266543145,-0.02938516587452678,-0.10095399462910398,-0.038418596901713266,-0.09201688064487609,-0.1575567398619509,-0.10186130837328237,-0.026128490673327717,-0.07123989791791885,-0.06466993320119388,-0.11965101224608607,-0.07581804533289328,-0.06735240935820377,-0.10685131688515584,-0.04698033014289963,-0.06447857596994944,-0.08002668181296593,0.04176150292808029,0.023612870944921406,-0.01705560916223034,-0.13900359375907467,-0.1562259094037203,-0.17230622302416762,-0.010501906848321377,-0.09682579176022564,-0.11352158357711761,-0.02454126392704673,-0.048989341889505475,-0.02569113878055749,0.0043860539812995945,-0.035600767498680096,-0.026684206770484227,-0.0632289022300999
7Networks_RH_SomMot_28,0.641084301786602,0.714680961572271,0.6134399238563077,0.6357121204785349,0.4790493146949195,0.15739531645147886,0.2668218408859539,0.4096026702462493,0.38722663956969333,0.44354531249538653,0.5131684127699073,0.2822467360821781,0.5265354148883759,0.6734461610044887,0.5166632576278201,0.513937934684578,0.5262849531101991,0.5384100265391748,0.48720102806276644,0.7224443644851989,0.45478310644830605,0.5939728628665436,0.3804644990716544,0.5053516333118087,0.6600948265141857,0.5488758753048743,0.5234233513300831,0.6824967776789317,0.62593414932647,0.49749927635457286,0.24452310528205495,0.5564457825599258,0.3032986747186906,0.7194690383445079,0.4210013504958542,0.6889879157515061,0.2799996231210121,0.4000917740791959,0.20617667291407685,0.3626894782833013,0.4445716068510105,0.4214236326952213,0.5169331909296782,0.6074083041432775,0.6040407695623503,0.6436718875468753,0.4943794507443507,0.6352452730063327,0.7810746727480979,1.0,0.6110867970876876,0.6270800179585356,0.6935360012241086,0.6674760818525731,0.4934516795456895,0.5832530710597982,0.8091964158767138,0.29258497289106916,0.25011770362732627,0.7069071304466892,0.3005322281319877,0.5362802237248455,0.02495429711183939,-0.07067629043496547,-0.10105695095012068,-0.179461694871484,-0.1490462838084748,-0.16600656154925922,-0.11121495872381279,-0.14036340486647603,0.09258148687739032,0.07210847968494204,0.050912839947714665,-0.020383595100543488,0.0071440996373248085,-0.005745709725812091,0.056291053502629806,0.06266274470602545,-0.028075855813426538,-0.038980696581023766,-0.004000967609813768,-0.050476730089333725,-0.08851169420428115,-0.03131811928836412,-0.0027890948386983406,-0.0022032223694888543,-0.0014132598996580016,-0.03942362491960854,-0.010795502865136074,0.03750396329572774,-0.025347375323490202,0.029223229204456,0.00877811714698575,-0.0083035857676504,0.03490744480064538,0.020457825078745433,0.0023418816852195253,-0.04968292060527608,-0.08969957516908014,-0.12677896522475107,0.05650181337628728,-0.027960566133834318,-0.050157759973521586,-0.002232687734482873,0.008893383599153282,-0.006109696219473732,0.008138513963508188,-0.03412619533386503,0.0190804527854154,-0.0054873034054489745
7Networks_RH_SomMot_29,0.5050430477938117,0.45858163034290994,0.5244913451598354,0.45591140296141097,0.37719767147418654,0.023681853180447757,0.08772918958561421,0.18810973419299543,0.2835318590688751,0.2916201532082897,0.5012455705610701,0.21694781821900874,0.2744138277456509,0.4178101916850107,0.4745388449278094,0.4579090066092909,0.4921698957256988,0.37725902098176634,0.5300045992906643,0.3450487752567724,0.5521935510633004,0.5577011734077872,0.31715810766260555,0.6171111427984618,0.5127585060256419,0.44085009421523125,0.440117767769143,0.5911495323677087,0.4847822835192519,0.4876427767421043,0.27559219543865066,0.4975387990419382,0.2550802600522739,0.3951976181649741,0.314309125286991,0.3238090967896721,0.2624636303713845,0.25830103829038625,0.00647353544487019,0.136401850938838,0.2825440539938919,0.3689905872793216,0.43317208633682225,0.45021117276192196,0.5583251757355683,0.5304666146590244,0.7505057934458618,0.7027975412372999,0.7516240259318602,0.6110867970876876,1.0,0.5752014980839493,0.5324074343668771,0.5384871793292523,0.5465053218880005,0.6201133862068856,0.48824913617415155,0.3575420204928806,0.3759656840712046,0.3952866560967723,0.14372282951317414,0.552938553122395,0.008995965884751517,-0.1182315179273709,-0.11706277720884688,-0.07987241684935253,-0.1130254476070661,-0.09272009570681447,-0.06043520799733468,-0.1319810230921937,0.11826591642353923,0.10740559526011903,0.09259265601861773,0.07026342728470406,0.08960697149936779,0.08799647384454583,0.12420259736758776,0.1400296326150697,-0.024385279309097535,-0.1157559680515861,-0.055070581742921704,-0.07797851964440708,-0.14557226176856292,-0.07766721257158694,-0.011636336426128305,-0.04914182755513827,-0.030904089315317726,-0.0987089372121521,-0.05208852385472937,-0.04450882451103301,-0.08831578473443427,-0.013012081909037016,-0.027331129355989595,-0.0771656831811581,0.036751168804073475,0.06548462018650114,-0.0054845109281373115,-0.13609873978822917,-0.09507539284375655,-0.1507662606711497,-0.029693175615798467,-0.06133517243260215,-0.039549473424313634,-0.003689441068942727,-0.03645740396896292,0.011753857943573734,0.03503945952381261,0.00047329022967282337,-0.034184829352835726,-0.06500762743232011
7Networks_RH_SomMot_30,0.5356825703968879,0.5400712238848847,0.5621105291461439,0.4217379355384582,0.4462010208101289,0.1845518119244321,0.23731073596775787,0.3930359004064387,0.21289524323438347,0.46570780891591845,0.6511234642129582,0.1615368579253892,0.4650328154290052,0.5118683926556756,0.5764346636402259,0.6661937520657147,0.7673551585456858,0.5902243703412213,0.43418905248772466,0.531654403551955,0.5073294172225472,0.5141876057156172,0.4628659658263269,0.6734868660623674,0.7734824002671888,0.8111149052718333,0.6480378538358682,0.7824352226721448,0.6730924868083267,0.7599470117666354,0.3002903118393059,0.5720073702537577,0.30043387956234163,0.516675277239178,0.39564693839625087,0.47219649985763984,0.3299975587452017,0.43916307843289176,0.16337238784106486,0.4028655567981953,0.40977077764406283,0.6357508750427494,0.4899405218513069,0.49657525298766453,0.5812170346406629,0.7783645080019299,0.3404100867353242,0.5991006175607697,0.6901462704025771,0.6270800179585356,0.5752014980839493,1.0,0.6354993443274751,0.6874626057393283,0.8065685258815555,0.8019597958891856,0.6815435432898835,0.4116147017090343,0.1937792553327497,0.6693970906442467,0.5849930451086112,0.5935165682308143,-0.044013382690887864,-0.11148855175900015,-0.10971318658028653,-0.15344884681839188,-0.14663466998919233,-0.12081889979620196,-0.08828503116895374,-0.08198800197255583,0.033626838425845684,-0.004441927867319725,-0.0030219872814279,-0.04547718863061309,-0.0458272606584237,-0.03068728324344789,0.025429416651399292,0.0045928240696350014,0.05163695288566714,-0.026943378167076645,0.010601060549165993,-0.06217333140061406,-0.09266510076504812,-0.0355785929323063,0.036819096881746984,-0.03903193665875988,0.0012012150969361363,-0.05724885285821847,-0.01886209773221754,0.00489755683457336,-0.056906801483085474,-0.030807674168757397,0.011211678534132196,-0.041171719340743373,0.11329448553334293,0.035184964065084146,0.04658787585421184,-0.032054078295754115,-0.10104343841390166,-0.11386958641789537,0.059935544466195596,-0.02535054707110001,-0.07628851984082134,-0.0136787329740244,-0.01224884319588902,-0.006089167041753141,-0.011456935149706972,-0.014029121490629806,0.007044972099344179,-0.0425148055827782
7Networks_RH_SomMot_31,0.5521785299467327,0.6618470971331138,0.5759159299897828,0.5484978999395566,0.47090738091830925,0.14876533083500312,0.1991081819018067,0.37750974738236964,0.31892752799917184,0.39198731064415726,0.5089310800804282,0.2297574041881264,0.4733295962538357,0.5902715231805277,0.5379283424741498,0.5570813309947706,0.5654957416021643,0.5838004966839004,0.5157214143673203,0.6433742141723943,0.47351171309512163,0.5804478114730122,0.6029596063250933,0.5295345085313479,0.6356328229497005,0.5748427370834698,0.6460143724630112,0.6429466411917799,0.6321620494558658,0.5499966243414639,0.25996066109492805,0.4984338283389951,0.2714411901003148,0.6225197361019197,0.37151640121134766,0.537069412715224,0.3956374152558785,0.38968339293614324,0.14637122665866503,0.3472479737907106,0.4440159825853508,0.47581491088721495,0.5079495204525994,0.5702720486543484,0.6780691766845195,0.6929799567656605,0.49327286668219444,0.7333629904645346,0.6892682910241426,0.6935360012241086,0.5324074343668771,0.6354993443274751,1.0,0.5803027141194036,0.5728059570907381,0.5944079469316348,0.6453444858906023,0.45931113372287297,0.16905617926375338,0.6129668183416871,0.41136048329682634,0.47564149408006373,0.016393900537405016,-0.08547819199835346,-0.11005737682593998,-0.12672901499051864,-0.12199264540629352,-0.10564312564423932,-0.07554096019015291,-0.10421315619973226,0.059229303438160734,-0.00032651230974935073,-0.02754345640605894,-0.05246963732073393,-0.06801898777394384,-0.07069069322709347,0.011089838053039721,-0.00904860067809304,-0.05223471944728638,-0.059302406077692625,-0.015415143206102998,-0.06971172916861343,-0.09691244957433925,-0.025155103690749536,-0.007656742235589829,-0.03075115623858283,-0.04517903333265087,-0.09292509015787115,-0.022288825349529362,-0.0477030710021671,-0.09364410020496558,-0.0416703058807178,-0.03727688772947357,-0.060621166470608924,0.02756460193728204,0.032787867610082566,-0.0010334186063341874,-0.04568208195312424,-0.05421535415993951,-0.06640321112541328,0.05310513937834117,-0.049026007573918215,-0.08867959503719999,-0.039212238795516344,-0.04935900914183963,0.02164723611491359,0.004999706256241201,-0.0050261886003170955,-0.04891388224758031,-0.0451959944577278
7Networks_RH_SomMot_32,0.4049864818012137,0.49044642968697066,0.4731468412005196,0.4204969552533132,0.41831450842141665,0.21481463964545167,0.19338769376201512,0.36373939437476427,0.16275228408312792,0.40589934800581473,0.5651376283844836,0.16962911534455882,0.43818668303941727,0.5658030027488536,0.5138551658853379,0.5856214702217153,0.5852465416508045,0.36799833426326267,0.46410215850736775,0.49930678584217003,0.4406662348668579,0.4598336439114979,0.29383648221242264,0.48286685952646025,0.7729233905842665,0.6661007831031537,0.47532688618726915,0.6101663014033377,0.5718244552108308,0.6100619982720383,0.3055442970173144,0.4849679548169065,0.2905074955682993,0.48139347949671996,0.42868007401799296,0.45596755352922563,0.22540177139170128,0.38845981257487566,0.2453445319202142,0.32590183694636776,0.3894409166551412,0.5671649072554378,0.5141251620663113,0.4392871012187209,0.5550012833207865,0.5815034323634517,0.4397249626254495,0.5686570848778556,0.6990631975202835,0.6674760818525731,0.5384871793292523,0.6874626057393283,0.5803027141194036,1.0,0.5705079518027881,0.6654944818296856,0.7335238030936633,0.2787971821533058,0.3990404832052824,0.7399379254149346,0.3806806969231629,0.7650577989041337,0.02241464293954441,-0.03901615703112099,-0.04486116272434848,-0.12687219265637084,-0.1255507203228395,-0.11992118992439864,-0.10221297678665361,-0.08521285022251493,0.03785410854855393,0.026864658909513582,0.02531722384235039,-0.024921485853262648,-0.007968727856203521,0.0085221885791442,0.016128061528782073,0.050806262027056036,-0.00019323622849484916,-0.08059158910429182,-0.05069173567688695,-0.16037999230721828,-0.1792194069290366,-0.1403820565157417,-0.05678885676670859,-0.12421618023832015,-0.03899404282658946,-0.04379966651184419,-0.06895171839546943,0.06598993909114431,0.02165452484956323,0.04505505783144061,0.049342777344850985,0.03221160232443491,0.0093260624025781,0.01816054712225667,0.03453832567478812,-0.11840555485564463,-0.10331947364994147,-0.11771954348392263,0.03047310139904607,0.03183186982588873,-0.10839033397952016,-0.09120489779283478,-0.02370070669912353,0.025475608122812247,-0.02878976551370789,-0.03657412054704682,-0.019984799471648416,-0.05453512029454609
7Networks_RH_SomMot_33,0.44093806522632983,0.41187841560167043,0.43483508411131866,0.3035626658057637,0.3664310676247616,0.10858895952220886,0.12503949085047503,0.30886483815901405,0.1394449912034602,0.34553001484701645,0.5586964070010803,0.08634627439324792,0.3669108702408286,0.4266546404024414,0.5167648872937554,0.6064479141750717,0.6472371793792131,0.5273729897951739,0.38992329429613015,0.38918904485463524,0.45503638603136454,0.4076458594498945,0.4273375164003368,0.6701393679088383,0.6757839847867642,0.754304574821979,0.6306572294711504,0.7179770198226549,0.5852309877256233,0.7621262555701571,0.25534485286845876,0.48067196512470217,0.21333405592810248,0.38938673069365737,0.3118888238603146,0.3525028410218293,0.3517106354702477,0.33918710905881916,0.12342639938458767,0.30860560970558853,0.3527128150307954,0.547945729367188,0.4277860256023641,0.4308421646071568,0.5301402812913185,0.6577354693807598,0.3056686612808733,0.5528895004754671,0.6008744337988032,0.4934516795456895,0.5465053218880005,0.8065685258815555,0.5728059570907381,0.5705079518027881,1.0,0.8175460447719077,0.5559402472199881,0.44813984588763645,0.0867613827610276,0.5274858367464574,0.5273906427568424,0.5395225625297501,-0.026953977969434145,-0.07968118414177944,-0.06532595212914771,-0.08478993678767892,-0.09986307103772411,-0.0662212723390916,-0.04441080666343967,-0.02785944952030318,0.051853795063871805,0.024650023638471637,0.03733164807536136,-0.030524574791263366,-0.021724234564581793,-0.001253895572408049,0.057261241501128546,0.0417447055490314,0.08517234662078133,-0.04466074807232624,0.0037891842815364635,-0.029671379831345452,-0.08853332016419523,-0.017269082374561626,0.08487948944137212,-0.03517601711777597,0.001781709173865594,-0.030114613949565525,-0.020930640725460747,0.02282329758246613,-0.021331941191866925,-0.012177639446213556,0.03052728440858808,-0.013180161321963962,0.1039199512996106,0.05187795016667974,0.05436526538896519,-0.0385930272134639,-0.10581850978859647,-0.10897086856767794,0.06331058916706575,-0.0118582275965935,-0.05949543688522634,0.0062735770185386565,-0.00921824774389657,0.01667208904966113,-0.020378212091214522,-0.012556068821790544,0.024656754912045668,-0.0432630462815428
7Networks_RH_SomMot_34,0.45241697349150295,0.46423906912032137,0.4676030141516815,0.3691996610282578,0.43609765889748053,0.13797652734363292,0.19170742348276745,0.31042796786951327,0.2121274447985215,0.4082248086786004,0.6110176476613326,0.14614124799048447,0.3956850355757435,0.4170632159455034,0.5739480113255421,0.6045424726846171,0.6432900159805844,0.5115876688474523,0.4733508448380876,0.39329188086465133,0.5192290506501374,0.4850657451259584,0.4517419213333664,0.7017060969088657,0.6989932142495207,0.7284746396168844,0.6098427426931559,0.7740921827392614,0.6379366721599009,0.7816103987399087,0.2934389243866244,0.5272462929059826,0.2624420568194703,0.43307701860909265,0.4198982919806309,0.36303786003017285,0.3237752701550782,0.3976443424169082,0.15309681072803857,0.32406208471553943,0.3734396808349812,0.5908983609767863,0.4926830572828237,0.4801443546795979,0.491381914479309,0.6640001274869032,0.3758080834335017,0.5521796091674388,0.6603476474691187,0.5832530710597982,0.6201133862068856,0.8019597958891856,0.5944079469316348,0.6654944818296856,0.8175460447719077,1.0,0.6416136577305218,0.4573478381494106,0.1936154330227069,0.5516409832372096,0.44962563068340644,0.6736490081633999,-0.03346515937973607,-0.09705479990511134,-0.08596661192760273,-0.12587282405249503,-0.12872052590710645,-0.09951418056250132,-0.07993444751120302,-0.08302534635088218,0.01427463926410942,-0.026254615285631028,-0.02040936181997033,-0.028850140520139036,-0.03893491694893573,-0.014111563340363861,0.026645019830467534,0.011082964515451228,0.0631229653473459,-0.06345873330416464,-0.018217406974806005,-0.06322478127820474,-0.11637204583748642,-0.06558015313603727,0.033191229785077304,-0.08938326045145403,-0.021133613601084154,-0.0544805819410775,-0.05599555502634635,0.06032622663507957,0.004260601965728219,0.029781287047575933,0.03486631581854958,-0.024416912084133224,0.10563270183189531,0.05800913179542112,0.05265809831302229,-0.08418329734399708,-0.1293086135364017,-0.12224378957817786,0.020743661183496544,-0.012641583116195827,-0.05103363954915269,-0.0009241044808408498,0.01097128086978962,0.01485818149282021,0.003972384746511736,0.0065330635317645954,0.03428926049984256,-0.02485263025883996
7Networks_RH_SomMot_35,0.5387643777994698,0.6486854960391129,0.5690455744716517,0.518487826570688,0.40831716046910055,0.15537663386810124,0.2496469735057761,0.3871755957942245,0.2724471278586092,0.45585520616395625,0.48885535164220945,0.3313634856602122,0.5508104421880616,0.6606448408461932,0.4845323691291603,0.5925211269984957,0.5972607518751298,0.5049406507309862,0.39584124861163095,0.6988315433944949,0.3656249596596,0.4350717832754186,0.31275096870359675,0.4770846620691216,0.7356429434274845,0.6525623062440606,0.4537237146898135,0.7182145250818215,0.6226053444035089,0.5554665182825261,0.2673334810245787,0.5806132796160693,0.31433714853323497,0.6734159463866083,0.40486940281706474,0.6470807912209334,0.23922223460024375,0.4258960649587479,0.18860113670407194,0.38856236866299465,0.4153843981142427,0.46797939619741424,0.5085990623155777,0.5673512731485072,0.6332389868441581,0.641088679088241,0.312368833459459,0.6305181541828359,0.7398603357025354,0.8091964158767138,0.48824913617415155,0.6815435432898835,0.6453444858906023,0.7335238030936633,0.5559402472199881,0.6416136577305218,1.0,0.16262032511151936,0.1471532242295215,0.8092705040537596,0.5204861126955306,0.5745207868810287,0.024803491815683486,-0.0486037192996307,-0.07423618595114695,-0.1998363499193095,-0.14259480665959626,-0.14150115089948576,-0.10353063994115075,-0.07864791152343119,0.026252996767250403,0.010495236346420998,0.002470770899898485,-0.038158394419828746,-0.025184766447997827,-0.025002433405234153,0.008184950819931749,0.024653894775211675,-0.008329178335617977,-0.06227803216059318,-0.03780816645222748,-0.06778700657920755,-0.10416309784777232,-0.05391115191966106,-0.011299513030795814,-0.053646405744431525,0.016792394153185092,-0.027112260497790117,-0.013319902443909412,0.01640323451939106,-0.0329011130967717,-0.010147868312689061,0.02402977601092869,-0.0016001361404847747,0.06976089919912443,0.04828229845998645,0.03870335068537441,-0.047181098196406,-0.08501275987525062,-0.11404347034903728,0.07974707383423535,-0.008415032641800721,-0.08121646230127902,-0.027324182616271137,0.009192233653818221,-0.03767073985900424,-0.019989120914963923,-0.05238024640236491,0.020777535874319922,-0.01923919286443644
7Networks_RH_SomMot_36,0.22023354622836744,0.18518799463497998,0.17577243049863261,0.13425030125135987,0.29919229835656125,0.14918297867136,0.11128261466959753,0.2182640181601729,0.15434974162419926,0.22338571713300448,0.41427760476510306,-0.01734018481530723,0.22803213520716972,0.16616126686841798,0.36742513052789333,0.2510035114482199,0.3195622007944033,0.2666262046799303,0.37791245247331173,0.07290373883624897,0.3761703512851087,0.4717572912022098,0.5399172768024108,0.4443211922100794,0.33547258335476204,0.35291403087690726,0.606116752813845,0.3703095312182774,0.49052773173050224,0.4677606022707226,0.21541542021231647,0.21910936496980615,0.1438175579557106,0.12758883417186043,0.2804284182731799,0.108604607285016,0.27607975527731343,0.2210678201439709,0.19477996525518865,0.16474168530879316,0.2098788346096642,0.3353056255831434,0.2906958604697989,0.21800142769569242,0.19724991591141924,0.38345856604002465,0.3297977648041299,0.3008480376479494,0.27746823067292203,0.29258497289106916,0.3575420204928806,0.4116147017090343,0.45931113372287297,0.2787971821533058,0.44813984588763645,0.4573478381494106,0.16262032511151936,1.0,0.25053565658387916,0.13757154197135402,0.17485198132563476,0.3304664562567789,-0.05626166140034111,-0.07374063037432746,-0.06520658034282957,-0.028004688736383006,-0.035048060917046805,0.00717658076662215,-0.034384090786944974,-0.01706164278560191,0.08173983396125285,0.04612178980228877,0.04325945055116656,0.02788228563062128,0.00707194210823811,0.0004533288704336939,0.06546968067495854,0.06170000057350203,0.10774599714405889,-0.012454131344261472,0.0314014359251445,0.01923768835468741,-0.05457893834237762,-0.003064253227668782,0.09970776838062871,0.01396884177137981,-0.02039610055836395,-0.03360053620156486,-0.01592632562241945,0.039584110718698697,0.024432119895010623,0.06942630521935922,0.024698967581079905,0.015073909012076144,0.08077404292620984,0.10153740928633723,0.06937539273618307,0.04398338731884235,0.08208114243380815,0.04893754780039949,0.014065550714937715,0.07455511469418351,0.106751660606079,0.13763285085146157,0.06259165949314548,0.0694796766537025,0.07471584928743928,0.04935082265708015,0.07362538152698685,0.0730880891552899
7Networks_RH_SomMot_37,0.10314904134182733,0.09352392413106787,0.10924588491908298,0.1451578456802389,0.1630706494080848,0.1894439812781897,0.0665394150851441,0.14659147730525166,0.1400215446523887,0.12306989795301855,0.2744858048913281,0.0167359386912439,0.12594520832538186,0.19796388113125565,0.10867296675284067,0.15395597786202184,0.17674330679045175,-0.06003446471589887,0.30131541268120166,0.03901065415421337,0.2583366686164901,0.34190406138453416,0.08774173449091598,0.16883000537616535,0.26675842482143947,0.07145073145590473,0.11980569571941724,0.10411951634246405,0.2916033959094122,0.16003945421369464,0.0973731126375673,0.022113318396994527,0.07092301527178753,0.010621312161350914,0.11504394734396016,0.06757736572344618,0.05381580084004967,0.10474796660405526,0.11340381548135055,0.07035813753700909,0.1326796678953149,0.12521142876362326,0.2086006903517297,0.09162929416796768,0.18097598718672503,0.11490672115047458,0.40019804224811073,0.27678960007362086,0.2252111216625029,0.25011770362732627,0.3759656840712046,0.1937792553327497,0.16905617926375338,0.3990404832052824,0.0867613827610276,0.1936154330227069,0.1471532242295215,0.25053565658387916,1.0,0.1989262287015536,-0.051035917677069054,0.43179754375798235,0.030697397303780845,-0.05348913634157841,-0.022028862900549867,-0.004637257876899184,-0.09557925041335637,-0.10705955250390826,-0.0332154932369563,-0.07554286871677433,0.1375074611917509,0.12387505570323064,0.12048373840292911,0.12752661014300135,0.10670060265633328,0.0866334844154492,0.13349240789268535,0.1351224532861817,0.01793699321340366,-0.03317349449993178,-0.028746260210256714,-0.1149497663926132,-0.081217609409278,-0.061245920154965675,-0.019665906826307054,-0.04195085872726842,0.067430127570814,0.004604827344415595,-0.010802331959395825,0.08258031588853688,0.04450581017476665,0.10078878650680523,0.08635147638460704,0.038180556296438836,-0.011625511879044086,0.0544637482481073,0.06172035207912506,-0.056187215401517554,0.038485624762113965,-0.009361876923684013,-0.029142178998185757,0.0888237182692605,0.014959077157694536,-0.04011173084577485,-0.05546523303244212,0.018138871895415902,-0.007166849039982703,-0.050311588533846305,-0.04258427144920935,-0.08119734503151517
7Networks_RH_SomMot_38,0.4696315246709206,0.5903459145669328,0.4738802094444026,0.45372457978339303,0.36456501138257197,0.1915887860928825,0.26030310756216657,0.37932371129955317,0.2379690271078311,0.44268332427362955,0.4466365223611287,0.2561106933526416,0.5202156690209208,0.6039385032408794,0.3994141705664627,0.5393152430562911,0.556304835421623,0.4651902025165027,0.3230331663671826,0.6574148853994813,0.2987283459487752,0.33158309134276226,0.24191599186820514,0.41666826519980116,0.72346081908705,0.6698224528385788,0.4832365365132521,0.6125393068085035,0.5299054980507768,0.5635813876851502,0.2468990858151859,0.46501413648607814,0.2574810185084218,0.6381764205185626,0.3166290542061058,0.6277509905710735,0.21875881972774544,0.42234575342822256,0.20399908170528167,0.4057815208871838,0.4091032935677717,0.4957323467029521,0.5264308730379669,0.5240113683635023,0.6109889600705392,0.6190086900015528,0.3025215308292264,0.5839789641544825,0.647430914929319,0.7069071304466892,0.3952866560967723,0.6693970906442467,0.6129668183416871,0.7399379254149346,0.5274858367464574,0.5516409832372096,0.8092705040537596,0.13757154197135402,0.1989262287015536,1.0,0.5466840511316041,0.6239491144461335,0.009184693576454806,-0.04218847062698281,-0.04910006190839687,-0.13975881251368955,-0.11983805676793156,-0.11356284327178941,-0.10052845007011317,-0.06271893100923825,0.007910348120027624,-0.036544874255365435,-0.05645396864765619,-0.106237045784357,-0.09510970990975888,-0.08545093826470507,-0.04059447272026866,-0.03895156124147878,-0.011947760455273501,-0.014603406444244488,-0.0033647221656114955,-0.05700750679566004,-0.04552306457325619,-0.0006578139149241193,0.00483367339503819,-0.014737671606075085,0.06065162195206322,-0.01724074756963923,-0.01176444882308583,0.07019012886538221,-0.012153022296675675,-0.007166364922471065,0.09555989358238562,0.021318701013549574,0.04183930512976498,-0.002264896594133745,0.012855813622461125,0.036958631496756114,-0.05522745490180895,-0.08644158696305974,0.1589470663663444,0.005952113962009354,-0.13720170314638433,-0.10058302421507012,-0.02417108245713033,0.0061570848635804235,-0.036571253980954475,-0.027177411502446645,0.021431826435002226,-0.01728867784579483
7Networks_RH_SomMot_39,0.30973977236988387,0.31347770048860046,0.31298377729798704,0.17749693230863364,0.2067857175035261,0.1571667591522256,0.10886585386072434,0.29763855094854774,0.0676076720448405,0.2903132537040256,0.27681266681157635,0.13342686047426358,0.3825689154720572,0.36795319936581483,0.24645577785757034,0.49446268837916907,0.5016204477785021,0.39749489042970476,0.06315202919195033,0.40581445794435644,0.12305130029283425,0.1432097824433153,0.2815095685459218,0.2932158616621541,0.5709989906573395,0.6454645260494322,0.3872036521942675,0.5122565849946488,0.4753720810117602,0.5494766267782264,0.12595133176386358,0.3166342997414265,0.18718500060917403,0.29432983270814145,0.19983761712771278,0.32867950040837207,0.25403305555959466,0.2989615500227864,0.11247067462170862,0.3270902455484693,0.25067172448746916,0.35789851780256343,0.26393796639634426,0.3008594511810044,0.5154817590131101,0.4744706558114329,-0.047684248911850864,0.4464192601929231,0.3769684342051512,0.3005322281319877,0.14372282951317414,0.5849930451086112,0.41136048329682634,0.3806806969231629,0.5273906427568424,0.44962563068340644,0.5204861126955306,0.17485198132563476,-0.051035917677069054,0.5466840511316041,1.0,0.20127902326850217,-0.06555368153800754,-0.11412507187551418,-0.10250467443620874,-0.1797633427120064,-0.16624218775227156,-0.12868531683170104,-0.12021623437742907,-0.05351683671148013,-0.06262567570229761,-0.06166154603201645,-0.07749651353626648,-0.08719250984764096,-0.07852553617376629,-0.06591784536116205,-0.08241258414721962,-0.07685983044440707,-0.031080771895194925,-0.054040776248913826,-0.005920619168415856,-0.05017019159917868,-0.06553114770729553,-0.03890342042850528,-0.005813526653943263,-0.06238749460259348,0.015538789442500402,-0.06850852764063754,-0.007014837171114902,-0.08692003389591917,-0.11903568921249902,-0.0933973508151846,0.017392399245568832,-0.05414882232968702,0.14779275658481789,0.05101214109127906,0.0683740333548845,0.03647678461063823,-0.03634873105569594,-0.027760947636408594,0.15668554333272905,0.007945310833216061,-0.06455050936841894,-0.009224057632238162,0.00199399587968433,-0.05476614084298878,-0.07052317354877902,-0.03929753108960728,0.08077828769987969,0.011393267864458299
7Networks_RH_SomMot_40,0.32909844427425217,0.4108766799042684,0.3804492755115616,0.37052407202393167,0.4035668814735695,0.17089472446784135,0.20742204103933262,0.27356702460228466,0.2079577530989358,0.3828502497117088,0.53151462435766,0.135563153753257,0.3116567841276076,0.360311804467139,0.4258624064993521,0.38708391285680444,0.45740953344874863,0.28564161318453424,0.44670377548939794,0.27500527937406083,0.42566946722113147,0.35580558793486305,0.2686229095364796,0.5210909482726764,0.5754611334002521,0.5291606873268592,0.45530614503813166,0.4907073168248389,0.41859887435004595,0.5718329435433018,0.33161260535486087,0.37634351628248885,0.26781113049946037,0.4090048101229716,0.37177421566934715,0.3886563009700518,0.14836515610904985,0.3653167275383692,0.17566262079220607,0.27445755474068023,0.34993518549742775,0.5353564798902863,0.4894739034349246,0.397912349946284,0.38890744651108594,0.5097129860751503,0.4768606090043693,0.43872647096336076,0.5555174159021495,0.5362802237248455,0.552938553122395,0.5935165682308143,0.47564149408006373,0.7650577989041337,0.5395225625297501,0.6736490081633999,0.5745207868810287,0.3304664562567789,0.43179754375798235,0.6239491144461335,0.20127902326850217,1.0,0.06756686440400096,0.018255363832146345,0.04711992754322105,-0.04082880264316887,-0.05072301295650391,-0.04823638569639744,-0.010238443729395186,-0.01731600250848736,0.06898506486176224,0.034730038618619126,0.031153717454895865,0.0046450598976149424,-0.0011672368821259822,0.013122397567366531,0.062476852608941424,0.07345791660082641,0.03638489801656701,-0.05428117702810521,-0.02903015101430302,-0.10996123447881608,-0.12618474696885548,-0.09299984541452525,-0.018671397420687727,-0.08114149272539278,0.03723398223095259,0.0025955069017899817,-0.045163315090038465,0.1249586321997629,0.07111104912075558,0.057180182832674495,0.10567793717403827,0.06424827455869492,0.03185925829448953,0.03679383623734828,0.04524211462453725,-0.06259189344262683,-0.0716408719929744,-0.08393959037139308,0.038944248850533866,0.06544102335478721,-0.04884815771499881,-0.06460106784179188,0.004350492103010139,0.03611910290728693,-0.008633138630029536,-0.019793248223718703,-0.01398371109486179,-0.0452221789547073
C3 GM left dorsal horn,0.028497959276908198,0.09851243823911854,0.080217569656816,0.08229569236488028,0.0486784058005602,-0.055144810007859306,-0.07031226462409026,-0.043053426893504346,-0.004372486223277122,-0.050179519263617314,-0.019786970324322854,-0.05567668186181836,-0.020564811394381658,0.009193289895147424,0.05433557737429088,-0.06356712651181788,-0.0054706163332319665,0.0360767563164913,0.06035433794904774,-0.021847092333698064,0.07279581334546073,0.018108061779607727,0.0222663001969274,0.03219860953274281,-0.05078542323698747,-0.04128093042032314,-0.0420662558866046,-0.003245317406227908,-0.03325369397905765,-0.013398324872462784,0.15519400922012067,0.07982537202338306,0.08684152372914006,0.08675936031518475,0.0937153292975154,-0.011852144263195466,0.03358365130866461,-0.046052998477023294,0.011173968754359763,-0.08531568664960129,0.040575602819240705,-0.02773704931346982,-0.02219166442848517,0.0024509536598460962,0.01192136214669015,0.041417343528819046,0.04024035455592389,0.003109562441256661,0.001593072364819207,0.02495429711183939,0.008995965884751517,-0.044013382690887864,0.016393900537405016,0.02241464293954441,-0.026953977969434145,-0.03346515937973607,0.024803491815683486,-0.05626166140034111,0.030697397303780845,0.009184693576454806,-0.06555368153800754,0.06756686440400096,1.0,0.7484050165925041,0.6770498351029258,0.42872919874008714,0.4991328805013033,0.37814204546907226,0.6561860608699979,0.5826374420771453,0.07687344654214359,0.09425526996132574,0.09561132628019482,0.08416136289833807,0.09789510081817906,0.0889142328688629,0.09968123367348986,0.15015310672572357,0.046976706484730166,0.053783798005230796,0.05139626668128004,0.045042544157814016,0.061203520515337284,0.08046869711208998,0.041267332921182134,0.07700813705391986,0.013591381804769848,-0.020761840200877634,0.02744655463325108,-0.12786092256441012,-0.11136462215640242,-0.15069399471273232,-0.057692596767596555,-0.06887767288469844,-0.07281200840649259,0.004400074801697772,0.01647734337695628,-0.11051377550868033,-0.03286895912496348,-0.02492816580990151,-0.006193013800202785,0.08358674972387692,-0.061281557505054735,-0.07821527336836805,-0.10762901117625932,-0.06561360326681315,-0.1090280808321019,-0.13977202440809272,-0.1490557415768403,-0.1609185888510702
C3 GM left intermediate zone,-0.03496693088720351,-0.004670170984030451,0.011463941329997191,-0.00032106977971551806,-0.00810006942385941,-0.08213885217168163,-0.12246420234698067,-0.09333620365009747,-0.07708165040755423,-0.11842297203365044,-0.09189089365689398,-0.14074972815426207,-0.10628220271427029,-0.06713543113262647,-0.023217209619139277,-0.1466142823360781,-0.11273222755938075,-0.05479731664158254,-0.017197607445272097,-0.08408791445236982,-0.017349374852065006,-0.06555619640049458,-0.011679204020698374,-0.055911575563684916,-0.15097387610011664,-0.11989889694957603,-0.08461860416388729,-0.09974924024461881,-0.11459506206718302,-0.10597480090784075,0.113960021377408,0.05860211701760249,0.050902786719240846,0.0326557627399235,0.02168974079155121,-0.06144736883313202,-0.04971452358952268,-0.12758362164500245,0.02291029755635322,-0.15114411194061803,0.012480244827881268,-0.049661404291453035,-0.09918368875748441,-0.11698583714694735,-0.0806434393297363,-0.03877618944324543,-0.05496995993855366,-0.10728027539867907,-0.09418768315684814,-0.07067629043496547,-0.1182315179273709,-0.11148855175900015,-0.08547819199835346,-0.03901615703112099,-0.07968118414177944,-0.09705479990511134,-0.0486037192996307,-0.07374063037432746,-0.05348913634157841,-0.04218847062698281,-0.11412507187551418,0.018255363832146345,0.7484050165925041,1.0,0.865405445628453,0.5828014041616993,0.744080847154614,0.6506610022893535,0.7265952107569665,0.7898391773405987,0.016414346288088317,0.03508767411007648,0.04180884800527977,0.025673224622412904,0.03787010370767179,0.0412946860543461,0.020019010128801574,0.08664143447248086,0.040919392619579775,0.033902648744792895,0.012837204011672366,0.05111169114798125,0.08817828619596574,0.1232464148865158,0.02928443378111967,0.07821607978805382,0.019525166950092217,0.024251894103993983,0.024474783457585036,-0.03101301770424359,-0.0006865444923676293,-0.04279994728553198,-0.007820329075075716,0.010770191809922969,-0.12141579490462592,0.005741311419571605,0.006176924373744466,-0.05960048438645644,0.026165570549028287,0.057182195942475464,0.053594997909537354,0.16599353806792855,-0.04565621783617608,-0.03188810396212698,-0.052576000804468684,-0.11582715403505636,-0.10686106633897655,-0.14669067847461792,-0.0975839824512889,-0.08626332467476545
C3 GM left ventral horn,-0.06693010250630267,-0.04051766744694004,-0.02491501465366895,-0.0495070471065703,-0.037905157316387925,-0.08814735357773185,-0.1384796645693951,-0.10437189627139154,-0.09095235588326607,-0.12747426605130557,-0.08948152922634245,-0.15709833428814318,-0.13234477019987098,-0.11287587273560402,-0.05298411027380198,-0.16718151933979056,-0.1291992528261672,-0.05779755413938067,-0.050713452981919566,-0.13488623961923535,-0.027877538531519398,-0.09835867797962877,-0.02947541628132918,-0.06581646010919719,-0.16153018275588857,-0.11007293683970691,-0.08031108039675479,-0.11471867340516091,-0.1253630412366843,-0.08024926816422857,0.06750836026588365,0.008004305637256225,0.010961015267862619,-0.0007130902937171815,-0.0009044892268249069,-0.09406197979869045,-0.08404515425569722,-0.15020705696209916,0.016157503712260206,-0.1620277367536759,0.027270551207049028,-0.02351117851902115,-0.08639255739826837,-0.12920477112846368,-0.0800739890577432,-0.04144449032609125,-0.04150677444553516,-0.1168780811781012,-0.09875571237743523,-0.10105695095012068,-0.11706277720884688,-0.10971318658028653,-0.11005737682593998,-0.04486116272434848,-0.06532595212914771,-0.08596661192760273,-0.07423618595114695,-0.06520658034282957,-0.022028862900549867,-0.04910006190839687,-0.10250467443620874,0.04711992754322105,0.6770498351029258,0.865405445628453,1.0,0.5145478031953973,0.6211656469621075,0.5600623702670043,0.6973246778739417,0.7633258572044955,-0.03329450614146851,-0.003821369901965318,-0.0052978357284481185,-0.030940880322577618,-0.014554549519063601,-0.006590404210450222,-0.052602094879356985,0.03404948542556525,0.025643249648821285,-0.02071275497872186,-0.03129920592249763,0.022515402325590992,0.0357170521594365,0.06794244245290657,-0.016016959059017427,0.004214556162195048,0.029645860364587537,0.02768882193981178,0.029375953443130442,-0.03195386878885895,0.003542373428590241,-0.04370760823810489,0.013089201716382186,0.022578338070696154,-0.12380407442862573,-0.023497034180276568,-0.011392711013625278,-0.06377483441902687,0.01511282555959695,0.06212443911305581,0.06833415237184971,0.1528219310235275,-0.04415871523917549,-0.02730430780944602,-0.041636506317180424,-0.13935768346022176,-0.13469467831566637,-0.16896457357022848,-0.0982685387627537,-0.08082820875220548
C3 GM right dorsal horn,-0.058760426234399955,-0.09167359709706167,0.009310197249547857,-0.10654772686881417,-0.09099330214107122,-0.18320986298464664,-0.23672168038398336,-0.18506792157324822,-0.16313590056407012,-0.2194282058507057,-0.08405381764882323,-0.149683923476178,-0.15695059159705507,-0.1340088637987396,-0.04781221849596468,-0.17844974439363506,-0.1639015563489226,-0.07941750266912592,-0.04524335610275824,-0.19392618833773428,-0.01484578690942817,-0.12915227197203974,-0.08449639737178712,-0.056975457275805774,-0.18926385212210178,-0.15695599194500764,-0.0780077298371633,-0.16607823291689305,-0.1659094781855379,-0.11742004226872489,0.12437548297907451,0.011401546263547654,-0.021786350331264276,-0.04097863329735083,-0.022514932302466425,-0.17261172997426066,0.033508026102147176,-0.21283197414960112,-0.12183120033016247,-0.23313889237175042,-0.09974193567037772,-0.05516954318002648,-0.1712260291766264,-0.21237582607583758,-0.13215950537432583,-0.08818949923608281,-0.021585349542019808,-0.12618816574895977,-0.13636908031603057,-0.179461694871484,-0.07987241684935253,-0.15344884681839188,-0.12672901499051864,-0.12687219265637084,-0.08478993678767892,-0.12587282405249503,-0.1998363499193095,-0.028004688736383006,-0.004637257876899184,-0.13975881251368955,-0.1797633427120064,-0.04082880264316887,0.42872919874008714,0.5828014041616993,0.5145478031953973,1.0,0.836342927530912,0.7896901451451833,0.7411344196213194,0.6402502128955136,-0.0506511937993421,-0.03593238077453894,-0.028147828429573415,0.004178166440146657,0.009300113741822057,0.037384272807240174,-0.01109635713466488,0.05235479402288796,0.11998064279185414,0.022685126172210763,0.040301971528980865,0.0578180095114494,0.07357587764743731,0.14309431739346384,0.1299961554772395,0.10871244138827812,0.027211981558591718,0.03326489885546602,0.008429846545991911,-0.011400086123497648,0.035849226885396795,0.00944678786342963,-0.0024136538554507814,0.00036588753401820977,-0.059349209003852266,0.05069708467277397,0.05241406443107092,-0.046020271521865885,0.049239814719459575,0.09755145926579462,0.06490264971878812,0.1894041048916214,0.025090747604938412,0.05093281008825044,0.02006523576337819,-0.11416126354346323,-0.026197413965211105,-0.05652638235128098,-0.010050499748638855,0.0029420054819130066
C3 GM right intermediate zone,-0.06192454173444619,-0.07331651118739668,0.0018530775047767773,-0.07737545378189913,-0.07010556725399038,-0.168722483007743,-0.19653631510963068,-0.18191838398671753,-0.14803965008642647,-0.19099657175046492,-0.10082638776568609,-0.14906269308316672,-0.13606597703525383,-0.1328607399872175,-0.025751918100923702,-0.18241439288473352,-0.15442031592583635,-0.07439487443094757,-0.036084507552652426,-0.15677661010696325,-0.034947097880720125,-0.12379111021348722,-0.04139994884723299,-0.061564503574199264,-0.2089533914016556,-0.16345114041367112,-0.09158463152097956,-0.15185958675172093,-0.17116434229869557,-0.14449175899118386,0.14729754575446946,0.05764777876065334,0.02178834803907561,-0.008592460340214962,-0.01946381548328549,-0.14222239958582494,0.024022704517690247,-0.18691169745160469,-0.06671765012221466,-0.20708203457607116,-0.08944613569031905,-0.059812507519801376,-0.16401747139060305,-0.17837019987520378,-0.14503840529979872,-0.07942162087224576,-0.06367920336960466,-0.14459656279357747,-0.13928385969040105,-0.1490462838084748,-0.1130254476070661,-0.14663466998919233,-0.12199264540629352,-0.1255507203228395,-0.09986307103772411,-0.12872052590710645,-0.14259480665959626,-0.035048060917046805,-0.09557925041335637,-0.11983805676793156,-0.16624218775227156,-0.05072301295650391,0.4991328805013033,0.744080847154614,0.6211656469621075,0.836342927530912,1.0,0.8931411240876288,0.7537498725398825,0.7706386027498902,-0.02221265752819615,-0.00870794944288132,0.005377854208291559,0.034712088844774364,0.0344771476522485,0.05270303078733807,0.013576074672476974,0.07739835448202562,0.1018618154515107,0.042632773377158706,0.05065577479858735,0.09400115833664796,0.11320717907245469,0.18179296504636624,0.12847333264750044,0.1324758607974058,0.00624068896239269,0.01988859256377479,-0.00605292827010093,-0.008150237496017877,0.03169232482245885,0.010164050115601958,-0.03196046090892752,-0.01133961604381273,-0.07816419980798729,0.05131466191799345,0.04096702500568928,-0.029404622896236438,0.06265957597670667,0.08594266133037964,0.05824310962010661,0.1947797437271774,0.016926795647304368,0.06453671281973236,0.05273204878019257,-0.11002449114752261,-0.04037402784849668,-0.07738358084362311,-0.0075764837992828155,0.017862178233816375
C3 GM right ventral horn,-0.0769577086599647,-0.09940563026259999,-0.000614458149982795,-0.10940828506302086,-0.08048928466052538,-0.16396452123717323,-0.20104322005123001,-0.18013037663850703,-0.16781299912742814,-0.18842881891523536,-0.08447303910200044,-0.15280339579056498,-0.14672646555728058,-0.143811624513983,-0.02636490155997019,-0.16240939304693106,-0.1432151295819486,-0.07483122655370596,-0.04654886588927979,-0.17363826092918228,-0.051006670302615555,-0.13929655420875467,-0.032336196750741994,-0.05341876676130521,-0.1847910013009845,-0.12880649767230393,-0.07607647746402603,-0.14176576873030547,-0.16036271377688727,-0.11025281066655845,0.14262381399387467,0.07896179084092923,0.024070614696423756,-0.0276950779045977,-0.03727659209840588,-0.15681258373951643,0.037661036897361395,-0.17928605320414845,-0.06928742782856191,-0.2020637094912911,-0.0875829998825409,-0.028871959481260402,-0.16173197757711286,-0.18215940491424643,-0.11390641301165406,-0.07666365860298224,-0.056807763674081954,-0.12484717179396153,-0.11949919642895375,-0.16600656154925922,-0.09272009570681447,-0.12081889979620196,-0.10564312564423932,-0.11992118992439864,-0.0662212723390916,-0.09951418056250132,-0.14150115089948576,0.00717658076662215,-0.10705955250390826,-0.11356284327178941,-0.12868531683170104,-0.04823638569639744,0.37814204546907226,0.6506610022893535,0.5600623702670043,0.7896901451451833,0.8931411240876288,1.0,0.7139922276836221,0.7816884152403526,-0.07709048826020866,-0.06696525269666959,-0.056196845032464825,-0.012836749099130532,-0.014408023780496233,0.014277408098057852,-0.05411263828333569,0.012090911158008194,0.10033752375567066,0.009523493871893737,0.02247072662461186,0.06512956574023103,0.07786352698091177,0.15368159181554186,0.11345941370413068,0.09855790658237205,0.023073686466386002,0.039864114291906755,0.011842595588875005,-0.010863818080034237,0.04065222244773884,0.022064620035217627,-0.017406842965802628,0.017417252917172877,-0.07417451779095376,0.03839624269409484,0.023026005912810617,-0.0406960076953135,0.04962412845302339,0.05744617081735208,0.030120314519311214,0.1518274786579428,0.0023586492540210433,0.07136678644554909,0.058269807372929756,-0.109414426246231,-0.035979184871954714,-0.0798116396737952,0.007958364597988585,0.024484492689393872
C3 WM ascending,-0.01280822466109412,0.02174840962216287,0.0731047210551386,-0.004016559543093493,-0.02632006490639465,-0.1459268445031218,-0.15025850359604467,-0.10689652638385858,-0.07262918150430153,-0.10075794079337677,-0.028033167999079164,-0.09406365965856105,-0.06517627369555402,-0.08180539015107666,0.022393860841246,-0.11966409725734677,-0.06269440694298967,0.02790735960195787,0.008370697379953123,-0.14203047350846212,0.04001374095374665,-0.08730594736092324,-0.03616266643019502,0.01843745960631414,-0.16342575558978822,-0.10839653257673938,-0.06605330202968213,-0.08542768287699404,-0.1216576342419909,-0.06988498658701515,0.1604470414725711,0.10236115751115461,0.05643247999119177,0.03545031697598135,0.04596945141900783,-0.08927333334621944,0.005440660687233034,-0.128016826433914,-0.08944029317370328,-0.15172317974866123,0.002445759300869714,0.007907544594804994,-0.07193126249694341,-0.07541396311982748,-0.08235067295561582,-0.006963411568062253,-0.0426198408661779,-0.07917786853072327,-0.08071016425387305,-0.11121495872381279,-0.06043520799733468,-0.08828503116895374,-0.07554096019015291,-0.10221297678665361,-0.04441080666343967,-0.07993444751120302,-0.10353063994115075,-0.034384090786944974,-0.0332154932369563,-0.10052845007011317,-0.12021623437742907,-0.010238443729395186,0.6561860608699979,0.7265952107569665,0.6973246778739417,0.7411344196213194,0.7537498725398825,0.7139922276836221,1.0,0.7859187848469683,-0.07588173543245474,-0.026530184848624943,-0.01988354975726651,0.021311736871274474,0.03715197941670014,0.05763360615366491,-0.003222107679512341,0.07156155001760475,0.09661228221765224,0.045108489219744856,0.03168318519141903,0.06862310800880389,0.08537564564227887,0.13387078337346506,0.08489013671720015,0.08463435865193533,-0.017297780209319033,0.019738040167903283,0.01882103140777674,-0.05215970331802676,-0.0019272431149953593,-0.05441279933342403,-0.044656651548364075,-0.026305086569613084,-0.04189726595641223,0.05414778706110842,0.048573164268751204,-0.05924469867776818,0.04574671001806532,0.07662409321656323,0.04355025245532308,0.14302088252912915,-0.01072310566223501,0.02679785998889289,-0.03908136654141576,-0.10166928527146661,-0.04322919952136085,-0.10681776170201936,-0.05339928406687045,-0.09633510083485593
C3 WM descending,-0.08986545462748657,-0.062472971504847805,-0.010680230409273468,-0.09127264898083129,-0.07758386435203078,-0.1195976909682752,-0.16609579892939652,-0.11904055384566274,-0.14157790373226534,-0.14429579230768497,-0.053321226427867324,-0.1657207979590687,-0.13176279202694033,-0.1302377250151047,-0.028973557389869634,-0.12961377895972606,-0.09610530122334524,-0.054472382769505154,-0.07080868094650605,-0.14207070945922362,-0.0660096653669434,-0.1292759658724175,-0.023244353408132717,-0.058986928938469144,-0.1388050954403752,-0.07708328198091224,-0.08171322145071437,-0.10628224340266088,-0.10524969895342963,-0.08118172917730697,0.16031602737523412,0.08046394043879829,0.030569510891257076,-0.023467718490134275,-0.020131023778878664,-0.11990617961524191,-0.04542891294663431,-0.15225455024641435,-0.01959447076295159,-0.1640653938374325,-0.04109568958835471,-0.00586454581329937,-0.14153840573074286,-0.1513043232324655,-0.082061485268288,-0.046496234391891586,-0.08751272801155142,-0.11362700719232613,-0.11642729619213939,-0.14036340486647603,-0.1319810230921937,-0.08198800197255583,-0.10421315619973226,-0.08521285022251493,-0.02785944952030318,-0.08302534635088218,-0.07864791152343119,-0.01706164278560191,-0.07554286871677433,-0.06271893100923825,-0.05351683671148013,-0.01731600250848736,0.5826374420771453,0.7898391773405987,0.7633258572044955,0.6402502128955136,0.7706386027498902,0.7816884152403526,0.7859187848469683,1.0,-0.09653886788690742,-0.06315447375044528,-0.055701265961148175,-0.011435381013639638,-0.004444718820575289,0.0240774864496172,-0.06663405422090876,0.020602456976206347,0.0704106501643148,0.0034085463163715814,-0.0023888568023578724,0.017502068398914397,0.04821272123519691,0.1065584152108636,0.02887773839427134,0.05762739113216513,0.03982473436893028,0.024735971214209465,0.021031856664147766,-0.05358355747394509,-0.01194120243982377,-0.04558136782872043,-0.019341155833458107,0.003345312153496279,-0.09444563565287437,0.013968164330127692,0.014913063520262825,-0.05506910694748411,0.03650456794431707,0.04103440639538603,0.03131246070159948,0.12762449553430394,-0.026007981204688318,0.0208065515198752,-0.021252997451842517,-0.11526535382223602,-0.09448274672564845,-0.13559470972031254,-0.04393052631936779,-0.052634749818901407
C4 GM left dorsal horn,0.02764794293193419,0.06214456272003844,-0.007398070601689427,0.14130028518946003,0.09771753946722211,0.12132557023026139,0.1399567168404013,0.17240174292582175,0.2243152019303019,0.13840274854453744,0.10423299280407025,0.05620557282340101,0.07812140744902843,0.011848528723689883,-0.02607199779405804,0.06489541992151263,0.029882921193081856,-0.012382209490699958,0.04732994125050986,0.03296411670053862,0.005291161785789385,0.0790456337988447,0.021465328890369336,0.03307782893628502,0.05262704223020147,-0.02075014081822878,0.02108832201310985,0.0033899162923224846,0.07626001486581017,0.029851372961038607,0.028149653004282852,-0.01210645241753303,0.06665016550703255,-0.004944399630936089,-0.022490446040347487,0.12176805545894498,0.07471506072818729,0.14029292096569518,0.16005296360501542,0.15579636162547558,0.0716980224865199,-0.027558561844044538,0.12166477546648173,0.15854029952217125,0.0434989678767481,0.031422342402597364,0.11767682939359463,0.08016738300232608,0.0456266005152071,0.09258148687739032,0.11826591642353923,0.033626838425845684,0.059229303438160734,0.03785410854855393,0.051853795063871805,0.01427463926410942,0.026252996767250403,0.08173983396125285,0.1375074611917509,0.007910348120027624,-0.06262567570229761,0.06898506486176224,0.07687344654214359,0.016414346288088317,-0.03329450614146851,-0.0506511937993421,-0.02221265752819615,-0.07709048826020866,-0.07588173543245474,-0.09653886788690742,1.0,0.8086128925532031,0.7606745219797316,0.571048969944108,0.5999386009278177,0.47394370924501866,0.791079636450339,0.6404593096844025,0.14153085946025878,0.1996104901561953,0.18965712289044612,0.12999611484907103,0.13588009571699178,0.11628745555002451,0.20202402708019127,0.20944719683613244,-0.024222924951120526,-0.06309818096204123,-0.05424683298841504,-0.007228528457871413,-0.03347497022806716,0.023928685263622136,0.007341371098157917,-0.06177866729201964,-0.043371510947963786,-0.040113060477334435,-0.015678083176563523,-0.012509246591463487,0.007266664126164756,0.06363935328214093,-0.06757427203336734,0.03516161075699336,0.07137656462366826,-0.0016971351942398423,-0.061569018077119494,0.03864089505339038,0.05846045729037624,0.018705082272837185,-0.11784760328839111,-0.11686335215872791
C4 GM left intermediate zone,0.017521256180056094,0.020023475844291656,-0.029607978378589913,0.07858670497094583,0.058398780245902934,0.07437516317479136,0.08115423016543005,0.13204463453228807,0.17978639663450233,0.08358186586324676,0.04173340968961711,0.040219668941452555,0.07050537610277939,0.009576182546394607,-0.028477485214628027,0.026384394619085268,0.0068986970641206425,-0.029944502979353648,0.024068605138832883,0.00684936359077176,0.001174571091472297,0.04951170889942986,-0.029899196507514714,0.003499127570390619,0.021610628562248844,-0.05562790825718428,-0.01816569791210633,-0.021601729716545854,0.03351356463222889,0.004644040799784971,0.025034539226350877,-0.036754530467885,0.04038846896524538,-0.04564262466500721,-0.07501892673957415,0.08563196657045152,0.04210664607083474,0.0824297196289521,0.14157813918655815,0.1034070439950253,0.04769454237101826,-0.032600216850253376,0.08420208519733272,0.1429064438482047,0.02717987444232094,0.01708560520286625,0.08367082297510244,0.056420877770863104,0.0273648254020179,0.07210847968494204,0.10740559526011903,-0.004441927867319725,-0.00032651230974935073,0.026864658909513582,0.024650023638471637,-0.026254615285631028,0.010495236346420998,0.04612178980228877,0.12387505570323064,-0.036544874255365435,-0.06166154603201645,0.034730038618619126,0.09425526996132574,0.03508767411007648,-0.003821369901965318,-0.03593238077453894,-0.00870794944288132,-0.06696525269666959,-0.026530184848624943,-0.06315447375044528,0.8086128925532031,1.0,0.8973451012437604,0.6325804978880607,0.7739975341750697,0.6582613357606024,0.7727284407977782,0.8119726869875014,0.14621823749769164,0.22535027614080136,0.20927097841045347,0.17465316611552265,0.16721192094833875,0.16548397567951773,0.2408223633485497,0.26957420962575535,-0.07797847537580267,-0.10910236524087308,-0.12401163684840782,-0.05660381095818373,-0.08616765378673834,-0.04577160652538139,-0.05279485628701471,-0.1220832826647134,-0.028495580126658607,-0.057360778818058095,-0.00595554570702895,0.00036249939649758624,-0.021034622003943824,0.05768622499238805,-0.033318540377703695,0.03219990783819175,0.10694917864884872,0.03413646070286368,-0.049157809131675674,0.0074739332773921625,0.039024351622732364,0.004925995804170717,-0.0821151208930026,-0.10140245415319
C4 GM left ventral horn,-0.01328330175589173,-0.0201231527179056,-0.04971321309721063,0.03744241708303649,0.03193228707677426,0.06374822077421699,0.06620358205314775,0.1161084033835709,0.16367820837954683,0.06948635766513214,0.03137271445899013,0.009221992740798853,0.05962916938540166,0.0010132103808926244,-0.019043794936952053,0.008585791110241017,0.007358942432896864,-0.044387617293616635,0.025924046169073102,-0.016741677264447242,0.013032650636345745,0.05193655689465259,-0.024970885538314853,0.001727811909541472,0.010526400927438288,-0.05608869086323473,-0.01786121075580582,-0.0373895070122492,0.021639897532201482,0.0034630922294004995,0.022239636762785456,-0.028538542555826347,0.033179994555230574,-0.07017117003060035,-0.08881297797756026,0.050987339403931714,0.03257651864481948,0.06395323320586999,0.11614148584542132,0.08570193944452696,0.04071971678164056,-0.035577367381170025,0.07247950051111982,0.12023728412355736,0.006037031115404025,-0.0028019119176942173,0.0665668085421538,0.029448024728222482,0.003967838233584462,0.050912839947714665,0.09259265601861773,-0.0030219872814279,-0.02754345640605894,0.02531722384235039,0.03733164807536136,-0.02040936181997033,0.002470770899898485,0.04325945055116656,0.12048373840292911,-0.05645396864765619,-0.07749651353626648,0.031153717454895865,0.09561132628019482,0.04180884800527977,-0.0052978357284481185,-0.028147828429573415,0.005377854208291559,-0.056196845032464825,-0.01988354975726651,-0.055701265961148175,0.7606745219797316,0.8973451012437604,1.0,0.5903537238989713,0.7102464441340628,0.6030282979479726,0.7665310251414251,0.8182300567432502,0.18270388313769592,0.23429588790456346,0.21483742071260475,0.1877677692726279,0.17426072073280016,0.18159335379182726,0.27803383033214624,0.289413185600868,-0.08091457961466128,-0.11415099030009497,-0.1268587701651985,-0.05780859012595318,-0.09544524876251549,-0.05420179258713592,-0.0625070052094547,-0.13137556067904846,-0.013223747009781838,-0.05907489038802953,0.007621381830938526,-0.0029335316512741306,-0.02417720314864485,0.043121677589948046,-0.03527598089769277,0.03314396404658939,0.1272635884083412,0.051905987000495334,-0.028742317422857534,0.0014811894583374268,0.024862876255475074,-0.014853470860325612,-0.06189536640907986,-0.08766126001902254
C4 GM right dorsal horn,-0.025678003463601797,0.007284059234421202,-0.03580612398405473,0.0313287078297516,0.05904960820933324,0.0666797976612944,0.08617706218418587,0.07167103374468256,0.0935797077974134,0.06074730679540497,0.027687994701686005,0.0202224737915028,0.04269741389638752,0.02938451749492144,-0.034744391184317595,-0.011742563259753678,0.01739457201594281,-0.0823164234594644,0.011702136131332141,-0.03340603325481379,-0.02257057314755419,0.013540314151569963,-0.03325352985820876,-0.020009580158605895,-0.027898133237968817,-0.06936244962813914,-0.015240863525497615,-0.04504546325684738,0.009995902165372455,0.0043752269338376325,0.047042460349095365,-0.04924777861946681,0.024112669103089488,-0.05784527936316784,-0.1029444379659445,0.006324285819468975,0.07059089300640248,0.08153600398528281,0.08732706997970255,0.07996989869377023,-0.012231534618398907,-0.07113741296491273,0.07064140080226096,0.038672472773565586,0.013021657073104405,-0.04450069652434851,0.053208100258355956,0.013121424974824247,-0.016350964554454277,-0.020383595100543488,0.07026342728470406,-0.04547718863061309,-0.05246963732073393,-0.024921485853262648,-0.030524574791263366,-0.028850140520139036,-0.038158394419828746,0.02788228563062128,0.12752661014300135,-0.106237045784357,-0.08719250984764096,0.0046450598976149424,0.08416136289833807,0.025673224622412904,-0.030940880322577618,0.004178166440146657,0.034712088844774364,-0.012836749099130532,0.021311736871274474,-0.011435381013639638,0.571048969944108,0.6325804978880607,0.5903537238989713,1.0,0.8276534833014385,0.7462714934768139,0.7955249575509654,0.7223936074373293,0.16007021189724152,0.1825570726979575,0.19495985585019146,0.15462980280814395,0.11614598997360885,0.10042313723775505,0.28192568494937403,0.2091562684808521,-0.04683405019575053,-0.11895460266227698,-0.13633612854220875,-0.04339479477476624,-0.08026613563201793,-0.03607353598470793,-0.0009864374025736395,-0.1287020454424401,-0.08906363225814053,-0.0208025395991516,0.0009945572177169155,0.06627406319381944,0.05208584904359462,0.13486971156920202,0.0016924184881157644,0.07525847142182103,0.0884490867385695,-0.00029005142703124895,-0.026260898165330813,0.03469695353747984,0.023013521535941654,0.01829432905768929,-0.038858750056953405,-0.07067098394404887
C4 GM right intermediate zone,-0.012234824087686278,0.0016027622476640908,-0.02803944431498115,0.03976962594073423,0.04986744708177237,0.05372088454593794,0.06751927686228816,0.07459800501337682,0.10997625562697591,0.05896687311017217,0.019074699976369416,0.027641819152762606,0.042034680111867805,0.023325579694348914,-0.027446342683950284,0.015136603561144393,0.01794953869872731,-0.0707255329424627,0.014806435622403637,-0.03556540929329176,-0.0007029261286357873,0.009636326201555115,-0.08272238022583625,-0.017218937111838396,-0.020331271693414806,-0.07315108259722372,-0.03976978819429424,-0.03457820549819113,0.007212347535528194,-0.0017628193769049206,0.0634141280052057,-0.049495558275477754,0.028270856842614454,-0.07396254917256899,-0.09008144646348676,0.03846324304429258,0.029904648157764186,0.0753678318023263,0.11306457099305099,0.0810803080720611,0.0012920474398859503,-0.03834729930988303,0.07446589455251375,0.08054930069928483,0.008466631470180773,-0.0221710184207124,0.059621119958336175,0.028111122578908077,-0.003380596144705633,0.0071440996373248085,0.08960697149936779,-0.0458272606584237,-0.06801898777394384,-0.007968727856203521,-0.021724234564581793,-0.03893491694893573,-0.025184766447997827,0.00707194210823811,0.10670060265633328,-0.09510970990975888,-0.07852553617376629,-0.0011672368821259822,0.09789510081817906,0.03787010370767179,-0.014554549519063601,0.009300113741822057,0.0344771476522485,-0.014408023780496233,0.03715197941670014,-0.004444718820575289,0.5999386009278177,0.7739975341750697,0.7102464441340628,0.8276534833014385,1.0,0.8975196140972502,0.7754581093442784,0.835404622722247,0.10712796082852531,0.15599462358441907,0.1598479449087615,0.1343319316765686,0.10679123426617586,0.1085555766575236,0.22713829248221432,0.21151568551022523,-0.0970505154396824,-0.1208556532844832,-0.16745843779539663,-0.047836100301167625,-0.07912321521487872,-0.059210736922371034,-0.0523074525010197,-0.1413342441496925,-0.0537632865123783,-0.017159098198582225,0.019381729152039364,0.05472703961202327,0.0186989407534873,0.09701350525878781,-0.0018809303505545932,0.07375594101814364,0.11315212752841698,0.01787712094681198,-0.02431742104401376,0.00752227753580311,0.01537213482685602,0.009291261633758542,-0.06324441053477266,-0.09181100503998685
C4 GM right ventral horn,-0.023216439972518262,-0.007541019675704422,-0.018601417073485577,0.02045299433069655,0.03929130168240207,0.044479947661154255,0.047749079763583245,0.05709865876577831,0.08124445664230524,0.048954755204549186,0.041784211634803704,0.0031018154121897,0.03175412634200452,0.029901943916982587,0.007651767798608452,0.043609402598101,0.037711136413469334,-0.05787710857980969,0.02270650671722473,-0.04187334347097534,0.028654783502505433,0.009817376097576618,-0.08625118570876834,-0.0033540194527598446,-0.009141144614262334,-0.041971769615063464,-0.01599071578105728,-0.02219519531243031,0.009815272532929104,0.02475213284232344,0.07884784195643314,-0.03617406250765008,0.020412763267220538,-0.07925134078220401,-0.07931797025890795,0.024519857967106786,0.021674551911833616,0.07396967650797383,0.10100055428939868,0.0865245399204681,0.005933210510033925,0.0029663981832989323,0.081899064116528,0.07379360660740979,0.010695451737159313,-0.012662277296029024,0.056897982052920425,0.027046234735634264,-0.0004792744158191959,-0.005745709725812091,0.08799647384454583,-0.03068728324344789,-0.07069069322709347,0.0085221885791442,-0.001253895572408049,-0.014111563340363861,-0.025002433405234153,0.0004533288704336939,0.0866334844154492,-0.08545093826470507,-0.06591784536116205,0.013122397567366531,0.0889142328688629,0.0412946860543461,-0.006590404210450222,0.037384272807240174,0.05270303078733807,0.014277408098057852,0.05763360615366491,0.0240774864496172,0.47394370924501866,0.6582613357606024,0.6030282979479726,0.7462714934768139,0.8975196140972502,1.0,0.6919582347448325,0.7972508046457826,0.06962587244724187,0.08924869700996108,0.10151265794683995,0.0818371381150127,0.05548082979870448,0.0699928480188694,0.17707423418140028,0.1590306794959264,-0.10818689440512601,-0.10931052636040108,-0.17222892638711554,-0.028192977612948693,-0.058332452483504625,-0.059977593106346754,-0.05660970497501878,-0.12911809854483192,-0.038380025480732445,-0.000915393608836248,0.03637454173837805,0.06236406157381372,0.012563912961336961,0.07787054483633718,0.006432852628555627,0.08097375128901653,0.11890737197988163,0.015324884878237997,-0.005501326508376533,0.0155995845846067,-0.0021305002423474668,0.005223776855207657,-0.05947952818760044,-0.08935886842601369
C4 WM ascending,0.001474539339964174,0.04163092652572477,-0.02755470634022398,0.09350787355068194,0.0903668513699024,0.0855982562792446,0.12302787988974029,0.12856044463280974,0.18565896234754053,0.1247853138407079,0.0876114619468094,0.03724697236341575,0.06936972632652492,0.03579846179216694,0.007685101421766896,0.037173283182025695,0.06024004676203512,-0.021367595949529188,0.05985722967882217,0.005596765169053317,0.04373442635128408,0.06435140691660553,0.001124990317153326,0.05184351088284707,0.023133577812838438,-0.014518530244092939,0.040242589514567745,-0.002662329824452292,0.05031429703563508,0.060666398998412224,0.04152048966894868,-0.019738333768733848,0.041784138685256794,-0.025705008443053477,-0.06174151636895773,0.07995697895027697,0.06916234671451794,0.13429939626432677,0.11329778593683024,0.14205395932976103,0.037418554191548214,-0.05335506906789027,0.13396559305834496,0.127208695446599,0.039743437283563346,0.004490426548271261,0.10999419067760499,0.06361804427400637,0.02359133213151234,0.056291053502629806,0.12420259736758776,0.025429416651399292,0.011089838053039721,0.016128061528782073,0.057261241501128546,0.026645019830467534,0.008184950819931749,0.06546968067495854,0.13349240789268535,-0.04059447272026866,-0.08241258414721962,0.062476852608941424,0.09968123367348986,0.020019010128801574,-0.052602094879356985,-0.01109635713466488,0.013576074672476974,-0.05411263828333569,-0.003222107679512341,-0.06663405422090876,0.791079636450339,0.7727284407977782,0.7665310251414251,0.7955249575509654,0.7754581093442784,0.6919582347448325,1.0,0.7993294132243488,0.18313200273249294,0.22105343604468827,0.211063194494647,0.15226106756904864,0.1432491340973115,0.12501470850025,0.2958854330971101,0.2497322446190748,-0.037698933300740714,-0.09017469718168977,-0.09916665183364598,0.004277702151667288,-0.051691100634886515,-0.011007427806226017,0.012708252673172443,-0.1109538968444748,-0.04827613721974119,-0.022679153526707813,0.012826106054107639,0.04107240594339039,0.0303294516064373,0.09970835994997441,-0.029314142865022444,0.06620913818010181,0.10546998134121367,0.01827233966199119,-0.03088455624230647,0.055387935758998696,0.05849108642341287,0.03567483712578385,-0.054567644087730516,-0.08764143819972206
C4 WM descending,0.00256335739797106,0.01844599023799808,-0.01816758118504766,0.049536123773393934,0.05351278216363752,0.04712360805952286,0.04720915482752754,0.09257310391507695,0.14562337013487822,0.05584642102527819,0.07311900635941936,0.0017616478188183298,0.05897315969379456,0.05550823079938074,0.033069241503297445,0.033555999776475304,0.041520115646252034,-0.019795653004333155,0.060019548676336194,-0.006219707381696539,0.05632945340579557,0.06518232533009197,-0.027072962925925564,0.03628333672221818,0.0228105256568115,-0.02353256532124004,0.025211459852150654,-0.0027623311195319644,0.0416872228230998,0.05317780812131807,0.05899935178033542,-0.01668897130926522,0.04731565347680486,-0.03580662052875761,-0.0763360937330673,0.05179594694029717,0.04833915429176738,0.07328235951851164,0.13962734026001686,0.08545938817646778,0.045529573301209575,0.0043423935046993005,0.10240587537674574,0.11483351551486452,0.03612819246777471,0.029725519328527624,0.10696288271107834,0.06397835734781124,0.03809278266543145,0.06266274470602545,0.1400296326150697,0.0045928240696350014,-0.00904860067809304,0.050806262027056036,0.0417447055490314,0.011082964515451228,0.024653894775211675,0.06170000057350203,0.1351224532861817,-0.03895156124147878,-0.07685983044440707,0.07345791660082641,0.15015310672572357,0.08664143447248086,0.03404948542556525,0.05235479402288796,0.07739835448202562,0.012090911158008194,0.07156155001760475,0.020602456976206347,0.6404593096844025,0.8119726869875014,0.8182300567432502,0.7223936074373293,0.835404622722247,0.7972508046457826,0.7993294132243488,1.0,0.10967887358477083,0.14541671629972322,0.14279646271500288,0.1542481838578204,0.12073024998246258,0.1420089750534515,0.24558412939928306,0.22821326251997417,-0.10036167358790712,-0.12766032267882663,-0.16798404638314082,-0.006097539245152262,-0.0620345962943323,-0.030728672057095632,-0.029319546310607184,-0.12981877544375897,-0.024238409870644732,-0.015498805893004723,0.042218235218818755,0.02071951957452255,0.00020511825432759174,0.06166907815454801,-0.011833502998196582,0.0838357135059845,0.13855035814984232,0.05873701931694448,-0.02299634399897382,0.008984353096897739,0.02752794544797284,-0.00904696674319427,-0.05199640510702142,-0.0935626406720765
C5 GM left dorsal horn,0.0438203443710948,-0.07466418831643433,-0.017727629906323695,-0.09696170048905368,-0.013350646239223447,-0.04052605485523515,-0.011064627611280768,-0.03888728370320432,-0.13924471818023987,-0.045904655461562534,0.06578659709087449,-0.08369073593870824,-0.07360896936980406,-0.08485225728315755,0.009722113058973816,0.00024725340550319413,0.0033927412745021154,-0.06355005807104339,-0.06987759681042606,-0.07805656721672936,-0.00485554285804055,-0.017562618493644287,-0.021442756760555605,0.021583995595194045,0.026453513429990125,0.06602353679698408,0.05135769461640328,-0.016889398945774913,0.03078357251515052,0.05796562291041541,0.021338491600795286,0.021674838815635745,-0.02545564158303585,-0.02721420950789019,-0.055408173999215216,-0.016546116006974552,0.04165971217395644,-0.04786504819980861,-0.030442113899453244,-0.04462133353627807,-0.021469805500553704,0.039747752206633645,-0.06115415490855838,-0.045264338911675,-0.057303451185640335,-0.04689427343739423,-0.04399492365239988,-0.08855005900616571,-0.02938516587452678,-0.028075855813426538,-0.024385279309097535,0.05163695288566714,-0.05223471944728638,-0.00019323622849484916,0.08517234662078133,0.0631229653473459,-0.008329178335617977,0.10774599714405889,0.01793699321340366,-0.011947760455273501,-0.031080771895194925,0.03638489801656701,0.046976706484730166,0.040919392619579775,0.025643249648821285,0.11998064279185414,0.1018618154515107,0.10033752375567066,0.09661228221765224,0.0704106501643148,0.14153085946025878,0.14621823749769164,0.18270388313769592,0.16007021189724152,0.10712796082852531,0.06962587244724187,0.18313200273249294,0.10967887358477083,1.0,0.7066692872203431,0.6737747219298893,0.25863081709136926,0.3364097364364098,0.26651963522896877,0.6658308287079946,0.5286189368797842,0.1185870740254287,0.03357357575521788,0.03905205132334937,0.10371263126495806,0.02455921048403946,0.020767659437244474,0.04955926169529614,-0.024492375797008744,-0.11745043233909061,-0.08291962249029819,-0.05409731533264898,-0.0069772644076538425,0.0034652565357830537,0.0719695615368379,-0.09707810379336516,0.019073215122648573,0.08850324288449042,0.11557008777401309,0.08569256647415507,0.011896577322521602,0.12369909251673007,0.09029432215828975,0.0460668620427971,0.10640330330302639
C5 GM left intermediate zone,0.016220607653584993,-0.036377058773770135,-0.05132759463281641,-0.013227618379577798,-0.030645326011564285,0.003761760694384961,0.07690030152111645,0.004366624559353728,-0.020574132750985172,-0.0004645047611827258,-0.024224745697901014,-0.0642837804442147,-0.048301492925935725,-0.10517931657703658,-0.07976754392360703,-0.08343150899303967,-0.07802300471219659,-0.06450527220141067,-0.09184047692106388,-0.04067895038585854,-0.08028261285613213,-0.05444031769251929,-0.05156969127335665,-0.04638361692746505,-0.03888992706760224,-0.0270159373089307,-0.02353963746882987,-0.08354944943755162,-0.07890741494447451,-0.045207614545322815,-0.02813148127057795,-0.03484410534466185,-0.06853565131234471,-0.0426877599353794,-0.09895569967093856,0.013738946416191729,-0.0021824431514159168,-0.0031864408544071366,-0.028226268059053636,0.020613205410229075,-0.05145421061626527,-0.03665769052411673,-0.02438369979698184,0.018806636104718884,-0.06679597926295758,-0.06549914092750922,-0.07269703754706819,-0.11308715398462849,-0.10095399462910398,-0.038980696581023766,-0.1157559680515861,-0.026943378167076645,-0.059302406077692625,-0.08059158910429182,-0.04466074807232624,-0.06345873330416464,-0.06227803216059318,-0.012454131344261472,-0.03317349449993178,-0.014603406444244488,-0.054040776248913826,-0.05428117702810521,0.053783798005230796,0.033902648744792895,-0.02071275497872186,0.022685126172210763,0.042632773377158706,0.009523493871893737,0.045108489219744856,0.0034085463163715814,0.1996104901561953,0.22535027614080136,0.23429588790456346,0.1825570726979575,0.15599462358441907,0.08924869700996108,0.22105343604468827,0.14541671629972322,0.7066692872203431,1.0,0.8323360168605534,0.4074822709557381,0.604363810677813,0.4535893918980438,0.6298601660530948,0.7401532061118052,0.0717992374370795,0.058954326492275805,0.05772880668590573,0.10626846603962119,0.04719170301791186,0.023668386137389384,0.03855949369986498,-0.01208031710805064,-0.13613741940647658,-0.09846186785993319,-0.06599292552190071,0.022234994486101944,0.018426071869903738,0.09429180101061435,-0.041016902099140204,0.013374347655310174,0.09497329266139161,0.09320062138073368,0.09333250587102197,0.011737096139139864,0.11424426751066016,0.08734785851493138,0.05126550798300525,0.11078418210417633
C5 GM left ventral horn,0.04403375105084117,-0.0032306310580831454,-0.012760483465596693,0.01004790282341157,0.0073879868272434005,0.0160933451080285,0.07064580025735948,0.005710927705426143,0.013577583766968906,0.017698247756573388,-0.007117050542583271,-0.04047891806975937,-0.03143103959114606,-0.07017393203649859,-0.06207384373909316,-0.05395098689062784,-0.05122800820355952,-0.03187221427069943,-0.07744943654037623,-0.017009722428275444,-0.057128886883624705,-0.03884930702938253,-0.03246023358124946,-0.02559238797871288,-0.011047836674748054,0.020462302705519686,0.028175850780348958,-0.04366802691678379,-0.0339174254715796,0.00639607495728158,0.009700824959852954,-0.010559803306063867,-0.002915882817371713,-0.004055803720167253,-0.0893923209878421,0.03608143133730889,0.023784731224732313,0.022232806790826398,-0.02340344307619722,0.015542137008751842,-0.04369994038526173,0.007429369834222353,-0.002142966286806584,0.04700526771121009,-0.025450930284982957,-0.026980450612705043,-0.03138711425622166,-0.059432610431529025,-0.038418596901713266,-0.004000967609813768,-0.055070581742921704,0.010601060549165993,-0.015415143206102998,-0.05069173567688695,0.0037891842815364635,-0.018217406974806005,-0.03780816645222748,0.0314014359251445,-0.028746260210256714,-0.0033647221656114955,-0.005920619168415856,-0.02903015101430302,0.05139626668128004,0.012837204011672366,-0.03129920592249763,0.040301971528980865,0.05065577479858735,0.02247072662461186,0.03168318519141903,-0.0023888568023578724,0.18965712289044612,0.20927097841045347,0.21483742071260475,0.19495985585019146,0.1598479449087615,0.10151265794683995,0.211063194494647,0.14279646271500288,0.6737747219298893,0.8323360168605534,1.0,0.30693720471197106,0.43618484569240135,0.33156995431497077,0.6371732972945993,0.7069741623207325,0.062759223635101,-0.0027021162659713444,0.03693880289118904,0.02924074799662266,-0.04581958209544821,-0.044117415098542036,-0.010687069655577034,-0.08846626251180213,-0.1414104563568954,-0.06720753274340227,-0.03604350743429383,-0.001369661035274655,0.018679205351526177,0.08277142445446083,-0.025148097952144864,0.04647070316310727,0.06988137357186806,0.08168090918759391,0.06252220822787628,0.00974235850946639,0.10573076946609285,0.09319411998047838,0.06335546480850908,0.11983676863498748
C5 GM right dorsal horn,0.0008319876981540736,-0.03807721119218118,-0.07917078455056115,-0.03968328883408977,0.0047243786370099435,-0.04406608580043171,0.035227305650174345,0.020493896068105793,0.03573375078880654,0.022985463234107884,-0.08426865144575361,-0.025378125164252047,-0.0011408926915124438,-0.06863169566057976,-0.05887204339103441,-0.11919268006836747,-0.09994281351038778,0.012704938095259131,-0.11930878709029451,-0.06604829813635915,-0.07652131563631973,-0.08413626054841078,-0.016297323443936657,-0.005865961177397064,-0.09710180387471613,-0.0509814312314761,-0.023418065307734236,-0.029521269952407822,-0.10048106769393914,-0.06377398890174756,-0.01573979596363269,-0.04043651217156102,0.012953177916276455,0.00744101063398935,-0.13799279521255833,0.015732356679732194,0.026258287296013087,0.05164358969104575,0.04352965576191926,0.03829669053719405,-0.009288542895032484,-0.12524530801430947,0.013800398259203627,0.03680868861699917,-0.09068211156808814,-0.03454159842403783,-0.10335119366491803,-0.09161625012610951,-0.09201688064487609,-0.050476730089333725,-0.07797851964440708,-0.06217333140061406,-0.06971172916861343,-0.16037999230721828,-0.029671379831345452,-0.06322478127820474,-0.06778700657920755,0.01923768835468741,-0.1149497663926132,-0.05700750679566004,-0.05017019159917868,-0.10996123447881608,0.045042544157814016,0.05111169114798125,0.022515402325590992,0.0578180095114494,0.09400115833664796,0.06512956574023103,0.06862310800880389,0.017502068398914397,0.12999611484907103,0.17465316611552265,0.1877677692726279,0.15462980280814395,0.1343319316765686,0.0818371381150127,0.15226106756904864,0.1542481838578204,0.25863081709136926,0.4074822709557381,0.30693720471197106,1.0,0.7924497366321126,0.7468306344222294,0.6636439758882093,0.6153299496503244,0.12011696886561839,0.13072867773446623,0.08822291747639315,0.13941768231652335,0.12270347891594947,0.09694527123183612,0.09234879872411726,0.0999962740733645,0.018729470953916028,-0.08549502078614753,0.018686185468453728,0.05575833696503433,-0.034151798368522696,0.1167368981937921,0.08964605302257109,0.06308268752256303,0.08208957992813937,0.04265687731483564,0.06928057055408154,-0.07324256761264188,-0.03453525893956987,-0.050508213449855566,0.04486906337780993,0.02178466059553693
C5 GM right intermediate zone,-0.007175582285956605,-0.052260378895445436,-0.09993855224377678,-0.021833241087187844,-0.025433635356220074,-0.026818377067710508,0.08139727436604385,0.02574964295828219,0.03883650683886615,0.014034290666241353,-0.1324915991076725,-0.059936071387833155,-0.037963471723979514,-0.11368388237648107,-0.10102733569740986,-0.1660194000533439,-0.13568500671395683,-0.0348062750879503,-0.13557189271419484,-0.052597867216618445,-0.11620162733395875,-0.0966259167989169,-0.049710247354792965,-0.051808412947680973,-0.12027920663293647,-0.09111052006897151,-0.07354626359182236,-0.10116478334053243,-0.1448846940296485,-0.11395284728867884,-0.060371937936705145,-0.04846787239367345,-0.06128966284660937,-0.018978030864088058,-0.15852717197415872,0.008293646481224095,0.007456157101013682,0.036011617924879634,0.017041319063960905,0.05986052258517481,-0.009187906618352934,-0.1467774209925597,-0.020004269772414658,0.020554754424361554,-0.11002591126308207,-0.08620831257214322,-0.12883077796897444,-0.12749545502559867,-0.1575567398619509,-0.08851169420428115,-0.14557226176856292,-0.09266510076504812,-0.09691244957433925,-0.1792194069290366,-0.08853332016419523,-0.11637204583748642,-0.10416309784777232,-0.05457893834237762,-0.081217609409278,-0.04552306457325619,-0.06553114770729553,-0.12618474696885548,0.061203520515337284,0.08817828619596574,0.0357170521594365,0.07357587764743731,0.11320717907245469,0.07786352698091177,0.08537564564227887,0.04821272123519691,0.13588009571699178,0.16721192094833875,0.17426072073280016,0.11614598997360885,0.10679123426617586,0.05548082979870448,0.1432491340973115,0.12073024998246258,0.3364097364364098,0.604363810677813,0.43618484569240135,0.7924497366321126,1.0,0.8675454749815158,0.6062942007286924,0.7551828282356745,0.14157593123397752,0.1530088032618824,0.1245211321602693,0.1820655496943875,0.1542544095122032,0.14911908649841862,0.12774609745994758,0.12902725459322206,0.028848730109108357,-0.030931489296516144,0.04168166068883191,0.028311526218877336,-0.019334814832210372,0.10062703866480383,0.11599099125590366,0.08420237505570126,0.07959010885104911,0.049254130986045384,0.09006624184095718,-0.031042362838433472,0.03844181808753926,0.0220939405111025,0.07015848798629118,0.07346250562262205
C5 GM right ventral horn,0.04843997755619069,-0.00515061592152793,-0.03001479477247579,0.004930833853890568,-0.017871918764894443,-0.05210849858371632,0.05496136222277223,0.03231914281860966,0.043868009191823626,0.01125369341447977,-0.08669667819620658,-0.06793966553648692,-0.0071456897124503324,-0.05396985495838222,-0.050728958591309777,-0.1258756997814175,-0.0803688886018847,0.04749443113873065,-0.09415887851566827,0.004099630286236024,-0.06837191896294678,-0.04052266675098223,0.013341212602413874,-0.0009665196990440792,-0.07215243011906149,-0.044280051395347755,-0.021409139693694314,-0.0556912514451306,-0.08890971599495462,-0.08635863898451175,-0.02555028203959463,0.019207934100807064,-0.04411627065080745,0.05498219743773596,-0.13838908593799845,0.05040079429921337,0.08385770925884922,0.047552776885354725,0.0038543109707337045,0.0599330012466638,0.016789508196815486,-0.08479211286139914,-0.0016433456276226288,0.06320696301831001,-0.05738732535589511,-0.022796348786472947,-0.0900465775484718,-0.07103538604397824,-0.10186130837328237,-0.03131811928836412,-0.07766721257158694,-0.0355785929323063,-0.025155103690749536,-0.1403820565157417,-0.017269082374561626,-0.06558015313603727,-0.05391115191966106,-0.003064253227668782,-0.061245920154965675,-0.0006578139149241193,-0.03890342042850528,-0.09299984541452525,0.08046869711208998,0.1232464148865158,0.06794244245290657,0.14309431739346384,0.18179296504636624,0.15368159181554186,0.13387078337346506,0.1065584152108636,0.11628745555002451,0.16548397567951773,0.18159335379182726,0.10042313723775505,0.1085555766575236,0.0699928480188694,0.12501470850025,0.1420089750534515,0.26651963522896877,0.4535893918980438,0.33156995431497077,0.7468306344222294,0.8675454749815158,1.0,0.5950043722242858,0.7353408499239197,0.16002178933002803,0.1388518266564907,0.14607923784400415,0.15285970681793185,0.1125840552778015,0.13740273706934678,0.14136438102332838,0.12046373594570056,0.07884836926512519,-0.008022256137823643,0.06660553424222049,0.017532698939666594,-0.03254068463986503,0.07307742353033911,0.15062684341011526,0.08428792636312919,0.080234733701062,0.04770888727881313,0.09790875606682686,-0.04230015034651948,0.036089009555053175,0.04467629441067374,0.10948720340988723,0.09900358145520965
C5 WM ascending,0.0588940458344646,-0.03804316364377608,-0.01987205210413038,-0.03662274490564961,-0.009743481936657713,-0.05667505205460287,-0.0074943529411077205,-0.019936226202128815,-0.047917869896954575,-0.004004206860055902,0.007955105419984166,-0.03810152118327792,-0.017404938757525575,-0.017167857923324422,-0.014733286182660196,-0.03552970694116197,-0.012037356717837235,0.01389808661898481,-0.07705920013615876,-0.018175086527091846,-0.014476594124924478,-0.027203630274466498,0.009497693225223886,0.03608715740489504,0.01101364130523016,0.05776331030003307,0.08246467287416044,0.008110056624404841,0.007107497272157516,0.03600872632223346,0.018211669266376088,0.003563362997416548,0.015299097527411026,0.03410412096172067,-0.1499638428929205,0.04322173893228378,0.08914230783239718,0.020920495425631822,-0.0010911270732246179,0.005041839499236961,-0.0341169095951704,-0.03354101274422062,0.0004305393540858768,0.04604998091401101,-0.03014502874898067,0.008128921453350924,-0.049305304416911694,-0.05248085815732882,-0.026128490673327717,-0.0027890948386983406,-0.011636336426128305,0.036819096881746984,-0.007656742235589829,-0.05678885676670859,0.08487948944137212,0.033191229785077304,-0.011299513030795814,0.09970776838062871,-0.019665906826307054,0.00483367339503819,-0.005813526653943263,-0.018671397420687727,0.041267332921182134,0.02928443378111967,-0.016016959059017427,0.1299961554772395,0.12847333264750044,0.11345941370413068,0.08489013671720015,0.02887773839427134,0.20202402708019127,0.2408223633485497,0.27803383033214624,0.28192568494937403,0.22713829248221432,0.17707423418140028,0.2958854330971101,0.24558412939928306,0.6658308287079946,0.6298601660530948,0.6371732972945993,0.6636439758882093,0.6062942007286924,0.5950043722242858,1.0,0.7132119851013864,0.1606416914914331,0.09564081846656368,0.08068872326431384,0.12958053149323703,0.07177985337173616,0.07944744923096296,0.1219712073773262,0.05166263186723729,-0.08721348060599461,-0.10392336975924105,-0.03491280696997711,-0.0004794319964437496,-0.04822098846340772,0.07774165174076182,-0.01832347046553562,0.033565793583912054,0.09360712960331836,0.07317190768453996,0.07030901062441115,-0.04566314027541538,0.03869782658247247,0.02861944663870565,0.05575026563848903,0.07525013815856116
C5 WM descending,0.040795243343125905,-0.012086505575632171,-0.04205517389908737,0.009901830400991076,-0.001826997725777653,-0.013127813919294243,0.07281396227521907,0.046000717824878114,0.07161187337081258,0.013615055586345912,-0.0603761385623318,-0.056646460332216556,-0.038397645250288555,-0.043036546505303835,-0.08077499670279671,-0.11853682091751537,-0.08863481258803134,0.000523266407043779,-0.10356822408813644,0.0020488986091036793,-0.06473407234284506,-0.028985647050597616,-0.01225847581449715,-0.01481802135817395,-0.05789065719319596,-0.052743949571679695,-0.01754434228005865,-0.07719044789218614,-0.09008324481896995,-0.07885035029620238,-0.01576596655949001,-0.017290261614041597,-0.03291284529924246,0.010303728380555488,-0.1512390026920884,0.05100001029095485,0.06414571277331099,0.023920735824702024,0.0025266804875774046,0.03597751496386401,-0.0003927669917091565,-0.09462728619728329,-0.023607577798939978,0.051798807909978206,-0.039087759303442056,-0.052636201754571205,-0.039111791076412536,-0.06603291541234729,-0.07123989791791885,-0.0022032223694888543,-0.04914182755513827,-0.03903193665875988,-0.03075115623858283,-0.12421618023832015,-0.03517601711777597,-0.08938326045145403,-0.053646405744431525,0.01396884177137981,-0.04195085872726842,-0.014737671606075085,-0.06238749460259348,-0.08114149272539278,0.07700813705391986,0.07821607978805382,0.004214556162195048,0.10871244138827812,0.1324758607974058,0.09855790658237205,0.08463435865193533,0.05762739113216513,0.20944719683613244,0.26957420962575535,0.289413185600868,0.2091562684808521,0.21151568551022523,0.1590306794959264,0.2497322446190748,0.22821326251997417,0.5286189368797842,0.7401532061118052,0.7069741623207325,0.6153299496503244,0.7551828282356745,0.7353408499239197,0.7132119851013864,1.0,0.1554343275547061,0.10443929515570291,0.1334423288020775,0.09570504226818588,0.044167863414836465,0.056277635520465046,0.10309236188945416,0.04721689265863453,-0.04959518956271019,-0.06021073693855555,0.010955295430872636,0.034019090607191646,0.007013124182681152,0.10663502398649832,0.05704536456671277,0.05742529773447594,0.1416720048078636,0.09986293324889645,0.10296528387675333,-0.011235468844558796,0.10204649438819685,0.08048216420051318,0.13163201650657785,0.11992890218384736
C6 GM left dorsal horn,-0.09335149317787562,-0.0796134471547392,-0.09801244902406883,-0.11753201915692241,-0.07003740487458628,-0.0024986511266877095,-0.0121631043740056,-0.011702863176084658,-0.05766768880145275,-0.041813935331492934,-0.06144565730393496,-0.07803370724172409,-0.05683423480272375,-0.049841799945568505,-0.11086734738666228,-0.11131441182391412,-0.040936346072055284,-0.08994336979360584,-0.10963462669763191,0.009008388909967968,-0.07107703922816724,-0.016737824305045005,0.015559706373356267,-0.02356355572116749,-0.021970180604484607,0.02367314204862487,-0.003658217427908193,-0.07892124683616614,-0.016123686970420152,0.010927240666937392,-0.1784107770426068,-0.06401733707201707,-0.1626650670881554,0.013255967698186797,-0.13224372953057015,-0.0049552567885737244,-0.04396918819887625,-0.02242356721982381,-0.039489080673046836,-0.007397437533556155,-0.008521604195826777,-0.04035654413104142,-0.04374885067719193,-0.0842854340203221,-0.027833310083537458,-0.037806501010152975,-0.029667954817464884,-0.0546250976510204,-0.06466993320119388,-0.0014132598996580016,-0.030904089315317726,0.0012012150969361363,-0.04517903333265087,-0.03899404282658946,0.001781709173865594,-0.021133613601084154,0.016792394153185092,-0.02039610055836395,0.067430127570814,0.06065162195206322,0.015538789442500402,0.03723398223095259,0.013591381804769848,0.019525166950092217,0.029645860364587537,0.027211981558591718,0.00624068896239269,0.023073686466386002,-0.017297780209319033,0.03982473436893028,-0.024222924951120526,-0.07797847537580267,-0.08091457961466128,-0.04683405019575053,-0.0970505154396824,-0.10818689440512601,-0.037698933300740714,-0.10036167358790712,0.1185870740254287,0.0717992374370795,0.062759223635101,0.12011696886561839,0.14157593123397752,0.16002178933002803,0.1606416914914331,0.1554343275547061,1.0,0.7382468793581966,0.7481846350883542,0.136596685061013,0.2845955009179101,0.16409787876653897,0.5639594334061075,0.4703124090019673,0.0783883271476287,-0.010099378644287052,0.06141361822836829,-0.056209410907502685,-0.10447890157991273,-0.08296477365707429,-0.03895661543317133,-0.0853223695484752,0.0263807741363021,-0.05464623635625181,-0.04097757419649966,-0.08345544845092238,-0.11415475883583247,-0.12386945702178667,-0.047035584349528536,-0.09230220605973964
C6 GM left intermediate zone,-0.12480454003679119,-0.09690368839878094,-0.13058230066431756,-0.10242274773807952,-0.041628205130616255,0.044465814595263324,-0.00013039777933620313,0.03426441137440437,-0.05430375020044204,-0.01949158100687938,-0.0884762143674409,-0.10287875858553995,-0.07299320425164668,-0.07729937070907839,-0.12594121404322267,-0.08557044427344977,-0.08629717888420155,-0.12824053872888477,-0.10182861209417796,-0.026084951939024454,-0.08306564570062404,-0.027851408402184516,-0.009787006054797239,-0.06295039767408518,-0.05752383385549832,-0.02734648659814317,-0.0652237715102502,-0.11477503193399125,-0.07437872378618357,-0.014326723740165515,-0.16852907079938845,-0.08627901815918522,-0.1952881353036601,-0.03136589667092737,-0.06920301715464858,-0.004154574006931233,-0.06597336071497353,-0.007011272976461237,0.06433848016127015,0.009703018224458036,0.010962803186899676,-0.031851156098006685,-0.04532087378106461,-0.08606242285439145,-0.11821235815744761,-0.0896109836083774,-0.11585915964127858,-0.15651283502417168,-0.11965101224608607,-0.03942362491960854,-0.0987089372121521,-0.05724885285821847,-0.09292509015787115,-0.04379966651184419,-0.030114613949565525,-0.0544805819410775,-0.027112260497790117,-0.03360053620156486,0.004604827344415595,-0.01724074756963923,-0.06850852764063754,0.0025955069017899817,-0.020761840200877634,0.024251894103993983,0.02768882193981178,0.03326489885546602,0.01988859256377479,0.039864114291906755,0.019738040167903283,0.024735971214209465,-0.06309818096204123,-0.10910236524087308,-0.11415099030009497,-0.11895460266227698,-0.1208556532844832,-0.10931052636040108,-0.09017469718168977,-0.12766032267882663,0.03357357575521788,0.058954326492275805,-0.0027021162659713444,0.13072867773446623,0.1530088032618824,0.1388518266564907,0.09564081846656368,0.10443929515570291,0.7382468793581966,1.0,0.7764865444395684,0.3606419013552383,0.6489904101304698,0.412379824339456,0.5634068342866169,0.7443943250740732,0.070890053366933,0.03501283668311554,0.0548022120118364,-0.04733088388299899,-0.03744647725937736,-0.02650135556322046,-0.08215110681860842,-0.01046029734605584,0.047360225313332255,-0.06194993656024612,-0.012250388536658491,-0.07464807002619997,-0.12562509947070877,-0.14857488620166096,-0.04112256053112266,-0.09110017632264146
C6 GM left ventral horn,-0.0258650664377013,-0.01803951022135702,-0.06498163492913524,-0.044454849974028515,0.005870785021538829,0.049396083752916875,0.03208333427269046,0.05869326322191782,0.009943005413498757,0.007046480061248288,-0.08615293734903232,-0.06734969692583487,-0.03891985725754911,-0.03074035664043159,-0.10609267572632539,-0.09173201214030957,-0.04814970117190121,-0.038411349649659095,-0.05903244273824796,0.008457172458691284,-0.038197818364556,0.001031512961715681,0.020776350693481823,-0.02105872230466957,-0.035305470802411365,0.013884991599595114,-0.03391670760333131,-0.09384354479787547,-0.023560749731501438,-0.004263961968340335,-0.11140014572363684,-0.04189929872099817,-0.1387512560781116,0.007557207462202345,-0.017158300471753752,0.010142534106416776,-0.04655064448333019,0.014653249462521374,0.019097997380836434,0.007478672519492593,0.049782526825006626,-0.014010984032663085,-0.031484479856574,-0.0380893386021634,-0.05311467437229521,-0.030459388272977023,-0.08060923235423068,-0.08674625288914009,-0.07581804533289328,-0.010795502865136074,-0.05208852385472937,-0.01886209773221754,-0.022288825349529362,-0.06895171839546943,-0.020930640725460747,-0.05599555502634635,-0.013319902443909412,-0.01592632562241945,-0.010802331959395825,-0.01176444882308583,-0.007014837171114902,-0.045163315090038465,0.02744655463325108,0.024474783457585036,0.029375953443130442,0.008429846545991911,-0.00605292827010093,0.011842595588875005,0.01882103140777674,0.021031856664147766,-0.05424683298841504,-0.12401163684840782,-0.1268587701651985,-0.13633612854220875,-0.16745843779539663,-0.17222892638711554,-0.09916665183364598,-0.16798404638314082,0.03905205132334937,0.05772880668590573,0.03693880289118904,0.08822291747639315,0.1245211321602693,0.14607923784400415,0.08068872326431384,0.1334423288020775,0.7481846350883542,0.7764865444395684,1.0,0.1185171819033082,0.3147680499543279,0.20195985807457942,0.5254568629935973,0.6243486635156725,0.08030967921400446,0.029428518231079483,0.05907081709759273,-0.0658573486708171,-0.0637861922168585,-0.055543776799882774,-0.050805133091516505,-0.06584526199937978,0.04661753698008188,-0.03379154545286691,0.0028166492409095493,-0.10651590295147582,-0.10652384802309883,-0.14629849615301563,-0.019189248107702513,-0.053525133798337954
C6 GM right dorsal horn,-0.07936989710355181,-0.05516415795150871,-0.08356018834652752,-0.06798287178084261,0.02276877707132643,0.07009514536262049,0.06145626026554326,0.04424907022206838,0.05522534299973061,0.03435823126520321,0.03529397624671831,-0.05893600997376592,0.011206109285596491,0.009373552679626418,0.040735689538593564,0.0001868496437096335,-0.011026438732593407,-0.08061949596049882,0.045646355178065985,-0.0029270400531517717,0.04066629102015738,0.045166130425450285,0.0029261627130546834,0.018028628823541334,0.03225170835268568,0.047614825504444284,0.05979132260531785,-0.0246863745713827,0.0015996271330459904,0.053957420849750436,-0.06917908239344175,-0.035674668686722186,-0.11361927653007349,0.002787216172669153,-0.06629974062484506,0.019725627917521207,-0.05430465407836174,0.038607474875832715,0.1278389242891655,0.06092262986873936,0.006958082376076956,0.004465668027468815,0.0479944806420351,-0.03303990573598337,-0.10968459821156006,-0.0610730426916276,-0.062010752544078646,-0.12450360968183645,-0.06735240935820377,0.03750396329572774,-0.04450882451103301,0.00489755683457336,-0.0477030710021671,0.06598993909114431,0.02282329758246613,0.06032622663507957,0.01640323451939106,0.039584110718698697,0.08258031588853688,0.07019012886538221,-0.08692003389591917,0.1249586321997629,-0.12786092256441012,-0.03101301770424359,-0.03195386878885895,-0.011400086123497648,-0.008150237496017877,-0.010863818080034237,-0.05215970331802676,-0.05358355747394509,-0.007228528457871413,-0.05660381095818373,-0.05780859012595318,-0.04339479477476624,-0.047836100301167625,-0.028192977612948693,0.004277702151667288,-0.006097539245152262,0.10371263126495806,0.10626846603962119,0.02924074799662266,0.13941768231652335,0.1820655496943875,0.15285970681793185,0.12958053149323703,0.09570504226818588,0.136596685061013,0.3606419013552383,0.1185171819033082,1.0,0.7836134914154447,0.776828883653634,0.5793586332348012,0.534273530138947,-0.01347801650875526,0.0549760194723616,0.06392655117711132,-0.02089724032581864,0.014903790387876035,0.024457987393282712,0.03673995389777881,0.13685374139287476,0.12245702111175669,0.05679991331266313,0.1134948403434612,0.023162367278929223,0.03442712147179554,-0.013937032624040707,0.042771408480686265,0.04178531090135367
C6 GM right intermediate zone,-0.13170801976096758,-0.09947401006242423,-0.12043967891536231,-0.08424744445296459,-0.01416057204495329,0.06583080962172852,0.012019239250445773,0.03311710641214233,-0.017084123946970283,-0.0005378567903082996,-0.036554308875923,-0.08848388781144433,-0.0644382671404673,-0.06366553197366112,-0.04329516457782948,-0.0316026681686655,-0.08411358836714632,-0.1419554464978027,-0.03965166521969365,-0.04626968698832393,-0.032890346924356946,-0.0007923459123378567,-0.010736086702491557,-0.03809450051114159,-0.019710527853973217,-0.025722151415032257,-0.011729113776462484,-0.08598148084007297,-0.0635997683581571,0.011198962169060231,-0.11497997966943843,-0.07838215764869196,-0.14416878576998773,-0.038412160211045765,-0.062208892509829396,-0.016515967822598628,-0.09284554417326944,0.0029720548058270804,0.12134848634218613,0.023494420296043594,-0.0006587112993945189,-0.02575247428646002,0.003032668226394104,-0.07587024215139442,-0.14227315271420432,-0.10077371707145272,-0.10631580684390468,-0.17524262848143254,-0.10685131688515584,-0.025347375323490202,-0.08831578473443427,-0.056906801483085474,-0.09364410020496558,0.02165452484956323,-0.021331941191866925,0.004260601965728219,-0.0329011130967717,0.024432119895010623,0.04450581017476665,-0.012153022296675675,-0.11903568921249902,0.07111104912075558,-0.11136462215640242,-0.0006865444923676293,0.003542373428590241,0.035849226885396795,0.03169232482245885,0.04065222244773884,-0.0019272431149953593,-0.01194120243982377,-0.03347497022806716,-0.08616765378673834,-0.09544524876251549,-0.08026613563201793,-0.07912321521487872,-0.058332452483504625,-0.051691100634886515,-0.0620345962943323,0.02455921048403946,0.04719170301791186,-0.04581958209544821,0.12270347891594947,0.1542544095122032,0.1125840552778015,0.07177985337173616,0.044167863414836465,0.2845955009179101,0.6489904101304698,0.3147680499543279,0.7836134914154447,1.0,0.8154902943089816,0.5525785267258392,0.7560533404638087,0.02331822034183515,0.0688491307177529,0.05063624210608053,-0.02118988372369608,0.04399997270258176,0.04717521277614803,-0.039154051261262784,0.11557358690603833,0.1199974408499158,0.017594559690464463,0.06672878130336271,0.016997860126597174,-0.009052699415746386,-0.03993040221251562,0.00962632505207348,-0.009498414730119175
C6 GM right ventral horn,-0.0508298355241292,-0.055425518253491304,-0.058620827479544425,-0.0450357302225533,-0.0028318764763839996,0.04786987041148513,0.011446078409674983,0.02389167099495632,0.025001367738435434,-0.005223802462039963,-0.021307257871512414,-0.05870197841768975,-0.058925064739025555,-0.013303212281359071,-0.029847047938996663,-0.02781137286399134,-0.07773226301342497,-0.11456564134028302,-0.01648960793476568,-0.010463265370599429,-0.01213411976107231,0.031416305250219385,0.0014662463361639522,-0.021569431385050856,0.022198262226016795,-0.008463018237560838,0.011776906611985886,-0.06041387718526137,0.002351197517171762,0.01407328835784915,-0.09036409982681387,-0.03463784296778659,-0.10995515591208696,-0.002303330946112327,-0.0669204649443841,-0.008614772379784011,-0.07672525578908418,-0.005013279076905854,0.09332248598136178,-0.006649351663585154,-0.013283647264988206,-0.036992582483558266,-0.0006335879537894542,-0.059739836137578856,-0.08587588479288621,-0.06934722436300808,-0.04421398985709586,-0.10868066532873143,-0.04698033014289963,0.029223229204456,-0.013012081909037016,-0.030807674168757397,-0.0416703058807178,0.04505505783144061,-0.012177639446213556,0.029781287047575933,-0.010147868312689061,0.06942630521935922,0.10078878650680523,-0.007166364922471065,-0.0933973508151846,0.057180182832674495,-0.15069399471273232,-0.04279994728553198,-0.04370760823810489,0.00944678786342963,0.010164050115601958,0.022064620035217627,-0.05441279933342403,-0.04558136782872043,0.023928685263622136,-0.04577160652538139,-0.05420179258713592,-0.03607353598470793,-0.059210736922371034,-0.059977593106346754,-0.011007427806226017,-0.030728672057095632,0.020767659437244474,0.023668386137389384,-0.044117415098542036,0.09694527123183612,0.14911908649841862,0.13740273706934678,0.07944744923096296,0.056277635520465046,0.16409787876653897,0.412379824339456,0.20195985807457942,0.776828883653634,0.8154902943089816,1.0,0.5265532035645859,0.6807267141645993,0.007080616823386896,0.08738889911347555,0.04296245653024773,-0.06448329495631235,0.0338086915955179,0.034828883143223466,-0.011723342054781595,0.10304355438098735,0.16102513325600987,0.10401181803254525,0.12476052039988807,0.04765943304104863,0.06660772081058978,0.017225724459839775,0.055948073271886764,0.06240296301175268
C6 WM ascending,-0.08527963080996598,-0.04179244215576642,-0.06609523203214719,-0.03260452027473848,0.02337010892852099,0.0582086741709141,0.06237698139410006,0.030447395785781036,0.01960947921507145,0.034287174908056724,-0.01990326931308001,-0.01674514689997835,0.013290707474205896,-0.00017203387149132915,-0.051306597458669057,-0.0433984908907256,0.013369241766891091,-0.05988786067441924,-0.005885113098473454,0.020738100105794858,-0.009481771048777671,-0.0001529565965862829,0.023834261824098316,0.0034640148274692295,0.02968275583619157,0.08821636291709013,0.03731802683518251,-0.02830743205269592,-0.005359306809093436,0.07935750656580291,-0.12612368486559272,-0.043231991482205454,-0.0980469210148416,0.024744080552454854,-0.0705511248478951,0.053469425847271095,0.02168358645084881,0.06385664334793309,0.05251074099941196,0.07606145238961942,0.049401548058965294,-0.04739404584076952,0.0532709878122279,-0.03437786583291408,-0.03888319816384866,-0.04701094734998603,-0.036002509659967624,-0.06919051695102796,-0.06447857596994944,0.00877811714698575,-0.027331129355989595,0.011211678534132196,-0.03727688772947357,0.049342777344850985,0.03052728440858808,0.03486631581854958,0.02402977601092869,0.024698967581079905,0.08635147638460704,0.09555989358238562,0.017392399245568832,0.10567793717403827,-0.057692596767596555,-0.007820329075075716,0.013089201716382186,-0.0024136538554507814,-0.03196046090892752,-0.017406842965802628,-0.044656651548364075,-0.019341155833458107,0.007341371098157917,-0.05279485628701471,-0.0625070052094547,-0.0009864374025736395,-0.0523074525010197,-0.05660970497501878,0.012708252673172443,-0.029319546310607184,0.04955926169529614,0.03855949369986498,-0.010687069655577034,0.09234879872411726,0.12774609745994758,0.14136438102332838,0.1219712073773262,0.10309236188945416,0.5639594334061075,0.5634068342866169,0.5254568629935973,0.5793586332348012,0.5525785267258392,0.5265532035645859,1.0,0.6409641243642814,0.02275321671642349,0.06353611797818509,0.10471566499960597,-0.0813628413489928,-0.03061006302601068,-0.04082040538699758,0.016318320637224548,0.05050020221769912,0.17581678131572426,0.03273213889270506,0.0922261937182127,-0.018225487096007728,-0.007471643133234659,-0.05207903434155077,0.029916195525453458,-0.021051171207239944
C6 WM descending,-0.08230228646190377,-0.055005607234900555,-0.09183273576557083,-0.04475868004398998,0.0010387206223109252,0.07803291901574608,0.02164912605468785,0.05703493222371184,-0.02638466080881432,0.012360008106415833,-0.07438704535996024,-0.0513058681932758,-0.057229605418520596,-0.027274779319348387,-0.09783056878306742,-0.03972153648050708,-0.07609477751861463,-0.10524736235297066,-0.0552177975453069,-0.01005520709079552,-0.06140089188140753,-0.03394791981654034,-0.022630226481919105,-0.04660763463138192,0.019809722393793323,0.014923693749806134,-0.036641785162972576,-0.08902167997456725,-0.04770081242842708,0.012592583387693725,-0.08416095827121864,-0.0537687748244912,-0.09808661320223243,-0.0051946768631907034,-0.03659941937727549,0.02554404273223048,-0.11019357807152509,0.027424745832859615,0.0938460096903197,0.021105078534463553,0.02650410586489929,-0.0046375250729220495,0.0134005309922343,-0.049445659227952306,-0.06994358413037498,-0.08770712168760751,-0.1033804917021496,-0.14175427634239413,-0.08002668181296593,-0.0083035857676504,-0.0771656831811581,-0.041171719340743373,-0.060621166470608924,0.03221160232443491,-0.013180161321963962,-0.024416912084133224,-0.0016001361404847747,0.015073909012076144,0.038180556296438836,0.021318701013549574,-0.05414882232968702,0.06424827455869492,-0.06887767288469844,0.010770191809922969,0.022578338070696154,0.00036588753401820977,-0.01133961604381273,0.017417252917172877,-0.026305086569613084,0.003345312153496279,-0.06177866729201964,-0.1220832826647134,-0.13137556067904846,-0.1287020454424401,-0.1413342441496925,-0.12911809854483192,-0.1109538968444748,-0.12981877544375897,-0.024492375797008744,-0.01208031710805064,-0.08846626251180213,0.0999962740733645,0.12902725459322206,0.12046373594570056,0.05166263186723729,0.04721689265863453,0.4703124090019673,0.7443943250740732,0.6243486635156725,0.534273530138947,0.7560533404638087,0.6807267141645993,0.6409641243642814,1.0,0.055189971208653474,0.07414812771709564,0.05583186512304356,-0.05055993643229314,-0.0014367592313343656,-0.017405990683194428,-0.03907766232388321,0.06231095265091842,0.10748561851549251,-0.009963316810501307,0.03669207631630458,-0.03769351444201828,-0.08079431047114571,-0.13564144886684704,-0.02632890982780288,-0.07000514508660129
C7 GM left dorsal horn,0.0722284456925705,0.023596633280511686,0.09857196066420022,0.009287406908063527,-0.035435334139430744,-0.043511306744305624,-0.024320642132545138,-0.022473860851786397,-0.015892731987569686,0.020411338480914407,-0.009633871807737988,0.044786344270988244,0.05732411796340452,0.03176549429121847,0.09618504446352537,0.08141402653061973,0.09131732339231392,0.06733739735351259,0.07079208671480669,0.05836732247707438,0.08942548487271526,0.020694343675813947,0.05897979290575763,0.12354923103393223,0.08525244038051459,0.06073055606065739,0.11569766149722437,0.09541447287833181,0.09316637864968862,0.09716199637044827,-0.05523664347494101,0.11814632716376429,-0.05176512175980915,0.09390790905673348,0.06367992060200028,0.04228551148638215,0.019698269780844692,0.0436849111569198,-0.03571425972707885,0.07535070408585014,-0.02404269324013074,0.08936796431445129,0.021381769318106217,0.05579978387951616,0.03403476174100922,0.06535035453069932,-0.07056381130809765,0.04455702944725014,0.04176150292808029,0.03490744480064538,0.036751168804073475,0.11329448553334293,0.02756460193728204,0.0093260624025781,0.1039199512996106,0.10563270183189531,0.06976089919912443,0.08077404292620984,-0.011625511879044086,0.04183930512976498,0.14779275658481789,0.03185925829448953,-0.07281200840649259,-0.12141579490462592,-0.12380407442862573,-0.059349209003852266,-0.07816419980798729,-0.07417451779095376,-0.04189726595641223,-0.09444563565287437,-0.043371510947963786,-0.028495580126658607,-0.013223747009781838,-0.08906363225814053,-0.0537632865123783,-0.038380025480732445,-0.04827613721974119,-0.024238409870644732,-0.11745043233909061,-0.13613741940647658,-0.1414104563568954,0.018729470953916028,0.028848730109108357,0.07884836926512519,-0.08721348060599461,-0.04959518956271019,0.0783883271476287,0.070890053366933,0.08030967921400446,-0.01347801650875526,0.02331822034183515,0.007080616823386896,0.02275321671642349,0.055189971208653474,1.0,0.5903932863145559,0.6694563007272816,-0.047121158956674736,-0.029859554696790934,-0.08765120815000961,0.39041641937507177,0.28711159413439863,0.11241160287964404,0.08132288818375313,0.13919657209618108,-0.02472754268473255,-0.058045593856336945,-0.01402438671459299,0.12319705793335513,0.07695469531469902
C7 GM left intermediate zone,0.06885978321829608,0.011037653889170947,0.08938278210549708,0.018769852818384766,-0.003429204763223875,-0.08886195266331239,-0.03233392176358806,-0.07751443870587722,-0.07140009150267783,-0.05321928403431401,-0.021842561599611506,0.010754109070681616,0.010105548056304843,-0.008675414761499085,0.041836657407570435,0.07144711278058172,0.06652253746698408,0.024353273993492987,0.09655249625529291,0.009625055549794316,0.07815002327617858,0.015234065820901348,0.07826762786673912,0.09400529687244359,0.04190959811129973,0.025517852393510662,0.05474473287540915,0.04412811319090268,0.048215089046358794,0.020109067519693078,0.013467537069151872,0.09506656474731993,-0.023563026081190958,0.047291028690393686,0.09335557783587176,0.011825252597956786,0.059640028836361686,-0.0005574493677464389,-0.03337949745452343,-0.013282876322396268,-0.08808499371676101,-0.0036004095317690153,-0.04490575707966462,0.02047053900232251,0.010712974026512896,0.006813461204342736,-0.023925314309807568,0.05296930782338847,0.023612870944921406,0.020457825078745433,0.06548462018650114,0.035184964065084146,0.032787867610082566,0.01816054712225667,0.05187795016667974,0.05800913179542112,0.04828229845998645,0.10153740928633723,0.0544637482481073,-0.002264896594133745,0.05101214109127906,0.03679383623734828,0.004400074801697772,0.005741311419571605,-0.023497034180276568,0.05069708467277397,0.05131466191799345,0.03839624269409484,0.05414778706110842,0.013968164330127692,-0.040113060477334435,-0.057360778818058095,-0.05907489038802953,-0.0208025395991516,-0.017159098198582225,-0.000915393608836248,-0.022679153526707813,-0.015498805893004723,-0.08291962249029819,-0.09846186785993319,-0.06720753274340227,-0.08549502078614753,-0.030931489296516144,-0.008022256137823643,-0.10392336975924105,-0.06021073693855555,-0.010099378644287052,0.03501283668311554,0.029428518231079483,0.0549760194723616,0.0688491307177529,0.08738889911347555,0.06353611797818509,0.07414812771709564,0.5903932863145559,1.0,0.7385475534181205,0.02141745040692763,0.41390511674333447,0.17219103481364642,0.4653629917773302,0.6093503670645847,0.016912955410943887,0.038945573706901215,0.06456098622006273,-0.008782216910028473,0.0298812991171741,0.012557473045478301,0.03939228988061013,0.0636413075198538
C7 GM left ventral horn,0.030167286389874582,-0.006138993437380992,0.051780672826676644,-0.0164508431532772,0.02353761375023507,-0.02714745781408534,0.023030003947330967,-0.05500245779593181,-0.015368271845522972,-0.005543884356545373,-0.0194607748854023,-0.01434617564039205,0.013328365640974879,-0.013155166205900452,0.03347858628001036,0.015204052649317141,0.04418426525190516,-0.01806717409707929,0.04032383510387454,-0.025566350513912827,0.03769808918353467,-0.020166422169325522,0.02762972569203478,0.06320099982032186,0.04791003228334194,0.056734874115821884,0.07282146237706374,0.006054981859206136,0.022265140359709508,0.05208538889593782,0.0068135673264365934,0.07343800302586968,-0.006242163301656236,0.05605883404555271,0.06806133736898569,0.024165727046339913,0.013437905707391645,0.05271935621200203,0.02171186841126339,0.0420265192216152,-0.04318878103120936,0.05033739399054816,-0.01091686704748977,0.02085808959546502,-0.03501917434245275,0.0018095455933396438,-0.05710768516393277,-0.003726203424552622,-0.01705560916223034,0.0023418816852195253,-0.0054845109281373115,0.04658787585421184,-0.0010334186063341874,0.03453832567478812,0.05436526538896519,0.05265809831302229,0.03870335068537441,0.06937539273618307,0.06172035207912506,0.012855813622461125,0.0683740333548845,0.04524211462453725,0.01647734337695628,0.006176924373744466,-0.011392711013625278,0.05241406443107092,0.04096702500568928,0.023026005912810617,0.048573164268751204,0.014913063520262825,-0.015678083176563523,-0.00595554570702895,0.007621381830938526,0.0009945572177169155,0.019381729152039364,0.03637454173837805,0.012826106054107639,0.042218235218818755,-0.05409731533264898,-0.06599292552190071,-0.03604350743429383,0.018686185468453728,0.04168166068883191,0.06660553424222049,-0.03491280696997711,0.010955295430872636,0.06141361822836829,0.0548022120118364,0.05907081709759273,0.06392655117711132,0.05063624210608053,0.04296245653024773,0.10471566499960597,0.05583186512304356,0.6694563007272816,0.7385475534181205,1.0,-0.0381489043336353,0.15234182954210623,0.10909568820533232,0.5077898473802085,0.6393722325093562,0.0376637162356677,-0.012204716126351255,0.07982885185147345,-0.06449429620762862,-0.07301101692963038,-0.049449513960345935,0.056858945620330996,0.031021598150353817
C7 GM right dorsal horn,-0.06046155786771747,-0.03919932633465014,-0.08017965094411769,-0.08982683027373194,-0.022507362961579982,0.011745143741593536,0.06394985293268388,0.014552354799395201,0.04489398325661464,0.015626137795291196,-0.06492009306598348,-0.010388496425250726,0.04520956345648005,-0.023230390047251297,-0.11590237665647185,-0.02870346115885018,-0.036420209700782,-0.0051442265757140814,-0.11235949873665586,-0.001340615150013632,-0.06804931991943598,-0.09953044152013844,-0.0009950702012879627,-0.015849139691664585,-0.08021450118420378,-0.07751301744092004,-0.007443326143644912,-0.06313642441337243,-0.08379374566858183,-0.04114163287255806,-0.010508377906002344,-0.10203956220480674,-0.02560285476032174,-0.037749522302346086,-0.09338329285648521,0.02017547034387526,-0.021458188067769578,0.024691870919204585,0.06577270093748176,0.06754853524203515,0.027921075853609947,-0.03927545392216384,0.016526211115089118,0.04878038966775745,-0.09364940504176963,-0.04151074123169929,-0.14221445054194723,-0.10705313879372046,-0.13900359375907467,-0.04968292060527608,-0.13609873978822917,-0.032054078295754115,-0.04568208195312424,-0.11840555485564463,-0.0385930272134639,-0.08418329734399708,-0.047181098196406,0.04398338731884235,-0.056187215401517554,0.036958631496756114,0.03647678461063823,-0.06259189344262683,-0.11051377550868033,-0.05960048438645644,-0.06377483441902687,-0.046020271521865885,-0.029404622896236438,-0.0406960076953135,-0.05924469867776818,-0.05506910694748411,-0.012509246591463487,0.00036249939649758624,-0.0029335316512741306,0.06627406319381944,0.05472703961202327,0.06236406157381372,0.04107240594339039,0.02071951957452255,-0.0069772644076538425,0.022234994486101944,-0.001369661035274655,0.05575833696503433,0.028311526218877336,0.017532698939666594,-0.0004794319964437496,0.034019090607191646,-0.056209410907502685,-0.04733088388299899,-0.0658573486708171,-0.02089724032581864,-0.02118988372369608,-0.06448329495631235,-0.0813628413489928,-0.05055993643229314,-0.047121158956674736,0.02141745040692763,-0.0381489043336353,1.0,0.6239318037470237,0.6520806567893079,0.43755689498085326,0.25399539932323023,-0.006026194765108585,-0.0276188037710488,-0.0009893832678785231,0.11957254630872317,0.030609192884561095,0.07503281942474578,0.11521940389721233,0.049376589523707874
C7 GM right intermediate zone,-0.08866562978047533,-0.06699748584181073,-0.04921897248317489,-0.0774689984235529,-0.026333634149386467,-0.022740309385658356,0.006236689839865665,-0.02556240678584641,-0.039897308061770866,-0.08002743272322428,-0.07558734774587998,-0.00971054457425713,-0.03725849216809365,-0.07361215668916385,-0.12852942838916648,-0.0702624432241829,-0.0587263178872583,-0.048894673096171966,-0.06979613879282436,-0.06427065409005318,-0.06229884128968426,-0.0794054190438936,0.042214193044627715,-0.05443655141464326,-0.09870546050290029,-0.10595013425303873,-0.05317057442955545,-0.12313091247917626,-0.0783023887224069,-0.11489957734157948,0.022495888192048796,-0.0896235164671069,-0.03286528648042302,-0.08923760546111117,-0.0190751611727527,-0.037853152189557884,0.06242562642288388,-0.05184197962499505,0.03187204668063333,-0.04058050941327923,-0.050064537909806826,-0.11401746210531682,-0.08746000443871647,-0.046449872356210516,-0.10141743934241809,-0.10216704054523786,-0.10209682344037006,-0.0817961248400689,-0.1562259094037203,-0.08969957516908014,-0.09507539284375655,-0.10104343841390166,-0.05421535415993951,-0.10331947364994147,-0.10581850978859647,-0.1293086135364017,-0.08501275987525062,0.08208114243380815,0.038485624762113965,-0.05522745490180895,-0.03634873105569594,-0.0716408719929744,-0.03286895912496348,0.026165570549028287,0.01511282555959695,0.049239814719459575,0.06265957597670667,0.04962412845302339,0.04574671001806532,0.03650456794431707,0.007266664126164756,-0.021034622003943824,-0.02417720314864485,0.05208584904359462,0.0186989407534873,0.012563912961336961,0.0303294516064373,0.00020511825432759174,0.0034652565357830537,0.018426071869903738,0.018679205351526177,-0.034151798368522696,-0.019334814832210372,-0.03254068463986503,-0.04822098846340772,0.007013124182681152,-0.10447890157991273,-0.03744647725937736,-0.0637861922168585,0.014903790387876035,0.04399997270258176,0.0338086915955179,-0.03061006302601068,-0.0014367592313343656,-0.029859554696790934,0.41390511674333447,0.15234182954210623,0.6239318037470237,1.0,0.752704918614089,0.42331849604968913,0.5473513196272071,-0.05982097931631172,-0.028884354464607367,-0.046774553181534534,0.08976022899138875,0.13662688462561978,0.10996322550575206,0.03595355931443383,0.05626492705770763
C7 GM right ventral horn,-0.12158503750580857,-0.09136375749735957,-0.07283780897318665,-0.11103824070965822,-0.013579362566694318,0.0075832531705636716,0.01779374688777774,-0.014122192525196756,-0.014904596040034555,-0.03710792883257603,-0.08251058810474492,0.03168204232161908,-0.04570231137961682,-0.06587423442276474,-0.14992912300942826,-0.10712962082889785,-0.10795291475859382,-0.0664029571162088,-0.15142860605921202,-0.09084826016638055,-0.13305967068155075,-0.15238609563693772,-0.00703255396225452,-0.11299045928153288,-0.12393356133489968,-0.11169074834705987,-0.07090157943670443,-0.15851386076246007,-0.10236460059334414,-0.11767956924605262,-0.0057947834509758005,-0.11587198296620711,0.025171170418770684,-0.12303595897023523,-0.0888909987854459,-0.05193448697655768,0.02406083608411265,-0.026122836199245297,0.04707612877216238,-0.02053589990862702,-0.012881055827654144,-0.09379579295436163,-0.08375261265555911,-0.04733329454561999,-0.12861418107284509,-0.11155277598531833,-0.13826654453347945,-0.1246339305249169,-0.17230622302416762,-0.12677896522475107,-0.1507662606711497,-0.11386958641789537,-0.06640321112541328,-0.11771954348392263,-0.10897086856767794,-0.12224378957817786,-0.11404347034903728,0.04893754780039949,-0.009361876923684013,-0.08644158696305974,-0.027760947636408594,-0.08393959037139308,-0.02492816580990151,0.057182195942475464,0.06212443911305581,0.09755145926579462,0.08594266133037964,0.05744617081735208,0.07662409321656323,0.04103440639538603,0.06363935328214093,0.05768622499238805,0.043121677589948046,0.13486971156920202,0.09701350525878781,0.07787054483633718,0.09970835994997441,0.06166907815454801,0.0719695615368379,0.09429180101061435,0.08277142445446083,0.1167368981937921,0.10062703866480383,0.07307742353033911,0.07774165174076182,0.10663502398649832,-0.08296477365707429,-0.02650135556322046,-0.055543776799882774,0.024457987393282712,0.04717521277614803,0.034828883143223466,-0.04082040538699758,-0.017405990683194428,-0.08765120815000961,0.17219103481364642,0.10909568820533232,0.6520806567893079,0.752704918614089,1.0,0.4625038928218417,0.5587006401771571,-0.05955578501674712,-0.07516115783486758,-0.06276331795419743,0.03522622109561149,0.032418774483489454,0.06022644602388147,0.0430297552055555,0.018812136106861273
C7 WM ascending,0.0631922650109993,0.06394838787358592,0.062464628148813615,0.02745956940766237,-0.005153972336102559,-0.04527139250027909,0.05826712277559838,-0.018621536528350427,0.0666281698466308,0.053760764115603626,-0.08124523845792857,0.04760677959752063,0.07152951886738687,0.04903756314099139,-0.05187840633154988,-0.02587364176889528,0.006715638668095078,0.06151075023428579,-0.0755555375699222,0.08105383108469151,-0.08387035849693976,-0.11462793599457732,-0.009109139933298642,-0.0024723709193047324,0.0334015726449352,0.08598826699371014,0.051686877712282794,0.005016718804866574,0.006174053242463185,0.033841502676937474,0.04834881787765758,0.04962137065811304,0.03984519349224567,0.11351086405451592,-0.0122812104527265,0.12235170893629523,-0.005006242618489869,0.08737954825190267,0.0031919554522455624,0.08867881582561214,0.031244911755415824,0.013799347366127425,0.08745405260305283,0.1331196576812711,0.04839121279444815,0.02847560552347918,-0.04428366034179072,0.056411826846967744,-0.010501906848321377,0.05650181337628728,-0.029693175615798467,0.059935544466195596,0.05310513937834117,0.03047310139904607,0.06331058916706575,0.020743661183496544,0.07974707383423535,0.014065550714937715,-0.029142178998185757,0.1589470663663444,0.15668554333272905,0.038944248850533866,-0.006193013800202785,0.053594997909537354,0.06833415237184971,0.06490264971878812,0.05824310962010661,0.030120314519311214,0.04355025245532308,0.03131246070159948,-0.06757427203336734,-0.033318540377703695,-0.03527598089769277,0.0016924184881157644,-0.0018809303505545932,0.006432852628555627,-0.029314142865022444,-0.011833502998196582,-0.09707810379336516,-0.041016902099140204,-0.025148097952144864,0.08964605302257109,0.11599099125590366,0.15062684341011526,-0.01832347046553562,0.05704536456671277,-0.03895661543317133,-0.08215110681860842,-0.050805133091516505,0.03673995389777881,-0.039154051261262784,-0.011723342054781595,0.016318320637224548,-0.03907766232388321,0.39041641937507177,0.4653629917773302,0.5077898473802085,0.43755689498085326,0.42331849604968913,0.4625038928218417,1.0,0.6570167236482329,-0.03939566595335675,-0.03952956721616392,0.053185061455104515,0.02470641549603895,-0.043596382614130985,0.02313793482533069,0.12445565241486119,0.1038639018624495
C7 WM descending,-0.02191418281332485,-0.040674678430031294,0.009854610297885974,-0.019090617392184858,0.03716509230642664,-0.021593150806348712,0.026284746133526053,-0.038496242853491965,-0.007236481941092314,-0.024127121273234933,-0.042284971506853834,-0.025528217925086673,-0.024561143745086,-0.034103099691427316,-0.05494304807991154,-0.08280857572642124,-0.04057671803479078,-0.04188554766624624,-0.05971884434518283,-0.0666564303112333,-0.05778282114201164,-0.1148925520931405,-0.014277913781468803,-0.041250694222849195,-0.016693593273924494,0.012705939674692688,0.017819325436097655,-0.07380732967303302,-0.02964333422496413,0.0048273294166202045,0.08777181786594505,0.0027974369541981033,0.060238371594016245,-0.01512622498544273,0.05095167628907823,0.008435498300215158,0.035157188979288774,0.0003296922770460099,0.07750879670364835,-0.0008111211823070053,-0.02313551503498856,-0.017774040630465192,-0.04873047476603308,-0.022752545104005113,-0.10062284893546901,-0.04188163106760298,-0.07566067713055386,-0.0685745621414904,-0.09682579176022564,-0.027960566133834318,-0.06133517243260215,-0.02535054707110001,-0.049026007573918215,0.03183186982588873,-0.0118582275965935,-0.012641583116195827,-0.008415032641800721,0.07455511469418351,0.0888237182692605,0.005952113962009354,0.007945310833216061,0.06544102335478721,0.08358674972387692,0.16599353806792855,0.1528219310235275,0.1894041048916214,0.1947797437271774,0.1518274786579428,0.14302088252912915,0.12762449553430394,0.03516161075699336,0.03219990783819175,0.03314396404658939,0.07525847142182103,0.07375594101814364,0.08097375128901653,0.06620913818010181,0.0838357135059845,0.019073215122648573,0.013374347655310174,0.04647070316310727,0.06308268752256303,0.08420237505570126,0.08428792636312919,0.033565793583912054,0.05742529773447594,-0.0853223695484752,-0.01046029734605584,-0.06584526199937978,0.13685374139287476,0.11557358690603833,0.10304355438098735,0.05050020221769912,0.06231095265091842,0.28711159413439863,0.6093503670645847,0.6393722325093562,0.25399539932323023,0.5473513196272071,0.5587006401771571,0.6570167236482329,1.0,-0.0003233987189609819,-0.009809353622734947,0.05720491375348087,0.0022329496560820356,0.008682028177283946,0.004056515417825094,0.06633526244896257,0.08044731445106627
C8 GM left dorsal horn,-0.05876850964276437,-0.10186102991950348,-0.07431554479838326,-0.07736678247812144,-0.12638371137387297,-0.10078267252368908,-0.031083308164863013,-0.10128855104142728,0.009969373800190747,-0.018260614266577185,-0.08347491944639743,-0.006334960907720238,-0.05082738741635696,-0.07263164150872425,-0.03670482056182714,-0.12792870321717237,-0.0963983004581684,-0.08327729831751443,-0.03058083588617947,-0.0947446224778687,-0.0022495425535875007,-0.013864235345039184,0.0005246056748145041,-0.07431872483601608,-0.07343658474878693,-0.0972803353065242,-0.051982812321865295,-0.07407712369237456,-0.009712644570083105,-0.050439624464040315,-0.15405682152430245,-0.0709302085274435,-0.14105342620588515,-0.09257158944809814,-0.1100008135796528,-0.04085863454287694,-0.022024644235946522,-0.04861292938511981,-0.08722100390810952,-0.010154410981772465,-0.08370719032306365,-0.1303347077626446,-0.05389424302669413,-0.08071732510059779,-0.07819225548187675,-0.07322985991819966,-0.03278770676023421,-0.09773937730785012,-0.11352158357711761,-0.050157759973521586,-0.039549473424313634,-0.07628851984082134,-0.08867959503719999,-0.10839033397952016,-0.05949543688522634,-0.05103363954915269,-0.08121646230127902,0.106751660606079,0.014959077157694536,-0.13720170314638433,-0.06455050936841894,-0.04884815771499881,-0.061281557505054735,-0.04565621783617608,-0.04415871523917549,0.025090747604938412,0.016926795647304368,0.0023586492540210433,-0.01072310566223501,-0.026007981204688318,0.07137656462366826,0.10694917864884872,0.1272635884083412,0.0884490867385695,0.11315212752841698,0.11890737197988163,0.10546998134121367,0.13855035814984232,0.08850324288449042,0.09497329266139161,0.06988137357186806,0.08208957992813937,0.07959010885104911,0.080234733701062,0.09360712960331836,0.1416720048078636,0.0263807741363021,0.047360225313332255,0.04661753698008188,0.12245702111175669,0.1199974408499158,0.16102513325600987,0.17581678131572426,0.10748561851549251,0.11241160287964404,0.016912955410943887,0.0376637162356677,-0.006026194765108585,-0.05982097931631172,-0.05955578501674712,-0.03939566595335675,-0.0003233987189609819,1.0,0.6645472201368264,0.6376809609491055,0.09745219812566606,0.1640161270331689,0.10879165803077936,0.39193404562161,0.35667776539849094
C8 GM left intermediate zone,0.08335163164621401,0.010882742535347897,0.016727000630907173,0.022051974253305334,-0.056401956283889366,-0.08309774687029882,0.02107760625270786,-0.046949834139997294,0.047632739962854456,0.016190742871032757,-0.04801325821874605,0.01547111843242643,0.038253475856326116,0.00448175664613739,0.0028207211591990316,-0.08883793222680987,-0.051677031684640384,0.023320024349435777,0.005394627946107967,0.004848731416383272,0.014077255673189683,-0.023922551299203988,0.013235863306866585,0.005882970013634295,-0.0217780052631209,-0.02982598683556436,0.0008982340591859433,0.010016310964806771,0.006874927669681778,-0.008415367546965558,-0.04571762887413455,0.03089123652136861,-0.05261329253256819,-0.005604497916374542,-0.03564253782256123,0.03900939517741333,0.033599634121672335,-0.011354563572827953,-0.04318766691374764,-0.0013738298398579389,-0.048151132135429604,-0.07085647017680399,-0.04531938851076542,-0.020889032276604578,-0.04471663843532647,0.03598398175313288,-0.0453620058239982,-0.05919569036246851,-0.02454126392704673,-0.002232687734482873,-0.003689441068942727,-0.0136787329740244,-0.039212238795516344,-0.09120489779283478,0.0062735770185386565,-0.0009241044808408498,-0.027324182616271137,0.13763285085146157,-0.04011173084577485,-0.10058302421507012,-0.009224057632238162,-0.06460106784179188,-0.07821527336836805,-0.03188810396212698,-0.02730430780944602,0.05093281008825044,0.06453671281973236,0.07136678644554909,0.02679785998889289,0.0208065515198752,-0.0016971351942398423,0.03413646070286368,0.051905987000495334,-0.00029005142703124895,0.01787712094681198,0.015324884878237997,0.01827233966199119,0.05873701931694448,0.11557008777401309,0.09320062138073368,0.08168090918759391,0.04265687731483564,0.049254130986045384,0.04770888727881313,0.07317190768453996,0.09986293324889645,-0.05464623635625181,-0.06194993656024612,-0.03379154545286691,0.05679991331266313,0.017594559690464463,0.10401181803254525,0.03273213889270506,-0.009963316810501307,0.08132288818375313,0.038945573706901215,-0.012204716126351255,-0.0276188037710488,-0.028884354464607367,-0.07516115783486758,-0.03952956721616392,-0.009809353622734947,0.6645472201368264,1.0,0.730307496012049,0.09763824814601889,0.43501790776407645,0.25085024665444366,0.5041619874747154,0.5688546405373551
C8 GM left ventral horn,0.000490919072137289,-0.018869308192839933,-0.030931050977671314,-0.032918808309957324,-0.09377094646077012,-0.16712262864631167,-0.05236282793788131,-0.13580554232178482,-0.02938948967934724,-0.056136867571525965,-0.08437870499653789,-0.04741144688564645,-0.0004450266969068909,-0.02423415676187647,-0.0022075867280311077,-0.07729736846503152,-0.04750378385570218,0.022284885842028784,0.0067160134173963664,0.030214853688183208,0.02341103677774557,-0.03344882736454661,0.004374361527003397,0.008280030539998567,-0.02244669497507511,-0.017711981858173194,-0.011503463968167522,-5.7384006850312165e-05,-0.014233823488946893,0.012721795623483759,-0.07936011614756042,0.026911297974728576,-0.11912366338070558,0.05103878721159168,0.012393004273444993,0.02118887381679187,0.09240531738605551,-0.0748050120084279,-0.09393565790801989,-0.035198716862960305,-0.10075447611217991,-0.01696909752935989,-0.059464624892953,-0.04315837312259026,-0.07181114008230638,0.020999107881896295,-0.07135112334830337,-0.11358068063184543,-0.048989341889505475,0.008893383599153282,-0.03645740396896292,-0.01224884319588902,-0.04935900914183963,-0.02370070669912353,-0.00921824774389657,0.01097128086978962,0.009192233653818221,0.06259165949314548,-0.05546523303244212,-0.02417108245713033,0.00199399587968433,0.004350492103010139,-0.10762901117625932,-0.052576000804468684,-0.041636506317180424,0.02006523576337819,0.05273204878019257,0.058269807372929756,-0.03908136654141576,-0.021252997451842517,-0.061569018077119494,-0.049157809131675674,-0.028742317422857534,-0.026260898165330813,-0.02431742104401376,-0.005501326508376533,-0.03088455624230647,-0.02299634399897382,0.08569256647415507,0.09333250587102197,0.06252220822787628,0.06928057055408154,0.09006624184095718,0.09790875606682686,0.07030901062441115,0.10296528387675333,-0.04097757419649966,-0.012250388536658491,0.0028166492409095493,0.1134948403434612,0.06672878130336271,0.12476052039988807,0.0922261937182127,0.03669207631630458,0.13919657209618108,0.06456098622006273,0.07982885185147345,-0.0009893832678785231,-0.046774553181534534,-0.06276331795419743,0.053185061455104515,0.05720491375348087,0.6376809609491055,0.730307496012049,1.0,0.028521096644326234,0.21862526656323789,0.22427432573982062,0.5510691434685555,0.6729034453891096
C8 GM right dorsal horn,0.01678886389551898,-0.025001976981987237,0.009790282789348978,-0.009174406657982512,0.005873568034500337,0.03516676772371,0.025462541824682747,0.022329019738106432,-0.02917987259693925,-0.02572869701872312,0.05651694633765635,-0.08036916512806055,-0.0587547362064137,-0.041965275746631385,-0.024185263725909775,-0.05050747146645605,-0.04522670734739529,-0.0011602459070601326,-0.06706689361115506,-0.021571702857927748,-0.04479178089703506,-0.03245187166455452,0.032470787167624464,-0.03821499508551591,0.01353229685609812,0.025143003060212485,-0.0035290570693420047,-0.05520686074865244,-0.01327845940674869,0.02138037522311495,-0.010663399302320473,0.0370285720082029,-0.05174128952296646,-0.02430427629522809,0.039096288098473146,-0.011169402365216814,0.07957831682575803,0.008356589062064934,0.01008982950362159,0.04436614888992895,0.0514914713541655,-0.020147336336116938,0.013682585247849845,-0.03354350532043605,0.026263404540790843,-0.011040820008186384,0.061521174131386386,0.019100775219166803,-0.02569113878055749,-0.006109696219473732,0.011753857943573734,-0.006089167041753141,0.02164723611491359,0.025475608122812247,0.01667208904966113,0.01485818149282021,-0.03767073985900424,0.0694796766537025,0.018138871895415902,0.0061570848635804235,-0.05476614084298878,0.03611910290728693,-0.06561360326681315,-0.11582715403505636,-0.13935768346022176,-0.11416126354346323,-0.11002449114752261,-0.109414426246231,-0.10166928527146661,-0.11526535382223602,0.03864089505339038,0.0074739332773921625,0.0014811894583374268,0.03469695353747984,0.00752227753580311,0.0155995845846067,0.055387935758998696,0.008984353096897739,0.011896577322521602,0.011737096139139864,0.00974235850946639,-0.07324256761264188,-0.031042362838433472,-0.04230015034651948,-0.04566314027541538,-0.011235468844558796,-0.08345544845092238,-0.07464807002619997,-0.10651590295147582,0.023162367278929223,0.016997860126597174,0.04765943304104863,-0.018225487096007728,-0.03769351444201828,-0.02472754268473255,-0.008782216910028473,-0.06449429620762862,0.11957254630872317,0.08976022899138875,0.03522622109561149,0.02470641549603895,0.0022329496560820356,0.09745219812566606,0.09763824814601889,0.028521096644326234,1.0,0.6112427911863083,0.6434843602292524,0.3903719565646221,0.2477314279306084
C8 GM right intermediate zone,0.11782063475414911,0.028583525466887635,0.08802590559133662,0.034275061873628956,0.050797438345448066,-0.02550284236097878,0.0483664061818708,0.019142695058759575,-0.014558270547730212,-0.01314532088694461,0.05052062670876111,-0.015753098538957667,-0.020323745904410894,-0.005903410400411842,0.0027125512401909033,-0.05808367083873924,-0.04066077130372786,0.034793115201898275,-0.034516411607218224,0.021865277676052095,-0.02531373334735607,-0.033093254343491404,0.0110609820779798,0.0051035993685922985,0.020615750491937448,0.006961078692064099,-0.015041610844351228,-0.012585860202869626,-0.024247700795298845,-0.009720645715158906,0.04876876316147201,0.08736347496660114,-0.04262187586631124,0.008880370927642437,0.04083236903351352,0.03307288172151205,0.05768684718087212,0.002779334420366016,-0.0035179812879206373,0.006000032158792758,0.045567742319936134,-0.030668696357772123,-0.030654384818372613,-0.015020418472808921,0.008942845774274767,0.02987100857935602,0.022517824737295765,0.008519092836960191,0.0043860539812995945,0.008138513963508188,0.03503945952381261,-0.011456935149706972,0.004999706256241201,-0.02878976551370789,-0.020378212091214522,0.003972384746511736,-0.019989120914963923,0.07471584928743928,-0.007166849039982703,-0.036571253980954475,-0.07052317354877902,-0.008633138630029536,-0.1090280808321019,-0.10686106633897655,-0.13469467831566637,-0.026197413965211105,-0.04037402784849668,-0.035979184871954714,-0.04322919952136085,-0.09448274672564845,0.05846045729037624,0.039024351622732364,0.024862876255475074,0.023013521535941654,0.01537213482685602,-0.0021305002423474668,0.05849108642341287,0.02752794544797284,0.12369909251673007,0.11424426751066016,0.10573076946609285,-0.03453525893956987,0.03844181808753926,0.036089009555053175,0.03869782658247247,0.10204649438819685,-0.11415475883583247,-0.12562509947070877,-0.10652384802309883,0.03442712147179554,-0.009052699415746386,0.06660772081058978,-0.007471643133234659,-0.08079431047114571,-0.058045593856336945,0.0298812991171741,-0.07301101692963038,0.030609192884561095,0.13662688462561978,0.032418774483489454,-0.043596382614130985,0.008682028177283946,0.1640161270331689,0.43501790776407645,0.21862526656323789,0.6112427911863083,1.0,0.7879048531618259,0.5100191713867601,0.5097639052666253
C8 GM right ventral horn,0.050071375786723715,-0.02477418857533749,0.03479857232789409,-0.05120979521976319,-0.041225947364632094,-0.09276229012572206,-0.035988989356650763,-0.0319983251708884,-0.0800726194087833,-0.07779003128405776,0.002754850249631251,-0.07871752516816681,-0.09937839240312206,-0.06362803244459223,-0.05415374421881507,-0.06880193707286339,-0.059541907511467644,0.028444779770735916,-0.11021224617644877,5.726537802650905e-05,-0.08747924528835677,-0.09499517242897486,0.0022780441409535734,-0.02630767724608108,-0.0010531633349899967,0.0144817447741476,-0.008551140638166753,-0.04862645456335512,-0.05463418758365031,-0.006429158406018348,0.012336550276722123,0.026100001219837597,-0.11086916682424655,0.0006031519765193223,0.015420193468258892,-0.0030727514091846704,0.05729317253084204,-0.04928116119380328,-0.07093703504316087,-0.027735494558986374,0.0039874891559850915,0.014525184297934078,-0.05331358256690834,-0.04692198808787533,0.01597423378881569,0.019638567137587198,0.015347225231985825,-0.006708098682621601,-0.035600767498680096,-0.03412619533386503,0.00047329022967282337,-0.014029121490629806,-0.0050261886003170955,-0.03657412054704682,-0.012556068821790544,0.0065330635317645954,-0.05238024640236491,0.04935082265708015,-0.050311588533846305,-0.027177411502446645,-0.03929753108960728,-0.019793248223718703,-0.13977202440809272,-0.14669067847461792,-0.16896457357022848,-0.05652638235128098,-0.07738358084362311,-0.0798116396737952,-0.10681776170201936,-0.13559470972031254,0.018705082272837185,0.004925995804170717,-0.014853470860325612,0.01829432905768929,0.009291261633758542,0.005223776855207657,0.03567483712578385,-0.00904696674319427,0.09029432215828975,0.08734785851493138,0.09319411998047838,-0.050508213449855566,0.0220939405111025,0.04467629441067374,0.02861944663870565,0.08048216420051318,-0.12386945702178667,-0.14857488620166096,-0.14629849615301563,-0.013937032624040707,-0.03993040221251562,0.017225724459839775,-0.05207903434155077,-0.13564144886684704,-0.01402438671459299,0.012557473045478301,-0.049449513960345935,0.07503281942474578,0.10996322550575206,0.06022644602388147,0.02313793482533069,0.004056515417825094,0.10879165803077936,0.25085024665444366,0.22427432573982062,0.6434843602292524,0.7879048531618259,1.0,0.5766469857104369,0.6213315346064374
C8 WM ascending,0.017099428935153323,-0.030178409565397413,-0.01631599654632385,-0.0786282895398179,-0.0695592203325883,-0.07979844354152184,-0.03346887306127651,-0.043547932505400504,-0.007651838373735506,-0.02722013069445631,-0.05054517302283308,-0.056510267065312224,-0.015846832837495547,-0.008655886532293539,-0.06379771591054513,-0.08090612817318771,-0.09152154705458349,0.04117380368685097,-0.10854014494519491,0.026262786555465475,-0.09268084347740549,-0.08099216335748483,-0.015610476206274693,-0.04444413872883897,0.0006350724664474294,0.016225888533043204,-0.00470063554183397,-0.032089857553482176,-0.03869441366393381,0.029474296514992664,-0.03743828584567483,0.04561706011231911,-0.09990634701417739,0.0278966606901213,-0.005227225097933524,0.022962722431120155,0.11707804864101848,-0.04023409600864769,-0.014222507321668883,0.003577520652494988,0.024434002412134895,-0.020967441277026648,-0.05405361081542843,-0.04728259002843008,-0.03579775665059868,0.01837318205260288,-0.08957293518267499,-0.07536713055900522,-0.026684206770484227,0.0190804527854154,-0.034184829352835726,0.007044972099344179,-0.04891388224758031,-0.019984799471648416,0.024656754912045668,0.03428926049984256,0.020777535874319922,0.07362538152698685,-0.04258427144920935,0.021431826435002226,0.08077828769987969,-0.01398371109486179,-0.1490557415768403,-0.0975839824512889,-0.0982685387627537,-0.010050499748638855,-0.0075764837992828155,0.007958364597988585,-0.05339928406687045,-0.04393052631936779,-0.11784760328839111,-0.0821151208930026,-0.06189536640907986,-0.038858750056953405,-0.06324441053477266,-0.05947952818760044,-0.054567644087730516,-0.05199640510702142,0.0460668620427971,0.05126550798300525,0.06335546480850908,0.04486906337780993,0.07015848798629118,0.10948720340988723,0.05575026563848903,0.13163201650657785,-0.047035584349528536,-0.04112256053112266,-0.019189248107702513,0.042771408480686265,0.00962632505207348,0.055948073271886764,0.029916195525453458,-0.02632890982780288,0.12319705793335513,0.03939228988061013,0.056858945620330996,0.11521940389721233,0.03595355931443383,0.0430297552055555,0.12445565241486119,0.06633526244896257,0.39193404562161,0.5041619874747154,0.5510691434685555,0.3903719565646221,0.5100191713867601,0.5766469857104369,1.0,0.7373317336661681
C8 WM descending,0.016158860802368932,-0.05101462090025417,-0.030673828016713388,-0.10854200452141845,-0.12287047782983128,-0.1569003105003496,-0.08244201815195845,-0.11299524264272481,-0.08306778573395701,-0.09553495331340756,-0.12746856240843746,-0.08176962169000059,-0.06983766706113088,-0.043571528597589,-0.06525383194432573,-0.13014387776746936,-0.12643021740240915,-0.00972761120761098,-0.08914137947705077,0.034216601161899826,-0.08807544122818103,-0.09359979911817486,-0.013470866234659299,-0.05623749095282946,-0.033965249731541226,-0.02141085755912404,-0.007536272383280504,-0.05846864616708607,-0.046432658158400884,-0.021623143234641085,-0.017255895525710524,-0.01548715070574385,-0.1390253283002722,0.03175717430589478,-0.000192489870904738,-0.0037181294876172054,0.05226933982467657,-0.09900182606361577,-0.07374452757616778,-0.07338017161145419,-0.08395945585873692,-0.032356262186664465,-0.11178078982608708,-0.10006742793097448,-0.05919381773874303,-0.01389981386653013,-0.07978671838745971,-0.10437601049002518,-0.0632289022300999,-0.0054873034054489745,-0.06500762743232011,-0.0425148055827782,-0.0451959944577278,-0.05453512029454609,-0.0432630462815428,-0.02485263025883996,-0.01923919286443644,0.0730880891552899,-0.08119734503151517,-0.01728867784579483,0.011393267864458299,-0.0452221789547073,-0.1609185888510702,-0.08626332467476545,-0.08082820875220548,0.0029420054819130066,0.017862178233816375,0.024484492689393872,-0.09633510083485593,-0.052634749818901407,-0.11686335215872791,-0.10140245415319,-0.08766126001902254,-0.07067098394404887,-0.09181100503998685,-0.08935886842601369,-0.08764143819972206,-0.0935626406720765,0.10640330330302639,0.11078418210417633,0.11983676863498748,0.02178466059553693,0.07346250562262205,0.09900358145520965,0.07525013815856116,0.11992890218384736,-0.09230220605973964,-0.09110017632264146,-0.053525133798337954,0.04178531090135367,-0.009498414730119175,0.06240296301175268,-0.021051171207239944,-0.07000514508660129,0.07695469531469902,0.0636413075198538,0.031021598150353817,0.049376589523707874,0.05626492705770763,0.018812136106861273,0.1038639018624495,0.08044731445106627,0.35667776539849094,0.5688546405373551,0.6729034453891096,0.2477314279306084,0.5097639052666253,0.6213315346064374,0.7373317336661681,1.0
