,7Networks_LH_SomMot_8,7Networks_LH_SomMot_9,7Networks_LH_SomMot_10,7Networks_LH_SomMot_11,7Networks_LH_SomMot_12,7Networks_LH_SomMot_13,7Networks_LH_SomMot_14,7Networks_LH_SomMot_15,7Networks_LH_SomMot_16,7Networks_LH_SomMot_17,7Networks_LH_SomMot_18,7Networks_LH_SomMot_19,7Networks_LH_SomMot_20,7Networks_LH_SomMot_21,7Networks_LH_SomMot_22,7Networks_LH_SomMot_23,7Networks_LH_SomMot_24,7Networks_LH_SomMot_25,7Networks_LH_SomMot_26,7Networks_LH_SomMot_27,7Networks_LH_SomMot_28,7Networks_LH_SomMot_29,7Networks_LH_SomMot_30,7Networks_LH_SomMot_31,7Networks_LH_SomMot_32,7Networks_LH_SomMot_33,7Networks_LH_SomMot_34,7Networks_LH_SomMot_35,7Networks_LH_SomMot_36,7Networks_LH_SomMot_37,7Networks_RH_SomMot_9,7Networks_RH_SomMot_10,7Networks_RH_SomMot_11,7Networks_RH_SomMot_12,7Networks_RH_SomMot_13,7Networks_RH_SomMot_14,7Networks_RH_SomMot_15,7Networks_RH_SomMot_16,7Networks_RH_SomMot_17,7Networks_RH_SomMot_18,7Networks_RH_SomMot_19,7Networks_RH_SomMot_20,7Networks_RH_SomMot_21,7Networks_RH_SomMot_22,7Networks_RH_SomMot_23,7Networks_RH_SomMot_24,7Networks_RH_SomMot_25,7Networks_RH_SomMot_26,7Networks_RH_SomMot_27,7Networks_RH_SomMot_28,7Networks_RH_SomMot_29,7Networks_RH_SomMot_30,7Networks_RH_SomMot_31,7Networks_RH_SomMot_32,7Networks_RH_SomMot_33,7Networks_RH_SomMot_34,7Networks_RH_SomMot_35,7Networks_RH_SomMot_36,7Networks_RH_SomMot_37,7Networks_RH_SomMot_38,7Networks_RH_SomMot_39,7Networks_RH_SomMot_40,C3 GM left dorsal horn,C3 GM left intermediate zone,C3 GM left ventral horn,C3 GM right dorsal horn,C3 GM right intermediate zone,C3 GM right ventral horn,C3 WM ascending,C3 WM descending,C4 GM left dorsal horn,C4 GM left intermediate zone,C4 GM left ventral horn,C4 GM right dorsal horn,C4 GM right intermediate zone,C4 GM right ventral horn,C4 WM ascending,C4 WM descending,C5 GM left dorsal horn,C5 GM left intermediate zone,C5 GM left ventral horn,C5 GM right dorsal horn,C5 GM right intermediate zone,C5 GM right ventral horn,C5 WM ascending,C5 WM descending,C6 GM left dorsal horn,C6 GM left intermediate zone,C6 GM left ventral horn,C6 GM right dorsal horn,C6 GM right intermediate zone,C6 GM right ventral horn,C6 WM ascending,C6 WM descending,C7 GM left dorsal horn,C7 GM left intermediate zone,C7 GM left ventral horn,C7 GM right dorsal horn,C7 GM right intermediate zone,C7 GM right ventral horn,C7 WM ascending,C7 WM descending,C8 GM left dorsal horn,C8 GM left intermediate zone,C8 GM left ventral horn,C8 GM right dorsal horn,C8 GM right intermediate zone,C8 GM right ventral horn,C8 WM ascending,C8 WM descending
7Networks_LH_SomMot_8,1.0,0.4477751650738041,0.4140585391836609,0.3564045621937352,0.3912136224412826,0.2653707991187666,0.43932802266244486,0.4039882501044236,0.40335283174653397,0.24744807027428561,0.2839037199237372,0.19766426003433585,0.3816349605343609,0.0975128311699987,0.16413263611065504,-0.009802620067084346,0.2474917196338045,0.13619411381124819,0.3945964431475403,0.043906157778593476,0.2372077866480992,0.12960132199701072,0.11365196428795475,0.31811885366249665,0.04794792182233226,0.3293107917706521,0.14879996963807968,0.30230392459031774,0.19841776058838315,0.27535600640818336,0.40976907013553243,0.2833588323492977,0.5262003028308871,0.5383715533349188,0.39688691672649085,0.4667771418756808,0.2772140936298093,0.24646463126344423,0.4437326116833912,0.22933349789650537,0.26291282059279575,0.05556267307615646,0.22212297452894664,0.18868596707730215,0.12183652365264962,0.3490317308346131,0.09563044413840223,0.30616142866386403,0.064397332703825,0.18917727728020667,0.004418190489585519,0.3307259230986741,0.18951630397732444,0.012242776509382965,0.33475290581724393,0.20891277067040304,0.1513845920285986,0.14196942526967263,0.008420350137686947,0.14339071515598806,0.2819808367151964,0.09508739037282231,0.016175219686874714,-0.004520901768912579,0.015341227220518406,0.059149680077388044,0.03617226866954759,0.05763271177283155,-0.017196793913053097,-0.03130954573843537,0.04470235736079345,0.0499178381988283,-0.01192084747598882,0.016384060963642637,0.006226863675514299,-0.022338114144957903,-0.0027570063948507426,-0.022495844905079332,0.11956780345009853,0.13409302138346255,0.1648493616553666,-0.08395750686901741,0.01805741269276217,0.02031706379219921,0.13977786441710044,0.11450995589897144,-0.0012283296069685247,0.068451613375464,0.0523494269152772,0.005776062634805084,0.058810302819714,0.01956129060367379,0.07896333173842113,0.07737800802153337,0.028004738836180036,-0.03000105241662357,-0.037456654827847415,0.1457534087487745,0.0657165589558917,0.06906772580665417,0.016122642226024362,0.03336963937163146,0.016598854535748872,0.003675196930156453,-0.008977137765576198,-0.010971028326545763,0.05542270480701056,0.04773050658434948,0.03130004788225945,0.0453777404821148
7Networks_LH_SomMot_9,0.4477751650738041,1.0,0.40786180307948455,0.47676315851911977,0.6575606820332788,0.5778592613898992,0.4400210190492197,0.3550508371741213,0.44566910001318355,0.39496622092476674,0.26840241576828866,0.32436424222047655,0.6046722510369454,0.08263006186783362,0.1865530350963135,0.06915959431219973,0.3894405652754622,0.29523777927788447,0.5873913677287418,0.10939600725749803,0.24674287869983832,0.15710429985317667,0.20272978490932744,0.449325312909381,0.12426475554767076,0.5243400818862353,0.2684832535203883,0.3631997132821959,0.3692884836493237,0.38295453585508593,0.2864768296827135,0.28126035012709866,0.48127940037450184,0.5732983459424704,0.315376966767209,0.4703459018392187,0.37036533381751363,0.3437143961973318,0.45172280459412395,0.27194597409965315,0.32612431622615384,0.21270722685729546,0.33790194352069786,0.3436098499929184,0.18428149170480482,0.4092178751459945,0.28677874353341903,0.3698091728536576,0.08719618959434546,0.2279310972154064,0.07651093728487073,0.38713670870634853,0.1816307230144398,0.1638803812531839,0.3650319571926713,0.3819699395381297,0.2869361254489455,0.29529749540194006,0.12975404234380705,0.41724232580642373,0.4105658978632058,0.2682161420435946,0.027555400731116318,-0.01807902740151144,-0.014683200729048055,0.08215509791863734,0.01395710065257475,0.014318210039279694,-0.011027167773533355,-0.040407666331409624,0.05433441081261484,-0.027959545676869247,-0.07598817647023964,-0.041214285518660125,-0.07992540497828755,-0.11014315637568951,-0.06064567224498172,-0.10031724803839849,-0.0071328894235275254,0.02697595853136335,0.07939659899037217,-0.013678969869283724,0.026608998755677463,0.05193090613938908,0.05976001445302436,0.08891992821802841,-0.029394586921429666,0.013567733912846226,0.027453088301997386,0.02549870827987904,0.03207893306523649,0.03475521608489488,0.07772364732309839,0.057793845116189346,0.04865716522812369,-0.03035340043716881,-0.020802822879645858,0.08728499667754244,-0.013605428701267824,-0.023594036014847365,0.04060406584038095,-0.005525488977258059,-0.011787978107105527,0.02481522731945536,-0.03112560083500369,-0.07839783426686334,0.0493567802513754,0.031632231021229404,-0.027970327122574305,0.051377748184631186
7Networks_LH_SomMot_10,0.4140585391836609,0.40786180307948455,1.0,0.45068723710555003,0.4122011113799491,0.3243425391510633,0.3088800834379787,0.18696795150274553,0.28156667552849324,0.25067233124028715,0.14802464152268469,0.16815927807716158,0.3213813292732078,0.08141747494958287,0.14542026327576826,0.01621652225696316,0.19572095716760649,0.15248653345506918,0.26322920118830123,0.010366264365764502,0.1467236773599341,0.08437139066270159,0.006223821066468977,0.11235090197232485,0.058756819034968905,0.2743668424270181,0.14263792159865601,0.17196345576564298,0.1699603243755405,0.18318898972981032,0.32539860175464996,0.39719294981167885,0.4714709836509638,0.5045174197071904,0.3924956658164632,0.5259424189040071,0.3669944798430879,0.3216783244533949,0.44948069027881976,0.2545120839871326,0.16857427153462612,0.043575932884453994,0.2816054776399052,0.2799868518579336,0.12345804805169436,0.24988513886380714,0.1860700183429608,0.2610379778201799,0.0022827923094970565,0.144550200671701,-0.027896100276658047,0.21890964268184823,0.08661330283080043,-0.03342163745148809,0.2426710282957405,0.1619723871084386,0.184869941570672,0.16724318329682633,0.0867299762064895,0.16405862303047697,0.2680871874014287,0.03913222381725096,0.07832686225663679,0.04197117038222703,0.06788027046475147,0.07023684116881437,0.040758120509774426,0.06882465747970612,0.06307267541790665,0.06725086273219864,0.06215680234186045,0.03850767105477224,0.006824723407961662,0.0191981365402036,-0.028662484348314657,-0.05123533515227021,-0.0015614820239167066,-0.03138260068695883,0.023344994192197425,0.012306571171394703,0.05718678302234156,0.0005033281555889792,-0.009589002727778035,0.053285628116334645,0.04149783904621341,0.028696389499639333,-0.07569180429824092,-0.0433440418606502,-0.06870774544459851,0.021877376605167916,-0.00782584455360522,-0.02264339440646952,-0.010336454059821532,-0.05250805948381742,0.017221355103202836,-0.02907780181765747,-0.03482490416752095,0.02684312498132127,-0.035075206483788354,0.015603660995843425,-0.033913546377843856,-0.04473056253246768,0.013305621389662077,0.029419312112772895,-0.01985669222888917,-0.10267027780971097,-0.02175810633862769,0.0019848796488742145,-0.0359484890888246,0.01483888885653148
7Networks_LH_SomMot_11,0.3564045621937352,0.47676315851911977,0.45068723710555003,1.0,0.6088110309527917,0.5846574598141204,0.383947613798666,0.29902062095367815,0.29363878880505606,0.3968584849918238,0.0981380822430843,0.12572290996937388,0.4854811826958791,-0.018017577843945556,0.025350296715795036,0.0964437573770441,0.20343897322959267,0.13598407495977885,0.2815663527547558,-0.1086455938695071,0.003037319022335767,-0.05871365137753275,-0.08743154792226224,0.22557704853824684,0.09068622126083406,0.24126566017472934,0.064840850718737,0.10502301578187688,0.09600314508472294,0.28386031269713546,0.38575211943095356,0.31139489317250646,0.42173284864222405,0.5575549065630931,0.2843597091169781,0.5843067900168989,0.5584655289180448,0.5639814432804142,0.5272314054736376,0.4900919152836104,0.392574694467123,0.0007408047767388869,0.5344882105339401,0.24699609153265778,0.12292794613779318,0.17014893099064,0.26828053409830077,0.3402204235923197,0.03458985443430057,0.12553648400534606,0.014012595153481595,0.28389849497122654,-0.018289868862052267,0.1178050688402368,0.2654451035983358,0.23645934040196936,0.1820901544083895,0.1797244074562946,0.1488862476863862,0.3596008011073592,0.29823220616110246,0.19697407633177463,0.06003576970621126,-0.012788157872290925,-0.019901685870026442,0.042148298632554135,-0.04847167556110162,-0.05955675520186795,-0.07457140709941518,-0.09673879334596365,-0.002425584124379654,-0.06940423779252756,-0.10589375001958051,-0.046292933708677965,-0.09224796750964943,-0.11036241702926858,-0.07104422436118464,-0.09063835803595266,0.03889313985262812,-0.01571777345641939,-0.000884238904200908,0.0022048296978818254,-0.019534493418767864,-0.010421681384811707,0.010893194021968424,-0.03987925518246488,-0.12918745948967786,-0.0493416407541344,-0.038645246091215335,0.03853362578062957,0.011315247706110258,0.021743401660739816,-0.01035904111710132,-0.02705445718529644,-0.019184694829917772,-0.12741919257613557,-0.125427385840918,-0.010499398036618118,-0.06746162410326303,-0.056329511799070746,-0.056605392350726674,-0.06729865009612722,0.003718217548161631,-0.04066103894493336,-0.07708356682734897,-0.12678296661414667,-0.03139561813659254,-0.03225936784619785,-0.0328677554098748,0.022048246868602222
7Networks_LH_SomMot_12,0.3912136224412826,0.6575606820332788,0.4122011113799491,0.6088110309527917,1.0,0.6648493276951809,0.6010624369305684,0.4500857257002779,0.5522951125871904,0.49534930324962934,0.2692036937439209,0.3525358688967117,0.605757143961579,0.0052823904369661695,0.2034509010299486,0.07800294007609798,0.4084222981254251,0.29399998300826835,0.4865560479313505,-0.016650414301509167,0.047952989992929844,-0.00942824273634099,0.19538654959260007,0.38229092986739616,0.14455440813500275,0.5284116567767329,0.30927080961508907,0.2562613371279083,0.30189087585818436,0.4288148355000522,0.32129953658391996,0.25520499706554095,0.4351347976804183,0.5735323693595128,0.28468422558313217,0.5425788898272408,0.5390281313961933,0.5286986631973818,0.6015218561653249,0.4795521607083942,0.46365148976383197,0.1587929279355777,0.5378013744197518,0.43325800606487136,0.14290578605311402,0.43628595804786396,0.3323205238027415,0.42490647808520304,0.06630875648173103,0.18011914526872924,0.01675807102244178,0.442630817259339,0.24003289885996007,0.11032854343454333,0.47915841733360454,0.32003213172738254,0.3094545034090727,0.37798894068014177,0.1317455863100592,0.4320887620768218,0.475175010123346,0.26532926047290656,0.02306289818831948,-0.1139377472326651,-0.08956549183412961,-0.06113022725641541,-0.12262851979343078,-0.1129165087033792,-0.12931771906957087,-0.14304402402233263,-0.07814577738284557,-0.1454711704298412,-0.17857304387270942,-0.07549445793678439,-0.17078022515122546,-0.21491539736060872,-0.17720481237301178,-0.19176384628990178,-0.039000122718898134,-0.025376374003204093,0.04241163432020452,-0.06363152149511543,-0.033596942721823043,0.015202065193755396,0.005654818030643201,0.04316568397634523,-0.13952393252507345,-0.10191976583383544,-0.04991932932486356,0.031419698693252715,-0.01963183903141586,0.028241618846249494,0.001354433694198511,-0.015959299349463853,-0.04229330487546762,-0.13678919780658172,-0.1316455643028935,-0.028395536152750225,-0.0974773118131523,-0.05814466957422865,-0.0696069361868738,-0.08179733311503946,-0.037568080848353384,-0.035042617740221944,-0.09935205821660745,-0.0651103723732505,0.02564513723147296,0.00832936819960394,-0.02986311013221309,-0.0006113160914202854
7Networks_LH_SomMot_13,0.2653707991187666,0.5778592613898992,0.3243425391510633,0.5846574598141204,0.6648493276951809,1.0,0.4981320125866471,0.42852786894445005,0.4025213679708409,0.5523213317777025,0.10091931466074257,0.23189304450909384,0.701967303850508,0.07012770750056506,0.03056185519790718,0.12567359776293743,0.2658749223182767,0.18326628640620327,0.5002216555824388,-0.05860409523443056,0.03430334102293167,-0.02148487107206595,0.11365737423868247,0.3898027577219863,0.1509265446718856,0.3867742046518227,0.24101957381762668,0.21902126016014153,0.1931738623070192,0.4165475950756272,0.32516011918151944,0.266862141524228,0.33041183428281484,0.43204932102643434,0.16965377915749577,0.4078064328192473,0.5006544613030215,0.5634984867778774,0.4592481856759258,0.5611479637524334,0.49550814202944127,0.12937797874052764,0.6278596598600035,0.29915279385806304,0.20376441592080727,0.2259345220434498,0.32373030585325496,0.41222588892221007,0.10706789274154345,0.15422999281835534,0.1696775368724941,0.3132213393225801,0.09274876037556395,0.16187916703902525,0.36168441791977696,0.33741807622820047,0.2759434220661819,0.23412932346867277,0.1931076050437811,0.4914973433649575,0.3813409178563135,0.3370119842416698,-0.027162240212505535,-0.09933700323242627,-0.09912117453792697,-0.009671463019758866,-0.08010781125408209,-0.07530407959090114,-0.10549411243790659,-0.13863039266783098,-0.06576309930046409,-0.11833681239488252,-0.1438462984516326,-0.052410805748591284,-0.13790644581806352,-0.18059275521476137,-0.13510094735676678,-0.14066192797487984,-0.049128061514559784,-0.000431540186695145,0.005898657233918782,-0.07834813623938984,-0.04402799418352767,-0.01736490799099899,-0.026972693685958015,0.003577085627908447,-0.1310002738196713,-0.0517094721643127,-0.05521089090269039,0.06123342661047225,0.032842796844977554,0.02627800842920561,0.025673938788961265,0.0091526712411722,-0.04883040409047071,-0.08587506858489777,-0.11610786516485688,-0.005883062839869296,-0.001074070689892016,-0.020133286901423558,0.033102999016311085,0.0172082717264948,-0.036091334372819174,0.028135755276598146,-0.014305077166470132,-0.07674335762328074,0.07072775724605802,0.06341200972112668,0.015393486411437202,0.08013238175753068
7Networks_LH_SomMot_14,0.43932802266244486,0.4400210190492197,0.3088800834379787,0.383947613798666,0.6010624369305684,0.4981320125866471,1.0,0.6517006495097607,0.5938197981621809,0.6094422187592983,0.3167590149447098,0.44862326271985553,0.5194217616502816,0.022595184794522827,0.1642945619241703,0.10583082512132036,0.3991323047344167,0.31898132070576873,0.4598176772741938,-0.006339389784357589,0.09895908886716663,0.029349559718838243,0.2995755625169631,0.302100481081163,0.19307296509996882,0.4626692621158531,0.32719007959520274,0.24760341601706704,0.26860873338224006,0.27768482733749356,0.2939876755318561,0.2046475970522165,0.36040760817508943,0.43308876423565945,0.17606843408685088,0.35285917448535203,0.5106415959380711,0.5162875269796394,0.5639360178427,0.5546647640758036,0.5789980265785029,0.23879569615927107,0.4466308116754256,0.3563729433318555,0.15922813425255458,0.4175006153949679,0.21379928946688714,0.2911120628486131,0.09080368836643898,0.16683835404514324,0.020588945469836473,0.3734968289582681,0.24218758971886964,0.12093751922369274,0.34439696183744156,0.24658430632828146,0.2516892704894106,0.20096289795844266,0.04951005964944611,0.20734681412920092,0.2552698205274408,0.1698637327086185,0.09176184860421496,-0.04541875850025088,-0.04782214483544744,0.01225416316180055,-0.018834490145875966,-0.03884646887061349,-0.04262226029401575,-0.04256765437447864,0.002470918770010627,-0.02893322992487194,-0.08697544138120732,-0.031106386591615725,-0.08470184168712334,-0.13199736262203451,-0.08315071955891973,-0.08357277739864358,0.0346289980177202,0.020868399326955833,0.10297989392752148,-0.08143921136807737,-0.03005576361925007,-0.012387895879552765,0.06555270398728788,0.08162876270505028,-0.02953173692435814,0.029476640678952722,0.047329775712712366,0.0512369948235426,0.009968256114497634,0.007233082853945717,0.07668305753138746,0.07299884847245185,0.016326926141250832,-0.051705696405904694,-0.08290083375734258,0.1714197195769407,0.08262639141137601,0.07297341503217623,0.0797704213324915,0.04883145508553272,0.03740282369544007,-0.03353541683730344,-0.05436197364339641,0.056254963555956765,0.09277206299726574,0.06912781805709459,0.10541573242769214,0.06194023399959942
7Networks_LH_SomMot_15,0.4039882501044236,0.3550508371741213,0.18696795150274553,0.29902062095367815,0.4500857257002779,0.42852786894445005,0.6517006495097607,1.0,0.636942452314348,0.6313123338430289,0.35593534195884186,0.4135020595371026,0.5488323965436602,0.15717358271345078,0.19536608272078868,0.11365407867564759,0.3765117250340315,0.3082225466508961,0.49453954549416645,0.09331078856086868,0.18129806587094893,0.10415351508271503,0.38685586313751263,0.36971897701342,0.19426438573903987,0.4500535924731139,0.3423252011177188,0.3227206680325148,0.27401808048964016,0.3315218482653287,0.28226398808580455,0.17805837371413094,0.35476996955795675,0.41040423119819275,0.13764422951406144,0.24897145019314948,0.35858754756170874,0.43587177535788985,0.46282270388453045,0.4868523159501228,0.605336328354051,0.3089176991545378,0.4069125697077332,0.30956466213130046,0.33120643639148256,0.4576544887744666,0.26262750657172484,0.3653576202145202,0.1397198049223733,0.2374282860620232,0.12424815792510883,0.46733944220814927,0.34622979342640225,0.16097420374095914,0.3985989675421853,0.33586761284948935,0.21627303656514232,0.2603050556109296,0.09014397711231782,0.22171702127352036,0.3100349070671302,0.15568714976222797,-0.02383721757337982,-0.08612437660298686,-0.07675489676467899,0.013768341144021045,-0.018491594953554753,0.010706869561602264,-0.04776110956299208,-0.03256979704782921,0.027216708310204674,0.07663310171880798,0.0433484079325494,0.033424623595125,0.025018336712882706,-0.03190996525311626,0.06905534811047216,0.060088306019015256,0.09687065029679948,0.07036140900746833,0.13161707411610782,0.018205874019963694,0.054757426680917376,0.06411282472817875,0.1415736703633241,0.15214606321855406,0.05407255563601685,0.07662831055416018,0.10791743275074707,0.05031859667528069,0.06311405869919381,0.00219568021993848,0.12790734904258907,0.12911277763608864,0.04585797005865749,-0.02199756394408663,-0.054500195233743755,0.17091368423875009,0.14505989984134787,0.0677191733453025,0.10418579944791138,0.05137482733588803,0.032885419711130466,-0.007913055487202022,-0.032330427908485525,0.07365310558940502,0.11688124544613128,0.0917050294144325,0.12695103344819506,0.05067664817679343
7Networks_LH_SomMot_16,0.40335283174653397,0.44566910001318355,0.28156667552849324,0.29363878880505606,0.5522951125871904,0.4025213679708409,0.5938197981621809,0.636942452314348,1.0,0.5082113915996429,0.2733146135675476,0.5872718297337842,0.5854790652077126,0.1310900868449605,0.18808436580042465,0.09635444709540521,0.33840316701576406,0.30597206807667204,0.5720938541735001,0.07312195943551024,0.13709127068298296,0.06317394914659331,0.5294834211624709,0.3558475111937682,0.1515196832930304,0.4821972347710647,0.3704933125305464,0.314866318052417,0.31392360813458214,0.36740862563646637,0.2115395521578529,0.12753951716504958,0.3597081136322423,0.3947999101264899,0.19331905351681358,0.3019259432048715,0.2668002884139765,0.3076291480743216,0.4220394456864169,0.3406673108980835,0.40977723182801074,0.24230066513073148,0.34473910677813574,0.4036941468547222,0.2453127172393454,0.4157749447929904,0.25105230199746814,0.39041165859410715,0.08934967747864138,0.17892798371509983,0.13540852284072782,0.36627496102955787,0.4388930175731314,0.07746928839501023,0.4047975087505191,0.306848061078191,0.20172818412369117,0.26393984548631183,0.11818162657994166,0.245989201256484,0.32796048312423043,0.20658519462818173,0.027340250465112383,-0.037308016434163996,-0.01493243174080422,0.04870744641671279,-0.019346956495643535,-0.0006860273160916003,0.01745639615649169,-0.006817404840416774,0.041648910345260005,0.09279548023959225,0.04289947208779606,-0.0029919595270449973,-0.000724705229607675,-0.03198106336463155,0.032727332508240385,0.051564469733280854,0.0834919680290811,0.06971589594161698,0.09959402073788985,0.039318907463404516,0.04831630750090605,0.0620994802032242,0.08432239540033562,0.07742244578047092,0.03600238663983372,0.03888740030347734,0.060098575114971485,0.001101898427813802,0.02778415196486614,-0.026045803871345214,0.04751780665646044,0.06298882079497309,0.03339778258136682,-0.038188039357993135,-0.020810036648039713,0.10283557465393424,0.11511314946017212,0.08727808982597562,0.041980150249301545,0.029016111315335658,0.03670535120444038,-0.03741478663265925,-0.03648295749929465,-0.009807329512315052,0.03596325092487224,0.052554068434233464,0.04652230302646505,0.003630527954681692
7Networks_LH_SomMot_17,0.24744807027428561,0.39496622092476674,0.25067233124028715,0.3968584849918238,0.49534930324962934,0.5523213317777025,0.6094422187592983,0.6313123338430289,0.5082113915996429,1.0,0.21501817478552404,0.4813235636893001,0.5686315773461231,0.13968895819192842,0.19227215241217044,0.2511725133063376,0.3971064856993575,0.484830204590187,0.43112422634905145,0.008244294257982388,0.06949530262886965,0.04902186032171525,0.19728291232277742,0.19639595712781172,0.2551595866941424,0.40966020615338933,0.2778678626016709,0.20028435562769278,0.2137336692694064,0.20718933213693266,0.3893942546738746,0.2146865344487338,0.21048281314839615,0.3138249454855572,0.06520479996213195,0.23187892845608646,0.6104408470036896,0.724786993445492,0.42052174004728055,0.7493081747448815,0.7368786824431047,0.25379789371441214,0.6438317798852582,0.33237090420286597,0.23894420438093508,0.28444684441697693,0.27997996555378746,0.29462672411829505,0.29878780422944534,0.2642085570626036,0.153271956895328,0.382642673246433,0.028348831706667667,0.2297366055704908,0.33651558335167564,0.2800710731922079,0.31988464755696205,0.04889575207263664,0.18360258780142258,0.2497598639180545,0.20886039922648883,0.24945762951004055,-0.05832592951022947,-0.07268184768364834,-0.08423445288679113,-0.04137338142024739,-0.03920552626880663,-0.048340118937844664,-0.09428298224056794,-0.08197551225728451,0.018780637610149004,0.026068799345305538,-0.016246255745758012,0.0293276601118345,-0.043105732233010605,-0.08623422980332286,0.0005634304026664302,-0.007691518162017894,0.09932176982606307,0.10902953941556869,0.18287126536514264,0.040265601816875725,0.09950070380318973,0.12718536616011297,0.14504330341704497,0.19398642138049613,-0.03256548730507194,0.03428928239176855,0.046764056344599396,0.034966098393849065,0.04566644193496758,0.040140837524659134,0.089885802537077,0.07401230048429956,0.08562043098694759,0.017288470752837272,-0.045501773799827845,0.10739414724214368,0.07428185258493003,0.03395422940022066,0.10040905549803537,0.023126734706412893,0.10865275323960265,-0.029592382057140564,-0.033571480042625876,0.05713613669398186,0.06894904519714005,0.06249282075579047,0.13420867537327247,0.08152653872870956
7Networks_LH_SomMot_18,0.2839037199237372,0.26840241576828866,0.14802464152268469,0.0981380822430843,0.2692036937439209,0.10091931466074257,0.3167590149447098,0.35593534195884186,0.2733146135675476,0.21501817478552404,1.0,0.2324908755243794,0.19874902249738605,0.1173307304177999,0.3325205239280779,0.1069679327100897,0.49602290938430305,0.25799811872936645,0.32396176819617306,0.1467089263361399,0.3086222940464688,0.2189010924088101,0.2112806875732698,0.2509093865610734,0.09529403105235207,0.4562354618526267,0.2591555210987931,0.3589116247698771,0.28382162740603073,0.25911177949499503,0.145213315922131,0.11896341924127563,0.32620471182420885,0.3348384356517577,0.19987032604780594,0.222931071323707,0.1632467288074046,0.11233666015159807,0.23191706659845843,0.1287333969030745,0.26729107193083573,0.2987201962782659,0.10940300345893783,0.2225052333978577,0.16614042984959512,0.57374492132459,0.1801137068605882,0.22501914331222542,0.11098769361408896,0.26524700485693714,0.004915677497706086,0.4836652446121233,0.29554771403472463,0.09139606318290613,0.37509447908680915,0.22640069470178112,0.22930816747909802,0.2548457276792266,0.10723548033572973,0.12852072467310963,0.319536591857512,0.14323278821288604,0.031223734459958463,0.036256341883323884,0.02744983851292418,0.009090398971793567,0.04371121428385914,0.06495582978217179,0.0006122562852440076,0.021290400578740463,0.12456411328291572,0.14625417869086213,0.1085631801114645,0.11810968863315097,0.10223119864935003,0.08617397274738854,0.11235650073587287,0.09498671225726447,0.16226370003431395,0.13624286332058638,0.1875434757193492,0.07822852816320439,0.11362427521849659,0.13543177102608334,0.2245275319953431,0.19995400154768458,0.14246794655431966,0.16047316049944368,0.1592490135671562,0.08325457395813471,0.1443625870174314,0.12187028907790691,0.19745330784946818,0.1476473197913864,0.0625790864933478,0.019227466934617687,0.061284255211525696,0.12135748567992431,0.04073268190466058,0.030616570389075188,0.023593637162843687,0.021834308045554276,0.05420861376529087,0.09976336830633216,0.02513886454337296,0.0946656010265794,0.168924425076413,0.14401126719359844,0.11203995327231026,0.09820581619734771
7Networks_LH_SomMot_19,0.19766426003433585,0.32436424222047655,0.16815927807716158,0.12572290996937388,0.3525358688967117,0.23189304450909384,0.44862326271985553,0.4135020595371026,0.5872718297337842,0.4813235636893001,0.2324908755243794,1.0,0.4107489761153937,0.1885615531430392,0.26556006934456444,0.2067324414871129,0.32203568512056663,0.48724169008035717,0.4635264852759747,0.19842096032436246,0.16628234084343133,0.11337073245944278,0.5616143467371615,0.12940179783302924,0.18058288647283513,0.39749877376747744,0.36550640076864205,0.2084146619212393,0.2188261554153046,0.05457640994763898,0.10654127208039416,0.1572316977384581,0.12450906460888729,0.12921894164333894,0.021215467943692768,0.129709172294748,0.24429615502093516,0.2514847216198909,0.2181793926529626,0.2667868804878321,0.307745926854853,0.32451645104570936,0.25261378632861936,0.4504943155680141,0.26534770963598575,0.3195886279599574,0.2680480055150626,0.24950581609511832,0.22971995264576223,0.31073679211649813,0.18428503831192408,0.26987482287100933,0.3268089088194442,0.18330339252599157,0.2580270058029234,0.32901813345792413,0.28237747481018655,0.15899822743833472,0.12945301991201383,0.1043769585698006,0.1794765993012514,0.1666506904670584,0.05181070395540648,-0.007301734871269866,0.005959531135935434,-0.006254045975954245,-0.008046499878497983,0.03291822365580609,-6.254933574855437e-05,0.04418398076590838,0.0739067102106317,0.10713313005972451,0.08775509267983087,-0.0015382765482136506,0.028921313638020224,0.01819813887262072,0.06012046995883899,0.08183256028010298,0.030524778380459826,-0.0023428797888791738,0.06084246129327371,0.06779136144251469,0.0813735212663511,0.0680997201556987,0.07143472803692966,0.07148738229827709,0.04394708573600767,0.05313314090116507,0.07512251203919335,0.04091470702160829,0.0840691141977359,0.07677975448363732,0.13069520356788997,0.11597750621949186,0.09947819072632602,0.05914819016111192,0.05959472677879018,0.1714452180676743,0.13540306737086785,0.12507064087636335,0.1571318287160592,0.08738546053598847,0.029041958393205267,-0.009843124463167381,-0.0009285489561776005,0.005836189589335902,0.07301853123699349,0.09526292518923889,0.03904135476663911,-0.006471565148280771
7Networks_LH_SomMot_20,0.3816349605343609,0.6046722510369454,0.3213813292732078,0.4854811826958791,0.605757143961579,0.701967303850508,0.5194217616502816,0.5488323965436602,0.5854790652077126,0.5686315773461231,0.19874902249738605,0.4107489761153937,1.0,0.18429701226744283,0.15482514610062598,0.14836628541527092,0.3416836928529119,0.2368865961413068,0.7565053446481251,0.06488385588668717,0.23069101417131588,0.12918284047317014,0.3148770531597342,0.564433476912494,0.2126773961540422,0.5475252036342098,0.3230252896975732,0.3960824162183507,0.3148345239377978,0.5296562887514676,0.3362045250845604,0.25589017580774354,0.460251655634226,0.5143547227235876,0.24300488969277909,0.44095926931027285,0.3878771836356374,0.48477487159886745,0.4262265910236478,0.48785010598434236,0.5024966196303086,0.2141813603283144,0.5812412699888545,0.3676056371211458,0.367154506292608,0.3099193896847528,0.37455472533748596,0.5708323100607561,0.17634400792100421,0.26636172557276655,0.33021568924513334,0.38636070992279753,0.2497241403032471,0.2120020919692199,0.46961937975611867,0.5200003724375791,0.304588333675575,0.27397957513188204,0.29214366819533805,0.5286668612429785,0.4452985213319039,0.3952108521788781,0.03235398731245827,-0.02008764075447679,-0.038741538022148345,0.07298240017817079,-0.0189459418636743,-0.012851760214318332,-0.0424540225551058,-0.07035443262664766,0.0013769785729365364,0.0006732503845368429,-0.026106817929779622,0.0006554960372934763,-0.05376782521688364,-0.10041230658453829,-0.04196970631787334,-0.05006535473747267,0.09340069408759713,0.12847216451227528,0.12967797937331504,0.015044411491892848,0.05767296607383855,0.06845963598273658,0.12988059536364374,0.11304595417412207,0.024972544909704367,0.08385063613960647,0.08513839342710364,0.07661312269886231,0.09919310568832641,0.0580861823469823,0.13370188290468096,0.101686035588178,0.004192181618077042,-0.03495324920287677,-0.061968375787991886,0.06967742547802187,0.10066341410139934,0.07453811729244635,0.08768490270671735,0.05706452039884146,-0.010165206340474487,0.021578340732464472,-0.014250187620285577,0.023800444061491368,0.09995017771804818,0.10062218880939693,0.05661553117684602,0.11771523330424699
7Networks_LH_SomMot_21,0.0975128311699987,0.08263006186783362,0.08141747494958287,-0.018017577843945556,0.0052823904369661695,0.07012770750056506,0.022595184794522827,0.15717358271345078,0.1310900868449605,0.13968895819192842,0.1173307304177999,0.1885615531430392,0.18429701226744283,1.0,0.4106483510491434,0.1813951626958987,0.15184196822285662,0.13265532102341773,0.27826372140969374,0.5860048361221107,0.560620427234362,0.6082917320273852,0.11103734962024692,0.10927978756191,0.3228470953204873,0.1701161396383689,0.23286244918892746,0.4222479655216728,0.36824010386870853,0.06286551649339912,0.07398075284639677,0.147856883575815,0.06928449591993471,0.06362815331370485,0.04989564129990669,0.11956545721333826,0.02437300493757444,0.032590688601289726,0.025172845125102056,0.08876816762881817,0.06361734527442858,0.1982445035257204,0.0935754356433689,0.15256341760761957,0.3147864274953075,0.10378988901823447,0.22792529589506627,0.15790160967790015,0.3210376524664807,0.2813156110093597,0.27080255204006043,0.22004009853924822,0.029896284147344722,0.17402900571704544,0.04731485205841234,0.14858909710462803,0.17910231024595716,0.06705282593917872,0.2333448065581529,0.04059727607878748,0.1438540515685741,0.17964891310774003,0.029954091501706775,0.025677904221226823,0.02186245531400003,-0.02151771102108127,-0.008872944654219233,0.016408775663135592,-0.028509442515403917,0.008780159026581897,0.05944301323660992,0.11836187311399785,0.11846057284800299,0.03153614300087947,0.03645880742185113,0.053769640678011446,0.1264130943592462,0.1130605945153544,0.1856103587290822,0.20602329242752626,0.1097090620155764,0.09272965132953939,0.13020055780689357,0.05367237428031356,0.11533039730771026,0.074055805762488,0.014193578250086051,0.0928641288492643,0.07344261682357893,-0.021551553859777136,0.10787360417828716,0.12098160477135803,0.09623187521891005,0.09156271571304625,0.06010560315871726,0.08018815681252403,0.06555319746770508,0.015724138576756048,0.09637114311424579,0.0841689624060541,0.147273389694656,0.07341627949406783,-0.0319306655143019,0.05580377761732013,-0.004893024369604609,0.10896860009457901,0.11144543407036311,0.11908057782337707,0.02615010054719378,0.014423030766539079
7Networks_LH_SomMot_22,0.16413263611065504,0.1865530350963135,0.14542026327576826,0.025350296715795036,0.2034509010299486,0.03056185519790718,0.1642945619241703,0.19536608272078868,0.18808436580042465,0.19227215241217044,0.3325205239280779,0.26556006934456444,0.15482514610062598,0.4106483510491434,1.0,0.26492281260658596,0.4488943199400668,0.28833579681727134,0.23086989466702046,0.31869188699759765,0.3398446993912212,0.3433650473048109,0.17425880499666654,0.06471981763560733,0.19895854817253353,0.3292750211222458,0.17209864974233935,0.41893934212903006,0.3261012119727168,0.11339998645968213,0.18679156180046438,0.1743435477966443,0.21580441756174734,0.24653970508220763,0.18898154954091584,0.27209703496242227,0.1814519487967206,0.1481681736388667,0.2129011562897596,0.1666146632551786,0.21041352475481526,0.2613990750035303,0.165617594909236,0.38237553532153357,0.24573690881327864,0.4069810172143769,0.3658590728343938,0.2437372415341915,0.4198567887410996,0.3501844343901253,0.18636100641379813,0.42579327664007044,0.20951749443869155,0.15973496298467108,0.34247060519622524,0.1973748242621567,0.2874763287162998,0.19888331347803984,0.1500368825403912,0.07041701115847034,0.2686080037711763,0.22039756122934528,0.1436561959324754,0.1286551192960459,0.13375853657398096,0.006133790471743149,0.06533538765365215,0.08321326097619877,0.0563651522272334,0.0638227993622561,0.11869515122774753,0.11647980082929614,0.10086401636401959,0.08156383471618336,0.01330810049381668,0.0005223828105486343,0.09632457421880813,0.05670291828379844,0.15262398144498446,0.12792537550296915,0.12767253673552037,0.06427977097153321,0.10582694014077912,0.09781812516382571,0.16128738066732937,0.11647682017974445,0.04578868984166047,0.051286201369048254,0.12330434560053392,0.004066954225041298,0.05566727844431384,0.09237403985279712,0.09514518921593472,0.0856802287453444,0.017377642601381218,0.02763539221813153,0.08733807781655671,-0.0025177868032802485,-0.03607570906255024,0.007714251791546536,0.0042785479078338105,0.015166945336989245,-0.015679176540538717,0.09329228632292323,0.00845894588970506,0.0893388842058399,0.1783330888210373,0.15048168409513246,-0.0025001342329695115,0.01875869457233704
7Networks_LH_SomMot_23,-0.009802620067084346,0.06915959431219973,0.01621652225696316,0.0964437573770441,0.07800294007609798,0.12567359776293743,0.10583082512132036,0.11365407867564759,0.09635444709540521,0.2511725133063376,0.1069679327100897,0.2067324414871129,0.14836628541527092,0.1813951626958987,0.26492281260658596,1.0,0.3078715616976305,0.16258434018543058,0.1995463361470344,0.11182900283146377,0.09567722114498739,0.16556442174628994,0.11178495377043521,-0.05758069998184679,0.3129595432677712,0.1675082913921002,-0.03016666018492568,0.15877641592281075,0.1092714304660566,0.023580923655747196,0.12012385413593007,0.06753559621752328,0.02017165122574202,0.07189582998693303,-0.06184942595628641,0.10777557477072268,0.23591860530321837,0.19427098022209877,-0.02441868542785244,0.21609956002299094,0.21697842762614525,0.26978958483253096,0.18983786791797302,0.15674784708765852,0.1932919985100357,0.11862111125380562,0.22976773018998173,0.10945757512958194,0.3950373214807367,0.2095033098467188,0.2945459377660112,0.3008498897727834,0.013670443067793601,0.41531349395831507,0.08124919807823927,0.15249399239410438,0.18516952574925866,0.020986308483419425,0.20880903717539886,0.18319855158556084,0.07378120216492487,0.278146181166133,0.10719747193560075,0.0665401964420003,0.05708238835345252,0.045413270729139324,0.03680436036795266,0.09643119540407623,0.03176801221142681,0.07050377412119131,0.054985687555170776,0.07117190737537873,0.06552977258189283,0.0046701712923261805,0.005618525144754274,0.007315591386657946,0.03378350684908141,0.03651944452507659,0.1458994034567003,0.08775314122279679,0.06379688746818601,0.11289596091812128,0.07984474704096063,0.019995909473516975,0.1170389776349637,0.0767713596418366,0.041512520408504956,0.07337568881509705,0.03567606528976413,-0.020096231407023477,0.022577076186811904,0.016336384577689538,0.040783567554675826,0.036839528249373504,0.029661331680714238,0.024665624577512844,0.023231430764705057,0.0963836285996841,0.004911073165856781,0.06607640211619405,0.09274507362923182,0.09150238656545005,0.08374254873573035,0.03927240536570916,0.026420324622027327,0.09601302828177356,0.08697400910528026,0.11644491042212704,0.11349222140926582,0.08404587659327836
7Networks_LH_SomMot_24,0.2474917196338045,0.3894405652754622,0.19572095716760649,0.20343897322959267,0.4084222981254251,0.2658749223182767,0.3991323047344167,0.3765117250340315,0.33840316701576406,0.3971064856993575,0.49602290938430305,0.32203568512056663,0.3416836928529119,0.15184196822285662,0.4488943199400668,0.3078715616976305,1.0,0.4164282528148089,0.3622671974478041,0.14256493861944441,0.2212142242844169,0.22529453362031165,0.2455184618851782,0.2484425702640668,0.19304979794293403,0.5643573139890904,0.27630333736679263,0.42167086173420554,0.36085148261365774,0.2874133188885966,0.22663932366466852,0.1825109631743755,0.26953760586673425,0.3695113457149033,0.21909162646397806,0.2711718522035268,0.36797063501994015,0.3221753185743883,0.29261719755902676,0.29871804291916126,0.3642382649935451,0.301248671142449,0.3143834168354699,0.37833140579166963,0.12875092928611706,0.5710834414020167,0.2879626276874499,0.25320903678672724,0.29400772756377896,0.3168131017865679,0.03016958981601223,0.5976227322398903,0.23504307276597278,0.1308562604066966,0.47127233411256125,0.2563268377205777,0.3170928944052063,0.26201219987142604,0.07834943386813449,0.19413699487709968,0.38253162097815363,0.223593020994462,0.007639314901290611,-0.02329288741597309,-0.01445241517591152,-0.0016557873985611924,0.03314280263695003,0.04291993165956584,-0.06167088307184524,-0.00837431904734931,0.02583820355204361,0.04037474079518224,-0.013448149452188451,0.045360145553413785,-0.029460090398469946,-0.08027501146394718,-0.028198238254738602,-0.037232892138131905,0.10461833485211669,0.10667591736809401,0.14218929783040415,0.095566599061161,0.11308686271231762,0.13687624982966415,0.1704152578538867,0.20126918046928172,0.04597025235887519,0.10370674972230325,0.09820821751790434,0.007298873937320131,0.12044829965921383,0.1091432179378878,0.16317248116603528,0.14208270812114598,0.054279872751275576,-0.017039846202379156,-0.01626668529954947,0.14412719683361502,-0.016576010295508144,0.007948303190657454,0.061686938004657486,0.015278952554061434,0.14601492055677148,0.140392410565115,0.0401558994447993,0.09561793235112545,0.14893848037279,0.10714811033962261,0.13833122720936805,0.11164624338242626
7Networks_LH_SomMot_25,0.13619411381124819,0.29523777927788447,0.15248653345506918,0.13598407495977885,0.29399998300826835,0.18326628640620327,0.31898132070576873,0.3082225466508961,0.30597206807667204,0.484830204590187,0.25799811872936645,0.48724169008035717,0.2368865961413068,0.13265532102341773,0.28833579681727134,0.16258434018543058,0.4164282528148089,1.0,0.2424596340749321,0.09033231478959557,0.060370642823269684,0.08034960837201034,0.23447383791369944,0.14877097705952713,0.07336027696353695,0.373519813853038,0.3772564224346915,0.14883440822048102,0.1752652213708637,0.06809450089634832,0.1810175278968356,0.06008316935128209,0.09746749871114757,0.12203231777356906,0.0007830701535769489,0.07970130774938704,0.3614717436595748,0.2877497612271057,0.17868233489493432,0.26334554151105705,0.2885004871204083,0.22860391306143382,0.22519589026193426,0.2645889652163529,-0.02825501165470305,0.3043925392771564,0.0013738423494292437,0.005734328638389673,0.22666335373391192,0.1541727510759005,-0.01985276403378063,0.30155553258787704,-0.007474237685152744,0.1441654813801737,0.24371203372362302,0.011917103148687462,0.10506588520147453,0.08105701436204754,-0.012628416675825647,0.07769344613286798,0.1117710308540313,0.08284379046842813,-0.07287315013172849,-0.09483627786617543,-0.06190468885583032,-0.13687140697326983,-0.12747413346224776,-0.12379565898550994,-0.1414753489543692,-0.11421545680426196,-0.008323754591034228,0.028190348267183973,0.0409263574024594,0.001868195782500791,-0.028889574950248544,-0.050445247702110146,-0.0035120806720248077,-0.007445860537359068,-0.019720452086787882,0.05089514079327785,0.06890437136446281,0.06220937788846965,0.12903762600944982,0.09717624272598768,0.06090165402580372,0.12665029444336232,-0.03404870908674892,0.0696372727502275,0.0569552311753274,0.044978287811531854,0.10517323638108313,0.12876767073021905,0.13290738034547905,0.10726809854567534,0.0469900130652277,0.038410676380209764,0.023436472401773493,0.08497615046444297,0.07432895109289718,0.07234596398359036,0.044086048233804014,0.008946495496740014,0.10727376977203797,-0.040623779328932824,-0.0052506906199513755,0.052984844802832304,0.00424891395860584,0.032669596076989146,0.0806742654299226,0.012070652520450588
7Networks_LH_SomMot_26,0.3945964431475403,0.5873913677287418,0.26322920118830123,0.2815663527547558,0.4865560479313505,0.5002216555824388,0.4598176772741938,0.49453954549416645,0.5720938541735001,0.43112422634905145,0.32396176819617306,0.4635264852759747,0.7565053446481251,0.27826372140969374,0.23086989466702046,0.1995463361470344,0.3622671974478041,0.2424596340749321,1.0,0.1968079724380239,0.49873312698730776,0.3826152855102518,0.46844268051725324,0.6339599730395875,0.2512426389277156,0.5725729252433186,0.33374101401086403,0.5797170219419651,0.4427317082270191,0.5068731937994394,0.21508502259682308,0.2196627676472715,0.4474728003763976,0.47419734959523424,0.20154449618728695,0.38425601947411236,0.2504799770755768,0.3147210694999982,0.29765061308694873,0.3251477695161378,0.3878383900493186,0.30801464101077614,0.36983357358457775,0.3217272914030075,0.3690109680459456,0.36916943256677176,0.3542981808256878,0.5731965928857014,0.2692773740106569,0.24480735821466887,0.45020878657059543,0.45376541688218636,0.3342537880132163,0.2949140554344529,0.4413184377085824,0.551472112149898,0.3058550158366572,0.2668732299997453,0.30396177836781096,0.4802686207595474,0.40366343154695816,0.420286171707233,0.052411388480605774,0.01985300181402605,0.004898893028428076,0.06350730346786732,0.01019465086401445,0.015004106338981084,-0.02837421537449219,-0.05043395981070117,0.03868412328920089,0.025964230437598802,0.008505453756826297,-0.00967886290002455,-0.054468088687099736,-0.08422460692455805,-0.012676054196058219,-0.032622694295188284,0.11227173045874786,0.16183337208598952,0.16143601757573195,0.051706271483070845,0.11996616300328287,0.09773966505251784,0.17239173951317155,0.18074005415155459,0.09342623623601001,0.10287777779412909,0.12234045597794968,0.03699609231770477,0.08173159686447096,0.08049908103055557,0.1770195445719057,0.13940120350684282,0.007563887747661098,-0.058153710566226265,-0.0494923133948838,0.10966293531363581,0.08516273882021964,0.09148584779412952,0.07598922239666304,0.02485698448730159,-0.007282792010853451,0.03740279895663104,-0.014068721640057666,0.049177168049036754,0.10807347292462188,0.10622300616347147,0.06624207879620563,0.11839310444114391
7Networks_LH_SomMot_27,0.043906157778593476,0.10939600725749803,0.010366264365764502,-0.1086455938695071,-0.016650414301509167,-0.05860409523443056,-0.006339389784357589,0.09331078856086868,0.07312195943551024,0.008244294257982388,0.1467089263361399,0.19842096032436246,0.06488385588668717,0.5860048361221107,0.31869188699759765,0.11182900283146377,0.14256493861944441,0.09033231478959557,0.1968079724380239,1.0,0.5516056206214829,0.6364629453773079,0.1985818049052483,0.13960299427139775,0.4103887561064611,0.27552678300429384,0.24685990051784487,0.44585211514186013,0.5156549012353385,0.010262907541746523,-0.002171991202166936,0.1286055028433126,0.10204212199441945,0.05156412818824069,0.07907268108876428,0.08452971905932878,-0.022897932244411116,-0.07535788387277274,0.041813174594639485,-0.09486336070831468,-0.07775755026185946,0.158691883847706,-0.03200936625705759,0.11703182181822654,0.3481345643506123,0.1819489231590109,0.2240492968439248,0.1378102862005625,0.26713035775506905,0.4332813657194828,0.1754220073707217,0.2356343849963695,0.1258769840093994,0.2884514284967701,-0.0016934572475230303,0.2877316311094354,0.3454836096872059,0.1991119457420186,0.2975728938177925,0.09854470338260661,0.253939028869298,0.22367649450547983,0.006013440315966424,-0.005862396971254873,0.003380808046928588,0.048777620554900196,0.053957204069682144,0.10740657463339588,0.02911601980835647,0.04797250147470269,0.07564480847537314,0.11614686881820087,0.10388699372488835,0.04172197683905081,0.08776186592111097,0.08438048823842936,0.1206241353351416,0.11503569570154476,0.12365071734836902,0.15703140694801035,0.07176420501272236,0.10686112332453729,0.09846215070615812,0.05735959680428868,0.11264597373804264,0.06362216755989362,0.10924883200402064,0.1329667169610931,0.15846933356300374,0.08659503404999717,0.1536174906523653,0.20380431579923433,0.20424160706035766,0.18549235421783486,0.06842570757802731,0.041552011903068994,0.07862461835089361,0.1349995987561271,0.12035359461735433,0.13963635578609823,0.19235514102459686,0.10482391149274942,-0.046077514745956824,0.05441506296222531,-0.036224166416568886,0.149980334585008,0.13663514664519857,0.09375296697795614,0.0053867592812687675,-0.012961521044230649
7Networks_LH_SomMot_28,0.2372077866480992,0.24674287869983832,0.1467236773599341,0.003037319022335767,0.047952989992929844,0.03430334102293167,0.09895908886716663,0.18129806587094893,0.13709127068298296,0.06949530262886965,0.3086222940464688,0.16628234084343133,0.23069101417131588,0.560620427234362,0.3398446993912212,0.09567722114498739,0.2212142242844169,0.060370642823269684,0.49873312698730776,0.5516056206214829,1.0,0.7786612265324454,0.13214742270017943,0.3257581971985982,0.359659520449695,0.33280019599708727,0.1710452181949435,0.6405268780801898,0.505607390694103,0.1749455919930423,0.045446538934817045,0.18545631207918842,0.26798863853951077,0.24001936286428274,0.1473241602295158,0.2522405146867151,0.04347896931287557,0.03352625207838766,0.09259276285883107,0.023259229170197737,0.052760517938328214,0.164000965896243,0.030311176152533197,0.12744225304676016,0.35509216680698685,0.22186328357174248,0.3035864188998171,0.31097789314116037,0.2549415978135484,0.28458492250780404,0.3091960534240247,0.34070672532539426,0.10193120229481807,0.259734092501878,0.12176276720021603,0.428505620449339,0.3508571254149107,0.14653245342649315,0.18759790509138,0.16501409739046258,0.22507108620021657,0.25875169685274035,-0.028156957452028272,-0.004658829764486284,-0.0013220281354986271,0.009050909212586878,0.01773899447057294,0.04757429808848382,-0.049104931965500836,-0.025418131828175292,0.06982404139840982,0.10125355396974672,0.11413662747098295,-0.03964888031113973,0.012453255291752886,0.04042204192809585,0.07711149933669893,0.08011903641856832,0.14665806235948184,0.19218935476821022,0.1479594747404366,0.10704811448773419,0.16785348279579326,0.1345578630724321,0.1730532455919562,0.18758772811796667,0.10844839604953031,0.13668878516384927,0.158885445879797,0.010288019212229564,0.09981600659926848,0.1370911346215016,0.2092890937336389,0.18534398105412098,0.10579194231291653,0.028332391582840757,0.06841130908610564,0.1627843984779821,0.07124477920477437,0.10759487302182548,0.18914602937750544,0.09302776071727595,0.004364869329202383,0.061064954086653724,-0.028041289887734765,0.09982294144478664,0.08552768513724515,0.05656817414863282,0.021862747693832306,0.0481121725358292
7Networks_LH_SomMot_29,0.12960132199701072,0.15710429985317667,0.08437139066270159,-0.05871365137753275,-0.00942824273634099,-0.02148487107206595,0.029349559718838243,0.10415351508271503,0.06317394914659331,0.04902186032171525,0.2189010924088101,0.11337073245944278,0.12918284047317014,0.6082917320273852,0.3433650473048109,0.16556442174628994,0.22529453362031165,0.08034960837201034,0.3826152855102518,0.6364629453773079,0.7786612265324454,1.0,0.060481958204869644,0.2536343540970343,0.41446854099627173,0.2776527177793152,0.1595731332818221,0.6000761393707993,0.5773190232215212,0.14050533001622903,0.06112307663252609,0.16101001816889848,0.22417609346863432,0.18497674737533976,0.12098514080564252,0.18862584480224504,0.028640887999163853,0.0015255057209210678,0.04013599676316909,0.010085402506116371,0.006019147037460559,0.2112657638601781,-0.0033977216155135024,0.10802337448603369,0.3072394289446774,0.15786109426747336,0.25281800898055784,0.2560299538754971,0.36207371779081304,0.327642644819116,0.31623725159806587,0.3274139450155769,0.020286097701961717,0.3092795267520096,0.07879210860964488,0.3238435145098836,0.3592579851203817,0.09860194303211875,0.30575079266415406,0.14418402355925264,0.20778545015530928,0.2936564385047788,-0.03185351162102049,-0.00904867894015936,-0.011183813094226261,0.0014859121813230651,0.018636681092984633,0.057344876414083285,-0.041629115251117635,-0.017255467292996755,0.058016340162936844,0.09521351469404248,0.10667559979534415,-0.012997427633246853,0.010539446769911517,0.03483465290796557,0.08437790922504715,0.0780128326304504,0.15847525357199801,0.21652081832505385,0.14321678225024656,0.1483444665924707,0.17019591955644037,0.14255980168054877,0.16753546208584785,0.17910090240275323,0.10414018993712908,0.0878020288284451,0.1161767278164858,0.024765530593457034,0.07974745481328627,0.13532591146033499,0.17698121968751462,0.12054155033603815,0.05946315694052964,0.019893245202241155,0.03996891077968716,0.07305672084089042,0.0337017143816466,0.07517934299339528,0.14286106221218245,0.05774170845624224,-0.011787161223994806,0.028331056547016665,-0.05666679201239217,0.16165633852146286,0.09700360193396534,0.07947461281757359,0.060223328873985134,0.03703102543044517
7Networks_LH_SomMot_30,0.11365196428795475,0.20272978490932744,0.006223821066468977,-0.08743154792226224,0.19538654959260007,0.11365737423868247,0.2995755625169631,0.38685586313751263,0.5294834211624709,0.19728291232277742,0.2112806875732698,0.5616143467371615,0.3148770531597342,0.11103734962024692,0.17425880499666654,0.11178495377043521,0.2455184618851782,0.23447383791369944,0.46844268051725324,0.1985818049052483,0.13214742270017943,0.060481958204869644,1.0,0.24471575953535923,0.08909532289532965,0.37065651256711435,0.48471267641860827,0.29942807906278124,0.2575708062117922,0.19340027802002363,-0.0802118928157177,0.0401039732337614,0.06469326603941544,0.03889923841892835,0.013135158461246962,0.006335459683719732,-0.04763341750891263,-0.009633289036275961,0.07299356990708415,-0.01608013568480138,0.12907630687169414,0.21958625109845192,0.021336289725062383,0.29962944663414803,0.26585199478007887,0.35624846285646045,0.22494701631994052,0.2229030277835911,0.16721828323207508,0.17029514728894904,0.2557602053729003,0.22857063088668575,0.6605852853396025,0.16300122538487677,0.30547303521273406,0.2937721550142313,0.1379050612795469,0.3907647743257652,0.0916027513367821,0.092627996759354,0.23856425076871027,0.1595893195614102,0.09194776030946317,0.02383551002635479,0.0281030109873079,0.01181413507827326,-0.019770341071408154,0.030057614089209247,0.06543696548707936,0.07022314671122505,0.07381964144775105,0.12003929167015888,0.08533222165732399,0.020670597014105133,0.0676054166870399,0.019726168908884272,0.05633555274366902,0.04777663530211503,0.04776393093306994,0.00402246442360745,0.03211073903865598,0.08335083937700838,0.05489998334857773,0.055631542384264175,0.07215649021604578,0.039056723380810336,0.09643422489540164,0.11881215759867302,0.09147919487434245,0.07849684385246287,0.14454659299889772,0.08839225018731281,0.12955228541766345,0.15577326263615138,0.07146371343994307,0.06095511053525166,0.07219150339725428,0.130050091077659,0.17386948040604822,0.14373809721681466,0.1282734758551747,0.0958153419270962,0.04037778358920528,0.023148248167056584,-0.006879110068197135,0.00182425667103699,0.05320329646152128,0.038407489828109084,0.013912321065132576,-0.0421483469080481
7Networks_LH_SomMot_31,0.31811885366249665,0.449325312909381,0.11235090197232485,0.22557704853824684,0.38229092986739616,0.3898027577219863,0.302100481081163,0.36971897701342,0.3558475111937682,0.19639595712781172,0.2509093865610734,0.12940179783302924,0.564433476912494,0.10927978756191,0.06471981763560733,-0.05758069998184679,0.2484425702640668,0.14877097705952713,0.6339599730395875,0.13960299427139775,0.3257581971985982,0.2536343540970343,0.24471575953535923,1.0,0.10138198824600354,0.5129043258643293,0.31338579784028964,0.5421370382533593,0.3855737160465511,0.6759476775434944,0.22170480625276084,0.11609607449195405,0.42343594041188437,0.4354650581651322,0.2004320830810261,0.2779083797463608,0.13554213993326278,0.19172487925960563,0.26197921571661276,0.19038287725549366,0.2819903631979372,0.1688379436391849,0.2943061891634388,0.09144256332800124,0.1661260028220534,0.33493502510928447,0.13125529853722345,0.45269943238632954,0.09603740593686842,0.14902554295946394,0.2586604128653859,0.3541425310385677,0.23509577427218278,0.1032505457979251,0.4143181793196397,0.41510586854170456,0.13689610048007408,0.28633884840253976,0.1921622193426121,0.5390050742536845,0.5031530696391828,0.31986622957966254,-0.03957120257593014,-0.04727327282944898,-0.05568870060544413,0.03506096970876624,-0.01765257624514159,-0.05920825519260999,-0.07846435992963488,-0.11006829652928599,-0.08316700983891948,-0.0998556600989218,-0.09888001848392654,-0.06142908414171874,-0.10353615257654417,-0.14740090763628322,-0.13394851530494695,-0.13380241058981407,-0.000591781587292048,0.08812674269238342,0.054710642429803884,-0.041646208416493746,0.07066181615871192,-0.012595374967881304,0.050927364460703096,0.07850135323202785,0.015429551576083179,0.016193325482542417,0.0346223294090571,0.03621319572855707,0.03242244264762419,0.04120429058794064,0.07398992042952106,0.05647873756731577,-0.0991875795982835,-0.15732841423577867,-0.1457431687074229,0.041009470150404424,0.016686401628234586,0.0037572203442774142,-0.059233803518177724,-0.04833802971520589,0.04040300219711239,0.003196937454672289,-0.03474993873529296,0.022426644807319002,0.03612140257802595,0.03182587620886251,0.03724566251934672,0.10271553013545755
7Networks_LH_SomMot_32,0.04794792182233226,0.12426475554767076,0.058756819034968905,0.09068622126083406,0.14455440813500275,0.1509265446718856,0.19307296509996882,0.19426438573903987,0.1515196832930304,0.2551595866941424,0.09529403105235207,0.18058288647283513,0.2126773961540422,0.3228470953204873,0.19895854817253353,0.3129595432677712,0.19304979794293403,0.07336027696353695,0.2512426389277156,0.4103887561064611,0.359659520449695,0.41446854099627173,0.08909532289532965,0.10138198824600354,1.0,0.39299582636984726,0.08017290713408094,0.4680383410203654,0.4973161729673226,0.22559467350549134,0.21150239853750896,0.19611448477029925,0.09989938918177678,0.16950245165583352,0.013890708108103774,0.20888068301948848,0.2293337864761656,0.26204548723815857,0.12301053384316854,0.25163657900637304,0.22318584655765838,0.23577813512975376,0.25098200908157275,0.1664059173309311,0.2970910743735783,0.14473632603466197,0.30619060865434855,0.23160890681146568,0.35752427743511933,0.404949237533593,0.28272413178942374,0.3989680577992436,0.020077048585427828,0.5998994501756337,0.07183780577845998,0.3962055021488063,0.4700619653512309,0.06629036817976937,0.4787902513904572,0.3850284677745507,0.25074182134602235,0.5788976100993032,0.01376341066693748,-0.004096148862933866,-0.018180447865693637,0.04197432728424105,0.06620338048456462,0.10575268969156901,0.026069018458602315,0.05998706935609962,0.036146498154380605,0.01355045822628133,-0.012752712236150076,-0.05751906222817155,-0.0460444766447575,-0.03233021893565374,-0.031488542207347155,0.0139149559313632,0.05250949909579339,0.05392298797500579,0.027323509793258274,0.07875714976976854,0.07034485844364448,0.06001401444673386,0.06335742351631542,0.0469462100919466,0.04576743254574174,0.11466592325391786,0.09586387984152173,0.08216506388279629,0.15575925468713386,0.13768775266714528,0.11824393856100142,0.11266491090406996,-0.00046096933965613605,-0.07803164063256597,-0.0687905001647604,0.06324843578997011,0.03413082538962389,0.07629579912826195,0.09618655452231456,0.05763901605167166,0.05007676180653151,0.01702336051850911,-0.04003527607314296,0.08911215428141649,0.07098209346162807,0.04979027643704549,0.08152498691394662,0.016387521532132594
7Networks_LH_SomMot_33,0.3293107917706521,0.5243400818862353,0.2743668424270181,0.24126566017472934,0.5284116567767329,0.3867742046518227,0.4626692621158531,0.4500535924731139,0.4821972347710647,0.40966020615338933,0.4562354618526267,0.39749877376747744,0.5475252036342098,0.1701161396383689,0.3292750211222458,0.1675082913921002,0.5643573139890904,0.373519813853038,0.5725729252433186,0.27552678300429384,0.33280019599708727,0.2776527177793152,0.37065651256711435,0.5129043258643293,0.39299582636984726,1.0,0.47672289025314335,0.570364601668126,0.5642373669343249,0.5603699741610093,0.30024428674258535,0.22407869516523599,0.38081748497825074,0.4742445650206052,0.2591389053388732,0.35333940065649067,0.3253203956380692,0.34582158064019114,0.35401280728684353,0.30375116507316274,0.40410140162286695,0.34239632529772407,0.3869835577977533,0.41621352386641125,0.24772193790384478,0.5784576921896284,0.30641170268464957,0.4312203473183077,0.21015598307123784,0.369049313450784,0.12163490675965057,0.5961693871743805,0.3582860066371859,0.3227263475208833,0.4991354399199892,0.46821935740213294,0.44391900702233783,0.42777912228100656,0.3439066344661538,0.5386703740613612,0.6079991798248571,0.441566141134539,0.036747810680705366,0.007318735386524602,0.0030619337711359834,0.09846211040684068,0.05196884414580193,0.07557858708327475,0.012798716966245348,0.02621163687334081,0.020882032139217542,0.05884719618282445,0.03914833955022724,0.03397328895361676,0.011856984723368857,-0.04479002605016268,-0.010734875502719546,-0.009733714554663748,0.06833125557688184,0.07890185715461247,0.08512970714312551,0.011830811676279838,0.05454134737887945,0.03626518308104725,0.12185581932609665,0.10001842339985113,0.07771674194159532,0.0861116945647026,0.05319142865621855,0.07922287298858234,0.12803053691220476,0.05059187325342591,0.12978177013542036,0.08483725877169514,0.03386578994898969,-0.04702416371013198,-0.029062315029837336,0.11226042908476273,0.04846624159067067,0.07097082125325102,0.04880438394611455,0.023545494346913626,0.09411511033668482,0.06511085601491828,0.00011771545921434844,0.10974052869506545,0.14209576025675236,0.13209809595337899,0.11891051042499318,0.09526488216830924
7Networks_LH_SomMot_34,0.14879996963807968,0.2684832535203883,0.14263792159865601,0.064840850718737,0.30927080961508907,0.24101957381762668,0.32719007959520274,0.3423252011177188,0.3704933125305464,0.2778678626016709,0.2591555210987931,0.36550640076864205,0.3230252896975732,0.23286244918892746,0.17209864974233935,-0.03016666018492568,0.27630333736679263,0.3772564224346915,0.33374101401086403,0.24685990051784487,0.1710452181949435,0.1595731332818221,0.48471267641860827,0.31338579784028964,0.08017290713408094,0.47672289025314335,1.0,0.3037155658324907,0.3344225919408766,0.31327249055410256,0.02504476384471067,0.06309215475536042,0.11448741190907558,0.12298502140823335,0.10739728776876319,0.07832156478317366,0.1838489334426775,0.16068526288767415,0.23823640077105296,0.1839016098601618,0.23353955633125953,0.14404756504484023,0.20743399678498373,0.31257892037385154,0.07967877396105451,0.3921373880939483,0.031483835137398115,0.18295302498171812,0.05264520277609192,0.13441433544289366,-0.02202621531560631,0.2561712683884688,0.32812498508433935,0.0377423628242242,0.3623340988605994,0.10360789384760291,0.16238967078268193,0.4258633775131764,0.052994396031597286,0.12481938562071047,0.3820255732642853,0.1014810776417518,-0.006255667482775674,-0.09447807720912933,-0.08765188063964838,-0.06452775782735878,-0.1198665381227409,-0.13214468219131534,-0.1144150582805355,-0.09227610045553201,-0.004301636581120679,0.12370403649124467,0.10166644411036112,0.10340789432681674,0.13390390809024333,0.08128461916038941,0.08939348855076337,0.08342832132857407,0.017187115627041328,0.01503385157351607,0.03426370588135629,0.04022236694563031,0.010305492737257848,0.0024025772338987024,0.04652202435594155,0.0356454978369104,-0.0318233424427111,0.05768270219358191,0.023466947848521668,0.05234977626198403,0.10932305330803935,0.07503591271085354,0.09082465182065987,0.09400494981015352,0.011472066159316823,0.06183912621326148,0.09872177281682669,0.11197595125888957,0.16198196245792815,0.1220718352062094,0.12060695846585923,0.07989902777974475,0.07033522786401182,-0.01618682196058476,-0.044092889351464236,0.07037871481364127,0.07397074841323621,0.11766161213029651,0.08640926339808438,0.047710691966586685
7Networks_LH_SomMot_35,0.30230392459031774,0.3631997132821959,0.17196345576564298,0.10502301578187688,0.2562613371279083,0.21902126016014153,0.24760341601706704,0.3227206680325148,0.314866318052417,0.20028435562769278,0.3589116247698771,0.2084146619212393,0.3960824162183507,0.4222479655216728,0.41893934212903006,0.15877641592281075,0.42167086173420554,0.14883440822048102,0.5797170219419651,0.44585211514186013,0.6405268780801898,0.6000761393707993,0.29942807906278124,0.5421370382533593,0.4680383410203654,0.570364601668126,0.3037155658324907,1.0,0.6623740981921261,0.5690502023577905,0.25277163536245884,0.2998924069437399,0.3911356382915779,0.4168712661446501,0.2551678155566004,0.33663896740795834,0.17096129201124477,0.18087513586242146,0.21899782572394536,0.17542423659183987,0.24120071777083824,0.30441422068048973,0.21898301859740066,0.22184388977935757,0.32633971213806756,0.4278085890257074,0.3649691783570226,0.4542974105329817,0.4179234612625002,0.3952770899754137,0.37825311431118885,0.5362555058731487,0.28604089892826634,0.34846264768365315,0.42429882437207034,0.5027475468383519,0.45246288291022585,0.3130349860004022,0.3702979127510394,0.4532347389848203,0.527024344246189,0.5480588647327234,0.05466629703326863,0.048443692268927585,0.035006134460085554,0.06955302509270575,0.06794608087925846,0.06936529508535393,-0.007503801015587595,0.016031183973621833,0.0706963316371308,0.09681010876982905,0.08300722300621453,0.0016940285016961174,0.001060873830874236,-0.0056498219863015215,0.04756740202700034,0.0560945336220613,0.13573474957252632,0.1538932896266953,0.11450929517630139,0.06772768206517471,0.11978604300329183,0.10287877157721484,0.1768320193529458,0.15098800966546808,0.0895523127885151,0.11785870992238219,0.1459595289287952,0.07375647494021069,0.15021803801451944,0.16925841029280897,0.20491286093891212,0.17982608129977257,-0.013474362117276583,-0.057483561198537377,-0.009542188264419361,0.06594654342323239,0.008029134916018522,0.04325946922117495,0.04057809093478498,-0.005486617738571461,0.07093986078693205,0.046667252785957715,-0.0418383053274271,0.06486043684924662,0.08054897662748906,0.05685528624823446,0.020897495976815412,0.024641480484080946
7Networks_LH_SomMot_36,0.19841776058838315,0.3692884836493237,0.1699603243755405,0.09600314508472294,0.30189087585818436,0.1931738623070192,0.26860873338224006,0.27401808048964016,0.31392360813458214,0.2137336692694064,0.28382162740603073,0.2188261554153046,0.3148345239377978,0.36824010386870853,0.3261012119727168,0.1092714304660566,0.36085148261365774,0.1752652213708637,0.4427317082270191,0.5156549012353385,0.505607390694103,0.5773190232215212,0.2575708062117922,0.3855737160465511,0.4973161729673226,0.5642373669343249,0.3344225919408766,0.6623740981921261,1.0,0.45400372689736423,0.20302431674803664,0.2108785568421368,0.27463459931585377,0.3505335767230007,0.22574896428089916,0.2496715717361386,0.1598700187256044,0.15061335989084307,0.2066234258844432,0.15007974127111642,0.17105153099724732,0.23145400553994203,0.19914378368178312,0.26459808546651375,0.2543464860916263,0.3555822672515393,0.26660743095915806,0.34839727482119637,0.3635940075232178,0.41965589135173165,0.20019760392615674,0.423286102424953,0.23423292645243443,0.3928011599887519,0.3094316220938798,0.39944315003448,0.540657190220563,0.2568006433216504,0.4709090352014862,0.3645501143063712,0.4518061567299861,0.4777754396218272,0.022234769085851782,-0.03031859160764273,-0.03998416552802934,0.08432658620043587,0.027823218009609185,0.0465866702237874,-0.014905560504951539,-0.017205191581147763,0.03644852953075979,0.035968943874713374,0.019193969245419815,-0.01918381326204775,-0.03760432051763536,-0.04677436495563173,0.03147627352574999,0.008359838299222346,0.06561274141299386,0.09956985213852455,0.07781481663317241,0.09220762423296307,0.06801579406270616,0.056945172410569456,0.12477246490410977,0.09034093095203917,0.09272110906128707,0.054823949137309425,0.07817724765937238,0.0760721319714535,0.08868019955668707,0.10981762240198248,0.15154959571067758,0.09830888727443496,0.08227811542673061,0.024964920505778032,0.01660647300579746,0.03922917489245878,0.016542348085590845,0.0656715723380214,0.08227003767129096,0.03114455336125577,0.049904187547851774,0.024705090693684456,-0.039042231042870086,0.12247303313179894,0.10380156521411796,0.07769455380265218,0.04142834848757256,0.023560478405021987
7Networks_LH_SomMot_37,0.27535600640818336,0.38295453585508593,0.18318898972981032,0.28386031269713546,0.4288148355000522,0.4165475950756272,0.27768482733749356,0.3315218482653287,0.36740862563646637,0.20718933213693266,0.25911177949499503,0.05457640994763898,0.5296562887514676,0.06286551649339912,0.11339998645968213,0.023580923655747196,0.2874133188885966,0.06809450089634832,0.5068731937994394,0.010262907541746523,0.1749455919930423,0.14050533001622903,0.19340027802002363,0.6759476775434944,0.22559467350549134,0.5603699741610093,0.31327249055410256,0.5690502023577905,0.45400372689736423,1.0,0.3065800323117069,0.2077246083553476,0.39527146107197203,0.4824094605230458,0.2530914312344307,0.3109541057138415,0.1496603630694583,0.22365490317712086,0.26195828310215574,0.2434777706925844,0.2931308035739783,0.18316491856172448,0.3581768124091447,0.19136756823226675,0.15036347395570682,0.35320348664782336,0.21270632031950668,0.4737794877472688,0.1694806848270564,0.16667147219691242,0.2848564484166381,0.39804535792516355,0.2566237747211631,0.17531289434925088,0.4803965158031674,0.35543583984105775,0.21759341652871386,0.3654385730104537,0.3812087726593877,0.6750393008066085,0.6144523789364688,0.5110400979629782,0.022034518220213767,0.006639316614882867,-0.0036256255555801335,0.07380638260397135,-0.013549078284814817,-0.024115222226297618,-0.025155994165449135,-0.045305331965284544,-0.06314397933959387,-0.0397933739734656,-0.03552192246430938,-0.03730012171840115,-0.06536220059508943,-0.09384357828486421,-0.0603481478935085,-0.051202329989696906,0.04973870673285587,0.06703364259540245,0.07285174761883167,0.021910038133046483,0.04895480299870367,0.03518246763735272,0.11609628640863888,0.06369751243552724,0.05374357816382924,0.04537950746939436,0.03060408907775652,0.09142789106066909,0.10303105637685289,0.07324125706802682,0.07860527615196214,0.03455884169764763,-0.10621482489625361,-0.11615264027201322,-0.10173444474782342,-0.05937557675359533,-0.03413188671516995,0.0036986633048021744,-0.07158976060124791,-0.04617082698367323,0.050078606603749604,-0.005727864156073748,-0.0585763833338681,-0.00616170325849383,0.012952884652090844,0.03556051186719443,0.029027358280481422,0.08089879477998047
7Networks_RH_SomMot_9,0.40976907013553243,0.2864768296827135,0.32539860175464996,0.38575211943095356,0.32129953658391996,0.32516011918151944,0.2939876755318561,0.28226398808580455,0.2115395521578529,0.3893942546738746,0.145213315922131,0.10654127208039416,0.3362045250845604,0.07398075284639677,0.18679156180046438,0.12012385413593007,0.22663932366466852,0.1810175278968356,0.21508502259682308,-0.002171991202166936,0.045446538934817045,0.06112307663252609,-0.0802118928157177,0.22170480625276084,0.21150239853750896,0.30024428674258535,0.02504476384471067,0.25277163536245884,0.20302431674803664,0.3065800323117069,1.0,0.4065820310584843,0.49717747513485205,0.4524967230291852,0.4251455036724876,0.37205543405000985,0.38240604160076697,0.43167954223710464,0.34950759820880967,0.43000283811592127,0.3889236994214238,0.1529647660188065,0.41563027655338614,0.18613401859618803,0.15940280574785523,0.21342109953139254,0.17210813535055877,0.24436294176759488,0.16589415427524412,0.2982659207187842,0.08553516039263245,0.30365128200102287,-0.051158025438287805,0.11509992775117184,0.26864641770443604,0.2257768495407481,0.2772981434574835,-0.004176581152571019,0.1992242364831538,0.2652657915018425,0.28135624074234394,0.25667905079417147,0.024881789073676046,0.050560656788296056,0.0856002519592235,0.026440023371719794,0.027245928366293942,0.01951015769960748,0.04845600036393257,0.018498324502221664,0.09899037386606431,0.053601608310759434,0.017854882291823457,-0.00123464937626658,-0.057316231031681125,-0.08314054296638371,0.036052287240831433,-0.0019294974129623011,0.07669663708535285,0.04520288737324149,0.06395441502156757,-0.020152572359114253,0.04542849915677022,0.029694601017333247,0.07220264786705019,0.035339974900383306,0.02216634646557609,0.01721139378014465,-0.0009161783030346902,0.06950122606594754,0.06338625752884464,-0.03366119741158811,0.05849689624154066,-0.023312325006501763,0.035711206431751664,-0.010518813844325157,-0.05967985669100768,0.02996367629526113,0.01269229146765103,0.011236951951416572,0.017166725564780893,0.006029117983896414,0.05031720222927257,-0.05537819322002121,-0.04649639403310305,-0.01981273533666364,-0.014309929479106894,-0.025161901146338598,0.017634377794848905,0.01642952185990674
7Networks_RH_SomMot_10,0.2833588323492977,0.28126035012709866,0.39719294981167885,0.31139489317250646,0.25520499706554095,0.266862141524228,0.2046475970522165,0.17805837371413094,0.12753951716504958,0.2146865344487338,0.11896341924127563,0.1572316977384581,0.25589017580774354,0.147856883575815,0.1743435477966443,0.06753559621752328,0.1825109631743755,0.06008316935128209,0.2196627676472715,0.1286055028433126,0.18545631207918842,0.16101001816889848,0.0401039732337614,0.11609607449195405,0.19611448477029925,0.22407869516523599,0.06309215475536042,0.2998924069437399,0.2108785568421368,0.2077246083553476,0.4065820310584843,1.0,0.416230283596265,0.38738610791057165,0.463895714015632,0.45215520968595996,0.2549327807597751,0.29445144255099304,0.3393379389574346,0.30049517851256113,0.21933186372464447,0.08341115604959795,0.3538068925124255,0.34055092512865587,0.2979502180718856,0.205472343145687,0.3685884746889332,0.32497526600391075,0.15645208427686608,0.3651092688550116,0.14857199187168108,0.23259978507906934,0.13618413551702688,0.17922485947176983,0.25260459203602853,0.35854563684978724,0.36886713225354667,0.1511388527558935,0.23883682793599198,0.27451520768180376,0.3353283866336096,0.3181240589362448,0.051202620496289035,0.03796148276235327,0.029139644002866814,0.08682173972450892,0.04303741095970351,0.05782268466035504,0.04352587105370187,0.05435357164997046,0.027800204748951427,0.006625722183370037,0.02202731090107596,-0.016342979329611915,-0.02078643450190532,0.030698638465635295,0.023065012583056915,0.05550167368022498,0.006659183395270809,0.005061979252107253,-0.023496687622827844,-0.013551586114163107,0.03706974408290111,0.05351887639641407,0.024546355579679,-0.048095153359397125,0.05654353779353906,0.13520583288356616,0.09251887072694795,0.015417650709934684,0.06585906787466755,-0.006504364872699743,0.05101557450661118,0.0026975342111748906,0.08530531644845776,0.05882093885284575,0.045357963425961066,0.06078691944354326,0.04750972354006953,0.04079523825958458,0.077301295167573,0.024500423667467817,0.02734713563634688,-0.013425051526823831,-0.04362089208762333,-0.04951035102240316,-0.007509988512706046,-0.013178882495946424,-0.06242530216059735,-0.023250655043982257
7Networks_RH_SomMot_11,0.5262003028308871,0.48127940037450184,0.4714709836509638,0.42173284864222405,0.4351347976804183,0.33041183428281484,0.36040760817508943,0.35476996955795675,0.3597081136322423,0.21048281314839615,0.32620471182420885,0.12450906460888729,0.460251655634226,0.06928449591993471,0.21580441756174734,0.02017165122574202,0.26953760586673425,0.09746749871114757,0.4474728003763976,0.10204212199441945,0.26798863853951077,0.22417609346863432,0.06469326603941544,0.42343594041188437,0.09989938918177678,0.38081748497825074,0.11448741190907558,0.3911356382915779,0.27463459931585377,0.39527146107197203,0.49717747513485205,0.416230283596265,1.0,0.7582563249292957,0.6026759841988467,0.6237154375193867,0.273756939521618,0.2544286074543529,0.5189156372386262,0.21303344957957726,0.24369975815940126,0.21629274395331763,0.25740840960399997,0.24096119118063744,0.27757333470620293,0.40828519522007634,0.2693603468900713,0.4547648926226695,0.041119971574403766,0.25847597460017874,0.12160453096043601,0.41800444401865716,0.21519307925944392,0.06903502678386376,0.40133651082624494,0.3641755391473335,0.227312300153206,0.2501762533224351,0.15688874182596213,0.3446302338346282,0.44407486012838,0.18519127022626017,0.06563294449554428,0.07713317118626523,0.10380753068937901,0.08622315343337802,0.07323003636037174,0.09099740588489043,0.04797462475744827,0.02175748533465206,0.08867902419909567,0.06836928769268916,0.045734532475620156,0.010618576178004796,-0.03709334372542038,-0.04589016097570808,0.03249179592849829,0.014374022608938525,0.05525043462727821,0.06802156896152532,0.08106085192529575,0.007584790231313373,0.02827163976201926,0.022706185356503643,0.10769505502042946,0.07538449269913912,0.05446468815064853,0.0672092358218982,0.09059924388271719,0.03927709343243258,0.03361423230815892,-0.014851338057304332,0.0804617459085617,0.04235877347033258,-0.05797656522157212,-0.05179540126386362,-0.014610829001390524,0.06651670299405803,0.02655147899555875,0.00351483774591866,0.0020310433035002668,0.03685691091615274,-0.02723969140171915,0.04404739681365077,0.0037303825693158284,0.015891952472710212,0.08501448072483711,0.05776858253135984,0.022532191974812165,0.07018311366241142
7Networks_RH_SomMot_12,0.5383715533349188,0.5732983459424704,0.5045174197071904,0.5575549065630931,0.5735323693595128,0.43204932102643434,0.43308876423565945,0.41040423119819275,0.3947999101264899,0.3138249454855572,0.3348384356517577,0.12921894164333894,0.5143547227235876,0.06362815331370485,0.24653970508220763,0.07189582998693303,0.3695113457149033,0.12203231777356906,0.47419734959523424,0.05156412818824069,0.24001936286428274,0.18497674737533976,0.03889923841892835,0.4354650581651322,0.16950245165583352,0.4742445650206052,0.12298502140823335,0.4168712661446501,0.3505335767230007,0.4824094605230458,0.4524967230291852,0.38738610791057165,0.7582563249292957,1.0,0.5377849374689377,0.7154023625345499,0.4119466602200952,0.3977578253272358,0.5851839876136402,0.3250838840643762,0.35351116764466206,0.20527357842695187,0.4072996711332121,0.30798813579753326,0.24611028313604988,0.4557589852336291,0.33192304381420146,0.5061225879410494,0.0719563656534167,0.229734116906604,0.07379607280741676,0.5131629389890079,0.23397486792099734,0.14608680426920342,0.4670215419778977,0.3709878648613391,0.27034527986848866,0.3398633883520803,0.21281881101872344,0.4742741937719008,0.5250281916619148,0.3013582298477937,0.07182287915913045,0.02362682739312821,0.019957512909070402,0.09629306994400867,0.052311174972246965,0.04842723999946263,-0.0073064139605071585,-0.04728765745012614,0.029748987839541663,-0.020695558383278297,-0.07159713589252902,-0.011804678572690023,-0.09194902351398768,-0.11457273504743602,-0.04504691816788891,-0.08489057790504649,0.005603259708194784,0.03419382012167377,0.05425334403926025,-0.02709683212079335,-0.008688585175658674,0.0067734348307082765,0.08058128555626815,0.0658558538374621,0.008124832825849195,0.011105003464437834,0.03982331067050041,0.004123022588202141,-0.03032162782126505,-0.015296111332582586,0.015554461472913712,0.0010720620789453701,-0.04725686035560211,-0.09092295301065416,-0.05806539284234927,0.06179687176488212,-0.017571201370359935,-0.023077495446574434,-0.06425686210786455,-0.0120975215771039,0.010062579224139941,0.04644365811091749,0.011378361441671078,0.01954903959187085,0.09716227778009937,0.06675475869764823,0.06078559437586395,0.10048907584217384
7Networks_RH_SomMot_13,0.39688691672649085,0.315376966767209,0.3924956658164632,0.2843597091169781,0.28468422558313217,0.16965377915749577,0.17606843408685088,0.13764422951406144,0.19331905351681358,0.06520479996213195,0.19987032604780594,0.021215467943692768,0.24300488969277909,0.04989564129990669,0.18898154954091584,-0.06184942595628641,0.21909162646397806,0.0007830701535769489,0.20154449618728695,0.07907268108876428,0.1473241602295158,0.12098514080564252,0.013135158461246962,0.2004320830810261,0.013890708108103774,0.2591389053388732,0.10739728776876319,0.2551678155566004,0.22574896428089916,0.2530914312344307,0.4251455036724876,0.463895714015632,0.6026759841988467,0.5377849374689377,1.0,0.4727765744931496,0.1471931534771257,0.13690202693661943,0.3853073980618606,0.12487781484928277,0.1357979865476281,0.09422202951946494,0.23872855298461154,0.25961351276740724,0.2253017106093742,0.31850519348679834,0.2266830230401578,0.3439652447961097,0.030482461561990106,0.2741231145392837,0.0657810656613688,0.23687885099029848,0.2052650166235068,-0.04893749482431793,0.3303074188698344,0.2679683722028755,0.23684040531548178,0.20591694260461665,0.09648166127352177,0.20253085354224537,0.40293491947174986,0.12579170638984236,0.1013627678339665,0.07167090703281793,0.06883357166666242,0.05406848746775789,0.06713414475657775,0.07639645357984402,0.07311569144809839,0.0347831806525223,0.025015998568089816,0.03262455684695926,0.02303153872144553,0.0042360542828477924,-0.06386181949731812,-0.03218395748838949,0.036617102272836315,0.012649076616467256,0.015263833738169832,-0.00435332399054643,0.007228276433043804,-0.019878774832990137,-0.009464676341229711,0.011652793327325198,0.01031596466442438,-0.039921234175315755,-0.010901952677058045,0.007971978368413067,-0.02674604631447182,-0.06131159300989753,0.04639433622994119,-0.040058051855165165,-0.01417998955874087,-0.024893561483833367,0.039380795830422914,0.01186871752193356,0.04435178374856632,0.029087671624915813,0.023281318636451175,0.03149816153048505,0.0071779382390476055,0.032826648937713296,-0.0061076542867780905,0.05457521426855072,0.03407399380891637,-0.0458521364881567,0.05991022708892902,0.04563665451181118,-0.05721502018079927,-0.0015085107504892292
7Networks_RH_SomMot_14,0.4667771418756808,0.4703459018392187,0.5259424189040071,0.5843067900168989,0.5425788898272408,0.4078064328192473,0.35285917448535203,0.24897145019314948,0.3019259432048715,0.23187892845608646,0.222931071323707,0.129709172294748,0.44095926931027285,0.11956545721333826,0.27209703496242227,0.10777557477072268,0.2711718522035268,0.07970130774938704,0.38425601947411236,0.08452971905932878,0.2522405146867151,0.18862584480224504,0.006335459683719732,0.2779083797463608,0.20888068301948848,0.35333940065649067,0.07832156478317366,0.33663896740795834,0.2496715717361386,0.3109541057138415,0.37205543405000985,0.45215520968595996,0.6237154375193867,0.7154023625345499,0.4727765744931496,1.0,0.4055796503060684,0.40747331315060176,0.6047190208898374,0.3095323319282128,0.2536943479291841,0.08195561799258992,0.39249268461700276,0.38665708461912046,0.2568812631644835,0.28936250699914906,0.3840774201290799,0.42290118541604854,0.025224620893143677,0.1770379217194007,0.06886660751374968,0.39733212313657434,0.16722204400000928,0.14689064559878118,0.33437100122436186,0.3474168086114082,0.25223587097760614,0.3385505135887748,0.14807790667258602,0.38906142981481623,0.40956249425967245,0.26147284352471295,0.10582947954417835,0.02324772350051647,0.04414969386700305,0.0354004438318392,-0.022204707664311103,0.00319930776046795,-0.0271048937359867,-0.04387257464895682,0.00873036866074462,-0.04912077737420054,-0.09107478106415058,-0.024475101057238453,-0.09337463133409252,-0.1160700124187783,-0.09534852630363425,-0.11146299338710527,0.003699184625758824,0.03152807151839988,0.03365128246302838,-0.009869967515056251,-0.00577596903430587,-0.01447734828547353,0.054860910870502926,-0.01675181163886795,-0.019027287057320423,0.06762283767702205,0.08123280520243435,0.0034025927729679564,-0.0174720885998232,0.015614021228516274,0.03373241383423555,0.013531355180734705,-0.048327295641664166,-0.0893432415613716,-0.04732265264066527,0.018904222564905267,-0.056323096846113675,-0.006512472450719496,-0.013238566468220862,-0.006084113180400731,-0.005957780297919647,0.03735703796549983,-0.013281734554930653,-0.0302387214990587,0.0530811243274746,0.032523280143369755,-0.031449034249582744,0.06817774577855595
7Networks_RH_SomMot_15,0.2772140936298093,0.37036533381751363,0.3669944798430879,0.5584655289180448,0.5390281313961933,0.5006544613030215,0.5106415959380711,0.35858754756170874,0.2668002884139765,0.6104408470036896,0.1632467288074046,0.24429615502093516,0.3878771836356374,0.02437300493757444,0.1814519487967206,0.23591860530321837,0.36797063501994015,0.3614717436595748,0.2504799770755768,-0.022897932244411116,0.04347896931287557,0.028640887999163853,-0.04763341750891263,0.13554213993326278,0.2293337864761656,0.3253203956380692,0.1838489334426775,0.17096129201124477,0.1598700187256044,0.1496603630694583,0.38240604160076697,0.2549327807597751,0.273756939521618,0.4119466602200952,0.1471931534771257,0.4055796503060684,1.0,0.7561265789610695,0.522809003258078,0.6948874810436811,0.570297176784742,0.10514192798096116,0.6311687088334976,0.3165281413506932,0.051305497240960174,0.22577835041583305,0.20573525665291825,0.2266078242529773,0.15928909729455998,0.16940385550447765,-0.03836158351743487,0.35321729339034647,-0.11471127293939412,0.16700601893751044,0.24336397930657674,0.14964689788022328,0.26774371743771624,0.12452546071768716,0.07313254879946893,0.25200458989195373,0.26934495226450916,0.20502505891850228,-0.04388701438219017,-0.10593267073176738,-0.104375133796501,-0.0931690162744756,-0.06185140723334536,-0.06903839627889134,-0.17923916281123764,-0.12664134390926393,-0.05399827526827053,-0.10439997335614205,-0.1347691608762148,-0.025073657190393225,-0.13186400065224002,-0.1663430182329231,-0.11994308492228566,-0.12458634293858548,-0.024483264090231594,-0.012515261447363731,-0.0043122150482884855,-0.05681591566702083,0.010413114748394778,0.0030642712889695062,0.009776149048102012,0.030187909444594922,-0.1688822472636402,-0.05492415322091821,-0.04538516470646948,-0.001247331793520437,-0.042457304157189915,0.0022724872353866985,0.006120668674608244,-0.016820935430489375,-0.056162122958444693,-0.15326032760592884,-0.1914840761737271,-0.01733085259819163,-0.12189594237782157,-0.09583768312615638,-0.1047204237090307,-0.11001315616261198,0.09944185047621447,-0.07589149223106352,-0.08231356715830425,0.03339462964265948,0.011859343052088465,0.03167058948671579,0.06821053096914162,0.03747976126418228
7Networks_RH_SomMot_16,0.24646463126344423,0.3437143961973318,0.3216783244533949,0.5639814432804142,0.5286986631973818,0.5634984867778774,0.5162875269796394,0.43587177535788985,0.3076291480743216,0.724786993445492,0.11233666015159807,0.2514847216198909,0.48477487159886745,0.032590688601289726,0.1481681736388667,0.19427098022209877,0.3221753185743883,0.2877497612271057,0.3147210694999982,-0.07535788387277274,0.03352625207838766,0.0015255057209210678,-0.009633289036275961,0.19172487925960563,0.26204548723815857,0.34582158064019114,0.16068526288767415,0.18087513586242146,0.15061335989084307,0.22365490317712086,0.43167954223710464,0.29445144255099304,0.2544286074543529,0.3977578253272358,0.13690202693661943,0.40747331315060176,0.7561265789610695,1.0,0.5406723508767884,0.8152463206256948,0.7038698199127347,0.08544017395907724,0.7400824439741204,0.3304712647973362,0.17750259729801476,0.1718419864983428,0.32120018817282275,0.3081280616169861,0.22548926581483086,0.2001573110336213,0.08962026794511062,0.33295818784531533,-0.10003479750868767,0.19560322690051685,0.27495117755150417,0.2557545686952949,0.32650060265193787,0.07913407212852334,0.1814079577851324,0.31872734509638667,0.258749050806144,0.261905374317246,-0.019189797440064563,-0.06726822892457072,-0.08517717249013629,-0.023011257979963014,-0.026050845145877223,-0.050686958233115,-0.11261341938363162,-0.08165171190439127,-0.07994838224777762,-0.07500367412054973,-0.1077173980287452,-0.03993095240922021,-0.11593953834044426,-0.15487705924558437,-0.10719999618166878,-0.09674170018729213,0.025676355762518727,0.0325426281909071,0.06817651455637928,-0.017438306268253954,0.027558269061715015,0.032781749386935004,0.07142234344344436,0.07009288553985592,-0.11573181317479005,-0.02677251281309603,0.01147764949308013,0.0453343501925954,0.00010382841455773997,0.04966324524486065,0.03488100198459497,0.028537382839152112,-0.049343731229193055,-0.13484613904361623,-0.1880453625730791,0.01307402657452486,-0.06703761470633593,-0.06798679151430763,-0.06636869181918456,-0.08852887181568801,0.11071564267457558,-0.08342806626559879,-0.08865785827396958,0.04851455685818882,0.016724978651827524,0.015430277879142399,0.09622242986772293,0.05002282199635046
7Networks_RH_SomMot_17,0.4437326116833912,0.45172280459412395,0.44948069027881976,0.5272314054736376,0.6015218561653249,0.4592481856759258,0.5639360178427,0.46282270388453045,0.4220394456864169,0.42052174004728055,0.23191706659845843,0.2181793926529626,0.4262265910236478,0.025172845125102056,0.2129011562897596,-0.02441868542785244,0.29261719755902676,0.17868233489493432,0.29765061308694873,0.041813174594639485,0.09259276285883107,0.04013599676316909,0.07299356990708415,0.26197921571661276,0.12301053384316854,0.35401280728684353,0.23823640077105296,0.21899782572394536,0.2066234258844432,0.26195828310215574,0.34950759820880967,0.3393379389574346,0.5189156372386262,0.5851839876136402,0.3853073980618606,0.6047190208898374,0.522809003258078,0.5406723508767884,1.0,0.4817707844064696,0.47084966779571624,0.08918450768289334,0.46445160337580316,0.41574281983150246,0.25944178705505194,0.3632414709146137,0.3324389139495712,0.4240722625746536,0.020006364977709093,0.20786320025505725,-0.03698677443445571,0.37278665741569017,0.2120468279337121,0.05750372121303417,0.3744968758858875,0.2864456371814434,0.254778430273751,0.30992015090395536,0.06199351830833716,0.276576010443972,0.4007470305688869,0.11287203071088665,0.05622296756513417,-0.01145357419748824,0.005040060521874769,0.008894241108295124,0.026052009606247505,0.0254208026241245,-0.046213871663576295,-0.024866813887508193,-0.007153921215382898,-0.05502797029166539,-0.11106145903523836,-0.024096002486466254,-0.1084475763803734,-0.15594529064429866,-0.09587083532886757,-0.11012047874654295,-0.0031874930927938937,0.0037569487737340776,0.04800310662353598,-0.10007954312388749,-0.07770465496535947,-0.07810486445110114,0.018158150753770537,-0.01909986197959816,-0.12142894206454719,-0.045923765332305896,0.02441824859307586,-0.020130267232206484,-0.08302968807995838,-0.01682428342084347,0.029912280993051096,-0.0066380553321757525,-0.0763426272455965,-0.12506580800817263,-0.10538014331161671,0.06586684779773509,-0.0089870008585707,0.006638004120930102,-0.04376091240375128,-0.018629165029051303,0.020358002798442718,0.013994023194128164,-0.023039621694278468,-0.018420469215071168,0.030044334324332674,0.013472634719684289,0.007411566259175606,0.017781453515201502
7Networks_RH_SomMot_18,0.22933349789650537,0.27194597409965315,0.2545120839871326,0.4900919152836104,0.4795521607083942,0.5611479637524334,0.5546647640758036,0.4868523159501228,0.3406673108980835,0.7493081747448815,0.1287333969030745,0.2667868804878321,0.48785010598434236,0.08876816762881817,0.1666146632551786,0.21609956002299094,0.29871804291916126,0.26334554151105705,0.3251477695161378,-0.09486336070831468,0.023259229170197737,0.010085402506116371,-0.01608013568480138,0.19038287725549366,0.25163657900637304,0.30375116507316274,0.1839016098601618,0.17542423659183987,0.15007974127111642,0.2434777706925844,0.43000283811592127,0.30049517851256113,0.21303344957957726,0.3250838840643762,0.12487781484928277,0.3095323319282128,0.6948874810436811,0.8152463206256948,0.4817707844064696,1.0,0.7403680637513746,0.14656974991544872,0.7749227446652405,0.3463757870745181,0.16960661637095023,0.17602267322635998,0.29599307570521055,0.33022742796207744,0.23717385787490813,0.22022516593866207,0.13402298299567994,0.32717422485264963,-0.09878457882484297,0.15866121822939763,0.2934323419837839,0.2351086527107192,0.307930592028788,0.03132114951366649,0.1713541159426908,0.2864824048348085,0.23498490886530168,0.27713554703481424,-0.0002924556464358721,-0.05896689953390679,-0.09316092600033973,-0.008400451126916307,-0.02579457873790063,-0.06503417918487797,-0.11422056767162729,-0.1155063443228116,-0.0387633068954583,-0.04158486785387491,-0.07273680610680591,0.033848623809087285,-0.06779647887904165,-0.09299115319058143,-0.0454989266438724,-0.03570458853533511,0.058067633834050454,0.04337447047115389,0.08859097731896796,-0.05546712510963102,0.0002030699659245733,0.01454920908659217,0.06828163542292734,0.07007101455154331,-0.10080095054078277,-0.032670358318013945,0.008261803408695811,0.00720502197107583,0.00982231621928007,0.039487755064682335,0.010516807073482218,0.02949327875261543,-0.00048798798721305344,-0.09596866481060563,-0.14298995241273413,0.0042722761486650995,-0.04382462529367859,-0.031138805294206824,-0.025411874033107937,-0.06490458656594099,0.08782817868544336,-0.0768811162158637,-0.08140393202362392,0.03861457257648433,0.030619158394314103,0.054124861599924454,0.11142124569443701,0.06470032169873369
7Networks_RH_SomMot_19,0.26291282059279575,0.32612431622615384,0.16857427153462612,0.392574694467123,0.46365148976383197,0.49550814202944127,0.5789980265785029,0.605336328354051,0.40977723182801074,0.7368786824431047,0.26729107193083573,0.307745926854853,0.5024966196303086,0.06361734527442858,0.21041352475481526,0.21697842762614525,0.3642382649935451,0.2885004871204083,0.3878383900493186,-0.07775755026185946,0.052760517938328214,0.006019147037460559,0.12907630687169414,0.2819903631979372,0.22318584655765838,0.40410140162286695,0.23353955633125953,0.24120071777083824,0.17105153099724732,0.2931308035739783,0.3889236994214238,0.21933186372464447,0.24369975815940126,0.35351116764466206,0.1357979865476281,0.2536943479291841,0.570297176784742,0.7038698199127347,0.47084966779571624,0.7403680637513746,1.0,0.2348843442490762,0.6772663651801737,0.32140250663360964,0.24920447584315555,0.3214228625632239,0.3001836625991828,0.35119349500869473,0.25798214243751877,0.24412551162424012,0.16300006668619066,0.3718521331366641,0.05513744144978249,0.18676995339716976,0.37123893762153853,0.32870409288051416,0.33214365574102245,0.09202228182651578,0.17756618957436648,0.3023880891782695,0.2975733697578592,0.2860476144975304,0.013746639255436451,-0.03133984365438828,-0.05220957579009674,0.02310139102826228,0.0009077828000205752,-0.02568166096522504,-0.06321032218046203,-0.0405395252064234,-0.017711408813839757,0.005299638645578034,-0.020463318641752246,0.02650913933862907,-0.043589146419489314,-0.08303578384579209,-0.00601432350026698,0.00596611014579685,0.09656370115024442,0.08066964548574428,0.1359575766221707,-0.050525483659194376,0.01870166974738698,0.0569972680859699,0.13169024328921508,0.1403191937004249,-0.03055529412147079,0.045393972176437876,0.05843177230819519,0.007256109382150336,0.018589202143753997,0.011697687604828474,0.06706526094449843,0.056069153388000566,0.04260545610109046,-0.05263321873843354,-0.096886262086039,0.0712958441155756,0.030960548518274324,-0.0003985222455513992,0.021707783862664806,-0.031083505448800765,0.10963161394407325,-0.014533647144880167,-0.03815663047870344,0.05286089258544449,0.07180207297858342,0.07752159185802075,0.12888582564908432,0.08854411323042741
7Networks_RH_SomMot_20,0.05556267307615646,0.21270722685729546,0.043575932884453994,0.0007408047767388869,0.1587929279355777,0.12937797874052764,0.23879569615927107,0.3089176991545378,0.24230066513073148,0.25379789371441214,0.2987201962782659,0.32451645104570936,0.2141813603283144,0.1982445035257204,0.2613990750035303,0.26978958483253096,0.301248671142449,0.22860391306143382,0.30801464101077614,0.158691883847706,0.164000965896243,0.2112657638601781,0.21958625109845192,0.1688379436391849,0.23577813512975376,0.34239632529772407,0.14404756504484023,0.30441422068048973,0.23145400553994203,0.18316491856172448,0.1529647660188065,0.08341115604959795,0.21629274395331763,0.20527357842695187,0.09422202951946494,0.08195561799258992,0.10514192798096116,0.08544017395907724,0.08918450768289334,0.14656974991544872,0.2348843442490762,1.0,0.09062210639526912,0.21803956684995798,0.22684005134984603,0.36296017954644894,0.2752943603771146,0.22787835219767533,0.27981767532570156,0.2924685876777573,0.27356435500645493,0.36188312931555644,0.20469630989644433,0.2063598793971709,0.27824981734088505,0.2890090643049462,0.27390511877517293,0.09506813024702802,0.20352272495478455,0.1872071268873137,0.22176133441570772,0.2340118245567024,0.049936331470690334,0.0931051485637368,0.10159853213363457,-0.004519236983235124,0.069340194406365,0.12599045327191857,0.04561991114193125,0.09964643393094136,0.07531210392490607,0.10586705855516294,0.10047266597163139,0.018156909280648385,0.010384389899796287,-0.007240934605161408,0.053560637477127575,0.06505538678016923,0.10206524481671514,0.05378101792972524,0.10127203195189625,0.03929412622307714,0.041168109113931,0.02751018884990665,0.10731703618671799,0.10692685577980508,0.10081927107270837,0.015795615766469963,0.07530636334789971,-0.0012101521220173465,0.015312201174662669,-0.005484500712021772,0.09961340855095718,0.08444320898148612,0.07763079619364241,0.06714995704312103,0.09902248161791063,0.04695418273414073,0.02528707876910635,0.00011420642703943311,0.05616058132363486,0.05050065539181993,0.061696493604634174,0.08944150574323395,0.06073042941305243,0.11675457293014226,0.17035122155757282,0.18664043552404788,0.14611846506426235,0.06609373675718733
7Networks_RH_SomMot_21,0.22212297452894664,0.33790194352069786,0.2816054776399052,0.5344882105339401,0.5378013744197518,0.6278596598600035,0.4466308116754256,0.4069125697077332,0.34473910677813574,0.6438317798852582,0.10940300345893783,0.25261378632861936,0.5812412699888545,0.0935754356433689,0.165617594909236,0.18983786791797302,0.3143834168354699,0.22519589026193426,0.36983357358457775,-0.03200936625705759,0.030311176152533197,-0.0033977216155135024,0.021336289725062383,0.2943061891634388,0.25098200908157275,0.3869835577977533,0.20743399678498373,0.21898301859740066,0.19914378368178312,0.3581768124091447,0.41563027655338614,0.3538068925124255,0.25740840960399997,0.4072996711332121,0.23872855298461154,0.39249268461700276,0.6311687088334976,0.7400824439741204,0.46445160337580316,0.7749227446652405,0.6772663651801737,0.09062210639526912,1.0,0.4298257265361921,0.30968085416933505,0.21961127444479991,0.43110499822236364,0.48841193619054407,0.2270091286761599,0.3285577275598232,0.18854938424385956,0.3703891839782024,0.01147519168871898,0.18139775464595428,0.3796238242069785,0.4090584319918713,0.40848656658692134,0.17692059484572709,0.28363244124073195,0.4779901879905405,0.44469711012784835,0.3935858903723385,-0.018565325943122282,-0.10514571011731623,-0.12422053571685579,0.013778430898433067,-0.07037304229313483,-0.07761524467171614,-0.10484716785312276,-0.13177762872558643,-0.10398058767760504,-0.11019307756350666,-0.11896087271047442,-0.025449272132461932,-0.12935983684490004,-0.147670603455696,-0.07389535155172434,-0.0666926424021799,0.050582393875538506,0.07801732001287327,0.08983214707441149,-0.04976905771945815,0.012927490755437587,0.04351281999763583,0.07732395969795401,0.059309330698755235,-0.10062226305546973,-0.008682103929395273,0.004738569279771298,0.010703785565428734,0.04119252141331037,0.035329267773113286,-0.003490401555370931,0.0026212081809559537,-0.01159167167467101,-0.11762667508098008,-0.14525190415096106,-0.022151319945594904,-0.05234927927532017,-0.03587470015608219,-0.07068484429081101,-0.06841403051531147,0.06491105990755,-0.021631859306338527,-0.031111645982856383,-0.007389215787118871,0.04778494564888027,0.06349728227085288,0.05877872215440688,0.07689333363910746
7Networks_RH_SomMot_22,0.18868596707730215,0.3436098499929184,0.2799868518579336,0.24699609153265778,0.43325800606487136,0.29915279385806304,0.3563729433318555,0.30956466213130046,0.4036941468547222,0.33237090420286597,0.2225052333978577,0.4504943155680141,0.3676056371211458,0.15256341760761957,0.38237553532153357,0.15674784708765852,0.37833140579166963,0.2645889652163529,0.3217272914030075,0.11703182181822654,0.12744225304676016,0.10802337448603369,0.29962944663414803,0.09144256332800124,0.1664059173309311,0.41621352386641125,0.31257892037385154,0.22184388977935757,0.26459808546651375,0.19136756823226675,0.18613401859618803,0.34055092512865587,0.24096119118063744,0.30798813579753326,0.25961351276740724,0.38665708461912046,0.3165281413506932,0.3304712647973362,0.41574281983150246,0.3463757870745181,0.32140250663360964,0.21803956684995798,0.4298257265361921,1.0,0.34224765247587097,0.432822170188481,0.5563908225873967,0.4267748888193774,0.18140812023735545,0.35693790713142526,0.11384313591270118,0.42884919668474525,0.3794246415424628,0.18546195616929553,0.38090505152482984,0.35711126279705363,0.3869216461729143,0.48462628311992184,0.1795126336791901,0.26767396904043905,0.41798667188983424,0.24707322794175024,0.13195515538827782,0.009614555618849089,0.015025193199964057,0.061018726508622445,0.005394495252597084,0.05609418968431134,0.030472076808071197,0.046748314678874074,0.05237650915672259,0.0642256475180298,0.03332470150990932,0.04320522617775543,0.03854009059934063,0.031038563075789147,0.05122918908903737,0.049980823365379554,0.038591616840918094,0.001289453858122477,0.07479279695513638,0.04060877209391221,0.023285833537025936,0.05779177233424304,0.0740739492694864,-0.009961571717080198,0.0365693033197402,0.07336479356109399,0.10695161417614625,0.03158715017292883,0.07980779521328978,0.03957614422735302,0.0861947676420654,0.055220746614112116,0.05338926056332151,0.06823972384421931,0.09337873465937795,0.0988773170808275,0.06899172966006271,0.1385311283893634,0.12981339720499063,0.10374388513397285,0.04495005338927726,0.07415231864131759,0.033757922402611835,0.003275165985386036,0.14074314918597974,0.16475439769972067,0.019865247904322463,0.0715984303580261
7Networks_RH_SomMot_23,0.12183652365264962,0.18428149170480482,0.12345804805169436,0.12292794613779318,0.14290578605311402,0.20376441592080727,0.15922813425255458,0.33120643639148256,0.2453127172393454,0.23894420438093508,0.16614042984959512,0.26534770963598575,0.367154506292608,0.3147864274953075,0.24573690881327864,0.1932919985100357,0.12875092928611706,-0.02825501165470305,0.3690109680459456,0.3481345643506123,0.35509216680698685,0.3072394289446774,0.26585199478007887,0.1661260028220534,0.2970910743735783,0.24772193790384478,0.07967877396105451,0.32633971213806756,0.2543464860916263,0.15036347395570682,0.15940280574785523,0.2979502180718856,0.27757333470620293,0.24611028313604988,0.2253017106093742,0.2568812631644835,0.051305497240960174,0.17750259729801476,0.25944178705505194,0.16960661637095023,0.24920447584315555,0.22684005134984603,0.30968085416933505,0.34224765247587097,1.0,0.2487672283900685,0.6685965913779411,0.5752113120149316,0.37758891391640176,0.5317852081193155,0.49280571297450326,0.35989437008132447,0.3816506944962037,0.34317394995570355,0.30720083233473905,0.6388535718203641,0.4782134946978407,0.2728597028023693,0.4085584384801239,0.3162577671882203,0.3570485139747142,0.31568644447198696,0.0206314493550232,0.07170920654746868,0.07949457878108851,0.142346479693824,0.13956686074039215,0.21909391285977023,0.14673898464713186,0.17853138967261759,-0.000441422025964285,0.06942108057721569,0.07895325283164903,-0.02234061289849358,0.02215103512564676,0.0476353243893079,0.06754340426826394,0.1075739258377249,0.1655281812892739,0.11768155051708623,0.1263626804068103,0.06853850976741174,0.06395566120733477,0.07774138802079514,0.11022163719010517,0.09661151446253013,0.1387025046757795,0.1982876537432531,0.22896578683127516,0.0058113713721749645,0.14712832582041446,0.10702486891465042,0.14860899086218193,0.16526166214311114,0.08652792362796637,0.03008691538293201,0.09234239196745647,0.11133416234259584,0.08096703198072154,0.10596130569394537,0.14838042044394772,0.09557259808370958,-0.030028204579869773,0.10724172765595372,0.05720155932408519,0.034024394804866895,0.15858620596264997,0.10926481302415267,0.01618137730145993,0.028267641289119978
7Networks_RH_SomMot_24,0.3490317308346131,0.4092178751459945,0.24988513886380714,0.17014893099064,0.43628595804786396,0.2259345220434498,0.4175006153949679,0.4576544887744666,0.4157749447929904,0.28444684441697693,0.57374492132459,0.3195886279599574,0.3099193896847528,0.10378988901823447,0.4069810172143769,0.11862111125380562,0.5710834414020167,0.3043925392771564,0.36916943256677176,0.1819489231590109,0.22186328357174248,0.15786109426747336,0.35624846285646045,0.33493502510928447,0.14473632603466197,0.5784576921896284,0.3921373880939483,0.4278085890257074,0.3555822672515393,0.35320348664782336,0.21342109953139254,0.205472343145687,0.40828519522007634,0.4557589852336291,0.31850519348679834,0.28936250699914906,0.22577835041583305,0.1718419864983428,0.3632414709146137,0.17602267322635998,0.3214228625632239,0.36296017954644894,0.21961127444479991,0.432822170188481,0.2487672283900685,1.0,0.34151330072016844,0.4064945372275127,0.20270138936791865,0.3694037442229271,0.04294345073756578,0.6300463440768735,0.5089157528135072,0.06274524717350873,0.5856908427541189,0.353235552165723,0.33092383092897254,0.4999627084698409,0.10118981844696526,0.26738592133348704,0.5586694166773782,0.21121997594057007,0.04084890142087446,-0.03956211895529665,-0.023655646775578763,0.026221161915714584,0.03918364187248922,0.05533447202318494,-0.024910564447025513,0.014889870829984775,0.1074956011768023,0.121399957411993,0.06869349539866183,0.1011433464596494,0.07130152740698405,0.021250787021076366,0.057116073362775854,0.032549113072512945,0.03771339787011892,0.01944399511299298,0.09907778664487074,-0.011956481595994509,0.036126027263706714,0.0958689186138165,0.11476784648306906,0.14853136653874843,0.010096275276773618,0.03812100407562841,0.09618925514725411,0.07352624545576217,0.1368729147975308,0.10074191528189226,0.10678279668425761,0.1254726083023356,0.0973657246723512,0.07147729283919195,0.11988874850607534,0.18041781084733835,0.1063141621237895,0.05386098867621889,0.10531544394748343,0.10820264439618285,0.06624817969338374,0.13957894590438694,0.053581290819844564,0.09672951211136968,0.21175145085659203,0.16601195078948341,0.13624475484135884,0.09782917400432008
7Networks_RH_SomMot_25,0.09563044413840223,0.28677874353341903,0.1860700183429608,0.26828053409830077,0.3323205238027415,0.32373030585325496,0.21379928946688714,0.26262750657172484,0.25105230199746814,0.27997996555378746,0.1801137068605882,0.2680480055150626,0.37455472533748596,0.22792529589506627,0.3658590728343938,0.22976773018998173,0.2879626276874499,0.0013738423494292437,0.3542981808256878,0.2240492968439248,0.3035864188998171,0.25281800898055784,0.22494701631994052,0.13125529853722345,0.30619060865434855,0.30641170268464957,0.031483835137398115,0.3649691783570226,0.26660743095915806,0.21270632031950668,0.17210813535055877,0.3685884746889332,0.2693603468900713,0.33192304381420146,0.2266830230401578,0.3840774201290799,0.20573525665291825,0.32120018817282275,0.3324389139495712,0.29599307570521055,0.3001836625991828,0.2752943603771146,0.43110499822236364,0.5563908225873967,0.6685965913779411,0.34151330072016844,1.0,0.6322872980410021,0.4116856391410328,0.4806336599253035,0.43186046295610814,0.46351025222499737,0.3815759968137006,0.3307945698701995,0.3993917002571923,0.6317284735445154,0.5432486731305264,0.4017718561713761,0.3457236224452417,0.4057560614459659,0.4402631776245584,0.41448807034613,0.04036576153943346,0.028773156400459955,0.03052052729092358,0.08396755356842887,0.05769655726188387,0.11637734792702137,0.0768347614611481,0.09230211485112773,0.016314184519508185,0.008735132388003193,-0.0010895986294623722,-0.03363428603901203,-0.037952912038732495,-0.03482478109545066,-0.001210393765548345,0.013925579265940421,0.1278205139455018,0.10255090780706444,0.10068628830889852,0.06802669615292677,0.07155334032730809,0.11055566907407244,0.09523241976981331,0.06629717707740547,0.07148918856664277,0.10322315586498336,0.15697491192373453,0.024772088765484007,0.09302724281147288,0.09274921843005825,0.09684916815522239,0.10274575253633046,0.03410669591588783,0.010839284779034489,0.055414243217126145,0.04559946499360162,0.02610653994060522,0.05709863332408329,0.10469939299758294,0.05918629607768359,0.029386989238379606,0.09008461154949732,0.021568202101050808,-0.018400512539765147,0.1156867857435216,0.08779473558832293,-0.008564267474697613,0.02412314919140297
7Networks_RH_SomMot_26,0.30616142866386403,0.3698091728536576,0.2610379778201799,0.3402204235923197,0.42490647808520304,0.41222588892221007,0.2911120628486131,0.3653576202145202,0.39041165859410715,0.29462672411829505,0.22501914331222542,0.24950581609511832,0.5708323100607561,0.15790160967790015,0.2437372415341915,0.10945757512958194,0.25320903678672724,0.005734328638389673,0.5731965928857014,0.1378102862005625,0.31097789314116037,0.2560299538754971,0.2229030277835911,0.45269943238632954,0.23160890681146568,0.4312203473183077,0.18295302498171812,0.4542974105329817,0.34839727482119637,0.4737794877472688,0.24436294176759488,0.32497526600391075,0.4547648926226695,0.5061225879410494,0.3439652447961097,0.42290118541604854,0.2266078242529773,0.3081280616169861,0.4240722625746536,0.33022742796207744,0.35119349500869473,0.22787835219767533,0.48841193619054407,0.4267748888193774,0.5752113120149316,0.4064945372275127,0.6322872980410021,1.0,0.34460022941640417,0.4460317561422411,0.5197360193502802,0.51018427607186,0.4487228836741061,0.28536548937637224,0.6276383715692955,0.7002928352500976,0.5006036529857362,0.3629441337172766,0.45289095135472923,0.5745494323316072,0.6325307434646525,0.48443543798974203,0.016128240855886298,0.016560680172752945,0.028174424589521938,0.11046562324074233,0.05945613419797562,0.0839325832571272,0.042479802266844294,0.020449161333543655,-0.01631633457149331,-0.015192475515678431,-0.02604024332245215,0.01380218431377622,-0.014075018924625341,-0.025043325555365516,-0.015145829262072063,-0.010510005366966679,0.1110731147124035,0.13307957342109325,0.13488746975096705,0.03073349629042893,0.06760997069773862,0.08756971719860182,0.11973041450540944,0.11742595155399144,0.04471406852824731,0.04972660677170201,0.09500157092500727,-0.027703983701779938,0.033546435829697935,0.014236765092789299,0.044521251473750995,0.03544105705822317,-0.05069505517583662,-0.0691593334474865,-0.03473536004200389,0.029179023951747575,0.05102855138080809,0.04946585007899396,-0.019661404489314013,-0.0044324297942359555,-0.023071146918916992,0.1096570299971993,0.03328872886554805,0.010804241796033386,0.15503360718102188,0.14728841899510442,0.038367546884408424,0.09556750074300151
7Networks_RH_SomMot_27,0.064397332703825,0.08719618959434546,0.0022827923094970565,0.03458985443430057,0.06630875648173103,0.10706789274154345,0.09080368836643898,0.1397198049223733,0.08934967747864138,0.29878780422944534,0.11098769361408896,0.22971995264576223,0.17634400792100421,0.3210376524664807,0.4198567887410996,0.3950373214807367,0.29400772756377896,0.22666335373391192,0.2692773740106569,0.26713035775506905,0.2549415978135484,0.36207371779081304,0.16721828323207508,0.09603740593686842,0.35752427743511933,0.21015598307123784,0.05264520277609192,0.4179234612625002,0.3635940075232178,0.1694806848270564,0.16589415427524412,0.15645208427686608,0.041119971574403766,0.0719563656534167,0.030482461561990106,0.025224620893143677,0.15928909729455998,0.22548926581483086,0.020006364977709093,0.23717385787490813,0.25798214243751877,0.27981767532570156,0.2270091286761599,0.18140812023735545,0.37758891391640176,0.20270138936791865,0.4116856391410328,0.34460022941640417,1.0,0.49953482712881614,0.548285244971773,0.37055364004676633,0.10456891779412794,0.45922587856997715,0.32324528048133183,0.32164500683384006,0.46993494484872766,0.02692006681814558,0.48063808456812934,0.19712060816296242,0.23244292567972458,0.4452181790689406,-0.020485556179855723,0.016880922007141905,-0.01865553421503949,0.017866436555416525,0.062480995735315556,0.08129702444937377,-0.0018600708313752177,0.04121195654776105,0.01701353726625105,0.08137587735607836,0.08549334918475832,0.0004393939226224217,0.01569227773959866,0.0392953471501332,0.07082534212505442,0.07986328028731421,0.1902348298108369,0.19792653442375505,0.16866610997139325,0.11250814710991518,0.1707173108557642,0.1862666275483101,0.1683944137921535,0.20926759359961808,0.03241422402951849,0.05413149205722573,0.09412630283157387,0.031143941311431254,0.13667344882043264,0.16966829102358488,0.11674767696234614,0.11636401514568873,-0.029301063654319046,-0.035208387132071285,-0.01180680199478169,-0.03240095076063183,-0.023673424164530294,-0.008938522107696828,-0.024451122970295995,-0.05128057016221896,0.07263878779087993,0.05607626245618743,-0.00583101926685079,0.04979492606201054,0.08001146344298983,0.05774543115291639,0.048332629005632316,0.0026255220237577388
7Networks_RH_SomMot_28,0.18917727728020667,0.2279310972154064,0.144550200671701,0.12553648400534606,0.18011914526872924,0.15422999281835534,0.16683835404514324,0.2374282860620232,0.17892798371509983,0.2642085570626036,0.26524700485693714,0.31073679211649813,0.26636172557276655,0.2813156110093597,0.3501844343901253,0.2095033098467188,0.3168131017865679,0.1541727510759005,0.24480735821466887,0.4332813657194828,0.28458492250780404,0.327642644819116,0.17029514728894904,0.14902554295946394,0.404949237533593,0.369049313450784,0.13441433544289366,0.3952770899754137,0.41965589135173165,0.16667147219691242,0.2982659207187842,0.3651092688550116,0.25847597460017874,0.229734116906604,0.2741231145392837,0.1770379217194007,0.16940385550447765,0.2001573110336213,0.20786320025505725,0.22022516593866207,0.24412551162424012,0.2924685876777573,0.3285577275598232,0.35693790713142526,0.5317852081193155,0.3694037442229271,0.4806336599253035,0.4460317561422411,0.49953482712881614,1.0,0.3240666340238346,0.4584506211048784,0.2223580240581266,0.35986010320710105,0.3299085175410955,0.5535815269948003,0.6725324147108929,0.20575964492647755,0.5073683672857484,0.2651845037874243,0.44288745010830205,0.40960780038983696,-0.015337148403308114,-0.020997449405628817,-0.051339089901746876,0.1098762439765087,0.0979702931487251,0.16490520024633748,0.03430474549151312,0.04743971162051526,0.1346929169274364,0.138351057349542,0.16035678339589535,0.0197304723373922,0.0740382658090728,0.11199268329416913,0.14124103787208872,0.17593645670640534,0.17434266346754354,0.15697020139153695,0.17488164538422438,0.05819765991829494,0.10557740490823186,0.1548137646998445,0.17687704352008324,0.14650318662951797,0.0984709652785234,0.1602469112755047,0.20118109662417447,0.06068906762502968,0.20073901825242468,0.15742715425756482,0.18830702274904199,0.20412572383935262,0.09553965521118414,0.035174803532960534,0.0876104504493354,0.1282297355893524,0.0856063542897299,0.10151704879325549,0.10989499924180497,0.08965775532598264,0.014145886625661326,0.09950964326728172,0.0473793601592032,0.031037780164615576,0.14861235060782405,0.1079601354857326,0.028710229361012186,0.02987171511585002
7Networks_RH_SomMot_29,0.004418190489585519,0.07651093728487073,-0.027896100276658047,0.014012595153481595,0.01675807102244178,0.1696775368724941,0.020588945469836473,0.12424815792510883,0.13540852284072782,0.153271956895328,0.004915677497706086,0.18428503831192408,0.33021568924513334,0.27080255204006043,0.18636100641379813,0.2945459377660112,0.03016958981601223,-0.01985276403378063,0.45020878657059543,0.1754220073707217,0.3091960534240247,0.31623725159806587,0.2557602053729003,0.2586604128653859,0.28272413178942374,0.12163490675965057,-0.02202621531560631,0.37825311431118885,0.20019760392615674,0.2848564484166381,0.08553516039263245,0.14857199187168108,0.12160453096043601,0.07379607280741676,0.0657810656613688,0.06886660751374968,-0.03836158351743487,0.08962026794511062,-0.03698677443445571,0.13402298299567994,0.16300006668619066,0.27356435500645493,0.18854938424385956,0.11384313591270118,0.49280571297450326,0.04294345073756578,0.43186046295610814,0.5197360193502802,0.548285244971773,0.3240666340238346,1.0,0.22111121330235667,0.22934973950904627,0.39277728646939225,0.2707498997720807,0.4998507496333284,0.2666060558356702,0.06550551879999413,0.4771951515907394,0.3752392628007833,0.24489776130833282,0.4700571204049673,0.0591477661897287,0.07587300758760213,0.055141871397634955,0.0648997201147203,0.05125749434477958,0.08441319561516536,0.07444743832450784,0.06122315056293792,0.04732677119843073,0.04760497505218968,0.04383285925800968,-0.024584926491958387,-0.0018516144454750732,0.004974791736656518,0.030975916204799166,0.036774552184617344,0.18604614576703424,0.1583441814217346,0.15049481018207558,0.061482786084107566,0.1187359986746895,0.11550016756286983,0.1473553571329117,0.15261178152240462,0.09887122759435943,0.1060718387700249,0.11925599746885178,0.03384213044752739,0.1431377650511336,0.12187629266286147,0.1285504553651024,0.12065480322036509,-0.044192310417787546,-0.030229049333853824,-0.0017538015008099568,-0.003057454297302071,0.0619547346859117,0.06764998718950056,0.030948865649822844,0.02144761921722197,-0.06545463262712453,0.017240824387472185,-0.054239030885856784,0.03540917912424004,0.09953831466754393,0.10085189134213278,0.003514439839130085,0.006724246541822565
7Networks_RH_SomMot_30,0.3307259230986741,0.38713670870634853,0.21890964268184823,0.28389849497122654,0.442630817259339,0.3132213393225801,0.3734968289582681,0.46733944220814927,0.36627496102955787,0.382642673246433,0.4836652446121233,0.26987482287100933,0.38636070992279753,0.22004009853924822,0.42579327664007044,0.3008498897727834,0.5976227322398903,0.30155553258787704,0.45376541688218636,0.2356343849963695,0.34070672532539426,0.3274139450155769,0.22857063088668575,0.3541425310385677,0.3989680577992436,0.5961693871743805,0.2561712683884688,0.5362555058731487,0.423286102424953,0.39804535792516355,0.30365128200102287,0.23259978507906934,0.41800444401865716,0.5131629389890079,0.23687885099029848,0.39733212313657434,0.35321729339034647,0.33295818784531533,0.37278665741569017,0.32717422485264963,0.3718521331366641,0.36188312931555644,0.3703891839782024,0.42884919668474525,0.35989437008132447,0.6300463440768735,0.46351025222499737,0.51018427607186,0.37055364004676633,0.4584506211048784,0.22111121330235667,1.0,0.3254661622485792,0.4204818693190844,0.5301780655749002,0.4835546722931499,0.4657791572786905,0.42011089933119916,0.3284731171291878,0.46318344827848973,0.5477358697380355,0.4623971679153336,-0.009121111421356829,-0.05884220530543875,-0.08057439023635496,0.02541111835249232,0.03255521507008813,0.05985987124620361,-0.06615643178369461,-0.05808931752403901,0.06301179832684874,0.052982684334887106,0.009982063199797088,0.015573185107207533,0.008148952746460731,-0.019448581335672697,-0.002926585037283942,0.009342602529247864,0.1430867858073933,0.10917254090783794,0.16188631381947244,0.06249579009144909,0.10888968451655226,0.11587054043651887,0.2024516035620944,0.18855287511694635,0.037607124876994885,0.08574487457602002,0.12002393690028705,0.0342458060318028,0.15460675496683385,0.12525771182219658,0.12590020394310533,0.13101707000810958,-0.03831385401900411,-0.05223543136937595,0.011786429397271229,0.11290181136370545,0.021276480886137743,0.013875752671773435,0.03813364590656848,0.03166171292427381,0.08548509486872403,0.1399643517747768,0.050002962137421496,0.10422011928560396,0.1878380777495378,0.15011663103219852,0.13980012084643517,0.1041997939730487
7Networks_RH_SomMot_31,0.18951630397732444,0.1816307230144398,0.08661330283080043,-0.018289868862052267,0.24003289885996007,0.09274876037556395,0.24218758971886964,0.34622979342640225,0.4388930175731314,0.028348831706667667,0.29554771403472463,0.3268089088194442,0.2497241403032471,0.029896284147344722,0.20951749443869155,0.013670443067793601,0.23504307276597278,-0.007474237685152744,0.3342537880132163,0.1258769840093994,0.10193120229481807,0.020286097701961717,0.6605852853396025,0.23509577427218278,0.020077048585427828,0.3582860066371859,0.32812498508433935,0.28604089892826634,0.23423292645243443,0.2566237747211631,-0.051158025438287805,0.13618413551702688,0.21519307925944392,0.23397486792099734,0.2052650166235068,0.16722204400000928,-0.11471127293939412,-0.10003479750868767,0.2120468279337121,-0.09878457882484297,0.05513744144978249,0.20469630989644433,0.01147519168871898,0.3794246415424628,0.3816506944962037,0.5089157528135072,0.3815759968137006,0.4487228836741061,0.10456891779412794,0.2223580240581266,0.22934973950904627,0.3254661622485792,1.0,0.10980524548172424,0.5021934444369697,0.4014238505563808,0.21621371823296384,0.5676729078649315,0.11819504917217204,0.1793063053692586,0.444465007301314,0.14986880191843172,0.10407153979549959,0.05418660453332808,0.06643965144137258,0.09026206246881131,0.05853526510352106,0.11869373114883977,0.1307904487971699,0.12216491686301499,0.08875992066684636,0.12786052900781086,0.06999274128019023,0.0578436594094869,0.08630475214466538,0.036313807938490136,0.04674856588056146,0.03897986865744351,0.05247598848786726,-0.006915732601599169,0.01033823908490789,0.005425197036599538,-0.027755625666766814,0.007469137190195594,0.013821208107415488,0.00026724806320524506,0.08464763358809246,0.05309965854921067,0.048289241920969214,0.022796173547665645,0.057144408323549806,-0.0016510133433582028,0.046820667404002154,0.0589415155227491,0.002078462078340629,0.03913790651966735,0.08274543636802378,0.10067751984644635,0.13930684675087962,0.09834477923340554,0.06273617877027486,0.09357924696519962,-0.010994186558686373,0.11784612485685612,0.046691071347535834,-0.013655817893790402,0.16143252568606123,0.12500285322603166,0.0037944786597488163,0.008199362359543706
7Networks_RH_SomMot_32,0.012242776509382965,0.1638803812531839,-0.03342163745148809,0.1178050688402368,0.11032854343454333,0.16187916703902525,0.12093751922369274,0.16097420374095914,0.07746928839501023,0.2297366055704908,0.09139606318290613,0.18330339252599157,0.2120020919692199,0.17402900571704544,0.15973496298467108,0.41531349395831507,0.1308562604066966,0.1441654813801737,0.2949140554344529,0.2884514284967701,0.259734092501878,0.3092795267520096,0.16300122538487677,0.1032505457979251,0.5998994501756337,0.3227263475208833,0.0377423628242242,0.34846264768365315,0.3928011599887519,0.17531289434925088,0.11509992775117184,0.17922485947176983,0.06903502678386376,0.14608680426920342,-0.04893749482431793,0.14689064559878118,0.16700601893751044,0.19560322690051685,0.05750372121303417,0.15866121822939763,0.18676995339716976,0.2063598793971709,0.18139775464595428,0.18546195616929553,0.34317394995570355,0.06274524717350873,0.3307945698701995,0.28536548937637224,0.45922587856997715,0.35986010320710105,0.39277728646939225,0.4204818693190844,0.10980524548172424,1.0,0.12642214074971292,0.42344769745378985,0.45147574265221796,0.13250791219933578,0.5788175836322913,0.4807417569665449,0.23785934871857803,0.6388180981958976,0.025927101420799056,0.036742085564803614,-0.0038988553639853762,0.1042095228075021,0.06255957083955162,0.09808679429314233,0.032992400016555824,0.04750263904064306,0.024932696910785958,0.012237182695950333,0.00954307953764362,-0.05793938771585601,-0.019262101541886754,-0.0020274809353987054,-0.006637957948752581,0.020514687351930783,0.11688549346697767,0.12222145624002446,0.06401075548663294,0.12359000330778877,0.15182960751693314,0.09915045636044484,0.14997386027521176,0.09252460909741184,0.0991110308285668,0.13848628259447482,0.10863396610098157,0.1169617227066488,0.1436725691149757,0.11233072476737194,0.14815495359933162,0.10691713835088001,-0.04817321896651552,-0.1192842999996402,-0.03769167051515205,0.07899885796344341,0.01950465925796823,0.0821057449990553,0.06467265131743846,0.019972218821873045,0.054662593281794146,0.01687953898552115,-0.005947112993940339,0.09730105891919406,0.09644167976338387,0.09301994933842117,0.11699168229540548,0.0652488829640726
7Networks_RH_SomMot_33,0.33475290581724393,0.3650319571926713,0.2426710282957405,0.2654451035983358,0.47915841733360454,0.36168441791977696,0.34439696183744156,0.3985989675421853,0.4047975087505191,0.33651558335167564,0.37509447908680915,0.2580270058029234,0.46961937975611867,0.04731485205841234,0.34247060519622524,0.08124919807823927,0.47127233411256125,0.24371203372362302,0.4413184377085824,-0.0016934572475230303,0.12176276720021603,0.07879210860964488,0.30547303521273406,0.4143181793196397,0.07183780577845998,0.4991354399199892,0.3623340988605994,0.42429882437207034,0.3094316220938798,0.4803965158031674,0.26864641770443604,0.25260459203602853,0.40133651082624494,0.4670215419778977,0.3303074188698344,0.33437100122436186,0.24336397930657674,0.27495117755150417,0.3744968758858875,0.2934323419837839,0.37123893762153853,0.27824981734088505,0.3796238242069785,0.38090505152482984,0.30720083233473905,0.5856908427541189,0.3993917002571923,0.6276383715692955,0.32324528048133183,0.3299085175410955,0.2707498997720807,0.5301780655749002,0.5021934444369697,0.12642214074971292,1.0,0.4613247312331218,0.3912698071542645,0.38037819032661424,0.24900207836965327,0.3897564347846738,0.6327147572068014,0.35046741416527116,0.000940165883861886,0.007655963241405291,0.018031661864839853,-0.0004280170992178629,-0.004154226686188516,0.015153359970229908,-0.028171048771858175,-0.019790506448454724,-0.016317952270919915,0.046500448081980214,0.012353565571028851,0.02037508734704105,-0.005595975145642916,-0.05045817391092054,-0.03128157106868366,-0.02332207382113011,0.06411864805838695,0.09384597764961722,0.09850990854685998,0.0030262691370773606,0.06491964529540571,0.1129603498328432,0.08764149727809872,0.15074326872337274,0.055006317018802056,0.08569668650219717,0.10418593774897955,0.0307875020445414,0.08239069729608983,0.06822056432153,0.09689392457367596,0.08860632556750743,0.008691939886765688,-0.03556769629137971,0.007584707863263948,0.06175665495795013,0.020277213184544986,0.0006715907119187259,0.002147703099558684,-0.0018745156297268356,0.04688063283673514,0.0890097888910814,0.017977637265407347,0.016543350717294236,0.12195210891816344,0.1040231382620865,0.053621861921649756,0.0607166299090404
7Networks_RH_SomMot_34,0.20891277067040304,0.3819699395381297,0.1619723871084386,0.23645934040196936,0.32003213172738254,0.33741807622820047,0.24658430632828146,0.33586761284948935,0.306848061078191,0.2800710731922079,0.22640069470178112,0.32901813345792413,0.5200003724375791,0.14858909710462803,0.1973748242621567,0.15249399239410438,0.2563268377205777,0.011917103148687462,0.551472112149898,0.2877316311094354,0.428505620449339,0.3238435145098836,0.2937721550142313,0.41510586854170456,0.3962055021488063,0.46821935740213294,0.10360789384760291,0.5027475468383519,0.39944315003448,0.35543583984105775,0.2257768495407481,0.35854563684978724,0.3641755391473335,0.3709878648613391,0.2679683722028755,0.3474168086114082,0.14964689788022328,0.2557545686952949,0.2864456371814434,0.2351086527107192,0.32870409288051416,0.2890090643049462,0.4090584319918713,0.35711126279705363,0.6388535718203641,0.353235552165723,0.6317284735445154,0.7002928352500976,0.32164500683384006,0.5535815269948003,0.4998507496333284,0.4835546722931499,0.4014238505563808,0.42344769745378985,0.4613247312331218,1.0,0.6596517654731159,0.3231964953171489,0.4319532804095256,0.5515740811799421,0.5398678480656454,0.5216114172484736,0.0019031356124995645,0.03450552222611583,0.023633795170971902,0.13424083325243116,0.08926318565037941,0.1528508412527929,0.06923428220580852,0.08061398373358207,0.01555957929189928,-0.010082203477324594,-0.004918497613148236,-0.08103325939272202,-0.059600454248015994,-0.0560332767269184,-0.027936051381320947,0.00019037931767135758,0.14128411574006403,0.1268002520941809,0.13126319925854,0.06256327015202744,0.0994074352301078,0.1254742333063778,0.14161651144223894,0.10469159941778264,0.10887249440248636,0.1529245762668931,0.17851318878830144,0.02802707003686181,0.15313772940920714,0.09988689037366254,0.13736651188284688,0.1471201277088791,0.06739569280361384,-0.02318621358707815,0.01785452683927716,0.11599080926461935,0.08340284299357544,0.08666244256923518,0.11563411674367702,0.08134560172174206,-0.005849535215629165,0.09732463902198785,0.017150099635978678,-0.004808268584801637,0.1469374746237848,0.11040285887253741,-0.024481764150554346,0.05078268801425525
7Networks_RH_SomMot_35,0.1513845920285986,0.2869361254489455,0.184869941570672,0.1820901544083895,0.3094545034090727,0.2759434220661819,0.2516892704894106,0.21627303656514232,0.20172818412369117,0.31988464755696205,0.22930816747909802,0.28237747481018655,0.304588333675575,0.17910231024595716,0.2874763287162998,0.18516952574925866,0.3170928944052063,0.10506588520147453,0.3058550158366572,0.3454836096872059,0.3508571254149107,0.3592579851203817,0.1379050612795469,0.13689610048007408,0.4700619653512309,0.44391900702233783,0.16238967078268193,0.45246288291022585,0.540657190220563,0.21759341652871386,0.2772981434574835,0.36886713225354667,0.227312300153206,0.27034527986848866,0.23684040531548178,0.25223587097760614,0.26774371743771624,0.32650060265193787,0.254778430273751,0.307930592028788,0.33214365574102245,0.27390511877517293,0.40848656658692134,0.3869216461729143,0.4782134946978407,0.33092383092897254,0.5432486731305264,0.5006036529857362,0.46993494484872766,0.6725324147108929,0.2666060558356702,0.4657791572786905,0.21621371823296384,0.45147574265221796,0.3912698071542645,0.6596517654731159,1.0,0.23907769120011985,0.4982715556910549,0.34670568229831566,0.4781940802720054,0.5250335505744986,-0.02332501191177102,-0.014510008975192322,-0.04114999043426095,0.11651046443217729,0.07408650096635824,0.1307021773906064,0.029383308151341134,0.04668170471538454,0.027007285778529906,0.05674784184405545,0.06854639091765904,-0.060310888593712746,-0.018423923994116055,0.004853658244746942,0.03394592587672109,0.07141693083066337,0.135334291935085,0.13594171807450317,0.14614630853122398,0.053792408367239426,0.06513588583934495,0.14379300735232725,0.15633997325014687,0.13733250807810096,0.06427582008816249,0.10381132464851424,0.14771889215309283,0.05795774690974688,0.1482109850759929,0.1408285969302269,0.14095046205493786,0.15931284100116924,0.09384442230851735,0.027133116811043398,0.04618035469496821,0.10360562464835701,0.0528935644208495,0.08955630988845002,0.12211194563633718,0.06835477882051705,0.04374820464861934,0.07463127358880621,0.03120714080647364,0.021066207607362004,0.13216446310134003,0.11032972774474395,0.02713450720066903,0.0322977319812578
7Networks_RH_SomMot_36,0.14196942526967263,0.29529749540194006,0.16724318329682633,0.1797244074562946,0.37798894068014177,0.23412932346867277,0.20096289795844266,0.2603050556109296,0.26393984548631183,0.04889575207263664,0.2548457276792266,0.15899822743833472,0.27397957513188204,0.06705282593917872,0.19888331347803984,0.020986308483419425,0.26201219987142604,0.08105701436204754,0.2668732299997453,0.1991119457420186,0.14653245342649315,0.09860194303211875,0.3907647743257652,0.28633884840253976,0.06629036817976937,0.42777912228100656,0.4258633775131764,0.3130349860004022,0.2568006433216504,0.3654385730104537,-0.004176581152571019,0.1511388527558935,0.2501762533224351,0.3398633883520803,0.20591694260461665,0.3385505135887748,0.12452546071768716,0.07913407212852334,0.30992015090395536,0.03132114951366649,0.09202228182651578,0.09506813024702802,0.17692059484572709,0.48462628311992184,0.2728597028023693,0.4999627084698409,0.4017718561713761,0.3629441337172766,0.02692006681814558,0.20575964492647755,0.06550551879999413,0.42011089933119916,0.5676729078649315,0.13250791219933578,0.38037819032661424,0.3231964953171489,0.23907769120011985,1.0,0.1357563366156579,0.3721490274440677,0.6026956905865539,0.19684767704075584,0.06989652304937935,-0.06141144035673809,-0.053534971360934776,-0.006646870514380473,-0.08217769851834662,-0.02357386532587163,-0.019801001802924725,-0.02022491943139501,-0.04527517981677102,-0.0083589231585776,-0.032784236764674304,0.035556009336268075,0.05473180983739607,-0.005155563440776751,-0.02500916453183648,-0.03816334102385575,0.04481725259324487,-0.050439416855896355,-0.036179659121367,0.06979094544116862,0.010795930334560791,0.06069785431299086,0.0458305267200162,-0.02691751957668148,-0.0307088245191335,0.05192075219142162,0.04966980099190001,0.10749483813599475,0.14335405294849538,0.1065929777535065,0.05539475910117354,0.07482118551752312,-0.013117739938707929,0.03975562355124379,0.10396447238367872,0.026960401712593278,0.03427551176598574,0.05436868424015286,0.07789474413968389,0.07537066576548455,0.03340471866341326,0.08859467670856117,0.004403618355570089,0.012320431349058112,0.12739198255134118,0.10207224148483245,0.02212975162981167,0.04396868911393562
7Networks_RH_SomMot_37,0.008420350137686947,0.12975404234380705,0.0867299762064895,0.1488862476863862,0.1317455863100592,0.1931076050437811,0.04951005964944611,0.09014397711231782,0.11818162657994166,0.18360258780142258,0.10723548033572973,0.12945301991201383,0.29214366819533805,0.2333448065581529,0.1500368825403912,0.20880903717539886,0.07834943386813449,-0.012628416675825647,0.30396177836781096,0.2975728938177925,0.18759790509138,0.30575079266415406,0.0916027513367821,0.1921622193426121,0.4787902513904572,0.3439066344661538,0.052994396031597286,0.3702979127510394,0.4709090352014862,0.3812087726593877,0.1992242364831538,0.23883682793599198,0.15688874182596213,0.21281881101872344,0.09648166127352177,0.14807790667258602,0.07313254879946893,0.1814079577851324,0.06199351830833716,0.1713541159426908,0.17756618957436648,0.20352272495478455,0.28363244124073195,0.1795126336791901,0.4085584384801239,0.10118981844696526,0.3457236224452417,0.45289095135472923,0.48063808456812934,0.5073683672857484,0.4771951515907394,0.3284731171291878,0.11819504917217204,0.5788175836322913,0.24900207836965327,0.4319532804095256,0.4982715556910549,0.1357563366156579,1.0,0.5307976294093695,0.39833963472427725,0.6439603256219761,0.032730672177821794,0.05773915661114673,0.019372675904100224,0.17199436546392813,0.08841883538455123,0.11626964300007094,0.0503837813376721,0.08133546207867584,0.05168764208607348,0.0629245106766178,0.04982584984989397,0.018413329243193766,0.041016091543971005,0.04954213208824807,0.07006210427139992,0.09283776427736315,0.1873200015644721,0.15599513158167444,0.10380844526555243,0.1160488951698312,0.12474535468685308,0.10882501167753625,0.17064252390187715,0.08417869264166422,0.06148183888709992,0.07580849176985599,0.06877806362416228,0.14214389313696033,0.1850748052759721,0.12473164714690893,0.11053660210042365,0.05409085148214236,-0.08185687850955688,-0.09386191714762668,-0.029436735603060885,-0.07787649833812409,-0.009917312643555016,0.04040599615984995,-0.03425430467856959,-0.02270405819132656,0.027549936058882937,0.07822894186474241,0.021158450570083275,0.09201074534013275,0.12692909048121914,0.11236788011200224,0.081371495049176,0.06309434133484608
7Networks_RH_SomMot_38,0.14339071515598806,0.41724232580642373,0.16405862303047697,0.3596008011073592,0.4320887620768218,0.4914973433649575,0.20734681412920092,0.22171702127352036,0.245989201256484,0.2497598639180545,0.12852072467310963,0.1043769585698006,0.5286668612429785,0.04059727607878748,0.07041701115847034,0.18319855158556084,0.19413699487709968,0.07769344613286798,0.4802686207595474,0.09854470338260661,0.16501409739046258,0.14418402355925264,0.092627996759354,0.5390050742536845,0.3850284677745507,0.5386703740613612,0.12481938562071047,0.4532347389848203,0.3645501143063712,0.6750393008066085,0.2652657915018425,0.27451520768180376,0.3446302338346282,0.4742741937719008,0.20253085354224537,0.38906142981481623,0.25200458989195373,0.31872734509638667,0.276576010443972,0.2864824048348085,0.3023880891782695,0.1872071268873137,0.4779901879905405,0.26767396904043905,0.3162577671882203,0.26738592133348704,0.4057560614459659,0.5745494323316072,0.19712060816296242,0.2651845037874243,0.3752392628007833,0.46318344827848973,0.1793063053692586,0.4807417569665449,0.3897564347846738,0.5515740811799421,0.34670568229831566,0.3721490274440677,0.5307976294093695,1.0,0.6490192479494307,0.7040834599770387,0.004610895108576977,0.0007310108103920374,-0.011196656190810582,0.11080046320387042,0.016705772533157352,0.042552636423634264,-0.006494202493917182,-0.006487470961247168,-0.10495842915516744,-0.13127355779773253,-0.12358534214578316,-0.08831938005419271,-0.11321138204736308,-0.1296863707023162,-0.13418688722014666,-0.10706917914077063,0.0035966038130627177,0.0521849778106595,0.0028278395975425783,0.03967995261000262,0.09667032851780753,0.04524625584992311,0.07425852093597149,0.017799344782410898,0.03198593062211007,0.06986812516949735,0.04572287060808011,0.09234947760011641,0.1029375707974558,0.060734387578769256,0.04939221793056404,-0.0007340860934922276,-0.1123705488443101,-0.17115594108618873,-0.11816082822802011,-0.04928915269495548,-0.05429138575153297,-0.001391200564670409,-0.055164234986589115,-0.03335435785149194,0.005088014339825895,0.009012919999940984,-0.03308251767194718,-0.023622492336610085,0.04692150458248851,0.06347496786046658,0.024296888662884174,0.0781028037412235
7Networks_RH_SomMot_39,0.2819808367151964,0.4105658978632058,0.2680871874014287,0.29823220616110246,0.475175010123346,0.3813409178563135,0.2552698205274408,0.3100349070671302,0.32796048312423043,0.20886039922648883,0.319536591857512,0.1794765993012514,0.4452985213319039,0.1438540515685741,0.2686080037711763,0.07378120216492487,0.38253162097815363,0.1117710308540313,0.40366343154695816,0.253939028869298,0.22507108620021657,0.20778545015530928,0.23856425076871027,0.5031530696391828,0.25074182134602235,0.6079991798248571,0.3820255732642853,0.527024344246189,0.4518061567299861,0.6144523789364688,0.28135624074234394,0.3353283866336096,0.44407486012838,0.5250281916619148,0.40293491947174986,0.40956249425967245,0.26934495226450916,0.258749050806144,0.4007470305688869,0.23498490886530168,0.2975733697578592,0.22176133441570772,0.44469711012784835,0.41798667188983424,0.3570485139747142,0.5586694166773782,0.4402631776245584,0.6325307434646525,0.23244292567972458,0.44288745010830205,0.24489776130833282,0.5477358697380355,0.444465007301314,0.23785934871857803,0.6327147572068014,0.5398678480656454,0.4781940802720054,0.6026956905865539,0.39833963472427725,0.6490192479494307,1.0,0.5128768188374012,0.026652780301930235,-0.027183270075402614,-0.03551604735487125,0.06814500905044418,-0.008593900576117416,0.04448963073545486,-0.012279673817173294,0.010641472196203039,-0.04338667127087033,0.01252080238442432,0.0067256570350619676,0.01615013764043518,0.017965682198782217,-0.007600060683024029,-0.0024105733444540404,0.022846343823639658,0.050457813292466416,0.06762553568866693,0.028214102261673184,0.05749087311185069,0.09285898288736343,0.10043431024046129,0.1229342339806502,0.05101202026325022,-0.0092145971421031,0.08740051092477963,0.062489215301645515,0.08551391399054445,0.1441534907505554,0.10029358819119788,0.07906180486282438,0.06177850526656109,-0.056062906150851126,-0.08176055189615347,-0.0443603268447699,-0.01772136213070139,-0.02220531771809824,-0.008406265780412722,-0.03848944277111549,-0.01623120733324501,0.013425335176053557,0.09299771815477578,0.0009849393975094472,-0.015680223047862447,0.1155807599962764,0.0888403225504325,-0.0074745909464034,0.02808522563821082
7Networks_RH_SomMot_40,0.09508739037282231,0.2682161420435946,0.03913222381725096,0.19697407633177463,0.26532926047290656,0.3370119842416698,0.1698637327086185,0.15568714976222797,0.20658519462818173,0.24945762951004055,0.14323278821288604,0.1666506904670584,0.3952108521788781,0.17964891310774003,0.22039756122934528,0.278146181166133,0.223593020994462,0.08284379046842813,0.420286171707233,0.22367649450547983,0.25875169685274035,0.2936564385047788,0.1595893195614102,0.31986622957966254,0.5788976100993032,0.441566141134539,0.1014810776417518,0.5480588647327234,0.4777754396218272,0.5110400979629782,0.25667905079417147,0.3181240589362448,0.18519127022626017,0.3013582298477937,0.12579170638984236,0.26147284352471295,0.20502505891850228,0.261905374317246,0.11287203071088665,0.27713554703481424,0.2860476144975304,0.2340118245567024,0.3935858903723385,0.24707322794175024,0.31568644447198696,0.21121997594057007,0.41448807034613,0.48443543798974203,0.4452181790689406,0.40960780038983696,0.4700571204049673,0.4623971679153336,0.14986880191843172,0.6388180981958976,0.35046741416527116,0.5216114172484736,0.5250335505744986,0.19684767704075584,0.6439603256219761,0.7040834599770387,0.5128768188374012,1.0,0.053041498994313235,0.01815719073640256,-0.02528001272036506,0.10170059565215575,0.017299295672122326,0.030099156291284117,-0.003703794002725782,-0.009903683481480258,0.025566937386391597,0.017731317540656582,0.018000970053716873,-0.04138117369113832,-0.010370487611047608,0.01499822514774543,0.01611204105666452,0.06124277487810824,0.0966270698738113,0.15497594957698682,0.06446715633737517,0.12866799823722447,0.2085741126607884,0.16866689983844044,0.19039626521996203,0.10640970333195161,0.10449715151051209,0.16892547482057393,0.14331850074169591,0.10699612015587753,0.18868174356448053,0.1617005206438655,0.13809979202938347,0.09655150262560672,-0.025736708874217903,-0.08765187345460866,-0.028082851773996116,-0.011330276964859467,0.012336331489344035,0.10571690951109305,0.0249528701768408,0.009773944673297293,0.04931526303857062,-0.010695701532691799,-0.046220368427277725,-0.005304005480281965,0.04492498179635218,0.06398260488977751,0.03324586023126174,0.03462677141649157
C3 GM left dorsal horn,0.016175219686874714,0.027555400731116318,0.07832686225663679,0.06003576970621126,0.02306289818831948,-0.027162240212505535,0.09176184860421496,-0.02383721757337982,0.027340250465112383,-0.05832592951022947,0.031223734459958463,0.05181070395540648,0.03235398731245827,0.029954091501706775,0.1436561959324754,0.10719747193560075,0.007639314901290611,-0.07287315013172849,0.052411388480605774,0.006013440315966424,-0.028156957452028272,-0.03185351162102049,0.09194776030946317,-0.03957120257593014,0.01376341066693748,0.036747810680705366,-0.006255667482775674,0.05466629703326863,0.022234769085851782,0.022034518220213767,0.024881789073676046,0.051202620496289035,0.06563294449554428,0.07182287915913045,0.1013627678339665,0.10582947954417835,-0.04388701438219017,-0.019189797440064563,0.05622296756513417,-0.0002924556464358721,0.013746639255436451,0.049936331470690334,-0.018565325943122282,0.13195515538827782,0.0206314493550232,0.04084890142087446,0.04036576153943346,0.016128240855886298,-0.020485556179855723,-0.015337148403308114,0.0591477661897287,-0.009121111421356829,0.10407153979549959,0.025927101420799056,0.000940165883861886,0.0019031356124995645,-0.02332501191177102,0.06989652304937935,0.032730672177821794,0.004610895108576977,0.026652780301930235,0.053041498994313235,1.0,0.6103637646308318,0.543292922115757,0.42453285320733347,0.35206259157776437,0.278612942267276,0.5653992656066448,0.4138226202677152,0.28207960028591783,0.26020425179611184,0.22301514198419636,0.2054678881029994,0.17409439185684786,0.12561938183649962,0.21417687151496212,0.1615995022322674,0.06371226969101762,-0.05954168316050585,-0.05329407659511755,-0.014371951561862484,-0.10621284519913177,-0.1366529812875233,-0.0402268267433309,-0.19429802136401206,0.0008247553641523916,0.023192825880474485,0.025388545649390266,0.05624277831374381,0.06763990283451594,-0.014538760578519449,-0.016675060223554927,-0.012057894730909966,-0.022306684268877375,0.04205701040927127,0.09785958131759562,0.022640321339929197,0.09982360357564293,0.17596099484335231,0.06153757633836438,0.08313747542142443,0.06471769749709705,0.04174758063899375,0.08287224830573298,0.0038200499354843448,0.04363449788955057,0.08657015361020641,0.0845237817688755,0.07350735317289125
C3 GM left intermediate zone,-0.004520901768912579,-0.01807902740151144,0.04197117038222703,-0.012788157872290925,-0.1139377472326651,-0.09933700323242627,-0.04541875850025088,-0.08612437660298686,-0.037308016434163996,-0.07268184768364834,0.036256341883323884,-0.007301734871269866,-0.02008764075447679,0.025677904221226823,0.1286551192960459,0.0665401964420003,-0.02329288741597309,-0.09483627786617543,0.01985300181402605,-0.005862396971254873,-0.004658829764486284,-0.00904867894015936,0.02383551002635479,-0.04727327282944898,-0.004096148862933866,0.007318735386524602,-0.09447807720912933,0.048443692268927585,-0.03031859160764273,0.006639316614882867,0.050560656788296056,0.03796148276235327,0.07713317118626523,0.02362682739312821,0.07167090703281793,0.02324772350051647,-0.10593267073176738,-0.06726822892457072,-0.01145357419748824,-0.05896689953390679,-0.03133984365438828,0.0931051485637368,-0.10514571011731623,0.009614555618849089,0.07170920654746868,-0.03956211895529665,0.028773156400459955,0.016560680172752945,0.016880922007141905,-0.020997449405628817,0.07587300758760213,-0.05884220530543875,0.05418660453332808,0.036742085564803614,0.007655963241405291,0.03450552222611583,-0.014510008975192322,-0.06141144035673809,0.05773915661114673,0.0007310108103920374,-0.027183270075402614,0.01815719073640256,0.6103637646308318,1.0,0.8218844958371971,0.37290681737831455,0.6158427528489898,0.5169081892548382,0.6604025341274236,0.6556423974880419,0.23369211294150194,0.27351396806112566,0.19018561310826898,0.1921924044900499,0.2117581726498899,0.16972805242015923,0.168411870349097,0.13671023331140414,0.11554843945338578,-0.040652434132517845,-0.062165342705650634,0.030317608028011266,-0.06693273110334419,-0.10708195649829771,-0.04089932232272897,-0.16046158737294114,0.03814291863379102,0.007821605393832747,-0.007767759052750811,-0.005818989195728206,0.04636178264247163,-0.06714107720794146,-0.03315244815030739,-0.07596752939162811,0.0476655721739329,0.0908873282771672,0.10208073085062831,0.060216703858394914,0.13807000138066966,0.1746980779301011,0.09466122249512943,0.04665676247978277,-0.017794181875751776,0.042329806219795006,0.06110601258261387,-0.015905702057020358,0.019819232539337994,0.04876044806315795,0.016713533463499127,0.05465885419974309
C3 GM left ventral horn,0.015341227220518406,-0.014683200729048055,0.06788027046475147,-0.019901685870026442,-0.08956549183412961,-0.09912117453792697,-0.04782214483544744,-0.07675489676467899,-0.01493243174080422,-0.08423445288679113,0.02744983851292418,0.005959531135935434,-0.038741538022148345,0.02186245531400003,0.13375853657398096,0.05708238835345252,-0.01445241517591152,-0.06190468885583032,0.004898893028428076,0.003380808046928588,-0.0013220281354986271,-0.011183813094226261,0.0281030109873079,-0.05568870060544413,-0.018180447865693637,0.0030619337711359834,-0.08765188063964838,0.035006134460085554,-0.03998416552802934,-0.0036256255555801335,0.0856002519592235,0.029139644002866814,0.10380753068937901,0.019957512909070402,0.06883357166666242,0.04414969386700305,-0.104375133796501,-0.08517717249013629,0.005040060521874769,-0.09316092600033973,-0.05220957579009674,0.10159853213363457,-0.12422053571685579,0.015025193199964057,0.07949457878108851,-0.023655646775578763,0.03052052729092358,0.028174424589521938,-0.01865553421503949,-0.051339089901746876,0.055141871397634955,-0.08057439023635496,0.06643965144137258,-0.0038988553639853762,0.018031661864839853,0.023633795170971902,-0.04114999043426095,-0.053534971360934776,0.019372675904100224,-0.011196656190810582,-0.03551604735487125,-0.02528001272036506,0.543292922115757,0.8218844958371971,1.0,0.25965672196366896,0.4808614889568483,0.4656246192710368,0.6573275352819218,0.7139467216145382,0.19880910031571616,0.24084931912588187,0.15023645941215738,0.1296892370083514,0.16368488006402185,0.11169110609172352,0.12368554644240512,0.08243678765101584,0.10242855387750624,-0.07553771198621125,-0.07666093731612496,-0.010120305583387248,-0.13667051708881667,-0.18178743912881987,-0.10121607345150511,-0.22999511557740893,0.029495223175892187,-0.00700275141597858,-0.03492050780240034,-0.07488302886173448,-0.023022654349032723,-0.13475753550495786,-0.07188933215099473,-0.1435629757326282,0.03433278582985642,0.07686815981398297,0.07747815868792444,0.031775016490599516,0.09296826025116728,0.15037171847437128,0.0734595187973814,-0.0022558233990641685,-0.031167578717106032,0.038395346986186255,0.032206360974133236,-0.007431558785775605,0.017627931119378628,0.03475452930137304,0.0033378317362170087,0.008060745067959863
C3 GM right dorsal horn,0.059149680077388044,0.08215509791863734,0.07023684116881437,0.042148298632554135,-0.06113022725641541,-0.009671463019758866,0.01225416316180055,0.013768341144021045,0.04870744641671279,-0.04137338142024739,0.009090398971793567,-0.006254045975954245,0.07298240017817079,-0.02151771102108127,0.006133790471743149,0.045413270729139324,-0.0016557873985611924,-0.13687140697326983,0.06350730346786732,0.048777620554900196,0.009050909212586878,0.0014859121813230651,0.01181413507827326,0.03506096970876624,0.04197432728424105,0.09846211040684068,-0.06452775782735878,0.06955302509270575,0.08432658620043587,0.07380638260397135,0.026440023371719794,0.08682173972450892,0.08622315343337802,0.09629306994400867,0.05406848746775789,0.0354004438318392,-0.0931690162744756,-0.023011257979963014,0.008894241108295124,-0.008400451126916307,0.02310139102826228,-0.004519236983235124,0.013778430898433067,0.061018726508622445,0.142346479693824,0.026221161915714584,0.08396755356842887,0.11046562324074233,0.017866436555416525,0.1098762439765087,0.0648997201147203,0.02541111835249232,0.09026206246881131,0.1042095228075021,-0.0004280170992178629,0.13424083325243116,0.11651046443217729,-0.006646870514380473,0.17199436546392813,0.11080046320387042,0.06814500905044418,0.10170059565215575,0.42453285320733347,0.37290681737831455,0.25965672196366896,1.0,0.6618930536315434,0.553449072678307,0.538916172151898,0.3943665280530738,0.2577353007773689,0.27309875080365187,0.22482766594351336,0.2850624896158793,0.2567332475372579,0.207460231036154,0.2611831896154031,0.22315592379061003,0.17209544713259212,0.10501516890557659,0.08134331127075191,0.028457463042746784,0.0415920310084739,0.023455682459998194,0.11858075873899614,0.032547011497336895,0.14275321593984652,0.12459159613245574,0.17281953865614968,0.11679482533074761,0.1224636312733757,0.07184514725709945,0.11638133703571807,0.12032107719293335,-0.023608976995341778,0.012914973762485323,0.06727164816404402,0.1369025870876564,0.1189659879174338,0.16036658827046757,0.05816961567198756,0.12432992098304689,0.0571143644840321,0.12316111318980144,0.16035217048935893,-0.07463623309973183,0.09885253879181972,0.14642637309422332,0.11800406637445174,0.19172631073322785
C3 GM right intermediate zone,0.03617226866954759,0.01395710065257475,0.040758120509774426,-0.04847167556110162,-0.12262851979343078,-0.08010781125408209,-0.018834490145875966,-0.018491594953554753,-0.019346956495643535,-0.03920552626880663,0.04371121428385914,-0.008046499878497983,-0.0189459418636743,-0.008872944654219233,0.06533538765365215,0.03680436036795266,0.03314280263695003,-0.12747413346224776,0.01019465086401445,0.053957204069682144,0.01773899447057294,0.018636681092984633,-0.019770341071408154,-0.01765257624514159,0.06620338048456462,0.05196884414580193,-0.1198665381227409,0.06794608087925846,0.027823218009609185,-0.013549078284814817,0.027245928366293942,0.04303741095970351,0.07323003636037174,0.052311174972246965,0.06713414475657775,-0.022204707664311103,-0.06185140723334536,-0.026050845145877223,0.026052009606247505,-0.02579457873790063,0.0009077828000205752,0.069340194406365,-0.07037304229313483,0.005394495252597084,0.13956686074039215,0.03918364187248922,0.05769655726188387,0.05945613419797562,0.062480995735315556,0.0979702931487251,0.05125749434477958,0.03255521507008813,0.05853526510352106,0.06255957083955162,-0.004154226686188516,0.08926318565037941,0.07408650096635824,-0.08217769851834662,0.08841883538455123,0.016705772533157352,-0.008593900576117416,0.017299295672122326,0.35206259157776437,0.6158427528489898,0.4808614889568483,0.6618930536315434,1.0,0.8109090871293549,0.616537267578917,0.6254535280021205,0.20680672321674923,0.21020845621976184,0.1127630534250598,0.23760229604550484,0.19514564036646478,0.13887909156310987,0.14449001561911107,0.11821447106394867,0.04918963102866787,-0.05954709992367015,-0.054311661862418696,-0.0420173641951171,-0.05723961089222324,-0.05030132239278054,-0.021803875164518698,-0.06416297945968533,0.03591152637277489,-0.0560453389801042,-0.015920797598872025,0.01933569712907579,0.022717320046429217,-0.022777685379378486,-0.009947421930244414,-0.02846887098519164,-0.03430191597065572,0.022470823797838557,0.04583939655816327,0.12588814603577214,0.10373888144906615,0.11386660955714528,0.046872389063848816,0.08879439714069631,-0.08015204285081025,0.14465824232075578,0.151228043874083,-0.019419224624670738,0.13867743673149815,0.15304926732930657,0.08007361219131419,0.1681060461301476
C3 GM right ventral horn,0.05763271177283155,0.014318210039279694,0.06882465747970612,-0.05955675520186795,-0.1129165087033792,-0.07530407959090114,-0.03884646887061349,0.010706869561602264,-0.0006860273160916003,-0.048340118937844664,0.06495582978217179,0.03291822365580609,-0.012851760214318332,0.016408775663135592,0.08321326097619877,0.09643119540407623,0.04291993165956584,-0.12379565898550994,0.015004106338981084,0.10740657463339588,0.04757429808848382,0.057344876414083285,0.030057614089209247,-0.05920825519260999,0.10575268969156901,0.07557858708327475,-0.13214468219131534,0.06936529508535393,0.0465866702237874,-0.024115222226297618,0.01951015769960748,0.05782268466035504,0.09099740588489043,0.04842723999946263,0.07639645357984402,0.00319930776046795,-0.06903839627889134,-0.050686958233115,0.0254208026241245,-0.06503417918487797,-0.02568166096522504,0.12599045327191857,-0.07761524467171614,0.05609418968431134,0.21909391285977023,0.05533447202318494,0.11637734792702137,0.0839325832571272,0.08129702444937377,0.16490520024633748,0.08441319561516536,0.05985987124620361,0.11869373114883977,0.09808679429314233,0.015153359970229908,0.1528508412527929,0.1307021773906064,-0.02357386532587163,0.11626964300007094,0.042552636423634264,0.04448963073545486,0.030099156291284117,0.278612942267276,0.5169081892548382,0.4656246192710368,0.553449072678307,0.8109090871293549,1.0,0.6131465303909889,0.6957776710650181,0.1935398025972246,0.21468755992628205,0.1417680447994275,0.1831394128500619,0.1919799928461347,0.16459515686005738,0.17200457518001966,0.15778199814546312,0.08339473457337633,-0.027459277305710145,-0.0013120854085193904,-0.026162928404805205,-0.04950082213543763,-0.04396597592503968,0.005629981999887046,-0.05013716065411963,0.09128297108858685,-0.005301570172911384,0.022695266474209122,0.013488959885829988,0.043786847529869416,-0.021437562370195246,0.04006755424896277,0.004812149226252849,0.010838721175306773,0.04183612098662694,0.03671107216619829,0.09686899749210695,0.05303197603982139,0.07536165765375513,0.06109192632929898,0.08599115459607239,-0.08839794181406198,0.16340455198307785,0.15252638795501713,0.011456499759128668,0.16221430845508117,0.15291561078294807,0.050579748804451694,0.1269658868715965
C3 WM ascending,-0.017196793913053097,-0.011027167773533355,0.06307267541790665,-0.07457140709941518,-0.12931771906957087,-0.10549411243790659,-0.04262226029401575,-0.04776110956299208,0.01745639615649169,-0.09428298224056794,0.0006122562852440076,-6.254933574855437e-05,-0.0424540225551058,-0.028509442515403917,0.0563651522272334,0.03176801221142681,-0.06167088307184524,-0.1414753489543692,-0.02837421537449219,0.02911601980835647,-0.049104931965500836,-0.041629115251117635,0.06543696548707936,-0.07846435992963488,0.026069018458602315,0.012798716966245348,-0.1144150582805355,-0.007503801015587595,-0.014905560504951539,-0.025155994165449135,0.04845600036393257,0.04352587105370187,0.04797462475744827,-0.0073064139605071585,0.07311569144809839,-0.0271048937359867,-0.17923916281123764,-0.11261341938363162,-0.046213871663576295,-0.11422056767162729,-0.06321032218046203,0.04561991114193125,-0.10484716785312276,0.030472076808071197,0.14673898464713186,-0.024910564447025513,0.0768347614611481,0.042479802266844294,-0.0018600708313752177,0.03430474549151312,0.07444743832450784,-0.06615643178369461,0.1307904487971699,0.032992400016555824,-0.028171048771858175,0.06923428220580852,0.029383308151341134,-0.019801001802924725,0.0503837813376721,-0.006494202493917182,-0.012279673817173294,-0.003703794002725782,0.5653992656066448,0.6604025341274236,0.6573275352819218,0.538916172151898,0.616537267578917,0.6131465303909889,1.0,0.7424372414326765,0.2379504392126753,0.3147400922033071,0.26734325824780064,0.1814540555440611,0.2462876288835029,0.2286807423728142,0.24703597791063012,0.2368241696016225,0.14569377898150143,-0.006723899873554956,0.0013459533860848217,0.059351098759924156,-0.044356089018334176,-0.08337685660165539,-0.029619388886073267,-0.14932391182298338,0.018237813187268904,0.04080667634987947,0.0048029185186339194,-0.019994560957034918,0.07118897314291463,-0.08918876859602974,-0.06220773194293119,-0.062302782065541046,0.013005417369962998,0.058261345816429555,0.03875977480184128,0.09403707210234272,0.1614038539293605,0.20818130846220964,0.09024322336670461,0.034628333113630366,-0.0023945681072827366,0.07543478589678773,0.04955180587597761,-0.039152965658760704,0.033991998636000526,0.032980059827254354,0.026917733843822702,0.00645521127946666
C3 WM descending,-0.03130954573843537,-0.040407666331409624,0.06725086273219864,-0.09673879334596365,-0.14304402402233263,-0.13863039266783098,-0.04256765437447864,-0.03256979704782921,-0.006817404840416774,-0.08197551225728451,0.021290400578740463,0.04418398076590838,-0.07035443262664766,0.008780159026581897,0.0638227993622561,0.07050377412119131,-0.00837431904734931,-0.11421545680426196,-0.05043395981070117,0.04797250147470269,-0.025418131828175292,-0.017255467292996755,0.07022314671122505,-0.11006829652928599,0.05998706935609962,0.02621163687334081,-0.09227610045553201,0.016031183973621833,-0.017205191581147763,-0.045305331965284544,0.018498324502221664,0.05435357164997046,0.02175748533465206,-0.04728765745012614,0.0347831806525223,-0.04387257464895682,-0.12664134390926393,-0.08165171190439127,-0.024866813887508193,-0.1155063443228116,-0.0405395252064234,0.09964643393094136,-0.13177762872558643,0.046748314678874074,0.17853138967261759,0.014889870829984775,0.09230211485112773,0.020449161333543655,0.04121195654776105,0.04743971162051526,0.06122315056293792,-0.05808931752403901,0.12216491686301499,0.04750263904064306,-0.019790506448454724,0.08061398373358207,0.04668170471538454,-0.02022491943139501,0.08133546207867584,-0.006487470961247168,0.010641472196203039,-0.009903683481480258,0.4138226202677152,0.6556423974880419,0.7139467216145382,0.3943665280530738,0.6254535280021205,0.6957776710650181,0.7424372414326765,1.0,0.18096974801058685,0.25493072744088136,0.18037632510144205,0.11861016903028339,0.19085728780680547,0.1726202144064864,0.16732538508400216,0.16582538128689345,0.09706666160605387,-0.1011039708187146,-0.08824465161275521,0.006151225619182821,-0.10727728123901892,-0.12838086612429878,-0.07211827522888112,-0.20103894107142678,0.030206166691523824,0.011694600892846142,-0.0350841516892551,-0.0715989224294296,0.0062713721516167945,-0.13658528539755954,-0.09695627553202614,-0.12103001567158826,0.03914108795720441,0.07785467949986094,0.0419855116341069,0.05339655009193464,0.08882619773859958,0.12228675192203936,0.0647765081695795,-0.002153772865816558,-0.024940833874098626,0.07873443491440232,0.04924437142186924,-0.004435837595805801,0.03884467139054071,0.025642478280337357,-0.016845342017749204,-0.030058657176434564
C4 GM left dorsal horn,0.04470235736079345,0.05433441081261484,0.06215680234186045,-0.002425584124379654,-0.07814577738284557,-0.06576309930046409,0.002470918770010627,0.027216708310204674,0.041648910345260005,0.018780637610149004,0.12456411328291572,0.0739067102106317,0.0013769785729365364,0.05944301323660992,0.11869515122774753,0.054985687555170776,0.02583820355204361,-0.008323754591034228,0.03868412328920089,0.07564480847537314,0.06982404139840982,0.058016340162936844,0.07381964144775105,-0.08316700983891948,0.036146498154380605,0.020882032139217542,-0.004301636581120679,0.0706963316371308,0.03644852953075979,-0.06314397933959387,0.09899037386606431,0.027800204748951427,0.08867902419909567,0.029748987839541663,0.025015998568089816,0.00873036866074462,-0.05399827526827053,-0.07994838224777762,-0.007153921215382898,-0.0387633068954583,-0.017711408813839757,0.07531210392490607,-0.10398058767760504,0.05237650915672259,-0.000441422025964285,0.1074956011768023,0.016314184519508185,-0.01631633457149331,0.01701353726625105,0.1346929169274364,0.04732677119843073,0.06301179832684874,0.08875992066684636,0.024932696910785958,-0.016317952270919915,0.01555957929189928,0.027007285778529906,-0.04527517981677102,0.05168764208607348,-0.10495842915516744,-0.04338667127087033,0.025566937386391597,0.28207960028591783,0.23369211294150194,0.19880910031571616,0.2577353007773689,0.20680672321674923,0.1935398025972246,0.2379504392126753,0.18096974801058685,1.0,0.6816431504454377,0.5493585539679746,0.4470995971879377,0.4790349563963742,0.4140459955701272,0.610314959258235,0.48248272143987414,0.2785793513028054,0.1625585509519285,0.20425678081169849,0.13593008886053418,0.06585274081262436,0.04729031977569061,0.21886447219743965,0.0511575472829693,0.16130571870715546,0.11120617666405207,0.12544178675329265,0.11699382885305967,0.15302048630451398,0.03057109138312512,0.1790297102137517,0.07786592598658494,0.14162479892430824,0.20461372437796607,0.22326998365206288,0.1926673985267538,0.224213345129562,0.21370687616940526,0.2516170035766431,0.2512268206406189,0.10023952056736063,0.1540030110297387,0.18500345518311315,0.1010427131889307,0.11243560879177539,0.10286032995050515,0.1553754628511729,0.17979761315514106
C4 GM left intermediate zone,0.0499178381988283,-0.027959545676869247,0.03850767105477224,-0.06940423779252756,-0.1454711704298412,-0.11833681239488252,-0.02893322992487194,0.07663310171880798,0.09279548023959225,0.026068799345305538,0.14625417869086213,0.10713313005972451,0.0006732503845368429,0.11836187311399785,0.11647980082929614,0.07117190737537873,0.04037474079518224,0.028190348267183973,0.025964230437598802,0.11614686881820087,0.10125355396974672,0.09521351469404248,0.12003929167015888,-0.0998556600989218,0.01355045822628133,0.05884719618282445,0.12370403649124467,0.09681010876982905,0.035968943874713374,-0.0397933739734656,0.053601608310759434,0.006625722183370037,0.06836928769268916,-0.020695558383278297,0.03262455684695926,-0.04912077737420054,-0.10439997335614205,-0.07500367412054973,-0.05502797029166539,-0.04158486785387491,0.005299638645578034,0.10586705855516294,-0.11019307756350666,0.0642256475180298,0.06942108057721569,0.121399957411993,0.008735132388003193,-0.015192475515678431,0.08137587735607836,0.138351057349542,0.04760497505218968,0.052982684334887106,0.12786052900781086,0.012237182695950333,0.046500448081980214,-0.010082203477324594,0.05674784184405545,-0.0083589231585776,0.0629245106766178,-0.13127355779773253,0.01252080238442432,0.017731317540656582,0.26020425179611184,0.27351396806112566,0.24084931912588187,0.27309875080365187,0.21020845621976184,0.21468755992628205,0.3147400922033071,0.25493072744088136,0.6816431504454377,1.0,0.815441316848542,0.46467813018168974,0.6840040839259612,0.653045686363731,0.7496035454750987,0.7477365670551926,0.3639602120990825,0.2650993066808199,0.24563732544913697,0.26382806174173196,0.1640086274299123,0.13107659225019605,0.27625683389342254,0.1399781472629761,0.15724743881447759,0.1903680526298267,0.17720410761055883,0.20638515516828188,0.25920077646328743,0.11672103358646747,0.24182096159668376,0.17902098502396346,0.20094015985666114,0.26039999465889974,0.2618879564719894,0.24081330877652027,0.3241776849595416,0.288333861103905,0.3302616783285693,0.2963191818640272,0.10742788264138403,0.06444700870014022,0.10319818217578496,0.03639887421850342,0.018929347132764198,0.02960592451577303,0.13335255627193,0.07115362567186673
C4 GM left ventral horn,-0.01192084747598882,-0.07598817647023964,0.006824723407961662,-0.10589375001958051,-0.17857304387270942,-0.1438462984516326,-0.08697544138120732,0.0433484079325494,0.04289947208779606,-0.016246255745758012,0.1085631801114645,0.08775509267983087,-0.026106817929779622,0.11846057284800299,0.10086401636401959,0.06552977258189283,-0.013448149452188451,0.0409263574024594,0.008505453756826297,0.10388699372488835,0.11413662747098295,0.10667559979534415,0.08533222165732399,-0.09888001848392654,-0.012752712236150076,0.03914833955022724,0.10166644411036112,0.08300722300621453,0.019193969245419815,-0.03552192246430938,0.017854882291823457,0.02202731090107596,0.045734532475620156,-0.07159713589252902,0.02303153872144553,-0.09107478106415058,-0.1347691608762148,-0.1077173980287452,-0.11106145903523836,-0.07273680610680591,-0.020463318641752246,0.10047266597163139,-0.11896087271047442,0.03332470150990932,0.07895325283164903,0.06869349539866183,-0.0010895986294623722,-0.02604024332245215,0.08549334918475832,0.16035678339589535,0.04383285925800968,0.009982063199797088,0.06999274128019023,0.00954307953764362,0.012353565571028851,-0.004918497613148236,0.06854639091765904,-0.032784236764674304,0.04982584984989397,-0.12358534214578316,0.0067256570350619676,0.018000970053716873,0.22301514198419636,0.19018561310826898,0.15023645941215738,0.22482766594351336,0.1127630534250598,0.1417680447994275,0.26734325824780064,0.18037632510144205,0.5493585539679746,0.815441316848542,1.0,0.34605178188472085,0.5635527846667371,0.6226331499822367,0.7545201052563493,0.7995335145448147,0.3339209292850926,0.2855477847684099,0.24571153141177024,0.30800672128633183,0.23781836620123664,0.1830764311946594,0.27266675943542573,0.15494279348632872,0.18443785134400198,0.22950610260323415,0.21476057167551776,0.1938926714027134,0.24693755929022687,0.11779297697282641,0.2586767571333426,0.19370565205213114,0.2156589014100195,0.2517908697775464,0.25263155577217117,0.210617204639689,0.31709295912328517,0.27534188874201054,0.3171351251988426,0.25671853378391973,0.11833638434033569,0.02291012130099517,0.06729014826087673,0.016125397939869036,-0.019020328914649914,0.004870297605200762,0.09616705229048016,0.038398992639545486
C4 GM right dorsal horn,0.016384060963642637,-0.041214285518660125,0.0191981365402036,-0.046292933708677965,-0.07549445793678439,-0.052410805748591284,-0.031106386591615725,0.033424623595125,-0.0029919595270449973,0.0293276601118345,0.11810968863315097,-0.0015382765482136506,0.0006554960372934763,0.03153614300087947,0.08156383471618336,0.0046701712923261805,0.045360145553413785,0.001868195782500791,-0.00967886290002455,0.04172197683905081,-0.03964888031113973,-0.012997427633246853,0.020670597014105133,-0.06142908414171874,-0.05751906222817155,0.03397328895361676,0.10340789432681674,0.0016940285016961174,-0.01918381326204775,-0.03730012171840115,-0.00123464937626658,-0.016342979329611915,0.010618576178004796,-0.011804678572690023,0.0042360542828477924,-0.024475101057238453,-0.025073657190393225,-0.03993095240922021,-0.024096002486466254,0.033848623809087285,0.02650913933862907,0.018156909280648385,-0.025449272132461932,0.04320522617775543,-0.02234061289849358,0.1011433464596494,-0.03363428603901203,0.01380218431377622,0.0004393939226224217,0.0197304723373922,-0.024584926491958387,0.015573185107207533,0.0578436594094869,-0.05793938771585601,0.02037508734704105,-0.08103325939272202,-0.060310888593712746,0.035556009336268075,0.018413329243193766,-0.08831938005419271,0.01615013764043518,-0.04138117369113832,0.2054678881029994,0.1921924044900499,0.1296892370083514,0.2850624896158793,0.23760229604550484,0.1831394128500619,0.1814540555440611,0.11861016903028339,0.4470995971879377,0.46467813018168974,0.34605178188472085,1.0,0.715018978652181,0.5343128369315434,0.5636265583894398,0.42565652806338283,0.24344649612720118,0.14772375730245715,0.1341271012470155,0.2285559519825358,0.10028040612007982,0.09632575631668643,0.2060100594200287,0.1138942936905251,0.06247684226663675,0.03375567634508133,0.04771338959937894,0.06335604566585828,0.10731416306490663,0.05322711093975939,0.06481567736035561,0.084277172294854,0.10242662250493267,0.1563201393183259,0.209742691709401,0.014134767311126279,0.11776599738194704,0.13664849538585278,0.13960978184409695,0.18233279931081875,0.045077410499068035,0.11930727621457898,0.13143988155694616,0.10764156706691044,0.15474734378721944,0.20135239147529432,0.20922576153489808,0.21644489980754425
C4 GM right intermediate zone,0.006226863675514299,-0.07992540497828755,-0.028662484348314657,-0.09224796750964943,-0.17078022515122546,-0.13790644581806352,-0.08470184168712334,0.025018336712882706,-0.000724705229607675,-0.043105732233010605,0.10223119864935003,0.028921313638020224,-0.05376782521688364,0.03645880742185113,0.01330810049381668,0.005618525144754274,-0.029460090398469946,-0.028889574950248544,-0.054468088687099736,0.08776186592111097,0.012453255291752886,0.010539446769911517,0.0676054166870399,-0.10353615257654417,-0.0460444766447575,0.011856984723368857,0.13390390809024333,0.001060873830874236,-0.03760432051763536,-0.06536220059508943,-0.057316231031681125,-0.02078643450190532,-0.03709334372542038,-0.09194902351398768,-0.06386181949731812,-0.09337463133409252,-0.13186400065224002,-0.11593953834044426,-0.1084475763803734,-0.06779647887904165,-0.043589146419489314,0.010384389899796287,-0.12935983684490004,0.03854009059934063,0.02215103512564676,0.07130152740698405,-0.037952912038732495,-0.014075018924625341,0.01569227773959866,0.0740382658090728,-0.0018516144454750732,0.008148952746460731,0.08630475214466538,-0.019262101541886754,-0.005595975145642916,-0.059600454248015994,-0.018423923994116055,0.05473180983739607,0.041016091543971005,-0.11321138204736308,0.017965682198782217,-0.010370487611047608,0.17409439185684786,0.2117581726498899,0.16368488006402185,0.2567332475372579,0.19514564036646478,0.1919799928461347,0.2462876288835029,0.19085728780680547,0.4790349563963742,0.6840040839259612,0.5635527846667371,0.715018978652181,1.0,0.8200583253561139,0.6736697271219946,0.6651381156617042,0.3264110408349304,0.23659642849728282,0.20268390340957415,0.3193251193340808,0.19623793069379267,0.12456135150113738,0.2548478045389452,0.13814712447093333,0.12475753657538956,0.16078214751548645,0.15976354884806637,0.14074649581430937,0.21357531468633492,0.12393182668267975,0.17732346563783338,0.17036373469028676,0.13956867781182705,0.20167390446480446,0.23935188234566987,0.13817484164425337,0.2326551117010275,0.2356264403662608,0.2649494654404043,0.2389489623953056,0.04387001751267344,0.040900278490830215,0.05897772112019951,0.04601571635231584,0.03580150133359348,0.06170037760911995,0.13752063107766452,0.0782526453231445
C4 GM right ventral horn,-0.022338114144957903,-0.11014315637568951,-0.05123533515227021,-0.11036241702926858,-0.21491539736060872,-0.18059275521476137,-0.13199736262203451,-0.03190996525311626,-0.03198106336463155,-0.08623422980332286,0.08617397274738854,0.01819813887262072,-0.10041230658453829,0.053769640678011446,0.0005223828105486343,0.007315591386657946,-0.08027501146394718,-0.050445247702110146,-0.08422460692455805,0.08438048823842936,0.04042204192809585,0.03483465290796557,0.019726168908884272,-0.14740090763628322,-0.03233021893565374,-0.04479002605016268,0.08128461916038941,-0.0056498219863015215,-0.04677436495563173,-0.09384357828486421,-0.08314054296638371,0.030698638465635295,-0.04589016097570808,-0.11457273504743602,-0.03218395748838949,-0.1160700124187783,-0.1663430182329231,-0.15487705924558437,-0.15594529064429866,-0.09299115319058143,-0.08303578384579209,-0.007240934605161408,-0.147670603455696,0.031038563075789147,0.0476353243893079,0.021250787021076366,-0.03482478109545066,-0.025043325555365516,0.0392953471501332,0.11199268329416913,0.004974791736656518,-0.019448581335672697,0.036313807938490136,-0.0020274809353987054,-0.05045817391092054,-0.0560332767269184,0.004853658244746942,-0.005155563440776751,0.04954213208824807,-0.1296863707023162,-0.007600060683024029,0.01499822514774543,0.12561938183649962,0.16972805242015923,0.11169110609172352,0.207460231036154,0.13887909156310987,0.16459515686005738,0.2286807423728142,0.1726202144064864,0.4140459955701272,0.653045686363731,0.6226331499822367,0.5343128369315434,0.8200583253561139,1.0,0.6994099410502288,0.7678605032989484,0.29935256567669805,0.26066894546509034,0.20692695581082943,0.3402895628971975,0.23494662669037147,0.16064597054547777,0.25128571202700706,0.14597877188981243,0.1270287857679245,0.20108894080786274,0.20416169484633911,0.15438463883961848,0.2301836111086406,0.1521135610873597,0.21692266533463556,0.19574018127050685,0.16573415273299372,0.21135783605530784,0.22729741517049185,0.15250388106192295,0.27329558482431365,0.2449813326858286,0.2808866435806914,0.22002279783493783,0.06636595571086425,0.01494664114275578,0.033872629965542564,0.006992441327265927,-0.006313947520969006,0.008373619060430285,0.07517890927180487,0.01840247532373244
C4 WM ascending,-0.0027570063948507426,-0.06064567224498172,-0.0015614820239167066,-0.07104422436118464,-0.17720481237301178,-0.13510094735676678,-0.08315071955891973,0.06905534811047216,0.032727332508240385,0.0005634304026664302,0.11235650073587287,0.06012046995883899,-0.04196970631787334,0.1264130943592462,0.09632457421880813,0.03378350684908141,-0.028198238254738602,-0.0035120806720248077,-0.012676054196058219,0.1206241353351416,0.07711149933669893,0.08437790922504715,0.05633555274366902,-0.13394851530494695,-0.031488542207347155,-0.010734875502719546,0.08939348855076337,0.04756740202700034,0.03147627352574999,-0.0603481478935085,0.036052287240831433,0.023065012583056915,0.03249179592849829,-0.04504691816788891,0.036617102272836315,-0.09534852630363425,-0.11994308492228566,-0.10719999618166878,-0.09587083532886757,-0.0454989266438724,-0.00601432350026698,0.053560637477127575,-0.07389535155172434,0.05122918908903737,0.06754340426826394,0.057116073362775854,-0.001210393765548345,-0.015145829262072063,0.07082534212505442,0.14124103787208872,0.030975916204799166,-0.002926585037283942,0.04674856588056146,-0.006637957948752581,-0.03128157106868366,-0.027936051381320947,0.03394592587672109,-0.02500916453183648,0.07006210427139992,-0.13418688722014666,-0.0024105733444540404,0.01611204105666452,0.21417687151496212,0.168411870349097,0.12368554644240512,0.2611831896154031,0.14449001561911107,0.17200457518001966,0.24703597791063012,0.16732538508400216,0.610314959258235,0.7496035454750987,0.7545201052563493,0.5636265583894398,0.6736697271219946,0.6994099410502288,1.0,0.8194621878447148,0.3569824816186378,0.2769440026081449,0.24794326167290784,0.32215338460464266,0.22395758981818217,0.20570446719854932,0.29966692021501046,0.15347456686450495,0.14630999037219505,0.13359068628869714,0.14094150611108475,0.13891720405520352,0.18488791642169672,0.05403825140144511,0.18725600732839504,0.1093949408838391,0.2126367277760742,0.2688826246739931,0.2757402044775313,0.14621776334231343,0.2962386610144193,0.23381102085155658,0.26816355759665866,0.26068031574343953,0.07163663899270041,0.05779281104723234,0.0865050705071417,0.056198520682343184,0.06915197018046483,0.09509082401222656,0.11991265084130542,0.08650968717710414
C4 WM descending,-0.022495844905079332,-0.10031724803839849,-0.03138260068695883,-0.09063835803595266,-0.19176384628990178,-0.14066192797487984,-0.08357277739864358,0.060088306019015256,0.051564469733280854,-0.007691518162017894,0.09498671225726447,0.08183256028010298,-0.05006535473747267,0.1130605945153544,0.05670291828379844,0.03651944452507659,-0.037232892138131905,-0.007445860537359068,-0.032622694295188284,0.11503569570154476,0.08011903641856832,0.0780128326304504,0.04777663530211503,-0.13380241058981407,0.0139149559313632,-0.009733714554663748,0.08342832132857407,0.0560945336220613,0.008359838299222346,-0.051202329989696906,-0.0019294974129623011,0.05550167368022498,0.014374022608938525,-0.08489057790504649,0.012649076616467256,-0.11146299338710527,-0.12458634293858548,-0.09674170018729213,-0.11012047874654295,-0.03570458853533511,0.00596611014579685,0.06505538678016923,-0.0666926424021799,0.049980823365379554,0.1075739258377249,0.032549113072512945,0.013925579265940421,-0.010510005366966679,0.07986328028731421,0.17593645670640534,0.036774552184617344,0.009342602529247864,0.03897986865744351,0.020514687351930783,-0.02332207382113011,0.00019037931767135758,0.07141693083066337,-0.03816334102385575,0.09283776427736315,-0.10706917914077063,0.022846343823639658,0.06124277487810824,0.1615995022322674,0.13671023331140414,0.08243678765101584,0.22315592379061003,0.11821447106394867,0.15778199814546312,0.2368241696016225,0.16582538128689345,0.48248272143987414,0.7477365670551926,0.7995335145448147,0.42565652806338283,0.6651381156617042,0.7678605032989484,0.8194621878447148,1.0,0.33799679124335696,0.2901065539075983,0.24474662704510416,0.3217181626828565,0.2487720583278453,0.20392160880474083,0.2852679047361105,0.16441271946601987,0.1420692197631181,0.1973958742158272,0.19503489154054357,0.17378614366027575,0.24148164853562815,0.12390588889111087,0.24030209754978277,0.17361689050189222,0.20695159836687835,0.25460575945560043,0.2672359003220693,0.18133764121019075,0.3318767459082729,0.2665511510089155,0.3099428143942853,0.26246074579182455,0.11620018031058149,0.049670593591220065,0.07247102738626278,-0.006939829318915323,0.014417141387592008,0.030064077788483547,0.10483932749392773,0.045467138119104626
C5 GM left dorsal horn,0.11956780345009853,-0.0071328894235275254,0.023344994192197425,0.03889313985262812,-0.039000122718898134,-0.049128061514559784,0.0346289980177202,0.09687065029679948,0.0834919680290811,0.09932176982606307,0.16226370003431395,0.030524778380459826,0.09340069408759713,0.1856103587290822,0.15262398144498446,0.1458994034567003,0.10461833485211669,-0.019720452086787882,0.11227173045874786,0.12365071734836902,0.14665806235948184,0.15847525357199801,0.04776393093306994,-0.000591781587292048,0.05250949909579339,0.06833125557688184,0.017187115627041328,0.13573474957252632,0.06561274141299386,0.04973870673285587,0.07669663708535285,0.006659183395270809,0.05525043462727821,0.005603259708194784,0.015263833738169832,0.003699184625758824,-0.024483264090231594,0.025676355762518727,-0.0031874930927938937,0.058067633834050454,0.09656370115024442,0.10206524481671514,0.050582393875538506,0.038591616840918094,0.1655281812892739,0.03771339787011892,0.1278205139455018,0.1110731147124035,0.1902348298108369,0.17434266346754354,0.18604614576703424,0.1430867858073933,0.05247598848786726,0.11688549346697767,0.06411864805838695,0.14128411574006403,0.135334291935085,0.04481725259324487,0.1873200015644721,0.0035966038130627177,0.050457813292466416,0.0966270698738113,0.06371226969101762,0.11554843945338578,0.10242855387750624,0.17209544713259212,0.04918963102866787,0.08339473457337633,0.14569377898150143,0.09706666160605387,0.2785793513028054,0.3639602120990825,0.3339209292850926,0.24344649612720118,0.3264110408349304,0.29935256567669805,0.3569824816186378,0.33799679124335696,1.0,0.6471994225155144,0.6074094615927011,0.35606879341900977,0.3334198218698106,0.2642614727919004,0.6260758485360284,0.42002091112792056,0.0807899141503382,0.2339784265215593,0.2026775914185567,0.16395535312890663,0.2794989689945297,0.2268839782358908,0.2702724783567052,0.23712699909185678,0.14118154703484487,0.19408583199498172,0.16788712749591747,0.11484559775642693,0.18212328753269508,0.20199599476633176,0.19531958822838033,0.1338756421942874,0.13406399111283454,0.1317062483619311,0.09094589431887506,0.06293510606746482,0.10087677229749147,0.09064073192292482,0.11741305033799246,0.10880258149366936
C5 GM left intermediate zone,0.13409302138346255,0.02697595853136335,0.012306571171394703,-0.01571777345641939,-0.025376374003204093,-0.000431540186695145,0.020868399326955833,0.07036140900746833,0.06971589594161698,0.10902953941556869,0.13624286332058638,-0.0023428797888791738,0.12847216451227528,0.20602329242752626,0.12792537550296915,0.08775314122279679,0.10667591736809401,0.05089514079327785,0.16183337208598952,0.15703140694801035,0.19218935476821022,0.21652081832505385,0.00402246442360745,0.08812674269238342,0.05392298797500579,0.07890185715461247,0.01503385157351607,0.1538932896266953,0.09956985213852455,0.06703364259540245,0.04520288737324149,0.005061979252107253,0.06802156896152532,0.03419382012167377,-0.00435332399054643,0.03152807151839988,-0.012515261447363731,0.0325426281909071,0.0037569487737340776,0.04337447047115389,0.08066964548574428,0.05378101792972524,0.07801732001287327,0.001289453858122477,0.11768155051708623,0.01944399511299298,0.10255090780706444,0.13307957342109325,0.19792653442375505,0.15697020139153695,0.1583441814217346,0.10917254090783794,-0.006915732601599169,0.12222145624002446,0.09384597764961722,0.1268002520941809,0.13594171807450317,-0.050439416855896355,0.15599513158167444,0.0521849778106595,0.06762553568866693,0.15497594957698682,-0.05954168316050585,-0.040652434132517845,-0.07553771198621125,0.10501516890557659,-0.05954709992367015,-0.027459277305710145,-0.006723899873554956,-0.1011039708187146,0.1625585509519285,0.2650993066808199,0.2855477847684099,0.14772375730245715,0.23659642849728282,0.26066894546509034,0.2769440026081449,0.2901065539075983,0.6471994225155144,1.0,0.7371248833979812,0.37129590359010156,0.5258440269882394,0.29062744822938036,0.6094008967993823,0.5979881972733373,0.12573092126056137,0.32658133946312573,0.3099769840855043,0.20488374071468846,0.232547017506243,0.21625294295499367,0.3166091823582717,0.2606150189873095,0.07122165020454231,0.08225543091030653,0.09516271947071403,0.04291877528050561,0.10009540905022345,0.0971720922977181,0.13239695354298311,0.09757608090163786,0.14558229848356935,0.08120825737995777,0.10253689022206347,0.04355415349109427,0.006617077311133414,-0.0240409512361456,0.0995511433937306,0.10706143185063749
C5 GM left ventral horn,0.1648493616553666,0.07939659899037217,0.05718678302234156,-0.000884238904200908,0.04241163432020452,0.005898657233918782,0.10297989392752148,0.13161707411610782,0.09959402073788985,0.18287126536514264,0.1875434757193492,0.06084246129327371,0.12967797937331504,0.1097090620155764,0.12767253673552037,0.06379688746818601,0.14218929783040415,0.06890437136446281,0.16143601757573195,0.07176420501272236,0.1479594747404366,0.14321678225024656,0.03211073903865598,0.054710642429803884,0.027323509793258274,0.08512970714312551,0.03426370588135629,0.11450929517630139,0.07781481663317241,0.07285174761883167,0.06395441502156757,-0.023496687622827844,0.08106085192529575,0.05425334403926025,0.007228276433043804,0.03365128246302838,-0.0043122150482884855,0.06817651455637928,0.04800310662353598,0.08859097731896796,0.1359575766221707,0.10127203195189625,0.08983214707441149,0.07479279695513638,0.1263626804068103,0.09907778664487074,0.10068628830889852,0.13488746975096705,0.16866610997139325,0.17488164538422438,0.15049481018207558,0.16188631381947244,0.01033823908490789,0.06401075548663294,0.09850990854685998,0.13126319925854,0.14614630853122398,-0.036179659121367,0.10380844526555243,0.0028278395975425783,0.028214102261673184,0.06446715633737517,-0.05329407659511755,-0.062165342705650634,-0.07666093731612496,0.08134331127075191,-0.054311661862418696,-0.0013120854085193904,0.0013459533860848217,-0.08824465161275521,0.20425678081169849,0.24563732544913697,0.24571153141177024,0.1341271012470155,0.20268390340957415,0.20692695581082943,0.24794326167290784,0.24474662704510416,0.6074094615927011,0.7371248833979812,1.0,0.24448588914165995,0.3539722489127526,0.32223950161348297,0.634865365708679,0.6623172337057884,0.08548492439085026,0.22987213064408094,0.28007507665748127,0.1874584147287923,0.22720371616166038,0.21670379734073245,0.3127926381920706,0.2710928505321708,0.1026784858993168,0.1413155773694959,0.10162553308371308,0.12059124260778416,0.10338823888839101,0.07088152420277954,0.12175383213038082,0.09961381531896334,0.11634474097256198,0.1334393010827978,0.12649670712512748,0.08236079809680638,0.09591637813289719,0.061194709664513125,0.13391769576405124,0.17767495767340136
C5 GM right dorsal horn,-0.08395750686901741,-0.013678969869283724,0.0005033281555889792,0.0022048296978818254,-0.06363152149511543,-0.07834813623938984,-0.08143921136807737,0.018205874019963694,0.039318907463404516,0.040265601816875725,0.07822852816320439,0.06779136144251469,0.015044411491892848,0.09272965132953939,0.06427977097153321,0.11289596091812128,0.095566599061161,0.06220937788846965,0.051706271483070845,0.10686112332453729,0.10704811448773419,0.1483444665924707,0.08335083937700838,-0.041646208416493746,0.07875714976976854,0.011830811676279838,0.04022236694563031,0.06772768206517471,0.09220762423296307,0.021910038133046483,-0.020152572359114253,-0.013551586114163107,0.007584790231313373,-0.02709683212079335,-0.019878774832990137,-0.009869967515056251,-0.05681591566702083,-0.017438306268253954,-0.10007954312388749,-0.05546712510963102,-0.050525483659194376,0.03929412622307714,-0.04976905771945815,0.04060877209391221,0.06853850976741174,-0.011956481595994509,0.06802669615292677,0.03073349629042893,0.11250814710991518,0.05819765991829494,0.061482786084107566,0.06249579009144909,0.005425197036599538,0.12359000330778877,0.0030262691370773606,0.06256327015202744,0.053792408367239426,0.06979094544116862,0.1160488951698312,0.03967995261000262,0.05749087311185069,0.12866799823722447,-0.014371951561862484,0.030317608028011266,-0.010120305583387248,0.028457463042746784,-0.0420173641951171,-0.026162928404805205,0.059351098759924156,0.006151225619182821,0.13593008886053418,0.26382806174173196,0.30800672128633183,0.2285559519825358,0.3193251193340808,0.3402895628971975,0.32215338460464266,0.3217181626828565,0.35606879341900977,0.37129590359010156,0.24448588914165995,1.0,0.6658534400369982,0.5540992911057057,0.4859640781855139,0.3259632469631779,0.10406260370424933,0.2386168800899025,0.2017625851591986,0.210829022262539,0.24803144813529485,0.20647309893498444,0.17990427286860414,0.16835640901825005,0.16356381748767873,0.1829636144857595,0.1681136803809044,0.05837309089102983,0.163278899530386,0.2328970337765254,0.23889602241023866,0.1767546952355194,0.10865451688294281,0.049450661137603824,0.06917553532612354,0.032553880755399174,-0.003452598938033973,-0.009631905366361071,0.10048576527830172,0.07211204300359211
C5 GM right intermediate zone,0.01805741269276217,0.026608998755677463,-0.009589002727778035,-0.019534493418767864,-0.033596942721823043,-0.04402799418352767,-0.03005576361925007,0.054757426680917376,0.04831630750090605,0.09950070380318973,0.11362427521849659,0.0813735212663511,0.05767296607383855,0.13020055780689357,0.10582694014077912,0.07984474704096063,0.11308686271231762,0.12903762600944982,0.11996616300328287,0.09846215070615812,0.16785348279579326,0.17019591955644037,0.05489998334857773,0.07066181615871192,0.07034485844364448,0.05454134737887945,0.010305492737257848,0.11978604300329183,0.06801579406270616,0.04895480299870367,0.04542849915677022,0.03706974408290111,0.02827163976201926,-0.008688585175658674,-0.009464676341229711,-0.00577596903430587,0.010413114748394778,0.027558269061715015,-0.07770465496535947,0.0002030699659245733,0.01870166974738698,0.041168109113931,0.012927490755437587,0.023285833537025936,0.06395566120733477,0.036126027263706714,0.07155334032730809,0.06760997069773862,0.1707173108557642,0.10557740490823186,0.1187359986746895,0.10888968451655226,-0.027755625666766814,0.15182960751693314,0.06491964529540571,0.0994074352301078,0.06513588583934495,0.010795930334560791,0.12474535468685308,0.09667032851780753,0.09285898288736343,0.2085741126607884,-0.10621284519913177,-0.06693273110334419,-0.13667051708881667,0.0415920310084739,-0.05723961089222324,-0.04950082213543763,-0.044356089018334176,-0.10727728123901892,0.06585274081262436,0.1640086274299123,0.23781836620123664,0.10028040612007982,0.19623793069379267,0.23494662669037147,0.22395758981818217,0.2487720583278453,0.3334198218698106,0.5258440269882394,0.3539722489127526,0.6658534400369982,1.0,0.6782308423752367,0.5585028286389414,0.5460511536779428,0.1824966738608438,0.3057492775108905,0.29309840687457855,0.18944043588278114,0.22967292670760417,0.23666240201770197,0.2893484201098952,0.23156051996144977,0.16478963634925223,0.08112719911637195,0.08723513241352514,0.09444755650807793,0.08998472268158494,0.16433821511213348,0.1935244843588933,0.11668365349671174,0.14332557867294485,-0.04094733066433684,-0.0031532815654009396,-0.004205897016921629,-0.07259891506352696,-0.0612176562604623,0.05182720187244774,0.018865146363819068
C5 GM right ventral horn,0.02031706379219921,0.05193090613938908,0.053285628116334645,-0.010421681384811707,0.015202065193755396,-0.01736490799099899,-0.012387895879552765,0.06411282472817875,0.0620994802032242,0.12718536616011297,0.13543177102608334,0.0680997201556987,0.06845963598273658,0.05367237428031356,0.09781812516382571,0.019995909473516975,0.13687624982966415,0.09717624272598768,0.09773966505251784,0.05735959680428868,0.1345578630724321,0.14255980168054877,0.055631542384264175,-0.012595374967881304,0.06001401444673386,0.03626518308104725,0.0024025772338987024,0.10287877157721484,0.056945172410569456,0.03518246763735272,0.029694601017333247,0.05351887639641407,0.022706185356503643,0.0067734348307082765,0.011652793327325198,-0.01447734828547353,0.0030642712889695062,0.032781749386935004,-0.07810486445110114,0.01454920908659217,0.0569972680859699,0.02751018884990665,0.04351281999763583,0.05779177233424304,0.07774138802079514,0.0958689186138165,0.11055566907407244,0.08756971719860182,0.1862666275483101,0.1548137646998445,0.11550016756286983,0.11587054043651887,0.007469137190195594,0.09915045636044484,0.1129603498328432,0.1254742333063778,0.14379300735232725,0.06069785431299086,0.10882501167753625,0.04524625584992311,0.10043431024046129,0.16866689983844044,-0.1366529812875233,-0.10708195649829771,-0.18178743912881987,0.023455682459998194,-0.05030132239278054,-0.04396597592503968,-0.08337685660165539,-0.12838086612429878,0.04729031977569061,0.13107659225019605,0.1830764311946594,0.09632575631668643,0.12456135150113738,0.16064597054547777,0.20570446719854932,0.20392160880474083,0.2642614727919004,0.29062744822938036,0.32223950161348297,0.5540992911057057,0.6782308423752367,1.0,0.5414354356751743,0.589203609962464,0.12219732975544448,0.18627078095938746,0.2058932567569028,0.2629850636733184,0.24297522815447398,0.28532027298516927,0.2519464343347967,0.22459643886034822,0.21497096134826663,0.16114190084239946,0.11494615601516817,0.16330496708738923,0.1647613916164085,0.19545148020057732,0.19455630571161797,0.1299199041967914,0.083364992546338,0.012344464094034207,0.01767014703612984,0.02375329513157923,0.005842534270093328,0.011765056583284304,0.07624730999391889,0.08922207048593676
C5 WM ascending,0.13977786441710044,0.05976001445302436,0.04149783904621341,0.010893194021968424,0.005654818030643201,-0.026972693685958015,0.06555270398728788,0.1415736703633241,0.08432239540033562,0.14504330341704497,0.2245275319953431,0.07143472803692966,0.12988059536364374,0.11533039730771026,0.16128738066732937,0.1170389776349637,0.1704152578538867,0.06090165402580372,0.17239173951317155,0.11264597373804264,0.1730532455919562,0.16753546208584785,0.07215649021604578,0.050927364460703096,0.06335742351631542,0.12185581932609665,0.04652202435594155,0.1768320193529458,0.12477246490410977,0.11609628640863888,0.07220264786705019,0.024546355579679,0.10769505502042946,0.08058128555626815,0.01031596466442438,0.054860910870502926,0.009776149048102012,0.07142234344344436,0.018158150753770537,0.06828163542292734,0.13169024328921508,0.10731703618671799,0.07732395969795401,0.0740739492694864,0.11022163719010517,0.11476784648306906,0.09523241976981331,0.11973041450540944,0.1683944137921535,0.17687704352008324,0.1473553571329117,0.2024516035620944,0.013821208107415488,0.14997386027521176,0.08764149727809872,0.14161651144223894,0.15633997325014687,0.0458305267200162,0.17064252390187715,0.07425852093597149,0.1229342339806502,0.19039626521996203,-0.0402268267433309,-0.04089932232272897,-0.10121607345150511,0.11858075873899614,-0.021803875164518698,0.005629981999887046,-0.029619388886073267,-0.07211827522888112,0.21886447219743965,0.27625683389342254,0.27266675943542573,0.2060100594200287,0.2548478045389452,0.25128571202700706,0.29966692021501046,0.2852679047361105,0.6260758485360284,0.6094008967993823,0.634865365708679,0.4859640781855139,0.5585028286389414,0.5414354356751743,1.0,0.6710182330224982,0.22008974693068575,0.3274694452129697,0.35081356693924837,0.28225394948130783,0.2927234360485759,0.31474630033121603,0.40744189068763487,0.3431224734406078,0.18964931954576136,0.18854866671003948,0.1292501888015378,0.14924884031835564,0.16232617946702954,0.18940149750597532,0.1730739465596046,0.12408924861242354,0.09021317786906465,0.09319670150677875,0.0649936006897867,0.09441371356163754,0.0717028903890946,0.031204359931742837,0.13012110756359277,0.13501656728851089
C5 WM descending,0.11450995589897144,0.08891992821802841,0.028696389499639333,-0.03987925518246488,0.04316568397634523,0.003577085627908447,0.08162876270505028,0.15214606321855406,0.07742244578047092,0.19398642138049613,0.19995400154768458,0.07148738229827709,0.11304595417412207,0.074055805762488,0.11647682017974445,0.0767713596418366,0.20126918046928172,0.12665029444336232,0.18074005415155459,0.06362216755989362,0.18758772811796667,0.17910090240275323,0.039056723380810336,0.07850135323202785,0.0469462100919466,0.10001842339985113,0.0356454978369104,0.15098800966546808,0.09034093095203917,0.06369751243552724,0.035339974900383306,-0.048095153359397125,0.07538449269913912,0.0658558538374621,-0.039921234175315755,-0.01675181163886795,0.030187909444594922,0.07009288553985592,-0.01909986197959816,0.07007101455154331,0.1403191937004249,0.10692685577980508,0.059309330698755235,-0.009961571717080198,0.09661151446253013,0.14853136653874843,0.06629717707740547,0.11742595155399144,0.20926759359961808,0.14650318662951797,0.15261178152240462,0.18855287511694635,0.00026724806320524506,0.09252460909741184,0.15074326872337274,0.10469159941778264,0.13733250807810096,-0.02691751957668148,0.08417869264166422,0.017799344782410898,0.05101202026325022,0.10640970333195161,-0.19429802136401206,-0.16046158737294114,-0.22999511557740893,0.032547011497336895,-0.06416297945968533,-0.05013716065411963,-0.14932391182298338,-0.20103894107142678,0.0511575472829693,0.1399781472629761,0.15494279348632872,0.1138942936905251,0.13814712447093333,0.14597877188981243,0.15347456686450495,0.16441271946601987,0.42002091112792056,0.5979881972733373,0.6623172337057884,0.3259632469631779,0.5460511536779428,0.589203609962464,0.6710182330224982,1.0,0.16258185482820744,0.2351150147203439,0.31256970047241556,0.2673067130064221,0.2177967375060914,0.3130857641490401,0.4108558694422791,0.4131690081166377,0.1590367556173896,0.112176555400152,0.06825061522801258,0.14881107006023161,0.06502676585814107,0.04338695704901533,0.12494008473822507,0.10295452149349538,0.11162745758127542,0.04018760515404133,0.029219919407091895,0.08230576077321025,0.029831642402972973,-0.010340659746423956,0.12444341404186415,0.1325494902532495
C6 GM left dorsal horn,-0.0012283296069685247,-0.029394586921429666,-0.07569180429824092,-0.12918745948967786,-0.13952393252507345,-0.1310002738196713,-0.02953173692435814,0.05407255563601685,0.03600238663983372,-0.03256548730507194,0.14246794655431966,0.04394708573600767,0.024972544909704367,0.014193578250086051,0.04578868984166047,0.041512520408504956,0.04597025235887519,-0.03404870908674892,0.09342623623601001,0.10924883200402064,0.10844839604953031,0.10414018993712908,0.09643422489540164,0.015429551576083179,0.04576743254574174,0.07771674194159532,-0.0318233424427111,0.0895523127885151,0.09272110906128707,0.05374357816382924,0.02216634646557609,0.05654353779353906,0.05446468815064853,0.008124832825849195,-0.010901952677058045,-0.019027287057320423,-0.1688822472636402,-0.11573181317479005,-0.12142894206454719,-0.10080095054078277,-0.03055529412147079,0.10081927107270837,-0.10062226305546973,0.0365693033197402,0.1387025046757795,0.010096275276773618,0.07148918856664277,0.04471406852824731,0.03241422402951849,0.0984709652785234,0.09887122759435943,0.037607124876994885,0.08464763358809246,0.0991110308285668,0.055006317018802056,0.10887249440248636,0.06427582008816249,-0.0307088245191335,0.06148183888709992,0.03198593062211007,-0.0092145971421031,0.10449715151051209,0.0008247553641523916,0.03814291863379102,0.029495223175892187,0.14275321593984652,0.03591152637277489,0.09128297108858685,0.018237813187268904,0.030206166691523824,0.16130571870715546,0.15724743881447759,0.18443785134400198,0.06247684226663675,0.12475753657538956,0.1270287857679245,0.14630999037219505,0.1420692197631181,0.0807899141503382,0.12573092126056137,0.08548492439085026,0.10406260370424933,0.1824966738608438,0.12219732975544448,0.22008974693068575,0.16258185482820744,1.0,0.5947215190958159,0.6126111792346676,0.17026333200839847,0.15499625237796344,0.1722267850535351,0.4770450137300513,0.3784981090019234,0.17906659523731144,0.05841305239300158,0.06773644863414435,0.18401224575138056,0.08073092716480375,0.10500388919777537,0.16932767410904445,0.08643732283005486,0.04114752029426677,-0.06267228961365826,-0.0644812692378984,-0.010694766543002472,-0.04039235433146242,-0.03790277450216243,0.004248266033274078,0.03540512646568361
C6 GM left intermediate zone,0.068451613375464,0.013567733912846226,-0.0433440418606502,-0.0493416407541344,-0.10191976583383544,-0.0517094721643127,0.029476640678952722,0.07662831055416018,0.03888740030347734,0.03428928239176855,0.16047316049944368,0.05313314090116507,0.08385063613960647,0.0928641288492643,0.051286201369048254,0.07337568881509705,0.10370674972230325,0.0696372727502275,0.10287777779412909,0.1329667169610931,0.13668878516384927,0.0878020288284451,0.11881215759867302,0.016193325482542417,0.11466592325391786,0.0861116945647026,0.05768270219358191,0.11785870992238219,0.054823949137309425,0.04537950746939436,0.01721139378014465,0.13520583288356616,0.0672092358218982,0.011105003464437834,0.007971978368413067,0.06762283767702205,-0.05492415322091821,-0.02677251281309603,-0.045923765332305896,-0.032670358318013945,0.045393972176437876,0.015795615766469963,-0.008682103929395273,0.07336479356109399,0.1982876537432531,0.03812100407562841,0.10322315586498336,0.04972660677170201,0.05413149205722573,0.1602469112755047,0.1060718387700249,0.08574487457602002,0.05309965854921067,0.13848628259447482,0.08569668650219717,0.1529245762668931,0.10381132464851424,0.05192075219142162,0.07580849176985599,0.06986812516949735,0.08740051092477963,0.16892547482057393,0.023192825880474485,0.007821605393832747,-0.00700275141597858,0.12459159613245574,-0.0560453389801042,-0.005301570172911384,0.04080667634987947,0.011694600892846142,0.11120617666405207,0.1903680526298267,0.22950610260323415,0.03375567634508133,0.16078214751548645,0.20108894080786274,0.13359068628869714,0.1973958742158272,0.2339784265215593,0.32658133946312573,0.22987213064408094,0.2386168800899025,0.3057492775108905,0.18627078095938746,0.3274694452129697,0.2351150147203439,0.5947215190958159,1.0,0.7553317200317312,0.24408045150275529,0.49810984955358323,0.39026194092571537,0.5539626807817051,0.5981936408189886,0.18785549750113545,0.13423753029750402,0.17023989636802783,0.20111795714099254,0.14301405446441684,0.20008492012833173,0.2663684546761019,0.18689871016421428,0.1603119549888125,0.015471065646774912,-0.01376889741423483,-0.00990245002471352,-0.03537625172178349,-0.06957594095972222,0.06922948662897836,0.04775639922452836
C6 GM left ventral horn,0.0523494269152772,0.027453088301997386,-0.06870774544459851,-0.038645246091215335,-0.04991932932486356,-0.05521089090269039,0.047329775712712366,0.10791743275074707,0.060098575114971485,0.046764056344599396,0.1592490135671562,0.07512251203919335,0.08513839342710364,0.07344261682357893,0.12330434560053392,0.03567606528976413,0.09820821751790434,0.0569552311753274,0.12234045597794968,0.15846933356300374,0.158885445879797,0.1161767278164858,0.09147919487434245,0.0346223294090571,0.09586387984152173,0.05319142865621855,0.023466947848521668,0.1459595289287952,0.07817724765937238,0.03060408907775652,-0.0009161783030346902,0.09251887072694795,0.09059924388271719,0.03982331067050041,-0.02674604631447182,0.08123280520243435,-0.04538516470646948,0.01147764949308013,0.02441824859307586,0.008261803408695811,0.05843177230819519,0.07530636334789971,0.004738569279771298,0.10695161417614625,0.22896578683127516,0.09618925514725411,0.15697491192373453,0.09500157092500727,0.09412630283157387,0.20118109662417447,0.11925599746885178,0.12002393690028705,0.048289241920969214,0.10863396610098157,0.10418593774897955,0.17851318878830144,0.14771889215309283,0.04966980099190001,0.06877806362416228,0.04572287060808011,0.062489215301645515,0.14331850074169591,0.025388545649390266,-0.007767759052750811,-0.03492050780240034,0.17281953865614968,-0.015920797598872025,0.022695266474209122,0.0048029185186339194,-0.0350841516892551,0.12544178675329265,0.17720410761055883,0.21476057167551776,0.04771338959937894,0.15976354884806637,0.20416169484633911,0.14094150611108475,0.19503489154054357,0.2026775914185567,0.3099769840855043,0.28007507665748127,0.2017625851591986,0.29309840687457855,0.2058932567569028,0.35081356693924837,0.31256970047241556,0.6126111792346676,0.7553317200317312,1.0,0.27318264326522923,0.3574297733826051,0.44706085299973514,0.6118850265886365,0.6809210661161401,0.20888831150628553,0.07587434639427491,0.14322914578443913,0.2312233834481352,0.061583318401270286,0.13205490020664395,0.213785974844798,0.11656763144927278,0.12644063850286627,-0.01438081423768493,-0.030868635286510973,0.0011718009443299577,-0.037518112229118515,-0.07546603742090424,0.047043446449647065,0.014270717707536594
C6 GM right dorsal horn,0.005776062634805084,0.02549870827987904,0.021877376605167916,0.03853362578062957,0.031419698693252715,0.06123342661047225,0.0512369948235426,0.05031859667528069,0.001101898427813802,0.034966098393849065,0.08325457395813471,0.04091470702160829,0.07661312269886231,-0.021551553859777136,0.004066954225041298,-0.020096231407023477,0.007298873937320131,0.044978287811531854,0.03699609231770477,0.08659503404999717,0.010288019212229564,0.024765530593457034,0.07849684385246287,0.03621319572855707,0.08216506388279629,0.07922287298858234,0.05234977626198403,0.07375647494021069,0.0760721319714535,0.09142789106066909,0.06950122606594754,0.015417650709934684,0.03927709343243258,0.004123022588202141,-0.06131159300989753,0.0034025927729679564,-0.001247331793520437,0.0453343501925954,-0.020130267232206484,0.00720502197107583,0.007256109382150336,-0.0012101521220173465,0.010703785565428734,0.03158715017292883,0.0058113713721749645,0.07352624545576217,0.024772088765484007,-0.027703983701779938,0.031143941311431254,0.06068906762502968,0.03384213044752739,0.0342458060318028,0.022796173547665645,0.1169617227066488,0.0307875020445414,0.02802707003686181,0.05795774690974688,0.10749483813599475,0.14214389313696033,0.09234947760011641,0.08551391399054445,0.10699612015587753,0.05624277831374381,-0.005818989195728206,-0.07488302886173448,0.11679482533074761,0.01933569712907579,0.013488959885829988,-0.019994560957034918,-0.0715989224294296,0.11699382885305967,0.20638515516828188,0.1938926714027134,0.06335604566585828,0.14074649581430937,0.15438463883961848,0.13891720405520352,0.17378614366027575,0.16395535312890663,0.20488374071468846,0.1874584147287923,0.210829022262539,0.18944043588278114,0.2629850636733184,0.28225394948130783,0.2673067130064221,0.17026333200839847,0.24408045150275529,0.27318264326522923,1.0,0.5637604711125964,0.5854523051318018,0.5634518586889684,0.45341682508906334,0.12039794850971378,0.12532899364174116,0.0783864448024138,0.20393487965416715,0.18856800659722264,0.1438382374510204,0.21174141700462132,0.2221108472297497,0.07294699510860533,-0.005194088397529962,-0.036829081198383365,0.07488448595797859,0.0009557009427315951,-0.05170142905125636,0.09382038686816654,0.012102143370393332
C6 GM right intermediate zone,0.058810302819714,0.03207893306523649,-0.00782584455360522,0.011315247706110258,-0.01963183903141586,0.032842796844977554,0.009968256114497634,0.06311405869919381,0.02778415196486614,0.04566644193496758,0.1443625870174314,0.0840691141977359,0.09919310568832641,0.10787360417828716,0.05566727844431384,0.022577076186811904,0.12044829965921383,0.10517323638108313,0.08173159686447096,0.1536174906523653,0.09981600659926848,0.07974745481328627,0.14454659299889772,0.03242244264762419,0.15575925468713386,0.12803053691220476,0.10932305330803935,0.15021803801451944,0.08868019955668707,0.10303105637685289,0.06338625752884464,0.06585906787466755,0.03361423230815892,-0.03032162782126505,0.04639433622994119,-0.0174720885998232,-0.042457304157189915,0.00010382841455773997,-0.08302968807995838,0.00982231621928007,0.018589202143753997,0.015312201174662669,0.04119252141331037,0.07980779521328978,0.14712832582041446,0.1368729147975308,0.09302724281147288,0.033546435829697935,0.13667344882043264,0.20073901825242468,0.1431377650511336,0.15460675496683385,0.057144408323549806,0.1436725691149757,0.08239069729608983,0.15313772940920714,0.1482109850759929,0.14335405294849538,0.1850748052759721,0.1029375707974558,0.1441534907505554,0.18868174356448053,0.06763990283451594,0.04636178264247163,-0.023022654349032723,0.1224636312733757,0.022717320046429217,0.043786847529869416,0.07118897314291463,0.0062713721516167945,0.15302048630451398,0.25920077646328743,0.24693755929022687,0.10731416306490663,0.21357531468633492,0.2301836111086406,0.18488791642169672,0.24148164853562815,0.2794989689945297,0.232547017506243,0.22720371616166038,0.24803144813529485,0.22967292670760417,0.24297522815447398,0.2927234360485759,0.2177967375060914,0.15499625237796344,0.49810984955358323,0.3574297733826051,0.5637604711125964,1.0,0.6547771530609037,0.5656911566293306,0.593883431084878,0.17538388864332002,0.16313367446825733,0.19744937736034548,0.18074066166735805,0.23628732879050807,0.2614257406317573,0.29489328474483034,0.3079121136463373,0.15246273036362695,0.11273396199693163,0.10346336390178164,0.03103572379901723,0.0717982562255054,0.04169745666647039,0.13755660195186065,0.06816019767308736
C6 GM right ventral horn,0.01956129060367379,0.03475521608489488,-0.02264339440646952,0.021743401660739816,0.028241618846249494,0.02627800842920561,0.007233082853945717,0.00219568021993848,-0.026045803871345214,0.040140837524659134,0.12187028907790691,0.07677975448363732,0.0580861823469823,0.12098160477135803,0.09237403985279712,0.016336384577689538,0.1091432179378878,0.12876767073021905,0.08049908103055557,0.20380431579923433,0.1370911346215016,0.13532591146033499,0.08839225018731281,0.04120429058794064,0.13768775266714528,0.05059187325342591,0.07503591271085354,0.16925841029280897,0.10981762240198248,0.07324125706802682,-0.03366119741158811,-0.006504364872699743,-0.014851338057304332,-0.015296111332582586,-0.040058051855165165,0.015614021228516274,0.0022724872353866985,0.04966324524486065,-0.01682428342084347,0.039487755064682335,0.011697687604828474,-0.005484500712021772,0.035329267773113286,0.03957614422735302,0.10702486891465042,0.10074191528189226,0.09274921843005825,0.014236765092789299,0.16966829102358488,0.15742715425756482,0.12187629266286147,0.12525771182219658,-0.0016510133433582028,0.11233072476737194,0.06822056432153,0.09988689037366254,0.1408285969302269,0.1065929777535065,0.12473164714690893,0.060734387578769256,0.10029358819119788,0.1617005206438655,-0.014538760578519449,-0.06714107720794146,-0.13475753550495786,0.07184514725709945,-0.022777685379378486,-0.021437562370195246,-0.08918876859602974,-0.13658528539755954,0.03057109138312512,0.11672103358646747,0.11779297697282641,0.05322711093975939,0.12393182668267975,0.1521135610873597,0.05403825140144511,0.12390588889111087,0.2268839782358908,0.21625294295499367,0.21670379734073245,0.20647309893498444,0.23666240201770197,0.28532027298516927,0.31474630033121603,0.3130857641490401,0.1722267850535351,0.39026194092571537,0.44706085299973514,0.5854523051318018,0.6547771530609037,1.0,0.6514702447365959,0.7079869867177813,0.09741438793805678,0.06219332023820357,0.061299019935793786,0.19756708832003636,0.16008776317997278,0.22431598950857845,0.18213025610848266,0.15003826717733093,0.06226866885473246,0.02339043708527479,0.0014082792085694095,0.009241934249682775,-0.0050167674105649485,-0.05166088095191273,0.02472358943409126,-0.050094075284056745
C6 WM ascending,0.07896333173842113,0.07772364732309839,-0.010336454059821532,-0.01035904111710132,0.001354433694198511,0.025673938788961265,0.07668305753138746,0.12790734904258907,0.04751780665646044,0.089885802537077,0.19745330784946818,0.13069520356788997,0.13370188290468096,0.09623187521891005,0.09514518921593472,0.040783567554675826,0.16317248116603528,0.13290738034547905,0.1770195445719057,0.20424160706035766,0.2092890937336389,0.17698121968751462,0.12955228541766345,0.07398992042952106,0.11824393856100142,0.12978177013542036,0.09082465182065987,0.20491286093891212,0.15154959571067758,0.07860527615196214,0.05849689624154066,0.05101557450661118,0.0804617459085617,0.015554461472913712,-0.01417998955874087,0.03373241383423555,0.006120668674608244,0.03488100198459497,0.029912280993051096,0.010516807073482218,0.06706526094449843,0.09961340855095718,-0.003490401555370931,0.0861947676420654,0.14860899086218193,0.10678279668425761,0.09684916815522239,0.044521251473750995,0.11674767696234614,0.18830702274904199,0.1285504553651024,0.12590020394310533,0.046820667404002154,0.14815495359933162,0.09689392457367596,0.13736651188284688,0.14095046205493786,0.05539475910117354,0.11053660210042365,0.04939221793056404,0.07906180486282438,0.13809979202938347,-0.016675060223554927,-0.03315244815030739,-0.07188933215099473,0.11638133703571807,-0.009947421930244414,0.04006755424896277,-0.06220773194293119,-0.09695627553202614,0.1790297102137517,0.24182096159668376,0.2586767571333426,0.06481567736035561,0.17732346563783338,0.21692266533463556,0.18725600732839504,0.24030209754978277,0.2702724783567052,0.3166091823582717,0.3127926381920706,0.17990427286860414,0.2893484201098952,0.2519464343347967,0.40744189068763487,0.4108558694422791,0.4770450137300513,0.5539626807817051,0.6118850265886365,0.5634518586889684,0.5656911566293306,0.6514702447365959,1.0,0.7515815618401963,0.21054525619866318,0.12654676075487645,0.12006168181072106,0.2686476214345326,0.16438167636171092,0.16999209684247166,0.3313463451417717,0.22804831951301316,0.10660110490830012,-0.015717303046236378,-0.03670764657418248,0.018182821372774032,-0.023026875075791275,-0.05021523735191064,0.04749890035421062,0.02701783516189215
C6 WM descending,0.07737800802153337,0.057793845116189346,-0.05250805948381742,-0.02705445718529644,-0.015959299349463853,0.0091526712411722,0.07299884847245185,0.12911277763608864,0.06298882079497309,0.07401230048429956,0.1476473197913864,0.11597750621949186,0.101686035588178,0.09156271571304625,0.0856802287453444,0.036839528249373504,0.14208270812114598,0.10726809854567534,0.13940120350684282,0.18549235421783486,0.18534398105412098,0.12054155033603815,0.15577326263615138,0.05647873756731577,0.11266491090406996,0.08483725877169514,0.09400494981015352,0.17982608129977257,0.09830888727443496,0.03455884169764763,-0.023312325006501763,0.0026975342111748906,0.04235877347033258,0.0010720620789453701,-0.024893561483833367,0.013531355180734705,-0.016820935430489375,0.028537382839152112,-0.0066380553321757525,0.02949327875261543,0.056069153388000566,0.08444320898148612,0.0026212081809559537,0.055220746614112116,0.16526166214311114,0.1254726083023356,0.10274575253633046,0.03544105705822317,0.11636401514568873,0.20412572383935262,0.12065480322036509,0.13101707000810958,0.0589415155227491,0.10691713835088001,0.08860632556750743,0.1471201277088791,0.15931284100116924,0.07482118551752312,0.05409085148214236,-0.0007340860934922276,0.06177850526656109,0.09655150262560672,-0.012057894730909966,-0.07596752939162811,-0.1435629757326282,0.12032107719293335,-0.02846887098519164,0.004812149226252849,-0.062302782065541046,-0.12103001567158826,0.07786592598658494,0.17902098502396346,0.19370565205213114,0.084277172294854,0.17036373469028676,0.19574018127050685,0.1093949408838391,0.17361689050189222,0.23712699909185678,0.2606150189873095,0.2710928505321708,0.16835640901825005,0.23156051996144977,0.22459643886034822,0.3431224734406078,0.4131690081166377,0.3784981090019234,0.5981936408189886,0.6809210661161401,0.45341682508906334,0.593883431084878,0.7079869867177813,0.7515815618401963,1.0,0.19081660795017275,0.09590376003705028,0.13624696910148706,0.2771843554760853,0.13416013328781692,0.1797911309125431,0.2823435216700461,0.251862596814125,0.12204433354081849,0.00015547127114653496,0.0020221344660946,0.028023334843128522,0.004292979319228211,-0.03221022474147391,0.07995553081760708,0.01414744176965641
C7 GM left dorsal horn,0.028004738836180036,0.04865716522812369,0.017221355103202836,-0.019184694829917772,-0.04229330487546762,-0.04883040409047071,0.016326926141250832,0.04585797005865749,0.03339778258136682,0.08562043098694759,0.0625790864933478,0.09947819072632602,0.004192181618077042,0.06010560315871726,0.017377642601381218,0.029661331680714238,0.054279872751275576,0.0469900130652277,0.007563887747661098,0.06842570757802731,0.10579194231291653,0.05946315694052964,0.07146371343994307,-0.0991875795982835,-0.00046096933965613605,0.03386578994898969,0.011472066159316823,-0.013474362117276583,0.08227811542673061,-0.10621482489625361,0.035711206431751664,0.08530531644845776,-0.05797656522157212,-0.04725686035560211,0.039380795830422914,-0.048327295641664166,-0.056162122958444693,-0.049343731229193055,-0.0763426272455965,-0.00048798798721305344,0.04260545610109046,0.07763079619364241,-0.01159167167467101,0.05338926056332151,0.08652792362796637,0.0973657246723512,0.03410669591588783,-0.05069505517583662,-0.029301063654319046,0.09553965521118414,-0.044192310417787546,-0.03831385401900411,0.002078462078340629,-0.04817321896651552,0.008691939886765688,0.06739569280361384,0.09384442230851735,-0.013117739938707929,-0.08185687850955688,-0.1123705488443101,-0.056062906150851126,-0.025736708874217903,-0.022306684268877375,0.0476655721739329,0.03433278582985642,-0.023608976995341778,-0.03430191597065572,0.010838721175306773,0.013005417369962998,0.03914108795720441,0.14162479892430824,0.20094015985666114,0.2156589014100195,0.10242662250493267,0.13956867781182705,0.16573415273299372,0.2126367277760742,0.20695159836687835,0.14118154703484487,0.07122165020454231,0.1026784858993168,0.16356381748767873,0.16478963634925223,0.21497096134826663,0.18964931954576136,0.1590367556173896,0.17906659523731144,0.18785549750113545,0.20888831150628553,0.12039794850971378,0.17538388864332002,0.09741438793805678,0.21054525619866318,0.19081660795017275,1.0,0.6072767421892048,0.5421441028633412,0.2755489949663517,0.1770180720371113,0.22676524905976922,0.5188179488512688,0.3807283494443243,0.13989104829056764,0.08233535460776252,0.07325499577145962,0.031996328324020225,0.03817589438997566,0.03480267201494528,0.09659411636676943,0.07153945386687766
C7 GM left intermediate zone,-0.03000105241662357,-0.03035340043716881,-0.02907780181765747,-0.12741919257613557,-0.13678919780658172,-0.08587506858489777,-0.051705696405904694,-0.02199756394408663,-0.038188039357993135,0.017288470752837272,0.019227466934617687,0.05914819016111192,-0.03495324920287677,0.08018815681252403,0.02763539221813153,0.024665624577512844,-0.017039846202379156,0.038410676380209764,-0.058153710566226265,0.041552011903068994,0.028332391582840757,0.019893245202241155,0.06095511053525166,-0.15732841423577867,-0.07803164063256597,-0.04702416371013198,0.06183912621326148,-0.057483561198537377,0.024964920505778032,-0.11615264027201322,-0.010518813844325157,0.05882093885284575,-0.05179540126386362,-0.09092295301065416,0.01186871752193356,-0.0893432415613716,-0.15326032760592884,-0.13484613904361623,-0.12506580800817263,-0.09596866481060563,-0.05263321873843354,0.06714995704312103,-0.11762667508098008,0.06823972384421931,0.03008691538293201,0.07147729283919195,0.010839284779034489,-0.0691593334474865,-0.035208387132071285,0.035174803532960534,-0.030229049333853824,-0.05223543136937595,0.03913790651966735,-0.1192842999996402,-0.03556769629137971,-0.02318621358707815,0.027133116811043398,0.03975562355124379,-0.09386191714762668,-0.17115594108618873,-0.08176055189615347,-0.08765187345460866,0.04205701040927127,0.0908873282771672,0.07686815981398297,0.012914973762485323,0.022470823797838557,0.04183612098662694,0.058261345816429555,0.07785467949986094,0.20461372437796607,0.26039999465889974,0.2517908697775464,0.1563201393183259,0.20167390446480446,0.21135783605530784,0.2688826246739931,0.25460575945560043,0.19408583199498172,0.08225543091030653,0.1413155773694959,0.1829636144857595,0.08112719911637195,0.16114190084239946,0.18854866671003948,0.112176555400152,0.05841305239300158,0.13423753029750402,0.07587434639427491,0.12532899364174116,0.16313367446825733,0.06219332023820357,0.12654676075487645,0.09590376003705028,0.6072767421892048,1.0,0.7140050011101335,0.1881151949767529,0.42044697243646806,0.3052411609917824,0.5381622983335834,0.5483123187602928,0.0851060268737403,0.19841136282550403,0.16874833545031556,0.1518263567486267,0.2314767910897964,0.19670818018957925,0.20960897359818598,0.2166437480039016
C7 GM left ventral horn,-0.037456654827847415,-0.020802822879645858,-0.03482490416752095,-0.125427385840918,-0.1316455643028935,-0.11610786516485688,-0.08290083375734258,-0.054500195233743755,-0.020810036648039713,-0.045501773799827845,0.061284255211525696,0.05959472677879018,-0.061968375787991886,0.06555319746770508,0.08733807781655671,0.023231430764705057,-0.01626668529954947,0.023436472401773493,-0.0494923133948838,0.07862461835089361,0.06841130908610564,0.03996891077968716,0.07219150339725428,-0.1457431687074229,-0.0687905001647604,-0.029062315029837336,0.09872177281682669,-0.009542188264419361,0.01660647300579746,-0.10173444474782342,-0.05967985669100768,0.045357963425961066,-0.014610829001390524,-0.05806539284234927,0.04435178374856632,-0.04732265264066527,-0.1914840761737271,-0.1880453625730791,-0.10538014331161671,-0.14298995241273413,-0.096886262086039,0.09902248161791063,-0.14525190415096106,0.09337873465937795,0.09234239196745647,0.11988874850607534,0.055414243217126145,-0.03473536004200389,-0.01180680199478169,0.0876104504493354,-0.0017538015008099568,0.011786429397271229,0.08274543636802378,-0.03769167051515205,0.007584707863263948,0.01785452683927716,0.04618035469496821,0.10396447238367872,-0.029436735603060885,-0.11816082822802011,-0.0443603268447699,-0.028082851773996116,0.09785958131759562,0.10208073085062831,0.07747815868792444,0.06727164816404402,0.04583939655816327,0.03671107216619829,0.03875977480184128,0.0419855116341069,0.22326998365206288,0.2618879564719894,0.25263155577217117,0.209742691709401,0.23935188234566987,0.22729741517049185,0.2757402044775313,0.2672359003220693,0.16788712749591747,0.09516271947071403,0.10162553308371308,0.1681136803809044,0.08723513241352514,0.11494615601516817,0.1292501888015378,0.06825061522801258,0.06773644863414435,0.17023989636802783,0.14322914578443913,0.0783864448024138,0.19744937736034548,0.061299019935793786,0.12006168181072106,0.13624696910148706,0.5421441028633412,0.7140050011101335,1.0,0.1810839374500326,0.2634414799380054,0.2844758122372162,0.5271377330512231,0.6129236269692411,0.062410393241811475,0.23498170701099294,0.25824642918374474,0.1425103823916551,0.2785028294920718,0.2826302434666029,0.26940948212940263,0.2911665921867363
C7 GM right dorsal horn,0.1457534087487745,0.08728499667754244,0.02684312498132127,-0.010499398036618118,-0.028395536152750225,-0.005883062839869296,0.1714197195769407,0.17091368423875009,0.10283557465393424,0.10739414724214368,0.12135748567992431,0.1714452180676743,0.06967742547802187,0.015724138576756048,-0.0025177868032802485,0.0963836285996841,0.14412719683361502,0.08497615046444297,0.10966293531363581,0.1349995987561271,0.1627843984779821,0.07305672084089042,0.130050091077659,0.041009470150404424,0.06324843578997011,0.11226042908476273,0.11197595125888957,0.06594654342323239,0.03922917489245878,-0.05937557675359533,0.02996367629526113,0.06078691944354326,0.06651670299405803,0.06179687176488212,0.029087671624915813,0.018904222564905267,-0.01733085259819163,0.01307402657452486,0.06586684779773509,0.0042722761486650995,0.0712958441155756,0.04695418273414073,-0.022151319945594904,0.0988773170808275,0.11133416234259584,0.18041781084733835,0.04559946499360162,0.029179023951747575,-0.03240095076063183,0.1282297355893524,-0.003057454297302071,0.11290181136370545,0.10067751984644635,0.07899885796344341,0.06175665495795013,0.11599080926461935,0.10360562464835701,0.026960401712593278,-0.07787649833812409,-0.04928915269495548,-0.01772136213070139,-0.011330276964859467,0.022640321339929197,0.060216703858394914,0.031775016490599516,0.1369025870876564,0.12588814603577214,0.09686899749210695,0.09403707210234272,0.05339655009193464,0.1926673985267538,0.24081330877652027,0.210617204639689,0.014134767311126279,0.13817484164425337,0.15250388106192295,0.14621776334231343,0.18133764121019075,0.11484559775642693,0.04291877528050561,0.12059124260778416,0.05837309089102983,0.09444755650807793,0.16330496708738923,0.14924884031835564,0.14881107006023161,0.18401224575138056,0.20111795714099254,0.2312233834481352,0.20393487965416715,0.18074066166735805,0.19756708832003636,0.2686476214345326,0.2771843554760853,0.2755489949663517,0.1881151949767529,0.1810839374500326,1.0,0.5605500552590779,0.5669799043083593,0.5191053936751475,0.4086636093161771,0.08302059655734995,0.047014956669813944,0.041153731978075814,0.1020742636299287,0.11563146311629888,0.09488127454733594,0.16790615967972686,0.1210462920761565
C7 GM right intermediate zone,0.0657165589558917,-0.013605428701267824,-0.035075206483788354,-0.06746162410326303,-0.0974773118131523,-0.001074070689892016,0.08262639141137601,0.14505989984134787,0.11511314946017212,0.07428185258493003,0.04073268190466058,0.13540306737086785,0.10066341410139934,0.09637114311424579,-0.03607570906255024,0.004911073165856781,-0.016576010295508144,0.07432895109289718,0.08516273882021964,0.12035359461735433,0.07124477920477437,0.0337017143816466,0.17386948040604822,0.016686401628234586,0.03413082538962389,0.04846624159067067,0.16198196245792815,0.008029134916018522,0.016542348085590845,-0.03413188671516995,0.01269229146765103,0.04750972354006953,0.02655147899555875,-0.017571201370359935,0.023281318636451175,-0.056323096846113675,-0.12189594237782157,-0.06703761470633593,-0.0089870008585707,-0.04382462529367859,0.030960548518274324,0.02528707876910635,-0.05234927927532017,0.06899172966006271,0.08096703198072154,0.1063141621237895,0.02610653994060522,0.05102855138080809,-0.023673424164530294,0.0856063542897299,0.0619547346859117,0.021276480886137743,0.13930684675087962,0.01950465925796823,0.020277213184544986,0.08340284299357544,0.0528935644208495,0.03427551176598574,-0.009917312643555016,-0.05429138575153297,-0.02220531771809824,0.012336331489344035,0.09982360357564293,0.13807000138066966,0.09296826025116728,0.1189659879174338,0.10373888144906615,0.05303197603982139,0.1614038539293605,0.08882619773859958,0.224213345129562,0.3241776849595416,0.31709295912328517,0.11776599738194704,0.2326551117010275,0.27329558482431365,0.2962386610144193,0.3318767459082729,0.18212328753269508,0.10009540905022345,0.10338823888839101,0.163278899530386,0.08998472268158494,0.1647613916164085,0.16232617946702954,0.06502676585814107,0.08073092716480375,0.14301405446441684,0.061583318401270286,0.18856800659722264,0.23628732879050807,0.16008776317997278,0.16438167636171092,0.13416013328781692,0.1770180720371113,0.42044697243646806,0.2634414799380054,0.5605500552590779,1.0,0.7191331439412773,0.54536141215407,0.5165420022861199,0.016189099752942183,0.015747651128988332,0.049358598021591,0.11368771120676804,0.14390258528029512,0.14293592197372346,0.19099387273895269,0.1326702659509811
C7 GM right ventral horn,0.06906772580665417,-0.023594036014847365,0.015603660995843425,-0.056329511799070746,-0.05814466957422865,-0.020133286901423558,0.07297341503217623,0.0677191733453025,0.08727808982597562,0.03395422940022066,0.030616570389075188,0.12507064087636335,0.07453811729244635,0.0841689624060541,0.007714251791546536,0.06607640211619405,0.007948303190657454,0.07234596398359036,0.09148584779412952,0.13963635578609823,0.10759487302182548,0.07517934299339528,0.14373809721681466,0.0037572203442774142,0.07629579912826195,0.07097082125325102,0.1220718352062094,0.04325946922117495,0.0656715723380214,0.0036986633048021744,0.011236951951416572,0.04079523825958458,0.00351483774591866,-0.023077495446574434,0.03149816153048505,-0.006512472450719496,-0.09583768312615638,-0.06798679151430763,0.006638004120930102,-0.031138805294206824,-0.0003985222455513992,0.00011420642703943311,-0.03587470015608219,0.1385311283893634,0.10596130569394537,0.05386098867621889,0.05709863332408329,0.04946585007899396,-0.008938522107696828,0.10151704879325549,0.06764998718950056,0.013875752671773435,0.09834477923340554,0.0821057449990553,0.0006715907119187259,0.08666244256923518,0.08955630988845002,0.05436868424015286,0.04040599615984995,-0.001391200564670409,-0.008406265780412722,0.10571690951109305,0.17596099484335231,0.1746980779301011,0.15037171847437128,0.16036658827046757,0.11386660955714528,0.07536165765375513,0.20818130846220964,0.12228675192203936,0.21370687616940526,0.288333861103905,0.27534188874201054,0.13664849538585278,0.2356264403662608,0.2449813326858286,0.23381102085155658,0.2665511510089155,0.20199599476633176,0.0971720922977181,0.07088152420277954,0.2328970337765254,0.16433821511213348,0.19545148020057732,0.18940149750597532,0.04338695704901533,0.10500388919777537,0.20008492012833173,0.13205490020664395,0.1438382374510204,0.2614257406317573,0.22431598950857845,0.16999209684247166,0.1797911309125431,0.22676524905976922,0.3052411609917824,0.2844758122372162,0.5669799043083593,0.7191331439412773,1.0,0.519481796334174,0.49274886580828153,0.05689229796685246,0.01812702834195595,0.0428211179621502,0.06697310014425431,0.057833899011535794,0.07557743191381382,0.1388935058845718,0.09157218690723025
C7 WM ascending,0.016122642226024362,0.04060406584038095,-0.033913546377843856,-0.056605392350726674,-0.0696069361868738,0.033102999016311085,0.0797704213324915,0.10418579944791138,0.041980150249301545,0.10040905549803537,0.023593637162843687,0.1571318287160592,0.08768490270671735,0.147273389694656,0.0042785479078338105,0.09274507362923182,0.061686938004657486,0.044086048233804014,0.07598922239666304,0.19235514102459686,0.18914602937750544,0.14286106221218245,0.1282734758551747,-0.059233803518177724,0.09618655452231456,0.04880438394611455,0.12060695846585923,0.04057809093478498,0.08227003767129096,-0.07158976060124791,0.017166725564780893,0.077301295167573,0.0020310433035002668,-0.06425686210786455,0.0071779382390476055,-0.013238566468220862,-0.1047204237090307,-0.06636869181918456,-0.04376091240375128,-0.025411874033107937,0.021707783862664806,0.05616058132363486,-0.07068484429081101,0.12981339720499063,0.14838042044394772,0.10531544394748343,0.10469939299758294,-0.019661404489314013,-0.024451122970295995,0.10989499924180497,0.030948865649822844,0.03813364590656848,0.06273617877027486,0.06467265131743846,0.002147703099558684,0.11563411674367702,0.12211194563633718,0.07789474413968389,-0.03425430467856959,-0.055164234986589115,-0.03848944277111549,0.0249528701768408,0.06153757633836438,0.09466122249512943,0.0734595187973814,0.05816961567198756,0.046872389063848816,0.06109192632929898,0.09024322336670461,0.0647765081695795,0.2516170035766431,0.3302616783285693,0.3171351251988426,0.13960978184409695,0.2649494654404043,0.2808866435806914,0.26816355759665866,0.3099428143942853,0.19531958822838033,0.13239695354298311,0.12175383213038082,0.23889602241023866,0.1935244843588933,0.19455630571161797,0.1730739465596046,0.12494008473822507,0.16932767410904445,0.2663684546761019,0.213785974844798,0.21174141700462132,0.29489328474483034,0.18213025610848266,0.3313463451417717,0.2823435216700461,0.5188179488512688,0.5381622983335834,0.5271377330512231,0.5191053936751475,0.54536141215407,0.519481796334174,1.0,0.6702443135921815,0.03235948712802166,0.09995168135567901,0.09065145581687002,0.10448803754787084,0.16809693843623452,0.16464595809622182,0.2340202489172002,0.202630757251595
C7 WM descending,0.03336963937163146,-0.005525488977258059,-0.04473056253246768,-0.06729865009612722,-0.08179733311503946,0.0172082717264948,0.04883145508553272,0.05137482733588803,0.029016111315335658,0.023126734706412893,0.021834308045554276,0.08738546053598847,0.05706452039884146,0.07341627949406783,0.015166945336989245,0.09150238656545005,0.015278952554061434,0.008946495496740014,0.02485698448730159,0.10482391149274942,0.09302776071727595,0.05774170845624224,0.0958153419270962,-0.04833802971520589,0.05763901605167166,0.023545494346913626,0.07989902777974475,-0.005486617738571461,0.03114455336125577,-0.04617082698367323,0.006029117983896414,0.024500423667467817,0.03685691091615274,-0.0120975215771039,0.032826648937713296,-0.006084113180400731,-0.11001315616261198,-0.08852887181568801,-0.018629165029051303,-0.06490458656594099,-0.031083505448800765,0.05050065539181993,-0.06841403051531147,0.10374388513397285,0.09557259808370958,0.10820264439618285,0.05918629607768359,-0.0044324297942359555,-0.05128057016221896,0.08965775532598264,0.02144761921722197,0.03166171292427381,0.09357924696519962,0.019972218821873045,-0.0018745156297268356,0.08134560172174206,0.06835477882051705,0.07537066576548455,-0.02270405819132656,-0.03335435785149194,-0.01623120733324501,0.009773944673297293,0.08313747542142443,0.04665676247978277,-0.0022558233990641685,0.12432992098304689,0.08879439714069631,0.08599115459607239,0.034628333113630366,-0.002153772865816558,0.2512268206406189,0.2963191818640272,0.25671853378391973,0.18233279931081875,0.2389489623953056,0.22002279783493783,0.26068031574343953,0.26246074579182455,0.1338756421942874,0.09757608090163786,0.09961381531896334,0.1767546952355194,0.11668365349671174,0.1299199041967914,0.12408924861242354,0.10295452149349538,0.08643732283005486,0.18689871016421428,0.11656763144927278,0.2221108472297497,0.3079121136463373,0.15003826717733093,0.22804831951301316,0.251862596814125,0.3807283494443243,0.5483123187602928,0.6129236269692411,0.4086636093161771,0.5165420022861199,0.49274886580828153,0.6702443135921815,1.0,0.029932833971570358,0.21129365284293883,0.24506489161232037,0.17149562355956405,0.33079564047908533,0.3134885569613174,0.3184079380001842,0.36505679245820094
C8 GM left dorsal horn,0.016598854535748872,-0.011787978107105527,0.013305621389662077,0.003718217548161631,-0.037568080848353384,-0.036091334372819174,0.03740282369544007,0.032885419711130466,0.03670535120444038,0.10865275323960265,0.05420861376529087,0.029041958393205267,-0.010165206340474487,-0.0319306655143019,-0.015679176540538717,0.08374254873573035,0.14601492055677148,0.10727376977203797,-0.007282792010853451,-0.046077514745956824,0.004364869329202383,-0.011787161223994806,0.04037778358920528,0.04040300219711239,0.05007676180653151,0.09411511033668482,0.07033522786401182,0.07093986078693205,0.049904187547851774,0.050078606603749604,0.05031720222927257,0.02734713563634688,-0.02723969140171915,0.010062579224139941,-0.0061076542867780905,-0.005957780297919647,0.09944185047621447,0.11071564267457558,0.020358002798442718,0.08782817868544336,0.10963161394407325,0.061696493604634174,0.06491105990755,0.04495005338927726,-0.030028204579869773,0.06624817969338374,0.029386989238379606,-0.023071146918916992,0.07263878779087993,0.014145886625661326,-0.06545463262712453,0.08548509486872403,-0.010994186558686373,0.054662593281794146,0.04688063283673514,-0.005849535215629165,0.04374820464861934,0.03340471866341326,0.027549936058882937,0.005088014339825895,0.013425335176053557,0.04931526303857062,0.06471769749709705,-0.017794181875751776,-0.031167578717106032,0.0571143644840321,-0.08015204285081025,-0.08839794181406198,-0.0023945681072827366,-0.024940833874098626,0.10023952056736063,0.10742788264138403,0.11833638434033569,0.045077410499068035,0.04387001751267344,0.06636595571086425,0.07163663899270041,0.11620018031058149,0.13406399111283454,0.14558229848356935,0.11634474097256198,0.10865451688294281,0.14332557867294485,0.083364992546338,0.09021317786906465,0.11162745758127542,0.04114752029426677,0.1603119549888125,0.12644063850286627,0.07294699510860533,0.15246273036362695,0.06226866885473246,0.10660110490830012,0.12204433354081849,0.13989104829056764,0.0851060268737403,0.062410393241811475,0.08302059655734995,0.016189099752942183,0.05689229796685246,0.03235948712802166,0.029932833971570358,1.0,0.30343918131851166,0.3392401404720758,0.1337579025024786,0.018865907031929467,0.0461458686734109,0.4143633589307622,0.2612566433038348
C8 GM left intermediate zone,0.003675196930156453,0.02481522731945536,0.029419312112772895,-0.04066103894493336,-0.035042617740221944,0.028135755276598146,-0.03353541683730344,-0.007913055487202022,-0.03741478663265925,-0.029592382057140564,0.09976336830633216,-0.009843124463167381,0.021578340732464472,0.05580377761732013,0.09329228632292323,0.03927240536570916,0.140392410565115,-0.040623779328932824,0.03740279895663104,0.05441506296222531,0.061064954086653724,0.028331056547016665,0.023148248167056584,0.003196937454672289,0.01702336051850911,0.06511085601491828,-0.01618682196058476,0.046667252785957715,0.024705090693684456,-0.005727864156073748,-0.05537819322002121,-0.013425051526823831,0.04404739681365077,0.04644365811091749,0.05457521426855072,0.03735703796549983,-0.07589149223106352,-0.08342806626559879,0.013994023194128164,-0.0768811162158637,-0.014533647144880167,0.08944150574323395,-0.021631859306338527,0.07415231864131759,0.10724172765595372,0.13957894590438694,0.09008461154949732,0.1096570299971993,0.05607626245618743,0.09950964326728172,0.017240824387472185,0.1399643517747768,0.11784612485685612,0.01687953898552115,0.0890097888910814,0.09732463902198785,0.07463127358880621,0.08859467670856117,0.07822894186474241,0.009012919999940984,0.09299771815477578,-0.010695701532691799,0.04174758063899375,0.042329806219795006,0.038395346986186255,0.12316111318980144,0.14465824232075578,0.16340455198307785,0.07543478589678773,0.07873443491440232,0.1540030110297387,0.06444700870014022,0.02291012130099517,0.11930727621457898,0.040900278490830215,0.01494664114275578,0.05779281104723234,0.049670593591220065,0.1317062483619311,0.08120825737995777,0.1334393010827978,0.049450661137603824,-0.04094733066433684,0.012344464094034207,0.09319670150677875,0.04018760515404133,-0.06267228961365826,0.015471065646774912,-0.01438081423768493,-0.005194088397529962,0.11273396199693163,0.02339043708527479,-0.015717303046236378,0.00015547127114653496,0.08233535460776252,0.19841136282550403,0.23498170701099294,0.047014956669813944,0.015747651128988332,0.01812702834195595,0.09995168135567901,0.21129365284293883,0.30343918131851166,1.0,0.7589500130035568,0.1860997672411738,0.5916104094098631,0.4322820750885141,0.453709672764556,0.5915644640773233
C8 GM left ventral horn,-0.008977137765576198,-0.03112560083500369,-0.01985669222888917,-0.07708356682734897,-0.09935205821660745,-0.014305077166470132,-0.05436197364339641,-0.032330427908485525,-0.03648295749929465,-0.033571480042625876,0.02513886454337296,-0.0009285489561776005,-0.014250187620285577,-0.004893024369604609,0.00845894588970506,0.026420324622027327,0.0401558994447993,-0.0052506906199513755,-0.014068721640057666,-0.036224166416568886,-0.028041289887734765,-0.05666679201239217,-0.006879110068197135,-0.03474993873529296,-0.04003527607314296,0.00011771545921434844,-0.044092889351464236,-0.0418383053274271,-0.039042231042870086,-0.0585763833338681,-0.04649639403310305,-0.04362089208762333,0.0037303825693158284,0.011378361441671078,0.03407399380891637,-0.013281734554930653,-0.08231356715830425,-0.08865785827396958,-0.023039621694278468,-0.08140393202362392,-0.03815663047870344,0.06073042941305243,-0.031111645982856383,0.033757922402611835,0.05720155932408519,0.053581290819844564,0.021568202101050808,0.03328872886554805,-0.00583101926685079,0.0473793601592032,-0.054239030885856784,0.050002962137421496,0.046691071347535834,-0.005947112993940339,0.017977637265407347,0.017150099635978678,0.03120714080647364,0.004403618355570089,0.021158450570083275,-0.03308251767194718,0.0009849393975094472,-0.046220368427277725,0.08287224830573298,0.06110601258261387,0.032206360974133236,0.16035217048935893,0.151228043874083,0.15252638795501713,0.04955180587597761,0.04924437142186924,0.18500345518311315,0.10319818217578496,0.06729014826087673,0.13143988155694616,0.05897772112019951,0.033872629965542564,0.0865050705071417,0.07247102738626278,0.09094589431887506,0.10253689022206347,0.12649670712512748,0.06917553532612354,-0.0031532815654009396,0.01767014703612984,0.0649936006897867,0.029219919407091895,-0.0644812692378984,-0.01376889741423483,-0.030868635286510973,-0.036829081198383365,0.10346336390178164,0.0014082792085694095,-0.03670764657418248,0.0020221344660946,0.07325499577145962,0.16874833545031556,0.25824642918374474,0.041153731978075814,0.049358598021591,0.0428211179621502,0.09065145581687002,0.24506489161232037,0.3392401404720758,0.7589500130035568,1.0,0.1855164704256165,0.4722018428498185,0.42314074390256406,0.5049475357279392,0.6275725891863969
C8 GM right dorsal horn,-0.010971028326545763,-0.07839783426686334,-0.10267027780971097,-0.12678296661414667,-0.0651103723732505,-0.07674335762328074,0.056254963555956765,0.07365310558940502,-0.009807329512315052,0.05713613669398186,0.0946656010265794,0.005836189589335902,0.023800444061491368,0.10896860009457901,0.0893388842058399,0.09601302828177356,0.09561793235112545,0.052984844802832304,0.049177168049036754,0.149980334585008,0.09982294144478664,0.16165633852146286,0.00182425667103699,0.022426644807319002,0.08911215428141649,0.10974052869506545,0.07037871481364127,0.06486043684924662,0.12247303313179894,-0.00616170325849383,-0.01981273533666364,-0.04951035102240316,0.015891952472710212,0.01954903959187085,-0.0458521364881567,-0.0302387214990587,0.03339462964265948,0.04851455685818882,-0.018420469215071168,0.03861457257648433,0.05286089258544449,0.11675457293014226,-0.007389215787118871,0.003275165985386036,0.034024394804866895,0.09672951211136968,-0.018400512539765147,0.010804241796033386,0.04979492606201054,0.031037780164615576,0.03540917912424004,0.10422011928560396,-0.013655817893790402,0.09730105891919406,0.016543350717294236,-0.004808268584801637,0.021066207607362004,0.012320431349058112,0.09201074534013275,-0.023622492336610085,-0.015680223047862447,-0.005304005480281965,0.0038200499354843448,-0.015905702057020358,-0.007431558785775605,-0.07463623309973183,-0.019419224624670738,0.011456499759128668,-0.039152965658760704,-0.004435837595805801,0.1010427131889307,0.03639887421850342,0.016125397939869036,0.10764156706691044,0.04601571635231584,0.006992441327265927,0.056198520682343184,-0.006939829318915323,0.06293510606746482,0.04355415349109427,0.08236079809680638,0.032553880755399174,-0.004205897016921629,0.02375329513157923,0.09441371356163754,0.08230576077321025,-0.010694766543002472,-0.00990245002471352,0.0011718009443299577,0.07488448595797859,0.03103572379901723,0.009241934249682775,0.018182821372774032,0.028023334843128522,0.031996328324020225,0.1518263567486267,0.1425103823916551,0.1020742636299287,0.11368771120676804,0.06697310014425431,0.10448803754787084,0.17149562355956405,0.1337579025024786,0.1860997672411738,0.1855164704256165,1.0,0.5514577479247501,0.48653123543432886,0.5532826234121819,0.3775660476691462
C8 GM right intermediate zone,0.05542270480701056,0.0493567802513754,-0.02175810633862769,-0.03139561813659254,0.02564513723147296,0.07072775724605802,0.09277206299726574,0.11688124544613128,0.03596325092487224,0.06894904519714005,0.168924425076413,0.07301853123699349,0.09995017771804818,0.11144543407036311,0.1783330888210373,0.08697400910528026,0.14893848037279,0.00424891395860584,0.10807347292462188,0.13663514664519857,0.08552768513724515,0.09700360193396534,0.05320329646152128,0.03612140257802595,0.07098209346162807,0.14209576025675236,0.07397074841323621,0.08054897662748906,0.10380156521411796,0.012952884652090844,-0.014309929479106894,-0.007509988512706046,0.08501448072483711,0.09716227778009937,0.05991022708892902,0.0530811243274746,0.011859343052088465,0.016724978651827524,0.030044334324332674,0.030619158394314103,0.07180207297858342,0.17035122155757282,0.04778494564888027,0.14074314918597974,0.15858620596264997,0.21175145085659203,0.1156867857435216,0.15503360718102188,0.08001146344298983,0.14861235060782405,0.09953831466754393,0.1878380777495378,0.16143252568606123,0.09644167976338387,0.12195210891816344,0.1469374746237848,0.13216446310134003,0.12739198255134118,0.12692909048121914,0.04692150458248851,0.1155807599962764,0.04492498179635218,0.04363449788955057,0.019819232539337994,0.017627931119378628,0.09885253879181972,0.13867743673149815,0.16221430845508117,0.033991998636000526,0.03884467139054071,0.11243560879177539,0.018929347132764198,-0.019020328914649914,0.15474734378721944,0.03580150133359348,-0.006313947520969006,0.06915197018046483,0.014417141387592008,0.10087677229749147,0.006617077311133414,0.09591637813289719,-0.003452598938033973,-0.07259891506352696,0.005842534270093328,0.0717028903890946,0.029831642402972973,-0.04039235433146242,-0.03537625172178349,-0.037518112229118515,0.0009557009427315951,0.0717982562255054,-0.0050167674105649485,-0.023026875075791275,0.004292979319228211,0.03817589438997566,0.2314767910897964,0.2785028294920718,0.11563146311629888,0.14390258528029512,0.057833899011535794,0.16809693843623452,0.33079564047908533,0.018865907031929467,0.5916104094098631,0.4722018428498185,0.5514577479247501,1.0,0.8261194303301118,0.5345340729995255,0.636638173226728
C8 GM right ventral horn,0.04773050658434948,0.031632231021229404,0.0019848796488742145,-0.03225936784619785,0.00832936819960394,0.06341200972112668,0.06912781805709459,0.0917050294144325,0.052554068434233464,0.06249282075579047,0.14401126719359844,0.09526292518923889,0.10062218880939693,0.11908057782337707,0.15048168409513246,0.11644491042212704,0.10714811033962261,0.032669596076989146,0.10622300616347147,0.09375296697795614,0.05656817414863282,0.07947461281757359,0.038407489828109084,0.03182587620886251,0.04979027643704549,0.13209809595337899,0.11766161213029651,0.05685528624823446,0.07769455380265218,0.03556051186719443,-0.025161901146338598,-0.013178882495946424,0.05776858253135984,0.06675475869764823,0.04563665451181118,0.032523280143369755,0.03167058948671579,0.015430277879142399,0.013472634719684289,0.054124861599924454,0.07752159185802075,0.18664043552404788,0.06349728227085288,0.16475439769972067,0.10926481302415267,0.16601195078948341,0.08779473558832293,0.14728841899510442,0.05774543115291639,0.1079601354857326,0.10085189134213278,0.15011663103219852,0.12500285322603166,0.09301994933842117,0.1040231382620865,0.11040285887253741,0.11032972774474395,0.10207224148483245,0.11236788011200224,0.06347496786046658,0.0888403225504325,0.06398260488977751,0.08657015361020641,0.04876044806315795,0.03475452930137304,0.14642637309422332,0.15304926732930657,0.15291561078294807,0.032980059827254354,0.025642478280337357,0.10286032995050515,0.02960592451577303,0.004870297605200762,0.20135239147529432,0.06170037760911995,0.008373619060430285,0.09509082401222656,0.030064077788483547,0.09064073192292482,-0.0240409512361456,0.061194709664513125,-0.009631905366361071,-0.0612176562604623,0.011765056583284304,0.031204359931742837,-0.010340659746423956,-0.03790277450216243,-0.06957594095972222,-0.07546603742090424,-0.05170142905125636,0.04169745666647039,-0.05166088095191273,-0.05021523735191064,-0.03221022474147391,0.03480267201494528,0.19670818018957925,0.2826302434666029,0.09488127454733594,0.14293592197372346,0.07557743191381382,0.16464595809622182,0.3134885569613174,0.0461458686734109,0.4322820750885141,0.42314074390256406,0.48653123543432886,0.8261194303301118,1.0,0.5486425447928629,0.6484287218254975
C8 WM ascending,0.03130004788225945,-0.027970327122574305,-0.0359484890888246,-0.0328677554098748,-0.02986311013221309,0.015393486411437202,0.10541573242769214,0.12695103344819506,0.04652230302646505,0.13420867537327247,0.11203995327231026,0.03904135476663911,0.05661553117684602,0.02615010054719378,-0.0025001342329695115,0.11349222140926582,0.13833122720936805,0.0806742654299226,0.06624207879620563,0.0053867592812687675,0.021862747693832306,0.060223328873985134,0.013912321065132576,0.03724566251934672,0.08152498691394662,0.11891051042499318,0.08640926339808438,0.020897495976815412,0.04142834848757256,0.029027358280481422,0.017634377794848905,-0.06242530216059735,0.022532191974812165,0.06078559437586395,-0.05721502018079927,-0.031449034249582744,0.06821053096914162,0.09622242986772293,0.007411566259175606,0.11142124569443701,0.12888582564908432,0.14611846506426235,0.05877872215440688,0.019865247904322463,0.01618137730145993,0.13624475484135884,-0.008564267474697613,0.038367546884408424,0.048332629005632316,0.028710229361012186,0.003514439839130085,0.13980012084643517,0.0037944786597488163,0.11699168229540548,0.053621861921649756,-0.024481764150554346,0.02713450720066903,0.02212975162981167,0.081371495049176,0.024296888662884174,-0.0074745909464034,0.03324586023126174,0.0845237817688755,0.016713533463499127,0.0033378317362170087,0.11800406637445174,0.08007361219131419,0.050579748804451694,0.026917733843822702,-0.016845342017749204,0.1553754628511729,0.13335255627193,0.09616705229048016,0.20922576153489808,0.13752063107766452,0.07517890927180487,0.11991265084130542,0.10483932749392773,0.11741305033799246,0.0995511433937306,0.13391769576405124,0.10048576527830172,0.05182720187244774,0.07624730999391889,0.13012110756359277,0.12444341404186415,0.004248266033274078,0.06922948662897836,0.047043446449647065,0.09382038686816654,0.13755660195186065,0.02472358943409126,0.04749890035421062,0.07995553081760708,0.09659411636676943,0.20960897359818598,0.26940948212940263,0.16790615967972686,0.19099387273895269,0.1388935058845718,0.2340202489172002,0.3184079380001842,0.4143633589307622,0.453709672764556,0.5049475357279392,0.5532826234121819,0.5345340729995255,0.5486425447928629,1.0,0.6608730606498151
C8 WM descending,0.0453777404821148,0.051377748184631186,0.01483888885653148,0.022048246868602222,-0.0006113160914202854,0.08013238175753068,0.06194023399959942,0.05067664817679343,0.003630527954681692,0.08152653872870956,0.09820581619734771,-0.006471565148280771,0.11771523330424699,0.014423030766539079,0.01875869457233704,0.08404587659327836,0.11164624338242626,0.012070652520450588,0.11839310444114391,-0.012961521044230649,0.0481121725358292,0.03703102543044517,-0.0421483469080481,0.10271553013545755,0.016387521532132594,0.09526488216830924,0.047710691966586685,0.024641480484080946,0.023560478405021987,0.08089879477998047,0.01642952185990674,-0.023250655043982257,0.07018311366241142,0.10048907584217384,-0.0015085107504892292,0.06817774577855595,0.03747976126418228,0.05002282199635046,0.017781453515201502,0.06470032169873369,0.08854411323042741,0.06609373675718733,0.07689333363910746,0.0715984303580261,0.028267641289119978,0.09782917400432008,0.02412314919140297,0.09556750074300151,0.0026255220237577388,0.02987171511585002,0.006724246541822565,0.1041997939730487,0.008199362359543706,0.0652488829640726,0.0607166299090404,0.05078268801425525,0.0322977319812578,0.04396868911393562,0.06309434133484608,0.0781028037412235,0.02808522563821082,0.03462677141649157,0.07350735317289125,0.05465885419974309,0.008060745067959863,0.19172631073322785,0.1681060461301476,0.1269658868715965,0.00645521127946666,-0.030058657176434564,0.17979761315514106,0.07115362567186673,0.038398992639545486,0.21644489980754425,0.0782526453231445,0.01840247532373244,0.08650968717710414,0.045467138119104626,0.10880258149366936,0.10706143185063749,0.17767495767340136,0.07211204300359211,0.018865146363819068,0.08922207048593676,0.13501656728851089,0.1325494902532495,0.03540512646568361,0.04775639922452836,0.014270717707536594,0.012102143370393332,0.06816019767308736,-0.050094075284056745,0.02701783516189215,0.01414744176965641,0.07153945386687766,0.2166437480039016,0.2911665921867363,0.1210462920761565,0.1326702659509811,0.09157218690723025,0.202630757251595,0.36505679245820094,0.2612566433038348,0.5915644640773233,0.6275725891863969,0.3775660476691462,0.636638173226728,0.6484287218254975,0.6608730606498151,1.0
