,7Networks_LH_SomMot_8,7Networks_LH_SomMot_9,7Networks_LH_SomMot_10,7Networks_LH_SomMot_11,7Networks_LH_SomMot_12,7Networks_LH_SomMot_13,7Networks_LH_SomMot_14,7Networks_LH_SomMot_15,7Networks_LH_SomMot_16,7Networks_LH_SomMot_17,7Networks_LH_SomMot_18,7Networks_LH_SomMot_19,7Networks_LH_SomMot_20,7Networks_LH_SomMot_21,7Networks_LH_SomMot_22,7Networks_LH_SomMot_23,7Networks_LH_SomMot_24,7Networks_LH_SomMot_25,7Networks_LH_SomMot_26,7Networks_LH_SomMot_27,7Networks_LH_SomMot_28,7Networks_LH_SomMot_29,7Networks_LH_SomMot_30,7Networks_LH_SomMot_31,7Networks_LH_SomMot_32,7Networks_LH_SomMot_33,7Networks_LH_SomMot_34,7Networks_LH_SomMot_35,7Networks_LH_SomMot_36,7Networks_LH_SomMot_37,7Networks_RH_SomMot_9,7Networks_RH_SomMot_10,7Networks_RH_SomMot_11,7Networks_RH_SomMot_12,7Networks_RH_SomMot_13,7Networks_RH_SomMot_14,7Networks_RH_SomMot_15,7Networks_RH_SomMot_16,7Networks_RH_SomMot_17,7Networks_RH_SomMot_18,7Networks_RH_SomMot_19,7Networks_RH_SomMot_20,7Networks_RH_SomMot_21,7Networks_RH_SomMot_22,7Networks_RH_SomMot_23,7Networks_RH_SomMot_24,7Networks_RH_SomMot_25,7Networks_RH_SomMot_26,7Networks_RH_SomMot_27,7Networks_RH_SomMot_28,7Networks_RH_SomMot_29,7Networks_RH_SomMot_30,7Networks_RH_SomMot_31,7Networks_RH_SomMot_32,7Networks_RH_SomMot_33,7Networks_RH_SomMot_34,7Networks_RH_SomMot_35,7Networks_RH_SomMot_36,7Networks_RH_SomMot_37,7Networks_RH_SomMot_38,7Networks_RH_SomMot_39,7Networks_RH_SomMot_40,C3 GM left dorsal horn,C3 GM left intermediate zone,C3 GM left ventral horn,C3 GM right dorsal horn,C3 GM right intermediate zone,C3 GM right ventral horn,C3 WM ascending,C3 WM descending,C4 GM left dorsal horn,C4 GM left intermediate zone,C4 GM left ventral horn,C4 GM right dorsal horn,C4 GM right intermediate zone,C4 GM right ventral horn,C4 WM ascending,C4 WM descending,C5 GM left dorsal horn,C5 GM left intermediate zone,C5 GM left ventral horn,C5 GM right dorsal horn,C5 GM right intermediate zone,C5 GM right ventral horn,C5 WM ascending,C5 WM descending,C6 GM left dorsal horn,C6 GM left intermediate zone,C6 GM left ventral horn,C6 GM right dorsal horn,C6 GM right intermediate zone,C6 GM right ventral horn,C6 WM ascending,C6 WM descending,C7 GM left dorsal horn,C7 GM left intermediate zone,C7 GM left ventral horn,C7 GM right dorsal horn,C7 GM right intermediate zone,C7 GM right ventral horn,C7 WM ascending,C7 WM descending,C8 GM left dorsal horn,C8 GM left intermediate zone,C8 GM left ventral horn,C8 GM right dorsal horn,C8 GM right intermediate zone,C8 GM right ventral horn,C8 WM ascending,C8 WM descending
7Networks_LH_SomMot_8,1.0,0.7232904805082523,0.6211100484142209,0.5405374111484769,0.5701521694451634,0.5013569355185165,0.5040065771235707,0.503121130091414,0.3079652514124388,0.5250575514301942,0.47671735552124017,0.44811775441792073,0.41272663203114873,0.31967426528559745,0.2416809969338913,0.40728276759217963,0.4486937738675641,0.5140204462830334,0.2898742528898935,0.04249455337654874,0.24900600145995608,0.2269849664808647,0.350819496736508,0.35097050668461244,0.33526273623173736,0.3576445042572659,0.20385819794167417,0.3082388944061118,0.3703346494057927,0.10710443218204671,0.3367899637568363,0.42123842011582213,0.5925703533578187,0.6379998925134914,0.5254973006517177,0.47734874807453836,0.4321596523549342,0.6226440694763861,0.5697999310587539,0.5753519524433285,0.4598420917898562,0.31702976539151706,0.6049524679130116,0.4463676576401046,0.38253708618262694,0.4789499229439922,0.216694320902199,0.44023867626440527,0.325210938016593,0.25458448752649393,0.350437991425463,0.4644951576574209,0.40108372581188223,0.4370349163713617,0.4299160273716056,0.4171812842466569,0.3786892199395695,0.09720560303537518,0.29162543580459704,0.2687435335505442,0.2885715465426439,0.29721820690519557,0.08730437444220832,0.13481960101702237,0.11952908728288164,-0.0005828247314293518,-0.007054003289022327,-0.01665429796777887,0.1731604768886042,0.08315844607394886,0.002907185197708553,-0.018459691249005913,-0.012259847308834787,-0.005536220209395824,-0.01756497530733981,-0.028459609036085506,-0.009103759283029188,-0.017534910695977665,-0.07705061054464495,-0.11549970401811355,-0.06311599405617556,-0.04049542537297575,-0.11918401969310585,-0.13331920300888242,-0.07078114467381448,-0.0881237660399931,-0.032497888847503036,-0.10359144218758269,-0.030173270668122584,-0.015962211595614915,-0.09361446118655409,-0.03921651373788027,0.04839399144311852,0.061993347892033444,-0.09728874897322153,-0.06998596271746352,0.01881589551023139,0.032465718038082625,-0.030443195363967952,-0.008558322553411154,-0.01132846127430732,0.07593329369737832,-0.07697370089320048,-0.044630665407159126,-0.05110709456802648,0.05944245901620588,0.057955117247544825,-0.007453947708014919,0.02703541025065153,-0.039605653584254275
7Networks_LH_SomMot_9,0.7232904805082523,1.0,0.4977898589568362,0.4143285455848043,0.702692927950861,0.4676742360815468,0.5183247807310202,0.4290645830596968,0.3647225419850293,0.5503169761494459,0.3855540714273376,0.42620829474720856,0.4259088761046794,0.19084825963758534,0.17543077845082708,0.3369903816416248,0.3997126246175318,0.4838612851050457,0.27179296383637963,-0.07207138701796534,0.1879484845268358,0.08616029684862787,0.24034117112949532,0.35847089439222646,0.24800844165157995,0.27086485079012523,0.13964144964429664,0.26754646163223167,0.30007054554676954,0.07633290395357875,0.3585851110627897,0.3896570349997167,0.5218636369804714,0.6992787476824014,0.45036641686321327,0.35383393405373303,0.5039021354558082,0.6209717683329892,0.4445882161003899,0.5735145848515022,0.33504954137200943,0.23053770323048076,0.5015469452839915,0.40232172320354714,0.287409749524219,0.4770239730195543,0.16060565925725878,0.44826696798147664,0.2299009515100563,0.13172539807032876,0.3566347011032633,0.4191819858839561,0.35870979167181444,0.3908440840146124,0.4646444757126407,0.36095642455102867,0.261249964526171,0.031670653709184655,0.20776735376643055,0.23765637200887132,0.2839090864371181,0.2820587740569417,0.07438285137820237,0.1305393844897813,0.12210098825715389,0.04918185728851082,-0.0001647283886200081,-0.001700578213962202,0.16513440093331247,0.11461821401152342,0.07887469121142754,0.015397400158359026,0.03493408093460125,0.09497357551060062,0.04895376456065794,0.039214782449299164,0.09161995881769842,0.042259165324599286,-0.060827006519105074,-0.06838339893357769,-0.1027381820028159,-0.03359625886809904,-0.062442883979663924,-0.11229417028479302,-0.08213572197601292,-0.10360238458171288,0.04642801381631554,-0.05616241391700612,0.029010220315793735,-0.024608012264842462,-0.09569267249396399,-0.06514240068567283,0.09875118584419579,0.05160571919946716,-0.13629716738758207,-0.14077558577125004,-0.05266987167000601,0.11322157723085317,0.0020708147291299273,0.0016738510496518545,-0.005424617863187407,0.07636444684800867,-0.07632511586501986,0.02451986353593327,0.020463317638238162,0.1650196249384008,0.11554445247705991,0.06551375058694757,0.09573445905288265,0.06139445622643317
7Networks_LH_SomMot_10,0.6211100484142209,0.4977898589568362,1.0,0.3810199888839521,0.4301505099966651,0.29275449163191875,0.4054152849592436,0.2504166930862488,0.21920505592485653,0.4597252051774958,0.48530435344884076,0.5191071377999411,0.3745858066733811,0.26096036955970325,0.3540062564499813,0.3320691926993578,0.5789347562067221,0.5135397741091902,0.40976767756674054,0.14341116979025031,0.42770042732037183,0.3367432308046538,0.39173170310391536,0.4928622200304616,0.3927248555547301,0.4832047400606521,0.16754455236458185,0.417559097789395,0.3385570478696469,0.18250828127744406,0.40487553281092026,0.4643190309757624,0.46105383461221155,0.49793549768584405,0.4960392045493651,0.19695855448240784,0.3059403313439211,0.4461346901638767,0.3566952852562122,0.4625287035597413,0.2700311407427698,0.2935653326906381,0.5131529188034948,0.48505154069215844,0.2569422753686011,0.5194799684025946,0.268376819660612,0.4928539175511715,0.3101851582306895,0.24351469121329483,0.4295476939208369,0.5586203415368816,0.4137002794851056,0.4367253820170849,0.5098871759560876,0.4536904476191943,0.34883246058423134,0.14321434530202953,0.2328564280829516,0.3634928586766081,0.32837520793161784,0.30089777212589053,0.10684214407068165,0.11391724934763028,0.16738942252639646,0.061458554413221775,-0.07233383054975398,-0.029979218453106585,0.18743486593723183,0.11696555751153422,-0.10473390136984853,-0.08338247287684825,-0.018769178807258764,-0.12283937768979442,-0.07651647866664125,-0.03500963170371532,-0.04210568528335754,-0.014465718636348804,-0.12887080806242718,-0.11120206653832891,-0.07874927072598215,-0.025819951315123244,-0.07948060057827556,-0.07604925991610934,-0.06004849996469201,-0.05856610352727837,0.036152790933485106,-0.10444509399591553,0.04835980346887184,-0.005022138378791701,-0.1392859303131258,-0.067312644111773,0.14337558108116633,0.11503015770211446,-0.07689702802575235,-0.015990274861791144,0.030907305376582744,-0.023766871161196607,-0.009520628210878483,0.018240553738482882,-0.017405931963855585,0.02404813208669863,0.005719073158352164,-0.045768662729109434,-0.0833072478501127,-0.019260177606677278,0.009510745085450521,-0.11773536979996077,-0.041802667962918205,-0.13709895119482735
7Networks_LH_SomMot_11,0.5405374111484769,0.4143285455848043,0.3810199888839521,1.0,0.28958167055596923,0.442563738106299,0.28542775146328037,0.5102390641185258,0.2874069498197485,0.3080945316179279,0.32276941110013263,0.29169034555151746,0.3037339541152952,0.445013061753697,0.273477249403006,0.3251553545383331,0.3149720213900505,0.419125764693759,0.20310894708208788,0.2593270963196961,0.18794550489703793,0.3811190691037832,0.3503583515476578,0.19407772436115825,0.2582967746833195,0.2411107643570043,0.1489633085704088,0.2805212706967024,0.3168824176027074,0.13749280488706614,0.22177931744588983,0.2155136242956805,0.41450922534292034,0.36067767558732855,0.39244696024919595,0.6050452101275628,0.20887679957556668,0.48166590117200253,0.5931027826423758,0.3529609708438323,0.5006352111016005,0.2072165761177098,0.44872382616269063,0.23990928117094967,0.38431708156578626,0.2951633959808772,0.2397218286386034,0.2013563235077887,0.3961261975315863,0.4173389972645093,0.2802610008084949,0.21018929520058122,0.3513715022106267,0.2660485334436208,0.18709618028855893,0.35708020281453756,0.4517622319404754,0.2216182890666076,0.3746423273795629,0.1445906292176587,0.17296213057256493,0.25060671830034115,0.04216301322930097,0.019941683445888227,0.03501744344967216,0.009520279903451511,0.011177641349048927,0.021719381832461127,0.10560720912781618,0.04031449576579967,-0.036455131556587625,-0.008488446844059685,-0.0072024463176405505,-0.11721748736643829,-0.09618875576467688,-0.11221233539677458,-0.056049815223323245,-0.07993664013246085,-0.054203220494855965,-0.0813119923146899,-0.039562541936571036,-0.01746771482391477,-0.05472678317334572,-0.036818278476859395,-0.04216927559384243,-0.021105086335809396,0.06071708780654134,-0.02234119257831635,0.07602720644002682,-0.04127725507271185,-0.08858311584119156,-0.059768958236186616,0.13914389823425377,0.046242736813384075,0.019638639886541197,-0.04563194333685,0.03118848814784636,0.05241565235359661,-0.033788077668832885,-0.015405344497684294,0.01210158957709671,-0.028280446982583342,0.0016534511592191173,0.022855206747692713,-0.03720178414539438,0.13265309426367855,0.06816515037226469,0.011329574014993462,0.06004514590699458,-0.004217548591092625
7Networks_LH_SomMot_12,0.5701521694451634,0.702692927950861,0.4301505099966651,0.28958167055596923,1.0,0.6507455759731573,0.8110258574121056,0.5360777002735297,0.5043229379127718,0.7751523220275351,0.3538172357677576,0.4210350338091473,0.45629824577159445,0.17835849423467476,0.15875293867397444,0.3323402156205189,0.39990433972769124,0.4386905787170038,0.28469881696851435,-0.10054223141004169,0.21174349150957655,0.05874095170191317,0.19180884037208687,0.3569845094059417,0.24967767389714016,0.27025775450002015,0.17407426746402338,0.2780851009661393,0.22733918118825866,0.09438478301629954,0.3346630154786572,0.30849936819609397,0.5093312643637173,0.7300682477709601,0.3381956039715127,0.22987360487640845,0.681330523124132,0.739814732155081,0.3208532273500866,0.7830627638121768,0.2563874350291769,0.2764155686873767,0.4900103734599035,0.4554621364474337,0.2136960040738904,0.42474781246213333,0.16005423274044395,0.5358186585561049,0.19832798008882982,0.09899333480321724,0.345145394712005,0.41110037282059875,0.3262905321199381,0.38157297083070235,0.48643515840335627,0.3620220183274568,0.20207181145755126,0.09070123076423395,0.19649134199043256,0.2577837108597168,0.2699974906699137,0.2764226000527672,0.049175316192769616,0.11171621605816068,0.0781904181157911,-0.008462688080312504,0.013938741981448349,-0.0022247445103400713,0.0727737517146111,0.06136141218447838,0.11963659958583184,0.062196942379420445,0.09365263517531036,0.1372812519703503,0.08976736270885886,0.07147678701755583,0.13506615752234374,0.10023308976609785,-0.0665277262006946,-0.050182480698054456,-0.04973010506315045,-0.05186204740233213,-0.026605806991680067,-0.03147965431228091,-0.06306920101115314,-0.03358996235517402,0.019003931157243123,-0.008284973064274684,0.06930144690412518,-0.0860612735672804,-0.08933008568432421,-0.04050572368237721,0.057374284225329066,0.018003454364764263,-0.1673232568743769,-0.1667216514867155,-0.13994039077408513,0.11474435995382852,-0.035864241317957686,-0.008130201046660462,-0.04578045006060071,-0.01147926997941703,-0.030524660972438476,0.015834678668054162,-0.014944575930142706,0.12077309780636387,0.03681746846492786,0.017870245564878554,0.0556953548978986,0.02687554964514462
7Networks_LH_SomMot_13,0.5013569355185165,0.4676742360815468,0.29275449163191875,0.442563738106299,0.6507455759731573,1.0,0.6436465363075047,0.638755360365207,0.5251122281218833,0.6210105412739109,0.21728013263103454,0.23959117934435123,0.493783612537711,0.3234476088971881,0.14329603395434076,0.18605625609318263,0.2218877819902198,0.2942138196797523,0.20346695198221654,0.05497455172589773,0.11551054926477519,0.10348726093748101,0.1291722316579407,0.12523772634335106,0.18996521537064867,0.10419590326736337,0.26031803235815887,0.08528218876959331,0.23139161946800274,-0.034357279780654726,0.1714622556419248,0.17304032403428427,0.4451094874770575,0.5475891026598602,0.21514877970913132,0.3597189569828621,0.43127766611710133,0.6321901386215577,0.2923850632685324,0.6635765132271079,0.25733886319061455,0.1927275899060596,0.44466344661816093,0.32363439228843977,0.19068474347855985,0.1856753381261373,0.26061182503427627,0.3567749376061423,0.1495394196664541,0.14270778676326995,0.17477116194556128,0.15363048170628923,0.2939906053852059,0.1925750638039186,0.20503304117875504,0.2229493550443093,0.1828429471046813,0.1731969927651918,0.18661000340658207,0.11351866859761493,0.09110277817109537,0.10379322205794224,-0.01405619251802778,0.04656306409976913,0.0394469901968099,-0.09450230840279095,-0.012487244975474545,-0.006420822856323648,0.007386460090064689,0.02963714393029294,0.013781316726664068,0.019667974181205847,0.05050941554268505,-0.039903131220307475,-0.04987456533288922,-0.026815812853297837,0.00995464678623374,0.023823785995860672,0.0033691229115756158,-0.0063277680299573015,0.03769988862192344,0.02581101526522032,-0.007190374739196242,0.028129100417328124,-0.01504556079366891,0.008282939110650978,-0.0007739714899001341,0.000363791174372238,0.07002124192866775,-0.1137876663040343,-0.10138559855596133,-0.04001301671228645,0.013971263631805465,-0.011658878263264533,-0.08975529495416211,-0.1506564838550465,-0.17464695833919883,0.07771655114765824,-0.025441011056630936,-0.0024666934795675526,-0.03938854704899399,-0.08007265496333169,-0.016980761954913635,0.06522791205015752,0.04082281303872695,0.03210314628327817,0.022791982643666834,-0.006740515273746342,0.030101265045727257,0.04420713979659323
7Networks_LH_SomMot_14,0.5040065771235707,0.5183247807310202,0.4054152849592436,0.28542775146328037,0.8110258574121056,0.6436465363075047,1.0,0.5783796348310538,0.597386712564132,0.8282772231591771,0.4071959030722105,0.4293090315591276,0.450545376190541,0.19066251100731565,0.19855095578848578,0.40193405367168544,0.42046913787885126,0.46563914345308766,0.358199932386703,-0.06653416190814482,0.2686727433434359,0.07452160789795559,0.24249531955016065,0.3578539780066608,0.33546228685527113,0.32308068835757864,0.26676244228492524,0.295704551547743,0.2424174259894049,0.16485620715498597,0.23907345931877835,0.33384010832134264,0.48238237620389623,0.6540364393749352,0.32949864682406566,0.21835012132700818,0.5982325631475498,0.7380298371697355,0.30633065135816717,0.8113798921709166,0.25709195561085,0.35932235929642325,0.513054858502611,0.4804896451408909,0.20970759753355295,0.4316094449830054,0.23451398430829426,0.5975168238804425,0.21966704300600862,0.15581378038327387,0.37636398430228696,0.4256856583112242,0.35622216476153973,0.4130332535644439,0.5057943654757223,0.3770778193149058,0.2098230396685705,0.19416871006593903,0.2519435595933715,0.31709736230697305,0.3265978113523145,0.2651768090854249,0.022735722878390867,0.092271004768177,0.048118421377363586,-0.038461056181677354,0.009863122807264148,-0.005755664837260292,0.02837772445350028,0.019016406908615013,0.07343687140911749,0.06207950182943461,0.08389118113194566,0.08619107506427418,0.08190053456444324,0.07730168724082762,0.09009837766557986,0.0942896296186989,-0.0274821042204525,-0.023792951700346072,0.014097892053489953,-0.009175129786219498,0.024823405092406662,0.0517640630070523,0.011561886362982011,0.036330228747622914,0.01712142468150713,0.012552867761570663,0.05281315733464897,-0.06318274881942873,-0.07404880595517627,-0.05404981691928285,0.041421717372825746,-0.03889199608654346,-0.1062227264279237,-0.10942831785797574,-0.12654934333357057,0.11495653129929988,-0.01983008123998431,0.010575074497345323,-0.017395206191046005,-0.007203552547167012,0.011364999718762604,0.046380477823122615,0.007995218419984466,0.06844757591836806,0.009167110649617033,-0.026912708299841978,0.06730697608704429,0.025815248876933917
7Networks_LH_SomMot_15,0.503121130091414,0.4290645830596968,0.2504166930862488,0.5102390641185258,0.5360777002735297,0.638755360365207,0.5783796348310538,1.0,0.3782760108013521,0.5984195439725106,0.38661477393862964,0.3715039800436636,0.4459053897861606,0.4480545171751158,0.18658923404409755,0.4400700921911897,0.407519941074466,0.3888024754156051,0.22732093064348585,0.21858182762256037,0.1830056032030335,0.28967880790007616,0.3178373205275605,0.27870086967233615,0.3013922567910271,0.2903160224332211,0.26086813696081235,0.29477985498273124,0.2563217090093062,0.1514878885026963,0.25395260481179316,0.23777688803467703,0.43943494363868085,0.4720162212442332,0.352339367511507,0.5187606272136447,0.451647072807895,0.6683643922237208,0.5789029333639081,0.6064367261579771,0.5424633138542045,0.33611332530673016,0.5421305040793868,0.34318746472132206,0.40679834448148255,0.3442877375714082,0.24769239763384146,0.3473039675380619,0.3727562652191291,0.4048195865440779,0.29498213617189833,0.2909187116840966,0.36294884702584757,0.31606987610074505,0.30218725294125726,0.3651928444946911,0.4010098622334279,0.21280436427122626,0.3795908482771367,0.2052795935447741,0.2111969430933724,0.24369687452224734,-0.05006256219254037,-0.01493337076321904,-0.024873714259958983,-0.027594041992869165,-0.030008774696819427,-0.07279371566974566,-0.0032157715230441463,-0.07601716026532011,0.045198262782247214,0.02636848564611669,0.001338495909711141,-0.0016708967973331744,0.006491274143668517,-0.0009449796928703816,-0.005748694544221057,-0.032846471436957334,-0.041631898167001594,-0.05068873415094226,-0.0020839458188883597,-0.00559374744177877,-0.010485464086202326,0.01906587172512991,-0.04448509406914846,-0.010456277854341318,0.05783557501264969,0.06184866511068488,0.09867171604585091,-0.093355540590503,-0.07496529750826592,-0.060723461041522736,0.05614317849390958,0.0013877584690121197,-0.09358422904360132,-0.13211493243192574,-0.11906782020202576,0.09869233327431425,-0.010948548959423526,0.007675282438209414,0.0009552623648439192,-0.02434323475242049,-0.014616161108680976,0.013678962720802412,-0.009898952937936594,0.09941831422950266,0.0324016650129408,-0.012011182296644966,0.0134329523631805,-0.010606552166163795
7Networks_LH_SomMot_16,0.3079652514124388,0.3647225419850293,0.21920505592485653,0.2874069498197485,0.5043229379127718,0.5251122281218833,0.597386712564132,0.3782760108013521,1.0,0.6647169747709661,0.3026591980816108,0.34333990469043807,0.5298424904699308,0.11938995293468452,0.1855013670302235,0.15677958587305454,0.18350325835078427,0.4651647299167085,0.315987569135821,-0.05848218996130484,0.1411095119347692,-0.036344255979617116,0.1339776195720271,0.22130189100226472,0.20273457933036937,0.11454428589087515,0.25210588346752005,0.09404450370594851,0.18998938496739126,0.02377624979623428,0.2093022958465814,0.3077607623487373,0.40798715344632125,0.4895235977907743,0.23848777234063828,0.1279477415388322,0.44974894364593715,0.4792548842992287,0.09284788928915368,0.5770079904176759,0.02421041188844201,0.24703286686010462,0.3759503518752435,0.3979607139626131,-0.018391800838489,0.3148966854805644,0.2872504279187589,0.4342688184641082,0.05743405360842195,0.05939521573745471,0.24988489028779312,0.1969367395222254,0.35218725789692573,0.23407361800269905,0.2496142366228202,0.19133418666042848,0.019745469381810522,0.2671630406945482,0.1845001601569508,0.12670310188664902,0.16599806604204642,0.08875586650382886,0.03325911242231869,0.06139878719334405,0.032262287496762826,-0.060250058401168934,-0.011235836027223821,-0.005507283725244684,0.0035091496380785197,-0.04452261814809462,0.1068928200474164,0.06427799310765889,0.08410247302630716,-0.004112378450713974,-0.013644997435018777,-0.02225817214662902,0.05168651427291617,0.028454895005922614,-0.00601000055050935,0.023958021123322713,0.04186001189654469,0.017862367426817974,-0.04517304604734053,-0.019397716594748628,0.021786837379999976,0.009325060370072644,0.058503119947636836,0.06443399168518954,0.09807496514170959,-0.07241002124108185,-0.04615110286894964,-0.06913081302517247,0.02818151488615001,-0.043794224936305165,-0.07294828574529653,-0.1646737831112557,-0.15108077632420724,0.10620646342354888,-0.03595993950903552,-0.006455948914741936,-0.06129763304572537,-0.06274876234780703,0.11192627954315502,0.12129797903139557,0.10572078968075331,0.0700265220710805,0.059351771721936966,0.05895868657865262,0.07633974522609029,0.0824434933497703
7Networks_LH_SomMot_17,0.5250575514301942,0.5503169761494459,0.4597252051774958,0.3080945316179279,0.7751523220275351,0.6210105412739109,0.8282772231591771,0.5984195439725106,0.6647169747709661,1.0,0.47983723367311304,0.54963579982021,0.5900621085511243,0.2365511348452641,0.25934086269269707,0.39463311156168707,0.4794714767304092,0.5637110488399877,0.406356774316687,-0.043345918578876534,0.3117998953182079,0.12486217635702092,0.29689763084206366,0.42948277010033276,0.3531995206230224,0.36908974226700736,0.29605433951675697,0.34338963728550764,0.30258975092030554,0.16741546139958263,0.30296042558472935,0.42221400870405323,0.5186843288199599,0.6811400308703757,0.3969887874131505,0.22617419208985498,0.6319154612964527,0.7362251543576971,0.3420069688447843,0.8404892005751802,0.2542160712744656,0.39979980864121706,0.6008693920844346,0.6106566237050421,0.23334092429884085,0.5313192883099473,0.3105908808908095,0.6544724666554227,0.2543899668146137,0.18672835313409444,0.4102994107022635,0.5034288091376248,0.4344183121143797,0.44807509672289564,0.5573589938987222,0.43546542310605235,0.24318156513418873,0.23172347662791598,0.27637762025016877,0.34911158191232594,0.38242171018380416,0.30665810080950445,0.048716668103593666,0.13615823851104,0.10779713808091496,-0.05539191880544094,0.01340513549660902,0.014767453473787329,0.07309536857736264,0.04987773423482025,0.04727014486281895,0.024437526213658443,0.0728388141883834,0.047277718875617006,0.02684899915104479,0.03573300390400165,0.06573549592055386,0.04549290910461303,-0.04695335142622694,-0.010961280864106077,0.041877875578066596,-0.020148564410463483,-0.02190371613144444,0.0082291266072131,-0.003881944880288774,0.029856842085573734,0.0792541323217511,0.04333435908787768,0.11229035816639717,-0.052232923072115724,-0.0649927513580313,-0.028147346756137986,0.09065595690355363,0.021806810286014097,-0.13113750344534322,-0.16336395490078517,-0.1531590387413562,0.14741546418234733,-0.026303216526014382,0.028571219409738946,-0.018266046703344172,-0.0029959601567490497,0.04092324815769664,0.07068395963233608,0.039156068319022026,0.09859879893147075,0.06970959859645906,0.03137233018085759,0.08456232312628274,0.06043254977750456
7Networks_LH_SomMot_18,0.47671735552124017,0.3855540714273376,0.48530435344884076,0.32276941110013263,0.3538172357677576,0.21728013263103454,0.4071959030722105,0.38661477393862964,0.3026591980816108,0.47983723367311304,1.0,0.6250036669298854,0.4583584187763515,0.2768272579996464,0.290721978009218,0.6326386351037491,0.6231858298540328,0.6280901640756362,0.4460719675724262,0.11983980328084713,0.4623722636494772,0.31332021555274847,0.5155797686510459,0.5347932892904587,0.4800417626391941,0.5040442460137337,0.3828645035339442,0.46160910511485814,0.4173261737490667,0.25685516495187316,0.27375973393435876,0.4885057595713328,0.4108567782649124,0.4030738550142167,0.529261339580291,0.30719306458265055,0.32770851315590893,0.46981451462530444,0.5576101680448996,0.48412595413107434,0.4298619159778613,0.6002201883892356,0.630362320575603,0.6392520461721635,0.38252666691661813,0.7253857617310494,0.31967866406127043,0.53712239957456,0.3987617589866126,0.3640340764171088,0.44532766636498244,0.624040294504959,0.4672121275213687,0.5374717171026571,0.576400515821086,0.5669078376053612,0.41686016782144464,0.3023032107745402,0.4574589425934277,0.38360794140526405,0.4872271084450152,0.35202760264284105,0.005849021968006488,-0.01938020900550433,-0.03800026585863358,-0.005901186467317968,-0.07013586358846169,-0.07565217490145855,0.04702245488240337,-0.09663383732339804,-0.034625697419374005,-0.13800290252466663,-0.10041059439335753,-0.08119656951644659,-0.1117667229416112,-0.11119694216075071,-0.060651842546794274,-0.12337622597595653,-0.10062515901504078,-0.07334163871757553,-0.08527822184248825,-0.05820110019428925,-0.027842466970282812,-0.04035612691336804,-0.0003314657275883045,-0.008977268687358587,0.05366355366004008,-0.02715902013767613,0.03406149172259771,-0.055917427293011225,-0.08387335061313493,-0.03775974463514056,-0.026216466959179653,-0.05704570296495235,-0.03390554499120277,-0.13786607543084362,-0.03799394569069986,0.057253624901484466,-0.09164988491802104,-0.02448735828657266,-0.05695361543082343,-0.07314726399877162,0.113894828083659,-0.028837397719341146,-0.06326612583161702,0.09395103460526788,-0.03362294137509561,-0.09102758973112265,-0.058946309202682866,-0.12392456849248418
7Networks_LH_SomMot_19,0.44811775441792073,0.42620829474720856,0.5191071377999411,0.29169034555151746,0.4210350338091473,0.23959117934435123,0.4293090315591276,0.3715039800436636,0.34333990469043807,0.54963579982021,0.6250036669298854,1.0,0.5965836708793967,0.28575492584736895,0.26090977495877105,0.47007262429988955,0.6492102171038154,0.6425649653473878,0.5205809529437777,0.04783435822731057,0.4591593831873459,0.29386100758512423,0.4794951306800212,0.6020005234844212,0.42029237104942796,0.5438636263166824,0.1547445599699391,0.5168568950963642,0.2550598542730075,0.341712237156227,0.3869808827988526,0.5171135888943804,0.39390317818021225,0.4707543779999242,0.5226740333283211,0.25843389530754757,0.43633850578004196,0.5207799321744112,0.48492179669138874,0.49482002621974475,0.3885468533387611,0.5089695191022183,0.6389876685920045,0.7443578631574427,0.42606539872878074,0.7021841364334668,0.29897910451310145,0.6326131434043949,0.45687314887267133,0.30441203652032145,0.5013502450356411,0.6368357856439669,0.48847250076407406,0.4992210278108005,0.6547393771790427,0.5711354388697472,0.36436315694979876,0.14361942888962526,0.35820736152197186,0.4303320546842029,0.4802764672890655,0.40974179088804014,0.06367969686029537,0.09187495174304947,0.08223470548320293,-0.0037268103268438945,-0.03191918207308858,-0.026643274889021677,0.10245001776297405,0.021844390439548375,-0.06318785181724014,-0.08668195807556792,-0.037514265820027905,-0.059911455392256445,-0.06513573367188842,-0.05250388395680294,-0.047118507786667874,-0.07514917371715268,-0.14114961050029848,-0.09991200926187555,-0.07023662746530475,-0.05325589549535623,-0.07793344074030242,-0.07890464748645065,-0.07678157694138414,-0.07612466199975348,0.040557573459632165,0.02587289589500642,0.07395272245058367,-0.0799859432206472,-0.08592445066659563,-0.06885195841433336,0.046743495308788796,0.07792591008803627,-0.06927704200944051,-0.13124774656468524,-0.029914579421639203,0.0862866752814862,-0.0916167184799235,-0.038087765520360486,0.04161261403466059,0.016929634362008714,0.07354591999739525,0.019623590458044845,-0.01855752948047747,0.1388355457301766,0.07569792786701664,0.0003291277173493399,0.011599405253627456,-0.04273770428153306
7Networks_LH_SomMot_20,0.41272663203114873,0.4259088761046794,0.3745858066733811,0.3037339541152952,0.45629824577159445,0.493783612537711,0.450545376190541,0.4459053897861606,0.5298424904699308,0.5900621085511243,0.4583584187763515,0.5965836708793967,1.0,0.4545350813858195,0.33387890054144087,0.2574819803263623,0.45141642913200064,0.5168135645084282,0.5189490208332341,0.10467007923595034,0.45029089281001217,0.21216157569603397,0.3468875824151581,0.42547941088626234,0.35630238600982,0.3650644934179773,0.2408322451322312,0.33009769321508287,0.33204877648070996,0.2037235476107541,0.2889391105943154,0.37033764928636065,0.4117335244571773,0.46330669778632305,0.3450358690033588,0.2529667841778068,0.43568940070350415,0.47519378900092035,0.3289897326741211,0.5177517178353542,0.29255220953172767,0.3544040904694828,0.6523588397373064,0.6295625981894509,0.3382492067781943,0.47022918022592397,0.5452973773226502,0.6022648462838578,0.3503118253397291,0.256965278793733,0.42123932382829476,0.4413208896718995,0.4353755615932796,0.3885601827739116,0.44840986565823876,0.47241635577404456,0.2862113665055626,0.23930743118488082,0.2841099363985594,0.38443556676511415,0.38507110113047066,0.2898139870513816,0.012192335971369985,0.09801230715159757,0.08032732336713472,-0.08096371037015776,-0.030112755739935996,-0.025305148809437374,0.052495720035080046,0.018247708837977394,-0.05796251376375517,-0.08095188094730692,-0.015993963150773033,-0.13142095115339064,-0.1409409896894696,-0.11964520266250363,-0.04957391236020868,-0.09897498200856948,-0.10921992976440863,-0.07339842473103395,-0.039566516811633284,-0.029386969818401117,-0.041232409690880135,-0.004336262151011735,-0.06704252135591011,-0.007092735500503622,0.10696073878511787,0.09672305012663161,0.11973655955134452,-0.009076745744537257,-0.02228196119856304,-0.029621884820950024,0.14882155436893527,0.12424336898195838,-0.12006472581000238,-0.19488484529510017,-0.11573832803233311,0.13077851523848155,-0.05304626788266375,0.0465517446016372,-0.028069240060383166,-0.025768126763886047,0.05419052885821067,0.0802176010200603,0.003134355343431661,0.07803703386737418,0.03911869014397785,0.016734633546444038,-0.019622104112027045,-0.027761709299995746
7Networks_LH_SomMot_21,0.31967426528559745,0.19084825963758534,0.26096036955970325,0.445013061753697,0.17835849423467476,0.3234476088971881,0.19066251100731565,0.4480545171751158,0.11938995293468452,0.2365511348452641,0.2768272579996464,0.28575492584736895,0.4545350813858195,1.0,0.404707988518862,0.2650850739163386,0.38804107224812046,0.3164293661924898,0.4918133068796189,0.5871971951497243,0.5723328862625312,0.7099025012693242,0.5779690758516551,0.2597281627505506,0.523171897982494,0.5036105589351807,0.23666739023209607,0.5478538924272937,0.44934635445188553,0.45380222721111213,0.13013670616537465,0.16170078883637098,0.25500775392689423,0.23032191356601756,0.33691821095615804,0.46245423547364845,0.11868704678190244,0.4212404335652881,0.5009864184736886,0.2755650831561168,0.6445122015975925,0.24687119746498687,0.5325131139800814,0.24395350647224393,0.5888581110095733,0.22532517717847458,0.4714810602072778,0.37185777280191856,0.7110809741472123,0.6969804150423539,0.3910973144545289,0.3134704896016254,0.2270507897206842,0.41214787261448965,0.23878300137586772,0.5830545836424552,0.66854600299287,0.15863658790458351,0.42683742986397144,0.46696789929222715,0.4327135497259114,0.4256312606602753,-0.09656576318353888,-0.022340112661623474,0.000915329743922505,-0.056932123255574923,-0.0489214803200463,-0.039508017270567054,0.002172375695603924,0.00011166846717389659,-0.09731897531894822,-0.08848531743193601,-0.09845159264322725,-0.046128200578252974,-0.05945601696300896,-0.06944591258834229,-0.06043796241543203,-0.11493162458954152,-0.013290767275303131,-0.07021998075374757,-0.03127975815456192,0.007308271862251193,-0.08287567088981007,-0.029534152315440983,-0.0572385151561201,-0.06116736406414474,0.12166987206276281,0.0925747238097054,0.10620255744552592,-0.09517978278208378,-0.09324955587454242,-0.10488408120867089,0.11463038971999145,0.08066212387137997,-0.03139113732661269,-0.07160641729836817,0.011115989605803818,0.048820456522996096,-0.05055737524592599,0.00023554972230700093,-0.0014500860826995724,-0.05167626229691171,-0.09386339100125066,-0.07558400735670424,-0.12267589728967698,0.016116843341116148,-0.016811856554198402,-0.02348437568123493,-0.06089771999662373,-0.09765290732755406
7Networks_LH_SomMot_22,0.2416809969338913,0.17543077845082708,0.3540062564499813,0.273477249403006,0.15875293867397444,0.14329603395434076,0.19855095578848578,0.18658923404409755,0.1855013670302235,0.25934086269269707,0.290721978009218,0.26090977495877105,0.33387890054144087,0.404707988518862,1.0,0.2004608795942581,0.32301760255877854,0.3106895738692773,0.4920593226912994,0.30843022689781097,0.5028267255091702,0.4391320861174905,0.44214611091171147,0.27451402230276123,0.30439522614789805,0.36391939033598536,0.013135608880168901,0.4345730681721845,0.33193810731595785,0.3443701844357649,0.15198742891269879,0.1743495666708846,0.23985919254556567,0.21149009291002258,0.12871289965312113,0.021438587016292875,0.16130148836515898,0.28546985795694885,0.11124677367721517,0.30306023836651463,0.13519818323344088,0.17290990916441557,0.24473453810275378,0.21663188425701455,0.12438903008475363,0.2545264083926177,0.28330444744833977,0.32974255099236177,0.30486092522237246,0.338935029533434,0.4137859173868057,0.24801015766828144,0.2301171986312647,0.3078837823451707,0.2965174368243587,0.32442913428556197,0.25741663688634575,-0.007437427356411132,0.15107719477965623,0.28352777552950104,0.2879611896708173,0.2896009047567005,-0.03109308735935125,0.030763150711151366,0.055117216806906434,-0.0659427855315871,-0.027973497729670303,-0.007226906728129872,0.019702641989145127,0.010579858614711075,-0.040646297785991714,-0.06056703189520189,-0.07967708076349762,-0.0653038762999533,-0.04811459446643727,-0.053112150020618705,-0.054942179657723335,-0.07889747826314096,-0.08534214925344825,-0.0986894961513999,-0.08410294337363157,-0.12154517658591918,-0.14099612928162264,-0.1350328808605726,-0.10841525024471689,-0.10133605671771047,0.08343991883083504,-0.02095578411422363,-0.01570778288619136,-0.05207916475953152,-0.06402662628417106,-0.018590319074955942,0.037220126549487156,0.024058058314647947,-0.08236475990271253,-0.07775682586521875,-0.05032778684490339,0.09620617879360636,-0.01219428288069951,0.012380216474514849,-0.016119040615086556,-0.06520076766953742,0.04896930616407842,0.01718708079460277,0.008995230938317991,0.037375263674590896,0.0008659032121140689,-0.03259537529731844,0.021829814329842632,-0.027096826576364915
7Networks_LH_SomMot_23,0.40728276759217963,0.3369903816416248,0.3320691926993578,0.3251553545383331,0.3323402156205189,0.18605625609318263,0.40193405367168544,0.4400700921911897,0.15677958587305454,0.39463311156168707,0.6326386351037491,0.47007262429988955,0.2574819803263623,0.2650850739163386,0.2004608795942581,1.0,0.610398966216705,0.42422963362736327,0.31949808955202075,0.15772843555212174,0.3322906289794651,0.3084452566966061,0.4349708062955143,0.4322734489801817,0.5441436448051574,0.4858266782946788,0.36369152803550375,0.411487418441486,0.42381762276921886,0.2512145751515771,0.20216792012750526,0.3698460046283125,0.23058798245445153,0.29895865742221595,0.46382116460941947,0.33871074469338436,0.27798766210645115,0.4675288876983234,0.5812161903000808,0.4212809022064618,0.5020701912966934,0.46917558569730483,0.49788447298610244,0.4549071887430893,0.4020203640475477,0.5936344454477973,0.24633980603438307,0.40970700414999106,0.41465362334799666,0.41326468738168165,0.4218050422719863,0.5754719407329832,0.3631722776756772,0.562625122354985,0.4583047974936235,0.5303276475902183,0.475245084331589,0.1902560287335126,0.535094354482023,0.3304533179066718,0.36982087774900657,0.3837829740006012,-0.021159269331112483,0.00609166895588602,-0.013449974138564748,0.062053808234300824,-0.0049153937700295155,0.02162884014057031,0.10382830424442294,-0.03253527549939838,0.035750119302782435,-0.02073185218710118,-0.041567818893849466,-0.004805393208130813,0.014309880985079602,0.02368524303662442,0.023345920695846036,-0.03731663488688472,-0.024392438213732864,-0.034893165089585884,0.0026664689211499683,-0.037966889370884715,0.007254561264575014,0.02167372601540495,0.018592729991592057,0.06120093077234476,0.057844982095845605,0.03243967284341759,0.09630529589528927,-0.11652974023746365,-0.06713609255303682,-0.07994041104836663,-0.0052525841561547396,-0.00919503244758854,-0.0059142074716920096,-0.053965702784379996,-0.013845433984393108,-0.01847714656145802,-0.07811265100631572,-0.03901280687607307,-0.0025547680796997045,-0.04871939828583897,0.09240830867198872,-0.07379253569591074,-0.06887078378788455,0.09065280696527483,-0.07210545823674318,-0.0784387990632797,-0.04043155419830842,-0.09971422445505049
7Networks_LH_SomMot_24,0.4486937738675641,0.3997126246175318,0.5789347562067221,0.3149720213900505,0.39990433972769124,0.2218877819902198,0.42046913787885126,0.407519941074466,0.18350325835078427,0.4794714767304092,0.6231858298540328,0.6492102171038154,0.45141642913200064,0.38804107224812046,0.32301760255877854,0.610398966216705,1.0,0.5841805540578174,0.5417413275972127,0.2527425445760856,0.5319731595073062,0.45840459958148166,0.5787083620359993,0.6193950981966987,0.5801376604094444,0.7117435861420993,0.2503105907591355,0.6104857265764753,0.402023294109293,0.41782329680572244,0.37692193910234206,0.5020426311109665,0.35285564143833914,0.447491021394003,0.4887171493627408,0.29058867203096433,0.3807370572926347,0.5274580365200452,0.5435572897019485,0.4537380619789086,0.4705462956693926,0.39543806087928823,0.5872421298147674,0.5591069509391192,0.4518576188107558,0.6674091961581163,0.26694484667177376,0.5811529509110914,0.5459700339607679,0.46024414056633994,0.5763547970357443,0.6860380116937393,0.5162001904223888,0.6065743367491223,0.6546498306084508,0.6652337671037477,0.525016711129324,0.1480284192665126,0.38557438922404697,0.5099912672982027,0.5184987663609031,0.505146431350973,-0.03563370394064454,0.06438672068094771,0.07224355934002355,0.07059795612638727,0.007863134612234937,0.03244076876083105,0.11690031947099587,0.04758566131470456,-0.04746411279861237,-0.06791754380811939,-0.05549250150646195,-0.07852556401419802,-0.033149147744595125,-0.013841985219837849,-0.029696581267595286,-0.056441352877558824,-0.14240754366490144,-0.13839634943021212,-0.08528643388369525,-0.1410554942234181,-0.12044055885395231,-0.09944309505138775,-0.0924645351825132,-0.05644399240376815,0.07042028625112107,0.050458867698569915,0.07871006315071745,-0.12263588954953258,-0.06394951120989596,-0.05947053362257214,0.07155574218120554,0.12846549433957757,-0.08794170491253538,-0.06833724538812608,-0.00629973114580283,-0.041850055841886696,-0.10540535095663668,-0.04476955708598567,0.005476208528411119,-0.030943779776473772,0.0319045056493902,-0.06860892384956542,-0.1068815668915773,0.04911256017508166,-0.04054677308350557,-0.11447835868949617,-0.10169781609511125,-0.16667680999640144
7Networks_LH_SomMot_25,0.5140204462830334,0.4838612851050457,0.5135397741091902,0.419125764693759,0.4386905787170038,0.2942138196797523,0.46563914345308766,0.3888024754156051,0.4651647299167085,0.5637110488399877,0.6280901640756362,0.6425649653473878,0.5168135645084282,0.3164293661924898,0.3106895738692773,0.42422963362736327,0.5841805540578174,1.0,0.4439300303595522,0.11490570097659361,0.4090534837895737,0.3286895858192748,0.5459982813755232,0.6273163464411144,0.3994883060930711,0.5167098822559626,0.355157354955072,0.4779012340725488,0.3586539721802976,0.26967597044302977,0.3786476119447582,0.5065740659321765,0.5032980754187526,0.5437044681490548,0.5419260932297545,0.3688636716672803,0.4699769494284909,0.5858578223546552,0.4913279656465109,0.5267292681172466,0.3928999048815156,0.4004234953399466,0.597361840284013,0.580642114236206,0.2860876127597539,0.6925023257874323,0.24927774839142372,0.5434093240453226,0.3928995208289993,0.3601742253918133,0.4607280939160354,0.5490405212859826,0.53101901204055,0.4914352527102557,0.6015206167880622,0.5535667039171035,0.42571265185871915,0.3139977159991337,0.3625871792092745,0.3227739779597318,0.4620386377462746,0.324995465732619,0.046335395201081285,0.07650133069788011,0.0679938748278059,0.005650082850949723,0.010678833892393273,0.020882019155805214,0.10093055739859937,0.0024921379888344203,-0.0069308629536098286,-0.02231901809761481,0.029873494731221206,-0.04120137754238138,-0.06252465851296232,-0.05867677147025759,-0.018310594205998017,0.0005754291628294504,-0.1254507770180831,-0.09676197647951582,-0.07459111012945008,-0.0954691740754531,-0.09869505278456084,-0.11094009023943377,-0.06956436464445716,-0.07939639351224893,0.08279722907800958,0.021120115590712783,0.06239393488967299,-0.06991528842949196,-0.0923950476055712,-0.10663977079286939,0.07769952523924312,-0.017158906726619867,-0.041605762270268944,-0.1072503091336525,-0.040724488585380456,0.09286219076134414,-0.025250181712512598,0.015680576121148176,0.021737444753297207,-0.007116494508041574,0.054426117902810045,0.015410952658658508,-0.025586107800328887,0.12325443716545455,0.03116506451875601,-0.029441486431824787,-0.0181435510243087,-0.0551353064380744
7Networks_LH_SomMot_26,0.2898742528898935,0.27179296383637963,0.40976767756674054,0.20310894708208788,0.28469881696851435,0.20346695198221654,0.358199932386703,0.22732093064348585,0.315987569135821,0.406356774316687,0.4460719675724262,0.5205809529437777,0.5189490208332341,0.4918133068796189,0.4920593226912994,0.31949808955202075,0.5417413275972127,0.4439300303595522,1.0,0.3171201149969516,0.7782380275272966,0.511688499264852,0.6086999044989752,0.4696358438596388,0.6561456177392027,0.6731824061422498,0.2704746150721592,0.6786475009397359,0.48771254248875306,0.6091364980825988,0.22357499254213167,0.39178453559245063,0.2821807034851957,0.3420312536676173,0.3385403531664266,0.09432792206696325,0.18305073551742282,0.3970230460557389,0.23140337408594652,0.4025627893508101,0.302446678987663,0.35318885767627756,0.5393479391191255,0.5298782877964565,0.34491283798142125,0.4586041672710832,0.46082142285232297,0.7501158456068403,0.5335190017318372,0.4492841187000977,0.5580614031422146,0.5464015797613827,0.4243265978208268,0.5763292303453857,0.6143098141680702,0.6623661212427038,0.40945002953053494,0.15874639383511807,0.3121042679213254,0.6773405928684763,0.6860935406014189,0.507842988595596,0.034580891577536896,0.00423372728775843,0.03228860646459457,-0.03697082017181664,-0.06394864054368343,-0.02793542021628566,0.05635176661997105,0.001086594103201483,-0.12431256586826814,-0.17414462807676276,-0.1364195950914745,-0.12225896611651749,-0.15039801978499764,-0.14125392685952204,-0.11212068708141666,-0.18392803883299774,-0.003760436418211705,-0.07491382875372841,-0.023375091391253176,0.01810271104450812,-0.04298144117231164,-0.007480192040373919,0.018432125162079864,0.01006941123643577,0.053719127598268156,0.022179892532094847,0.08815354338800611,-0.046925707514096575,-0.06950499958052091,-0.017812100304293317,0.047243265423242926,0.05853750648102151,-0.08059815184775941,-0.106137995893795,-0.018496859169942505,0.060588624940701115,-0.07542616686059594,-0.0411384463296186,-0.0007664066571543285,-0.04991245731564496,0.049721717530526496,-0.03265975277977937,-0.07947984740882559,0.10148182361573828,-0.027032025944304847,-0.049055147349357286,-0.0891780897843077,-0.13193712986665998
7Networks_LH_SomMot_27,0.04249455337654874,-0.07207138701796534,0.14341116979025031,0.2593270963196961,-0.10054223141004169,0.05497455172589773,-0.06653416190814482,0.21858182762256037,-0.05848218996130484,-0.043345918578876534,0.11983980328084713,0.04783435822731057,0.10467007923595034,0.5871971951497243,0.30843022689781097,0.15772843555212174,0.2527425445760856,0.11490570097659361,0.3171201149969516,1.0,0.43310456365101513,0.7178756271661343,0.4796771049489388,0.15352263003058864,0.4251851940570205,0.3894705174776988,0.17110671053667156,0.43017390651953735,0.41070525527167834,0.36850924305102667,0.10392636209116107,0.054259950015755835,0.05636684318148272,-0.05899400449896169,0.12025891124139254,0.23734726898150074,-0.13836620569764646,0.11114300554098461,0.21564420971489226,-0.028451219553067147,0.3701024133771629,0.04882871906367724,0.16071662104907747,-0.017494043287331906,0.18217473832636086,0.061266370117125664,0.2090162701815255,0.09314735852238837,0.4443883137340545,0.69150420794136,0.24119115311819184,0.13492618684039415,0.14018687271834093,0.2774263590683154,0.08102025084881251,0.37026428968533703,0.5236031611537981,0.14172936912629458,0.36206382162454637,0.29189473175796354,0.24872566811496907,0.24583564242729458,-0.04214399962842315,-0.04463293953718925,-0.004753944329275519,0.0024564598189285147,-0.05745475111027517,-0.058663330945517296,0.011474632040904181,-0.03872128517748571,-0.13616422930723743,-0.1317472041070196,-0.15061672929714118,-0.11094289452968763,-0.08995796888414245,-0.0635098569043231,-0.11539101643540858,-0.15020687342377145,-0.013005434739335266,-0.05885791779899667,-0.056631904116652254,0.045046595958958956,-0.029848067430898795,0.02015954582874383,-0.03202666396664127,-0.06257115535349682,0.18724316190631077,0.1088729008802183,0.1026296545106756,-0.07148740628268649,-0.04169681764760491,-0.056299359755011345,0.09336653147530023,0.06984628645065483,0.02552209394272526,-0.02126656464131436,0.020218951711579603,-0.07181593335224497,-0.07579858512908251,-0.066063872424072,0.06965573548362815,-0.03685913419488973,-0.08279277394148507,-0.09613314003860565,-0.13310604540242219,-0.03451189750022594,-0.033864699513902106,-0.05865049555211962,-0.10393967602796512,-0.1326269123672101
7Networks_LH_SomMot_28,0.24900600145995608,0.1879484845268358,0.42770042732037183,0.18794550489703793,0.21174349150957655,0.11551054926477519,0.2686727433434359,0.1830056032030335,0.1411095119347692,0.3117998953182079,0.4623722636494772,0.4591593831873459,0.45029089281001217,0.5723328862625312,0.5028267255091702,0.3322906289794651,0.5319731595073062,0.4090534837895737,0.7782380275272966,0.43310456365101513,1.0,0.6048929721403316,0.6143678120559176,0.45884206898029234,0.6377950497307783,0.6663237446855487,0.3025074046346214,0.6987345140835658,0.5376024742524681,0.6070383691935337,0.16487085122501038,0.3577148233387746,0.26379441670199677,0.2938510567240229,0.34576116673489377,0.12525007984585065,0.10582759612475379,0.31262489636204793,0.25665435199614894,0.3113553567164473,0.3613845467580367,0.3789455328148846,0.5239686817878724,0.4975182778464036,0.38842986758986586,0.407499642621098,0.4872953340197278,0.6547253773875757,0.584763082896803,0.5283163017007206,0.5299028291629181,0.5106340938163095,0.2552263830887864,0.5588421321289614,0.5667616689426004,0.6872683200506134,0.49984269704558,0.18161893922638694,0.29807911823013156,0.6468359489842198,0.6641112574900091,0.43479518566049663,-0.04010029678333298,-0.011445050749914882,0.033449538230150476,-0.05233968309003651,-0.09809940727061561,-0.07908018401246686,0.03207125876727933,-0.044816200438609136,-0.11714960810712176,-0.13792714747662338,-0.08743710706084783,-0.0884015395351071,-0.12016033741591368,-0.12105684776351205,-0.07065532567290163,-0.14034795903257746,-0.0058618557086806055,-0.033818691080121366,0.0017934479982115376,0.0629881130482611,0.03734816489811144,0.07662404839781081,0.05674450082240281,0.05647705345944909,0.06760197471044432,0.03505131135046247,0.061548393681863524,-0.026357561902580817,-0.037061760901228376,-0.008746373961233702,0.05611207721814893,0.03272674341319184,-0.005894139916221042,-0.07290754357861777,0.027105359175465676,0.0926901825362318,-0.019579512915711562,0.04185234554382441,0.036392453481808466,-0.0004759044237596617,0.031657157871151725,-0.057357593774907525,-0.11069674956996078,0.03302335172413455,-0.04605683037200917,-0.06615897036570677,-0.10771604154273422,-0.14560979760137774
7Networks_LH_SomMot_29,0.2269849664808647,0.08616029684862787,0.3367432308046538,0.3811190691037832,0.05874095170191317,0.10348726093748101,0.07452160789795559,0.28967880790007616,-0.036344255979617116,0.12486217635702092,0.31332021555274847,0.29386100758512423,0.21216157569603397,0.7099025012693242,0.4391320861174905,0.3084452566966061,0.45840459958148166,0.3286895858192748,0.511688499264852,0.7178756271661343,0.6048929721403316,1.0,0.7187467451424098,0.3711326740301029,0.5734868955243697,0.5995880174652727,0.16168538828409773,0.7131242061126971,0.5290699013011402,0.5887502683949147,0.1682710605022529,0.18325810749700858,0.1736309142181305,0.14931103517966077,0.32694396737201176,0.3028628086702084,0.0725303511008358,0.3149758720440819,0.4188161074268897,0.17339862204258635,0.5342682115285097,0.22317010980082858,0.38336014774965027,0.19770778799963076,0.4167993928578711,0.27928073760389094,0.2399196160242735,0.2949771780640548,0.6826985957893262,0.766443345045872,0.40136426534672875,0.32206777264329006,0.29883898206433473,0.4546798496814824,0.3163444158160377,0.6067389385824173,0.7263699835713328,0.08194280637809422,0.49248145952656197,0.45251385815173634,0.45515581928434634,0.4984661845321225,-0.0832651157667726,-0.056889954931479934,-0.04074693112903777,-0.007748930021301059,-0.04806478225214713,-0.03707265189376153,0.01426043363609969,-0.05013961921916526,-0.1015601275374543,-0.13892316071252145,-0.140341570311277,-0.09870098909780187,-0.09711732985952104,-0.08219165943956669,-0.10940428058921883,-0.15593738353060835,-0.026892762714368298,-0.0725304760836531,-0.060153300631334235,-0.017347497932624568,-0.07201025938500032,-0.05311820907881198,-0.04357736691740819,-0.0717771502313998,0.07816800091240365,0.006807752125319711,0.029445955358123485,-0.1491123651429356,-0.14178048870217622,-0.13360274471859618,0.05685994312816784,0.02377059886349857,-0.02005667783279701,-0.06256406296699742,-0.009789563147628126,-0.044508767794645535,-0.08599527965573028,-0.03953437645814059,0.009840679502681944,-0.08099280567300818,-0.02758384018733087,-0.09104741497347259,-0.1535483960776912,0.035434993163553634,-0.004191004778817167,-0.05342569724791619,-0.06082997575856028,-0.14377003110598363
7Networks_LH_SomMot_30,0.350819496736508,0.24034117112949532,0.39173170310391536,0.3503583515476578,0.19180884037208687,0.1291722316579407,0.24249531955016065,0.3178373205275605,0.1339776195720271,0.29689763084206366,0.5155797686510459,0.4794951306800212,0.3468875824151581,0.5779690758516551,0.44214611091171147,0.4349708062955143,0.5787083620359993,0.5459982813755232,0.6086999044989752,0.4796771049489388,0.6143678120559176,0.7187467451424098,1.0,0.5569105001360959,0.6255860153300552,0.7014668962595517,0.3122800393009487,0.7670637883782242,0.5232109090534569,0.6340030691958009,0.23897955635973148,0.35243843538057773,0.2961184818390752,0.296635922707658,0.482966909237937,0.2802923115767742,0.20217765520766615,0.41954717018439985,0.5204545819835003,0.3232062107921109,0.548961713548874,0.335110818909429,0.5316093075165021,0.4331325147909702,0.4451623227211174,0.532596719169539,0.2734247741860637,0.49061354967215187,0.6375267470777602,0.6610440597325735,0.46582841639790684,0.5458315363521145,0.4510083703137293,0.6306874256875403,0.5497705818007305,0.674157422258821,0.6643071193805703,0.23919864036360916,0.5198017081768264,0.5434022679925948,0.6079104160903315,0.5670067283249905,-0.06186515791169335,-0.025299256357676794,-0.028823671495638296,-0.03793779193684832,-0.041354925367622884,-0.03358559937490347,9.633875413988807e-05,-0.0710895644449152,-0.05878017537557342,-0.13528577622393756,-0.14212280290037987,-0.08158194279085851,-0.09761877427023057,-0.1029441850830461,-0.11097784128318802,-0.16429893422021755,-0.036148856218179475,-0.1143525305977231,-0.08143975418195795,-0.05017350049225606,-0.1271967190790015,-0.128215250389389,-0.05971153789781441,-0.11671105433985024,0.09650801026801384,0.006709613379159476,0.026074626730678088,-0.13039378024975345,-0.11587468144528326,-0.11177984360473894,0.008653065281449322,0.00948815732489556,-0.07413113628464191,-0.10945015510709893,-0.01928016049376337,0.007255048009509221,-0.1041992192836144,-0.05127137725574877,-0.005852192373470074,-0.034594514639632645,-0.016482394817078902,-0.055285960398499645,-0.09225021830376055,0.04731487646444499,0.002450392268404063,-0.03587232145769973,-0.02145699478559255,-0.09866725265209163
7Networks_LH_SomMot_31,0.35097050668461244,0.35847089439222646,0.4928622200304616,0.19407772436115825,0.3569845094059417,0.12523772634335106,0.3578539780066608,0.27870086967233615,0.22130189100226472,0.42948277010033276,0.5347932892904587,0.6020005234844212,0.42547941088626234,0.2597281627505506,0.27451402230276123,0.4322734489801817,0.6193950981966987,0.6273163464411144,0.4696358438596388,0.15352263003058864,0.45884206898029234,0.3711326740301029,0.5569105001360959,1.0,0.43330082411191345,0.5375440646137942,0.25581050797596105,0.6264794446593364,0.3830717087744358,0.41225859882856186,0.4300823921587338,0.4946767899227578,0.36932392228147204,0.41375541724985293,0.47256394535099694,0.14410483734894697,0.34995007138908246,0.4339347468306615,0.39202652320036446,0.400050845849616,0.31755098009969923,0.2929560228753865,0.463507834196767,0.512686529905065,0.2967917344795629,0.6906733865281257,0.17466750805498735,0.5297551287965252,0.4048353954164303,0.3542353578227206,0.5063667701476228,0.6195273816241688,0.4679815513203795,0.5298753422488618,0.7170812912130612,0.5853981871881122,0.42916540166558526,0.12300603543747873,0.35978861181575983,0.3923598151206736,0.49694590680987527,0.43362631841003313,0.039944190251576465,0.11696504488054209,0.11997834435137468,0.13656539714376595,0.06345795133486322,0.07411683023278254,0.15899510135965597,0.06869840868805545,-0.012951198330463421,-0.05685589694923687,-0.014368462330753508,-0.046997669949849524,-0.04606293081138496,-0.024711318449323706,-0.020851918649879134,-0.04398684559393084,-0.10659032334600038,-0.0974954001700584,-0.08313961311552745,-0.190169702567235,-0.15409627277362686,-0.17670941744947716,-0.10765618366527353,-0.11840355626052275,0.05110335853087471,0.006571571257507086,0.0337233084176219,-0.06173939739347769,-0.07038745833956518,-0.07421789085843444,0.04046478671447184,0.048830906768253676,-0.054163504716449304,-0.06405360896094264,-0.022833392806245096,0.024955013979618905,-0.05862928652277638,-0.004725967742752179,0.033333940464359384,0.021467739517523038,0.06657789303228186,0.05667970101883839,0.0003826608483908139,0.15096795907616595,0.06447761429659264,0.0058101465411906595,0.022113353677190466,-0.025737328347918156
7Networks_LH_SomMot_32,0.33526273623173736,0.24800844165157995,0.3927248555547301,0.2582967746833195,0.24967767389714016,0.18996521537064867,0.33546228685527113,0.3013922567910271,0.20273457933036937,0.3531995206230224,0.4800417626391941,0.42029237104942796,0.35630238600982,0.523171897982494,0.30439522614789805,0.5441436448051574,0.5801376604094444,0.3994883060930711,0.6561456177392027,0.4251851940570205,0.6377950497307783,0.5734868955243697,0.6255860153300552,0.43330082411191345,1.0,0.7442454436571474,0.3650783036104339,0.6488768715531087,0.5900529313477426,0.5506961633901292,0.1501591281358837,0.37126898926512086,0.23452425478855723,0.28317698649609363,0.44556785854221304,0.21639210509430012,0.1511079769104537,0.3966330020943548,0.45072340410182277,0.35799448890668195,0.4969285547508872,0.37402173923769383,0.5588642834849765,0.44839276057044236,0.4575659756318839,0.46259201371828307,0.40615524970766126,0.6136802896592591,0.6338638065281698,0.6090764211182244,0.5753235356329023,0.6432489708835961,0.33550275140394825,0.7468606098293799,0.5264822582853019,0.7120474755376774,0.593321281811077,0.19597472913210642,0.5736028527679394,0.7159144941109498,0.6308612237334826,0.5663474629256713,-0.024830442241550132,0.010047633178757063,0.033099318090966716,0.024672895352841274,-0.05788022209499325,-0.01642207492477468,0.09301268575234918,-0.00047509123685348173,-0.08674961523476206,-0.13295536864279842,-0.1322495812503048,-0.08852952859600907,-0.06311530613643003,-0.03273456059999502,-0.08273991950222438,-0.1142314430851986,0.03383095431603605,-0.03753879721930156,0.039504961843868605,0.042018741704828555,-0.048270921109944354,-0.007064341505815109,0.028954216952970516,0.011947114005834897,0.0869752902050024,0.0475239259491068,0.11316487123234628,-0.12248109469773814,-0.08708226797562452,-0.09095833535626317,0.09620166434221278,0.09213507432385754,-0.04715623306472666,-0.10734729959014377,-0.05689914629724829,-0.05340392460790768,-0.14868551276564584,-0.06322490578060544,-0.0013590883194211716,-0.020823065737504906,-0.0631724616678235,-0.1226511517647489,-0.18041440160724664,0.06655686993710368,-0.03533242731440649,-0.07304646704790575,-0.0901422629973801,-0.1553600572702262
7Networks_LH_SomMot_33,0.3576445042572659,0.27086485079012523,0.4832047400606521,0.2411107643570043,0.27025775450002015,0.10419590326736337,0.32308068835757864,0.2903160224332211,0.11454428589087515,0.36908974226700736,0.5040442460137337,0.5438636263166824,0.3650644934179773,0.5036105589351807,0.36391939033598536,0.4858266782946788,0.7117435861420993,0.5167098822559626,0.6731824061422498,0.3894705174776988,0.6663237446855487,0.5995880174652727,0.7014668962595517,0.5375440646137942,0.7442454436571474,1.0,0.2057177429929949,0.7704426031866772,0.40603213262939597,0.6811126636547924,0.26595324065470255,0.39200399309091144,0.2774211109381649,0.3328431453808104,0.46505676047555794,0.21112834362461014,0.2293483454041681,0.4495621857765486,0.47067140075997377,0.3673190030775053,0.5220921008906685,0.3257016149177487,0.5813604910293684,0.49401408939918107,0.49766129937339965,0.531355935540881,0.33994951860494804,0.6535987441121544,0.6704251336431272,0.5936331677823047,0.6388676455386926,0.7042034057396735,0.40354249675149373,0.7181239930122497,0.6781558364183102,0.7238795750952485,0.5772676095767947,0.08646661394597305,0.44119146275939736,0.7640118617984469,0.7154298292610478,0.6870167562419164,-0.0038015607156537913,0.02363921619186069,0.04831397166589661,0.0032446298258542935,-0.07141080977294728,-0.0545115092482098,0.07277201484056973,0.0016207434503082046,-0.11335076857784446,-0.1638443596951493,-0.15264773556674371,-0.10644163177618535,-0.08817180640597812,-0.06674235024121322,-0.10514735422343462,-0.13917581173710286,-0.07304001357425481,-0.10876805252688258,-0.04521606147259582,-0.037622238999154796,-0.11338574546251794,-0.056392931583860176,-0.033812856157557705,-0.03415148087951481,0.09457297846150416,0.04814145773175954,0.07921737412373202,-0.1233729093291254,-0.0765766002244187,-0.07068817781755606,0.12282184802064464,0.10981231650835825,-0.08012701397055602,-0.06543857894983837,-0.03250788385724938,-0.03837933260746677,-0.1223006191665698,-0.0930921669223503,-0.035193921898966085,-0.0642839703807416,-0.046146665878726074,-0.13318496704105418,-0.1995075983610831,0.040194111835884144,-0.07029466556249747,-0.12190802406019337,-0.15110905938993294,-0.211090846438323
7Networks_LH_SomMot_34,0.20385819794167417,0.13964144964429664,0.16754455236458185,0.1489633085704088,0.17407426746402338,0.26031803235815887,0.26676244228492524,0.26086813696081235,0.25210588346752005,0.29605433951675697,0.3828645035339442,0.1547445599699391,0.2408322451322312,0.23666739023209607,0.013135608880168901,0.36369152803550375,0.2503105907591355,0.355157354955072,0.2704746150721592,0.17110671053667156,0.3025074046346214,0.16168538828409773,0.3122800393009487,0.25581050797596105,0.3650783036104339,0.2057177429929949,1.0,0.13526304272361994,0.4647576840802551,0.0696039183221901,0.015586037073109281,0.29622280816159874,0.236010326096489,0.18394465412240701,0.31041145545554283,0.24815081980975282,0.12940437250907302,0.25063627720744747,0.2343733238970251,0.305471746859174,0.22526902628611062,0.3258198880278347,0.34726477941895345,0.32509980365476226,0.12861939281830206,0.31695975773471846,0.2708281954304425,0.31344130704342715,0.11559146177605699,0.19983597523312238,0.10097981909944065,0.23865778148987588,0.2500341857091833,0.303158410467144,0.22809086703886466,0.29010889760289893,0.2193254438312789,0.6218510037118621,0.27379125971325663,0.1470082321970247,0.30770286119224455,-0.03351719910568071,-0.053172681193478545,-0.06391179144972928,-0.04085600370560126,-0.06686402890747639,-0.00783366664842612,0.036423667644110765,-0.02749162212575433,-0.06246642981892046,0.021175495154461196,0.017693627828138818,0.0665062193541665,0.05981452839877402,0.03582051008688406,0.05043989206434617,0.07628794992451261,0.026330997549643857,0.16139933856048339,0.08793078340193364,0.1551859998918998,0.16819056973753987,0.13058921664426512,0.13124366096071538,0.21994567384600264,0.15289267406675902,0.04931963246144779,0.037424453176692705,0.07620636807043532,-0.06795590889690714,-0.05502139669470145,-0.03341248734181638,-0.02691253965311713,-0.05209825530603452,0.002091025513858261,-0.15697276261496074,-0.07991207425809023,0.006718562411699035,-0.07929027052859848,-0.016544520939550316,-0.00927266660854082,-0.041661764599389285,0.024642141245867437,0.013736317994595898,-0.009692897677486491,-0.03465634581061646,-0.04687993413241197,-0.019987117389602654,-0.08028789573012106,-0.021198435155513333
7Networks_LH_SomMot_35,0.3082388944061118,0.26754646163223167,0.417559097789395,0.2805212706967024,0.2780851009661393,0.08528218876959331,0.295704551547743,0.29477985498273124,0.09404450370594851,0.34338963728550764,0.46160910511485814,0.5168568950963642,0.33009769321508287,0.5478538924272937,0.4345730681721845,0.411487418441486,0.6104857265764753,0.4779012340725488,0.6786475009397359,0.43017390651953735,0.6987345140835658,0.7131242061126971,0.7670637883782242,0.6264794446593364,0.6488768715531087,0.7704426031866772,0.13526304272361994,1.0,0.4818908015084379,0.7941196492148226,0.3014898703837987,0.36517821947986373,0.27654254851033666,0.3283471362167486,0.4606805075246652,0.15970879126849558,0.21534230941461438,0.43284389454092953,0.4373822270575495,0.36148089215254925,0.49085676110762233,0.3245888095063539,0.4903470915070358,0.45570550235227986,0.482537578729916,0.505474297345448,0.25488870801992647,0.598458964627545,0.7091939698091676,0.6427812111758135,0.5696189296718739,0.5949525561788672,0.39959251949025254,0.6627218866661689,0.6943077024870035,0.7596843290013595,0.651793242301562,0.027722005632136008,0.47610389758977284,0.6677952268476157,0.722793977638856,0.7162026429912406,-0.018908579674837608,0.020913605799125948,0.015302404518252353,0.0625796251728796,0.004334137977387952,0.00331146885290098,0.09206505328102257,0.023582948765098328,-0.05625158433155444,-0.13568978255457917,-0.13307792530650076,-0.043630686666298005,-0.06360352481918027,-0.06916366409503702,-0.08913313177485352,-0.13873152738460015,-0.06664730187402709,-0.1262937751610542,-0.0804741891995136,-0.07176634423526997,-0.123871608685739,-0.10440857557213981,-0.0780008493324266,-0.09087085112763828,0.11414443645948297,0.06006248402793374,0.06214966744180686,-0.05695163798348306,-0.0477229206455895,-0.0378967353454631,0.11046088810208755,0.06887147842741366,-0.07460381257764652,-0.09608783156676402,-0.039592362187787174,0.029250374985596468,-0.07296269879518394,-0.028744434338189996,0.01812419123100822,-0.03149710893965249,-0.005813613344426958,-0.05230550713872851,-0.11810409386127578,0.1261435667538804,0.018636805704223283,-0.005160343593897613,-0.02405051001153759,-0.09593413917741925
7Networks_LH_SomMot_36,0.3703346494057927,0.30007054554676954,0.3385570478696469,0.3168824176027074,0.22733918118825866,0.23139161946800274,0.2424174259894049,0.2563217090093062,0.18998938496739126,0.30258975092030554,0.4173261737490667,0.2550598542730075,0.33204877648070996,0.44934635445188553,0.33193810731595785,0.42381762276921886,0.402023294109293,0.3586539721802976,0.48771254248875306,0.41070525527167834,0.5376024742524681,0.5290699013011402,0.5232109090534569,0.3830717087744358,0.5900529313477426,0.40603213262939597,0.4647576840802551,0.4818908015084379,1.0,0.3604777609162551,0.1816919148304057,0.30146601704604514,0.25565224325177405,0.2688283262384189,0.40205877964522535,0.2491570492319855,0.1022811530137677,0.29655095700025774,0.3565202277264927,0.31737966784299637,0.3623459757151155,0.2754448038339741,0.43819195282482304,0.3490892975209602,0.28997180333504263,0.4055991951043665,0.3512696132522939,0.40620129608768607,0.40262231153115857,0.4630692937991736,0.3135549054578028,0.4177085422443548,0.3664288035054587,0.5569877442226001,0.3622053323511988,0.5796625498878428,0.5398040729017755,0.3311561749508911,0.511935108000862,0.41735504108310895,0.46082084143396795,0.388658647707922,0.01418326641346186,0.016185847718259646,0.0048571758357825595,0.003498098347947791,-0.04432364968377315,0.017926257295333398,0.11214555596057237,-0.004868106741766552,-0.10168095836984024,-0.11150603142865952,-0.09128010485498234,-0.11686929930798959,-0.12676145697773616,-0.10056897376274708,-0.05546200656044581,-0.12229054822390402,0.043358362041771896,-0.042329567674307685,-0.04135675876184586,0.024908004270879153,-0.024381510666362103,-0.043285491898765356,0.035466215568633365,-0.012882303100033873,0.1468339183393098,0.02521437596928479,0.061926562595076964,-0.029589377815058906,-0.04157723657665658,-0.029815555574524567,0.1277818269540512,0.08433748315830578,-0.026670888342894307,-0.13607743660999544,-0.04079311270615781,-0.017253614032873406,-0.10139828010886666,-0.01764358128314592,0.05733059203206904,0.025805649343863393,-0.012704116437391832,-0.052959815715794556,-0.07693723620383351,0.04759339422698921,-0.0017787569493523127,-0.018452178885313534,-0.034346863100630176,-0.0626686958068487
7Networks_LH_SomMot_37,0.10710443218204671,0.07633290395357875,0.18250828127744406,0.13749280488706614,0.09438478301629954,-0.034357279780654726,0.16485620715498597,0.1514878885026963,0.02377624979623428,0.16741546139958263,0.25685516495187316,0.341712237156227,0.2037235476107541,0.45380222721111213,0.3443701844357649,0.2512145751515771,0.41782329680572244,0.26967597044302977,0.6091364980825988,0.36850924305102667,0.6070383691935337,0.5887502683949147,0.6340030691958009,0.41225859882856186,0.5506961633901292,0.6811126636547924,0.0696039183221901,0.7941196492148226,0.3604777609162551,1.0,0.1426817850424505,0.19253267650303513,0.12944783617723085,0.1544851757750543,0.25716138667102234,0.022386507138924105,0.08097676576024802,0.23586010671187552,0.23138631923381678,0.18666400421459525,0.3476858077995488,0.21931575211028737,0.30642858346052726,0.29429808929655626,0.4004243462718964,0.259937361161843,0.19088798167142204,0.48466561377300665,0.5857092851954055,0.5338362305589925,0.40847087992483616,0.41382038660747034,0.26608867983537354,0.5077981895798102,0.537355790733856,0.5828460771667214,0.48125374107654467,0.026666304047797795,0.36319104987433,0.6332128518554202,0.7243809261993045,0.6742627031852662,-0.05808658032199864,-0.056658730043109756,-0.06648109312121396,-0.012471609955083889,-0.07251050082999337,-0.09694921986758863,-0.01404712558768715,-0.06957083969355093,-0.08501667746719169,-0.17384851570045404,-0.16918450905216362,-0.06103457254581934,-0.08922334455510607,-0.09117934915201004,-0.10523562882864446,-0.17393896070833118,0.03334785470390706,-0.06030463407156408,-0.012164719369293676,-0.00034601008271167887,-0.07832433979139128,-0.020505051666705503,0.012582323742101898,-0.030315879186202502,0.07674422039090223,0.08386215915980087,0.04499244056950019,-0.04579682166100977,0.008118954903484476,-0.010321729918469857,0.07986934307347973,0.04251855309358763,-0.08231639593690783,-0.07538195228265211,-0.057934305209270176,0.00014246608732069514,-0.059057125299619984,-0.029707565107688207,-0.016605024921512265,-0.02662193930283851,-0.035431910798060545,-0.057981419998962,-0.1145896913487835,0.10643264823871904,0.03018287448584067,0.031967892753902126,-0.05153981023690678,-0.06214280081811054
7Networks_RH_SomMot_9,0.3367899637568363,0.3585851110627897,0.40487553281092026,0.22177931744588983,0.3346630154786572,0.1714622556419248,0.23907345931877835,0.25395260481179316,0.2093022958465814,0.30296042558472935,0.27375973393435876,0.3869808827988526,0.2889391105943154,0.13013670616537465,0.15198742891269879,0.20216792012750526,0.37692193910234206,0.3786476119447582,0.22357499254213167,0.10392636209116107,0.16487085122501038,0.1682710605022529,0.23897955635973148,0.4300823921587338,0.1501591281358837,0.26595324065470255,0.015586037073109281,0.3014898703837987,0.1816919148304057,0.1426817850424505,1.0,0.33467176308846097,0.4326530083073496,0.36784259102306044,0.33156855697341175,0.08293839893936447,0.3108040644569538,0.3424120480441557,0.2147867051254058,0.2923001544627103,0.10654273071710854,0.10918299050292829,0.28088724484906447,0.3364857942528098,0.08606285770339889,0.41485814663810733,0.11396585694032214,0.3127810207800931,0.1632450493376345,0.15603920224650933,0.29070458306646174,0.3677895957919212,0.3200534193103653,0.2563752922827492,0.3787365546887767,0.2877914522703187,0.18646902682046118,0.03149228830056177,0.12455169059275205,0.17890031216014096,0.20355110236806145,0.19535178216497087,0.0762850406562632,0.1101826063478196,0.1060906588727775,0.1090485119661255,0.04542700958154019,0.060271192315174214,0.17818522574792037,0.10159153842926986,-0.013307088025880856,0.025291294908981927,0.0349775911657274,-0.043331227218109225,-0.030444929101099565,-0.03803325761368068,-0.009933553967320813,-0.013099974820258075,-0.21058547330204533,-0.1779740296904341,-0.17372891792141204,-0.1411666160916667,-0.20850555226132403,-0.20325300055885934,-0.18499211880499167,-0.18027769265420227,0.08547698763020509,0.06452680371731544,0.12509608888314241,-0.012812324327584461,-0.06910062909949945,-0.05367091687602092,0.08193981497837471,0.1368107116735183,-0.06426733869214821,-0.06193251518547778,-0.02296923126079896,-0.05225335700144116,-0.010039649556835839,0.05886355456222121,0.06902274297829923,0.06370677230749636,0.030339367873109084,0.06468275094896046,0.06832976397811755,0.05439248024689794,0.115032032076964,0.08507179839149538,0.0975886372851998,0.07117397516168521
7Networks_RH_SomMot_10,0.42123842011582213,0.3896570349997167,0.4643190309757624,0.2155136242956805,0.30849936819609397,0.17304032403428427,0.33384010832134264,0.23777688803467703,0.3077607623487373,0.42221400870405323,0.4885057595713328,0.5171135888943804,0.37033764928636065,0.16170078883637098,0.1743495666708846,0.3698460046283125,0.5020426311109665,0.5065740659321765,0.39178453559245063,0.054259950015755835,0.3577148233387746,0.18325810749700858,0.35243843538057773,0.4946767899227578,0.37126898926512086,0.39200399309091144,0.29622280816159874,0.36517821947986373,0.30146601704604514,0.19253267650303513,0.33467176308846097,1.0,0.44350343221410127,0.44308393754126213,0.5642848880371416,0.1979681797661332,0.2912542900424636,0.3525682248936137,0.3129182845477163,0.37779644086963604,0.22229072994390411,0.3473488613971232,0.44698992769284607,0.47342438782121676,0.19349377315906044,0.52933486872149,0.24418312680164792,0.48947246729568555,0.26690135903978424,0.21585506654955233,0.35642822241812805,0.48746468393801007,0.41685003644207763,0.47066606685775725,0.5270520157792875,0.4500606190362436,0.2746310239977246,0.1752971380856983,0.30202815482688683,0.3371931973340465,0.37305193624911254,0.2890741806656053,0.010435461862064482,0.05489935902493052,0.11433604245184045,0.027053998764959224,-0.06267678070227622,0.007668960615615762,0.15617745774091754,0.09277037218468369,-0.09623976441584622,-0.1114429243457837,-0.03355162983548206,-0.08683034775943169,-0.0848419457230515,-0.041061090291912704,-0.04983886772729465,-0.05777378283080134,-0.09681160947409742,-0.09244689207734066,-0.07263107836469584,-0.06838292921452335,-0.061765811564362595,-0.055892243684092,-0.03307039175139625,-0.090889856604951,0.05201243904480045,0.027191609617746616,0.04392158194818368,-0.032600423232779695,-0.026418115142528495,-0.05979237061586851,0.024557359642557834,0.04878766324255724,-0.04555037382332822,-0.07765341097270788,0.009213660288813966,0.06270350200087867,0.0036288166114096816,0.07735863559167216,0.04591146656624588,0.140901912804405,0.09341935968516729,0.09802554288493337,0.06810040808402164,0.11951184196507053,0.12085109614342363,0.0668555603415411,0.08442243851322499,0.030557346849496632
7Networks_RH_SomMot_11,0.5925703533578187,0.5218636369804714,0.46105383461221155,0.41450922534292034,0.5093312643637173,0.4451094874770575,0.48238237620389623,0.43943494363868085,0.40798715344632125,0.5186843288199599,0.4108567782649124,0.39390317818021225,0.4117335244571773,0.25500775392689423,0.23985919254556567,0.23058798245445153,0.35285564143833914,0.5032980754187526,0.2821807034851957,0.05636684318148272,0.26379441670199677,0.1736309142181305,0.2961184818390752,0.36932392228147204,0.23452425478855723,0.2774211109381649,0.236010326096489,0.27654254851033666,0.25565224325177405,0.12944783617723085,0.4326530083073496,0.44350343221410127,1.0,0.5868559161512774,0.46923715932983295,0.3684466618095465,0.44132626889538634,0.5558235795918768,0.3239019003901543,0.5425106429617098,0.2445866100141061,0.2894129353471393,0.4663272418983003,0.4021295017381138,0.14636979080489315,0.41259239929387165,0.24483450973981224,0.45047110676906316,0.2479522272504001,0.24522670119100964,0.3515576608795468,0.32647702736544176,0.41489641380756626,0.3361954496805569,0.4001972647545835,0.3428011237205834,0.2580293425899446,0.17823852510794086,0.24861246877335388,0.2226154858444995,0.26317573344231093,0.182464172745277,0.011141768774712105,0.07095091061625884,0.0804716644624475,-0.013620872832694551,0.0008690097400825424,0.0035260110041275567,0.07595964711724769,0.04586153774369395,0.024512209349887362,0.043709194074383693,0.08860007290746327,-0.010567128335764937,0.020136189185608628,0.03809725210537896,0.029109781105588758,0.05921714368842141,-0.0442392432420698,-0.099759201490118,-0.02738986287816026,-0.04389564607062382,-0.09753308371048065,-0.08494767506144839,-0.04630071841183665,-0.10325430176897413,0.04152196826879706,-0.005037157140172502,0.07423561391351378,-0.02469013377371181,-0.04175523910588755,-0.03204426265927246,0.03044835625660872,0.04856844327072538,-0.032529521845929985,-0.08946850861794786,-0.020606153997535147,0.05269337669264525,-0.0075509139746240735,0.047334895071051104,6.575020071901622e-05,0.09040588941345995,0.024263178712209208,0.12255255449979334,0.04411144455034491,0.13688310165178558,0.14936341770626704,0.06716828237718596,0.10664602467961505,0.09130719255780108
7Networks_RH_SomMot_12,0.6379998925134914,0.6992787476824014,0.49793549768584405,0.36067767558732855,0.7300682477709601,0.5475891026598602,0.6540364393749352,0.4720162212442332,0.4895235977907743,0.6811400308703757,0.4030738550142167,0.4707543779999242,0.46330669778632305,0.23032191356601756,0.21149009291002258,0.29895865742221595,0.447491021394003,0.5437044681490548,0.3420312536676173,-0.05899400449896169,0.2938510567240229,0.14931103517966077,0.296635922707658,0.41375541724985293,0.28317698649609363,0.3328431453808104,0.18394465412240701,0.3283471362167486,0.2688283262384189,0.1544851757750543,0.36784259102306044,0.44308393754126213,0.5868559161512774,1.0,0.41671212813330183,0.33013191858599694,0.591563149130475,0.700220615558072,0.3555352229091263,0.6719272764793218,0.2929578331188321,0.3163112006486267,0.5526263238702995,0.493730905375178,0.24825114788925623,0.47324246694088723,0.24081784846953155,0.5457823971183513,0.25637123820087515,0.17931884692662148,0.34984292282923396,0.44199162690553795,0.4254801741115335,0.3944259221666754,0.5318824948790255,0.3982221637719281,0.27982782117428245,0.11027226288102658,0.1712516367130347,0.2701577613861654,0.3195430605854104,0.2595784704021668,0.007979876857849781,0.09922288787891675,0.07592062046551368,-0.051232892558091395,-0.02766811867585523,-0.015157317153815136,0.0793102400089024,0.034411554458064375,0.06668658717297789,0.028819236717900803,0.07296843224052817,0.1130301174208476,0.057335388547061175,0.05516256038791917,0.11232353413886827,0.07193769885546329,0.005426023937812557,0.015216686431835403,0.019066803687093695,-0.015687350639561216,-0.034199640133462494,-0.03740622896215692,-0.00927669779637214,-0.03390979015881272,0.007128128084139253,0.005519792628118721,0.04913111520562845,-0.10153500780521219,-0.08744776846744659,-0.0688681367905034,0.01058752051479434,-0.002063197947943905,-0.07376336062010089,-0.08966724828284862,-0.028926662467307296,0.13627519573677466,-0.005076523669440788,0.047590091741405015,0.023814357777262988,0.06830938939154424,-0.015260942389869536,0.05155799307401844,0.03358510398401721,0.09375098813494752,0.09106542797004667,0.04481944413586957,0.06567128387465665,0.07558043900531691
7Networks_RH_SomMot_13,0.5254973006517177,0.45036641686321327,0.4960392045493651,0.39244696024919595,0.3381956039715127,0.21514877970913132,0.32949864682406566,0.352339367511507,0.23848777234063828,0.3969887874131505,0.529261339580291,0.5226740333283211,0.3450358690033588,0.33691821095615804,0.12871289965312113,0.46382116460941947,0.4887171493627408,0.5419260932297545,0.3385403531664266,0.12025891124139254,0.34576116673489377,0.32694396737201176,0.482966909237937,0.47256394535099694,0.44556785854221304,0.46505676047555794,0.31041145545554283,0.4606805075246652,0.40205877964522535,0.25716138667102234,0.33156855697341175,0.5642848880371416,0.46923715932983295,0.41671212813330183,1.0,0.41227484757789806,0.28900690904669146,0.4818229146334367,0.5683872741424651,0.40862217734087336,0.5098493393427542,0.38174898612064984,0.5769842003003531,0.4951033288901451,0.38460545848393346,0.5859966033289576,0.2277158971839436,0.47371404430325664,0.4820361256795559,0.4234898465893463,0.35214003146736705,0.5287630696205596,0.4385717694939207,0.5504369243754671,0.5066361159076791,0.5936293869238506,0.5193337108331468,0.3081007935247434,0.5000673197006474,0.401936409764919,0.4512361800135784,0.4012262457129176,0.04810377904958434,0.028099448175746215,0.08737561683071114,0.03702508308215004,-0.0729315906210086,-0.013382238115857824,0.15839599095942392,0.06868542185612185,-0.1200207018041418,-0.0950192376705638,-0.059247412696536,-0.1327501478224418,-0.0894253215679143,-0.07387052385704962,-0.11640694346843608,-0.06227969820525328,-0.11305591812910497,-0.18016905477039255,-0.10133915400197482,-0.10447993967433321,-0.1260989044580129,-0.12135615377594032,-0.10192218405525005,-0.14559406232178596,0.12506214555858097,0.04040138109503506,0.08554176706122055,-0.012272522052623422,-0.06943554831806634,-0.10263033835700637,0.1082593798596941,0.08248692949646083,-0.03194090483014791,-0.09757502237791203,-0.03509310893336147,0.03863274275512252,-0.01912549620224826,-0.001075940689581289,0.0103957015960475,0.06318054865910122,-0.012598723701754523,-0.01696660305358874,-0.056626332136879065,0.16108954712696447,0.07350249793916848,0.05598482174598931,0.014647249549479305,-0.013672473043842007
7Networks_RH_SomMot_14,0.47734874807453836,0.35383393405373303,0.19695855448240784,0.6050452101275628,0.22987360487640845,0.3597189569828621,0.21835012132700818,0.5187606272136447,0.1279477415388322,0.22617419208985498,0.30719306458265055,0.25843389530754757,0.2529667841778068,0.46245423547364845,0.021438587016292875,0.33871074469338436,0.29058867203096433,0.3688636716672803,0.09432792206696325,0.23734726898150074,0.12525007984585065,0.3028628086702084,0.2802923115767742,0.14410483734894697,0.21639210509430012,0.21112834362461014,0.24815081980975282,0.15970879126849558,0.2491570492319855,0.022386507138924105,0.08293839893936447,0.1979681797661332,0.3684466618095465,0.33013191858599694,0.41227484757789806,1.0,0.19485772867724763,0.48441291122435415,0.6772980891639528,0.26512864745007303,0.6702410202671423,0.2593992004700484,0.4879689309575736,0.1642516230202082,0.52668546545101,0.26732286337327743,0.1857035038536138,0.10963714305557637,0.4397965107497778,0.4144709199107973,0.2149806001087436,0.19154417840160967,0.2653387090916848,0.20937318730961862,0.09656587065865715,0.3373691421980539,0.5128231591837925,0.2986623863112815,0.3212534367057348,0.10924532414465468,0.1320794217859088,0.1539931366332428,0.01159294722585521,0.014355517299335074,0.057216585796984916,0.025240766198509554,-0.004255552199747367,0.01671353421943314,0.08218450406423633,0.08907494854638638,-0.03721491800793409,0.0016583991835414419,-0.0032400541499633703,-0.017366865402623805,-0.005730934050653989,0.00014101301946171536,-0.014042021172439556,0.02784945455637991,0.012635899776575251,-0.009331715541686077,0.04328039024464926,-0.031999755997127136,-0.047360892133465324,-0.017906014968621427,-0.01981740878138304,0.0039582175052319014,0.04538304686952519,0.021892301655843546,0.08953310143525334,-0.05666548548111922,-0.05826529198485511,-0.02894685740108946,0.0773435254917659,0.049214115560278535,0.04371237029026946,-0.008130527060725352,0.07641855230907031,0.11764422099179064,0.012794093380059329,0.03694182263265521,0.04857648109476974,0.05992365069551063,-0.02788827450403906,3.674059427334107e-06,-0.040300988815065636,0.09645077492630261,0.04994719815756817,-0.001376563840082244,0.00688415143686818,-0.008703346599881897
7Networks_RH_SomMot_15,0.4321596523549342,0.5039021354558082,0.3059403313439211,0.20887679957556668,0.681330523124132,0.43127766611710133,0.5982325631475498,0.451647072807895,0.44974894364593715,0.6319154612964527,0.32770851315590893,0.43633850578004196,0.43568940070350415,0.11868704678190244,0.16130148836515898,0.27798766210645115,0.3807370572926347,0.4699769494284909,0.18305073551742282,-0.13836620569764646,0.10582759612475379,0.0725303511008358,0.20217765520766615,0.34995007138908246,0.1511079769104537,0.2293483454041681,0.12940437250907302,0.21534230941461438,0.1022811530137677,0.08097676576024802,0.3108040644569538,0.2912542900424636,0.44132626889538634,0.591563149130475,0.28900690904669146,0.19485772867724763,1.0,0.681861812752754,0.3078945167708208,0.6272494361767295,0.20019464818457142,0.26285987090414087,0.4346593792869143,0.40588359903520604,0.18119945418769065,0.39738927825628967,0.08058350522110372,0.3841657260327421,0.17320938416315002,0.08106656006926816,0.3153732401560474,0.31337888804543357,0.3840476654412991,0.2944726908622872,0.39024919635688343,0.26584335454611246,0.17077081208669329,0.0788871575915114,0.2202675637080506,0.15292754355532195,0.18964522331504896,0.23585571438783792,-0.00858940135437448,0.07069191517792059,0.02098597739624503,0.03182501317258012,0.10579390115647523,0.06962752964477668,0.04628761815791349,0.02122272539320494,0.12971327423244827,0.08403311001553819,0.10462889258778452,0.1194289480368283,0.08760657302657225,0.05248547162866322,0.1089111194077152,0.09893017558097529,-0.06766705365944241,-0.025150243291119055,0.00015816355923671592,-0.13157391415745828,-0.0909708735854718,-0.09213913725367232,-0.09645411513740734,-0.03984716715753744,0.021914002007320705,0.014280824527089208,0.04962361448668131,-0.21300801932668117,-0.12119999753756523,-0.12744916254843544,-0.007931706934995298,-0.0357291268915387,-0.11709723571328261,-0.12899183813925647,-0.11879996632964665,0.09607018611654916,-0.05021981756389742,-0.029006221001458193,-0.020357490475649106,-0.0023063932540739384,-0.055421636507125296,-0.02456995556583702,-0.04967460018967482,0.12922600893384,0.03201142893852935,0.03203557648888733,0.05321293747149766,0.01731668854251695
7Networks_RH_SomMot_16,0.6226440694763861,0.6209717683329892,0.4461346901638767,0.48166590117200253,0.739814732155081,0.6321901386215577,0.7380298371697355,0.6683643922237208,0.4792548842992287,0.7362251543576971,0.46981451462530444,0.5207799321744112,0.47519378900092035,0.4212404335652881,0.28546985795694885,0.4675288876983234,0.5274580365200452,0.5858578223546552,0.3970230460557389,0.11114300554098461,0.31262489636204793,0.3149758720440819,0.41954717018439985,0.4339347468306615,0.3966330020943548,0.4495621857765486,0.25063627720744747,0.43284389454092953,0.29655095700025774,0.23586010671187552,0.3424120480441557,0.3525682248936137,0.5558235795918768,0.700220615558072,0.4818229146334367,0.48441291122435415,0.681861812752754,1.0,0.5688325571116373,0.7912347587708455,0.5172877806193693,0.33946422539276594,0.6573659562671453,0.48923347978897685,0.4249450649592773,0.5139684812544838,0.21341754710388655,0.5725612287484639,0.4644290154292057,0.4041695404203459,0.4534144184645336,0.4654505074443112,0.4712228770280846,0.4883875143583012,0.5392146636265975,0.5254701786856325,0.46353807099828986,0.18478564002316955,0.37320099616035146,0.35752458772218887,0.4018042875701179,0.3905991050083623,0.02992359621169649,0.09707710971450097,0.0806946238497898,0.030115760338177644,0.07636395747787071,0.07037465489058217,0.11542285644778744,0.09282638415339244,0.0512139903707109,0.058542362684218294,0.05986378336844368,0.10164245074631323,0.09928236220944621,0.07619984856980487,0.09297499343237911,0.08917740852684129,-0.03076780323329791,-0.031667137166517985,0.0012853752345090021,-0.05778108983698077,-0.06062567133517008,-0.05540887118935718,-0.06102482301371207,-0.03138749360163373,0.0790658482794619,0.039489268174212576,0.11082437302735457,-0.16797059985716511,-0.15449243657593298,-0.10565464787427449,0.06689827009849736,0.01045650590998411,-0.07962860540692734,-0.0887388989325922,-0.06606771783842678,0.11647357580120267,-0.02716588981349586,-0.025146638965238867,0.014507522783690293,0.021702102544420333,-0.019270308104717755,0.03649485223997934,0.015104733877051227,0.1250893956201367,0.067956973041288,0.03535732514662286,0.0764054243546573,0.062262500304204584
7Networks_RH_SomMot_17,0.5697999310587539,0.4445882161003899,0.3566952852562122,0.5931027826423758,0.3208532273500866,0.2923850632685324,0.30633065135816717,0.5789029333639081,0.09284788928915368,0.3420069688447843,0.5576101680448996,0.48492179669138874,0.3289897326741211,0.5009864184736886,0.11124677367721517,0.5812161903000808,0.5435572897019485,0.4913279656465109,0.23140337408594652,0.21564420971489226,0.25665435199614894,0.4188161074268897,0.5204545819835003,0.39202652320036446,0.45072340410182277,0.47067140075997377,0.2343733238970251,0.4373822270575495,0.3565202277264927,0.23138631923381678,0.2147867051254058,0.3129182845477163,0.3239019003901543,0.3555352229091263,0.5683872741424651,0.6772980891639528,0.3078945167708208,0.5688325571116373,1.0,0.3759512303047432,0.8121276399587314,0.4061262705569708,0.6679886213495011,0.4067871705699294,0.6763051355710816,0.5366048444321544,0.2224283588263998,0.32839817462819954,0.6125128345413539,0.5355320890536626,0.3818127182965139,0.5112201779512927,0.3518331913168319,0.5100219049854611,0.3837912940723016,0.564218329482849,0.6546568421254377,0.2080069060569431,0.5442395120588871,0.3308419020010727,0.35953471413422405,0.43708952003233037,-0.0028285058725864474,0.0134852635725404,-0.015756597380478646,0.051580592593950224,0.023913844904483422,0.013543067833425553,0.07380766037716456,0.003832329644786862,-0.016378308205687083,-0.02324924517316882,-0.0351924065337069,-0.03106511886086281,-0.011885950262479943,-0.02888811334916192,-0.050379908684319005,-0.026504789398933762,-0.09486804135065487,-0.11115579608030687,-0.08389484377502263,-0.05989334818104655,-0.08268407170213432,-0.10143738310785375,-0.09600048646217958,-0.08348084913471376,0.04901230868093835,-0.0008052233121216201,0.05711116567935039,-0.11126522218734024,-0.1253494243828931,-0.08711347508367108,0.05813404805288185,0.04750503089265568,-0.008152521243336262,-0.0705671585815874,0.05004030748148955,0.027838001536235626,-0.1077393332816133,-0.06112908834133892,0.03523176275457928,0.023137880424723218,-0.02470202504134663,-0.07121803665930501,-0.08465400950052797,0.09560469440251641,-0.02112162887210529,-0.05410903341858557,0.00683165926388242,-0.07050671416568476
7Networks_RH_SomMot_18,0.5753519524433285,0.5735145848515022,0.4625287035597413,0.3529609708438323,0.7830627638121768,0.6635765132271079,0.8113798921709166,0.6064367261579771,0.5770079904176759,0.8404892005751802,0.48412595413107434,0.49482002621974475,0.5177517178353542,0.2755650831561168,0.30306023836651463,0.4212809022064618,0.4537380619789086,0.5267292681172466,0.4025627893508101,-0.028451219553067147,0.3113553567164473,0.17339862204258635,0.3232062107921109,0.400050845849616,0.35799448890668195,0.3673190030775053,0.305471746859174,0.36148089215254925,0.31737966784299637,0.18666400421459525,0.2923001544627103,0.37779644086963604,0.5425106429617098,0.6719272764793218,0.40862217734087336,0.26512864745007303,0.6272494361767295,0.7912347587708455,0.3759512303047432,1.0,0.31720912569037724,0.375690464771636,0.6045183680476786,0.5660406931507077,0.26214260392297073,0.5107587285511263,0.26048295320575354,0.6329496033377634,0.29566155853549325,0.22855095687154658,0.424494977201144,0.4561205166526948,0.4405723453427177,0.4551040729545857,0.5651158563328446,0.4533624578206503,0.2974612892413595,0.22560140431335154,0.2971262649001368,0.3392408591356961,0.39306428740994315,0.31961158659712974,0.03303244731358261,0.0868827379206159,0.08118485467689927,-0.040189964940340474,-0.007942606959448532,0.005771097565588041,0.0718419349192242,0.05569116611991941,0.0500347677751447,0.037704870762185684,0.06841687241389854,0.06079393430922993,0.05813805915553832,0.05163024011307472,0.07284470216017089,0.07280936407534776,-0.03387313426537958,-0.024348736015977694,0.028613332844183183,-0.00653140794571215,-0.0016577148316830365,0.022865715567415137,0.02118678212144437,0.043835920293457495,0.009368988183890255,-0.006742072669068912,0.045681750986943534,-0.08185221108886738,-0.09589412396404041,-0.04329086802220296,0.03891039216328319,-0.04157153197465127,-0.1925212318962814,-0.1854070436858246,-0.1711883409664693,0.19279346484385448,0.01606095692147505,0.05567650573600857,-0.04695880871074634,-0.02085912800740149,0.013424675026083901,0.05985416100788717,0.05213170604591551,0.07101258188543376,0.06899674265425322,0.05257672701369863,0.07367597763015318,0.07080396059506144
7Networks_RH_SomMot_19,0.4598420917898562,0.33504954137200943,0.2700311407427698,0.5006352111016005,0.2563874350291769,0.25733886319061455,0.25709195561085,0.5424633138542045,0.02421041188844201,0.2542160712744656,0.4298619159778613,0.3885468533387611,0.29255220953172767,0.6445122015975925,0.13519818323344088,0.5020701912966934,0.4705462956693926,0.3928999048815156,0.302446678987663,0.3701024133771629,0.3613845467580367,0.5342682115285097,0.548961713548874,0.31755098009969923,0.4969285547508872,0.5220921008906685,0.22526902628611062,0.49085676110762233,0.3623459757151155,0.3476858077995488,0.10654273071710854,0.22229072994390411,0.2445866100141061,0.2929578331188321,0.5098493393427542,0.6702410202671423,0.20019464818457142,0.5172877806193693,0.8121276399587314,0.31720912569037724,1.0,0.35721249078281947,0.6352804260956729,0.3100696873182867,0.726143008368758,0.38491735316564746,0.2797990506242638,0.3258168994337517,0.7175285307924588,0.661107066049948,0.39095948158825894,0.430263661866028,0.25031344203498773,0.4776242346619041,0.33229163493318187,0.610698006228333,0.7210252871985835,0.18194961751642158,0.4901197099006076,0.38122680116962626,0.40379058842380045,0.439721616809144,-0.05531689368063291,-0.03884826124990741,-0.0340482035040046,0.004472598757494516,-0.021884653617926006,-0.030246383409327764,0.026525518617554242,-0.016750037781859857,-0.06974515434906395,-0.07551306244151564,-0.09841107350646937,-0.0033179961803979506,0.0007669581187771938,0.004613985580789719,-0.06768667716308922,-0.0451431807338608,-0.05168412048579926,-0.1321314515489445,-0.09283923931354185,-0.016289258980134787,-0.07677353024700441,-0.05410026599525272,-0.08164223919731142,-0.09366028452511879,0.09064467390983327,0.05934244907058022,0.08150451303614117,-0.09689512601083211,-0.0654528096828749,-0.05600925178474546,0.05199044989939644,0.06287586585112931,-0.017908831476607427,-0.06126372823001489,0.023389851170244728,0.06357935477545061,-0.05489249564469342,-0.016265520361693656,0.012524892274399105,0.025282671125704093,-0.08054058440750289,-0.093227390983546,-0.12540354845309404,0.07577226971986893,-0.0064970724482740555,-0.03593993606271028,-0.020371410541974576,-0.08000308233452609
7Networks_RH_SomMot_20,0.31702976539151706,0.23053770323048076,0.2935653326906381,0.2072165761177098,0.2764155686873767,0.1927275899060596,0.35932235929642325,0.33611332530673016,0.24703286686010462,0.39979980864121706,0.6002201883892356,0.5089695191022183,0.3544040904694828,0.24687119746498687,0.17290990916441557,0.46917558569730483,0.39543806087928823,0.4004234953399466,0.35318885767627756,0.04882871906367724,0.3789455328148846,0.22317010980082858,0.335110818909429,0.2929560228753865,0.37402173923769383,0.3257016149177487,0.3258198880278347,0.3245888095063539,0.2754448038339741,0.21931575211028737,0.10918299050292829,0.3473488613971232,0.2894129353471393,0.3163112006486267,0.38174898612064984,0.2593992004700484,0.26285987090414087,0.33946422539276594,0.4061262705569708,0.375690464771636,0.35721249078281947,1.0,0.5096315236395941,0.4986512173198308,0.3161545207164155,0.4819200757834669,0.26601471996123205,0.41920562946180895,0.3186812338086789,0.2722362000835257,0.27173296223250876,0.3961196480596913,0.2603755504892144,0.3241128167698811,0.3505429427632086,0.403595054104348,0.26224276470557084,0.21810381589529493,0.29862264476149974,0.2634025067627606,0.330638375225556,0.1485252114017583,-0.04729113969371222,-0.09332971048427094,-0.10671228094454294,-0.05151662678410116,-0.10620337266503153,-0.10297084658929519,-0.06549738161849619,-0.15421001415305427,0.048898323756516676,-0.06088239365531078,-0.02398868050100813,-0.01337573209864729,-0.04995386828973043,-0.04641057413270327,-0.012058602779862326,-0.061733665429695855,0.0011447992561889248,0.03178126340922129,0.017247385334813417,0.04301110437525936,0.08121704414898234,0.04215405485693846,0.09096578079185534,0.0471632974571976,0.01271214146450438,0.00033159353739503817,0.0854239368529769,-0.05825594266874704,-0.0857177961145803,-0.02308008109336273,-0.05061287680963604,-0.0530298556331861,-0.03688901076363085,-0.11994437711341843,-0.03495624601963563,0.1369700654784766,-0.006373603300943704,0.059921372779081716,-0.038978304626933115,-0.017436395836939154,0.06247002796571727,-0.036642088188015676,-0.03165693511136315,0.08522214161323059,-0.01282725424415373,-0.0005844014829358889,-0.017554529039277025,-0.049752410677567076
7Networks_RH_SomMot_21,0.6049524679130116,0.5015469452839915,0.5131529188034948,0.44872382616269063,0.4900103734599035,0.44466344661816093,0.513054858502611,0.5421305040793868,0.3759503518752435,0.6008693920844346,0.630362320575603,0.6389876685920045,0.6523588397373064,0.5325131139800814,0.24473453810275378,0.49788447298610244,0.5872421298147674,0.597361840284013,0.5393479391191255,0.16071662104907747,0.5239686817878724,0.38336014774965027,0.5316093075165021,0.463507834196767,0.5588642834849765,0.5813604910293684,0.34726477941895345,0.4903470915070358,0.43819195282482304,0.30642858346052726,0.28088724484906447,0.44698992769284607,0.4663272418983003,0.5526263238702995,0.5769842003003531,0.4879689309575736,0.4346593792869143,0.6573659562671453,0.6679886213495011,0.6045183680476786,0.6352804260956729,0.5096315236395941,1.0,0.7115368390273606,0.6136013305758882,0.6284918860204528,0.5228000908132313,0.6805883186458608,0.5989469770620978,0.47721637324984895,0.4976849236490818,0.6462904983790307,0.46730664063396643,0.6182109765870928,0.5803365372591887,0.67703930980428,0.5511981488627221,0.28614621977770893,0.47100958108110247,0.5356266265911581,0.5355070958433049,0.4512447472614951,0.06083064665812131,0.06258314030722743,0.054671173827601165,-0.026131351414449455,-0.031753212450339796,-0.01271926041360574,0.08659891786254771,0.01200002680226191,-0.08398273238196095,-0.07539764673324524,-0.022783221141164996,-0.09525654821080777,-0.08381940827160103,-0.0724343094350348,-0.05676917813781825,-0.06354678391153487,-0.07138467194937978,-0.08583524879504337,-0.02157144434725329,0.03402315990831517,-0.019696722254453847,0.0025568247306881277,-0.018936859508469586,-0.007274116064662987,0.041062235578151175,-0.006497000622625408,0.05857952812281927,-0.06889948532484035,-0.09809782378512541,-0.05572565163255024,0.0757423188238257,0.04670094265216804,-0.07058357598755609,-0.10193221587875641,0.007357404248166652,0.07551371363396824,-0.058493010207157484,0.013274208727524937,0.023239859621322488,0.0776553564225918,0.019434318608959954,0.01132049826891389,-0.04370638385618958,0.047605339549666705,0.03027272727477003,-0.03157101816284697,-0.010858971715857845,-0.0679053894833715
7Networks_RH_SomMot_22,0.4463676576401046,0.40232172320354714,0.48505154069215844,0.23990928117094967,0.4554621364474337,0.32363439228843977,0.4804896451408909,0.34318746472132206,0.3979607139626131,0.6106566237050421,0.6392520461721635,0.7443578631574427,0.6295625981894509,0.24395350647224393,0.21663188425701455,0.4549071887430893,0.5591069509391192,0.580642114236206,0.5298782877964565,-0.017494043287331906,0.4975182778464036,0.19770778799963076,0.4331325147909702,0.512686529905065,0.44839276057044236,0.49401408939918107,0.32509980365476226,0.45570550235227986,0.3490892975209602,0.29429808929655626,0.3364857942528098,0.47342438782121676,0.4021295017381138,0.493730905375178,0.4951033288901451,0.1642516230202082,0.40588359903520604,0.48923347978897685,0.4067871705699294,0.5660406931507077,0.3100696873182867,0.4986512173198308,0.7115368390273606,1.0,0.3582308533770082,0.6879972453016462,0.45835140999430457,0.7213117438518473,0.3665495324412472,0.23017408146672047,0.3885530567585533,0.6447501568658066,0.4680854393482942,0.535517434022382,0.6569309403951321,0.5817319805897577,0.3041692397652419,0.2683486557448316,0.32662051394170755,0.46300593251914013,0.5203951177942961,0.3256034709091109,0.0605195745172343,0.09197306147350931,0.0772362118377421,-0.037296748001828806,-0.05363277364968492,-0.04703533776786428,0.0538269313940593,-0.024191854027267146,-0.056776155204406376,-0.0696480963863187,-0.004388172764977614,-0.07964069099649757,-0.10196106236423942,-0.0877671324719894,-0.056364268607666905,-0.09259622777385546,-0.05554816564318529,-0.04500757988471191,0.015003188011204175,0.04278012328239954,0.006717907235043203,0.012620587930490668,0.019485057859915226,0.006958650550565844,0.018373118554321232,0.031344867366554036,0.07276669319300193,-0.05318491920068952,-0.023344487956959342,0.0029186442881063966,0.014544251080030933,0.04537904157126983,-0.09393499496041786,-0.13985586997264568,-0.056071538050389905,0.12737827238898192,-0.05924836779734827,-0.01150651804806371,0.058401401735445516,0.0400270049778339,0.11083278928610239,0.005453476375166332,-0.031182136964445335,0.11571046113595418,0.06517435503178445,0.011061941294015618,0.003982577699101576,-0.06186270816567344
7Networks_RH_SomMot_23,0.38253708618262694,0.287409749524219,0.2569422753686011,0.38431708156578626,0.2136960040738904,0.19068474347855985,0.20970759753355295,0.40679834448148255,-0.018391800838489,0.23334092429884085,0.38252666691661813,0.42606539872878074,0.3382492067781943,0.5888581110095733,0.12438903008475363,0.4020203640475477,0.4518576188107558,0.2860876127597539,0.34491283798142125,0.18217473832636086,0.38842986758986586,0.4167993928578711,0.4451623227211174,0.2967917344795629,0.4575659756318839,0.49766129937339965,0.12861939281830206,0.482537578729916,0.28997180333504263,0.4004243462718964,0.08606285770339889,0.19349377315906044,0.14636979080489315,0.24825114788925623,0.38460545848393346,0.52668546545101,0.18119945418769065,0.4249450649592773,0.6763051355710816,0.26214260392297073,0.726143008368758,0.3161545207164155,0.6136013305758882,0.3582308533770082,1.0,0.3321044092881487,0.35982940452871665,0.38304390306509034,0.7555862794843535,0.4933874252596152,0.41558951524005616,0.44184143851121815,0.20350315219258147,0.44760430605668267,0.3560482191440136,0.6104065340271387,0.6355743458432676,0.09765234438911696,0.3886941902564733,0.493256364468346,0.4916313337557647,0.5246609959110567,-0.04754783722954285,0.02331784653043649,-0.008344443580779327,0.017247349911930332,0.04048869598212613,0.01317658846813388,0.025879508836035053,0.034902356394192584,-0.07268323568489533,-0.08141576421218266,-0.0959322592808497,0.00017214358068335124,0.015616080194757088,0.0019005877529347304,-0.04092667314344992,-0.05417908438315836,-0.058855258353012016,-0.06525352115597455,-0.037436033312629055,-0.04670872105478497,-0.07238207183613594,-0.038804631545016004,-0.07660506072588523,-0.019508490398067155,0.029935196814270926,0.08700631376569604,0.08841495103407121,-0.03377440291390906,0.027549854550720967,0.06589216100391374,0.10109094203928527,0.14506362473814377,-0.016290673237217484,-0.03915333731191557,0.04810524156117371,0.09401476381173057,-0.005970462484400739,0.03366145471266422,0.023937090044933444,0.022399242270166153,-0.005236437859259347,-0.061593852656526685,-0.09938223363934588,0.11286868705604527,0.005247144755924965,-0.02222559775662869,-0.031507233237988756,-0.07628421061058456
7Networks_RH_SomMot_24,0.4789499229439922,0.4770239730195543,0.5194799684025946,0.2951633959808772,0.42474781246213333,0.1856753381261373,0.4316094449830054,0.3442877375714082,0.3148966854805644,0.5313192883099473,0.7253857617310494,0.7021841364334668,0.47022918022592397,0.22532517717847458,0.2545264083926177,0.5936344454477973,0.6674091961581163,0.6925023257874323,0.4586041672710832,0.061266370117125664,0.407499642621098,0.27928073760389094,0.532596719169539,0.6906733865281257,0.46259201371828307,0.531355935540881,0.31695975773471846,0.505474297345448,0.4055991951043665,0.259937361161843,0.41485814663810733,0.52933486872149,0.41259239929387165,0.47324246694088723,0.5859966033289576,0.26732286337327743,0.39738927825628967,0.5139684812544838,0.5366048444321544,0.5107587285511263,0.38491735316564746,0.4819200757834669,0.6284918860204528,0.6879972453016462,0.3321044092881487,1.0,0.2794139422419474,0.5919893052427184,0.39676062783656957,0.3469363353112782,0.4895153602442294,0.7420194375690528,0.5378004915707214,0.6061032319475593,0.7091386641573713,0.6026978286874344,0.42245317129192356,0.2345574297849385,0.45345928108222033,0.4081576289608312,0.48913643274060675,0.4119055765609427,0.08573383046880485,0.08967038678368562,0.09047710821305267,0.045993061928809094,-0.03650764822017537,-0.016992098206968294,0.12791477781351532,0.017416162205688885,-0.06401273828248018,-0.10649936578500076,-0.07244277610415555,-0.08944883892235207,-0.08033503445590257,-0.0680443580308616,-0.07812885157549522,-0.09936092565798382,-0.1335652720498349,-0.11855904938520248,-0.10518401635834497,-0.08213320397815806,-0.08005055683855371,-0.10336724548013089,-0.07617480733425015,-0.07939524504054848,0.05933312890606041,-0.022331924104310206,0.02806487650426453,-0.050357087398513,-0.11557502985756465,-0.10304640283298361,0.017614316676418277,-0.006933964816934848,-0.06598998556788854,-0.10684489328079085,0.024521515337668956,0.08945807258647255,-0.07908001677077746,-0.0014743811035504233,0.05135389723326699,0.0605513140843918,0.05523923122576256,-0.02856185971113013,-0.030310896814249342,0.13220083153559628,0.019867862208493396,-0.01797656828909737,-0.01261963685295941,-0.07127392037525948
7Networks_RH_SomMot_25,0.216694320902199,0.16060565925725878,0.268376819660612,0.2397218286386034,0.16005423274044395,0.26061182503427627,0.23451398430829426,0.24769239763384146,0.2872504279187589,0.3105908808908095,0.31967866406127043,0.29897910451310145,0.5452973773226502,0.4714810602072778,0.28330444744833977,0.24633980603438307,0.26694484667177376,0.24927774839142372,0.46082142285232297,0.2090162701815255,0.4872953340197278,0.2399196160242735,0.2734247741860637,0.17466750805498735,0.40615524970766126,0.33994951860494804,0.2708281954304425,0.25488870801992647,0.3512696132522939,0.19088798167142204,0.11396585694032214,0.24418312680164792,0.24483450973981224,0.24081784846953155,0.2277158971839436,0.1857035038536138,0.08058350522110372,0.21341754710388655,0.2224283588263998,0.26048295320575354,0.2797990506242638,0.26601471996123205,0.5228000908132313,0.45835140999430457,0.35982940452871665,0.2794139422419474,1.0,0.5157131920415672,0.3701128141629028,0.34447490777712003,0.38669509625375525,0.3638131518871924,0.258566238582904,0.3566164716512848,0.28192215080092203,0.41584573386227497,0.3070032052470327,0.23685236978368185,0.2733104525481433,0.4088639612383354,0.3527147946653333,0.22085951211324745,-0.00811633916279653,0.06035436667614246,0.05331273418627657,-0.03637764449642621,-0.05617858528797826,-0.030194057407073413,-0.006543187387060578,0.0030696532855271,-0.15128499434486842,-0.14996225100867747,-0.09458302523183727,-0.20487609766446133,-0.20629243904411518,-0.16379134558566696,-0.1361857941181053,-0.14186937642416883,0.004786886114538956,-0.027125590201505304,0.052205874222801346,0.039291852069088196,-0.008439770802526588,0.04880180673867485,-0.021168440341832368,0.03341825269062092,0.03674698770439574,0.06839866083543165,0.13263809265276894,-0.04151106529109798,-0.02747827707245828,-0.03664389506995686,0.06517294828672957,0.04982528753965101,-0.03935390341498242,-0.07676810582724325,-0.005786124380048958,0.12138850388922051,-0.012583933922398647,0.0806776559608498,0.013442420397889688,0.01637821711892393,0.08891155467723082,0.022949710010296893,-0.026644076177877347,0.009462451491143482,-0.024197525870874283,-0.05005345829354426,-0.07603269889320764,-0.09176230641921373
7Networks_RH_SomMot_26,0.44023867626440527,0.44826696798147664,0.4928539175511715,0.2013563235077887,0.5358186585561049,0.3567749376061423,0.5975168238804425,0.3473039675380619,0.4342688184641082,0.6544724666554227,0.53712239957456,0.6326131434043949,0.6022648462838578,0.37185777280191856,0.32974255099236177,0.40970700414999106,0.5811529509110914,0.5434093240453226,0.7501158456068403,0.09314735852238837,0.6547253773875757,0.2949771780640548,0.49061354967215187,0.5297551287965252,0.6136802896592591,0.6535987441121544,0.31344130704342715,0.598458964627545,0.40620129608768607,0.48466561377300665,0.3127810207800931,0.48947246729568555,0.45047110676906316,0.5457823971183513,0.47371404430325664,0.10963714305557637,0.3841657260327421,0.5725612287484639,0.32839817462819954,0.6329496033377634,0.3258168994337517,0.41920562946180895,0.6805883186458608,0.7213117438518473,0.38304390306509034,0.5919893052427184,0.5157131920415672,1.0,0.49122958796070737,0.3550713189581564,0.6265720267880825,0.6874391927641308,0.4694844230094674,0.6730283685024272,0.7746145621817209,0.7022407178028163,0.3725645321764857,0.2108934144067366,0.3319441447793449,0.6903466380539549,0.7185294721653087,0.5120698051988725,0.06980281072902178,0.11022784893355805,0.11507067511545224,-0.04106666043479495,-0.03056488264433554,0.001368339863702024,0.08100293006866582,0.054808725849994785,-0.1043420452532487,-0.1313955606399155,-0.07100462204149105,-0.06584547615304517,-0.0922648754882987,-0.08732420122566825,-0.06052520952964013,-0.10800575483943438,-0.05508973643888756,-0.09597727098602812,-0.01115915906905358,0.02027761209738085,-0.02039295480438887,0.01843944237083957,0.014708307057756248,0.017560200555403412,0.05288318503574439,0.04776323541109347,0.1061156931770665,-0.050185988725937894,-0.06585255172241909,-0.03740209970338927,0.08324777404571833,0.06057731671838461,-0.09077046889981402,-0.1311947651157629,-0.0505986312904073,0.08236371069513103,-0.07658416345473561,-0.0041993539274852625,0.02438425424385315,0.03408057246018654,0.0334604457021196,0.0059877572682730685,-0.033842162153861544,0.10330211600349024,0.020160137284786307,-0.01867862519146432,-0.006805011859652599,-0.06784281956192842
7Networks_RH_SomMot_27,0.325210938016593,0.2299009515100563,0.3101851582306895,0.3961261975315863,0.19832798008882982,0.1495394196664541,0.21966704300600862,0.3727562652191291,0.05743405360842195,0.2543899668146137,0.3987617589866126,0.45687314887267133,0.3503118253397291,0.7110809741472123,0.30486092522237246,0.41465362334799666,0.5459700339607679,0.3928995208289993,0.5335190017318372,0.4443883137340545,0.584763082896803,0.6826985957893262,0.6375267470777602,0.4048353954164303,0.6338638065281698,0.6704251336431272,0.11559146177605699,0.7091939698091676,0.40262231153115857,0.5857092851954055,0.1632450493376345,0.26690135903978424,0.2479522272504001,0.25637123820087515,0.4820361256795559,0.4397965107497778,0.17320938416315002,0.4644290154292057,0.6125128345413539,0.29566155853549325,0.7175285307924588,0.3186812338086789,0.5989469770620978,0.3665495324412472,0.7555862794843535,0.39676062783656957,0.3701128141629028,0.49122958796070737,1.0,0.7730866633426672,0.5759092118521353,0.48986732059315324,0.318836445802613,0.5806965208839663,0.4672913564584865,0.7735475548757849,0.810542883901681,0.08699563712273865,0.5191777538315285,0.6343850493316285,0.6152773860207272,0.6284322227285566,-0.021158294771551414,0.03393960319454968,0.03876473353747618,0.05205110017312163,0.012625990883694612,0.012686949623065918,0.06651283898906313,0.05144737437630517,-0.10327468559744961,-0.09815466579954858,-0.103897196425201,-0.06050138146740222,-0.03038883242701597,-0.04214779534142672,-0.10103653102807497,-0.09208319338571248,-0.0835623881964835,-0.11891626075604339,-0.0690954048009939,-0.06114854320458117,-0.10207196545488142,-0.055677242135069686,-0.11139950127109159,-0.08511870652129316,0.12919504925057163,0.13508744830251926,0.12499761767335008,-0.07264703547522358,-0.013643773487475827,-0.02356703721350682,0.12552611635152192,0.13199344160337576,-0.025211001164223194,-0.07360050857647793,0.022240400750346757,0.050635992622422174,-0.0547252094163164,0.002795447918683227,0.028741817562100546,0.023180820028544036,-0.01815158139070046,-0.04669234891790577,-0.10768414798865217,0.1338646910230854,0.05984218853813077,0.027680256859403223,0.006290735035857343,-0.05347940326294895
7Networks_RH_SomMot_28,0.25458448752649393,0.13172539807032876,0.24351469121329483,0.4173389972645093,0.09899333480321724,0.14270778676326995,0.15581378038327387,0.4048195865440779,0.05939521573745471,0.18672835313409444,0.3640340764171088,0.30441203652032145,0.256965278793733,0.6969804150423539,0.338935029533434,0.41326468738168165,0.46024414056633994,0.3601742253918133,0.4492841187000977,0.69150420794136,0.5283163017007206,0.766443345045872,0.6610440597325735,0.3542353578227206,0.6090764211182244,0.5936331677823047,0.19983597523312238,0.6427812111758135,0.4630692937991736,0.5338362305589925,0.15603920224650933,0.21585506654955233,0.24522670119100964,0.17931884692662148,0.4234898465893463,0.4144709199107973,0.08106656006926816,0.4041695404203459,0.5355320890536626,0.22855095687154658,0.661107066049948,0.2722362000835257,0.47721637324984895,0.23017408146672047,0.4933874252596152,0.3469363353112782,0.34447490777712003,0.3550713189581564,0.7730866633426672,1.0,0.48361418779221005,0.4052748981553227,0.3344846845201285,0.5175466274542401,0.3558052348600743,0.6549048193271776,0.7927156282518104,0.17881452854675725,0.5824213312522102,0.4847600652860047,0.4905873630902678,0.5038221427692655,-0.04806634693769744,-0.01695488635138864,0.0067075376791060955,0.026334949117695856,-0.040461336747781095,-0.0545082594870441,0.025550506199010527,-0.04745778499047587,-0.0888604206085501,-0.08849386950959431,-0.09379869727188325,-0.034296247653493525,-0.04062073381158933,-0.045841818134219656,-0.08526063195158633,-0.10564023180988695,-0.040520287738174864,-0.11226429435253327,-0.07882990177903434,0.012519284895160831,-0.06052099491039054,-0.012574055876435168,-0.06265132397662831,-0.09148426409343662,0.17945213069704521,0.13477334670817362,0.1444208443322865,-0.10439271567173565,-0.057713283817800005,-0.10783021189940005,0.0961211038404755,0.04415068599295156,0.0018499477357261528,-0.05007262631479705,0.01608365051625739,0.003475115260412307,-0.07108407996910403,-0.04049873665992188,0.011628610851567293,-0.024006555246176745,0.004647671733346233,-0.03411890466058391,-0.09938444483040344,0.10167147770749106,0.035767578263123975,0.001736866326077862,-0.017531334078905024,-0.06589201222045053
7Networks_RH_SomMot_29,0.350437991425463,0.3566347011032633,0.4295476939208369,0.2802610008084949,0.345145394712005,0.17477116194556128,0.37636398430228696,0.29498213617189833,0.24988489028779312,0.4102994107022635,0.44532766636498244,0.5013502450356411,0.42123932382829476,0.3910973144545289,0.4137859173868057,0.4218050422719863,0.5763547970357443,0.4607280939160354,0.5580614031422146,0.24119115311819184,0.5299028291629181,0.40136426534672875,0.46582841639790684,0.5063667701476228,0.5753235356329023,0.6388676455386926,0.10097981909944065,0.5696189296718739,0.3135549054578028,0.40847087992483616,0.29070458306646174,0.35642822241812805,0.3515576608795468,0.34984292282923396,0.35214003146736705,0.2149806001087436,0.3153732401560474,0.4534144184645336,0.3818127182965139,0.424494977201144,0.39095948158825894,0.27173296223250876,0.4976849236490818,0.3885530567585533,0.41558951524005616,0.4895153602442294,0.38669509625375525,0.6265720267880825,0.5759092118521353,0.48361418779221005,1.0,0.5779793619091463,0.37971017503858856,0.5452942809190743,0.6011272419141118,0.6152192026552742,0.4484789852919986,0.004288937614290622,0.37635094736036917,0.5614088033768133,0.5443079726487677,0.54310105867774,0.06581623437086989,0.08769169704297583,0.10898223314316889,0.0752447336065625,-0.003253473508017986,0.005769156194114278,0.13770588815946308,0.03820682058739806,-0.06215810912814383,-0.1086991925543397,-0.11279448288081281,-0.08848727008407996,-0.05811426222300915,-0.057290080734439516,-0.0828037673816782,-0.09811547113115472,-0.1147112062839347,-0.1095007042849014,-0.020717667329204947,-0.1251530324969833,-0.13195908165487655,-0.08243559389784462,-0.07783367548588706,-0.021170643364217923,0.05906418136017984,0.06556380393716466,0.10590662104045359,-0.17886342454358875,-0.0867599847627559,-0.09969861919822162,0.0843462721339764,0.07319768190664802,-0.09476184302276265,-0.1305143322829722,-0.061633384992601,0.060355032248518084,-0.11544171074751342,0.0007504691209161858,-0.04018750107619788,-0.0293142870091238,-0.017368241190762624,-0.050423889702078,-0.07926573280606915,0.11551405135151048,-0.040491262403687264,-0.07820421009827468,-0.043438054852807516,-0.11983394062947246
7Networks_RH_SomMot_30,0.4644951576574209,0.4191819858839561,0.5586203415368816,0.21018929520058122,0.41110037282059875,0.15363048170628923,0.4256856583112242,0.2909187116840966,0.1969367395222254,0.5034288091376248,0.624040294504959,0.6368357856439669,0.4413208896718995,0.3134704896016254,0.24801015766828144,0.5754719407329832,0.6860380116937393,0.5490405212859826,0.5464015797613827,0.13492618684039415,0.5106340938163095,0.32206777264329006,0.5458315363521145,0.6195273816241688,0.6432489708835961,0.7042034057396735,0.23865778148987588,0.5949525561788672,0.4177085422443548,0.41382038660747034,0.3677895957919212,0.48746468393801007,0.32647702736544176,0.44199162690553795,0.5287630696205596,0.19154417840160967,0.31337888804543357,0.4654505074443112,0.5112201779512927,0.4561205166526948,0.430263661866028,0.3961196480596913,0.6462904983790307,0.6447501568658066,0.44184143851121815,0.7420194375690528,0.3638131518871924,0.6874391927641308,0.48986732059315324,0.4052748981553227,0.5779793619091463,1.0,0.41016126952692,0.7392946865077432,0.7324593865306476,0.6756736274261195,0.45769238665707856,0.1437039567021172,0.4488819142786754,0.6435859186547318,0.6080776555555312,0.5582305226444884,0.09699750709087454,0.11272891900514986,0.09648401913512233,0.04165551850797535,-0.05684288730565416,-0.02064582190684081,0.15886428762248975,0.04862006595216871,-0.1583397538903177,-0.16369161403085594,-0.14186086426804928,-0.1218769749192385,-0.09992201381590544,-0.0776115050289352,-0.11966359560594517,-0.13754366741403387,-0.1299046803552598,-0.1380372600325077,-0.09445362436601495,-0.05902094184357233,-0.13276185639715277,-0.10299766453968032,-0.08274943810102542,-0.09753480906958145,0.10393283184076893,-0.004681615226243719,0.06999093667833524,-0.06609705375522475,-0.11275421998534728,-0.08912920264449248,0.10403315171614254,0.09131209523844676,-0.10182086380952318,-0.08042363337533291,-0.002294220557304586,-0.023116677584674537,-0.12503485223343425,-0.044868618122620496,0.011216736833874719,0.044898909128880476,-0.024596817230297836,-0.1077281505333177,-0.12810114703428802,0.048810012227440275,-0.06988098317100933,-0.14234166286550715,-0.09031476288204042,-0.18366799229496195
7Networks_RH_SomMot_31,0.40108372581188223,0.35870979167181444,0.4137002794851056,0.3513715022106267,0.3262905321199381,0.2939906053852059,0.35622216476153973,0.36294884702584757,0.35218725789692573,0.4344183121143797,0.4672121275213687,0.48847250076407406,0.4353755615932796,0.2270507897206842,0.2301171986312647,0.3631722776756772,0.5162001904223888,0.53101901204055,0.4243265978208268,0.14018687271834093,0.2552263830887864,0.29883898206433473,0.4510083703137293,0.4679815513203795,0.33550275140394825,0.40354249675149373,0.2500341857091833,0.39959251949025254,0.3664288035054587,0.26608867983537354,0.3200534193103653,0.41685003644207763,0.41489641380756626,0.4254801741115335,0.4385717694939207,0.2653387090916848,0.3840476654412991,0.4712228770280846,0.3518331913168319,0.4405723453427177,0.25031344203498773,0.2603755504892144,0.46730664063396643,0.4680854393482942,0.20350315219258147,0.5378004915707214,0.258566238582904,0.4694844230094674,0.318836445802613,0.3344846845201285,0.37971017503858856,0.41016126952692,1.0,0.3870750433035304,0.48970671000190424,0.44823380662662093,0.3711912526312538,0.32789954305193353,0.40218554868080136,0.28156553168850695,0.3594544519745997,0.39214624286379784,0.07166441415946775,0.12662523324105632,0.1203423145899554,0.01996751335301021,0.030038794889721863,0.03582400089083872,0.12479091379064262,0.0749376610837625,-0.09755478918012388,-0.12085610993124575,-0.05358501838106249,-0.0974991559814776,-0.11160149837860535,-0.09181663931851701,-0.029621362532557847,-0.05819272716507851,-0.03762832551264314,-0.061369147852131455,-0.00521507817711425,-0.08931673477539794,-0.07757683650050658,-0.08785135957614532,-0.06763686886060157,-0.03764401363040633,0.12157071750648234,0.09005499896640717,0.1287661335629973,-0.12627309833661585,-0.045437208457091996,-0.041446481675906414,0.07099718699396386,0.05947181942822006,-0.06380536616374864,-0.1595631090934348,-0.07562982331813689,0.019943973355882806,-0.1123367671521791,-0.06009846160516136,-0.006544758953422411,-0.0555036863936674,0.11648128987493683,0.05303671880210221,-1.4538446927527259e-06,0.1374548928674305,0.06642368155513799,0.007290844233496012,-0.024266872659754836,-0.044884434297192355
7Networks_RH_SomMot_32,0.4370349163713617,0.3908440840146124,0.4367253820170849,0.2660485334436208,0.38157297083070235,0.1925750638039186,0.4130332535644439,0.31606987610074505,0.23407361800269905,0.44807509672289564,0.5374717171026571,0.4992210278108005,0.3885601827739116,0.41214787261448965,0.3078837823451707,0.562625122354985,0.6065743367491223,0.4914352527102557,0.5763292303453857,0.2774263590683154,0.5588421321289614,0.4546798496814824,0.6306874256875403,0.5298753422488618,0.7468606098293799,0.7181239930122497,0.303158410467144,0.6627218866661689,0.5569877442226001,0.5077981895798102,0.2563752922827492,0.47066606685775725,0.3361954496805569,0.3944259221666754,0.5504369243754671,0.20937318730961862,0.2944726908622872,0.4883875143583012,0.5100219049854611,0.4551040729545857,0.4776242346619041,0.3241128167698811,0.6182109765870928,0.535517434022382,0.44760430605668267,0.6061032319475593,0.3566164716512848,0.6730283685024272,0.5806965208839663,0.5175466274542401,0.5452942809190743,0.7392946865077432,0.3870750433035304,1.0,0.6748052275013343,0.7431371266389697,0.5921134996315671,0.1747560178984641,0.5974432517872321,0.7139914665313242,0.6581561733671729,0.6879958327222895,0.03425218909163771,0.06938786612880975,0.05505126640875525,0.022401177478931535,-0.03483457122276694,0.023410794690117087,0.13838173148987498,0.07206844934344243,-0.09102960872284398,-0.13937290883385378,-0.14208374229464107,-0.08162889835821129,-0.07328028211728582,-0.061972078446647955,-0.11959049852957071,-0.13919271506661907,-0.04414797319810201,-0.1247742448336713,-0.04252284535847858,-0.029519124391742514,-0.1248822235592251,-0.0952707867808899,-0.04568578541860885,-0.0701274995491317,0.06788958253772454,0.028844065585402305,0.035737666131794736,-0.08630649511428486,-0.05892332350484466,-0.10009450397371646,0.09248908250534595,0.06342341934491974,-0.08038611708236086,-0.08614209451282347,-0.03322770144604759,0.008237169790103008,-0.08780467763539766,-0.03668147164184962,0.09158048683973943,0.09231161167895477,-0.04437231206489519,-0.07460256726644007,-0.12610928294428794,0.042805247624708866,-0.015406395820848226,-0.07328007008501504,-0.03363284202244905,-0.11693695736247318
7Networks_RH_SomMot_33,0.4299160273716056,0.4646444757126407,0.5098871759560876,0.18709618028855893,0.48643515840335627,0.20503304117875504,0.5057943654757223,0.30218725294125726,0.2496142366228202,0.5573589938987222,0.576400515821086,0.6547393771790427,0.44840986565823876,0.23878300137586772,0.2965174368243587,0.4583047974936235,0.6546498306084508,0.6015206167880622,0.6143098141680702,0.08102025084881251,0.5667616689426004,0.3163444158160377,0.5497705818007305,0.7170812912130612,0.5264822582853019,0.6781558364183102,0.22809086703886466,0.6943077024870035,0.3622053323511988,0.537355790733856,0.3787365546887767,0.5270520157792875,0.4001972647545835,0.5318824948790255,0.5066361159076791,0.09656587065865715,0.39024919635688343,0.5392146636265975,0.3837912940723016,0.5651158563328446,0.33229163493318187,0.3505429427632086,0.5803365372591887,0.6569309403951321,0.3560482191440136,0.7091386641573713,0.28192215080092203,0.7746145621817209,0.4672913564584865,0.3558052348600743,0.6011272419141118,0.7324593865306476,0.48970671000190424,0.6748052275013343,1.0,0.7041457297596122,0.41252807954628584,0.11481240103629385,0.34406600448559616,0.6067961162761006,0.7139654632821724,0.5912416877597743,0.043748069551835446,0.10567828806047828,0.10018782518360464,0.02150145011565007,-0.01062389992052048,0.026326469567865655,0.13215895800092003,0.0821038147285107,-0.0816670889201376,-0.1178352785523618,-0.06604009265602331,-0.04626753437933875,-0.06678139330639052,-0.06248928435543012,-0.05706720553803492,-0.08885786103294228,-0.07892235664332553,-0.10722165118022955,-0.04436543519989852,-0.06261261452565134,-0.08474638862093921,-0.07340694047789821,-0.030448102200186927,-0.039256836495067664,0.02888871246750256,-0.01903814739353844,0.008275606335390344,-0.028350787351942262,-0.056555262626763754,-0.03886363211612954,0.04808542254212783,0.015601122575438213,-0.0891494701329021,-0.08719479849358285,-0.03520359259216239,0.059806014375823335,-0.058545536060558914,-0.014860884656537671,0.03688615460179262,0.07924826477689297,0.041434585782316846,0.025633494266364524,-0.0015805812199441431,0.13243030303863357,0.04957537914589568,0.001047338869373229,0.019920101362840777,-0.029257831416552926
7Networks_RH_SomMot_34,0.4171812842466569,0.36095642455102867,0.4536904476191943,0.35708020281453756,0.3620220183274568,0.2229493550443093,0.3770778193149058,0.3651928444946911,0.19133418666042848,0.43546542310605235,0.5669078376053612,0.5711354388697472,0.47241635577404456,0.5830545836424552,0.32442913428556197,0.5303276475902183,0.6652337671037477,0.5535667039171035,0.6623661212427038,0.37026428968533703,0.6872683200506134,0.6067389385824173,0.674157422258821,0.5853981871881122,0.7120474755376774,0.7238795750952485,0.29010889760289893,0.7596843290013595,0.5796625498878428,0.5828460771667214,0.2877914522703187,0.4500606190362436,0.3428011237205834,0.3982221637719281,0.5936293869238506,0.3373691421980539,0.26584335454611246,0.5254701786856325,0.564218329482849,0.4533624578206503,0.610698006228333,0.403595054104348,0.67703930980428,0.5817319805897577,0.6104065340271387,0.6026978286874344,0.41584573386227497,0.7022407178028163,0.7735475548757849,0.6549048193271776,0.6152192026552742,0.6756736274261195,0.44823380662662093,0.7431371266389697,0.7041457297596122,1.0,0.755088521527545,0.23467062396644714,0.5410502133354144,0.6931656637655956,0.736370451285914,0.662399934152398,-0.026441155407456274,0.03962743175739368,0.039416028738473816,0.027111509865094266,-0.017329228848975507,0.020056460682704388,0.10726256033079663,0.04787562495332399,-0.1515394911583864,-0.17117033850594585,-0.14658584303491845,-0.08201710599008531,-0.08347770739592072,-0.08418038184860217,-0.12068212547564541,-0.14405280712169563,-0.06682114731792686,-0.12680863225699204,-0.06692656292689965,-0.06272981963931276,-0.06740691654001225,-0.030034232162953683,-0.050137163996700276,-0.041026271971447745,0.1349371153506681,0.0964041188653191,0.11111436773621719,-0.06454753928512592,-0.02605899381608014,-0.029382365256653296,0.12224262306876282,0.09761456464158001,-0.06534257121262996,-0.08313085142148378,-0.004627442129578731,0.03497952605625513,-0.05308586332092364,0.022176982732160604,0.04401557561232295,0.044553419384778754,0.01734459166298144,-0.03452660017513848,-0.10809449162742643,0.147087654124051,0.03811941388947045,-0.01915673602686332,-0.03474365561503321,-0.11916182193185396
7Networks_RH_SomMot_35,0.3786892199395695,0.261249964526171,0.34883246058423134,0.4517622319404754,0.20207181145755126,0.1828429471046813,0.2098230396685705,0.4010098622334279,0.019745469381810522,0.24318156513418873,0.41686016782144464,0.36436315694979876,0.2862113665055626,0.66854600299287,0.25741663688634575,0.475245084331589,0.525016711129324,0.42571265185871915,0.40945002953053494,0.5236031611537981,0.49984269704558,0.7263699835713328,0.6643071193805703,0.42916540166558526,0.593321281811077,0.5772676095767947,0.2193254438312789,0.651793242301562,0.5398040729017755,0.48125374107654467,0.18646902682046118,0.2746310239977246,0.2580293425899446,0.27982782117428245,0.5193337108331468,0.5128231591837925,0.17077081208669329,0.46353807099828986,0.6546568421254377,0.2974612892413595,0.7210252871985835,0.26224276470557084,0.5511981488627221,0.3041692397652419,0.6355743458432676,0.42245317129192356,0.3070032052470327,0.3725645321764857,0.810542883901681,0.7927156282518104,0.4484789852919986,0.45769238665707856,0.3711912526312538,0.5921134996315671,0.41252807954628584,0.755088521527545,1.0,0.23151712480782494,0.6188884429421292,0.49434293655029166,0.5032162242151005,0.5757081921021476,-0.022082345544538872,0.04601686193397085,0.039397107347932996,0.0803710811005614,0.021064074830846977,0.027798921177013748,0.11307361840663274,0.05868683121627745,-0.08517863480534656,-0.07846545910695342,-0.07273417769929451,-0.05409503940075767,-0.03825152812678784,-0.03462563192532972,-0.08260680428701431,-0.07341924811908422,-0.055730337975944594,-0.09913466438203239,-0.06067401226191822,-0.06632695751664872,-0.09572718597336742,-0.06596456116867232,-0.08228638467221046,-0.07700722817056263,0.13096230224631217,0.11252922752882545,0.10403963826179355,-0.06046671069729924,-0.018018186186150753,-0.04784673372475362,0.1236654731210084,0.08697746079184229,0.0029598540829719714,-0.05607968163240731,0.022692013608233898,0.025313887058491965,-0.04521527857153286,0.0017712482268576579,0.04680659298994812,0.02812761148604716,0.009899399625157835,-0.02345038230898006,-0.08776512918588524,0.11566122129328947,0.057322716468539335,-0.0018455436405145449,0.018685304361969034,-0.06334534744423749
7Networks_RH_SomMot_36,0.09720560303537518,0.031670653709184655,0.14321434530202953,0.2216182890666076,0.09070123076423395,0.1731969927651918,0.19416871006593903,0.21280436427122626,0.2671630406945482,0.23172347662791598,0.3023032107745402,0.14361942888962526,0.23930743118488082,0.15863658790458351,-0.007437427356411132,0.1902560287335126,0.1480284192665126,0.3139977159991337,0.15874639383511807,0.14172936912629458,0.18161893922638694,0.08194280637809422,0.23919864036360916,0.12300603543747873,0.19597472913210642,0.08646661394597305,0.6218510037118621,0.027722005632136008,0.3311561749508911,0.026666304047797795,0.03149228830056177,0.1752971380856983,0.17823852510794086,0.11027226288102658,0.3081007935247434,0.2986623863112815,0.0788871575915114,0.18478564002316955,0.2080069060569431,0.22560140431335154,0.18194961751642158,0.21810381589529493,0.28614621977770893,0.2683486557448316,0.09765234438911696,0.2345574297849385,0.23685236978368185,0.2108934144067366,0.08699563712273865,0.17881452854675725,0.004288937614290622,0.1437039567021172,0.32789954305193353,0.1747560178984641,0.11481240103629385,0.23467062396644714,0.23151712480782494,1.0,0.2785809213674781,0.08063052099992714,0.22966775462331998,-0.05211519450104901,-0.05263556268223561,-0.0439652397134585,-0.008260316514214874,-0.11442253346686987,-0.06570648398668665,-0.042319944241124334,-0.06263069154025085,-0.06622797921421075,-0.0841934345024242,-0.047565729653721744,0.02507391220864367,-0.015674391711781893,-0.030608079965614883,-0.013792624687011344,0.03834363972659727,0.017141659688926017,0.18002866719294905,0.12144695568612085,0.1627727744752452,0.16793679432230016,0.17796522467074838,0.20300507925716227,0.2215865767984711,0.210615235633721,0.08594499511095635,0.12473545455919952,0.130898047478533,0.008756132782826184,0.02542210050118741,0.012466945748404921,0.014741328553068676,-0.05930162599005439,0.06559801660936236,-0.057423993351330783,-0.009008797214615177,0.06012660191791583,-0.013109848012618937,0.027939226707413778,-0.0025341396346706814,0.012648421699586193,0.09014546557800182,0.05762306868243016,0.006247633707599384,0.032063759408720714,0.05042746827699001,0.04592233877166591,-0.028203492861287757,0.014946633341135017
7Networks_RH_SomMot_37,0.29162543580459704,0.20776735376643055,0.2328564280829516,0.3746423273795629,0.19649134199043256,0.18661000340658207,0.2519435595933715,0.3795908482771367,0.1845001601569508,0.27637762025016877,0.4574589425934277,0.35820736152197186,0.2841099363985594,0.42683742986397144,0.15107719477965623,0.535094354482023,0.38557438922404697,0.3625871792092745,0.3121042679213254,0.36206382162454637,0.29807911823013156,0.49248145952656197,0.5198017081768264,0.35978861181575983,0.5736028527679394,0.44119146275939736,0.27379125971325663,0.47610389758977284,0.511935108000862,0.36319104987433,0.12455169059275205,0.30202815482688683,0.24861246877335388,0.1712516367130347,0.5000673197006474,0.3212534367057348,0.2202675637080506,0.37320099616035146,0.5442395120588871,0.2971262649001368,0.4901197099006076,0.29862264476149974,0.47100958108110247,0.32662051394170755,0.3886941902564733,0.45345928108222033,0.2733104525481433,0.3319441447793449,0.5191777538315285,0.5824213312522102,0.37635094736036917,0.4488819142786754,0.40218554868080136,0.5974432517872321,0.34406600448559616,0.5410502133354144,0.6188884429421292,0.2785809213674781,1.0,0.44169422045264034,0.4237049771753595,0.5454593659358888,0.021223377143199783,-0.016376783523016872,-0.025482645623220865,0.051170153195966704,-0.06277095397765674,-0.07396079537412044,0.048066931066766926,-0.05713663441752018,-0.11135588553563054,-0.12987270517263536,-0.10970939104800918,-0.15003225787638316,-0.11590194645242202,-0.08830693884636048,-0.13248244751067695,-0.11846173960016394,-0.07835324843127957,-0.12999611884350912,-0.0398924512143412,-0.04519146558872651,-0.09623478558357983,-0.04027669363792573,-0.061592745764222724,-0.04894437216243584,0.13384566340311474,0.08201108270402706,0.11719829987706719,-0.09526115565057713,-0.04633757699947624,-0.11471282347920626,0.08931839599984935,0.040361769927986575,-0.02666884683672529,-0.10235187197796473,-0.009147325232967126,-0.05362855335458892,-0.17243236136533438,-0.09489054833971845,0.020003513289598613,0.011758337162115084,0.03498340296342968,-0.030437310046089433,-0.050201220951816936,0.1399325566300421,0.048172825157111424,0.0011759907545025117,0.06371979360040277,-0.037751906871388616
7Networks_RH_SomMot_38,0.2687435335505442,0.23765637200887132,0.3634928586766081,0.1445906292176587,0.2577837108597168,0.11351866859761493,0.31709736230697305,0.2052795935447741,0.12670310188664902,0.34911158191232594,0.38360794140526405,0.4303320546842029,0.38443556676511415,0.46696789929222715,0.28352777552950104,0.3304533179066718,0.5099912672982027,0.3227739779597318,0.6773405928684763,0.29189473175796354,0.6468359489842198,0.45251385815173634,0.5434022679925948,0.3923598151206736,0.7159144941109498,0.7640118617984469,0.1470082321970247,0.6677952268476157,0.41735504108310895,0.6332128518554202,0.17890031216014096,0.3371931973340465,0.2226154858444995,0.2701577613861654,0.401936409764919,0.10924532414465468,0.15292754355532195,0.35752458772218887,0.3308419020010727,0.3392408591356961,0.38122680116962626,0.2634025067627606,0.5356266265911581,0.46300593251914013,0.493256364468346,0.4081576289608312,0.4088639612383354,0.6903466380539549,0.6343850493316285,0.4847600652860047,0.5614088033768133,0.6435859186547318,0.28156553168850695,0.7139914665313242,0.6067961162761006,0.6931656637655956,0.49434293655029166,0.08063052099992714,0.44169422045264034,1.0,0.7642099718819152,0.6692067589895427,0.02764204500796442,0.030580811731099833,0.05908714642585224,-0.01023299040850393,-0.0970099470037609,-0.06283249603301015,0.07627142336350032,0.06087872161316003,-0.1468623214566314,-0.1800045632226462,-0.15735488250591337,-0.13335922014228366,-0.10822960147627893,-0.09163763586075767,-0.1280126580455924,-0.1498474910839759,-0.04842650050043459,-0.08826142935570469,-0.012345009880739194,0.010863383913936773,-0.05195896281387016,0.03834159396270905,-0.013539706641291697,0.018023110870799195,0.11002680487894557,0.04570574242744972,0.06818826058520229,-0.05730270273458861,-0.04888742593276051,-0.06703451503580217,0.16733078422153022,0.1140614205834267,-0.1212523324302958,-0.10194060763039263,-0.05940339107986513,-0.03124601035159833,-0.11726524957123931,-0.06199547799784715,-0.045615393790130965,0.018292865244323758,-0.0867368884113732,-0.09878458369472223,-0.169802291084168,0.04915396323553649,-0.024231934444721423,-0.07105199841331088,-0.07691997110824726,-0.15148856503778865
7Networks_RH_SomMot_39,0.2885715465426439,0.2839090864371181,0.32837520793161784,0.17296213057256493,0.2699974906699137,0.09110277817109537,0.3265978113523145,0.2111969430933724,0.16599806604204642,0.38242171018380416,0.4872271084450152,0.4802764672890655,0.38507110113047066,0.4327135497259114,0.2879611896708173,0.36982087774900657,0.5184987663609031,0.4620386377462746,0.6860935406014189,0.24872566811496907,0.6641112574900091,0.45515581928434634,0.6079104160903315,0.49694590680987527,0.6308612237334826,0.7154298292610478,0.30770286119224455,0.722793977638856,0.46082084143396795,0.7243809261993045,0.20355110236806145,0.37305193624911254,0.26317573344231093,0.3195430605854104,0.4512361800135784,0.1320794217859088,0.18964522331504896,0.4018042875701179,0.35953471413422405,0.39306428740994315,0.40379058842380045,0.330638375225556,0.5355070958433049,0.5203951177942961,0.4916313337557647,0.48913643274060675,0.3527147946653333,0.7185294721653087,0.6152773860207272,0.4905873630902678,0.5443079726487677,0.6080776555555312,0.3594544519745997,0.6581561733671729,0.7139654632821724,0.736370451285914,0.5032162242151005,0.22966775462331998,0.4237049771753595,0.7642099718819152,1.0,0.6690196301839619,-0.007142484375182626,0.0012055619667464624,0.028255706009340773,-0.048365314016110404,-0.06142048076096559,-0.04143973917714781,0.06607720613465376,0.038008858935495604,-0.15594852307503934,-0.19959360718471889,-0.15919699114974142,-0.05076165625114423,-0.1022761990725503,-0.11629424246659356,-0.11266987908252543,-0.16525351786823397,-0.003250032094851122,-0.07639460541523262,0.009552305522171133,0.024365844719749476,-0.025386692022068575,0.03872621711738499,0.04766308627467275,0.031196315495850408,0.05967238852224462,0.0417410735771249,0.02443803462406023,-0.005175050787878729,-0.012087038756927198,-0.007217975156450325,0.07629261212765102,0.01997841740074579,-0.08495801364253086,-0.09574288009767534,-0.03399291872607195,0.08123538660216766,-0.011632933447024877,0.03454253691073713,0.040848424858102944,0.0890151414607299,-0.01697417936237461,-0.008422490566398828,-0.060714254949993614,0.1374599919551221,0.08208747514356529,0.06371462222992576,0.011015084168003033,-0.01757769703241344
7Networks_RH_SomMot_40,0.29721820690519557,0.2820587740569417,0.30089777212589053,0.25060671830034115,0.2764226000527672,0.10379322205794224,0.2651768090854249,0.24369687452224734,0.08875586650382886,0.30665810080950445,0.35202760264284105,0.40974179088804014,0.2898139870513816,0.4256312606602753,0.2896009047567005,0.3837829740006012,0.505146431350973,0.324995465732619,0.507842988595596,0.24583564242729458,0.43479518566049663,0.4984661845321225,0.5670067283249905,0.43362631841003313,0.5663474629256713,0.6870167562419164,-0.03351719910568071,0.7162026429912406,0.388658647707922,0.6742627031852662,0.19535178216497087,0.2890741806656053,0.182464172745277,0.2595784704021668,0.4012262457129176,0.1539931366332428,0.23585571438783792,0.3905991050083623,0.43708952003233037,0.31961158659712974,0.439721616809144,0.1485252114017583,0.4512447472614951,0.3256034709091109,0.5246609959110567,0.4119055765609427,0.22085951211324745,0.5120698051988725,0.6284322227285566,0.5038221427692655,0.54310105867774,0.5582305226444884,0.39214624286379784,0.6879958327222895,0.5912416877597743,0.662399934152398,0.5757081921021476,-0.05211519450104901,0.5454593659358888,0.6692067589895427,0.6690196301839619,1.0,0.023435623547704554,0.04514104932773524,0.0241252600074282,0.025221127347529,-0.030565646396407242,-0.025316812219132363,0.10076226964922143,0.07715842753556447,-0.11765747632483703,-0.1880929139237505,-0.19708020868098197,-0.09476815638777923,-0.10494003765130326,-0.10857750195512514,-0.1334101340834436,-0.1693103564046838,-0.0798561493429568,-0.16223165902914818,-0.09453584830990945,-0.1166677277370517,-0.2055249863836852,-0.1418409586286808,-0.12435439923347529,-0.1241959899372105,0.09303530545707936,0.06470566078295348,0.04986023710340978,-0.07319840137348706,-0.0001515379936817474,-0.021610510522084174,0.14474972681016623,0.10060170069375238,-0.1069668927759862,-0.06816103427829874,-0.03518913959190653,0.03611710508226009,-0.07331385229848182,-0.04065923303785357,0.04500540266970386,0.039187485787700004,-0.019711500304047908,-0.030129012155861376,-0.08536782414757291,0.13935235748667074,0.052370416706518964,0.023847483202424573,0.02406693657634944,-0.05026220150366891
C3 GM left dorsal horn,0.08730437444220832,0.07438285137820237,0.10684214407068165,0.04216301322930097,0.049175316192769616,-0.01405619251802778,0.022735722878390867,-0.05006256219254037,0.03325911242231869,0.048716668103593666,0.005849021968006488,0.06367969686029537,0.012192335971369985,-0.09656576318353888,-0.03109308735935125,-0.021159269331112483,-0.03563370394064454,0.046335395201081285,0.034580891577536896,-0.04214399962842315,-0.04010029678333298,-0.0832651157667726,-0.06186515791169335,0.039944190251576465,-0.024830442241550132,-0.0038015607156537913,-0.053172681193478545,-0.018908579674837608,0.01418326641346186,-0.05808658032199864,0.0762850406562632,0.010435461862064482,0.011141768774712105,0.007979876857849781,0.04810377904958434,0.01159294722585521,-0.00858940135437448,0.02992359621169649,-0.0028285058725864474,0.03303244731358261,-0.05531689368063291,-0.04729113969371222,0.06083064665812131,0.0605195745172343,-0.04754783722954285,0.08573383046880485,-0.00811633916279653,0.06980281072902178,-0.021158294771551414,-0.04806634693769744,0.06581623437086989,0.09699750709087454,0.07166441415946775,0.03425218909163771,0.043748069551835446,-0.026441155407456274,-0.022082345544538872,-0.05263556268223561,0.021223377143199783,0.02764204500796442,-0.007142484375182626,0.023435623547704554,1.0,0.5765030294021388,0.4791205087866856,0.45296602543720044,0.23485222590315924,0.17335729200245137,0.572070271776651,0.33627385566986623,-0.033677970126510956,-0.011091328579303169,-0.029672909760218937,-0.16114367638103588,-0.18738001190317222,-0.182716789325231,-0.169989638583858,-0.11163992262065972,-0.14859165387983747,-0.09640389654297414,-0.061006445992048686,-0.08620780170412407,-0.09614627397027115,-0.08889926210464077,-0.14237345766784348,-0.07711154328186319,0.04296112489060861,-0.025029842218675855,0.051558246628173245,0.04345716167839301,-0.041818660328024324,-0.015353869758683808,0.09754699234688151,0.04292153453902972,-0.1081307770062201,-0.0653611005729781,-0.019158371181135118,0.0252557704170304,-0.03712620744295667,-0.0063799987717676025,0.15266787382418506,0.13118755499795481,-0.09124756292342501,0.085672955789366,0.08915754670667429,-0.0704227289665863,0.04826568338561022,0.08109788052023185,0.14877368825710896,0.12420404848271163
C3 GM left intermediate zone,0.13481960101702237,0.1305393844897813,0.11391724934763028,0.019941683445888227,0.11171621605816068,0.04656306409976913,0.092271004768177,-0.01493337076321904,0.06139878719334405,0.13615823851104,-0.01938020900550433,0.09187495174304947,0.09801230715159757,-0.022340112661623474,0.030763150711151366,0.00609166895588602,0.06438672068094771,0.07650133069788011,0.00423372728775843,-0.04463293953718925,-0.011445050749914882,-0.056889954931479934,-0.025299256357676794,0.11696504488054209,0.010047633178757063,0.02363921619186069,-0.06391179144972928,0.020913605799125948,0.016185847718259646,-0.056658730043109756,0.1101826063478196,0.05489935902493052,0.07095091061625884,0.09922288787891675,0.028099448175746215,0.014355517299335074,0.07069191517792059,0.09707710971450097,0.0134852635725404,0.0868827379206159,-0.03884826124990741,-0.09332971048427094,0.06258314030722743,0.09197306147350931,0.02331784653043649,0.08967038678368562,0.06035436667614246,0.11022784893355805,0.03393960319454968,-0.01695488635138864,0.08769169704297583,0.11272891900514986,0.12662523324105632,0.06938786612880975,0.10567828806047828,0.03962743175739368,0.04601686193397085,-0.0439652397134585,-0.016376783523016872,0.030580811731099833,0.0012055619667464624,0.04514104932773524,0.5765030294021388,1.0,0.7892305980842589,0.42370084910159983,0.5653971530952105,0.4532468679580251,0.622826046750252,0.6255447631709331,0.005683325168960837,0.07694959044971157,0.042285859609022015,-0.002344324269664159,-0.060028908627985704,-0.0864698565526659,-0.039572365549243045,0.01304775042754325,-0.10816822594388727,-0.05232721691599722,0.008032857903068546,-0.1429714148651444,-0.14884074038778075,-0.1507674886448059,-0.19726057910363545,-0.11139509632886088,0.05853403835936285,0.11410822722392992,0.07363943886992606,0.07161066808652912,0.09195332779954046,0.0029076148599481637,0.08262147883951829,0.0943971139852298,0.11084956844704974,0.08928712991531744,0.1091395909430284,0.045591870354686106,0.03290375067703524,0.056058993939847354,0.21821162718463594,0.21819009883960397,0.028401976526868433,0.17394230045496237,0.18467982769572755,-0.028921568441129284,0.13483626179189442,0.14366701928024014,0.23090296393628892,0.23882092316638495
C3 GM left ventral horn,0.11952908728288164,0.12210098825715389,0.16738942252639646,0.03501744344967216,0.0781904181157911,0.0394469901968099,0.048118421377363586,-0.024873714259958983,0.032262287496762826,0.10779713808091496,-0.03800026585863358,0.08223470548320293,0.08032732336713472,0.000915329743922505,0.055117216806906434,-0.013449974138564748,0.07224355934002355,0.0679938748278059,0.03228860646459457,-0.004753944329275519,0.033449538230150476,-0.04074693112903777,-0.028823671495638296,0.11997834435137468,0.033099318090966716,0.04831397166589661,-0.04085600370560126,0.015302404518252353,0.0048571758357825595,-0.06648109312121396,0.1060906588727775,0.11433604245184045,0.0804716644624475,0.07592062046551368,0.08737561683071114,0.057216585796984916,0.02098597739624503,0.0806946238497898,-0.015756597380478646,0.08118485467689927,-0.0340482035040046,-0.10671228094454294,0.054671173827601165,0.0772362118377421,-0.008344443580779327,0.09047710821305267,0.05331273418627657,0.11507067511545224,0.03876473353747618,0.0067075376791060955,0.10898223314316889,0.09648401913512233,0.1203423145899554,0.05505126640875525,0.10018782518360464,0.039416028738473816,0.039397107347932996,-0.008260316514214874,-0.025482645623220865,0.05908714642585224,0.028255706009340773,0.0241252600074282,0.4791205087866856,0.7892305980842589,1.0,0.34865903867417675,0.39113023361814603,0.37215970188739456,0.6177011477832114,0.731087286166599,-0.06179164492044197,0.04728925704084273,0.07287185368124477,-0.020349119359050465,-0.07447655421810406,-0.06634326896208291,-0.0013517511359245479,0.049851429267910904,-0.012900775120729523,-0.022740026111630254,0.05926604175578123,-0.07369192262909864,-0.10011931850938405,-0.07575299186555799,-0.09747028532035548,-0.03914411119736361,0.033268673868850664,0.0478606491895765,0.041989371950019845,0.04329898245673373,0.018734093870451267,-0.08009203720239998,0.10709037230147443,0.06476700691641978,0.09783291103498391,0.06677867246001434,0.06862325581447319,0.07265054075388475,0.036055662501207585,0.05865698740165013,0.17427543069398857,0.20465316165406597,-0.01007004056358027,0.11484290057044638,0.1150469914144776,-0.049467639251591686,0.15595626526018014,0.1452665851786589,0.18669822560375696,0.18958651038913474
C3 GM right dorsal horn,-0.0005828247314293518,0.04918185728851082,0.061458554413221775,0.009520279903451511,-0.008462688080312504,-0.09450230840279095,-0.038461056181677354,-0.027594041992869165,-0.060250058401168934,-0.05539191880544094,-0.005901186467317968,-0.0037268103268438945,-0.08096371037015776,-0.056932123255574923,-0.0659427855315871,0.062053808234300824,0.07059795612638727,0.005650082850949723,-0.03697082017181664,0.0024564598189285147,-0.05233968309003651,-0.007748930021301059,-0.03793779193684832,0.13656539714376595,0.024672895352841274,0.0032446298258542935,-0.06686402890747639,0.0625796251728796,0.003498098347947791,-0.012471609955083889,0.1090485119661255,0.027053998764959224,-0.013620872832694551,-0.051232892558091395,0.03702508308215004,0.025240766198509554,0.03182501317258012,0.030115760338177644,0.051580592593950224,-0.040189964940340474,0.004472598757494516,-0.05151662678410116,-0.026131351414449455,-0.037296748001828806,0.017247349911930332,0.045993061928809094,-0.03637764449642621,-0.04106666043479495,0.05205110017312163,0.026334949117695856,0.0752447336065625,0.04165551850797535,0.01996751335301021,0.022401177478931535,0.02150145011565007,0.027111509865094266,0.0803710811005614,-0.11442253346686987,0.051170153195966704,-0.01023299040850393,-0.048365314016110404,0.025221127347529,0.45296602543720044,0.42370084910159983,0.34865903867417675,1.0,0.5884976815259884,0.4790952005385519,0.5997632581504685,0.42186897354024006,0.052587573466600084,0.08051435222076476,0.0032325786994157634,-0.02555985932387397,-0.005302256065973777,-0.014869315231425746,-0.04089409009101018,0.0065766783073432245,-0.06036771925654035,0.0011499006714962483,-0.007148547372804796,-0.12673706119864808,-0.0528542722467351,-0.050383113469487865,-0.08954460557914048,0.021352274445211695,0.08458827040714978,0.07855739855258023,0.1064138387474169,0.06798246585713386,0.0749666151577668,0.0378757822799943,0.14978609010580293,0.09856689919614957,0.048091228116830184,0.08310483105796257,0.0850623409189046,-0.02639651778647561,0.025304025036516634,0.03317387899244993,0.09961026717715626,0.11154188798626202,-0.035642608854059524,0.11865449801953816,0.07781776179739039,0.04707194903803873,0.10679103144905684,0.08344476608593174,0.1295484184859574,0.13253826816390735
C3 GM right intermediate zone,-0.007054003289022327,-0.0001647283886200081,-0.07233383054975398,0.011177641349048927,0.013938741981448349,-0.012487244975474545,0.009863122807264148,-0.030008774696819427,-0.011235836027223821,0.01340513549660902,-0.07013586358846169,-0.03191918207308858,-0.030112755739935996,-0.0489214803200463,-0.027973497729670303,-0.0049153937700295155,0.007863134612234937,0.010678833892393273,-0.06394864054368343,-0.05745475111027517,-0.09809940727061561,-0.04806478225214713,-0.041354925367622884,0.06345795133486322,-0.05788022209499325,-0.07141080977294728,-0.00783366664842612,0.004334137977387952,-0.04432364968377315,-0.07251050082999337,0.04542700958154019,-0.06267678070227622,0.0008690097400825424,-0.02766811867585523,-0.0729315906210086,-0.004255552199747367,0.10579390115647523,0.07636395747787071,0.023913844904483422,-0.007942606959448532,-0.021884653617926006,-0.10620337266503153,-0.031753212450339796,-0.05363277364968492,0.04048869598212613,-0.03650764822017537,-0.05617858528797826,-0.03056488264433554,0.012625990883694612,-0.040461336747781095,-0.003253473508017986,-0.05684288730565416,0.030038794889721863,-0.03483457122276694,-0.01062389992052048,-0.017329228848975507,0.021064074830846977,-0.06570648398668665,-0.06277095397765674,-0.0970099470037609,-0.06142048076096559,-0.030565646396407242,0.23485222590315924,0.5653971530952105,0.39113023361814603,0.5884976815259884,1.0,0.8273640467779075,0.4979184965691043,0.5524859093080159,0.07857889064181699,0.1428202511413622,0.0600198801067792,0.06301828431959608,0.07125537152479412,0.022225908126119923,0.019972499288935765,0.07605797514026551,-0.05041035776175384,-0.02065419206185503,0.014623879990118216,-0.14008315399647378,-0.09502767716603962,-0.07925907883569405,-0.13249864253392704,-0.010402400659823459,0.04292717561176019,0.12477665766022453,0.06793001242292297,0.07086304755571715,0.11719481095808816,0.070966289728248,0.033046423102663716,0.07563554900390052,0.15348027711407453,0.1069824734848411,0.10229615204871871,-0.038624533035167524,0.07197092250084096,0.06486002705591956,0.16048684711110153,0.11897647441048714,0.07243348976364303,0.20681594162930336,0.16578031514177965,0.06196915803213099,0.09600444582114971,0.11343186185309675,0.19530621774846887,0.23196177088348316
C3 GM right ventral horn,-0.01665429796777887,-0.001700578213962202,-0.029979218453106585,0.021719381832461127,-0.0022247445103400713,-0.006420822856323648,-0.005755664837260292,-0.07279371566974566,-0.005507283725244684,0.014767453473787329,-0.07565217490145855,-0.026643274889021677,-0.025305148809437374,-0.039508017270567054,-0.007226906728129872,0.02162884014057031,0.03244076876083105,0.020882019155805214,-0.02793542021628566,-0.058663330945517296,-0.07908018401246686,-0.03707265189376153,-0.03358559937490347,0.07411683023278254,-0.01642207492477468,-0.0545115092482098,0.036423667644110765,0.00331146885290098,0.017926257295333398,-0.09694921986758863,0.060271192315174214,0.007668960615615762,0.0035260110041275567,-0.015157317153815136,-0.013382238115857824,0.01671353421943314,0.06962752964477668,0.07037465489058217,0.013543067833425553,0.005771097565588041,-0.030246383409327764,-0.10297084658929519,-0.01271926041360574,-0.04703533776786428,0.01317658846813388,-0.016992098206968294,-0.030194057407073413,0.001368339863702024,0.012686949623065918,-0.0545082594870441,0.005769156194114278,-0.02064582190684081,0.03582400089083872,0.023410794690117087,0.026326469567865655,0.020056460682704388,0.027798921177013748,-0.042319944241124334,-0.07396079537412044,-0.06283249603301015,-0.04143973917714781,-0.025316812219132363,0.17335729200245137,0.4532468679580251,0.37215970188739456,0.4790952005385519,0.8273640467779075,1.0,0.5078755832379718,0.6546374728970683,-0.010750932882765475,0.06498663960761229,0.0404031149394736,-0.049127796613051486,-0.015334931532986144,-0.017345071488725758,-0.03640796220585049,0.04361528191568047,-0.043375987886980556,-0.03273824766420097,0.027691456044343643,-0.1543359315927109,-0.12427927642896601,-0.09964603529962801,-0.11295659412496625,0.003482517515588235,0.03895055677472319,0.04335709004647551,0.019939786842834945,0.013082544071511422,0.01390396512781286,-0.015438868057845643,0.01423309294789949,0.03228721448954213,0.09645819814688021,0.05113709091616193,0.05674526892626658,-0.0631772724465233,0.0640647389357738,0.08951811803949888,0.15830682434968985,0.12537547935092822,0.07132843325504132,0.19150282528066212,0.15994866870670546,0.02298352231510283,0.09493680761631657,0.08647436682030721,0.1798421639633055,0.1990154527087577
C3 WM ascending,0.1731604768886042,0.16513440093331247,0.18743486593723183,0.10560720912781618,0.0727737517146111,0.007386460090064689,0.02837772445350028,-0.0032157715230441463,0.0035091496380785197,0.07309536857736264,0.04702245488240337,0.10245001776297405,0.052495720035080046,0.002172375695603924,0.019702641989145127,0.10382830424442294,0.11690031947099587,0.10093055739859937,0.05635176661997105,0.011474632040904181,0.03207125876727933,0.01426043363609969,9.633875413988807e-05,0.15899510135965597,0.09301268575234918,0.07277201484056973,-0.02749162212575433,0.09206505328102257,0.11214555596057237,-0.01404712558768715,0.17818522574792037,0.15617745774091754,0.07595964711724769,0.0793102400089024,0.15839599095942392,0.08218450406423633,0.04628761815791349,0.11542285644778744,0.07380766037716456,0.0718419349192242,0.026525518617554242,-0.06549738161849619,0.08659891786254771,0.0538269313940593,0.025879508836035053,0.12791477781351532,-0.006543187387060578,0.08100293006866582,0.06651283898906313,0.025550506199010527,0.13770588815946308,0.15886428762248975,0.12479091379064262,0.13838173148987498,0.13215895800092003,0.10726256033079663,0.11307361840663274,-0.06263069154025085,0.048066931066766926,0.07627142336350032,0.06607720613465376,0.10076226964922143,0.572070271776651,0.622826046750252,0.6177011477832114,0.5997632581504685,0.4979184965691043,0.5078755832379718,1.0,0.6597430209750812,-0.08702233896404403,-0.021108788003304072,-0.008921414320448995,-0.11197021549198097,-0.15403171620292208,-0.13130487940898214,-0.05993568205087474,-0.05521790330884405,-0.06961599135034503,-0.03302315470955704,0.014457614088285102,-0.11606207284468054,-0.09501326194245736,-0.0750598618645816,-0.09135949823811672,-0.0283191679775114,0.02685752328827045,-0.027498896102323707,0.013708790425166434,0.05157128584893085,-0.02073413088327679,-0.0348577207237602,0.12636893312729836,0.0762819545739338,0.01376769253958304,0.07678559329931472,0.10102024085484829,0.030165599955586177,0.07171425907022276,0.0885705057207216,0.2451105672257644,0.28208217420725346,-0.10660416559297697,0.10382723461721549,0.07978865326878236,-0.04136893696107214,0.15721042131593915,0.14427644984890722,0.181166702673173,0.18805654195453123
C3 WM descending,0.08315844607394886,0.11461821401152342,0.11696555751153422,0.04031449576579967,0.06136141218447838,0.02963714393029294,0.019016406908615013,-0.07601716026532011,-0.04452261814809462,0.04987773423482025,-0.09663383732339804,0.021844390439548375,0.018247708837977394,0.00011166846717389659,0.010579858614711075,-0.03253527549939838,0.04758566131470456,0.0024921379888344203,0.001086594103201483,-0.03872128517748571,-0.044816200438609136,-0.05013961921916526,-0.0710895644449152,0.06869840868805545,-0.00047509123685348173,0.0016207434503082046,-0.06246642981892046,0.023582948765098328,-0.004868106741766552,-0.06957083969355093,0.10159153842926986,0.09277037218468369,0.04586153774369395,0.034411554458064375,0.06868542185612185,0.08907494854638638,0.02122272539320494,0.09282638415339244,0.003832329644786862,0.05569116611991941,-0.016750037781859857,-0.15421001415305427,0.01200002680226191,-0.024191854027267146,0.034902356394192584,0.017416162205688885,0.0030696532855271,0.054808725849994785,0.05144737437630517,-0.04745778499047587,0.03820682058739806,0.04862006595216871,0.0749376610837625,0.07206844934344243,0.0821038147285107,0.04787562495332399,0.05868683121627745,-0.06622797921421075,-0.05713663441752018,0.06087872161316003,0.038008858935495604,0.07715842753556447,0.33627385566986623,0.6255447631709331,0.731087286166599,0.42186897354024006,0.5524859093080159,0.6546374728970683,0.6597430209750812,1.0,-0.11392219601379737,0.00361508835052029,0.03192151759835569,-0.05316352349328882,-0.06354370425848083,-0.050941100756612345,-0.032310562581014994,0.06645847876096962,-0.03755036017548199,-0.05853919660254732,0.04037568237095238,-0.11380545118212149,-0.14597036917748601,-0.11213551280267584,-0.14123905132284295,-0.05800090923655717,0.042268581180455594,-0.015829803068490314,-0.009932119061039933,0.05787714719369101,-0.013077388139878651,-0.03766920005961984,0.1090165961243771,0.0634023152444468,0.0560727860831991,0.036177315545499515,0.025236726164361574,0.027186621966944918,0.07047692069332248,0.0831726544735265,0.17223879518836901,0.22525690879503027,-0.04304611567346756,0.13529078534613603,0.13470931076884385,-0.05195732500288818,0.1581266931400153,0.1276787523237998,0.20103205394694576,0.21849939315057193
C4 GM left dorsal horn,0.002907185197708553,0.07887469121142754,-0.10473390136984853,-0.036455131556587625,0.11963659958583184,0.013781316726664068,0.07343687140911749,0.045198262782247214,0.1068928200474164,0.04727014486281895,-0.034625697419374005,-0.06318785181724014,-0.05796251376375517,-0.09731897531894822,-0.040646297785991714,0.035750119302782435,-0.04746411279861237,-0.0069308629536098286,-0.12431256586826814,-0.13616422930723743,-0.11714960810712176,-0.1015601275374543,-0.05878017537557342,-0.012951198330463421,-0.08674961523476206,-0.11335076857784446,0.021175495154461196,-0.05625158433155444,-0.10168095836984024,-0.08501667746719169,-0.013307088025880856,-0.09623976441584622,0.024512209349887362,0.06668658717297789,-0.1200207018041418,-0.03721491800793409,0.12971327423244827,0.0512139903707109,-0.016378308205687083,0.0500347677751447,-0.06974515434906395,0.048898323756516676,-0.08398273238196095,-0.056776155204406376,-0.07268323568489533,-0.06401273828248018,-0.15128499434486842,-0.1043420452532487,-0.10327468559744961,-0.0888604206085501,-0.06215810912814383,-0.1583397538903177,-0.09755478918012388,-0.09102960872284398,-0.0816670889201376,-0.1515394911583864,-0.08517863480534656,-0.0841934345024242,-0.11135588553563054,-0.1468623214566314,-0.15594852307503934,-0.11765747632483703,-0.033677970126510956,0.005683325168960837,-0.06179164492044197,0.052587573466600084,0.07857889064181699,-0.010750932882765475,-0.08702233896404403,-0.11392219601379737,1.0,0.7385602099577561,0.6693870327989179,0.5138851778012501,0.4455738501515713,0.369191788946858,0.6397909842126687,0.5154237932624398,0.2755020989858668,0.2500398167557132,0.2546612329536303,0.181059869891513,0.1934813397079717,0.1461968251930089,0.23192611875089858,0.22994162112454594,0.021122400537184536,0.08385127423248669,0.0810838635299911,0.015058621468895125,0.07329692014538049,0.06323671577605221,-0.04358167511596406,-0.0013802049611717168,0.10044425757757286,-0.02708624333908892,-0.020517776481631424,0.011757913663433114,-0.07610381034901686,-0.09829547193795239,-0.08109056645932053,-0.1023968166906727,0.18176352427519116,0.08289341158833306,0.085239424232416,0.04577185921883747,-0.05209755806893636,0.03660475657489251,0.07301696139424182,0.09708610646877762
C4 GM left intermediate zone,-0.018459691249005913,0.015397400158359026,-0.08338247287684825,-0.008488446844059685,0.062196942379420445,0.019667974181205847,0.06207950182943461,0.02636848564611669,0.06427799310765889,0.024437526213658443,-0.13800290252466663,-0.08668195807556792,-0.08095188094730692,-0.08848531743193601,-0.06056703189520189,-0.02073185218710118,-0.06791754380811939,-0.02231901809761481,-0.17414462807676276,-0.1317472041070196,-0.13792714747662338,-0.13892316071252145,-0.13528577622393756,-0.05685589694923687,-0.13295536864279842,-0.1638443596951493,0.017693627828138818,-0.13568978255457917,-0.11150603142865952,-0.17384851570045404,0.025291294908981927,-0.1114429243457837,0.043709194074383693,0.028819236717900803,-0.0950192376705638,0.0016583991835414419,0.08403311001553819,0.058542362684218294,-0.02324924517316882,0.037704870762185684,-0.07551306244151564,-0.06088239365531078,-0.07539764673324524,-0.0696480963863187,-0.08141576421218266,-0.10649936578500076,-0.14996225100867747,-0.1313955606399155,-0.09815466579954858,-0.08849386950959431,-0.1086991925543397,-0.16369161403085594,-0.12085610993124575,-0.13937290883385378,-0.1178352785523618,-0.17117033850594585,-0.07846545910695342,-0.047565729653721744,-0.12987270517263536,-0.1800045632226462,-0.19959360718471889,-0.1880929139237505,-0.011091328579303169,0.07694959044971157,0.04728925704084273,0.08051435222076476,0.1428202511413622,0.06498663960761229,-0.021108788003304072,0.00361508835052029,0.7385602099577561,1.0,0.8348594401209337,0.5031827911132967,0.616963980702405,0.5210433045775901,0.6792276370288028,0.7337423675468193,0.21524118233237322,0.20317960945006366,0.22072620354462705,0.1311810097194781,0.18747324911558289,0.10902241665847827,0.1732580597803305,0.1982590382232901,0.06554232483029736,0.10511790337454859,0.12371798243226063,0.06868375215892009,0.09057084273187796,0.07751229194179364,-0.02273794802613068,0.07148108173431628,0.07957303124691706,-0.004602154741988996,0.01287158931474393,0.05445897226589882,-0.016923882472982845,-0.043615290643721,-0.019918307640326174,-0.022892892029916893,0.15465962846038084,0.11208966654115003,0.13921205879917464,0.00875503971438,-0.0241006316919528,0.04633901240912103,0.10774346832093898,0.16570510625883744
C4 GM left ventral horn,-0.012259847308834787,0.03493408093460125,-0.018769178807258764,-0.0072024463176405505,0.09365263517531036,0.05050941554268505,0.08389118113194566,0.001338495909711141,0.08410247302630716,0.0728388141883834,-0.10041059439335753,-0.037514265820027905,-0.015993963150773033,-0.09845159264322725,-0.07967708076349762,-0.041567818893849466,-0.05549250150646195,0.029873494731221206,-0.1364195950914745,-0.15061672929714118,-0.08743710706084783,-0.140341570311277,-0.14212280290037987,-0.014368462330753508,-0.1322495812503048,-0.15264773556674371,0.0665062193541665,-0.13307792530650076,-0.09128010485498234,-0.16918450905216362,0.0349775911657274,-0.03355162983548206,0.08860007290746327,0.07296843224052817,-0.059247412696536,-0.0032400541499633703,0.10462889258778452,0.05986378336844368,-0.0351924065337069,0.06841687241389854,-0.09841107350646937,-0.02398868050100813,-0.022783221141164996,-0.004388172764977614,-0.0959322592808497,-0.07244277610415555,-0.09458302523183727,-0.07100462204149105,-0.103897196425201,-0.09379869727188325,-0.11279448288081281,-0.14186086426804928,-0.05358501838106249,-0.14208374229464107,-0.06604009265602331,-0.14658584303491845,-0.07273417769929451,0.02507391220864367,-0.10970939104800918,-0.15735488250591337,-0.15919699114974142,-0.19708020868098197,-0.029672909760218937,0.042285859609022015,0.07287185368124477,0.0032325786994157634,0.0600198801067792,0.0404031149394736,-0.008921414320448995,0.03192151759835569,0.6693870327989179,0.8348594401209337,1.0,0.46269144341970553,0.47348919663711486,0.4523845220187478,0.7227731307813091,0.7436116716347875,0.2781195739292957,0.2659738016092162,0.29843216524033583,0.19590924394370254,0.2468065017460144,0.18932962739573855,0.2661091752782356,0.26750718582596256,0.04685190043867839,0.045150313432999564,0.11099594447860964,0.061349516915029975,0.040679761825314215,0.06457053759889539,0.00986801710811479,0.03884632659412516,0.06565298397405117,-0.0331155497194238,0.010722787287702738,0.03746793600118173,-0.054947888001700335,-0.05510656903731146,-0.06379459021766815,-0.021333242594671467,0.1833120208214306,0.13754085709289354,0.1314827221261899,0.04528845264924687,0.0032071326654967603,0.05981907219127917,0.09749542228611524,0.1585548884817742
C4 GM right dorsal horn,-0.005536220209395824,0.09497357551060062,-0.12283937768979442,-0.11721748736643829,0.1372812519703503,-0.039903131220307475,0.08619107506427418,-0.0016708967973331744,-0.004112378450713974,0.047277718875617006,-0.08119656951644659,-0.059911455392256445,-0.13142095115339064,-0.046128200578252974,-0.0653038762999533,-0.004805393208130813,-0.07852556401419802,-0.04120137754238138,-0.12225896611651749,-0.11094289452968763,-0.0884015395351071,-0.09870098909780187,-0.08158194279085851,-0.046997669949849524,-0.08852952859600907,-0.10644163177618535,0.05981452839877402,-0.043630686666298005,-0.11686929930798959,-0.06103457254581934,-0.043331227218109225,-0.08683034775943169,-0.010567128335764937,0.1130301174208476,-0.1327501478224418,-0.017366865402623805,0.1194289480368283,0.10164245074631323,-0.03106511886086281,0.06079393430922993,-0.0033179961803979506,-0.01337573209864729,-0.09525654821080777,-0.07964069099649757,0.00017214358068335124,-0.08944883892235207,-0.20487609766446133,-0.06584547615304517,-0.06050138146740222,-0.034296247653493525,-0.08848727008407996,-0.1218769749192385,-0.0974991559814776,-0.08162889835821129,-0.04626753437933875,-0.08201710599008531,-0.05409503940075767,-0.015674391711781893,-0.15003225787638316,-0.13335922014228366,-0.05076165625114423,-0.09476815638777923,-0.16114367638103588,-0.002344324269664159,-0.020349119359050465,-0.02555985932387397,0.06301828431959608,-0.049127796613051486,-0.11197021549198097,-0.05316352349328882,0.5138851778012501,0.5031827911132967,0.46269144341970553,1.0,0.7453919224527447,0.6350879977593364,0.6832441903492406,0.555964027614479,0.2543532867951314,0.24307092952488718,0.23234349072624091,0.18442334058495136,0.21224970515439884,0.18325883892633033,0.23754835451704948,0.2161698228051917,0.055122974093562184,0.1525915312336803,0.14352789498323892,0.02512172109773135,0.10465298449135231,0.07958907383923058,0.02998107850248294,0.0047133038938186895,0.10590418342475033,0.005909523970930068,0.001452688093020751,0.07356181579531201,-0.015358747458933762,-0.05923658392457483,-0.054116868759050134,-0.06798718209266448,0.07931978491630613,0.035639628946853116,0.016359574133786393,-0.015639824103205476,-0.008291984740139665,0.029164615282812265,0.021136714891877302,0.08794557496790978
C4 GM right intermediate zone,-0.01756497530733981,0.04895376456065794,-0.07651647866664125,-0.09618875576467688,0.08976736270885886,-0.04987456533288922,0.08190053456444324,0.006491274143668517,-0.013644997435018777,0.02684899915104479,-0.1117667229416112,-0.06513573367188842,-0.1409409896894696,-0.05945601696300896,-0.04811459446643727,0.014309880985079602,-0.033149147744595125,-0.06252465851296232,-0.15039801978499764,-0.08995796888414245,-0.12016033741591368,-0.09711732985952104,-0.09761877427023057,-0.04606293081138496,-0.06311530613643003,-0.08817180640597812,0.03582051008688406,-0.06360352481918027,-0.12676145697773616,-0.08922334455510607,-0.030444929101099565,-0.0848419457230515,0.020136189185608628,0.057335388547061175,-0.0894253215679143,-0.005730934050653989,0.08760657302657225,0.09928236220944621,-0.011885950262479943,0.05813805915553832,0.0007669581187771938,-0.04995386828973043,-0.08381940827160103,-0.10196106236423942,0.015616080194757088,-0.08033503445590257,-0.20629243904411518,-0.0922648754882987,-0.03038883242701597,-0.04062073381158933,-0.05811426222300915,-0.09992201381590544,-0.11160149837860535,-0.07328028211728582,-0.06678139330639052,-0.08347770739592072,-0.03825152812678784,-0.030608079965614883,-0.11590194645242202,-0.10822960147627893,-0.1022761990725503,-0.10494003765130326,-0.18738001190317222,-0.060028908627985704,-0.07447655421810406,-0.005302256065973777,0.07125537152479412,-0.015334931532986144,-0.15403171620292208,-0.06354370425848083,0.4455738501515713,0.616963980702405,0.47348919663711486,0.7453919224527447,1.0,0.864075109892566,0.6629571266733312,0.7185219734640907,0.20140391703419222,0.19912231159722704,0.18434372198332288,0.10779254152924976,0.17417115265881158,0.11165815767978143,0.1786907286266279,0.1647581044903329,0.08817601448232835,0.1569342233274872,0.13837180972592267,0.0006358394027371668,0.09401820650761222,0.07411001661805823,0.014992604164433687,0.07534317229060299,0.02408290845206846,-0.04035507498001973,-0.055100607388915146,0.05204059198552052,-0.0127825102046238,-0.050175476952684255,-0.10430624108156332,-0.10445083909997528,0.055475139832004486,0.049961147651418514,0.038633347353096634,0.018304683549959642,0.022642326266672765,0.03700973950139695,0.016235265791743,0.1043559701470178
C4 GM right ventral horn,-0.028459609036085506,0.039214782449299164,-0.03500963170371532,-0.11221233539677458,0.07147678701755583,-0.026815812853297837,0.07730168724082762,-0.0009449796928703816,-0.02225817214662902,0.03573300390400165,-0.11119694216075071,-0.05250388395680294,-0.11964520266250363,-0.06944591258834229,-0.053112150020618705,0.02368524303662442,-0.013841985219837849,-0.05867677147025759,-0.14125392685952204,-0.0635098569043231,-0.12105684776351205,-0.08219165943956669,-0.1029441850830461,-0.024711318449323706,-0.03273456059999502,-0.06674235024121322,0.05043989206434617,-0.06916366409503702,-0.10056897376274708,-0.09117934915201004,-0.03803325761368068,-0.041061090291912704,0.03809725210537896,0.05516256038791917,-0.07387052385704962,0.00014101301946171536,0.05248547162866322,0.07619984856980487,-0.02888811334916192,0.05163024011307472,0.004613985580789719,-0.04641057413270327,-0.0724343094350348,-0.0877671324719894,0.0019005877529347304,-0.0680443580308616,-0.16379134558566696,-0.08732420122566825,-0.04214779534142672,-0.045841818134219656,-0.057290080734439516,-0.0776115050289352,-0.09181663931851701,-0.061972078446647955,-0.06248928435543012,-0.08418038184860217,-0.03462563192532972,-0.013792624687011344,-0.08830693884636048,-0.09163763586075767,-0.11629424246659356,-0.10857750195512514,-0.182716789325231,-0.0864698565526659,-0.06634326896208291,-0.014869315231425746,0.022225908126119923,-0.017345071488725758,-0.13130487940898214,-0.050941100756612345,0.369191788946858,0.5210433045775901,0.4523845220187478,0.6350879977593364,0.864075109892566,1.0,0.6568745544501066,0.7554800640561905,0.24520295477589205,0.205904533057001,0.20368155985870584,0.12080471081288296,0.16325058907885115,0.13273580724942996,0.21367707310643316,0.1680107197306874,0.09081968331867378,0.12882539874615387,0.14266647591576082,0.005152623298023581,0.08009550344417947,0.07143844656646778,0.030181186088921563,0.09366875030094411,0.0116838904777168,-0.06455800813246386,-0.08859284483479557,0.03039251105009975,-0.050692536347506166,-0.07448647641389082,-0.11511222635551328,-0.1257908383015661,0.06447172648203155,0.06698325680114833,0.02435875115684828,0.054819626764758184,0.058850415974786185,0.05839384747523826,-0.0029092873757392427,0.10777468378208648
C4 WM ascending,-0.009103759283029188,0.09161995881769842,-0.04210568528335754,-0.056049815223323245,0.13506615752234374,0.00995464678623374,0.09009837766557986,-0.005748694544221057,0.05168651427291617,0.06573549592055386,-0.060651842546794274,-0.047118507786667874,-0.04957391236020868,-0.06043796241543203,-0.054942179657723335,0.023345920695846036,-0.029696581267595286,-0.018310594205998017,-0.11212068708141666,-0.11539101643540858,-0.07065532567290163,-0.10940428058921883,-0.11097784128318802,-0.020851918649879134,-0.08273991950222438,-0.10514735422343462,0.07628794992451261,-0.08913313177485352,-0.05546200656044581,-0.10523562882864446,-0.009933553967320813,-0.04983886772729465,0.029109781105588758,0.11232353413886827,-0.11640694346843608,-0.014042021172439556,0.1089111194077152,0.09297499343237911,-0.050379908684319005,0.07284470216017089,-0.06768667716308922,-0.012058602779862326,-0.05676917813781825,-0.056364268607666905,-0.04092667314344992,-0.07812885157549522,-0.1361857941181053,-0.06052520952964013,-0.10103653102807497,-0.08526063195158633,-0.0828037673816782,-0.11966359560594517,-0.029621362532557847,-0.11959049852957071,-0.05706720553803492,-0.12068212547564541,-0.08260680428701431,0.03834363972659727,-0.13248244751067695,-0.1280126580455924,-0.11266987908252543,-0.1334101340834436,-0.169989638583858,-0.039572365549243045,-0.0013517511359245479,-0.04089409009101018,0.019972499288935765,-0.03640796220585049,-0.05993568205087474,-0.032310562581014994,0.6397909842126687,0.6792276370288028,0.7227731307813091,0.6832441903492406,0.6629571266733312,0.6568745544501066,1.0,0.7485455691741942,0.4048856141343713,0.3872260491343825,0.3682422597895551,0.2513110614223455,0.29969897787417255,0.2935476823132789,0.40213413727222386,0.36374149226664343,0.08983794985854487,0.08728176469891616,0.13877114858052136,0.04168007710423559,0.06881350476818046,0.08624474974912881,0.055004136114570105,0.028872473570974232,0.09192387328529687,-0.04984753419457845,-0.03862444161807915,0.05641144534835632,-0.0874749790510983,-0.10573627438822002,-0.12009655969740493,-0.11595568921797614,0.10296282819147151,0.08101895768388724,0.059681472204674006,0.034851162893344396,-0.0267006259309149,0.0513636411618626,0.0021177962506560505,0.11292762300352362
C4 WM descending,-0.017534910695977665,0.042259165324599286,-0.014465718636348804,-0.07993664013246085,0.10023308976609785,0.023823785995860672,0.0942896296186989,-0.032846471436957334,0.028454895005922614,0.04549290910461303,-0.12337622597595653,-0.07514917371715268,-0.09897498200856948,-0.11493162458954152,-0.07889747826314096,-0.03731663488688472,-0.056441352877558824,0.0005754291628294504,-0.18392803883299774,-0.15020687342377145,-0.14034795903257746,-0.15593738353060835,-0.16429893422021755,-0.04398684559393084,-0.1142314430851986,-0.13917581173710286,0.026330997549643857,-0.13873152738460015,-0.12229054822390402,-0.17393896070833118,-0.013099974820258075,-0.05777378283080134,0.05921714368842141,0.07193769885546329,-0.06227969820525328,0.02784945455637991,0.09893017558097529,0.08917740852684129,-0.026504789398933762,0.07280936407534776,-0.0451431807338608,-0.061733665429695855,-0.06354678391153487,-0.09259622777385546,-0.05417908438315836,-0.09936092565798382,-0.14186937642416883,-0.10800575483943438,-0.09208319338571248,-0.10564023180988695,-0.09811547113115472,-0.13754366741403387,-0.05819272716507851,-0.13919271506661907,-0.08885786103294228,-0.14405280712169563,-0.07341924811908422,0.017141659688926017,-0.11846173960016394,-0.1498474910839759,-0.16525351786823397,-0.1693103564046838,-0.11163992262065972,0.01304775042754325,0.049851429267910904,0.0065766783073432245,0.07605797514026551,0.04361528191568047,-0.05521790330884405,0.06645847876096962,0.5154237932624398,0.7337423675468193,0.7436116716347875,0.555964027614479,0.7185219734640907,0.7554800640561905,0.7485455691741942,1.0,0.25922154412758885,0.21768822348344882,0.23772770446664726,0.13359103501463676,0.18785408242275375,0.14293820775242327,0.2099793146079163,0.19733548792645286,0.09402621599602792,0.09367032818941852,0.1298053264587297,0.048972585649863,0.06779927842883555,0.08688250492270923,0.013870030912767577,0.054442488634328885,0.012749383934010847,-0.06569714870327639,-0.06477300718780539,0.04510040929685542,-0.03625334636396328,-0.058491576319252656,-0.11515538755223102,-0.07599553598644174,0.1250744084906959,0.1334540227314427,0.1048525487936485,0.04524259951126139,0.03303533642421374,0.07160142491240777,0.031612250614944826,0.17694245034180986
C5 GM left dorsal horn,-0.07705061054464495,-0.060827006519105074,-0.12887080806242718,-0.054203220494855965,-0.0665277262006946,0.0033691229115756158,-0.0274821042204525,-0.041631898167001594,-0.00601000055050935,-0.04695335142622694,-0.10062515901504078,-0.14114961050029848,-0.10921992976440863,-0.013290767275303131,-0.08534214925344825,-0.024392438213732864,-0.14240754366490144,-0.1254507770180831,-0.003760436418211705,-0.013005434739335266,-0.0058618557086806055,-0.026892762714368298,-0.036148856218179475,-0.10659032334600038,0.03383095431603605,-0.07304001357425481,0.16139933856048339,-0.06664730187402709,0.043358362041771896,0.03334785470390706,-0.21058547330204533,-0.09681160947409742,-0.0442392432420698,0.005426023937812557,-0.11305591812910497,0.012635899776575251,-0.06766705365944241,-0.03076780323329791,-0.09486804135065487,-0.03387313426537958,-0.05168412048579926,0.0011447992561889248,-0.07138467194937978,-0.05554816564318529,-0.058855258353012016,-0.1335652720498349,0.004786886114538956,-0.05508973643888756,-0.0835623881964835,-0.040520287738174864,-0.1147112062839347,-0.1299046803552598,-0.03762832551264314,-0.04414797319810201,-0.07892235664332553,-0.06682114731792686,-0.055730337975944594,0.18002866719294905,-0.07835324843127957,-0.04842650050043459,-0.003250032094851122,-0.0798561493429568,-0.14859165387983747,-0.10816822594388727,-0.012900775120729523,-0.06036771925654035,-0.05041035776175384,-0.043375987886980556,-0.06961599135034503,-0.03755036017548199,0.2755020989858668,0.21524118233237322,0.2781195739292957,0.2543532867951314,0.20140391703419222,0.24520295477589205,0.4048856141343713,0.25922154412758885,1.0,0.6998899811685311,0.7058438492655674,0.4527896062078866,0.4164777461906884,0.39888202084180235,0.6607097555413093,0.4700681661866973,0.02898509106425508,0.018578654054779445,0.057471005662629554,0.022873601447854913,-0.01212333556403887,0.010241153428275692,0.007309815812580561,-0.08528803679684076,0.059937625157208047,-0.029711832226319068,-0.028656181609984392,0.013626906394797196,-0.08570003393666681,-0.08852863256417466,-0.05850002211011841,-0.012799900750637453,-0.02924125777062512,-0.020526271097664417,-0.03724150291738696,0.005866763453420954,-0.0012699876540107854,0.047597684402119984,-0.059630511935055995,0.06352935278049157
C5 GM left intermediate zone,-0.11549970401811355,-0.06838339893357769,-0.11120206653832891,-0.0813119923146899,-0.050182480698054456,-0.0063277680299573015,-0.023792951700346072,-0.05068873415094226,0.023958021123322713,-0.010961280864106077,-0.07334163871757553,-0.09991200926187555,-0.07339842473103395,-0.07021998075374757,-0.0986894961513999,-0.034893165089585884,-0.13839634943021212,-0.09676197647951582,-0.07491382875372841,-0.05885791779899667,-0.033818691080121366,-0.0725304760836531,-0.1143525305977231,-0.0974954001700584,-0.03753879721930156,-0.10876805252688258,0.08793078340193364,-0.1262937751610542,-0.042329567674307685,-0.06030463407156408,-0.1779740296904341,-0.09244689207734066,-0.099759201490118,0.015216686431835403,-0.18016905477039255,-0.009331715541686077,-0.025150243291119055,-0.031667137166517985,-0.11115579608030687,-0.024348736015977694,-0.1321314515489445,0.03178126340922129,-0.08583524879504337,-0.04500757988471191,-0.06525352115597455,-0.11855904938520248,-0.027125590201505304,-0.09597727098602812,-0.11891626075604339,-0.11226429435253327,-0.1095007042849014,-0.1380372600325077,-0.061369147852131455,-0.1247742448336713,-0.10722165118022955,-0.12680863225699204,-0.09913466438203239,0.12144695568612085,-0.12999611884350912,-0.08826142935570469,-0.07639460541523262,-0.16223165902914818,-0.09640389654297414,-0.05232721691599722,-0.022740026111630254,0.0011499006714962483,-0.02065419206185503,-0.03273824766420097,-0.03302315470955704,-0.05853919660254732,0.2500398167557132,0.20317960945006366,0.2659738016092162,0.24307092952488718,0.19912231159722704,0.205904533057001,0.3872260491343825,0.21768822348344882,0.6998899811685311,1.0,0.7262295178566249,0.41146393724935815,0.5923508734601238,0.48863610200141155,0.6645363055845597,0.6173755063109864,-0.02404495470464446,0.004525423674871063,0.004017664652602356,-0.009353189618729257,-0.010118196011354323,0.022202559016310592,0.003441607644144515,-0.1324233367871761,0.0646395170119805,0.0066257594314119315,-0.025775994651464542,0.0695771862568348,0.0012791626295849423,-0.0005907231800793492,-0.052055254339409364,-0.001417614090079418,0.1006047938138304,0.08587459215699521,0.12770311245628907,-0.05291205392994397,-0.04638560895681402,0.0048758045223348465,0.01484111778767747,0.08923408341485084
C5 GM left ventral horn,-0.06311599405617556,-0.1027381820028159,-0.07874927072598215,-0.039562541936571036,-0.04973010506315045,0.03769988862192344,0.014097892053489953,-0.0020839458188883597,0.04186001189654469,0.041877875578066596,-0.08527822184248825,-0.07023662746530475,-0.039566516811633284,-0.03127975815456192,-0.08410294337363157,0.0026664689211499683,-0.08528643388369525,-0.07459111012945008,-0.023375091391253176,-0.056631904116652254,0.0017934479982115376,-0.060153300631334235,-0.08143975418195795,-0.08313961311552745,0.039504961843868605,-0.04521606147259582,0.1551859998918998,-0.0804741891995136,-0.04135675876184586,-0.012164719369293676,-0.17372891792141204,-0.07263107836469584,-0.02738986287816026,0.019066803687093695,-0.10133915400197482,0.04328039024464926,0.00015816355923671592,0.0012853752345090021,-0.08389484377502263,0.028613332844183183,-0.09283923931354185,0.017247385334813417,-0.02157144434725329,0.015003188011204175,-0.037436033312629055,-0.10518401635834497,0.052205874222801346,-0.01115915906905358,-0.0690954048009939,-0.07882990177903434,-0.020717667329204947,-0.09445362436601495,-0.00521507817711425,-0.04252284535847858,-0.04436543519989852,-0.06692656292689965,-0.06067401226191822,0.1627727744752452,-0.0398924512143412,-0.012345009880739194,0.009552305522171133,-0.09453584830990945,-0.061006445992048686,0.008032857903068546,0.05926604175578123,-0.007148547372804796,0.014623879990118216,0.027691456044343643,0.014457614088285102,0.04037568237095238,0.2546612329536303,0.22072620354462705,0.29843216524033583,0.23234349072624091,0.18434372198332288,0.20368155985870584,0.3682422597895551,0.23772770446664726,0.7058438492655674,0.7262295178566249,1.0,0.3541634900407385,0.40357307641697804,0.4308075712124727,0.646641913590776,0.6571878287580387,-0.0021437087709921497,0.02068592958833668,0.05324997146671448,-0.008630031931634719,0.0028087949754978126,0.007071232082419658,0.006899661628338419,-0.09544786477259072,0.024628325429599376,-0.04123790491861386,-0.039029218833280824,0.038468288957932584,-0.04954398671623716,-0.023126945719382213,-0.057347446976392234,0.03030488359372653,0.075360041761217,0.03848602793697685,0.06896087271806715,-0.016782295790603776,-0.04190264136015355,-0.007067412350222101,-5.269288409729541e-05,0.0752661245777637
C5 GM right dorsal horn,-0.04049542537297575,-0.03359625886809904,-0.025819951315123244,-0.01746771482391477,-0.05186204740233213,0.02581101526522032,-0.009175129786219498,-0.00559374744177877,0.017862367426817974,-0.020148564410463483,-0.05820110019428925,-0.05325589549535623,-0.029386969818401117,0.007308271862251193,-0.12154517658591918,-0.037966889370884715,-0.1410554942234181,-0.0954691740754531,0.01810271104450812,0.045046595958958956,0.0629881130482611,-0.017347497932624568,-0.05017350049225606,-0.190169702567235,0.042018741704828555,-0.037622238999154796,0.16819056973753987,-0.07176634423526997,0.024908004270879153,-0.00034601008271167887,-0.1411666160916667,-0.06838292921452335,-0.04389564607062382,-0.015687350639561216,-0.10447993967433321,-0.031999755997127136,-0.13157391415745828,-0.05778108983698077,-0.05989334818104655,-0.00653140794571215,-0.016289258980134787,0.04301110437525936,0.03402315990831517,0.04278012328239954,-0.04670872105478497,-0.08213320397815806,0.039291852069088196,0.02027761209738085,-0.06114854320458117,0.012519284895160831,-0.1251530324969833,-0.05902094184357233,-0.08931673477539794,-0.029519124391742514,-0.06261261452565134,-0.06272981963931276,-0.06632695751664872,0.16793679432230016,-0.04519146558872651,0.010863383913936773,0.024365844719749476,-0.1166677277370517,-0.08620780170412407,-0.1429714148651444,-0.07369192262909864,-0.12673706119864808,-0.14008315399647378,-0.1543359315927109,-0.11606207284468054,-0.11380545118212149,0.181059869891513,0.1311810097194781,0.19590924394370254,0.18442334058495136,0.10779254152924976,0.12080471081288296,0.2513110614223455,0.13359103501463676,0.4527896062078866,0.41146393724935815,0.3541634900407385,1.0,0.6962803509579996,0.6390241473823949,0.6394881204108213,0.4660163556123182,-0.01952621462698045,-0.11779396307226268,-0.12484399437495627,0.15852692004548785,-0.04477355862449195,-0.022096059327046672,0.06910263426260432,-0.07950844043796455,0.036893840112272695,0.003103130567909838,0.02270708448755046,-0.021157491379249948,-0.05525072381488321,-0.046552311519241864,-0.045785673179369754,0.032203554843028115,0.02120155477545194,0.019675623534753005,-0.015265466698085891,-0.02796523380080236,0.026730372819265717,0.021175161312129126,-0.020841017832667917,0.006439812798707924
C5 GM right intermediate zone,-0.11918401969310585,-0.062442883979663924,-0.07948060057827556,-0.05472678317334572,-0.026605806991680067,-0.007190374739196242,0.024823405092406662,-0.010485464086202326,-0.04517304604734053,-0.02190371613144444,-0.027842466970282812,-0.07793344074030242,-0.041232409690880135,-0.08287567088981007,-0.14099612928162264,0.007254561264575014,-0.12044055885395231,-0.09869505278456084,-0.04298144117231164,-0.029848067430898795,0.03734816489811144,-0.07201025938500032,-0.1271967190790015,-0.15409627277362686,-0.048270921109944354,-0.11338574546251794,0.13058921664426512,-0.123871608685739,-0.024381510666362103,-0.07832433979139128,-0.20850555226132403,-0.061765811564362595,-0.09753308371048065,-0.034199640133462494,-0.1260989044580129,-0.047360892133465324,-0.0909708735854718,-0.06062567133517008,-0.08268407170213432,-0.0016577148316830365,-0.07677353024700441,0.08121704414898234,-0.019696722254453847,0.006717907235043203,-0.07238207183613594,-0.08005055683855371,-0.008439770802526588,-0.02039295480438887,-0.10207196545488142,-0.06052099491039054,-0.13195908165487655,-0.13276185639715277,-0.07757683650050658,-0.1248822235592251,-0.08474638862093921,-0.06740691654001225,-0.09572718597336742,0.17796522467074838,-0.09623478558357983,-0.05195896281387016,-0.025386692022068575,-0.2055249863836852,-0.09614627397027115,-0.14884074038778075,-0.10011931850938405,-0.0528542722467351,-0.09502767716603962,-0.12427927642896601,-0.09501326194245736,-0.14597036917748601,0.1934813397079717,0.18747324911558289,0.2468065017460144,0.21224970515439884,0.17417115265881158,0.16325058907885115,0.29969897787417255,0.18785408242275375,0.4164777461906884,0.5923508734601238,0.40357307641697804,0.6962803509579996,1.0,0.7955539035580452,0.6533921586490261,0.6515093240241956,-0.017081539521651652,-0.0712456023682242,-0.08109561848871673,0.1534869860932322,0.024401681948821696,0.02494318837071481,0.06840662790733126,-0.09840434238795606,-0.0012231320800269365,-0.018169134588172525,-0.009995930100166523,0.04906045447133446,0.03135014996765336,0.026825807796577346,-0.049895896189551064,0.015400249779438642,0.11335969237494356,0.060639100350279404,0.022948801478636417,-0.0482169248276717,-0.035274112568276006,-0.016310792203962112,-0.0005738340110937973,0.009453458945764642
C5 GM right ventral horn,-0.13331920300888242,-0.11229417028479302,-0.07604925991610934,-0.036818278476859395,-0.03147965431228091,0.028129100417328124,0.0517640630070523,0.01906587172512991,-0.019397716594748628,0.0082291266072131,-0.04035612691336804,-0.07890464748645065,-0.004336262151011735,-0.029534152315440983,-0.1350328808605726,0.02167372601540495,-0.09944309505138775,-0.11094009023943377,-0.007480192040373919,0.02015954582874383,0.07662404839781081,-0.05311820907881198,-0.128215250389389,-0.17670941744947716,-0.007064341505815109,-0.056392931583860176,0.13124366096071538,-0.10440857557213981,-0.043285491898765356,-0.020505051666705503,-0.20325300055885934,-0.055892243684092,-0.08494767506144839,-0.03740622896215692,-0.12135615377594032,-0.017906014968621427,-0.09213913725367232,-0.05540887118935718,-0.10143738310785375,0.022865715567415137,-0.05410026599525272,0.04215405485693846,0.0025568247306881277,0.012620587930490668,-0.038804631545016004,-0.10336724548013089,0.04880180673867485,0.01843944237083957,-0.055677242135069686,-0.012574055876435168,-0.08243559389784462,-0.10299766453968032,-0.08785135957614532,-0.0952707867808899,-0.07340694047789821,-0.030034232162953683,-0.06596456116867232,0.20300507925716227,-0.04027669363792573,0.03834159396270905,0.03872621711738499,-0.1418409586286808,-0.08889926210464077,-0.1507674886448059,-0.07575299186555799,-0.050383113469487865,-0.07925907883569405,-0.09964603529962801,-0.0750598618645816,-0.11213551280267584,0.1461968251930089,0.10902241665847827,0.18932962739573855,0.18325883892633033,0.11165815767978143,0.13273580724942996,0.2935476823132789,0.14293820775242327,0.39888202084180235,0.48863610200141155,0.4308075712124727,0.6390241473823949,0.7955539035580452,1.0,0.6888420480529613,0.7422802376140564,0.02306599260718741,0.029586234688393286,-0.01175908982395731,0.12919138707595404,0.09397117146039007,0.06799048000218724,0.06270308926178539,-0.11910326633131957,0.028886986493258757,-0.020185446375097466,-0.04885443008743646,0.05521894402212014,0.06590920088250944,0.0726079946192312,-0.05431060501133617,-0.02778104880085757,0.08887177937672087,0.020971942708291336,-0.056654018744884044,-0.0031479603593149437,-0.03539751355622916,-0.02806660117038994,-0.06291614773976367,-0.04850756013123081
C5 WM ascending,-0.07078114467381448,-0.08213572197601292,-0.06004849996469201,-0.04216927559384243,-0.06306920101115314,-0.01504556079366891,0.011561886362982011,-0.04448509406914846,0.021786837379999976,-0.003881944880288774,-0.0003314657275883045,-0.07678157694138414,-0.06704252135591011,-0.0572385151561201,-0.10841525024471689,0.018592729991592057,-0.0924645351825132,-0.06956436464445716,0.018432125162079864,-0.03202666396664127,0.05674450082240281,-0.04357736691740819,-0.05971153789781441,-0.10765618366527353,0.028954216952970516,-0.033812856157557705,0.21994567384600264,-0.0780008493324266,0.035466215568633365,0.012582323742101898,-0.18499211880499167,-0.03307039175139625,-0.04630071841183665,-0.00927669779637214,-0.10192218405525005,-0.01981740878138304,-0.09645411513740734,-0.06102482301371207,-0.09600048646217958,0.02118678212144437,-0.08164223919731142,0.09096578079185534,-0.018936859508469586,0.019485057859915226,-0.07660506072588523,-0.07617480733425015,-0.021168440341832368,0.014708307057756248,-0.11139950127109159,-0.06265132397662831,-0.07783367548588706,-0.08274943810102542,-0.06763686886060157,-0.04568578541860885,-0.030448102200186927,-0.050137163996700276,-0.08228638467221046,0.2215865767984711,-0.061592745764222724,-0.013539706641291697,0.04766308627467275,-0.12435439923347529,-0.14237345766784348,-0.19726057910363545,-0.09747028532035548,-0.08954460557914048,-0.13249864253392704,-0.11295659412496625,-0.09135949823811672,-0.14123905132284295,0.23192611875089858,0.1732580597803305,0.2661091752782356,0.23754835451704948,0.1786907286266279,0.21367707310643316,0.40213413727222386,0.2099793146079163,0.6607097555413093,0.6645363055845597,0.646641913590776,0.6394881204108213,0.6533921586490261,0.6888420480529613,1.0,0.7524765121998176,-0.01710031265528043,0.00833525787967938,-0.014354961431238725,0.04245622515095095,0.014570963507500628,0.019737556584085027,0.05281515353900244,-0.10852784867327214,0.0394642232098446,-0.03470001086021444,-0.03344772240166273,-0.026940292601836238,-0.04664285458183223,-0.058309116440016316,-0.14331743824776658,-0.06885784577189501,0.10065026617483872,0.04267357927425636,0.013142531273106169,-0.06672389117863621,-0.07289652971433651,-0.07692134569774278,-0.0637312297744223,-0.022940179273297476
C5 WM descending,-0.0881237660399931,-0.10360238458171288,-0.05856610352727837,-0.021105086335809396,-0.03358996235517402,0.008282939110650978,0.036330228747622914,-0.010456277854341318,0.009325060370072644,0.029856842085573734,-0.008977268687358587,-0.07612466199975348,-0.007092735500503622,-0.06116736406414474,-0.10133605671771047,0.06120093077234476,-0.05644399240376815,-0.07939639351224893,0.01006941123643577,-0.06257115535349682,0.05647705345944909,-0.0717771502313998,-0.11671105433985024,-0.11840355626052275,0.011947114005834897,-0.03415148087951481,0.15289267406675902,-0.09087085112763828,-0.012882303100033873,-0.030315879186202502,-0.18027769265420227,-0.090889856604951,-0.10325430176897413,-0.03390979015881272,-0.14559406232178596,0.0039582175052319014,-0.03984716715753744,-0.03138749360163373,-0.08348084913471376,0.043835920293457495,-0.09366028452511879,0.0471632974571976,-0.007274116064662987,0.006958650550565844,-0.019508490398067155,-0.07939524504054848,0.03341825269062092,0.017560200555403412,-0.08511870652129316,-0.09148426409343662,-0.021170643364217923,-0.09753480906958145,-0.03764401363040633,-0.0701274995491317,-0.039256836495067664,-0.041026271971447745,-0.07700722817056263,0.210615235633721,-0.04894437216243584,0.018023110870799195,0.031196315495850408,-0.1241959899372105,-0.07711154328186319,-0.11139509632886088,-0.03914411119736361,0.021352274445211695,-0.010402400659823459,0.003482517515588235,-0.0283191679775114,-0.05800090923655717,0.22994162112454594,0.1982590382232901,0.26750718582596256,0.2161698228051917,0.1647581044903329,0.1680107197306874,0.36374149226664343,0.19733548792645286,0.4700681661866973,0.6173755063109864,0.6571878287580387,0.4660163556123182,0.6515093240241956,0.7422802376140564,0.7524765121998176,1.0,-0.014601841980808923,0.04230726732578581,0.03680456767157664,0.04781846116666522,0.04649707408662765,0.034878921054013266,0.0898467306139543,-0.10179653265247493,0.03180563287113757,0.014281237060515517,-0.026646660308473038,0.01051296278942073,0.034484662740451366,0.0438450364400837,-0.10030989136145882,-0.09451798819070605,0.10941851879979154,0.004338919118709495,-0.03572826297574,-0.049415803238653654,-0.10576769824306016,-0.1008677233311572,-0.09731266667270365,-0.0838165465164242
C6 GM left dorsal horn,-0.032497888847503036,0.04642801381631554,0.036152790933485106,0.06071708780654134,0.019003931157243123,-0.0007739714899001341,0.01712142468150713,0.05783557501264969,0.058503119947636836,0.0792541323217511,0.05366355366004008,0.040557573459632165,0.10696073878511787,0.12166987206276281,0.08343991883083504,0.057844982095845605,0.07042028625112107,0.08279722907800958,0.053719127598268156,0.18724316190631077,0.06760197471044432,0.07816800091240365,0.09650801026801384,0.05110335853087471,0.0869752902050024,0.09457297846150416,0.04931963246144779,0.11414443645948297,0.1468339183393098,0.07674422039090223,0.08547698763020509,0.05201243904480045,0.04152196826879706,0.007128128084139253,0.12506214555858097,0.04538304686952519,0.021914002007320705,0.0790658482794619,0.04901230868093835,0.009368988183890255,0.09064467390983327,0.01271214146450438,0.041062235578151175,0.018373118554321232,0.029935196814270926,0.05933312890606041,0.03674698770439574,0.05288318503574439,0.12919504925057163,0.17945213069704521,0.05906418136017984,0.10393283184076893,0.12157071750648234,0.06788958253772454,0.02888871246750256,0.1349371153506681,0.13096230224631217,0.08594499511095635,0.13384566340311474,0.11002680487894557,0.05967238852224462,0.09303530545707936,0.04296112489060861,0.05853403835936285,0.033268673868850664,0.08458827040714978,0.04292717561176019,0.03895055677472319,0.02685752328827045,0.042268581180455594,0.021122400537184536,0.06554232483029736,0.04685190043867839,0.055122974093562184,0.08817601448232835,0.09081968331867378,0.08983794985854487,0.09402621599602792,0.02898509106425508,-0.02404495470464446,-0.0021437087709921497,-0.01952621462698045,-0.017081539521651652,0.02306599260718741,-0.01710031265528043,-0.014601841980808923,1.0,0.5898608754759235,0.6305530028701247,0.07426140967356186,0.15690362247339032,0.12051639169416599,0.5077511881572355,0.43034701613307313,0.08341150301737936,-0.09036469586385777,-0.0024497564297396124,0.0018820914498031602,-0.08317088586718378,-0.049531909889325015,0.02452728848264032,-0.04661206220493665,0.025286355813484755,0.10028136768276304,0.05488410323601853,0.10986727622139843,0.061455193344811206,-0.0038124307896608626,0.038791270398287135,0.06317992129463612
C6 GM left intermediate zone,-0.10359144218758269,-0.05616241391700612,-0.10444509399591553,-0.02234119257831635,-0.008284973064274684,0.000363791174372238,0.012552867761570663,0.06184866511068488,0.06443399168518954,0.04333435908787768,-0.02715902013767613,0.02587289589500642,0.09672305012663161,0.0925747238097054,-0.02095578411422363,0.03243967284341759,0.050458867698569915,0.021120115590712783,0.022179892532094847,0.1088729008802183,0.03505131135046247,0.006807752125319711,0.006709613379159476,0.006571571257507086,0.0475239259491068,0.04814145773175954,0.037424453176692705,0.06006248402793374,0.02521437596928479,0.08386215915980087,0.06452680371731544,0.027191609617746616,-0.005037157140172502,0.005519792628118721,0.04040138109503506,0.021892301655843546,0.014280824527089208,0.039489268174212576,-0.0008052233121216201,-0.006742072669068912,0.05934244907058022,0.00033159353739503817,-0.006497000622625408,0.031344867366554036,0.08700631376569604,-0.022331924104310206,0.06839866083543165,0.04776323541109347,0.13508744830251926,0.13477334670817362,0.06556380393716466,-0.004681615226243719,0.09005499896640717,0.028844065585402305,-0.01903814739353844,0.0964041188653191,0.11252922752882545,0.12473545455919952,0.08201108270402706,0.04570574242744972,0.0417410735771249,0.06470566078295348,-0.025029842218675855,0.11410822722392992,0.0478606491895765,0.07855739855258023,0.12477665766022453,0.04335709004647551,-0.027498896102323707,-0.015829803068490314,0.08385127423248669,0.10511790337454859,0.045150313432999564,0.1525915312336803,0.1569342233274872,0.12882539874615387,0.08728176469891616,0.09367032818941852,0.018578654054779445,0.004525423674871063,0.02068592958833668,-0.11779396307226268,-0.0712456023682242,0.029586234688393286,0.00833525787967938,0.04230726732578581,0.5898608754759235,1.0,0.7319800097092769,0.0837384299660906,0.50889229426673,0.31663984594551325,0.35575033049172355,0.5449079606491027,0.12306318892093329,-0.038387615306076824,0.0027400362632636435,0.02476207236990277,-0.014793335424654762,0.012932246635196072,0.04856159578488097,-0.08094177008782348,0.14634005502395298,0.12632709719877971,0.08313260202485119,0.08312606205480487,0.03874420050548591,0.05822702051672463,0.04183407260165603,0.0950346656563835
C6 GM left ventral horn,-0.030173270668122584,0.029010220315793735,0.04835980346887184,0.07602720644002682,0.06930144690412518,0.07002124192866775,0.05281315733464897,0.09867171604585091,0.09807496514170959,0.11229035816639717,0.03406149172259771,0.07395272245058367,0.11973655955134452,0.10620255744552592,-0.01570778288619136,0.09630529589528927,0.07871006315071745,0.06239393488967299,0.08815354338800611,0.1026296545106756,0.061548393681863524,0.029445955358123485,0.026074626730678088,0.0337233084176219,0.11316487123234628,0.07921737412373202,0.07620636807043532,0.06214966744180686,0.061926562595076964,0.04499244056950019,0.12509608888314241,0.04392158194818368,0.07423561391351378,0.04913111520562845,0.08554176706122055,0.08953310143525334,0.04962361448668131,0.11082437302735457,0.05711116567935039,0.045681750986943534,0.08150451303614117,0.0854239368529769,0.05857952812281927,0.07276669319300193,0.08841495103407121,0.02806487650426453,0.13263809265276894,0.1061156931770665,0.12499761767335008,0.1444208443322865,0.10590662104045359,0.06999093667833524,0.1287661335629973,0.035737666131794736,0.008275606335390344,0.11111436773621719,0.10403963826179355,0.130898047478533,0.11719829987706719,0.06818826058520229,0.02443803462406023,0.04986023710340978,0.051558246628173245,0.07363943886992606,0.041989371950019845,0.1064138387474169,0.06793001242292297,0.019939786842834945,0.013708790425166434,-0.009932119061039933,0.0810838635299911,0.12371798243226063,0.11099594447860964,0.14352789498323892,0.13837180972592267,0.14266647591576082,0.13877114858052136,0.1298053264587297,0.057471005662629554,0.004017664652602356,0.05324997146671448,-0.12484399437495627,-0.08109561848871673,-0.01175908982395731,-0.014354961431238725,0.03680456767157664,0.6305530028701247,0.7319800097092769,1.0,-0.015074592026690148,0.21170477729836235,0.174650432897984,0.39144648504751967,0.5417530193184255,0.13853639356522288,-0.05735052126706487,0.032479114778768935,0.02503163874622981,-0.10195552801819385,-0.08219873129188443,0.020139752566364345,-0.144663782084079,0.13484543353721093,0.04346773562894071,0.026967131478123574,0.06892693101240437,-0.04619291499685186,-0.03208808461439634,-0.02697296931681911,0.020396139318627292
C6 GM right dorsal horn,-0.015962211595614915,-0.024608012264842462,-0.005022138378791701,-0.04127725507271185,-0.0860612735672804,-0.1137876663040343,-0.06318274881942873,-0.093355540590503,-0.07241002124108185,-0.052232923072115724,-0.055917427293011225,-0.0799859432206472,-0.009076745744537257,-0.09517978278208378,-0.05207916475953152,-0.11652974023746365,-0.12263588954953258,-0.06991528842949196,-0.046925707514096575,-0.07148740628268649,-0.026357561902580817,-0.1491123651429356,-0.13039378024975345,-0.06173939739347769,-0.12248109469773814,-0.1233729093291254,-0.06795590889690714,-0.05695163798348306,-0.029589377815058906,-0.04579682166100977,-0.012812324327584461,-0.032600423232779695,-0.02469013377371181,-0.10153500780521219,-0.012272522052623422,-0.05666548548111922,-0.21300801932668117,-0.16797059985716511,-0.11126522218734024,-0.08185221108886738,-0.09689512601083211,-0.05825594266874704,-0.06889948532484035,-0.05318491920068952,-0.03377440291390906,-0.050357087398513,-0.04151106529109798,-0.050185988725937894,-0.07264703547522358,-0.10439271567173565,-0.17886342454358875,-0.06609705375522475,-0.12627309833661585,-0.08630649511428486,-0.028350787351942262,-0.06454753928512592,-0.06046671069729924,0.008756132782826184,-0.09526115565057713,-0.05730270273458861,-0.005175050787878729,-0.07319840137348706,0.04345716167839301,0.07161066808652912,0.04329898245673373,0.06798246585713386,0.07086304755571715,0.013082544071511422,0.05157128584893085,0.05787714719369101,0.015058621468895125,0.06868375215892009,0.061349516915029975,0.02512172109773135,0.0006358394027371668,0.005152623298023581,0.04168007710423559,0.048972585649863,0.022873601447854913,-0.009353189618729257,-0.008630031931634719,0.15852692004548785,0.1534869860932322,0.12919138707595404,0.04245622515095095,0.04781846116666522,0.07426140967356186,0.0837384299660906,-0.015074592026690148,1.0,0.6064285166952863,0.5614907721328356,0.36870327197777597,0.3058992234140301,-0.012257947266689636,0.03707370413877094,0.072490428334327,0.10776088744470312,0.1692761624850464,0.16738407667210553,0.08221392451416247,0.20631449992970452,0.0290561201106497,0.13765048130386634,0.12168629219942133,0.12117067192654389,0.17908274218720907,0.22463992772088245,0.17624451738526534,0.21845524154609663
C6 GM right intermediate zone,-0.09361446118655409,-0.09569267249396399,-0.1392859303131258,-0.08858311584119156,-0.08933008568432421,-0.10138559855596133,-0.07404880595517627,-0.07496529750826592,-0.04615110286894964,-0.0649927513580313,-0.08387335061313493,-0.08592445066659563,-0.02228196119856304,-0.09324955587454242,-0.06402662628417106,-0.06713609255303682,-0.06394951120989596,-0.0923950476055712,-0.06950499958052091,-0.04169681764760491,-0.037061760901228376,-0.14178048870217622,-0.11587468144528326,-0.07038745833956518,-0.08708226797562452,-0.0765766002244187,-0.05502139669470145,-0.0477229206455895,-0.04157723657665658,0.008118954903484476,-0.06910062909949945,-0.026418115142528495,-0.04175523910588755,-0.08744776846744659,-0.06943554831806634,-0.05826529198485511,-0.12119999753756523,-0.15449243657593298,-0.1253494243828931,-0.09589412396404041,-0.0654528096828749,-0.0857177961145803,-0.09809782378512541,-0.023344487956959342,0.027549854550720967,-0.11557502985756465,-0.02747827707245828,-0.06585255172241909,-0.013643773487475827,-0.057713283817800005,-0.0867599847627559,-0.11275421998534728,-0.045437208457091996,-0.05892332350484466,-0.056555262626763754,-0.02605899381608014,-0.018018186186150753,0.02542210050118741,-0.04633757699947624,-0.04888742593276051,-0.012087038756927198,-0.0001515379936817474,-0.041818660328024324,0.09195332779954046,0.018734093870451267,0.0749666151577668,0.11719481095808816,0.01390396512781286,-0.02073413088327679,-0.013077388139878651,0.07329692014538049,0.09057084273187796,0.040679761825314215,0.10465298449135231,0.09401820650761222,0.08009550344417947,0.06881350476818046,0.06779927842883555,-0.01212333556403887,-0.010118196011354323,0.0028087949754978126,-0.04477355862449195,0.024401681948821696,0.09397117146039007,0.014570963507500628,0.04649707408662765,0.15690362247339032,0.50889229426673,0.21170477729836235,0.6064285166952863,1.0,0.7768133956968098,0.29449713634476815,0.4564841222185948,0.04359278993062757,-0.01651305716832068,-0.013866470013219324,0.08455002523112651,0.08151705929888074,0.08107120000555551,-0.00771104378930688,0.03438950076193963,0.13850513941846807,0.14336793556501057,0.10626475164436201,0.2020742086506647,0.15591819010982494,0.22807519712663715,0.13784709346866336,0.17846673116055292
C6 GM right ventral horn,-0.03921651373788027,-0.06514240068567283,-0.067312644111773,-0.059768958236186616,-0.04050572368237721,-0.04001301671228645,-0.05404981691928285,-0.060723461041522736,-0.06913081302517247,-0.028147346756137986,-0.03775974463514056,-0.06885195841433336,-0.029621884820950024,-0.10488408120867089,-0.018590319074955942,-0.07994041104836663,-0.05947053362257214,-0.10663977079286939,-0.017812100304293317,-0.056299359755011345,-0.008746373961233702,-0.13360274471859618,-0.11177984360473894,-0.07421789085843444,-0.09095833535626317,-0.07068817781755606,-0.03341248734181638,-0.0378967353454631,-0.029815555574524567,-0.010321729918469857,-0.05367091687602092,-0.05979237061586851,-0.03204426265927246,-0.0688681367905034,-0.10263033835700637,-0.02894685740108946,-0.12744916254843544,-0.10565464787427449,-0.08711347508367108,-0.04329086802220296,-0.05600925178474546,-0.02308008109336273,-0.05572565163255024,0.0029186442881063966,0.06589216100391374,-0.10304640283298361,-0.03664389506995686,-0.03740209970338927,-0.02356703721350682,-0.10783021189940005,-0.09969861919822162,-0.08912920264449248,-0.041446481675906414,-0.10009450397371646,-0.03886363211612954,-0.029382365256653296,-0.04784673372475362,0.012466945748404921,-0.11471282347920626,-0.06703451503580217,-0.007217975156450325,-0.021610510522084174,-0.015353869758683808,0.0029076148599481637,-0.08009203720239998,0.0378757822799943,0.070966289728248,-0.015438868057845643,-0.0348577207237602,-0.03766920005961984,0.06323671577605221,0.07751229194179364,0.06457053759889539,0.07958907383923058,0.07411001661805823,0.07143844656646778,0.08624474974912881,0.08688250492270923,0.010241153428275692,0.022202559016310592,0.007071232082419658,-0.022096059327046672,0.02494318837071481,0.06799048000218724,0.019737556584085027,0.034878921054013266,0.12051639169416599,0.31663984594551325,0.174650432897984,0.5614907721328356,0.7768133956968098,1.0,0.24163664610312624,0.46592834294543495,-0.004316850906487755,-0.0390031904321395,-0.021513186270095012,0.10541703130027133,0.042532992993199674,0.021646540779434235,-0.008956448858967465,0.0008479190924852423,0.10332532846603937,0.1124999091446976,0.10059371520603841,0.2209998157195714,0.12804663810536449,0.20794906344776176,0.11879788354975866,0.16721435649129027
C6 WM ascending,0.04839399144311852,0.09875118584419579,0.14337558108116633,0.13914389823425377,0.057374284225329066,0.013971263631805465,0.041421717372825746,0.05614317849390958,0.02818151488615001,0.09065595690355363,-0.026216466959179653,0.046743495308788796,0.14882155436893527,0.11463038971999145,0.037220126549487156,-0.0052525841561547396,0.07155574218120554,0.07769952523924312,0.047243265423242926,0.09336653147530023,0.05611207721814893,0.05685994312816784,0.008653065281449322,0.04046478671447184,0.09620166434221278,0.12282184802064464,-0.02691253965311713,0.11046088810208755,0.1277818269540512,0.07986934307347973,0.08193981497837471,0.024557359642557834,0.03044835625660872,0.01058752051479434,0.1082593798596941,0.0773435254917659,-0.007931706934995298,0.06689827009849736,0.05813404805288185,0.03891039216328319,0.05199044989939644,-0.05061287680963604,0.0757423188238257,0.014544251080030933,0.10109094203928527,0.017614316676418277,0.06517294828672957,0.08324777404571833,0.12552611635152192,0.0961211038404755,0.0843462721339764,0.10403315171614254,0.07099718699396386,0.09248908250534595,0.04808542254212783,0.12224262306876282,0.1236654731210084,0.014741328553068676,0.08931839599984935,0.16733078422153022,0.07629261212765102,0.14474972681016623,0.09754699234688151,0.08262147883951829,0.10709037230147443,0.14978609010580293,0.033046423102663716,0.01423309294789949,0.12636893312729836,0.1090165961243771,-0.04358167511596406,-0.02273794802613068,0.00986801710811479,0.02998107850248294,0.014992604164433687,0.030181186088921563,0.055004136114570105,0.013870030912767577,0.007309815812580561,0.003441607644144515,0.006899661628338419,0.06910263426260432,0.06840662790733126,0.06270308926178539,0.05281515353900244,0.0898467306139543,0.5077511881572355,0.35575033049172355,0.39144648504751967,0.36870327197777597,0.29449713634476815,0.24163664610312624,1.0,0.5911695564733046,-0.05604708697619816,-0.04137070763724365,-0.041610410169241656,-0.050960720568178006,-0.005663796998080014,0.01824122045949754,-0.026981114352924936,-0.017438662026575732,-0.021790128405486688,0.10722025791346798,-0.007871056108343077,0.056011390710607234,0.09762234387787731,0.04698254866401595,-0.004448769278835835,0.028205291350853565
C6 WM descending,0.061993347892033444,0.05160571919946716,0.11503015770211446,0.046242736813384075,0.018003454364764263,-0.011658878263264533,-0.03889199608654346,0.0013877584690121197,-0.043794224936305165,0.021806810286014097,-0.05704570296495235,0.07792591008803627,0.12424336898195838,0.08066212387137997,0.024058058314647947,-0.00919503244758854,0.12846549433957757,-0.017158906726619867,0.05853750648102151,0.06984628645065483,0.03272674341319184,0.02377059886349857,0.00948815732489556,0.048830906768253676,0.09213507432385754,0.10981231650835825,-0.05209825530603452,0.06887147842741366,0.08433748315830578,0.04251855309358763,0.1368107116735183,0.04878766324255724,0.04856844327072538,-0.002063197947943905,0.08248692949646083,0.049214115560278535,-0.0357291268915387,0.01045650590998411,0.04750503089265568,-0.04157153197465127,0.06287586585112931,-0.0530298556331861,0.04670094265216804,0.04537904157126983,0.14506362473814377,-0.006933964816934848,0.04982528753965101,0.06057731671838461,0.13199344160337576,0.04415068599295156,0.07319768190664802,0.09131209523844676,0.05947181942822006,0.06342341934491974,0.015601122575438213,0.09761456464158001,0.08697746079184229,-0.05930162599005439,0.040361769927986575,0.1140614205834267,0.01997841740074579,0.10060170069375238,0.04292153453902972,0.0943971139852298,0.06476700691641978,0.09856689919614957,0.07563554900390052,0.03228721448954213,0.0762819545739338,0.0634023152444468,-0.0013802049611717168,0.07148108173431628,0.03884632659412516,0.0047133038938186895,0.07534317229060299,0.09366875030094411,0.028872473570974232,0.054442488634328885,-0.08528803679684076,-0.1324233367871761,-0.09544786477259072,-0.07950844043796455,-0.09840434238795606,-0.11910326633131957,-0.10852784867327214,-0.10179653265247493,0.43034701613307313,0.5449079606491027,0.5417530193184255,0.3058992234140301,0.4564841222185948,0.46592834294543495,0.5911695564733046,1.0,-0.09531273449742372,-0.05164599432488989,-0.017576911044412984,-0.07042562740962816,-0.05873091745380467,-0.03993233327687308,0.04283609846324634,0.01694054571989582,0.009925965852645149,0.10132135234509693,0.07186322625458398,0.06660983317883508,0.11752084008877825,0.09085593079847737,0.06750828925144702,0.11064048263087613
C7 GM left dorsal horn,-0.09728874897322153,-0.13629716738758207,-0.07689702802575235,0.019638639886541197,-0.1673232568743769,-0.08975529495416211,-0.1062227264279237,-0.09358422904360132,-0.07294828574529653,-0.13113750344534322,-0.03390554499120277,-0.06927704200944051,-0.12006472581000238,-0.03139113732661269,-0.08236475990271253,-0.0059142074716920096,-0.08794170491253538,-0.041605762270268944,-0.08059815184775941,0.02552209394272526,-0.005894139916221042,-0.02005667783279701,-0.07413113628464191,-0.054163504716449304,-0.04715623306472666,-0.08012701397055602,0.002091025513858261,-0.07460381257764652,-0.026670888342894307,-0.08231639593690783,-0.06426733869214821,-0.04555037382332822,-0.032529521845929985,-0.07376336062010089,-0.03194090483014791,0.04371237029026946,-0.11709723571328261,-0.07962860540692734,-0.008152521243336262,-0.1925212318962814,-0.017908831476607427,-0.03688901076363085,-0.07058357598755609,-0.09393499496041786,-0.016290673237217484,-0.06598998556788854,-0.03935390341498242,-0.09077046889981402,-0.025211001164223194,0.0018499477357261528,-0.09476184302276265,-0.10182086380952318,-0.06380536616374864,-0.08038611708236086,-0.0891494701329021,-0.06534257121262996,0.0029598540829719714,0.06559801660936236,-0.02666884683672529,-0.1212523324302958,-0.08495801364253086,-0.1069668927759862,-0.1081307770062201,0.11084956844704974,0.09783291103498391,0.048091228116830184,0.15348027711407453,0.09645819814688021,0.01376769253958304,0.0560727860831991,0.10044425757757286,0.07957303124691706,0.06565298397405117,0.10590418342475033,0.02408290845206846,0.0116838904777168,0.09192387328529687,0.012749383934010847,0.059937625157208047,0.0646395170119805,0.024628325429599376,0.036893840112272695,-0.0012231320800269365,0.028886986493258757,0.0394642232098446,0.03180563287113757,0.08341150301737936,0.12306318892093329,0.13853639356522288,-0.012257947266689636,0.04359278993062757,-0.004316850906487755,-0.05604708697619816,-0.09531273449742372,1.0,0.5201565186806301,0.5234829015960007,-0.06529358232483415,-0.09480708068290483,-0.1342662408079724,0.24307489526092363,0.05073440537553002,0.20788261725220447,0.08262733217316803,0.05945206176720887,0.04022544809713639,-0.029414857359848355,-0.050111979559453054,0.030786846754870863,0.03808503857900863
C7 GM left intermediate zone,-0.06998596271746352,-0.14077558577125004,-0.015990274861791144,-0.04563194333685,-0.1667216514867155,-0.1506564838550465,-0.10942831785797574,-0.13211493243192574,-0.1646737831112557,-0.16336395490078517,-0.13786607543084362,-0.13124774656468524,-0.19488484529510017,-0.07160641729836817,-0.07775682586521875,-0.053965702784379996,-0.06833724538812608,-0.1072503091336525,-0.106137995893795,-0.02126656464131436,-0.07290754357861777,-0.06256406296699742,-0.10945015510709893,-0.06405360896094264,-0.10734729959014377,-0.06543857894983837,-0.15697276261496074,-0.09608783156676402,-0.13607743660999544,-0.07538195228265211,-0.06193251518547778,-0.07765341097270788,-0.08946850861794786,-0.08966724828284862,-0.09757502237791203,-0.008130527060725352,-0.12899183813925647,-0.0887388989325922,-0.0705671585815874,-0.1854070436858246,-0.06126372823001489,-0.11994437711341843,-0.10193221587875641,-0.13985586997264568,-0.03915333731191557,-0.10684489328079085,-0.07676810582724325,-0.1311947651157629,-0.07360050857647793,-0.05007262631479705,-0.1305143322829722,-0.08042363337533291,-0.1595631090934348,-0.08614209451282347,-0.08719479849358285,-0.08313085142148378,-0.05607968163240731,-0.057423993351330783,-0.10235187197796473,-0.10194060763039263,-0.09574288009767534,-0.06816103427829874,-0.0653611005729781,0.08928712991531744,0.06677867246001434,0.08310483105796257,0.1069824734848411,0.05113709091616193,0.07678559329931472,0.036177315545499515,-0.02708624333908892,-0.004602154741988996,-0.0331155497194238,0.005909523970930068,-0.04035507498001973,-0.06455800813246386,-0.04984753419457845,-0.06569714870327639,-0.029711832226319068,0.0066257594314119315,-0.04123790491861386,0.003103130567909838,-0.018169134588172525,-0.020185446375097466,-0.03470001086021444,0.014281237060515517,-0.09036469586385777,-0.038387615306076824,-0.05735052126706487,0.03707370413877094,-0.01651305716832068,-0.0390031904321395,-0.04137070763724365,-0.05164599432488989,0.5201565186806301,1.0,0.7308281070689959,-0.016592763122195087,0.36629000916435317,0.1563170439256966,0.42801641810789576,0.39137284404383693,0.05652911310619183,0.08382037340080542,0.0698823638335084,-0.03834887141059047,0.10777930101323636,0.03797806290729885,0.0801466126094627,0.05896536237969707
C7 GM left ventral horn,0.01881589551023139,-0.05266987167000601,0.030907305376582744,0.03118848814784636,-0.13994039077408513,-0.17464695833919883,-0.12654934333357057,-0.11906782020202576,-0.15108077632420724,-0.1531590387413562,-0.03799394569069986,-0.029914579421639203,-0.11573832803233311,0.011115989605803818,-0.05032778684490339,-0.013845433984393108,-0.00629973114580283,-0.040724488585380456,-0.018496859169942505,0.020218951711579603,0.027105359175465676,-0.009789563147628126,-0.01928016049376337,-0.022833392806245096,-0.05689914629724829,-0.03250788385724938,-0.07991207425809023,-0.039592362187787174,-0.04079311270615781,-0.057934305209270176,-0.02296923126079896,0.009213660288813966,-0.020606153997535147,-0.028926662467307296,-0.03509310893336147,0.07641855230907031,-0.11879996632964665,-0.06606771783842678,0.05004030748148955,-0.1711883409664693,0.023389851170244728,-0.03495624601963563,0.007357404248166652,-0.056071538050389905,0.04810524156117371,0.024521515337668956,-0.005786124380048958,-0.0505986312904073,0.022240400750346757,0.01608365051625739,-0.061633384992601,-0.002294220557304586,-0.07562982331813689,-0.03322770144604759,-0.03520359259216239,-0.004627442129578731,0.022692013608233898,-0.009008797214615177,-0.009147325232967126,-0.05940339107986513,-0.03399291872607195,-0.03518913959190653,-0.019158371181135118,0.1091395909430284,0.06862325581447319,0.0850623409189046,0.10229615204871871,0.05674526892626658,0.10102024085484829,0.025236726164361574,-0.020517776481631424,0.01287158931474393,0.010722787287702738,0.001452688093020751,-0.055100607388915146,-0.08859284483479557,-0.03862444161807915,-0.06477300718780539,-0.028656181609984392,-0.025775994651464542,-0.039029218833280824,0.02270708448755046,-0.009995930100166523,-0.04885443008743646,-0.03344772240166273,-0.026646660308473038,-0.0024497564297396124,0.0027400362632636435,0.032479114778768935,0.072490428334327,-0.013866470013219324,-0.021513186270095012,-0.041610410169241656,-0.017576911044412984,0.5234829015960007,0.7308281070689959,1.0,-0.008159309145349415,0.12598534755713559,0.07621014931514483,0.48965575770912223,0.4703325874414819,0.04203437081992548,0.03316535292138435,0.08277706631555,0.0009718287436848264,0.061770278981041316,0.01303308091346934,0.10607902743733029,0.0520264012418211
C7 GM right dorsal horn,0.032465718038082625,0.11322157723085317,-0.023766871161196607,0.05241565235359661,0.11474435995382852,0.07771655114765824,0.11495653129929988,0.09869233327431425,0.10620646342354888,0.14741546418234733,0.057253624901484466,0.0862866752814862,0.13077851523848155,0.048820456522996096,0.09620617879360636,-0.01847714656145802,-0.041850055841886696,0.09286219076134414,0.060588624940701115,-0.07181593335224497,0.0926901825362318,-0.044508767794645535,0.007255048009509221,0.024955013979618905,-0.05340392460790768,-0.03837933260746677,0.006718562411699035,0.029250374985596468,-0.017253614032873406,0.00014246608732069514,-0.05225335700144116,0.06270350200087867,0.05269337669264525,0.13627519573677466,0.03863274275512252,0.11764422099179064,0.09607018611654916,0.11647357580120267,0.027838001536235626,0.19279346484385448,0.06357935477545061,0.1369700654784766,0.07551371363396824,0.12737827238898192,0.09401476381173057,0.08945807258647255,0.12138850388922051,0.08236371069513103,0.050635992622422174,0.003475115260412307,0.060355032248518084,-0.023116677584674537,0.019943973355882806,0.008237169790103008,0.059806014375823335,0.03497952605625513,0.025313887058491965,0.06012660191791583,-0.05362855335458892,-0.03124601035159833,0.08123538660216766,0.03611710508226009,0.0252557704170304,0.045591870354686106,0.07265054075388475,-0.02639651778647561,-0.038624533035167524,-0.0631772724465233,0.030165599955586177,0.027186621966944918,0.011757913663433114,0.05445897226589882,0.03746793600118173,0.07356181579531201,0.05204059198552052,0.03039251105009975,0.05641144534835632,0.04510040929685542,0.013626906394797196,0.0695771862568348,0.038468288957932584,-0.021157491379249948,0.04906045447133446,0.05521894402212014,-0.026940292601836238,0.01051296278942073,0.0018820914498031602,0.02476207236990277,0.02503163874622981,0.10776088744470312,0.08455002523112651,0.10541703130027133,-0.050960720568178006,-0.07042562740962816,-0.06529358232483415,-0.016592763122195087,-0.008159309145349415,1.0,0.5089993225039902,0.4981034051846344,0.3347844986202944,0.24298045283611802,0.11689988013980593,0.18605007706474652,0.1783144367396415,0.16116157855909755,0.21887564557098546,0.2637111311526186,0.18166709512503973,0.235793807835452
C7 GM right intermediate zone,-0.030443195363967952,0.0020708147291299273,-0.009520628210878483,-0.033788077668832885,-0.035864241317957686,-0.025441011056630936,-0.01983008123998431,-0.010948548959423526,-0.03595993950903552,-0.026303216526014382,-0.09164988491802104,-0.0916167184799235,-0.05304626788266375,-0.05055737524592599,-0.01219428288069951,-0.07811265100631572,-0.10540535095663668,-0.025250181712512598,-0.07542616686059594,-0.07579858512908251,-0.019579512915711562,-0.08599527965573028,-0.1041992192836144,-0.05862928652277638,-0.14868551276564584,-0.1223006191665698,-0.07929027052859848,-0.07296269879518394,-0.10139828010886666,-0.059057125299619984,-0.010039649556835839,0.0036288166114096816,-0.0075509139746240735,-0.005076523669440788,-0.01912549620224826,0.012794093380059329,-0.05021981756389742,-0.02716588981349586,-0.1077393332816133,0.01606095692147505,-0.05489249564469342,-0.006373603300943704,-0.058493010207157484,-0.05924836779734827,-0.005970462484400739,-0.07908001677077746,-0.012583933922398647,-0.07658416345473561,-0.0547252094163164,-0.07108407996910403,-0.11544171074751342,-0.12503485223343425,-0.1123367671521791,-0.08780467763539766,-0.058545536060558914,-0.05308586332092364,-0.04521527857153286,-0.013109848012618937,-0.17243236136533438,-0.11726524957123931,-0.011632933447024877,-0.07331385229848182,-0.03712620744295667,0.03290375067703524,0.036055662501207585,0.025304025036516634,0.07197092250084096,0.0640647389357738,0.07171425907022276,0.07047692069332248,-0.07610381034901686,-0.016923882472982845,-0.054947888001700335,-0.015358747458933762,-0.0127825102046238,-0.050692536347506166,-0.0874749790510983,-0.03625334636396328,-0.08570003393666681,0.0012791626295849423,-0.04954398671623716,-0.05525072381488321,0.03135014996765336,0.06590920088250944,-0.04664285458183223,0.034484662740451366,-0.08317088586718378,-0.014793335424654762,-0.10195552801819385,0.1692761624850464,0.08151705929888074,0.042532992993199674,-0.005663796998080014,-0.05873091745380467,-0.09480708068290483,0.36629000916435317,0.12598534755713559,0.5089993225039902,1.0,0.7534924159720165,0.39963159209115184,0.46036093746952494,0.03013030772644559,0.18542481936097105,0.15929578475144116,-0.014315621560896061,0.27345771035339944,0.22388178000481998,0.131277180759854,0.1961175391462085
C7 GM right ventral horn,-0.008558322553411154,0.0016738510496518545,0.018240553738482882,-0.015405344497684294,-0.008130201046660462,-0.0024666934795675526,0.010575074497345323,0.007675282438209414,-0.006455948914741936,0.028571219409738946,-0.02448735828657266,-0.038087765520360486,0.0465517446016372,0.00023554972230700093,0.012380216474514849,-0.03901280687607307,-0.04476955708598567,0.015680576121148176,-0.0411384463296186,-0.066063872424072,0.04185234554382441,-0.03953437645814059,-0.05127137725574877,-0.004725967742752179,-0.06322490578060544,-0.0930921669223503,-0.016544520939550316,-0.028744434338189996,-0.01764358128314592,-0.029707565107688207,0.05886355456222121,0.07735863559167216,0.047334895071051104,0.047590091741405015,-0.001075940689581289,0.03694182263265521,-0.029006221001458193,-0.025146638965238867,-0.06112908834133892,0.05567650573600857,-0.016265520361693656,0.059921372779081716,0.013274208727524937,-0.01150651804806371,0.03366145471266422,-0.0014743811035504233,0.0806776559608498,-0.0041993539274852625,0.002795447918683227,-0.04049873665992188,0.0007504691209161858,-0.044868618122620496,-0.06009846160516136,-0.03668147164184962,-0.014860884656537671,0.022176982732160604,0.0017712482268576579,0.027939226707413778,-0.09489054833971845,-0.06199547799784715,0.03454253691073713,-0.04065923303785357,-0.0063799987717676025,0.056058993939847354,0.05865698740165013,0.03317387899244993,0.06486002705591956,0.08951811803949888,0.0885705057207216,0.0831726544735265,-0.09829547193795239,-0.043615290643721,-0.05510656903731146,-0.05923658392457483,-0.050175476952684255,-0.07448647641389082,-0.10573627438822002,-0.058491576319252656,-0.08852863256417466,-0.0005907231800793492,-0.023126945719382213,-0.046552311519241864,0.026825807796577346,0.0726079946192312,-0.058309116440016316,0.0438450364400837,-0.049531909889325015,0.012932246635196072,-0.08219873129188443,0.16738407667210553,0.08107120000555551,0.021646540779434235,0.01824122045949754,-0.03993233327687308,-0.1342662408079724,0.1563170439256966,0.07621014931514483,0.4981034051846344,0.7534924159720165,1.0,0.3936006528877172,0.5158243298017146,0.019384359147623795,0.18804916849999395,0.15838877617129582,-0.025856697431352344,0.28025600316633364,0.2615164549238046,0.1430205926215567,0.20583244092162992
C7 WM ascending,-0.01132846127430732,-0.005424617863187407,-0.017405931963855585,0.01210158957709671,-0.04578045006060071,-0.03938854704899399,-0.017395206191046005,0.0009552623648439192,-0.06129763304572537,-0.018266046703344172,-0.05695361543082343,0.04161261403466059,-0.028069240060383166,-0.0014500860826995724,-0.016119040615086556,-0.0025547680796997045,0.005476208528411119,0.021737444753297207,-0.0007664066571543285,0.06965573548362815,0.036392453481808466,0.009840679502681944,-0.005852192373470074,0.033333940464359384,-0.0013590883194211716,-0.035193921898966085,-0.00927266660854082,0.01812419123100822,0.05733059203206904,-0.016605024921512265,0.06902274297829923,0.04591146656624588,6.575020071901622e-05,0.023814357777262988,0.0103957015960475,0.04857648109476974,-0.020357490475649106,0.014507522783690293,0.03523176275457928,-0.04695880871074634,0.012524892274399105,-0.038978304626933115,0.023239859621322488,0.058401401735445516,0.023937090044933444,0.05135389723326699,0.013442420397889688,0.02438425424385315,0.028741817562100546,0.011628610851567293,-0.04018750107619788,0.011216736833874719,-0.006544758953422411,0.09158048683973943,0.03688615460179262,0.04401557561232295,0.04680659298994812,-0.0025341396346706814,0.020003513289598613,-0.045615393790130965,0.040848424858102944,0.04500540266970386,0.15266787382418506,0.21821162718463594,0.17427543069398857,0.09961026717715626,0.16048684711110153,0.15830682434968985,0.2451105672257644,0.17223879518836901,-0.08109056645932053,-0.019918307640326174,-0.06379459021766815,-0.054116868759050134,-0.10430624108156332,-0.11511222635551328,-0.12009655969740493,-0.11515538755223102,-0.05850002211011841,-0.052055254339409364,-0.057347446976392234,-0.045785673179369754,-0.049895896189551064,-0.05431060501133617,-0.14331743824776658,-0.10030989136145882,0.02452728848264032,0.04856159578488097,0.020139752566364345,0.08221392451416247,-0.00771104378930688,-0.008956448858967465,-0.026981114352924936,0.04283609846324634,0.24307489526092363,0.42801641810789576,0.48965575770912223,0.3347844986202944,0.39963159209115184,0.3936006528877172,1.0,0.6486892351602331,-0.04334316161236203,0.18416644310889982,0.19507557844967813,-0.04633179931603275,0.24419158865120857,0.20448748743999345,0.26938140839945574,0.26322841722317075
C7 WM descending,0.07593329369737832,0.07636444684800867,0.02404813208669863,-0.028280446982583342,-0.01147926997941703,-0.08007265496333169,-0.007203552547167012,-0.02434323475242049,-0.06274876234780703,-0.0029959601567490497,-0.07314726399877162,0.016929634362008714,-0.025768126763886047,-0.05167626229691171,-0.06520076766953742,-0.04871939828583897,-0.030943779776473772,-0.007116494508041574,-0.04991245731564496,-0.03685913419488973,-0.0004759044237596617,-0.08099280567300818,-0.034594514639632645,0.021467739517523038,-0.020823065737504906,-0.0642839703807416,-0.041661764599389285,-0.03149710893965249,0.025805649343863393,-0.02662193930283851,0.06370677230749636,0.140901912804405,0.09040588941345995,0.06830938939154424,0.06318054865910122,0.05992365069551063,-0.0023063932540739384,0.021702102544420333,0.023137880424723218,-0.02085912800740149,0.025282671125704093,-0.017436395836939154,0.0776553564225918,0.0400270049778339,0.022399242270166153,0.0605513140843918,0.01637821711892393,0.03408057246018654,0.023180820028544036,-0.024006555246176745,-0.0293142870091238,0.044898909128880476,-0.0555036863936674,0.09231161167895477,0.07924826477689297,0.044553419384778754,0.02812761148604716,0.012648421699586193,0.011758337162115084,0.018292865244323758,0.0890151414607299,0.039187485787700004,0.13118755499795481,0.21819009883960397,0.20465316165406597,0.11154188798626202,0.11897647441048714,0.12537547935092822,0.28208217420725346,0.22525690879503027,-0.1023968166906727,-0.022892892029916893,-0.021333242594671467,-0.06798718209266448,-0.10445083909997528,-0.1257908383015661,-0.11595568921797614,-0.07599553598644174,-0.012799900750637453,-0.001417614090079418,0.03030488359372653,0.032203554843028115,0.015400249779438642,-0.02778104880085757,-0.06885784577189501,-0.09451798819070605,-0.04661206220493665,-0.08094177008782348,-0.144663782084079,0.20631449992970452,0.03438950076193963,0.0008479190924852423,-0.017438662026575732,0.01694054571989582,0.05073440537553002,0.39137284404383693,0.4703325874414819,0.24298045283611802,0.46036093746952494,0.5158243298017146,0.6486892351602331,1.0,-0.09879069051756509,0.2266362916256545,0.27944191277125785,-0.07012935445555751,0.34261212963761406,0.2781335671218822,0.34641929680463446,0.3625951833381882
C8 GM left dorsal horn,-0.07697370089320048,-0.07632511586501986,0.005719073158352164,0.0016534511592191173,-0.030524660972438476,-0.016980761954913635,0.011364999718762604,-0.014616161108680976,0.11192627954315502,0.04092324815769664,0.113894828083659,0.07354591999739525,0.05419052885821067,-0.09386339100125066,0.04896930616407842,0.09240830867198872,0.0319045056493902,0.054426117902810045,0.049721717530526496,-0.08279277394148507,0.031657157871151725,-0.02758384018733087,-0.016482394817078902,0.06657789303228186,-0.0631724616678235,-0.046146665878726074,0.024642141245867437,-0.005813613344426958,-0.012704116437391832,-0.035431910798060545,0.030339367873109084,0.09341935968516729,0.024263178712209208,-0.015260942389869536,-0.012598723701754523,-0.02788827450403906,-0.055421636507125296,-0.019270308104717755,-0.02470202504134663,0.013424675026083901,-0.08054058440750289,0.06247002796571727,0.019434318608959954,0.11083278928610239,-0.005236437859259347,0.05523923122576256,0.08891155467723082,0.0334604457021196,-0.01815158139070046,0.004647671733346233,-0.017368241190762624,-0.024596817230297836,0.11648128987493683,-0.04437231206489519,0.041434585782316846,0.01734459166298144,0.009899399625157835,0.09014546557800182,0.03498340296342968,-0.0867368884113732,-0.01697417936237461,-0.019711500304047908,-0.09124756292342501,0.028401976526868433,-0.01007004056358027,-0.035642608854059524,0.07243348976364303,0.07132843325504132,-0.10660416559297697,-0.04304611567346756,0.18176352427519116,0.15465962846038084,0.1833120208214306,0.07931978491630613,0.055475139832004486,0.06447172648203155,0.10296282819147151,0.1250744084906959,-0.02924125777062512,0.1006047938138304,0.075360041761217,0.02120155477545194,0.11335969237494356,0.08887177937672087,0.10065026617483872,0.10941851879979154,0.025286355813484755,0.14634005502395298,0.13484543353721093,0.0290561201106497,0.13850513941846807,0.10332532846603937,-0.021790128405486688,0.009925965852645149,0.20788261725220447,0.05652911310619183,0.04203437081992548,0.11689988013980593,0.03013030772644559,0.019384359147623795,-0.04334316161236203,-0.09879069051756509,1.0,0.5345170301198111,0.5020915720997136,0.15511250234782525,0.055419731298366304,-0.01754075775936511,0.24334655979391903,0.16632128185998032
C8 GM left intermediate zone,-0.044630665407159126,0.02451986353593327,-0.045768662729109434,0.022855206747692713,0.015834678668054162,0.06522791205015752,0.046380477823122615,0.013678962720802412,0.12129797903139557,0.07068395963233608,-0.028837397719341146,0.019623590458044845,0.0802176010200603,-0.07558400735670424,0.01718708079460277,-0.07379253569591074,-0.06860892384956542,0.015410952658658508,-0.03265975277977937,-0.09613314003860565,-0.057357593774907525,-0.09104741497347259,-0.055285960398499645,0.05667970101883839,-0.1226511517647489,-0.13318496704105418,0.013736317994595898,-0.05230550713872851,-0.052959815715794556,-0.057981419998962,0.06468275094896046,0.09802554288493337,0.12255255449979334,0.05155799307401844,-0.01696660305358874,3.674059427334107e-06,-0.02456995556583702,0.03649485223997934,-0.07121803665930501,0.05985416100788717,-0.093227390983546,-0.036642088188015676,0.01132049826891389,0.005453476375166332,-0.061593852656526685,-0.02856185971113013,0.022949710010296893,0.0059877572682730685,-0.04669234891790577,-0.03411890466058391,-0.050423889702078,-0.1077281505333177,0.05303671880210221,-0.07460256726644007,0.025633494266364524,-0.03452660017513848,-0.02345038230898006,0.05762306868243016,-0.030437310046089433,-0.09878458369472223,-0.008422490566398828,-0.030129012155861376,0.085672955789366,0.17394230045496237,0.11484290057044638,0.11865449801953816,0.20681594162930336,0.19150282528066212,0.10382723461721549,0.13529078534613603,0.08289341158833306,0.11208966654115003,0.13754085709289354,0.035639628946853116,0.049961147651418514,0.06698325680114833,0.08101895768388724,0.1334540227314427,-0.020526271097664417,0.08587459215699521,0.03848602793697685,0.019675623534753005,0.060639100350279404,0.020971942708291336,0.04267357927425636,0.004338919118709495,0.10028136768276304,0.12632709719877971,0.04346773562894071,0.13765048130386634,0.14336793556501057,0.1124999091446976,0.10722025791346798,0.10132135234509693,0.08262733217316803,0.08382037340080542,0.03316535292138435,0.18605007706474652,0.18542481936097105,0.18804916849999395,0.18416644310889982,0.2266362916256545,0.5345170301198111,1.0,0.7640781649932241,0.1428617143167936,0.5011240819696484,0.3760006978174637,0.5649968073518469,0.6716929747391914
C8 GM left ventral horn,-0.05110709456802648,0.020463317638238162,-0.0833072478501127,-0.03720178414539438,-0.014944575930142706,0.04082281303872695,0.007995218419984466,-0.009898952937936594,0.10572078968075331,0.039156068319022026,-0.06326612583161702,-0.01855752948047747,0.003134355343431661,-0.12267589728967698,0.008995230938317991,-0.06887078378788455,-0.1068815668915773,-0.025586107800328887,-0.07947984740882559,-0.13310604540242219,-0.11069674956996078,-0.1535483960776912,-0.09225021830376055,0.0003826608483908139,-0.18041440160724664,-0.1995075983610831,-0.009692897677486491,-0.11810409386127578,-0.07693723620383351,-0.1145896913487835,0.06832976397811755,0.06810040808402164,0.04411144455034491,0.03358510398401721,-0.056626332136879065,-0.040300988815065636,-0.04967460018967482,0.015104733877051227,-0.08465400950052797,0.05213170604591551,-0.12540354845309404,-0.03165693511136315,-0.04370638385618958,-0.031182136964445335,-0.09938223363934588,-0.030310896814249342,-0.026644076177877347,-0.033842162153861544,-0.10768414798865217,-0.09938444483040344,-0.07926573280606915,-0.12810114703428802,-1.4538446927527259e-06,-0.12610928294428794,-0.0015805812199441431,-0.10809449162742643,-0.08776512918588524,0.006247633707599384,-0.050201220951816936,-0.169802291084168,-0.060714254949993614,-0.08536782414757291,0.08915754670667429,0.18467982769572755,0.1150469914144776,0.07781776179739039,0.16578031514177965,0.15994866870670546,0.07978865326878236,0.13470931076884385,0.085239424232416,0.13921205879917464,0.1314827221261899,0.016359574133786393,0.038633347353096634,0.02435875115684828,0.059681472204674006,0.1048525487936485,-0.03724150291738696,0.12770311245628907,0.06896087271806715,-0.015265466698085891,0.022948801478636417,-0.056654018744884044,0.013142531273106169,-0.03572826297574,0.05488410323601853,0.08313260202485119,0.026967131478123574,0.12168629219942133,0.10626475164436201,0.10059371520603841,-0.007871056108343077,0.07186322625458398,0.05945206176720887,0.0698823638335084,0.08277706631555,0.1783144367396415,0.15929578475144116,0.15838877617129582,0.19507557844967813,0.27944191277125785,0.5020915720997136,0.7640781649932241,1.0,0.08135528963138867,0.3504200288586556,0.31278810242102667,0.6130639837620483,0.6933596401343415
C8 GM right dorsal horn,0.05944245901620588,0.1650196249384008,-0.019260177606677278,0.13265309426367855,0.12077309780636387,0.03210314628327817,0.06844757591836806,0.09941831422950266,0.0700265220710805,0.09859879893147075,0.09395103460526788,0.1388355457301766,0.07803703386737418,0.016116843341116148,0.037375263674590896,0.09065280696527483,0.04911256017508166,0.12325443716545455,0.10148182361573828,-0.03451189750022594,0.03302335172413455,0.035434993163553634,0.04731487646444499,0.15096795907616595,0.06655686993710368,0.040194111835884144,-0.03465634581061646,0.1261435667538804,0.04759339422698921,0.10643264823871904,0.05439248024689794,0.11951184196507053,0.13688310165178558,0.09375098813494752,0.16108954712696447,0.09645077492630261,0.12922600893384,0.1250893956201367,0.09560469440251641,0.07101258188543376,0.07577226971986893,0.08522214161323059,0.047605339549666705,0.11571046113595418,0.11286868705604527,0.13220083153559628,0.009462451491143482,0.10330211600349024,0.1338646910230854,0.10167147770749106,0.11551405135151048,0.048810012227440275,0.1374548928674305,0.042805247624708866,0.13243030303863357,0.147087654124051,0.11566122129328947,0.032063759408720714,0.1399325566300421,0.04915396323553649,0.1374599919551221,0.13935235748667074,-0.0704227289665863,-0.028921568441129284,-0.049467639251591686,0.04707194903803873,0.06196915803213099,0.02298352231510283,-0.04136893696107214,-0.05195732500288818,0.04577185921883747,0.00875503971438,0.04528845264924687,-0.015639824103205476,0.018304683549959642,0.054819626764758184,0.034851162893344396,0.04524259951126139,0.005866763453420954,-0.05291205392994397,-0.016782295790603776,-0.02796523380080236,-0.0482169248276717,-0.0031479603593149437,-0.06672389117863621,-0.049415803238653654,0.10986727622139843,0.08312606205480487,0.06892693101240437,0.12117067192654389,0.2020742086506647,0.2209998157195714,0.056011390710607234,0.06660983317883508,0.04022544809713639,-0.03834887141059047,0.0009718287436848264,0.16116157855909755,-0.014315621560896061,-0.025856697431352344,-0.04633179931603275,-0.07012935445555751,0.15511250234782525,0.1428617143167936,0.08135528963138867,1.0,0.46274870590424405,0.44300527126631545,0.29533102012971707,0.20408348806009333
C8 GM right intermediate zone,0.057955117247544825,0.11554445247705991,0.009510745085450521,0.06816515037226469,0.03681746846492786,0.022791982643666834,0.009167110649617033,0.0324016650129408,0.059351771721936966,0.06970959859645906,-0.03362294137509561,0.07569792786701664,0.03911869014397785,-0.016811856554198402,0.0008659032121140689,-0.07210545823674318,-0.04054677308350557,0.03116506451875601,-0.027032025944304847,-0.033864699513902106,-0.04605683037200917,-0.004191004778817167,0.002450392268404063,0.06447761429659264,-0.03533242731440649,-0.07029466556249747,-0.04687993413241197,0.018636805704223283,-0.0017787569493523127,0.03018287448584067,0.115032032076964,0.12085109614342363,0.14936341770626704,0.09106542797004667,0.07350249793916848,0.04994719815756817,0.03201142893852935,0.067956973041288,-0.02112162887210529,0.06899674265425322,-0.0064970724482740555,-0.01282725424415373,0.03027272727477003,0.06517435503178445,0.005247144755924965,0.019867862208493396,-0.024197525870874283,0.020160137284786307,0.05984218853813077,0.035767578263123975,-0.040491262403687264,-0.06988098317100933,0.06642368155513799,-0.015406395820848226,0.04957537914589568,0.03811941388947045,0.057322716468539335,0.05042746827699001,0.048172825157111424,-0.024231934444721423,0.08208747514356529,0.052370416706518964,0.04826568338561022,0.13483626179189442,0.15595626526018014,0.10679103144905684,0.09600444582114971,0.09493680761631657,0.15721042131593915,0.1581266931400153,-0.05209755806893636,-0.0241006316919528,0.0032071326654967603,-0.008291984740139665,0.022642326266672765,0.058850415974786185,-0.0267006259309149,0.03303533642421374,-0.0012699876540107854,-0.04638560895681402,-0.04190264136015355,0.026730372819265717,-0.035274112568276006,-0.03539751355622916,-0.07289652971433651,-0.10576769824306016,0.061455193344811206,0.03874420050548591,-0.04619291499685186,0.17908274218720907,0.15591819010982494,0.12804663810536449,0.09762234387787731,0.11752084008877825,-0.029414857359848355,0.10777930101323636,0.061770278981041316,0.21887564557098546,0.27345771035339944,0.28025600316633364,0.24419158865120857,0.34261212963761406,0.055419731298366304,0.5011240819696484,0.3504200288586556,0.46274870590424405,1.0,0.7983549252774043,0.5975265862221245,0.6569493697438528
C8 GM right ventral horn,-0.007453947708014919,0.06551375058694757,-0.11773536979996077,0.011329574014993462,0.017870245564878554,-0.006740515273746342,-0.026912708299841978,-0.012011182296644966,0.05895868657865262,0.03137233018085759,-0.09102758973112265,0.0003291277173493399,0.016734633546444038,-0.02348437568123493,-0.03259537529731844,-0.0784387990632797,-0.11447835868949617,-0.029441486431824787,-0.049055147349357286,-0.05865049555211962,-0.06615897036570677,-0.05342569724791619,-0.03587232145769973,0.0058101465411906595,-0.07304646704790575,-0.12190802406019337,-0.019987117389602654,-0.005160343593897613,-0.018452178885313534,0.031967892753902126,0.08507179839149538,0.0668555603415411,0.06716828237718596,0.04481944413586957,0.05598482174598931,-0.001376563840082244,0.03203557648888733,0.03535732514662286,-0.05410903341858557,0.05257672701369863,-0.03593993606271028,-0.0005844014829358889,-0.03157101816284697,0.011061941294015618,-0.02222559775662869,-0.01797656828909737,-0.05005345829354426,-0.01867862519146432,0.027680256859403223,0.001736866326077862,-0.07820421009827468,-0.14234166286550715,0.007290844233496012,-0.07328007008501504,0.001047338869373229,-0.01915673602686332,-0.0018455436405145449,0.04592233877166591,0.0011759907545025117,-0.07105199841331088,0.06371462222992576,0.023847483202424573,0.08109788052023185,0.14366701928024014,0.1452665851786589,0.08344476608593174,0.11343186185309675,0.08647436682030721,0.14427644984890722,0.1276787523237998,0.03660475657489251,0.04633901240912103,0.05981907219127917,0.029164615282812265,0.03700973950139695,0.05839384747523826,0.0513636411618626,0.07160142491240777,0.047597684402119984,0.0048758045223348465,-0.007067412350222101,0.021175161312129126,-0.016310792203962112,-0.02806660117038994,-0.07692134569774278,-0.1008677233311572,-0.0038124307896608626,0.05822702051672463,-0.03208808461439634,0.22463992772088245,0.22807519712663715,0.20794906344776176,0.04698254866401595,0.09085593079847737,-0.050111979559453054,0.03797806290729885,0.01303308091346934,0.2637111311526186,0.22388178000481998,0.2615164549238046,0.20448748743999345,0.2781335671218822,-0.01754075775936511,0.3760006978174637,0.31278810242102667,0.44300527126631545,0.7983549252774043,1.0,0.5453521887499289,0.7014690311969344
C8 WM ascending,0.02703541025065153,0.09573445905288265,-0.041802667962918205,0.06004514590699458,0.0556953548978986,0.030101265045727257,0.06730697608704429,0.0134329523631805,0.07633974522609029,0.08456232312628274,-0.058946309202682866,0.011599405253627456,-0.019622104112027045,-0.06089771999662373,0.021829814329842632,-0.04043155419830842,-0.10169781609511125,-0.0181435510243087,-0.0891780897843077,-0.10393967602796512,-0.10771604154273422,-0.06082997575856028,-0.02145699478559255,0.022113353677190466,-0.0901422629973801,-0.15110905938993294,-0.08028789573012106,-0.02405051001153759,-0.034346863100630176,-0.05153981023690678,0.0975886372851998,0.08442243851322499,0.10664602467961505,0.06567128387465665,0.014647249549479305,0.00688415143686818,0.05321293747149766,0.0764054243546573,0.00683165926388242,0.07367597763015318,-0.020371410541974576,-0.017554529039277025,-0.010858971715857845,0.003982577699101576,-0.031507233237988756,-0.01261963685295941,-0.07603269889320764,-0.006805011859652599,0.006290735035857343,-0.017531334078905024,-0.043438054852807516,-0.09031476288204042,-0.024266872659754836,-0.03363284202244905,0.019920101362840777,-0.03474365561503321,0.018685304361969034,-0.028203492861287757,0.06371979360040277,-0.07691997110824726,0.011015084168003033,0.02406693657634944,0.14877368825710896,0.23090296393628892,0.18669822560375696,0.1295484184859574,0.19530621774846887,0.1798421639633055,0.181166702673173,0.20103205394694576,0.07301696139424182,0.10774346832093898,0.09749542228611524,0.021136714891877302,0.016235265791743,-0.0029092873757392427,0.0021177962506560505,0.031612250614944826,-0.059630511935055995,0.01484111778767747,-5.269288409729541e-05,-0.020841017832667917,-0.0005738340110937973,-0.06291614773976367,-0.0637312297744223,-0.09731266667270365,0.038791270398287135,0.04183407260165603,-0.02697296931681911,0.17624451738526534,0.13784709346866336,0.11879788354975866,-0.004448769278835835,0.06750828925144702,0.030786846754870863,0.0801466126094627,0.10607902743733029,0.18166709512503973,0.131277180759854,0.1430205926215567,0.26938140839945574,0.34641929680463446,0.24334655979391903,0.5649968073518469,0.6130639837620483,0.29533102012971707,0.5975265862221245,0.5453521887499289,1.0,0.7152873206124154
C8 WM descending,-0.039605653584254275,0.06139445622643317,-0.13709895119482735,-0.004217548591092625,0.02687554964514462,0.04420713979659323,0.025815248876933917,-0.010606552166163795,0.0824434933497703,0.06043254977750456,-0.12392456849248418,-0.04273770428153306,-0.027761709299995746,-0.09765290732755406,-0.027096826576364915,-0.09971422445505049,-0.16667680999640144,-0.0551353064380744,-0.13193712986665998,-0.1326269123672101,-0.14560979760137774,-0.14377003110598363,-0.09866725265209163,-0.025737328347918156,-0.1553600572702262,-0.211090846438323,-0.021198435155513333,-0.09593413917741925,-0.0626686958068487,-0.06214280081811054,0.07117397516168521,0.030557346849496632,0.09130719255780108,0.07558043900531691,-0.013672473043842007,-0.008703346599881897,0.01731668854251695,0.062262500304204584,-0.07050671416568476,0.07080396059506144,-0.08000308233452609,-0.049752410677567076,-0.0679053894833715,-0.06186270816567344,-0.07628421061058456,-0.07127392037525948,-0.09176230641921373,-0.06784281956192842,-0.05347940326294895,-0.06589201222045053,-0.11983394062947246,-0.18366799229496195,-0.044884434297192355,-0.11693695736247318,-0.029257831416552926,-0.11916182193185396,-0.06334534744423749,0.014946633341135017,-0.037751906871388616,-0.15148856503778865,-0.01757769703241344,-0.05026220150366891,0.12420404848271163,0.23882092316638495,0.18958651038913474,0.13253826816390735,0.23196177088348316,0.1990154527087577,0.18805654195453123,0.21849939315057193,0.09708610646877762,0.16570510625883744,0.1585548884817742,0.08794557496790978,0.1043559701470178,0.10777468378208648,0.11292762300352362,0.17694245034180986,0.06352935278049157,0.08923408341485084,0.0752661245777637,0.006439812798707924,0.009453458945764642,-0.04850756013123081,-0.022940179273297476,-0.0838165465164242,0.06317992129463612,0.0950346656563835,0.020396139318627292,0.21845524154609663,0.17846673116055292,0.16721435649129027,0.028205291350853565,0.11064048263087613,0.03808503857900863,0.05896536237969707,0.0520264012418211,0.235793807835452,0.1961175391462085,0.20583244092162992,0.26322841722317075,0.3625951833381882,0.16632128185998032,0.6716929747391914,0.6933596401343415,0.20408348806009333,0.6569493697438528,0.7014690311969344,0.7152873206124154,1.0
