,7Networks_LH_SomMot_8,7Networks_LH_SomMot_9,7Networks_LH_SomMot_10,7Networks_LH_SomMot_11,7Networks_LH_SomMot_12,7Networks_LH_SomMot_13,7Networks_LH_SomMot_14,7Networks_LH_SomMot_15,7Networks_LH_SomMot_16,7Networks_LH_SomMot_17,7Networks_LH_SomMot_18,7Networks_LH_SomMot_19,7Networks_LH_SomMot_20,7Networks_LH_SomMot_21,7Networks_LH_SomMot_22,7Networks_LH_SomMot_23,7Networks_LH_SomMot_24,7Networks_LH_SomMot_25,7Networks_LH_SomMot_26,7Networks_LH_SomMot_27,7Networks_LH_SomMot_28,7Networks_LH_SomMot_29,7Networks_LH_SomMot_30,7Networks_LH_SomMot_31,7Networks_LH_SomMot_32,7Networks_LH_SomMot_33,7Networks_LH_SomMot_34,7Networks_LH_SomMot_35,7Networks_LH_SomMot_36,7Networks_LH_SomMot_37,7Networks_RH_SomMot_9,7Networks_RH_SomMot_10,7Networks_RH_SomMot_11,7Networks_RH_SomMot_12,7Networks_RH_SomMot_13,7Networks_RH_SomMot_14,7Networks_RH_SomMot_15,7Networks_RH_SomMot_16,7Networks_RH_SomMot_17,7Networks_RH_SomMot_18,7Networks_RH_SomMot_19,7Networks_RH_SomMot_20,7Networks_RH_SomMot_21,7Networks_RH_SomMot_22,7Networks_RH_SomMot_23,7Networks_RH_SomMot_24,7Networks_RH_SomMot_25,7Networks_RH_SomMot_26,7Networks_RH_SomMot_27,7Networks_RH_SomMot_28,7Networks_RH_SomMot_29,7Networks_RH_SomMot_30,7Networks_RH_SomMot_31,7Networks_RH_SomMot_32,7Networks_RH_SomMot_33,7Networks_RH_SomMot_34,7Networks_RH_SomMot_35,7Networks_RH_SomMot_36,7Networks_RH_SomMot_37,7Networks_RH_SomMot_38,7Networks_RH_SomMot_39,7Networks_RH_SomMot_40,C3 GM left dorsal horn,C3 GM left intermediate zone,C3 GM left ventral horn,C3 GM right dorsal horn,C3 GM right intermediate zone,C3 GM right ventral horn,C3 WM ascending,C3 WM descending,C4 GM left dorsal horn,C4 GM left intermediate zone,C4 GM left ventral horn,C4 GM right dorsal horn,C4 GM right intermediate zone,C4 GM right ventral horn,C4 WM ascending,C4 WM descending,C5 GM left dorsal horn,C5 GM left intermediate zone,C5 GM left ventral horn,C5 GM right dorsal horn,C5 GM right intermediate zone,C5 GM right ventral horn,C5 WM ascending,C5 WM descending,C6 GM left dorsal horn,C6 GM left intermediate zone,C6 GM left ventral horn,C6 GM right dorsal horn,C6 GM right intermediate zone,C6 GM right ventral horn,C6 WM ascending,C6 WM descending,C7 GM left dorsal horn,C7 GM left intermediate zone,C7 GM left ventral horn,C7 GM right dorsal horn,C7 GM right intermediate zone,C7 GM right ventral horn,C7 WM ascending,C7 WM descending,C8 GM left dorsal horn,C8 GM left intermediate zone,C8 GM left ventral horn,C8 GM right dorsal horn,C8 GM right intermediate zone,C8 GM right ventral horn,C8 WM ascending,C8 WM descending
7Networks_LH_SomMot_8,1.0,0.6592607102699855,0.6206714716156717,0.4001720494766368,0.4177874098816111,0.05702199660290919,0.1701646511851437,0.33407411682319954,0.11456497329855592,0.26680750413265814,0.5592461381179697,0.254689317533276,-0.010447763367121572,0.3709979467966863,0.1880172081520873,0.49992513356897794,0.44867955871718407,0.41395409171618086,0.07767082962706057,0.268770426783821,0.3995382551722017,0.46233317102443466,0.3936968650759981,0.2322425123666287,0.40689174698086633,0.4689580571658689,0.2050226661206459,0.5336342847104645,0.19995592563039805,0.4963130718792824,0.5576105193655962,0.4600511435952142,0.5512718838420314,0.6217365986822723,0.6087936357589746,0.6148081425734844,-0.008757137074918354,0.20482134984981407,0.4216591903551357,0.20549616851984912,0.455914071780457,0.44601582632327347,0.14033623375685916,0.37691497494559323,0.4368425790841719,0.52589660042277,0.22175173792395067,0.26006892834107853,0.5198541860503499,0.35413368130765127,0.2865788783095811,0.355776812446951,0.09748040715524987,0.4400861747522788,0.4502099632108649,0.47457336491648827,0.5035349245152769,0.3687290711526379,0.21700557504303988,0.5099989717533616,0.30062247161113703,0.4944751688989,-0.12726898333901943,-0.11630935654128445,-0.09416179872474854,-0.1823493907934318,-0.15466084299004165,-0.14509856296684967,-0.13810943321998226,-0.11484466266347887,0.02510670748972983,-0.0379459853680753,-0.020686006128720482,-0.034314454790525514,-0.06993479319602318,-0.048222531894241645,0.0004975987318416589,-0.029549491985624263,0.1408594681632125,0.15694714338858978,0.17740469893027191,0.11672136718338008,0.12183188806345709,0.1420006935055852,0.18201011123307798,0.17047753827824216,0.055189142878634856,0.04705192771537059,0.03836577543085596,0.003385747781008959,0.04793545702822527,0.06778627746259816,0.05938765955274752,0.06638988311224428,0.03791703754717194,-0.02892165322087737,-0.01450373891617226,-0.005437090722699896,-0.01704680702707429,0.015897711424050325,0.1021334824718261,0.034034803878550464,0.02774700620317623,0.03551853031970959,0.036159925529177704,-0.008202299517370028,-0.008938220943447936,0.03077644545956567,-0.098125808237812,-0.13301981476598
7Networks_LH_SomMot_9,0.6592607102699855,1.0,0.4412523565399479,0.44487216543208413,0.5374260307099821,0.1400701908023788,0.26680425683986536,0.27678342854705423,0.30289710169452966,0.20263700645606067,0.37729632043153233,0.26022759607809975,-0.04639646161102986,0.326012238323991,0.17825175571430246,0.42545206160697563,0.37194079644327105,0.377655004211647,0.05508907856950819,0.1451022134515392,0.34491723068681784,0.3901082214621867,0.38937620636208947,0.1719994627970552,0.3943633327238908,0.4612932852954989,0.06530095780908739,0.4718381082324155,0.19039911509713123,0.456828052719882,0.4607501367804262,0.35511890257430906,0.5126650734778023,0.7829274448080821,0.3866139301573355,0.6077069856511776,0.11151953038293827,0.34711196317787063,0.4687148058718346,0.2664855756684976,0.5912877664122549,0.3634739757382335,0.22380685988488805,0.31205619830580034,0.467578456769238,0.3661516332917491,0.20615012438254088,0.28399936993396474,0.5195143009516395,0.31405074423429663,0.28227250071394483,0.3021380123546456,0.0001244829340913499,0.3862005017747894,0.4265915351726966,0.46989919756603715,0.49079741621598977,0.26713534560749835,0.20238384117344926,0.4295752167417034,0.22351508687619007,0.5011355928811426,-0.008752674870480313,-0.028087660748560343,-0.023859893173079093,-0.04707947593798387,-0.028239048097509264,-0.01995344393368311,-0.016262799704885773,-0.048995362119842054,0.07935321788898733,0.01652712085984889,0.019424603552672656,-0.020121510806082616,-0.01962118790591544,-0.007064116673453088,0.0266462514427865,0.005399550143577751,0.08326185746532846,0.1611005522434121,0.13822048589881292,0.15098235854019024,0.16551914018027514,0.16238885596188135,0.1599297861675127,0.17215336566057843,0.07331960091429895,0.09607445611294672,0.08637267886302981,0.038291109906803115,0.09526886060773744,0.12311240807675941,0.08355144323742322,0.1144962695050556,0.08203019889981274,0.024455409910500457,0.054749654834051954,0.053729305480254765,0.04424005537721979,0.07270242259038633,0.14732434522426702,0.09707726500823727,0.013481837300122868,0.01787851436729715,0.02939957458182216,-0.005407373719728375,-0.021568371854286814,-0.004282648984207875,-0.0755197348660853,-0.027272363032618728
7Networks_LH_SomMot_10,0.6206714716156717,0.4412523565399479,1.0,0.24009833099840147,0.26117045670583516,0.023956340451061594,0.03380983624375696,0.1250297865693986,0.045989730460529406,0.015179742559280182,0.24723164595126373,0.08388906275564115,0.004903509254575442,0.17509456946181204,-0.0025747589986096515,0.2698873100084212,0.22816787228620078,0.1442114230512216,0.019021673414642542,0.10042949193742196,0.2023080572453548,0.17606078031445882,0.14374911389130252,0.09709644060655619,0.2816342190225147,0.29176946646129837,0.04970501080690963,0.2740746215804749,0.01653366867728165,0.2793434630660223,0.39740048849824444,0.40840301154815534,0.2888145986105713,0.42915011172226764,0.5868585868459257,0.3029647091747344,0.09911554351132511,0.08610102237245189,0.263935350537884,0.050217078262623095,0.22657576355564338,0.24279871856119908,-0.005785412953497472,0.10467463960436028,0.20633264691817574,0.20011662485395,0.054726132740001994,0.10043529657095289,0.24699893973415182,0.14181725907820478,0.12463886600602958,0.1675718291150276,-0.03370858950543446,0.2920805719693231,0.23271068590087424,0.237234685198913,0.2615740877336918,0.11972971207708036,0.06672686597103084,0.30351267536701904,0.11741757804498312,0.3175400828864638,-0.18371798783567514,-0.22116499398036718,-0.20856091084113504,-0.2686775676925433,-0.2907550670979318,-0.30899779715771236,-0.2417302789103066,-0.24435899048109455,0.007104397851525408,-0.08818131390256241,-0.08115946494933693,-0.008682179907076556,-0.07440269555110572,-0.06251700569310356,0.0006094448945545185,-0.07706852063964502,0.1222662082301693,0.0917947902410334,0.1260664875396596,0.027678484023426236,0.02473888947815847,0.015544182800139509,0.11004805143882823,0.08347132283592631,0.1384438517146014,0.1652621052952582,0.14600726185738166,0.012322198773116239,0.09758101523023725,0.0875592846355807,0.1120030154671812,0.14136683620298246,0.14447429339096815,0.06856881246277576,0.051417835730196426,-0.037812170103221056,-0.0691790475351334,-0.08012287882537975,0.0817435249652727,0.034833966556260185,-0.0036159586369468736,0.002802808221865061,0.04203707982599696,-0.014069475933496703,-0.055833971739819695,-0.006373453725098391,-0.046186843800826036,-0.12938092322474096
7Networks_LH_SomMot_11,0.4001720494766368,0.44487216543208413,0.24009833099840147,1.0,0.39415649056262453,0.2834562742411635,0.32641145522624543,0.5799389605102331,0.06441339994904648,0.4065470060079129,0.41728941177309603,0.21024950608222803,0.12917220689090123,0.5499498916934766,0.22771326778860254,0.413262487592234,0.26437077207304327,0.39229646978893884,0.11690827376420783,0.3143920670540831,0.3407117290684174,0.49539901590603913,0.34728161056357976,0.15199718442824053,0.28777309447212235,0.28397039501935395,0.17683667950151075,0.4019522329186191,0.2505504264938126,0.2759198340387151,0.22983809700187413,0.3358763915519506,0.38290383595088856,0.38526011846608305,0.261127836804262,0.5850809229070373,-0.05754908457764116,0.08193241804609139,0.5025857220667288,0.036053040781445694,0.6094247257124104,0.4187407441139259,0.06622951053736299,0.17407404141811397,0.5861284184012149,0.3714115707483207,0.3027454920961736,0.23770937832570435,0.5258521246987143,0.3779315521398188,0.36317819512806987,0.243586528320159,0.14846633550041194,0.2737557311095962,0.29881647707276343,0.3214963470609895,0.4209059478759841,0.4218821224335593,0.10141628427895194,0.31199227435210525,0.250750661194416,0.28168648493167653,0.04599017301249638,0.12053497882566273,0.15930692189684997,0.02914265012554882,0.06280084010514586,0.06754380966619139,0.06154408511189561,0.11104641530945011,0.09926787839472845,0.04284164008879885,0.038749348254099196,-0.08356269465685798,-0.06244494576730153,-0.07834960845101002,-0.00037880951470289,-0.024630186430273208,0.11383391715918022,0.1679234873279117,0.14001139160007972,0.15089888648324407,0.15653231960351338,0.15789980645623256,0.1284771017324168,0.15325434671172594,0.0280634753557379,0.04690599353574153,0.031563174039407074,-0.014155093121530822,0.023755405867034105,0.02458710016350249,-0.0037300412224685864,0.03946972102211452,0.04177588271908218,0.0022231564860813536,0.057502745646200934,0.07222968899521201,0.004059769009538253,0.10933261693073919,0.08232294126415365,0.05949137934073484,-0.035198849361059596,0.037776377846090906,0.08897893562073614,0.09426736193576843,0.09133866458091973,0.10235858029270838,0.07177664832873122,0.06877006000601132
7Networks_LH_SomMot_12,0.4177874098816111,0.5374260307099821,0.26117045670583516,0.39415649056262453,1.0,0.574136807637006,0.6597656499579495,0.32166475507689035,0.5428210125150019,0.37694917466381794,0.3593782256110479,0.4484430219619845,0.1824678456814595,0.28572453078500215,0.2890754666930829,0.24662457606736604,0.19101272553652798,0.477837784190683,0.2547458598202241,0.12135796748751804,0.36804458754845715,0.35680351104874497,0.48426931153176006,0.10156962921511112,0.1684547926123199,0.18440890258423512,0.23976039859163906,0.3301162433904358,0.245998247848313,0.21375402974399782,0.3226833562672687,0.29811790026997664,0.28662828502630944,0.47021874751453774,0.40503165769430005,0.49159417169069136,0.30719971724102313,0.6742080448430194,0.5303741766175153,0.5867606609510101,0.5411147402975792,0.2984427626341323,0.449887403396422,0.4145396883573676,0.4690980327141518,0.3888371357568547,0.3270906767183845,0.33936113165551623,0.41590053398991905,0.345651332957636,0.3500394952469776,0.1745003686695337,0.2323276040011178,0.18127647922597412,0.27719995891618743,0.2920501581216919,0.33969811569796177,0.40980120970538675,0.08486905411643023,0.30222936326653327,0.24683590934295832,0.24849020743932715,-0.006059947702148692,-0.027903479219958015,-0.02391172573526545,-0.08697727831433313,-0.06332013509717291,-0.04111660480566249,-0.07144217743002838,-0.07176409959714157,0.13832373971064418,0.08849861330951157,0.08136731517156616,-0.001967818564399658,0.02724549128222359,0.024378421361895948,0.06328620304135166,0.05780721142301903,0.07764746814098482,0.08578799665146966,0.06374228192364519,0.05821110394898677,0.06049180455319301,0.04299164758761288,0.05911255226955741,0.04318868333709034,-0.02537802607397659,0.006630635122523871,-0.0037004834492389504,-0.057362203143039324,-0.012971031771312798,-0.01565635973085876,-0.066436214314169,-0.00717023422386811,-0.05018565611151334,-0.03815108075499206,-0.07805903754617569,0.11503892949540054,0.06423111735002453,0.08488229126854877,0.033902748503997576,0.012195027817857416,-0.07244888320591586,0.04593907580568109,0.01571545041454753,0.023262100738379796,0.0884399024742638,0.08819623963908046,-0.03872658947588141,-0.017104292543022148
7Networks_LH_SomMot_13,0.05702199660290919,0.1400701908023788,0.023956340451061594,0.2834562742411635,0.574136807637006,1.0,0.5345574177490163,0.3279338320175313,0.2606640322325762,0.3174011968397331,0.0071687310948203705,0.16033520509418275,0.3115702116900585,0.2184640696792691,0.1782355719760941,-0.049515639305300195,-0.05365784697973784,0.27336589410947126,0.02459314254151347,0.15547796628659355,-0.017985806284972233,0.1338989935663761,0.13541338648853307,0.037381866402226946,-0.1831561409145495,-0.1579638260746563,0.10812731187811764,-0.0213371298947414,0.012427876033834497,-0.12761129706336236,-0.07606165916795544,0.02507757587013756,-0.05312187491589056,0.049797984889640046,0.2031658135750243,0.18725135894462328,0.33423021334758385,0.3773080662887997,0.45689866365327036,0.258887954805321,0.34803149037491693,0.09803670397311877,0.16187351889902082,0.029359389596401168,0.28770924420815536,0.07355034714539382,0.20418908185272475,0.05697287939422183,0.13363229114971117,0.23063869609658827,0.12870530229262372,-0.00045629904688013965,0.08540260697437499,-0.04418426900077987,-0.018995861149459514,-0.06089041776193925,0.0771314994023553,0.21143955745812806,-0.03916140399981613,-0.007292297585677427,0.11429604700629942,-0.06924812027917608,-0.0611354229850802,-0.10702379009457665,-0.10297236478631767,-0.14175624116855412,-0.14628517990863324,-0.14670760689620896,-0.16331565882648366,-0.1397928893364738,0.029613507642256152,-0.005423054425710983,-0.01701006525998919,-0.04599396464239784,-0.036520977556656856,-0.04568196008505307,-0.026113988673839336,-0.03427318820349394,0.11080480376865423,0.10557985221319358,0.10773236310605198,0.03001516599340115,0.049764789728068116,0.026250384616138777,0.05824869096664216,0.05568710051734513,0.06088091312956342,0.05307634301977322,0.043820033376886745,-0.019164010863375124,0.014285761250992573,-0.009390913278323549,-0.035359273195122595,0.01370536234185337,-0.06594532947240751,-0.032723013149342874,-0.06539506095150184,0.003923374780401992,-0.0005818776038627794,-0.010198854729781106,-0.07295418250731496,-0.051761468796674516,-0.07070290121376435,0.03959261379364814,0.017856275278506126,-0.002527595393277156,0.0835503986469199,0.05047498603980846,-0.10103937042443288,-0.05179047796173605
7Networks_LH_SomMot_14,0.1701646511851437,0.26680425683986536,0.03380983624375696,0.32641145522624543,0.6597656499579495,0.5345574177490163,1.0,0.4179608964146154,0.5166376511342429,0.5296685111911782,0.29185906249091553,0.4472581268874778,0.27781283155860614,0.2945564428095254,0.2549743190706529,0.24189291802232965,0.21854061290901122,0.44853109435934657,0.22277639598784937,0.1687239332380758,0.2544013467218233,0.32890642017267735,0.48040117486471196,0.05850018530758663,0.1608435216573742,0.21209817073849654,0.2552498250434861,0.24787788981806458,0.23793647440623242,0.16803716190122264,0.22228973022998705,0.24446097965640035,0.19921839905088695,0.2600758000637762,0.21053900409823786,0.4158787228616137,0.16571616965279334,0.5643916636390028,0.5304615460066892,0.4930358730587706,0.4723285253813672,0.2491186388912948,0.39623587161867013,0.3372874600002352,0.4458979380272255,0.3497274139903165,0.30858061642813944,0.3647350315175732,0.37669649230633945,0.3217480068850235,0.4176085717469572,0.22454441350673035,0.3553464962498613,0.18302567970368241,0.25188128749404,0.257212186454708,0.2943066787121649,0.4393454925559755,0.058508846000899846,0.29879092414318753,0.29542646139611084,0.18857691208630195,0.08630983294246464,0.06777919040745532,0.07637531020719257,0.03461153549641983,0.03810624203768213,0.047554314944287135,0.035918498983470167,0.03000238710294707,0.09778474102815618,0.04142992064876252,0.05596100708973353,0.007018128729114332,-0.003776622328458174,0.014467683047491974,0.038404322494355936,0.03810202750947287,0.09455448264025894,0.08975760624231056,0.06629035774168149,0.07538402124751457,0.09068009259666317,0.08295401633649953,0.07806219326453773,0.06535208085413688,-0.02599407243410519,-0.0020647513815872675,-0.012595097490801033,-0.0383994946898511,-0.014867597511128839,-0.014227789305371915,-0.06424801346293763,-0.009591621693169815,0.020256545571974056,0.09324387914299109,0.04707320296941934,0.15345878753290315,0.13656415604001348,0.15634211213213686,0.08380912510790987,0.1061421385444396,-0.045344478635970464,0.07943926018212936,0.04624409297652079,0.08890344450555647,0.13065508693925107,0.12792513923506194,0.04305177992133349,0.08625406123874055
7Networks_LH_SomMot_15,0.33407411682319954,0.27678342854705423,0.1250297865693986,0.5799389605102331,0.32166475507689035,0.3279338320175313,0.4179608964146154,1.0,0.1415163191659832,0.6978249741708499,0.4602668068542553,0.3260610613168343,0.2949095469851015,0.8017529035980094,0.32359516258008836,0.5119668264311742,0.43722376881382535,0.43055586201283147,0.1991820208121568,0.46807775354661324,0.47436852533020757,0.6808954273147182,0.4789289344014183,0.1255998314682125,0.34400832007807014,0.3940972879060687,0.25978609678261827,0.5159851562639098,0.4060178587955782,0.3587687412315117,0.1909401300417687,0.27488703927580027,0.2604950231598358,0.26757223555349907,0.2850571973946541,0.5138188859555475,-0.14661961282197353,0.12485517560930559,0.5449424594409937,0.10625048777981805,0.6335965399051592,0.45702767083437257,0.0882934065161733,0.20381512965411366,0.6823215955432943,0.49351689110475666,0.40632266048927007,0.38177468422891236,0.6283535838458814,0.5157830068173306,0.5504297304928926,0.40393835937524347,0.3837053150952716,0.3952897119555046,0.3875099467360773,0.4104723344767578,0.5138355446932228,0.4889500582530722,0.2720903444417898,0.43659791913450857,0.34541551445069407,0.34174369025358875,-0.01832127103273843,0.0076091544271379204,0.04535651839968196,-0.034532966955823585,-0.03085053954479146,-0.028430572031102726,-0.032783409695834397,0.023748052244270023,0.10703224258617902,0.05071358900677243,0.0466955976261119,-0.022551813829072166,-0.01916675404858422,-0.016974351953583752,0.046205953166694264,0.020263895763387794,0.15070162648907853,0.15704507574433013,0.1344504776006018,0.17312752281072671,0.15666341412317175,0.17168621375370607,0.14853182264230724,0.1608281636408982,0.06420128310025482,0.09704288493141862,0.06754234687049691,0.04436963198487959,0.09085208652874764,0.07897094968274966,0.09179395421473353,0.10956576333969742,0.10515894307099327,0.05453570509271874,0.111044722317088,0.11864615655486914,0.017104331675928137,0.11516532387278548,0.18800858433706746,0.08705903389826762,0.01278608267679166,0.06661126486780139,0.06720727349468325,0.03796889046715143,0.05284507344984593,0.038366149625690606,0.021659174539353492,-0.01806889575085293
7Networks_LH_SomMot_16,0.11456497329855592,0.30289710169452966,0.045989730460529406,0.06441339994904648,0.5428210125150019,0.2606640322325762,0.5166376511342429,0.1415163191659832,1.0,0.3318773365006602,0.22110857069163886,0.4823844553184261,0.20031149188851213,0.10073233810746758,0.23650823674560734,0.26567805564018737,0.2504211544240798,0.3827654665171524,0.23003785561250623,0.13468974023808875,0.2411244941847334,0.22249693525375458,0.5118475168059237,0.17926626462406267,0.10399004962163107,0.2184040457737892,0.12275080415591302,0.2573779202770235,0.08797325451282198,0.1739608363694024,0.2632740250656644,0.1993047020376286,0.1352528671233705,0.15309625306337157,0.1442911408062761,0.26440266535714957,0.19798390882497788,0.697221556758957,0.3850590501944799,0.6897967575941987,0.40818314833896735,0.22333217706979136,0.6236023100903515,0.42285596835659356,0.2646672804986056,0.272509038982856,0.3603368781389386,0.42463528423777464,0.26151739684421593,0.2561997930891123,0.296266209658759,0.22908852959479814,0.2108056559548422,0.19299094662250837,0.2811118922758862,0.2647348865387068,0.22490505487906146,0.2350899112587109,0.10647815106540356,0.24158582797574138,0.2076517839257367,0.26774655859581076,0.07153772510366829,0.020020777475046492,0.030427484077682768,-0.041654018966609266,0.0013287599981621884,0.0141244949145875,-0.006909585530373607,-0.020871003087135187,0.09007068006911342,0.024772494849464775,0.03970853960031009,-0.03486690424299957,-0.039536726933090134,-0.01729343536166234,0.005990883454304436,0.012234996357513428,-0.015644278495251608,-0.01716380588781696,-0.01724894877654228,-0.018007588895322498,-0.025645317901975866,-0.03431057682226849,-0.03576703371601193,-0.033837328166358364,-0.016214769222114803,0.03952852091482842,0.006836959547903872,-0.061848638924243596,0.02276381110141275,-0.0002356208799786605,-0.05026779704195881,0.008628296461667536,-0.06603687349056696,-0.05296698541932114,-0.10327041850001496,0.06691879495813866,0.03731179801702433,0.024867858075296085,-0.053207175919116785,-0.052769182830217275,-0.1853302524807987,-0.11903647567430985,-0.1727523146623281,0.05298619422372381,0.024279034574662763,0.042463062093436935,-0.12495718244981474,-0.08797211869042593
7Networks_LH_SomMot_17,0.26680750413265814,0.20263700645606067,0.015179742559280182,0.4065470060079129,0.37694917466381794,0.3174011968397331,0.5296685111911782,0.6978249741708499,0.3318773365006602,1.0,0.5013473620522375,0.5334605155292921,0.282059723984699,0.505620495648687,0.2476404054328182,0.4702642073807373,0.4130010653208388,0.4673272514041127,0.26961199170152483,0.36554363541070695,0.4395638478047594,0.5896068597674137,0.542886077559562,0.06473663198434042,0.3024997665582353,0.3434483561074368,0.318339469356154,0.4349498662963291,0.4371228840239783,0.29904269912724707,0.20344325768169327,0.2805826811679712,0.30313273058426243,0.1793900433049446,0.1962859598956092,0.49035223274417,-0.15101040681640793,0.2831962071813268,0.5384401614102927,0.3439504107122418,0.5791003199603078,0.48987963792075867,0.3227811668620193,0.4389910685754276,0.6141981458129315,0.5409380457054208,0.42280404196501115,0.44397072988138786,0.56975765366568,0.4790081738089704,0.5676835199184964,0.38966512440295803,0.48277900108313254,0.3259234253506124,0.363079601856843,0.39595756564553664,0.46023997845269476,0.5129309145716516,0.23762749102716474,0.42988549367147727,0.3310857171086433,0.2916515035176609,6.107117804650252e-05,0.013107313216976153,0.027038684900493336,0.004862831497854548,-0.0102240254311117,0.010557087244433928,-0.008731475761845972,0.012141111319472198,0.0457067689344126,0.012488528364241712,0.024547721133331323,-0.0249644902018707,-0.03854515367096691,-0.026889214872525945,0.01765083085290163,0.012341772654004376,0.056725278450539075,0.03557867890658667,0.00743008842193273,0.020910052062546744,0.000830301171393074,0.012124196262344062,0.008796211872691915,0.02073543281141986,-0.00782100407028592,-0.026386952285381828,-0.03746528566469984,-0.056131024102288846,-0.0451776012376773,-0.059011258841738884,-0.02711114939364312,-0.044809729523097135,0.028838855317676514,0.03321420037413063,0.04051873797162498,0.12151891292063,0.046666334066719904,0.12109387891088602,0.1176958675570974,0.03783709773529771,0.035454875879673615,0.0788893569081039,0.07556905005008573,0.05849874680703847,0.092234311062282,0.09894196737114914,0.05882030662304809,0.010424989301761674
7Networks_LH_SomMot_18,0.5592461381179697,0.37729632043153233,0.24723164595126373,0.41728941177309603,0.3593782256110479,0.0071687310948203705,0.29185906249091553,0.4602668068542553,0.22110857069163886,0.5013473620522375,1.0,0.4579192840423039,0.12324243603328473,0.49171763813962555,0.28085406375698596,0.62477709573111,0.603713042124161,0.6326587467530973,0.27611328357701304,0.4212859313363765,0.5582755160629124,0.625440491260032,0.6049263516514561,0.32072505531388895,0.43802477830010833,0.5053146832942874,0.3591227058087395,0.6429493970767883,0.3627134250644858,0.5033163757237135,0.5085039398471781,0.46320819074308967,0.5650582023095565,0.39139754396942283,0.3992226714803278,0.6306323888338169,-0.20574144960424562,0.2555760601584171,0.4389246317667994,0.30321215233993515,0.4981042487460171,0.6244727393545537,0.3306628579656717,0.6468540098443174,0.5596558056803989,0.7719015514880384,0.4201409260404923,0.5066352028702802,0.6414963107162388,0.46609073074370466,0.47219926570109694,0.4270428805966631,0.3598051281988029,0.49686481437107916,0.6002213840750057,0.5924473028053832,0.5711109236651177,0.5996188005530503,0.27143353415199184,0.6090912853124466,0.4348362916098049,0.5118650378801745,0.029233864823922606,0.05669389735816903,0.09279042761874848,0.004765476921201115,0.013100280975966133,0.04702419063559231,0.05264259983176818,0.08256743589845505,0.042265436453607357,0.004304533112734273,0.027428945792364393,-0.031180162124038874,-0.04674623338336561,-0.023588076955372562,0.021849127647555148,0.02060341696159311,0.07698525980230546,0.07749404720036011,0.06973482376133687,0.0642344801069273,0.0496893164195131,0.06704119835293391,0.07142399914851011,0.06208899895588593,-0.056566987362272184,-0.06160629298194649,-0.02371006094617331,-0.030764273468160686,-0.032958927730390594,-0.024653862359558815,-0.020233283156403666,-0.031370487776487904,0.044663404711834956,0.020894957034071706,-0.004233072649523708,0.1406706132340207,0.09943685333231789,0.17454046900254114,0.15835801613899342,0.0875600727770918,0.07416840818220198,0.07812630264180816,0.09187903891238773,0.0032281765179330815,0.056635878688167975,0.11456136896667543,0.042922565332040204,0.03887257742576329
7Networks_LH_SomMot_19,0.254689317533276,0.26022759607809975,0.08388906275564115,0.21024950608222803,0.4484430219619845,0.16033520509418275,0.4472581268874778,0.3260610613168343,0.4823844553184261,0.5334605155292921,0.4579192840423039,1.0,0.3505329804836799,0.2632415418847404,0.32449186882863434,0.3906635204434719,0.3469402362028544,0.39638961192496214,0.5321717983038726,0.1465148725808344,0.4766135365331613,0.3456352468886184,0.5779555476750398,0.06713664971512837,0.2719589440844561,0.2675254359686162,0.3889452145248662,0.3204530340303563,0.3833392881597843,0.2144985225729034,0.24712704307341204,0.2469982345309806,0.3631633761001971,0.24430365947670993,0.08613560399253602,0.35216601817333804,0.03460219780626863,0.4404743503658092,0.38559171866803615,0.5111877923195474,0.3880021774951697,0.3818697623494825,0.5394578200104948,0.5927729939351475,0.48443061151314243,0.3950898436136884,0.46820831423169396,0.5135692883853288,0.35121339428095044,0.23040496599021032,0.5058338865074544,0.34106140282257325,0.4296250438638668,0.25078791894103897,0.3628069136034861,0.3479224099737181,0.27762033173703293,0.42376740745161845,0.1968991126109501,0.38369582044401107,0.28407881746499253,0.2136522703101367,0.020146159541663138,-0.00548606961043836,-0.00037935543571369565,0.002222337161188387,-0.017078577514324476,0.0053223831077017485,0.001331391762094875,0.009448239077757098,0.026877469405339336,-0.010938957928090898,0.020609986445121336,-0.048187381452090707,-0.06382210076069122,-0.04040561904569662,-0.00042920873935561453,0.0012920220339058658,-0.012464435746757692,-0.019265245690732243,-0.05024336644553381,-0.03145729695354236,-0.02510032543270808,-0.022925504925105873,-0.059904613557534424,-0.03575511838195557,-0.0778619989300976,-0.06226115442768587,-0.0466994183258606,-0.09852704766838001,-0.08676456159769244,-0.07309605891577044,-0.11605719495724422,-0.09132328224833008,-0.042151874150778784,-0.00734859303962738,-0.002160790810991863,0.1430597028397354,0.11837424115889515,0.1484897191050816,0.05566633371003302,0.040760548475545416,0.11137634610372167,0.13918555079769146,0.1195339328936467,0.051039244122841505,0.08361732843081753,0.07044227847945642,0.024267814419409114,-0.004184114221356014
7Networks_LH_SomMot_20,-0.010447763367121572,-0.04639646161102986,0.004903509254575442,0.12917220689090123,0.1824678456814595,0.3115702116900585,0.27781283155860614,0.2949095469851015,0.20031149188851213,0.282059723984699,0.12324243603328473,0.3505329804836799,1.0,0.29561345771956,0.4734079511546932,0.15498324653654072,0.13975556526986016,0.12462810675393998,0.3254312242618401,0.30101409913702404,0.16925695912531832,0.07979707618981598,0.2589472301767925,0.15206175054258955,-0.09866398735382606,-0.017060025950927416,0.03396126715326023,0.04881280167928574,-0.07577795240762365,-0.039433038546314185,-0.05461953702222183,0.10974555115086881,0.017337725175469172,-0.09057842258224508,0.06918741444678894,0.05251789059853429,0.14528868960370558,0.13527596441949863,0.18257712749489358,0.13703819598852132,0.1686973179087646,0.07609337436872053,0.21125963217433344,0.1391530142803595,0.17646944640678508,0.06788383456771171,0.45950006786912645,0.2379942168126426,0.01356070253996073,0.09614214508662051,0.23950330451210836,0.16509716327315455,0.18559508616225537,0.10354813902594107,-0.0004789119529394004,-0.061703088181599176,-0.024433120131261074,0.06758437907508147,0.05924325370945667,0.002072497694076917,0.01964876105013976,0.03478080873988787,-0.10392015230487418,-0.1108613114917573,-0.10038638816108204,-0.09443459418628236,-0.10111391433578489,-0.053775638349150626,-0.14111678380901954,-0.08230529240792964,-0.0353270850243084,-0.04161556162289114,-0.02769340704903636,-0.07207321898840496,-0.058409838959782655,-0.043977624697259625,-0.03648064213466093,-0.023785191814809564,-0.035978416447927,-0.06718540538999497,-0.06518549465058666,-0.04319067728328807,-0.06294184924989062,-0.03991431536146293,-0.08517591147891511,-0.046186447457087304,0.04424753539415583,0.09093595535545176,0.07159428626802365,0.06346531733931882,0.07471257146470651,0.04435941197261213,0.016801630160952992,0.055472758565375535,-0.07982404384367936,-0.01886082256299922,-0.03292927496780133,0.04460823993768249,0.03698028106649965,0.05180050656112742,-0.03642226767821019,-0.060763137033746174,-0.04591837780787549,0.050221110109085094,-0.01452049657904967,-0.014492794352123348,0.052949689343871315,-0.0355608866255636,-0.039894525877846,-0.060238610090895345
7Networks_LH_SomMot_21,0.3709979467966863,0.326012238323991,0.17509456946181204,0.5499498916934766,0.28572453078500215,0.2184640696792691,0.2945564428095254,0.8017529035980094,0.10073233810746758,0.505620495648687,0.49171763813962555,0.2632415418847404,0.29561345771956,1.0,0.34414368941821577,0.5595061685132505,0.41837142799174837,0.44045723557054084,0.1873844995237909,0.5782673020178454,0.5609977177761725,0.7743936861041434,0.4999415389636634,0.25917990501874943,0.46185812744553617,0.5032623738988564,0.2583370180682116,0.6620395952873436,0.41221445973685605,0.5276585664614012,0.22599612786219472,0.3084651215491192,0.29987102005961275,0.3381296651081691,0.3243166709143479,0.5047685443292789,-0.04257665146349945,0.14190900461842937,0.5124040163461572,0.07300078048072003,0.597901459064788,0.46064685505550984,0.06246576265475845,0.2967845988695443,0.7125300246441432,0.49781488821942166,0.3985986758035796,0.3664683685253279,0.6897113333342294,0.5043532027854408,0.4704722149064018,0.32958028051586863,0.26110260392989876,0.47803171506005737,0.43634852111268385,0.4980122083916648,0.6101832575646345,0.4663883674452264,0.35043137222289444,0.526435620474898,0.3375797797086796,0.4832789099053945,0.004585368624252645,0.008349244806931888,0.04839538490344628,0.009026812494889779,-0.009620750306134728,-0.0014215915039099145,0.003172610074252711,0.04240690666613009,0.12273374452165167,0.06684563502742498,0.06533372264507437,-0.009258830743403541,-0.00607972615953392,0.001019089051796595,0.06340416898377872,0.037639450574448875,0.09090996742453385,0.12346304952852251,0.10354977306714133,0.14829233273080775,0.13797801327167697,0.15405624829261125,0.1080922290626747,0.135974294214017,0.07462311960301415,0.12985235384465804,0.10417138853309757,0.09063243626064117,0.13758914396983418,0.1322407713662558,0.10145940645989152,0.14662353699163116,0.10108284461373757,0.06815195280741136,0.10343006172265647,0.14080490756469927,0.08430615503705127,0.1366139025426566,0.20248726315535634,0.09705900303500213,0.007865610858183887,0.07576900427524293,0.07920779039445808,0.003707236848491094,0.03306280416687905,0.028538883319360442,0.04216757723488032,0.012536453547630614
7Networks_LH_SomMot_22,0.1880172081520873,0.17825175571430246,-0.0025747589986096515,0.22771326778860254,0.2890754666930829,0.1782355719760941,0.2549743190706529,0.32359516258008836,0.23650823674560734,0.2476404054328182,0.28085406375698596,0.32449186882863434,0.4734079511546932,0.34414368941821577,1.0,0.3689496812868367,0.3097292784650962,0.3701776438752035,0.3483245792681768,0.4024525930630962,0.35640488840656204,0.3480239709257515,0.4465890434586562,0.31195364091968614,0.09495355365366241,0.23210968897262768,0.04255290513631587,0.3541344581696424,0.0701506829408473,0.17979244200072828,0.16043663249507684,0.09136971677697708,0.10249448541876593,0.1371604450171519,0.2028701035328098,0.25567799649983497,0.01968243254775637,0.2133389875495964,0.2499141787684476,0.17940785729211933,0.30793093486540063,0.2840828944516553,0.2601562508466077,0.21767706012468238,0.23501472939971407,0.30684040942903806,0.3928957648117271,0.3202158329686912,0.3134428343818119,0.31088120967463934,0.2754144088517633,0.3255586643021045,0.14261972673937814,0.304772116328048,0.29325485696418685,0.23831154666808205,0.22272425714975286,0.2423562530668162,0.10526945606172544,0.19472902725940766,0.21288260515937127,0.23192410176424066,-0.03164196931346018,-0.06078558236099877,-0.038058852448667385,-0.033761592153191515,-0.05578102031536405,-0.010977113683327187,-0.06539932745917011,-0.04764584574473001,0.01838650401946978,-0.021278039022497173,-0.016848678805307233,-0.10320182338929151,-0.08969537380229221,-0.09402671233693902,-0.03627212966571785,-0.06133947634955976,-0.009833145177731779,0.015375863652464267,0.00344786601410917,0.014617899613213386,0.033636287159329245,0.051326338233414606,0.0041862282591690805,0.0383773211454851,0.04546399328455957,0.07136704193433241,0.10602493892128996,0.005093280776990602,0.05963220344102379,0.06597391051322016,0.027236078374929345,0.09964159909772201,-0.01570968862493196,0.06345306043048732,0.07539243252683217,0.06358811748277339,0.0898983166053841,0.1252215888220627,0.010835257933629798,0.057581885517898675,-0.03207058496205312,0.03271114464684274,-0.022899461098473732,-0.017925967349082056,-0.00017626854549286018,-0.0586710041148019,-0.10735983570787375,-0.08245871773470259
7Networks_LH_SomMot_23,0.49992513356897794,0.42545206160697563,0.2698873100084212,0.413262487592234,0.24662457606736604,-0.049515639305300195,0.24189291802232965,0.5119668264311742,0.26567805564018737,0.4702642073807373,0.62477709573111,0.3906635204434719,0.15498324653654072,0.5595061685132505,0.3689496812868367,1.0,0.7712518630499662,0.5881440876267024,0.21482971086629496,0.49496784138474254,0.5310436992182861,0.6215014671855907,0.5919361926597557,0.4573107057574248,0.4794278430949059,0.6892801453911501,0.19870379565297394,0.7112831137871727,0.24126306392294458,0.5886236592368582,0.5123868821989274,0.4614227094644229,0.478861338502236,0.32865209584179794,0.38687708042807567,0.5717305289291185,-0.15694443405800307,0.17491498523093665,0.5125924180393979,0.18474808754948388,0.5528384410401093,0.6064510145096517,0.2902299179741644,0.4930895879230533,0.5499654609291598,0.6742469663356485,0.44373279520070763,0.5263870444417548,0.6679339641498064,0.5326291041200948,0.48081883195436437,0.6971310889465216,0.2531262151323018,0.7015354550512544,0.6469165275512895,0.6514835894096941,0.6048956558669855,0.4740828344920403,0.32760961212789796,0.6308074892770058,0.4199426610748016,0.6041283948252191,0.07181324241707304,0.13374538812048598,0.17048207732369652,0.037410897603134305,0.09457926263746246,0.11033460310881185,0.10104417756430785,0.13925503685799231,0.08276875356270767,0.0008329467736084949,0.016068742059824226,-0.06046061673121248,-0.08851035104906599,-0.06910853911195101,0.012207830539732246,-0.022549305777147616,0.15530744580407846,0.20184447373350717,0.18270819916726166,0.1758354147324263,0.18921347953721362,0.19454651680111032,0.18779555017784083,0.21559046042025284,0.07602582340112736,0.09286854873590507,0.06986960603023072,0.02407804841632511,0.09469377851603213,0.07986655231613118,0.07794326934669973,0.11106509999024017,0.19407904142694768,0.16389391532368433,0.16069256715469285,0.15113402331965123,0.09422115627021944,0.15768162310547462,0.21289642108328932,0.1391017258893663,0.03235390401211865,0.06103566118127622,0.07526045517396485,-0.013201139370852976,0.0006253727999886544,0.03171562250627029,0.014718188618595135,-0.013224148264378578
7Networks_LH_SomMot_24,0.44867955871718407,0.37194079644327105,0.22816787228620078,0.26437077207304327,0.19101272553652798,-0.05365784697973784,0.21854061290901122,0.43722376881382535,0.2504211544240798,0.4130010653208388,0.603713042124161,0.3469402362028544,0.13975556526986016,0.41837142799174837,0.3097292784650962,0.7712518630499662,1.0,0.5935862642905376,0.14035864769209724,0.36662120827983824,0.45222859970866996,0.5079691612680898,0.5215729463517579,0.4283144025855434,0.3633177667060328,0.6446241806730075,0.20136462774952296,0.5880329083430279,0.1520332944157123,0.4908966260436296,0.4461517899759646,0.378465202506935,0.4593134197059383,0.23895436665254902,0.33277493092790084,0.4867132940575817,-0.17545368047533916,0.1326196693661257,0.46571660706974133,0.14699876790040625,0.4708794335983616,0.5158998431786048,0.25542979185251635,0.4381269925520807,0.4280367776446369,0.6951386734363415,0.3994523814075019,0.48042187865256025,0.5684326883924287,0.48503364751269945,0.41413119891886124,0.785313477103661,0.24505083916098366,0.645763842702744,0.6155364373232372,0.5685439533914002,0.5150251266978686,0.47455191450373585,0.27962455688280463,0.5937379820867819,0.44206216931265113,0.5210509381498375,0.06287506156121624,0.09227896521156033,0.11964858696758379,0.05336406798733359,0.07842636958250497,0.08779684713296655,0.07379272686459681,0.1184180498488129,0.054287326514228476,-0.013129199737607754,0.009809603732592006,-0.027187016927884326,-0.05127575122294797,-0.017460007658445173,0.009574530357777115,0.011743461754548788,0.12890144218856955,0.14496195775601442,0.1510219694995898,0.1408213592515295,0.13405942592299872,0.15635389150799833,0.16658250091794122,0.1759202992265433,0.06431877905469681,0.08144061820353715,0.07808920218128983,0.033755638837705625,0.09318702508819016,0.09134623477266354,0.10567476363379343,0.11196198015808499,0.11453037623720115,0.08747354026493094,0.0945133845755181,0.06542892491597481,0.02835134084452658,0.09664502078433655,0.14012388581191262,0.09025949482138648,0.008953287797684898,0.01892059712572987,0.041636135536066515,-0.015377466368153406,-0.008480921509736635,0.04280566387493094,-0.015981712176142866,-0.03763884322497028
7Networks_LH_SomMot_25,0.41395409171618086,0.377655004211647,0.1442114230512216,0.39229646978893884,0.477837784190683,0.27336589410947126,0.44853109435934657,0.43055586201283147,0.3827654665171524,0.4673272514041127,0.6326587467530973,0.39638961192496214,0.12462810675393998,0.44045723557054084,0.3701776438752035,0.5881440876267024,0.5935862642905376,1.0,0.08983031469876483,0.4713909804250894,0.3955036324718392,0.6025150811541112,0.6074690264374547,0.5708409638596972,0.21910583855850202,0.512149705239188,0.36134307812212757,0.6371456229171266,0.1953185318069375,0.5093508451135843,0.42035701796992875,0.36780591192158946,0.32037262837764574,0.2735355919541424,0.42472369405973803,0.5177472914629947,0.026801479494253454,0.4544093786224268,0.5537360009937514,0.40852882815113306,0.5422394601685284,0.5772621634289691,0.3164904858217542,0.5463153361049162,0.44000790240154636,0.741779695594582,0.35081423444695176,0.4303494563551712,0.63611425994991,0.6286239512713158,0.3353436772712177,0.5882944769285008,0.1908045424400683,0.5056078206555128,0.6961198791487909,0.619913899745839,0.6176817476056299,0.7010260196788279,0.19759678336248937,0.5898078230188128,0.5770884291658813,0.5140269024988338,0.0730690924631193,0.08179607081129817,0.09559274208736171,0.0351552256320703,0.05836900043099383,0.07395340716011556,0.036239527426545674,0.045925046500314454,0.0453737025125617,-0.04495624771924864,-0.04375783671818552,-0.13503386324074287,-0.15043642583473862,-0.1414539082360304,-0.06770870052589137,-0.09577475739205106,0.09462396694003433,0.07253704111953624,0.09178350905763225,0.041454465727144715,0.04019279614664446,0.08178859273434039,0.07930747269293402,0.08299862612504302,-0.035634372824455716,-0.033894830201321655,-0.008423740344357097,-0.06601735756811292,-0.0015430734086828066,0.009880994507352294,-0.036539491859207004,0.006613052739381198,-0.032858843763685995,-0.015329126621012847,-0.05781933960561438,0.029722574516295137,0.003253018757654088,0.040102877149660765,0.015050605319093182,-0.036802500810874585,-0.010681367912092909,0.006819719673341331,0.012630367157016816,-0.01921409922045344,0.016659962928938506,0.09200481219905703,-0.09326620952135806,-0.04652597742482137
7Networks_LH_SomMot_26,0.07767082962706057,0.05508907856950819,0.019021673414642542,0.11690827376420783,0.2547458598202241,0.02459314254151347,0.22277639598784937,0.1991820208121568,0.23003785561250623,0.26961199170152483,0.27611328357701304,0.5321717983038726,0.3254312242618401,0.1873844995237909,0.3483245792681768,0.21482971086629496,0.14035864769209724,0.08983031469876483,1.0,0.12999542770860564,0.6134928461812447,0.20919786626224784,0.4965561820704088,-0.08102371922445625,0.3639363652696806,0.14363008015449538,0.4073783385724764,0.15857347108854739,0.5362355242558015,0.0830845988812079,0.07845230749084196,0.10748342950827737,0.20401300587624496,0.14427484777413602,-0.06710754495785515,0.13027955561997814,0.04957086996898629,0.23099441111802702,0.17046199749085056,0.31011001379773967,0.14488879368574675,0.18933009311951873,0.4253466255068459,0.33984873129785265,0.2972026563180522,0.19873349073473062,0.30325036024408575,0.5109860230740443,0.16430032780421036,0.18105539976161011,0.5163659020280077,0.1604988663217948,0.5396326003376705,0.21360894038677664,0.1730282550024498,0.20258736114583817,0.09428614385449555,0.2724387889206476,0.25469310274398066,0.23489154019654868,0.23936712585081382,0.06122016563929004,-0.004133417482472594,0.010711985702437303,0.021152371469404647,0.02596556268831803,-0.00213516040445531,0.02231211901374053,0.019626873124962585,0.04003451159004499,0.06911465983088382,0.03828956948401785,0.04007377561736396,0.009598993076600499,0.025436349939239475,0.03756906031915841,0.04434288776871128,0.05069903006627403,-0.007001904648781369,-0.016351135636114237,-0.0565241929431955,-0.03424721737809625,0.0015678300934068524,-0.01364319330349423,-0.03871389308890175,-0.02878095919967561,-0.12433937749952563,-0.09641661604051888,-0.0859474895445479,-0.09666805055457159,-0.11781285413638405,-0.1372266486882372,-0.13694915122196438,-0.11660311760115658,0.03661301268049139,0.03603307104566437,0.0658053145162303,0.12393845904641905,0.11292126157283983,0.14260367186206171,0.10753745560158012,0.09030813631045713,0.02565566814134419,0.07116949783301506,0.05033623936932109,0.03097638014848466,0.05506048780648568,0.026135507305210248,0.10515230467218335,0.04429307203462698
7Networks_LH_SomMot_27,0.268770426783821,0.1451022134515392,0.10042949193742196,0.3143920670540831,0.12135796748751804,0.15547796628659355,0.1687239332380758,0.46807775354661324,0.13468974023808875,0.36554363541070695,0.4212859313363765,0.1465148725808344,0.30101409913702404,0.5782673020178454,0.4024525930630962,0.49496784138474254,0.36662120827983824,0.4713909804250894,0.12999542770860564,1.0,0.3463615565853059,0.6564586356489522,0.4209070432662776,0.49310956857984645,0.2676682303128018,0.4164473256109976,0.19223181072602682,0.5726102732138474,0.23531031761952317,0.46791900371460865,0.20926026586977475,0.2089196878957815,0.23368203571209872,0.17040460483975267,0.3222808619535603,0.40576583993080506,-0.061521561548567624,0.11860554995672522,0.39102371736560876,0.08604399112189459,0.3907286542001055,0.4665870169667019,0.0924314146772607,0.2980047818834509,0.3779000020062557,0.4338260359467533,0.332054001776436,0.29815040322573433,0.5352974882183305,0.5609584035182801,0.2738328697622911,0.30819521490009005,0.181206759511573,0.48948718665971885,0.4345796935231704,0.4248180795665801,0.5342059416740462,0.40867736212850164,0.35407492233132254,0.41016349519665524,0.35956753396531144,0.4387529887831937,0.028073752176817904,0.05754126915250185,0.08602624995148335,0.0216173052107706,0.0294096069767257,0.054281637546950756,0.04165130712706149,0.05533454402693549,0.026268794199291096,-0.026084430175046212,-0.04011591393966687,-0.037012200898807336,-0.050999772350376914,-0.04662067020576474,0.0040457236514493304,-0.046650631535316914,0.03362859025760254,0.022215609725680062,0.0392162023407128,0.012940645308652207,-0.006467732677095678,0.027073325249678763,0.0206244095242594,0.04746481048698548,0.0416523346619016,0.013130589248543083,0.011827819087102513,0.0006275261591515775,0.014451920557233081,0.02307304870520931,0.044701200605857895,0.018727827099354177,-0.05468948187843324,0.03137632946617934,-0.012527127605072767,-0.03822108323890582,0.015772410668699857,-0.0021770993343846233,0.016855990237746435,-0.018184364923716015,-0.020822063541457166,0.00028956149122300566,-0.028508310610130583,-0.019517011997257167,0.043442036260617135,0.04744349431264703,-0.0029254282474290008,-0.04564141455465821
7Networks_LH_SomMot_28,0.3995382551722017,0.34491723068681784,0.2023080572453548,0.3407117290684174,0.36804458754845715,-0.017985806284972233,0.2544013467218233,0.47436852533020757,0.2411244941847334,0.4395638478047594,0.5582755160629124,0.4766135365331613,0.16925695912531832,0.5609977177761725,0.35640488840656204,0.5310436992182861,0.45222859970866996,0.3955036324718392,0.6134928461812447,0.3463615565853059,1.0,0.6635724184602703,0.6779876367114286,0.14755352753847567,0.6026182203975684,0.5443904339697394,0.3507384585894129,0.6793551809889602,0.6314842511201182,0.5476761854517144,0.31827143304765826,0.35612249116562844,0.36915625379153993,0.38094217358743904,0.24938809397318631,0.4252071689541362,-0.02514020342535922,0.2868399135244539,0.359359623580697,0.3011630495096291,0.48132308902317117,0.4200521347536298,0.32131052155110296,0.4768591640656821,0.5871924531549226,0.5408285477702326,0.3702610586237344,0.620265804853284,0.6461648862808013,0.47776903294870604,0.6679950258396915,0.3592260510430526,0.46714791723912785,0.5099997714886882,0.5495278835831678,0.6470778150208353,0.5737041601577005,0.4783639285506589,0.4393278740774656,0.5929866053500845,0.40626488440988884,0.5125592146167287,0.020203267379880686,0.06743891770459505,0.08487875586837677,0.09474763399071334,0.0814659807893659,0.10314198104246906,0.08603465813962946,0.10484027874215175,0.17250921901298788,0.11185874891713585,0.11414242148196373,0.04037758880651471,0.0602511396581372,0.0723149077993395,0.1107302080142864,0.10329513095232147,0.02140784029373862,0.051141881517922115,0.018653466557684267,0.0663726504952688,0.06836268672193735,0.0636113737838849,0.03050060489310883,0.03854669995329875,-0.08096897398777948,-0.04856818765126882,-0.034940686039816364,-0.07340317357988894,-0.07222235081311379,-0.06839902653554865,-0.07697331305130609,-0.04334611030926234,0.09811929824851516,0.06475807982909199,0.11472548929365535,0.15751388015520307,0.10876232209574889,0.16264346712977812,0.19645466829141284,0.12869341662354286,-0.0020649892815905345,0.053892316516799973,0.04341627294330572,0.027503630698920933,0.021797447147865093,0.02598900621855689,0.07303492109652293,0.03597245630034777
7Networks_LH_SomMot_29,0.46233317102443466,0.3901082214621867,0.17606078031445882,0.49539901590603913,0.35680351104874497,0.1338989935663761,0.32890642017267735,0.6808954273147182,0.22249693525375458,0.5896068597674137,0.625440491260032,0.3456352468886184,0.07979707618981598,0.7743936861041434,0.3480239709257515,0.6215014671855907,0.5079691612680898,0.6025150811541112,0.20919786626224784,0.6564586356489522,0.6635724184602703,1.0,0.6527947405133813,0.31033472219659114,0.5707993803882787,0.6210334634953367,0.32972464642191085,0.816163399333672,0.5701796137343077,0.6507651979277814,0.3649218282734203,0.3754557407798545,0.3786858414360827,0.3985483326248816,0.42334221708350206,0.6082044686225269,-0.11986244799609998,0.2637384119784118,0.549664182074004,0.2225994398684516,0.6644423074926258,0.5475525750507956,0.1809214837894844,0.4503825374403858,0.702422323149696,0.6602348115401546,0.3461262364226872,0.46995389844257124,0.8555062175324456,0.6743797441230044,0.5493431166825147,0.3928119555327001,0.3495922843573683,0.5866438069685541,0.6129082934962635,0.685193083401182,0.77291358149865,0.5993230451087845,0.4086206669280985,0.6669261697235465,0.44638456847446933,0.6079763924094639,0.03932209254682284,0.05056584154571662,0.0872803183986805,0.05942243037889606,0.04293587711085848,0.06278388113620453,0.06478472434272435,0.06567651824302087,0.11061027238240584,0.032747696212266766,0.03277081394323961,-0.047970036109905266,-0.05123219801275278,-0.0417901489808699,0.02921452464541659,-0.0046418644427714375,0.08709997807159879,0.12105934822336051,0.09845934767752325,0.11529216116685395,0.09774524489930365,0.1073703438074541,0.09575429074353022,0.10493384096565296,0.0008871968927033079,0.013686715113918502,0.015367949310574126,-0.033919874363554384,-0.009168500867746825,-0.008097357357769123,-0.003207516298910331,0.009175291562855528,0.06284590809670078,0.06356704268996281,0.06922404080458476,0.08642243527212325,0.06276826878103571,0.10724202026002201,0.14181803720398242,0.0560940094870835,0.029347140832412272,0.073248260807125,0.06925901511200447,0.03161710278026102,0.040488146421666496,0.04843693197698858,0.03792747230662228,0.011456126462723896
7Networks_LH_SomMot_30,0.3936968650759981,0.38937620636208947,0.14374911389130252,0.34728161056357976,0.48426931153176006,0.13541338648853307,0.48040117486471196,0.4789289344014183,0.5118475168059237,0.542886077559562,0.6049263516514561,0.5779555476750398,0.2589472301767925,0.4999415389636634,0.4465890434586562,0.5919361926597557,0.5215729463517579,0.6074690264374547,0.4965561820704088,0.4209070432662776,0.6779876367114286,0.6527947405133813,1.0,0.3516842002713686,0.5140667286879992,0.5832579818741161,0.38347540877649183,0.6974115838334655,0.467776006788677,0.5522275369496623,0.4271327661879106,0.36917371439821167,0.3675597808124462,0.35455617597716443,0.2998519234901047,0.5014695716812243,0.01063169245336379,0.4710892050717317,0.501428237735436,0.5082978752930873,0.6084137409568264,0.522550580247264,0.47791235715997166,0.5605966954912256,0.6004002692396919,0.6539374581828156,0.4654812370954338,0.6411340435946148,0.6623759044172506,0.535611865162431,0.6137500637530142,0.5012735277843994,0.5039616427744993,0.587026136595567,0.6245225855788086,0.6550087524803012,0.6275754572232323,0.5743721190110239,0.3300584934681792,0.6578517523499984,0.4486302739472373,0.5804789271166089,0.026155838565472045,0.033205700513115305,0.05855303340973831,0.05372382032851151,0.03679183838797758,0.06534185831020321,0.03285238568744793,0.037162777800797304,0.07899360414534748,0.003102459197267357,0.018275156097170613,-0.06398927034477063,-0.05979011856540788,-0.032933223742801165,0.008808381328675565,0.005719185597651346,0.08207936159495698,0.080244711839854,0.066953058025661,0.035723854698433366,0.04056352807640069,0.044327234790313426,0.047129146463480646,0.05872284048611474,-0.07836987714045361,-0.04024728649464914,-0.021482868878564522,-0.06086414841375237,-0.03788176245937066,-0.027976422173188503,-0.05937602182277165,-0.023620669160666186,-0.0018764459046249793,0.012796408852293974,-0.0024767863569218813,0.10269885897469609,0.07979532219468355,0.1302743620173291,0.07602983416277899,0.05583233247954608,-0.0006447955360382923,0.0656072335516976,0.03738435675608252,0.056320162998047596,0.061293390769325724,0.08434049533264716,0.021986032884509326,0.028811114514069758
7Networks_LH_SomMot_31,0.2322425123666287,0.1719994627970552,0.09709644060655619,0.15199718442824053,0.10156962921511112,0.037381866402226946,0.05850018530758663,0.1255998314682125,0.17926626462406267,0.06473663198434042,0.32072505531388895,0.06713664971512837,0.15206175054258955,0.25917990501874943,0.31195364091968614,0.4573107057574248,0.4283144025855434,0.5708409638596972,-0.08102371922445625,0.49310956857984645,0.14755352753847567,0.31033472219659114,0.3516842002713686,1.0,0.014060352478194739,0.4024503333736752,0.08716828798621043,0.5368193492566156,-0.17570977468574947,0.4527699540834733,0.29509419035854767,0.20915253568968611,0.1424552329480978,0.08724637760561384,0.30769810292124355,0.2827101686045619,0.048520246196020814,0.1856662194058165,0.25246385451924075,0.12536411041645618,0.25916724435633237,0.37064402762912396,0.061483849032340554,0.2983047720628629,0.09339130754073928,0.4266941314015328,0.1626579780548628,0.11942739091324323,0.3255961626555377,0.43920642018089223,-0.02527211104779655,0.4473664977187994,-0.15319884454356594,0.4951375772786838,0.559107833496816,0.4478215673685341,0.44774410673185766,0.30378706748647083,0.09548569016931759,0.3513214040830061,0.3928786634093414,0.4729965047026067,0.12965560466567036,0.14280846713792028,0.1742897444077961,0.11659602408547545,0.1431208960096675,0.1654761616944454,0.12818678773720968,0.14179724471885796,0.052462847878054344,-0.039316556358066974,-0.04779343675259524,-0.08254540921705482,-0.12624014441648515,-0.13187494673088254,-0.04309597426129952,-0.10430630118883906,0.018073380022854895,-0.011769217021591083,0.0038050448942612983,0.0036704145718539543,-0.012008977921104275,0.014453940912847024,0.002352933921826987,0.0034059643741912874,0.03615007226974269,0.059630958561728904,0.07012795562869548,-0.001323420290090681,0.09105304542591734,0.08551816107597578,0.0330644199134399,0.08217848171023154,-0.08815155467519255,-0.03938646795377033,-0.08695989548913359,-0.058137226935935093,-0.04009759878333753,-0.04571054665418993,-0.08401404331391407,-0.10950355489784197,-0.08314861300839953,-0.039606802366771776,-0.08502116771746127,-0.06143166410376352,-0.015401866232722135,0.007662768604286696,-0.1771102429827034,-0.08503768810411683
7Networks_LH_SomMot_32,0.40689174698086633,0.3943633327238908,0.2816342190225147,0.28777309447212235,0.1684547926123199,-0.1831561409145495,0.1608435216573742,0.34400832007807014,0.10399004962163107,0.3024997665582353,0.43802477830010833,0.2719589440844561,-0.09866398735382606,0.46185812744553617,0.09495355365366241,0.4794278430949059,0.3633177667060328,0.21910583855850202,0.3639363652696806,0.2676682303128018,0.6026182203975684,0.5707993803882787,0.5140667286879992,0.014060352478194739,1.0,0.7088326848378351,0.3361337004390366,0.5908847861543054,0.6836759343401682,0.6392963648050366,0.3466347792865834,0.3360676688690361,0.4942726701970347,0.47880699018399714,0.22092930600724073,0.42054837264847655,-0.10405491693670678,0.10747811301773055,0.24008697420630526,0.11277573611254017,0.3932549594079639,0.33050387758638694,0.18418683687637882,0.31460945230432014,0.5632791476404858,0.3935697632153142,0.18770436696309425,0.48365398058055736,0.622905490978066,0.4106940523952554,0.5676217556161989,0.2696480227907241,0.3606816341818835,0.6642160051744477,0.4988834197153488,0.6438489682122474,0.6228749876255748,0.40479756900557556,0.5360362968679153,0.6779120906598333,0.381534463512755,0.6239672733586844,0.03766393452254365,0.05610699200642045,0.06168121501236848,0.07847082790684422,0.060453906306970666,0.043847380244626845,0.09233603077975397,0.04156393787441304,0.10238279964629603,0.05210135097332492,0.06839389221964709,0.013278421109928596,0.012304271930750359,0.02189625922375992,0.06708232448438993,0.050307012400211217,0.02449269566723646,0.07664495214830325,0.05698081170321439,0.059141723938931655,0.0802570460670399,0.07659821085216321,0.06250707390505889,0.08348092825241364,0.031140769121639857,0.03671697385397059,0.01783659715198502,-0.03101158528489842,-0.036032579489790294,-0.060993467331481296,-0.003986989061901741,-0.0060373477026878924,0.1720515457754493,0.13919867918677695,0.13642567462471553,0.17524307135682413,0.12960560670903729,0.16136233655669746,0.24908969552352514,0.18307599342341555,0.058942754267249445,0.11236665485317904,0.15026812358743255,0.06621578272402182,0.06422689305572428,0.09307971925737944,0.19188879373881346,0.17269599575078212
7Networks_LH_SomMot_33,0.4689580571658689,0.4612932852954989,0.29176946646129837,0.28397039501935395,0.18440890258423512,-0.1579638260746563,0.21209817073849654,0.3940972879060687,0.2184040457737892,0.3434483561074368,0.5053146832942874,0.2675254359686162,-0.017060025950927416,0.5032623738988564,0.23210968897262768,0.6892801453911501,0.6446241806730075,0.512149705239188,0.14363008015449538,0.4164473256109976,0.5443904339697394,0.6210334634953367,0.5832579818741161,0.4024503333736752,0.7088326848378351,1.0,0.3430447518683852,0.7796572901501667,0.3799694772023017,0.8610158343921718,0.45169275053963726,0.3793223595917639,0.4724249031195526,0.4474469531902466,0.3036304376134962,0.5072033888943367,-0.15176444862322486,0.16926092775530022,0.37757250169677775,0.151967130834595,0.5082565237938551,0.43889956049665446,0.20778212185513423,0.42118195673797754,0.5178098657715889,0.5580891206500571,0.24958059534401775,0.4624741552096396,0.722434015912759,0.5397426553075674,0.4512520833583962,0.5859181848483357,0.16613951049652256,0.7838059238402315,0.7477290418130152,0.8168177732218138,0.7761997194524335,0.5148698957191385,0.5052724220526602,0.8452932623409366,0.5562853665107228,0.840815610475522,0.05252350130066924,0.08950301235698448,0.09629035091427401,0.11112451853623223,0.11456669752012832,0.11614630660769357,0.12440862099740893,0.09158337603432376,0.0708827701724977,-0.004604078703867712,0.013967782809640523,-0.02342496161881285,-0.04448160808936208,-0.019926329243290842,0.030815049481262072,0.0018826392004889921,0.05116308443949793,0.10430821381711824,0.0917023833549415,0.10388871679552844,0.11834359878651161,0.1283099072903364,0.11175510358348573,0.13045972972681388,0.05010705984169618,0.0621116294125841,0.06970585791963854,-0.009475052620337415,0.03693898167939184,0.04374986838732784,0.051265532476213,0.08239898123692695,0.17709840381209058,0.15571405525879617,0.14202474994510267,0.09538082486244934,0.05174310539764236,0.09109835010666259,0.2094413066955035,0.12946565660750387,0.007247292621532389,0.06831829862243312,0.10105244951801239,0.0295645438576366,0.01937242446517828,0.062453573568069826,0.08030357235055102,0.09481977026603386
7Networks_LH_SomMot_34,0.2050226661206459,0.06530095780908739,0.04970501080690963,0.17683667950151075,0.23976039859163906,0.10812731187811764,0.2552498250434861,0.25978609678261827,0.12275080415591302,0.318339469356154,0.3591227058087395,0.3889452145248662,0.03396126715326023,0.2583370180682116,0.04255290513631587,0.19870379565297394,0.20136462774952296,0.36134307812212757,0.4073783385724764,0.19223181072602682,0.3507384585894129,0.32972464642191085,0.38347540877649183,0.08716828798621043,0.3361337004390366,0.3430447518683852,1.0,0.2517472388897128,0.5453093373620779,0.3573937322338963,0.11045190389079836,0.13728423935847706,0.24896505972225957,0.21352202558632621,0.027603399500732123,0.2573853476493009,0.009547624329425129,0.2555617044737776,0.2971593078088223,0.30104162810930607,0.179043903519213,0.1897420853864241,0.26299158783364557,0.4000969529189377,0.3899046990335855,0.3753653410251571,0.1951895938296686,0.3151571443970459,0.3162840816546405,0.3764578008919078,0.3730137383871894,0.1879662549986201,0.4078574906748281,0.24896957631173172,0.34867515042346314,0.37917463033630994,0.36267947559821145,0.6805410626064703,0.31596120070020756,0.5491368816268692,0.6618707957551881,0.22396307453454228,0.09796860486552442,0.14565571575799127,0.12293168551226132,0.11752254691686435,0.1259249349219392,0.08278764046905393,0.12397219009788221,0.14221866042047876,0.06746323450489594,0.019097038059995273,0.030568996816799483,0.006313440545454818,-0.002285519564007474,0.01869333954465828,0.052776466155774485,0.045035045734820284,0.038000088789456064,-0.008915836493453977,-0.013634198185140124,0.0020002999687103464,-0.0016299925717674388,0.002435345412688022,0.026377528064547164,-0.004370792025690959,-0.07766737908281046,-0.07977112954927124,-0.02950518618249724,-0.0020358142744031963,-0.05106316230386471,-0.02920434413525806,-0.04116563226471444,-0.04928374257608957,0.020808097658677076,0.00560587277656902,0.005026582992343659,0.10517527077934129,0.06253760665937992,0.07324697638651824,0.11556414103390499,0.04171119824558455,0.0842285320448968,0.08333393601424673,0.12000795458690672,0.03383831065968941,0.033241942342282026,0.0320008500447913,0.1278303591990031,0.07676215387139557
7Networks_LH_SomMot_35,0.5336342847104645,0.4718381082324155,0.2740746215804749,0.4019522329186191,0.3301162433904358,-0.0213371298947414,0.24787788981806458,0.5159851562639098,0.2573779202770235,0.4349498662963291,0.6429493970767883,0.3204530340303563,0.04881280167928574,0.6620395952873436,0.3541344581696424,0.7112831137871727,0.5880329083430279,0.6371456229171266,0.15857347108854739,0.5726102732138474,0.6793551809889602,0.816163399333672,0.6974115838334655,0.5368193492566156,0.5908847861543054,0.7796572901501667,0.2517472388897128,1.0,0.4190565764821134,0.8346375082244114,0.5084893430308242,0.427486260227205,0.44721889734765496,0.4454250884574335,0.46685996785243516,0.5982338000685807,-0.11083368785537939,0.28540015079560327,0.45292333941861745,0.24607954805264493,0.6167425293786055,0.5560554666740887,0.19346591055600007,0.4959254777014027,0.5975470755819252,0.6742531284425617,0.3225011709512331,0.46978717989655655,0.8259446316139503,0.6121954527569113,0.4619734545305631,0.4841431356810296,0.20329720145041139,0.7358701887888731,0.7524214771786261,0.8259401146093653,0.8523422671378602,0.5311637037422823,0.40488706990079215,0.7689168935766303,0.4537014341093802,0.8116370896445175,0.05220847637604651,0.05464950191946044,0.09271667946443109,0.07543633852780333,0.06533535943876888,0.09068352496476138,0.08798860274318464,0.07077317567102712,0.10589331056093834,0.005508250710021771,0.012338473953113051,-0.03641241159165049,-0.0632830735270119,-0.04683561133463017,0.030589894755237983,-0.016971104422390255,0.06141574956607247,0.10344946037385705,0.08344661081769114,0.10999091008360791,0.09831601627518574,0.10984125179051592,0.09257302557383375,0.1032621458706711,0.006538036295090666,0.01254165562836487,0.04071735522328984,-0.04611892279943508,-0.0023695653836274706,0.0166077781897322,-0.003394261888209761,0.02970456430893864,0.07608258454471775,0.05297390727419381,0.05399348224321568,0.05413652850011221,0.022852926982739104,0.06936092284257102,0.12714608823038487,0.04321962424631241,-0.0277631688438615,0.04167301207599537,0.024904517585855587,-0.00475809673695601,0.018914043159871878,0.05125385951004883,-0.010104483224106023,0.008009650520867972
7Networks_LH_SomMot_36,0.19995592563039805,0.19039911509713123,0.01653366867728165,0.2505504264938126,0.245998247848313,0.012427876033834497,0.23793647440623242,0.4060178587955782,0.08797325451282198,0.4371228840239783,0.3627134250644858,0.3833392881597843,-0.07577795240762365,0.41221445973685605,0.0701506829408473,0.24126306392294458,0.1520332944157123,0.1953185318069375,0.5362355242558015,0.23531031761952317,0.6314842511201182,0.5701796137343077,0.467776006788677,-0.17570977468574947,0.6836759343401682,0.3799694772023017,0.5453093373620779,0.4190565764821134,1.0,0.38751289912829595,0.107777916822063,0.18378474093181646,0.3157342578488984,0.302958704830928,0.04971268537081758,0.3090290165762992,-0.08529927322850865,0.17654329784209954,0.2495604822257613,0.20856580399805413,0.3336641906656477,0.2204413773994688,0.22682539042107738,0.30732069956354885,0.5460994049215112,0.3245694874384381,0.15873792241638016,0.4337217712679225,0.5174755767190472,0.4138094650806615,0.5969354055430379,0.10657533429055065,0.543102177422669,0.3561469848496511,0.3054835051911784,0.4578005091671378,0.4870944914623892,0.4822674293313131,0.500039535396504,0.4981145070542747,0.39570347748916135,0.2993709847518652,0.08264792342043072,0.10303253793322299,0.10124073241379518,0.10509302771742214,0.09892455607755489,0.09409578902369076,0.11969808753219398,0.10401643446363426,0.1257248469299129,0.0905154933848963,0.0828895714297359,0.05836697537747588,0.07388549021031476,0.08087957152798078,0.10381508598683625,0.09714483830309471,0.024822241341391573,0.04878771510856315,0.008007171493688766,0.0770066033384721,0.07860710601723586,0.0708004561753124,0.04648496084498231,0.05187546079699191,-0.06047369364330471,-0.07965039094975158,-0.045607297742227514,-0.09063964986032533,-0.14226120596585604,-0.14338880188646785,-0.09195061354017703,-0.11415063620730768,0.08688197618745616,0.046084287273253616,0.08060361194347085,0.1482588158136437,0.10251143132121973,0.14848051968264211,0.18271302501831715,0.12378628709724011,0.07026773763764906,0.09756587307011894,0.1129389321485403,0.06532755302148398,0.08036210435587333,0.07838849846606538,0.1818037905921939,0.1396922897600427
7Networks_LH_SomMot_37,0.4963130718792824,0.456828052719882,0.2793434630660223,0.2759198340387151,0.21375402974399782,-0.12761129706336236,0.16803716190122264,0.3587687412315117,0.1739608363694024,0.29904269912724707,0.5033163757237135,0.2144985225729034,-0.039433038546314185,0.5276585664614012,0.17979244200072828,0.5886236592368582,0.4908966260436296,0.5093508451135843,0.0830845988812079,0.46791900371460865,0.5476761854517144,0.6507651979277814,0.5522275369496623,0.4527699540834733,0.6392963648050366,0.8610158343921718,0.3573937322338963,0.8346375082244114,0.38751289912829595,1.0,0.44460590843590736,0.39214998294200254,0.4430705538185767,0.4916118729218456,0.35396797247224143,0.49947285311468187,-0.12447613819219337,0.21852470497953824,0.34288717605513197,0.1910998907314597,0.4771015370953679,0.38869371125826047,0.14560351096232574,0.4335968165494918,0.4882010218838596,0.5415325200258966,0.2069692351877095,0.3756721652324575,0.7087309406823799,0.5370360868978622,0.35733232123959413,0.41851413525412795,0.09971000973892066,0.7082202746425731,0.7034443133426346,0.8196891819936665,0.8288645624858876,0.48239429993005023,0.5110989526143163,0.817150514634483,0.47916771878750397,0.8694889027737135,0.046069059896736736,0.05693028399111048,0.0640933046885533,0.12523840178775586,0.1000637069311101,0.10317017588473126,0.12405733630279495,0.07008668837330938,0.056658011278836316,-0.011487022848593327,0.002146455850977111,-0.022145090842666734,-0.03844839085484645,-0.009416201493210253,0.034597732750187064,0.004089777803501535,0.03365142901345648,0.08903098440710241,0.0725479170929525,0.10524460631863601,0.09839959327848244,0.09863296615491916,0.09207759783702017,0.1015261970752702,0.031484888945162576,0.02011028801415436,0.04655620898013913,-0.0029880028527083514,0.01230417186400451,0.04280693979676508,0.03754646468651457,0.04688404675794962,0.12070868145838923,0.08848263560930521,0.07751094650182756,0.046088928470152946,0.013604288856528137,0.03609623656207661,0.17740194826164504,0.0651840855740584,-0.01772312162870131,0.05151006694242075,0.045351084650833845,0.02577132245184825,0.021287407773477013,0.054014809940258,0.042046930540355354,0.059178892604945625
7Networks_RH_SomMot_9,0.5576105193655962,0.4607501367804262,0.39740048849824444,0.22983809700187413,0.3226833562672687,-0.07606165916795544,0.22228973022998705,0.1909401300417687,0.2632740250656644,0.20344325768169327,0.5085039398471781,0.24712704307341204,-0.05461953702222183,0.22599612786219472,0.16043663249507684,0.5123868821989274,0.4461517899759646,0.42035701796992875,0.07845230749084196,0.20926026586977475,0.31827143304765826,0.3649218282734203,0.4271327661879106,0.29509419035854767,0.3466347792865834,0.45169275053963726,0.11045190389079836,0.5084893430308242,0.107777916822063,0.44460590843590736,1.0,0.4576488022164989,0.5034802698523938,0.44024628607323785,0.5027722390766104,0.537378124318329,-0.018737041821266433,0.3144012097902461,0.3532266535341971,0.29773515684357543,0.3467955075280997,0.4284993553786859,0.23504979673568063,0.4605711411922868,0.2766451833956341,0.5388008036149232,0.2808001898326265,0.34203973579126606,0.458416161365974,0.301604931849105,0.2930292711892188,0.31826114135418715,0.18022517778036293,0.4460577198511921,0.5086884932273734,0.4970247037200895,0.4357031902246201,0.3288695770471832,0.10203711668200828,0.4711754887856692,0.2571035074113284,0.4886688621260189,-0.00829421364944435,0.002310632454805467,0.041298150884979956,-0.02702708002370526,0.0016049061055812897,0.03903689476421839,0.02446863815536134,0.028864614418961654,0.008027072289049633,-0.1052966398748777,-0.08181667835055402,-0.09964347948043373,-0.1473034658480131,-0.130247793682176,-0.048794212282347996,-0.11074702492361292,0.13222818039828743,0.15361755930061954,0.1592952113477355,0.13060822635768482,0.14302946688167523,0.15559363442339375,0.1593272920098673,0.1559238787904663,-0.07775664823216971,-0.07363684332255946,-0.05985747707451112,-0.08419042808551547,-0.0492274325706074,-0.026240714396246177,-0.053163173268260346,-0.03429703445323665,0.053204821841975246,0.028494651411697856,0.0248643206015637,0.013042508404327996,-0.03208912845417581,0.0012657839616662427,0.05155265670422179,0.029730109875064293,0.0767187644745129,0.10824339560657073,0.17505938745591523,0.030033766773604986,0.017337542706993253,0.08558683727108267,0.0934086693570345,0.06960720941806833
7Networks_RH_SomMot_10,0.4600511435952142,0.35511890257430906,0.40840301154815534,0.3358763915519506,0.29811790026997664,0.02507757587013756,0.24446097965640035,0.27488703927580027,0.1993047020376286,0.2805826811679712,0.46320819074308967,0.2469982345309806,0.10974555115086881,0.3084651215491192,0.09136971677697708,0.4614227094644229,0.378465202506935,0.36780591192158946,0.10748342950827737,0.2089196878957815,0.35612249116562844,0.3754557407798545,0.36917371439821167,0.20915253568968611,0.3360676688690361,0.3793223595917639,0.13728423935847706,0.427486260227205,0.18378474093181646,0.39214998294200254,0.4576488022164989,1.0,0.4159227834875713,0.3596046717645195,0.5371448381302614,0.4379257328256201,-0.10015622516412111,0.19606305667033871,0.35271250316819025,0.18641854274951436,0.3601988761826553,0.3850139783530204,0.18406227996166227,0.33778835529845536,0.35362113449437516,0.4645571636168079,0.3091896596792745,0.3270777585424679,0.40638902807296684,0.2958137974819569,0.34568663616545253,0.31819519467043206,0.2326002531399491,0.3580819925980092,0.3948613839766589,0.4084758929357888,0.40632135676156755,0.35997178506235816,0.14883970006403524,0.41145898924498076,0.2779030592465133,0.4168804953947347,0.022100540524729425,0.08181327242387859,0.1348769186608573,-0.05912376383700383,0.03332913247208518,0.0805790438013625,0.031632543219664196,0.09929133051922183,0.11182729575748682,0.034935813194805425,0.02629976975326287,-0.005624813675438197,-0.007346334899162288,-0.0028762942197844673,0.06749613634581199,0.011149885428646419,0.10555709838410322,0.12414777106899688,0.1367423127250129,0.05180041510025823,0.06988034366731903,0.0682048839139078,0.11121683208071016,0.1292906955019145,0.03823437813519102,0.058557742376774455,0.06966159608355471,0.008958205347216822,0.056145899827711954,0.06841225939395025,0.0495292879526977,0.07511741285628448,0.12709922413982286,0.10430576801482294,0.09899908856787122,0.03709389436991315,0.012373715109173207,0.035026733323648945,0.13539767007176176,0.0829762656667296,0.03023850808649367,0.0689778639486497,0.11172355985115202,0.012044036780047817,-0.004741958533767303,0.024965488529726226,0.017022259537198353,0.0010164172781895104
7Networks_RH_SomMot_11,0.5512718838420314,0.5126650734778023,0.2888145986105713,0.38290383595088856,0.28662828502630944,-0.05312187491589056,0.19921839905088695,0.2604950231598358,0.1352528671233705,0.30313273058426243,0.5650582023095565,0.3631633761001971,0.017337725175469172,0.29987102005961275,0.10249448541876593,0.478861338502236,0.4593134197059383,0.32037262837764574,0.20401300587624496,0.23368203571209872,0.36915625379153993,0.3786858414360827,0.3675597808124462,0.1424552329480978,0.4942726701970347,0.4724249031195526,0.24896505972225957,0.44721889734765496,0.3157342578488984,0.4430705538185767,0.5034802698523938,0.4159227834875713,1.0,0.533785462542094,0.23353622990048337,0.6233838944247926,-0.1408945935041105,0.16029970679750238,0.2772129522628705,0.22128353323803515,0.34385461126295125,0.38761854580053656,0.2758978539248457,0.45675594440429407,0.4339287192651995,0.499413272742239,0.264066715605496,0.35609748800736524,0.46619638682562203,0.27152754849916866,0.37160058224607223,0.35963694714371086,0.212690144334503,0.47871963519082633,0.414386802479031,0.477658533560198,0.4541340722506025,0.3642501624465552,0.29867819322127653,0.4853548282974216,0.2913868356060802,0.45348624044007835,0.03700733131050918,0.06917996074534018,0.09985570966823676,0.03180428174465922,0.024179224883585322,0.0571085680847648,0.10222969367855336,0.08140830953118393,0.06288939651091748,0.01909451086338592,0.04472548811997027,0.02577786502964094,-0.014510236365511332,-0.001928418826364195,0.06167924691803508,0.035112447622143314,0.08951314120351973,0.12043867671241164,0.10124700393989981,0.1334102622611378,0.14724217306084464,0.16336116785476038,0.14371907096262507,0.14373146771235315,0.02182023519327114,0.008942711996214403,0.03241715211761093,-0.04227054935976921,-0.014210000123604202,-0.0015573347673671436,0.03771065202445737,0.024805812697534103,0.06344125006861918,0.01970873480674902,0.03509092473735785,0.0777767364952323,0.053541017083059805,0.10010953099183782,0.1439899649086056,0.09416754918107219,-0.011280923083313537,0.004798969360053523,0.05721335422516911,-0.016927540865526162,0.008835456019795032,0.011564596314802071,0.03237063450174726,0.004206713663212648
7Networks_RH_SomMot_12,0.6217365986822723,0.7829274448080821,0.42915011172226764,0.38526011846608305,0.47021874751453774,0.049797984889640046,0.2600758000637762,0.26757223555349907,0.15309625306337157,0.1793900433049446,0.39139754396942283,0.24430365947670993,-0.09057842258224508,0.3381296651081691,0.1371604450171519,0.32865209584179794,0.23895436665254902,0.2735355919541424,0.14427484777413602,0.17040460483975267,0.38094217358743904,0.3985483326248816,0.35455617597716443,0.08724637760561384,0.47880699018399714,0.4474469531902466,0.21352202558632621,0.4454250884574335,0.302958704830928,0.4916118729218456,0.44024628607323785,0.3596046717645195,0.533785462542094,1.0,0.33122550110556365,0.5891773541224122,0.048026753965780836,0.32946762753697817,0.42128713190353345,0.22959474218141945,0.5028947738294047,0.32604941532210324,0.1888440717231768,0.29960464627847316,0.4736914645732879,0.340469897633623,0.15685880013743342,0.27583254349626307,0.5111286976533086,0.29713118528585314,0.31832695268206984,0.16091975525284907,0.0873927920485612,0.3608821537355066,0.39148217388596096,0.48066795749209246,0.5057129330798419,0.3141380854014697,0.2718754462097274,0.4716173224624624,0.2637573762037915,0.48072626853546013,0.021444216900739263,-0.012223390246199391,-0.0012516178168625726,-0.009869186938323388,-0.0074046674328054635,-0.009811923201853976,0.020795398060778455,-0.01902005992737822,0.1510322256707272,0.06223209483662977,0.06350119547017177,0.04241219559557099,0.031069910724768307,0.03667794655536425,0.0998914871927624,0.04484327934323591,0.07199210811094665,0.12737882649984478,0.10811295052577015,0.12824082004115608,0.13956033845539795,0.12535938940787122,0.13659190079223035,0.12618426892940462,0.013185728926873102,0.02642894574908151,0.030641215731562758,0.03800075619613444,0.04910764556711896,0.08109999960833668,0.06617742261813724,0.05758704912262133,0.07438359447259542,0.039722433849632865,0.07556821945582586,0.07885787093321724,0.0892320675518872,0.09151876523208446,0.20289979248959156,0.14239874036736236,0.09183256325182627,0.1089387918620361,0.1165242954282526,0.05216158335314731,0.047305147447779354,0.07711905531332698,0.0795971692825496,0.09399970991647508
7Networks_RH_SomMot_13,0.6087936357589746,0.3866139301573355,0.5868585868459257,0.261127836804262,0.40503165769430005,0.2031658135750243,0.21053900409823786,0.2850571973946541,0.1442911408062761,0.1962859598956092,0.3992226714803278,0.08613560399253602,0.06918741444678894,0.3243166709143479,0.2028701035328098,0.38687708042807567,0.33277493092790084,0.42472369405973803,-0.06710754495785515,0.3222808619535603,0.24938809397318631,0.42334221708350206,0.2998519234901047,0.30769810292124355,0.22092930600724073,0.3036304376134962,0.027603399500732123,0.46685996785243516,0.04971268537081758,0.35396797247224143,0.5027722390766104,0.5371448381302614,0.23353622990048337,0.33122550110556365,1.0,0.43550017770279525,0.10063737295601526,0.22721635015232025,0.36432176825912155,0.15785024927940036,0.37232999250516174,0.3893898154530971,0.05347325801963508,0.22581469131555693,0.2893859938362174,0.4337220282719803,0.14026881041796518,0.1368171566464359,0.4476436304597472,0.36926438489313795,0.16038038714464403,0.23319406597877101,0.03366524078816206,0.35708348620132946,0.3474737359641595,0.34725397804674407,0.4251008686484936,0.2842151614481752,0.1045393312304456,0.36639738924456566,0.2209638574215586,0.41950022980796375,-0.13982022464327393,-0.14738979856823575,-0.10557806911886672,-0.24019378816611384,-0.2020722909012395,-0.18601828323899325,-0.19869706040094925,-0.18532452284304704,0.03822673134200975,-0.021054317746448756,-0.025296182577815664,-0.004526688663409548,-0.04101553972045016,-0.04302262311010891,0.010680519278322434,-0.0454550815268967,0.12842259171848663,0.12960761496009496,0.1590358110844375,0.05345245780290676,0.05887045359801604,0.06233992606509908,0.13198339767930978,0.12177464934023027,0.07548885028288724,0.11191563971799358,0.0792524263118007,0.01891275046077713,0.08993697641746448,0.08317952029386527,0.07133949178015309,0.11091029569213912,0.04685850609333567,0.04317688849706944,-0.005667378366431431,-0.0274351611714578,-0.05513022010986285,-0.044710706665134235,0.02194215205236568,-0.02785588562956292,-0.006638385482077457,0.03921337476373879,0.02093395766964815,-0.002686157819779353,0.012206243459275387,0.07295381858878634,-0.08272738204025608,-0.11995895080691155
7Networks_RH_SomMot_14,0.6148081425734844,0.6077069856511776,0.3029647091747344,0.5850809229070373,0.49159417169069136,0.18725135894462328,0.4158787228616137,0.5138188859555475,0.26440266535714957,0.49035223274417,0.6306323888338169,0.35216601817333804,0.05251789059853429,0.5047685443292789,0.25567799649983497,0.5717305289291185,0.4867132940575817,0.5177472914629947,0.13027955561997814,0.40576583993080506,0.4252071689541362,0.6082044686225269,0.5014695716812243,0.2827101686045619,0.42054837264847655,0.5072033888943367,0.2573853476493009,0.5982338000685807,0.3090290165762992,0.49947285311468187,0.537378124318329,0.4379257328256201,0.6233838944247926,0.5891773541224122,0.43550017770279525,1.0,-0.04935677948610192,0.3264547461950371,0.6292663143211936,0.2658205057998393,0.6286840522371945,0.5268751580745991,0.27824708366108314,0.44387230542334144,0.5940074927616019,0.6038949361946323,0.3308770017946803,0.4185159763807084,0.6820482637341694,0.48272458304099153,0.4180947680017744,0.39827964264005605,0.23728424815811897,0.46116036362848983,0.534882674962689,0.5511602130137725,0.6114465816433938,0.5388598012905721,0.24435958853677334,0.5244106336508594,0.39868291175587706,0.5151779253534619,0.05942360649460069,0.06662484642688919,0.10334742164832315,0.0011313114519669511,0.017455305957811983,0.041724474463567515,0.06147702286479751,0.06694253745037504,0.14762921099630422,0.07775506427887771,0.0848659577396589,0.015059840886248817,-0.017428842020870805,-0.024583551463592184,0.07614131862830155,0.033433507527342664,0.12954796781301994,0.16027612311546166,0.14904814328190552,0.14780580430684492,0.14706660903607977,0.1529800301344167,0.1529480855092561,0.16191147934679215,0.04984290787884667,0.05160015764487944,0.038256688509022085,0.0215817369913767,0.05845703917767878,0.06224324536931707,0.0576655044400047,0.057291303064345524,0.09026179023800784,0.08139857897836372,0.0922155162072383,0.13367541508433578,0.09178649824729945,0.14517145691557976,0.1764801559293841,0.12223337671997113,0.005635010541705615,0.05450411050464816,0.09021823877105811,-0.007817112099967865,0.03199512922854319,0.03751748920976208,-0.0038892345486571103,0.031095866062928197
7Networks_RH_SomMot_15,-0.008757137074918354,0.11151953038293827,0.09911554351132511,-0.05754908457764116,0.30719971724102313,0.33423021334758385,0.16571616965279334,-0.14661961282197353,0.19798390882497788,-0.15101040681640793,-0.20574144960424562,0.03460219780626863,0.14528868960370558,-0.04257665146349945,0.01968243254775637,-0.15694443405800307,-0.17545368047533916,0.026801479494253454,0.04957086996898629,-0.061521561548567624,-0.02514020342535922,-0.11986244799609998,0.01063169245336379,0.048520246196020814,-0.10405491693670678,-0.15176444862322486,0.009547624329425129,-0.11083368785537939,-0.08529927322850865,-0.12447613819219337,-0.018737041821266433,-0.10015622516412111,-0.1408945935041105,0.048026753965780836,0.10063737295601526,-0.04935677948610192,1.0,0.42613259451029223,0.1413473504302894,0.29879217768384725,0.03549937483583325,-0.05602784918696545,0.16339379957847908,0.050190013273521975,0.019750515418947047,-0.09785798950405114,0.003122841162709667,-0.035894892079639217,-0.07197664361530048,0.0004030857066205547,-0.09324738079113698,-0.13639388637281574,-0.08827690926986875,-0.08525551524298314,-0.12568371631655648,-0.11256879094722905,-0.06861454972645847,-0.0341682948789212,-0.03321720297462726,-0.08140187488043842,-0.009889972602745396,-0.07942333628300313,0.029280248422503354,0.0005315061127341659,-0.03544255054399533,-0.06513575531314163,-0.05030322486266771,-0.06847526729343496,-0.0674959393745485,-0.0743334484171219,0.053896452305230866,0.029481534140722014,0.016411546255197782,0.04127402565682913,0.042059663290964465,0.03612458775266198,0.014360114055126952,0.021096657054364712,0.027963777616538742,0.03526657510926295,0.04881449583233971,-0.016822452230277386,0.005390976973138597,-0.010098428782616782,-0.005086108551400083,-0.004683727590352554,0.013513266731037187,0.06351387164535964,0.033344133380488215,0.07999213479908084,0.06289466385712218,0.02271365607844471,0.004435819202346647,0.032344845332673317,-0.04129546149176787,0.00426144446349906,-0.04205375431823454,0.034730961342600356,0.0732435368735243,0.02657043669746277,-0.05466798843674563,0.010462511500720926,-0.02794293326772876,0.021847612874424084,-0.05447702783808717,0.022678841962939712,0.09900178917050052,0.0828983596859258,-0.05880513722864989,0.0246910070712189
7Networks_RH_SomMot_16,0.20482134984981407,0.34711196317787063,0.08610102237245189,0.08193241804609139,0.6742080448430194,0.3773080662887997,0.5643916636390028,0.12485517560930559,0.697221556758957,0.2831962071813268,0.2555760601584171,0.4404743503658092,0.13527596441949863,0.14190900461842937,0.2133389875495964,0.17491498523093665,0.1326196693661257,0.4544093786224268,0.23099441111802702,0.11860554995672522,0.2868399135244539,0.2637384119784118,0.4710892050717317,0.1856662194058165,0.10747811301773055,0.16926092775530022,0.2555617044737776,0.28540015079560327,0.17654329784209954,0.21852470497953824,0.3144012097902461,0.19606305667033871,0.16029970679750238,0.32946762753697817,0.22721635015232025,0.3264547461950371,0.42613259451029223,1.0,0.4320004390707997,0.8230285847938432,0.3424261552922864,0.19827555002179975,0.5595894097825477,0.48482026501257003,0.27686662548806557,0.3223553311771932,0.2691846114568659,0.3610079291439627,0.2810366503304408,0.2977447306627694,0.2586593550416138,0.11369474829637045,0.21180030108354822,0.15498557335839874,0.3147883695876464,0.30940247106711893,0.2863653027925523,0.3655894410942856,0.12285603792422842,0.2617057855545514,0.30789674588158017,0.24892539047860232,0.08472983926397869,0.009819323875958786,-0.0043267425855421995,-0.023052968600577258,-0.0040790174898539255,0.00817122620273874,-0.007384128330817,-0.04124712594068546,0.12297487271114145,0.03578194337665198,0.039324124717447964,-0.004054901573136424,-0.017517351260878833,-0.006001417761576629,0.025584921902308055,0.013038565193294488,0.026149179255376756,0.012152039257841902,0.010391325839941713,-0.006243531785322659,-0.009838536517921192,-0.02009639364409374,-0.0057070093184581,-0.023787682849802885,-0.049802956036474166,-0.024314564027532824,-0.033110059897945805,-0.043418122048799704,-0.01972716283164089,-0.03278732472074039,-0.07364424031139696,-0.045320835842303474,-0.07078821491477616,-0.03661016968583908,-0.09320583921726634,0.07294810583112077,0.06582377267970146,0.030953705102963948,-0.03315678644247098,-0.03463601270999732,-0.09998668350231511,-0.006328134488334355,-0.060816153229094005,0.022239679802167338,0.07391526253808799,0.11289455651433619,-0.07051539473511269,0.004555876602481902
7Networks_RH_SomMot_17,0.4216591903551357,0.4687148058718346,0.263935350537884,0.5025857220667288,0.5303741766175153,0.45689866365327036,0.5304615460066892,0.5449424594409937,0.3850590501944799,0.5384401614102927,0.4389246317667994,0.38559171866803615,0.18257712749489358,0.5124040163461572,0.2499141787684476,0.5125924180393979,0.46571660706974133,0.5537360009937514,0.17046199749085056,0.39102371736560876,0.359359623580697,0.549664182074004,0.501428237735436,0.25246385451924075,0.24008697420630526,0.37757250169677775,0.2971593078088223,0.45292333941861745,0.2495604822257613,0.34288717605513197,0.3532266535341971,0.35271250316819025,0.2772129522628705,0.42128713190353345,0.36432176825912155,0.6292663143211936,0.1413473504302894,0.4320004390707997,1.0,0.3371681494425114,0.7064894517795094,0.50264684670508,0.3683882954781805,0.3928299801743242,0.6132764243107691,0.5184104925045162,0.43507937823561416,0.4235654250392079,0.5895121701741624,0.5086756070190218,0.43893523066378765,0.42908096777505106,0.28478436644363186,0.3536106445499552,0.43713607360374473,0.41648028205403254,0.49809934963290287,0.527655927876596,0.215952509993297,0.4747781371312572,0.4257577951690106,0.35149680105887143,0.03952603876908258,0.012154876584548231,0.02611766880401124,-0.05671035302847289,-0.041027643077573346,-0.05172293746357625,-0.0395108555813747,0.011757482433959313,0.09046578356239802,0.001580412033294118,0.00659530165864032,-0.05656436812161027,-0.06379882641822109,-0.05155053452719663,0.0013444415330416308,-0.016669448638876296,0.2200736856851751,0.22961630671081412,0.2304565229618313,0.14946903464197372,0.16824385948122117,0.17619442629560556,0.1960422608398471,0.21870522958387612,0.09996467915775449,0.1275324362131034,0.08731585902821709,0.06891944652361134,0.12285662908826529,0.09052948364090323,0.09557179442854166,0.11375045116503277,0.11427461424464158,0.11239589754295762,0.11522524281922507,0.07965448320403494,0.07993936419833587,0.09762453098510189,0.1597129742551249,0.1353749909771763,0.06456305928925522,0.12070312412835899,0.14724147959984973,0.07917199638511332,0.06208591849975462,0.08334970939013375,0.026746704338401744,0.010079031287341859
7Networks_RH_SomMot_18,0.20549616851984912,0.2664855756684976,0.050217078262623095,0.036053040781445694,0.5867606609510101,0.258887954805321,0.4930358730587706,0.10625048777981805,0.6897967575941987,0.3439504107122418,0.30321215233993515,0.5111877923195474,0.13703819598852132,0.07300078048072003,0.17940785729211933,0.18474808754948388,0.14699876790040625,0.40852882815113306,0.31011001379773967,0.08604399112189459,0.3011630495096291,0.2225994398684516,0.5082978752930873,0.12536411041645618,0.11277573611254017,0.151967130834595,0.30104162810930607,0.24607954805264493,0.20856580399805413,0.1910998907314597,0.29773515684357543,0.18641854274951436,0.22128353323803515,0.22959474218141945,0.15785024927940036,0.2658205057998393,0.29879217768384725,0.8230285847938432,0.3371681494425114,1.0,0.2806259654239982,0.22721598005354218,0.6415293546799422,0.6000487171662189,0.25687398516789645,0.3737458653230739,0.2872273429893476,0.4013332147268746,0.23032329874556967,0.2748587841544507,0.2878254386721215,0.1409842210247613,0.31771561332776554,0.1263002917190393,0.28006384778244775,0.2783910651052114,0.2362448562619614,0.34587297783033827,0.17810965953478045,0.2708735341352303,0.27650387436885693,0.20401555431799195,0.08891401476492483,0.0364742426066148,0.021655789836716628,0.003954939681729477,0.004476276142737658,0.024282229049366607,0.027466261678888625,-0.005883297204968319,0.0714058186161701,0.02828859645403764,0.04609669682279453,-0.02269462550315645,-0.024213586194238156,5.43178350501629e-05,0.01785899770749754,0.031015488868508554,-0.0015201500672357932,-0.006852665496524344,-0.026206882266061632,-0.03042822014627395,-0.027327875607131704,-0.032626775941815324,-0.031903438104385395,-0.04381463202585881,-0.09703775359851818,-0.09207074713912669,-0.08910210016758814,-0.060577308512143976,-0.058601320488542774,-0.06226286456846293,-0.0916286992882286,-0.09477505869301003,-0.07646643050142947,-0.05171139165260228,-0.10865606971205195,0.11432496028121791,0.10813083655561799,0.08469572902335039,-0.020715408699289516,-0.018355083595241534,-0.07002374962621993,-0.0035771478389340842,-0.04629203614265499,0.046744862733637656,0.07799261611269546,0.11608470801866246,-0.034505430242088554,-0.03730485908744891
7Networks_RH_SomMot_19,0.455914071780457,0.5912877664122549,0.22657576355564338,0.6094247257124104,0.5411147402975792,0.34803149037491693,0.4723285253813672,0.6335965399051592,0.40818314833896735,0.5791003199603078,0.4981042487460171,0.3880021774951697,0.1686973179087646,0.597901459064788,0.30793093486540063,0.5528384410401093,0.4708794335983616,0.5422394601685284,0.14488879368574675,0.3907286542001055,0.48132308902317117,0.6644423074926258,0.6084137409568264,0.25916724435633237,0.3932549594079639,0.5082565237938551,0.179043903519213,0.6167425293786055,0.3336641906656477,0.4771015370953679,0.3467955075280997,0.3601988761826553,0.34385461126295125,0.5028947738294047,0.37232999250516174,0.6286840522371945,0.03549937483583325,0.3424261552922864,0.7064894517795094,0.2806259654239982,1.0,0.5335518923382246,0.3106073267201581,0.35218830900648135,0.7642391025881667,0.5050328314471343,0.45260963411326083,0.45002585912936294,0.7567451574295598,0.5709683004663932,0.5272959473804218,0.4162822337228912,0.25542999998839755,0.4863359901718727,0.5291666655769365,0.5715184887817194,0.6656755016562805,0.4848327773599581,0.27120031287596424,0.5513262753801378,0.34890113005252027,0.5425104152455925,0.027232999771954054,0.03968829847585926,0.07795828217445507,-0.047847044721523777,-0.003995626218098459,0.008734214442968473,-0.015566345289172528,0.01060733706773088,0.1075116435907329,0.020991144446016602,0.03243865985062996,-0.05689632450550875,-0.060850042405464065,-0.05811332781132494,0.0072029338281461575,-0.01731538561885429,0.09850579936054946,0.13005374959581437,0.11582371969758982,0.11231637996726276,0.10005825749996808,0.09698269179022115,0.10137256019095237,0.11087386671259328,4.1110298394861735e-05,0.0434742327526121,0.027304286598006728,-0.02663273980538781,0.03406594080179833,0.03739267292544767,-0.0028838337280580042,0.04854256257593698,0.07680423846081601,0.04454326198636925,0.06986593162984368,0.09092469885699647,0.04715720199683805,0.1188193382754455,0.1461882349281425,0.09759415689490863,-0.019501700410444207,0.05482275955791527,0.06943897682222919,0.0924989419110518,0.0750415883362988,0.08020051562546901,0.002396139761123276,0.016756262086854264
7Networks_RH_SomMot_20,0.44601582632327347,0.3634739757382335,0.24279871856119908,0.4187407441139259,0.2984427626341323,0.09803670397311877,0.2491186388912948,0.45702767083437257,0.22333217706979136,0.48987963792075867,0.6244727393545537,0.3818697623494825,0.07609337436872053,0.46064685505550984,0.2840828944516553,0.6064510145096517,0.5158998431786048,0.5772621634289691,0.18933009311951873,0.4665870169667019,0.4200521347536298,0.5475525750507956,0.522550580247264,0.37064402762912396,0.33050387758638694,0.43889956049665446,0.1897420853864241,0.5560554666740887,0.2204413773994688,0.38869371125826047,0.4284993553786859,0.3850139783530204,0.38761854580053656,0.32604941532210324,0.3893898154530971,0.5268751580745991,-0.05602784918696545,0.19827555002179975,0.50264684670508,0.22721598005354218,0.5335518923382246,1.0,0.3167336507209632,0.5063500222626464,0.534910153443916,0.6341463260426367,0.420078990185229,0.4546443789044226,0.5814620187643345,0.4845045935669053,0.3999081661962847,0.4272225794122715,0.28006484209901494,0.47710199451517765,0.550215572626575,0.517291164037508,0.5131214208157285,0.5151124773322926,0.19230340976622595,0.5048665307595381,0.40088875335486024,0.4311823013050744,0.0381668035881532,0.01170374295138361,0.06607971308306848,-0.04304830641267061,-0.04358561756412002,-0.04173808547375387,-0.0056717490175373295,0.009211726215268527,-0.0005861465134813598,-0.04946272456958186,-0.04894264692047156,-0.08475362046452471,-0.10396163366950993,-0.10689202819693587,-0.03712367704894616,-0.07497384925551509,0.11370565165679786,0.1250430243258136,0.13372890568369208,0.07918275557735084,0.09183212155638466,0.11095054491247132,0.1146765313288078,0.13029349135059723,-0.0010906645479878024,0.028850576667669204,0.01150544947819141,-0.0013174237159334198,0.04928291370731026,0.03680683173509447,0.028951185288488522,0.05247467663046502,0.06808952006136341,0.09498780304626903,0.09391392205310543,0.12094408374728481,0.11845684962809046,0.17762100940407594,0.1602624621171943,0.14478183021693777,0.0960015016683057,0.1215331797712063,0.13293914830458928,0.04918751996870168,0.12253022567021712,0.14828062741119596,0.08786204971074217,0.016196554191688167
7Networks_RH_SomMot_21,0.14033623375685916,0.22380685988488805,-0.005785412953497472,0.06622951053736299,0.449887403396422,0.16187351889902082,0.39623587161867013,0.0882934065161733,0.6236023100903515,0.3227811668620193,0.3306628579656717,0.5394578200104948,0.21125963217433344,0.06246576265475845,0.2601562508466077,0.2902299179741644,0.25542979185251635,0.3164904858217542,0.4253466255068459,0.0924314146772607,0.32131052155110296,0.1809214837894844,0.47791235715997166,0.061483849032340554,0.18418683687637882,0.20778212185513423,0.26299158783364557,0.19346591055600007,0.22682539042107738,0.14560351096232574,0.23504979673568063,0.18406227996166227,0.2758978539248457,0.1888440717231768,0.05347325801963508,0.27824708366108314,0.16339379957847908,0.5595894097825477,0.3683882954781805,0.6415293546799422,0.3106073267201581,0.3167336507209632,1.0,0.5909026186666057,0.3425913843713751,0.34318225367338456,0.4502181039774881,0.5556846715901977,0.23145810081367726,0.22919691241466553,0.41486370296535463,0.22983187060373025,0.4063779377034994,0.18712371640199177,0.2642737474440194,0.27534204272526475,0.16783946852114365,0.3516513058923643,0.20627033185051022,0.28978216626677405,0.29074253642713943,0.2007163892568449,0.09537672618690941,0.053052605312696316,0.06667341933783656,0.006025420630583896,0.01816270637954848,0.0391291986969601,0.05992205974955287,0.055197046857992774,0.0866892239802946,0.05780820598111607,0.05571816155578876,0.04243166629139011,0.04177177571910453,0.06063458360567046,0.06745559553642583,0.07669091861831286,0.1032353480173577,0.11600617655755996,0.09573086140186074,0.03799529432627728,0.08280890409010386,0.07591581166471308,0.07019602345363307,0.09327989372664174,-0.03076496839185497,0.014676892753026713,-0.043604653327140246,0.00214896045642088,0.025931912767425347,-0.014979885506735891,-0.03811503368595056,-0.01821527542171224,0.04357103428908429,0.05784419314990406,0.04964225542170401,0.12599804676982804,0.09009593592864326,0.1289539583682347,0.10285728421754231,0.09709083927273031,0.011714096565197887,0.06003344456807778,0.007542204950558675,0.08565102411289191,0.09966969454661323,0.08375231612096451,0.019711461299936263,-0.03159267278103211
7Networks_RH_SomMot_22,0.37691497494559323,0.31205619830580034,0.10467463960436028,0.17407404141811397,0.4145396883573676,0.029359389596401168,0.3372874600002352,0.20381512965411366,0.42285596835659356,0.4389910685754276,0.6468540098443174,0.5927729939351475,0.1391530142803595,0.2967845988695443,0.21767706012468238,0.4930895879230533,0.4381269925520807,0.5463153361049162,0.33984873129785265,0.2980047818834509,0.4768591640656821,0.4503825374403858,0.5605966954912256,0.2983047720628629,0.31460945230432014,0.42118195673797754,0.4000969529189377,0.4959254777014027,0.30732069956354885,0.4335968165494918,0.4605711411922868,0.33778835529845536,0.45675594440429407,0.29960464627847316,0.22581469131555693,0.44387230542334144,0.050190013273521975,0.48482026501257003,0.3928299801743242,0.6000487171662189,0.35218830900648135,0.5063500222626464,0.5909026186666057,1.0,0.44433847587327574,0.6448301555202234,0.44568675858437135,0.5381034316606,0.4610779589237902,0.34411323099936186,0.42786921190226557,0.3207792222986001,0.357473563781108,0.35209087210601453,0.5104987649767341,0.520042324563979,0.4231234942692268,0.5328381134531393,0.2994347554453018,0.5266803742838306,0.4012320522182457,0.4206411802933978,0.12936852331327936,0.10727061757093614,0.11930047584398429,0.07027326691810615,0.08452649925724474,0.12384702891753195,0.12755470294196777,0.1403404408198638,4.048819022307599e-05,-0.05916358516503058,-0.042593103906580804,-0.06716338796043651,-0.07701400162261102,-0.03543085982405372,-0.02839176357573503,-0.017236014857357887,-0.0042223006460475054,0.0011349190915096842,-0.03499769497893601,-0.003963084328882182,-0.0009438178821404227,0.010031894658641266,-0.025730272833613708,-0.015541626601658058,-0.13528862990688628,-0.12798231771048799,-0.11717577450514399,-0.03723466200819385,-0.06303546352840507,-0.056989601527573666,-0.10204764773133815,-0.1004859733664899,0.009859412869822967,0.05495018511090091,0.02253028795825012,0.179955432311256,0.17877483847480286,0.1903592416633493,0.1347916066709566,0.10604825847233108,0.10016211119416485,0.13954470747989361,0.11697300168944305,0.06834656381754639,0.1258098088603334,0.15714888342896768,0.08386882418166822,0.06338540663635138
7Networks_RH_SomMot_23,0.4368425790841719,0.467578456769238,0.20633264691817574,0.5861284184012149,0.4690980327141518,0.28770924420815536,0.4458979380272255,0.6823215955432943,0.2646672804986056,0.6141981458129315,0.5596558056803989,0.48443061151314243,0.17646944640678508,0.7125300246441432,0.23501472939971407,0.5499654609291598,0.4280367776446369,0.44000790240154636,0.2972026563180522,0.3779000020062557,0.5871924531549226,0.702422323149696,0.6004002692396919,0.09339130754073928,0.5632791476404858,0.5178098657715889,0.3899046990335855,0.5975470755819252,0.5460994049215112,0.4882010218838596,0.2766451833956341,0.35362113449437516,0.4339287192651995,0.4736914645732879,0.2893859938362174,0.5940074927616019,0.019750515418947047,0.27686662548806557,0.6132764243107691,0.25687398516789645,0.7642391025881667,0.534910153443916,0.3425913843713751,0.44433847587327574,1.0,0.5111386281953972,0.49795772885095374,0.5290124647901263,0.7612320417628051,0.48716246121618534,0.6527641315329523,0.3333968780271333,0.44791894284708705,0.4782414651312642,0.4613509479911401,0.5804256796114268,0.6569974505992497,0.5960801543166818,0.37044311666453833,0.6130130473512136,0.4252504790171478,0.49366457893898663,0.0254437841278073,0.04526580240121688,0.07323359652246107,-0.019588690264570177,-0.003569760463763752,-0.018984733147448446,0.006792446162517319,0.02267497863890639,0.14384181397563964,0.06314614386384274,0.05884656222177426,0.013353412603021126,0.01753284301243956,0.025829790290263447,0.06943271633823442,0.04921094864277166,0.1345916880872753,0.1793607502241469,0.14748930678355293,0.16210894429221953,0.16712798287692482,0.15739330852960232,0.14812065032297886,0.16787823341966182,0.009373173126622872,0.07389912883617382,0.03544518465787314,0.06849604875424536,0.08449607780332218,0.07087321460793641,0.039863145088299023,0.06685777803315535,0.10366067764165089,0.08220641833005378,0.11396660271020978,0.2063804038385528,0.17044466940200878,0.23017140211612563,0.25060813857695097,0.17710674898783305,0.07010941251120639,0.12691413239757135,0.1370093548006078,0.06267545122193996,0.09692511386065987,0.10618450382482177,0.09481077035507902,0.051121328481137505
7Networks_RH_SomMot_24,0.52589660042277,0.3661516332917491,0.20011662485395,0.3714115707483207,0.3888371357568547,0.07355034714539382,0.3497274139903165,0.49351689110475666,0.272509038982856,0.5409380457054208,0.7719015514880384,0.3950898436136884,0.06788383456771171,0.49781488821942166,0.30684040942903806,0.6742469663356485,0.6951386734363415,0.741779695594582,0.19873349073473062,0.4338260359467533,0.5408285477702326,0.6602348115401546,0.6539374581828156,0.4266941314015328,0.3935697632153142,0.5580891206500571,0.3753653410251571,0.6742531284425617,0.3245694874384381,0.5415325200258966,0.5388008036149232,0.4645571636168079,0.499413272742239,0.340469897633623,0.4337220282719803,0.6038949361946323,-0.09785798950405114,0.3223553311771932,0.5184104925045162,0.3737458653230739,0.5050328314471343,0.6341463260426367,0.34318225367338456,0.6448301555202234,0.5111386281953972,1.0,0.37493624321124397,0.497416151335341,0.6960127508900817,0.6167124910190704,0.4643573448079215,0.5932054443668331,0.38525942567670124,0.5591523600370945,0.6527905738972579,0.6330126041398222,0.6288855207225169,0.6682962323928422,0.30585440681541676,0.6584816181575883,0.5334775355235672,0.548337378014223,0.09168687197008182,0.11926256687917722,0.14955142404752944,0.05033006651019678,0.08230247701407394,0.11316057957463627,0.09065537169384726,0.14045114952717822,0.051227114734562505,-0.002137758203917795,0.010112901504426154,-0.07148433178272998,-0.06625196347884926,-0.04135120440403256,-0.004414054380569347,0.005861601660872929,0.12397932875455842,0.1429704608874229,0.13485662687739117,0.10485712451604809,0.11583728265029668,0.136012067450535,0.13917033213446972,0.14730199254640275,-0.010294169396069966,-0.010798663347453868,0.0013563126782248978,-0.04463497316305191,-0.003003830100426453,-0.012297483411324306,0.0003544610566359064,0.006414646604354071,0.061026337608629196,0.06179967474691915,0.04448949725192861,0.09599338731317825,0.06918651779889294,0.11827841457231568,0.14117867809632798,0.0812015923389906,0.04075915658557087,0.06271675326137141,0.07662996870274509,0.04088633555748355,0.06961878540300472,0.12497326578959292,0.03922430062372475,0.021740144729992555
7Networks_RH_SomMot_25,0.22175173792395067,0.20615012438254088,0.054726132740001994,0.3027454920961736,0.3270906767183845,0.20418908185272475,0.30858061642813944,0.40632266048927007,0.3603368781389386,0.42280404196501115,0.4201409260404923,0.46820831423169396,0.45950006786912645,0.3985986758035796,0.3928957648117271,0.44373279520070763,0.3994523814075019,0.35081423444695176,0.30325036024408575,0.332054001776436,0.3702610586237344,0.3461262364226872,0.4654812370954338,0.1626579780548628,0.18770436696309425,0.24958059534401775,0.1951895938296686,0.3225011709512331,0.15873792241638016,0.2069692351877095,0.2808001898326265,0.3091896596792745,0.264066715605496,0.15685880013743342,0.14026881041796518,0.3308770017946803,0.003122841162709667,0.2691846114568659,0.43507937823561416,0.2872273429893476,0.45260963411326083,0.420078990185229,0.4502181039774881,0.44568675858437135,0.49795772885095374,0.37493624321124397,1.0,0.6271019166451175,0.35386568005969793,0.326600863533958,0.5819122775857213,0.27405025114727444,0.4284095768954426,0.2573057892225781,0.33839473375434787,0.3138053779533861,0.2773481128595155,0.3881627235186104,0.17806065632446083,0.2995285462680609,0.28883132740969114,0.25599651058862677,0.032255661344773326,0.03826872303818309,0.053732733367124724,-0.03191024962128847,0.011368070848259955,0.03039323390676994,0.006780104089170653,0.04343850418299885,0.03143830158936001,-0.011753946649970143,-0.00499995869704973,-0.07243655299967533,-0.0417059171399595,-0.023126247527696934,0.0013490047115759004,0.0039072383837685295,0.034993335563748014,0.053327620807253784,0.03744197946950179,0.07133341326661477,0.07520179302575195,0.09207999200289915,0.03779209278020497,0.07892629908841711,0.027447305771711516,0.03744589505473974,0.017970898431924502,0.04026557093411787,0.05373767700249982,0.04755392452812601,0.02969240822229584,0.05671578776722428,0.045374928972678405,0.10334567370722408,0.07915096394170246,0.09762229127272314,0.13130794326418116,0.1531667421766657,0.11352089018479793,0.1149484709519632,0.07649933999372692,0.09689964190726313,0.09335936984521248,0.005890747815497542,0.028191467983006473,0.014775245749354165,0.04924256460557646,-0.02689248888006935
7Networks_RH_SomMot_26,0.26006892834107853,0.28399936993396474,0.10043529657095289,0.23770937832570435,0.33936113165551623,0.05697287939422183,0.3647350315175732,0.38177468422891236,0.42463528423777464,0.44397072988138786,0.5066352028702802,0.5135692883853288,0.2379942168126426,0.3664683685253279,0.3202158329686912,0.5263870444417548,0.48042187865256025,0.4303494563551712,0.5109860230740443,0.29815040322573433,0.620265804853284,0.46995389844257124,0.6411340435946148,0.11942739091324323,0.48365398058055736,0.4624741552096396,0.3151571443970459,0.46978717989655655,0.4337217712679225,0.3756721652324575,0.34203973579126606,0.3270777585424679,0.35609748800736524,0.27583254349626307,0.1368171566464359,0.4185159763807084,-0.035894892079639217,0.3610079291439627,0.4235654250392079,0.4013332147268746,0.45002585912936294,0.4546443789044226,0.5556846715901977,0.5381034316606,0.5290124647901263,0.497416151335341,0.6271019166451175,1.0,0.5116078023196703,0.47146475598398024,0.7787987372698512,0.40222111103192626,0.5891262736531757,0.46982942207617123,0.5820626095255801,0.5889943276547542,0.4487465421090517,0.5467036211833299,0.3726553646378285,0.49817434703906327,0.48399347412833277,0.42059446505096776,0.1629958959242829,0.13471998416590103,0.14121918438744044,0.08850909959491676,0.11035677150824667,0.11227219466876764,0.1551400374965628,0.13911873208495762,0.13261911261064113,0.0793408460302946,0.09444898135853766,0.012783149568250175,0.017865940817645098,0.04075943421199461,0.06875536243959457,0.0819252763446151,0.06014075255141929,0.06611120981610329,0.059714643188811575,0.019721596259484345,0.03697755020843371,0.037462862835656606,0.041687021521502485,0.05955103661262671,-0.04799800428586697,-0.04407802688124616,-0.0664948847776171,-0.047577823212432604,-0.04254025238247786,-0.05469591603690803,-0.04597728918959245,-0.048186171428777284,0.12195323343233642,0.1422134995694415,0.15543066094857053,0.1717234630508829,0.153944575404151,0.18727209085046015,0.1794531950752903,0.1713056968003348,0.09506975163201936,0.11869277124340291,0.12635311074121108,0.000771110462122119,0.022999255443939548,0.047098597958335695,0.10792247345097694,0.06453960864641049
7Networks_RH_SomMot_27,0.5198541860503499,0.5195143009516395,0.24699893973415182,0.5258521246987143,0.41590053398991905,0.13363229114971117,0.37669649230633945,0.6283535838458814,0.26151739684421593,0.56975765366568,0.6414963107162388,0.35121339428095044,0.01356070253996073,0.6897113333342294,0.3134428343818119,0.6679339641498064,0.5684326883924287,0.63611425994991,0.16430032780421036,0.5352974882183305,0.6461648862808013,0.8555062175324456,0.6623759044172506,0.3255961626555377,0.622905490978066,0.722434015912759,0.3162840816546405,0.8259446316139503,0.5174755767190472,0.7087309406823799,0.458416161365974,0.40638902807296684,0.46619638682562203,0.5111286976533086,0.4476436304597472,0.6820482637341694,-0.07197664361530048,0.2810366503304408,0.5895121701741624,0.23032329874556967,0.7567451574295598,0.5814620187643345,0.23145810081367726,0.4610779589237902,0.7612320417628051,0.6960127508900817,0.35386568005969793,0.5116078023196703,1.0,0.706245373674787,0.589609175783618,0.4761392816993746,0.31113988873807197,0.6795362931063588,0.6923293235423239,0.7953293278511491,0.8596302156397857,0.631129004189066,0.4374714666623967,0.7624638293133391,0.4932774892490267,0.7257124406817376,0.06553140157707521,0.09251482001433198,0.11902851229282081,0.04515666335502863,0.06628857483821056,0.07098610919323328,0.08034403302445702,0.0723383227072671,0.13329268530654576,0.0461559396017374,0.050582661469493986,-0.02113112516990608,-0.02763445729131397,-0.01469542451608671,0.04351604761619722,0.01707489831924012,0.11860796033282048,0.16466535910721466,0.1512137450775563,0.1396753373479838,0.14104729757052614,0.15270947753980382,0.15396429243053664,0.16310379360762278,-0.021770867434105123,0.0021439499551914308,0.007691975054137424,-0.05857632615568332,-0.01849307876462643,-0.005692539874438945,-0.013381873702190744,0.012159870838825514,0.09079999345769747,0.07349361452982678,0.0884136254621345,0.08800181574021497,0.05012376117938624,0.09412551060103616,0.15865262682037234,0.08074084362283254,0.019142240510874018,0.05235841522533479,0.08422532408184262,0.02103326454953725,0.014735428870462,0.03595025663522119,0.034809106185540936,0.022033109630778827
7Networks_RH_SomMot_28,0.35413368130765127,0.31405074423429663,0.14181725907820478,0.3779315521398188,0.345651332957636,0.23063869609658827,0.3217480068850235,0.5157830068173306,0.2561997930891123,0.4790081738089704,0.46609073074370466,0.23040496599021032,0.09614214508662051,0.5043532027854408,0.31088120967463934,0.5326291041200948,0.48503364751269945,0.6286239512713158,0.18105539976161011,0.5609584035182801,0.47776903294870604,0.6743797441230044,0.535611865162431,0.43920642018089223,0.4106940523952554,0.5397426553075674,0.3764578008919078,0.6121954527569113,0.4138094650806615,0.5370360868978622,0.301604931849105,0.2958137974819569,0.27152754849916866,0.29713118528585314,0.36926438489313795,0.48272458304099153,0.0004030857066205547,0.2977447306627694,0.5086756070190218,0.2748587841544507,0.5709683004663932,0.4845045935669053,0.22919691241466553,0.34411323099936186,0.48716246121618534,0.6167124910190704,0.326600863533958,0.47146475598398024,0.706245373674787,1.0,0.49025711828113944,0.44863584011144075,0.30819811415298864,0.58596079310556,0.6333059898069494,0.6245322517315686,0.6983199185856807,0.6184280101097396,0.415901504995069,0.5929091172628841,0.6288014417309314,0.5244182886870112,0.148343591109795,0.18051381240691264,0.1932297310482803,0.10176356255152523,0.13194671855030204,0.13175822903041481,0.1428082105733228,0.1315083897754762,0.10051788592103175,0.017155919927164132,0.010287880179920238,-0.08077437290828603,-0.08960876540964233,-0.09269668217661443,-0.02753951067898699,-0.053124340064683896,0.10148055794411664,0.09065082716778675,0.09638934190382963,0.06226040919982692,0.06845080469126748,0.09178538455683384,0.09496012439688244,0.10573288407556089,-0.009709110884475736,-0.005896516455609003,-0.004502825806787929,-0.10239813595460669,-0.05829844645167385,-0.07919044489808305,-0.03859952210825775,-0.02124734850599013,0.0383224620639072,0.046495512174505205,0.019088643862218542,0.013653968246318262,-0.01792231297146881,-0.008058242350648425,0.0436722420594328,-0.022142242653815883,0.007206204576795553,0.025370577987923817,0.027255398026706863,0.03940613784342707,0.03764730358453452,0.04072782334273054,0.02435920718812946,-0.011689635860839449
7Networks_RH_SomMot_29,0.2865788783095811,0.28227250071394483,0.12463886600602958,0.36317819512806987,0.3500394952469776,0.12870530229262372,0.4176085717469572,0.5504297304928926,0.296266209658759,0.5676835199184964,0.47219926570109694,0.5058338865074544,0.23950330451210836,0.4704722149064018,0.2754144088517633,0.48081883195436437,0.41413119891886124,0.3353436772712177,0.5163659020280077,0.2738328697622911,0.6679950258396915,0.5493431166825147,0.6137500637530142,-0.02527211104779655,0.5676217556161989,0.4512520833583962,0.3730137383871894,0.4619734545305631,0.5969354055430379,0.35733232123959413,0.2930292711892188,0.34568663616545253,0.37160058224607223,0.31832695268206984,0.16038038714464403,0.4180947680017744,-0.09324738079113698,0.2586593550416138,0.43893523066378765,0.2878254386721215,0.5272959473804218,0.3999081661962847,0.41486370296535463,0.42786921190226557,0.6527641315329523,0.4643573448079215,0.5819122775857213,0.7787987372698512,0.589609175783618,0.49025711828113944,1.0,0.35545248996690637,0.6397105483404838,0.460420108830467,0.4961135212898968,0.5615013294336288,0.47799146118595637,0.5345615816943564,0.36033943469876295,0.5116726825565133,0.45775698726172265,0.3853799813488228,0.10610359908920204,0.13446839095458307,0.14181300269803962,0.06212015686383691,0.10094307956290559,0.1005278882626787,0.12155225918462403,0.14096049907363384,0.10570309150143965,0.048749320993622176,0.05290310903685079,0.015492727892506507,0.02491483896584679,0.037585108185827686,0.05636491191682746,0.05472744104346017,0.07819553152360886,0.08704300458138739,0.07430783222678904,0.09653119365426915,0.0943583380803823,0.0935347868401649,0.09294052391299523,0.08576253662258575,-0.013733317591815774,0.001012423973373416,-0.031169842300578367,-0.037628581379918584,-0.04315474082936006,-0.07316416898809337,-0.03665646029670161,-0.025773382622662648,0.11153976655247028,0.10609735772953756,0.1331441694878983,0.155319728522393,0.12260648983111368,0.16971608170777336,0.18784751845607453,0.15782768856031126,0.1168100846486999,0.15178830353938258,0.17117484142130793,0.06192723563061752,0.06252261534551704,0.03645838608236629,0.1439930902921918,0.11266241113882393
7Networks_RH_SomMot_30,0.355776812446951,0.3021380123546456,0.1675718291150276,0.243586528320159,0.1745003686695337,-0.00045629904688013965,0.22454441350673035,0.40393835937524347,0.22908852959479814,0.38966512440295803,0.4270428805966631,0.34106140282257325,0.16509716327315455,0.32958028051586863,0.3255586643021045,0.6971310889465216,0.785313477103661,0.5882944769285008,0.1604988663217948,0.30819521490009005,0.3592260510430526,0.3928119555327001,0.5012735277843994,0.4473664977187994,0.2696480227907241,0.5859181848483357,0.1879662549986201,0.4841431356810296,0.10657533429055065,0.41851413525412795,0.31826114135418715,0.31819519467043206,0.35963694714371086,0.16091975525284907,0.23319406597877101,0.39827964264005605,-0.13639388637281574,0.11369474829637045,0.42908096777505106,0.1409842210247613,0.4162822337228912,0.4272225794122715,0.22983187060373025,0.3207792222986001,0.3333968780271333,0.5932054443668331,0.27405025114727444,0.40222111103192626,0.4761392816993746,0.44863584011144075,0.35545248996690637,1.0,0.17220849959304058,0.6410975948499494,0.5759753821499973,0.5217625000537601,0.4412927721180495,0.42460555427375524,0.22880425281792272,0.51721628816145,0.4306148641200167,0.4710156107332335,0.05017952093206377,0.10741217154249341,0.1158045089197365,0.053725712439453996,0.08724261645147087,0.09437565043391295,0.04518115156459212,0.10659744472480022,0.03547801163506991,-0.02970837657546544,-0.024050404194447962,-0.07189808083486228,-0.0873318754990287,-0.07038548361408861,-0.04765573640167326,-0.03875854912793265,0.14687167534876142,0.1465567445196988,0.15152693833074787,0.12471475692394016,0.13328910047617665,0.1627733391230606,0.15896037585400946,0.18109771623302165,0.05297074213298612,0.08809040502700038,0.07670920815503258,-0.012713271307542967,0.08269896687917418,0.07251729259088555,0.062426958280544675,0.10179853661991588,0.06105634772349659,0.03021406608151311,0.0455992288665226,0.001093519196059325,-0.036690312225885785,0.03771138401192741,0.050107854166133996,0.009126248152780137,-0.009823911358566785,-0.0427481400392115,-0.00998048612667957,-0.03279640445956572,-0.044921948120489386,0.007432547122255777,-0.08329026391317529,-0.09841715145935191
7Networks_RH_SomMot_31,0.09748040715524987,0.0001244829340913499,-0.03370858950543446,0.14846633550041194,0.2323276040011178,0.08540260697437499,0.3553464962498613,0.3837053150952716,0.2108056559548422,0.48277900108313254,0.3598051281988029,0.4296250438638668,0.18559508616225537,0.26110260392989876,0.14261972673937814,0.2531262151323018,0.24505083916098366,0.1908045424400683,0.5396326003376705,0.181206759511573,0.46714791723912785,0.3495922843573683,0.5039616427744993,-0.15319884454356594,0.3606816341818835,0.16613951049652256,0.4078574906748281,0.20329720145041139,0.543102177422669,0.09971000973892066,0.18022517778036293,0.2326002531399491,0.212690144334503,0.0873927920485612,0.03366524078816206,0.23728424815811897,-0.08827690926986875,0.21180030108354822,0.28478436644363186,0.31771561332776554,0.25542999998839755,0.28006484209901494,0.4063779377034994,0.357473563781108,0.44791894284708705,0.38525942567670124,0.4284095768954426,0.5891262736531757,0.31113988873807197,0.30819811415298864,0.6397105483404838,0.17220849959304058,1.0,0.18831649622570776,0.20965795302633544,0.23810596393059388,0.22351248085669362,0.5237966069822982,0.2655019402927382,0.30400349263861126,0.3503334832415471,0.09399337729475027,0.07502152836865893,0.09990298311709157,0.09880985069497922,0.0921039004561751,0.09500961925856498,0.09024132093821349,0.08062939307936177,0.11495271802220208,0.1287949912079956,0.09106471499019797,0.09490446284811518,0.039822072151323676,0.06608241591435636,0.08191035055986014,0.09353925758881937,0.10857516838325315,0.0953065094171389,0.07178642034680895,0.04547488392911051,0.04250015585860493,0.05261048115562291,0.03736761591940285,0.060341842481926075,0.057890845754206305,-0.1542668230882136,-0.14951035403610505,-0.13887569300136818,-0.07739111230882686,-0.13732562158581213,-0.1258908195998782,-0.11343323769277662,-0.14596327603608217,0.08451693093782062,0.135774600467465,0.11499724843072716,0.12408936773398915,0.14083010865929324,0.16476780145345798,0.15079713115684826,0.15146513118368443,0.12067791074736359,0.12113481668042199,0.1266547511969422,0.035057386904374904,0.06088980041143232,0.03708218791391209,0.16654588572602919,0.07995692431769458
7Networks_RH_SomMot_32,0.4400861747522788,0.3862005017747894,0.2920805719693231,0.2737557311095962,0.18127647922597412,-0.04418426900077987,0.18302567970368241,0.3952897119555046,0.19299094662250837,0.3259234253506124,0.49686481437107916,0.25078791894103897,0.10354813902594107,0.47803171506005737,0.304772116328048,0.7015354550512544,0.645763842702744,0.5056078206555128,0.21360894038677664,0.48948718665971885,0.5099997714886882,0.5866438069685541,0.587026136595567,0.4951375772786838,0.6642160051744477,0.7838059238402315,0.24896957631173172,0.7358701887888731,0.3561469848496511,0.7082202746425731,0.4460577198511921,0.3580819925980092,0.47871963519082633,0.3608821537355066,0.35708348620132946,0.46116036362848983,-0.08525551524298314,0.15498557335839874,0.3536106445499552,0.1263002917190393,0.4863359901718727,0.47710199451517765,0.18712371640199177,0.35209087210601453,0.4782414651312642,0.5591523600370945,0.2573057892225781,0.46982942207617123,0.6795362931063588,0.58596079310556,0.460420108830467,0.6410975948499494,0.18831649622570776,1.0,0.6952520794095369,0.7453720090393573,0.7419237848491743,0.45777986710157775,0.47744124780202535,0.7345839693978956,0.49482169177741825,0.7733934952895956,0.09444869982781573,0.1074148821357246,0.1291535719169671,0.09712095033073397,0.1049002236992247,0.11151009935152996,0.11890296087992816,0.10400023295342364,0.09117426050526628,-0.017141706410417352,0.0053432410411699705,-0.049195243207045714,-0.0888423876258308,-0.07470082903149057,0.005427418575219668,-0.04201220963450881,0.08035938041082673,0.09146615309427691,0.10567437072690013,0.06322709609485554,0.0693054627492409,0.0927760206502523,0.09758059832852198,0.11665881797790564,0.0322107123359871,0.05000971321380037,0.05248693859044871,-0.03574701637288808,0.001213565029317895,-0.013324426847295399,-0.0008264238807830881,0.03444806356609478,0.13019459509737055,0.12377987166294586,0.10086945881517238,0.0611370645986743,0.033464328575742476,0.0737870412708199,0.13095348208354018,0.08441593352326374,-0.004661245257381129,0.051212264068547404,0.057544904759962594,0.0016519001942542871,0.03495655277220382,0.05604801400772806,0.028516536708824414,0.04400087834991101
7Networks_RH_SomMot_33,0.4502099632108649,0.4265915351726966,0.23271068590087424,0.29881647707276343,0.27719995891618743,-0.018995861149459514,0.25188128749404,0.3875099467360773,0.2811118922758862,0.363079601856843,0.6002213840750057,0.3628069136034861,-0.0004789119529394004,0.43634852111268385,0.29325485696418685,0.6469165275512895,0.6155364373232372,0.6961198791487909,0.1730282550024498,0.4345796935231704,0.5495278835831678,0.6129082934962635,0.6245225855788086,0.559107833496816,0.4988834197153488,0.7477290418130152,0.34867515042346314,0.7524214771786261,0.3054835051911784,0.7034443133426346,0.5086884932273734,0.3948613839766589,0.414386802479031,0.39148217388596096,0.3474737359641595,0.534882674962689,-0.12568371631655648,0.3147883695876464,0.43713607360374473,0.28006384778244775,0.5291666655769365,0.550215572626575,0.2642737474440194,0.5104987649767341,0.4613509479911401,0.6527905738972579,0.33839473375434787,0.5820626095255801,0.6923293235423239,0.6333059898069494,0.4961135212898968,0.5759753821499973,0.20965795302633544,0.6952520794095369,1.0,0.8617702792180272,0.7353967139081315,0.6269643783292531,0.34770862022731963,0.7358452104886501,0.6848444763096785,0.7273619196448445,0.12831800607284322,0.14065993897665463,0.1544174745820631,0.10289635710957522,0.13158340426405732,0.14340600377607438,0.1557236214947819,0.1341171454859686,0.09300049817703217,-0.016701031922528777,-0.0018437078700726769,-0.07779904136667411,-0.11494321703002808,-0.10442775391668709,-0.01409334169254381,-0.06482118567249727,0.0680522249856883,0.06827824095449384,0.0737683709969821,0.0532868208137335,0.05557092089678374,0.07952874110593275,0.07848970485087133,0.0779334444890545,-0.0029395936660895163,-0.012979350558661484,0.01613885360849546,-0.04445303272283182,6.412516701348431e-05,0.017319497258984025,0.007275154847658511,0.02296531657798872,0.08498124802016835,0.09197481306120205,0.09103334946785073,0.05165177328905051,0.05048953598258088,0.07341428659453564,0.12113721123533,0.0948365696753119,0.061050411144391546,0.04610052728703748,0.10040325584281169,-0.012019592761043998,-0.019210743533291705,0.0503772290291564,0.03739915601427649,0.06106415883442356
7Networks_RH_SomMot_34,0.47457336491648827,0.46989919756603715,0.237234685198913,0.3214963470609895,0.2920501581216919,-0.06089041776193925,0.257212186454708,0.4104723344767578,0.2647348865387068,0.39595756564553664,0.5924473028053832,0.3479224099737181,-0.061703088181599176,0.4980122083916648,0.23831154666808205,0.6514835894096941,0.5685439533914002,0.619913899745839,0.20258736114583817,0.4248180795665801,0.6470778150208353,0.685193083401182,0.6550087524803012,0.4478215673685341,0.6438489682122474,0.8168177732218138,0.37917463033630994,0.8259401146093653,0.4578005091671378,0.8196891819936665,0.4970247037200895,0.4084758929357888,0.477658533560198,0.48066795749209246,0.34725397804674407,0.5511602130137725,-0.11256879094722905,0.30940247106711893,0.41648028205403254,0.2783910651052114,0.5715184887817194,0.517291164037508,0.27534204272526475,0.520042324563979,0.5804256796114268,0.6330126041398222,0.3138053779533861,0.5889943276547542,0.7953293278511491,0.6245322517315686,0.5615013294336288,0.5217625000537601,0.23810596393059388,0.7453720090393573,0.8617702792180272,1.0,0.8474194687264448,0.5998608712584912,0.4593237351155557,0.8122438343940208,0.6118461234906286,0.8328442825147794,0.11634686404139695,0.1423588977306303,0.15854638239077726,0.12210949285953596,0.13810491096226762,0.13740093245571267,0.16025687655157422,0.12284009473631656,0.1149843520272051,-0.0027764636501090554,0.003663634795014959,-0.03215266642354809,-0.0624900448103002,-0.04471790625989912,0.023983158114157913,-0.02560236103399525,0.0650571648362379,0.08524656354194085,0.08178117531763876,0.07987166795843018,0.07750238806022673,0.08744385881906684,0.09778457609096035,0.08892677362448903,-0.01969593901973147,-0.019921678340255093,0.007839789034799876,-0.04217456608889011,-0.022129338280811397,-0.0026454889029318075,-0.00806737447934198,0.007275918077007252,0.09421381895755138,0.0779785212541967,0.0917327710161068,0.0728510685424893,0.05172647226276234,0.07120541696173419,0.1506814264596651,0.09165167025283817,0.030636510787488722,0.03158640942931274,0.07458714477428342,0.009224993581110067,-0.017428907549296234,0.052319253172173216,0.05023007992546302,0.05616881240324706
7Networks_RH_SomMot_35,0.5035349245152769,0.49079741621598977,0.2615740877336918,0.4209059478759841,0.33969811569796177,0.0771314994023553,0.2943066787121649,0.5138355446932228,0.22490505487906146,0.46023997845269476,0.5711109236651177,0.27762033173703293,-0.024433120131261074,0.6101832575646345,0.22272425714975286,0.6048956558669855,0.5150251266978686,0.6176817476056299,0.09428614385449555,0.5342059416740462,0.5737041601577005,0.77291358149865,0.6275754572232323,0.44774410673185766,0.6228749876255748,0.7761997194524335,0.36267947559821145,0.8523422671378602,0.4870944914623892,0.8288645624858876,0.4357031902246201,0.40632135676156755,0.4541340722506025,0.5057129330798419,0.4251008686484936,0.6114465816433938,-0.06861454972645847,0.2863653027925523,0.49809934963290287,0.2362448562619614,0.6656755016562805,0.5131214208157285,0.16783946852114365,0.4231234942692268,0.6569974505992497,0.6288855207225169,0.2773481128595155,0.4487465421090517,0.8596302156397857,0.6983199185856807,0.47799146118595637,0.4412927721180495,0.22351248085669362,0.7419237848491743,0.7353967139081315,0.8474194687264448,1.0,0.6099077815678129,0.5221496122132119,0.7938018715468022,0.5600412665787079,0.8246639976422714,0.08888757612561865,0.11578122657141132,0.13276988819268457,0.08801665641638799,0.09381393714912954,0.09321793063076256,0.11752683471761578,0.08356312360450664,0.12501093501114444,0.02706877851261881,0.03358926997849698,-0.01810650945356794,-0.04579560504006083,-0.03504925110061046,0.04400578736192292,-0.001111120691876718,0.0694712808807913,0.10692276742773582,0.10620322023181095,0.08870909793303876,0.08519034735392589,0.09651805487052119,0.10855756913037992,0.12055049707217685,0.01785394598212401,0.00919717102621551,0.04603360713491331,-0.044365570377532894,-0.01733900334930301,0.004290678790209768,0.007334147216815303,0.018949459665896597,0.06238038626438346,0.04196187783722948,0.03853344670911458,0.03965734293916186,0.015645471256923848,0.049203370630021274,0.12552828010457895,0.04781878635513742,-0.03789330456787418,0.014871161607086458,0.047090846069870504,0.011156265713128225,0.01771265917959879,0.0688656789657111,0.022451073752556068,0.05464205910316745
7Networks_RH_SomMot_36,0.3687290711526379,0.26713534560749835,0.11972971207708036,0.4218821224335593,0.40980120970538675,0.21143955745812806,0.4393454925559755,0.4889500582530722,0.2350899112587109,0.5129309145716516,0.5996188005530503,0.42376740745161845,0.06758437907508147,0.4663883674452264,0.2423562530668162,0.4740828344920403,0.47455191450373585,0.7010260196788279,0.2724387889206476,0.40867736212850164,0.4783639285506589,0.5993230451087845,0.5743721190110239,0.30378706748647083,0.40479756900557556,0.5148698957191385,0.6805410626064703,0.5311637037422823,0.4822674293313131,0.48239429993005023,0.3288695770471832,0.35997178506235816,0.3642501624465552,0.3141380854014697,0.2842151614481752,0.5388598012905721,-0.0341682948789212,0.3655894410942856,0.527655927876596,0.34587297783033827,0.4848327773599581,0.5151124773322926,0.3516513058923643,0.5328381134531393,0.5960801543166818,0.6682962323928422,0.3881627235186104,0.5467036211833299,0.631129004189066,0.6184280101097396,0.5345615816943564,0.42460555427375524,0.5237966069822982,0.45777986710157775,0.6269643783292531,0.5998608712584912,0.6099077815678129,1.0,0.3461011027464225,0.6507857150521411,0.7834275708481199,0.43515655749482485,0.1415934713751393,0.18725160745534927,0.18478583126377637,0.11223283932220321,0.15241223025727405,0.13197101379153425,0.14976785857603306,0.17469755984379493,0.1196979608800904,0.05395750320739657,0.057460092778940625,-0.01860968414186827,-0.019547138971737335,-0.009156062670593415,0.03899745830214418,0.03550623247375415,0.10778021948536641,0.08746574743547919,0.09883659339520082,0.04574692660090402,0.05666549928183224,0.07365201058877484,0.09572202344082359,0.09571593338055981,-0.09111107760939043,-0.07819910649024113,-0.06372163363348574,-0.025530429193410226,-0.024012244877571372,-0.007080904846833062,-0.0441771875815722,-0.031205222909033044,0.024104089900712885,0.06669659436000323,0.05022293534713871,0.1216403980240477,0.10292740548256639,0.14221854709268505,0.14480859614315575,0.09838917364794962,0.07105551058190739,0.10191930073480208,0.1322663821462836,0.012264905654929924,0.06657143271575036,0.08606463437465256,0.08063837333801563,0.06907760431440839
7Networks_RH_SomMot_37,0.21700557504303988,0.20238384117344926,0.06672686597103084,0.10141628427895194,0.08486905411643023,-0.03916140399981613,0.058508846000899846,0.2720903444417898,0.10647815106540356,0.23762749102716474,0.27143353415199184,0.1968991126109501,0.05924325370945667,0.35043137222289444,0.10526945606172544,0.32760961212789796,0.27962455688280463,0.19759678336248937,0.25469310274398066,0.35407492233132254,0.4393278740774656,0.4086206669280985,0.3300584934681792,0.09548569016931759,0.5360362968679153,0.5052724220526602,0.31596120070020756,0.40488706990079215,0.500039535396504,0.5110989526143163,0.10203711668200828,0.14883970006403524,0.29867819322127653,0.2718754462097274,0.1045393312304456,0.24435958853677334,-0.03321720297462726,0.12285603792422842,0.215952509993297,0.17810965953478045,0.27120031287596424,0.19230340976622595,0.20627033185051022,0.2994347554453018,0.37044311666453833,0.30585440681541676,0.17806065632446083,0.3726553646378285,0.4374714666623967,0.415901504995069,0.36033943469876295,0.22880425281792272,0.2655019402927382,0.47744124780202535,0.34770862022731963,0.4593237351155557,0.5221496122132119,0.3461011027464225,1.0,0.4878822122085896,0.3847768410283772,0.4995698797617707,0.08338242631651396,0.11822300703455123,0.0835991134119861,0.1464317980157463,0.15607647344436532,0.14230378963040907,0.15101459129798903,0.10521512391598244,0.0969390619757917,0.10618581540802914,0.10323490440932344,0.06686560473672319,0.08878729713097548,0.1007175699782314,0.10743122526765282,0.12065320091991896,0.03727327522549774,0.08115631839033657,0.0497205511802865,0.08964793946656331,0.10393096359687339,0.10876650107557957,0.07007222618285232,0.11649723336584931,-7.183000572721962e-05,-0.023340471451195437,-0.012154056959237472,0.03650636663005975,-0.004771731033799249,-0.0013301291195211163,0.02559682679576699,-0.020325639166554024,0.037469760372935236,0.015242506539509683,0.015918569444425316,0.1129731505472951,0.09115725842912115,0.10670151462430068,0.1492441199235398,0.08210842798128246,-0.0012199160512394373,0.0390101180958773,0.02893528135488826,0.013230119810663188,0.050287157316540716,0.06174326311490342,0.09539504305230287,0.09857806061642925
7Networks_RH_SomMot_38,0.5099989717533616,0.4295752167417034,0.30351267536701904,0.31199227435210525,0.30222936326653327,-0.007292297585677427,0.29879092414318753,0.43659791913450857,0.24158582797574138,0.42988549367147727,0.6090912853124466,0.38369582044401107,0.002072497694076917,0.526435620474898,0.19472902725940766,0.6308074892770058,0.5937379820867819,0.5898078230188128,0.23489154019654868,0.41016349519665524,0.5929866053500845,0.6669261697235465,0.6578517523499984,0.3513214040830061,0.6779120906598333,0.8452932623409366,0.5491368816268692,0.7689168935766303,0.4981145070542747,0.817150514634483,0.4711754887856692,0.41145898924498076,0.4853548282974216,0.4716173224624624,0.36639738924456566,0.5244106336508594,-0.08140187488043842,0.2617057855545514,0.4747781371312572,0.2708735341352303,0.5513262753801378,0.5048665307595381,0.28978216626677405,0.5266803742838306,0.6130130473512136,0.6584816181575883,0.2995285462680609,0.49817434703906327,0.7624638293133391,0.5929091172628841,0.5116726825565133,0.51721628816145,0.30400349263861126,0.7345839693978956,0.7358452104886501,0.8122438343940208,0.7938018715468022,0.6507857150521411,0.4878822122085896,1.0,0.6228349856424834,0.7841642777533245,0.06750029432349519,0.07423357021418632,0.08592704244726936,0.08295917423248927,0.07785508819570401,0.07164516115427075,0.09570774630311643,0.07199528439159814,0.057011036500508185,-0.03169952185419133,-0.011884090715522554,-0.043592056216170065,-0.06910326838087495,-0.042811588483023286,0.010446430884637665,-0.013186739350521441,0.09619104371222528,0.12051108348270109,0.10924191974815364,0.09924080761345694,0.112402939496632,0.12866987257368317,0.1352389060244133,0.1314346393847698,-0.03182831456065009,-0.010084632362017133,-0.00266599846063274,-0.056522251917318425,-0.029566666746457602,-0.019229059289959424,-0.021496639760950002,0.004064031265094588,0.14143936269517723,0.12425852019859263,0.11044369367825538,0.10704383974991666,0.06381446715718303,0.11234719660455503,0.20972181535872564,0.1356866431943271,0.02927587697796485,0.08372983529164774,0.10236629874074449,0.04486333327364729,0.04564063031494225,0.07941801878200508,0.07675880624572616,0.05612629842298715
7Networks_RH_SomMot_39,0.30062247161113703,0.22351508687619007,0.11741757804498312,0.250750661194416,0.24683590934295832,0.11429604700629942,0.29542646139611084,0.34541551445069407,0.2076517839257367,0.3310857171086433,0.4348362916098049,0.28407881746499253,0.01964876105013976,0.3375797797086796,0.21288260515937127,0.4199426610748016,0.44206216931265113,0.5770884291658813,0.23936712585081382,0.35956753396531144,0.40626488440988884,0.44638456847446933,0.4486302739472373,0.3928786634093414,0.381534463512755,0.5562853665107228,0.6618707957551881,0.4537014341093802,0.39570347748916135,0.47916771878750397,0.2571035074113284,0.2779030592465133,0.2913868356060802,0.2637573762037915,0.2209638574215586,0.39868291175587706,-0.009889972602745396,0.30789674588158017,0.4257577951690106,0.27650387436885693,0.34890113005252027,0.40088875335486024,0.29074253642713943,0.4012320522182457,0.4252504790171478,0.5334775355235672,0.28883132740969114,0.48399347412833277,0.4932774892490267,0.6288014417309314,0.45775698726172265,0.4306148641200167,0.3503334832415471,0.49482169177741825,0.6848444763096785,0.6118461234906286,0.5600412665787079,0.7834275708481199,0.3847768410283772,0.6228349856424834,1.0,0.4503278220764262,0.19232631516769272,0.22304317407714555,0.21720375589483557,0.14638445273851153,0.19320689526635373,0.16821815569261692,0.21200514090779782,0.21096152497152315,0.13909826376254064,0.061919068245433743,0.07187607754643958,-0.01796908249866942,-0.026597619612319264,-0.020780305826456798,0.04287517625577024,0.028447774298292098,0.07324429213601069,0.042601163474000905,0.06067763707742705,0.023302483338021204,0.04552940069370772,0.07596359177194068,0.0845761311576456,0.07756589257775469,0.0019996980022746456,0.011027301503760557,0.020335736759849107,0.019372705164054902,0.03111836611500233,0.01662016289323402,0.03177610884396045,0.040302878444558154,0.06754920634335097,0.08533907742413857,0.07847149659912787,0.0962735488904593,0.08149324536948942,0.09973148306199558,0.1312785053256736,0.10952283416560399,0.07629111264873314,0.07192726457024108,0.13052718400039656,-0.012663874042398849,0.007404410583645541,0.040572883492414995,0.07345409169774195,0.08606965423868079
7Networks_RH_SomMot_40,0.4944751688989,0.5011355928811426,0.3175400828864638,0.28168648493167653,0.24849020743932715,-0.06924812027917608,0.18857691208630195,0.34174369025358875,0.26774655859581076,0.2916515035176609,0.5118650378801745,0.2136522703101367,0.03478080873988787,0.4832789099053945,0.23192410176424066,0.6041283948252191,0.5210509381498375,0.5140269024988338,0.06122016563929004,0.4387529887831937,0.5125592146167287,0.6079763924094639,0.5804789271166089,0.4729965047026067,0.6239672733586844,0.840815610475522,0.22396307453454228,0.8116370896445175,0.2993709847518652,0.8694889027737135,0.4886688621260189,0.4168804953947347,0.45348624044007835,0.48072626853546013,0.41950022980796375,0.5151779253534619,-0.07942333628300313,0.24892539047860232,0.35149680105887143,0.20401555431799195,0.5425104152455925,0.4311823013050744,0.2007163892568449,0.4206411802933978,0.49366457893898663,0.548337378014223,0.25599651058862677,0.42059446505096776,0.7257124406817376,0.5244182886870112,0.3853799813488228,0.4710156107332335,0.09399337729475027,0.7733934952895956,0.7273619196448445,0.8328442825147794,0.8246639976422714,0.43515655749482485,0.4995698797617707,0.7841642777533245,0.4503278220764262,1.0,0.03211342803239558,0.043637973182139383,0.06541013489518838,0.06320811316194556,0.06999830724333864,0.08622954109739887,0.07691174293261649,0.04684442816619383,0.07412188100883946,-0.006751490442444035,0.005342894835044118,-0.02201755222458024,-0.04110292775247016,-0.019413425449099273,0.032417009927346606,-0.0017496196148259692,0.012379340321906037,0.06536745834573472,0.05281207853789565,0.06969681191830368,0.06575300151402783,0.06813705185882488,0.06550658640006514,0.07885258485190956,0.02697758415842094,0.03510463376878402,0.050390572842741496,-0.026339604835062532,0.01196354895804372,0.02805320008076696,0.014572172339293098,0.04279110678575188,0.11379594183130187,0.09710655107034506,0.08816631100646806,0.015605146393917971,0.007673558404402741,0.03413772917400219,0.14810987709184525,0.08174401529122875,-0.03544655164705858,0.02228483112022819,0.027453102882763918,0.052203338683683743,0.03180772817449402,0.07304939418031982,0.04562949923487506,0.05225425038018568
C3 GM left dorsal horn,-0.12726898333901943,-0.008752674870480313,-0.18371798783567514,0.04599017301249638,-0.006059947702148692,-0.0611354229850802,0.08630983294246464,-0.01832127103273843,0.07153772510366829,6.107117804650252e-05,0.029233864823922606,0.020146159541663138,-0.10392015230487418,0.004585368624252645,-0.03164196931346018,0.07181324241707304,0.06287506156121624,0.0730690924631193,-0.004133417482472594,0.028073752176817904,0.020203267379880686,0.03932209254682284,0.026155838565472045,0.12965560466567036,0.03766393452254365,0.05252350130066924,0.09796860486552442,0.05220847637604651,0.08264792342043072,0.046069059896736736,-0.00829421364944435,0.022100540524729425,0.03700733131050918,0.021444216900739263,-0.13982022464327393,0.05942360649460069,0.029280248422503354,0.08472983926397869,0.03952603876908258,0.08891401476492483,0.027232999771954054,0.0381668035881532,0.09537672618690941,0.12936852331327936,0.0254437841278073,0.09168687197008182,0.032255661344773326,0.1629958959242829,0.06553140157707521,0.148343591109795,0.10610359908920204,0.05017952093206377,0.07502152836865893,0.09444869982781573,0.12831800607284322,0.11634686404139695,0.08888757612561865,0.1415934713751393,0.08338242631651396,0.06750029432349519,0.19232631516769272,0.03211342803239558,1.0,0.7491070327204002,0.7233990023562563,0.6106734262767344,0.6500422945133042,0.5827480383037881,0.7917458396176473,0.6721279848304847,0.40760532486345125,0.33663964323751294,0.32917628728101644,0.2971069679515387,0.2675456099669122,0.26745318706449406,0.348858076965785,0.31136950021981885,0.1299446578183545,0.1573468227058173,0.14421850643626544,0.23126284425924007,0.21158306985632053,0.19775949232194892,0.19776249262822362,0.16538729564087204,0.055771798732228144,0.004487120420252493,0.07065858860938595,0.09671196261859653,0.04817231827952387,0.05384552673608764,0.054820336000026414,0.04945497991418793,0.08611714600298656,0.1264079534068872,0.11285958168319123,0.238112916153054,0.23087982437993687,0.19847443998786343,0.15524090750014038,0.14885307649433618,0.010380801362732159,-0.03029189692321744,0.014656629947085418,0.03304497041237073,-0.0017041658975879717,-0.01934699103498249,0.13622842328969806,0.2035698938329741
C3 GM left intermediate zone,-0.11630935654128445,-0.028087660748560343,-0.22116499398036718,0.12053497882566273,-0.027903479219958015,-0.10702379009457665,0.06777919040745532,0.0076091544271379204,0.020020777475046492,0.013107313216976153,0.05669389735816903,-0.00548606961043836,-0.1108613114917573,0.008349244806931888,-0.06078558236099877,0.13374538812048598,0.09227896521156033,0.08179607081129817,0.010711985702437303,0.05754126915250185,0.06743891770459505,0.05056584154571662,0.033205700513115305,0.14280846713792028,0.05610699200642045,0.08950301235698448,0.14565571575799127,0.05464950191946044,0.10303253793322299,0.05693028399111048,0.002310632454805467,0.08181327242387859,0.06917996074534018,-0.012223390246199391,-0.14738979856823575,0.06662484642688919,0.0005315061127341659,0.009819323875958786,0.012154876584548231,0.0364742426066148,0.03968829847585926,0.01170374295138361,0.053052605312696316,0.10727061757093614,0.04526580240121688,0.11926256687917722,0.03826872303818309,0.13471998416590103,0.09251482001433198,0.18051381240691264,0.13446839095458307,0.10741217154249341,0.09990298311709157,0.1074148821357246,0.14065993897665463,0.1423588977306303,0.11578122657141132,0.18725160745534927,0.11822300703455123,0.07423357021418632,0.22304317407714555,0.043637973182139383,0.7491070327204002,1.0,0.9128149416498406,0.6103227643987219,0.8327447584494877,0.7932171395093682,0.8121852111168014,0.856198544624284,0.3568200557964012,0.30009841331304027,0.28543873480581033,0.23663940157810107,0.23037035062623373,0.21935310635941213,0.28033911145398815,0.2607174311100849,0.07503789234936051,0.11366190755230807,0.10464100109707072,0.1599277587275872,0.15858376052257067,0.1551878505353865,0.1572400640089889,0.13320125189482984,0.06365254777235199,0.011348045400896175,0.05363255970232896,0.08323845223865106,0.046042903395118615,0.04629466931829843,0.05774865709561498,0.04789559936672978,0.061742625953395705,0.0675816104001994,0.08918375969095933,0.19326276250647856,0.14113960551551966,0.15408959439553596,0.12795175910508796,0.11784413903193146,0.04263242706453358,-0.061030339443371856,0.04743223831116411,0.0487651360045988,-0.025335244609316753,0.012742522174552401,0.17444799384993112,0.23920151118493851
C3 GM left ventral horn,-0.09416179872474854,-0.023859893173079093,-0.20856091084113504,0.15930692189684997,-0.02391172573526545,-0.10297236478631767,0.07637531020719257,0.04535651839968196,0.030427484077682768,0.027038684900493336,0.09279042761874848,-0.00037935543571369565,-0.10038638816108204,0.04839538490344628,-0.038058852448667385,0.17048207732369652,0.11964858696758379,0.09559274208736171,0.021152371469404647,0.08602624995148335,0.08487875586837677,0.0872803183986805,0.05855303340973831,0.1742897444077961,0.06168121501236848,0.09629035091427401,0.12293168551226132,0.09271667946443109,0.10124073241379518,0.0640933046885533,0.041298150884979956,0.1348769186608573,0.09985570966823676,-0.0012516178168625726,-0.10557806911886672,0.10334742164832315,-0.03544255054399533,-0.0043267425855421995,0.02611766880401124,0.021655789836716628,0.07795828217445507,0.06607971308306848,0.06667341933783656,0.11930047584398429,0.07323359652246107,0.14955142404752944,0.053732733367124724,0.14121918438744044,0.11902851229282081,0.1932297310482803,0.14181300269803962,0.1158045089197365,0.09880985069497922,0.1291535719169671,0.1544174745820631,0.15854638239077726,0.13276988819268457,0.18478583126377637,0.0835991134119861,0.08592704244726936,0.21720375589483557,0.06541013489518838,0.7233990023562563,0.9128149416498406,1.0,0.5347452962815441,0.7510454788385601,0.7537557965703666,0.7756088557243647,0.8615227497669197,0.368530929557338,0.2911530705543738,0.27315458696542577,0.2207488104593545,0.20914767332823003,0.19926094445406403,0.2787759135947145,0.2450143776898172,0.07838110862431118,0.10789337836855983,0.09740100649340791,0.16948162109418682,0.1657923556628282,0.16012979355215443,0.16024158647014358,0.1327494013043517,0.0678887794340155,0.034388134448910875,0.062224358473743156,0.07735856138848203,0.05685880251080688,0.04342944250509941,0.058626735783045066,0.059755119903145776,0.08194310300030876,0.08575433126063471,0.11208853472992575,0.20162322141137334,0.14926102005568426,0.16930960589551766,0.15052981715342378,0.13761602303398623,0.026394979681776107,-0.07335845835648999,0.05533484135680782,0.035561653858056375,-0.046495844924163664,0.000736374027468415,0.16146220837571093,0.22586053953761107
C3 GM right dorsal horn,-0.1823493907934318,-0.04707947593798387,-0.2686775676925433,0.02914265012554882,-0.08697727831433313,-0.14175624116855412,0.03461153549641983,-0.034532966955823585,-0.041654018966609266,0.004862831497854548,0.004765476921201115,0.002222337161188387,-0.09443459418628236,0.009026812494889779,-0.033761592153191515,0.037410897603134305,0.05336406798733359,0.0351552256320703,0.02596556268831803,0.0216173052107706,0.09474763399071334,0.05942243037889606,0.05372382032851151,0.11659602408547545,0.07847082790684422,0.11112451853623223,0.11752254691686435,0.07543633852780333,0.10509302771742214,0.12523840178775586,-0.02702708002370526,-0.05912376383700383,0.03180428174465922,-0.009869186938323388,-0.24019378816611384,0.0011313114519669511,-0.06513575531314163,-0.023052968600577258,-0.05671035302847289,0.003954939681729477,-0.047847044721523777,-0.04304830641267061,0.006025420630583896,0.07027326691810615,-0.019588690264570177,0.05033006651019678,-0.03191024962128847,0.08850909959491676,0.04515666335502863,0.10176356255152523,0.06212015686383691,0.053725712439453996,0.0921039004561751,0.09712095033073397,0.10289635710957522,0.12210949285953596,0.08801665641638799,0.11223283932220321,0.1464317980157463,0.08295917423248927,0.14638445273851153,0.06320811316194556,0.6106734262767344,0.6103227643987219,0.5347452962815441,1.0,0.8024058822874447,0.7182902641363064,0.8062835507501889,0.6464991206594733,0.30414475962874904,0.2635953825848022,0.254541495431394,0.1947688264055508,0.19470606413458477,0.19378132276251647,0.23999889658874482,0.22272085665901928,0.02114028491525432,0.054660129650475696,0.032002289080831664,0.09919826508606741,0.10201980094244291,0.11516341493814794,0.08115558607772223,0.05717861478928363,-0.019000683684695912,-0.09422880111014659,-0.0002579044112730762,0.05847955838015615,-0.030751911037161645,0.010632066699120157,0.0006966276771510362,-0.04153732639418175,-0.010851954856301468,0.037255476576496395,0.04813057610238454,0.1234805067727713,0.0890969263041289,0.08637745637783072,0.02612863159489631,0.02283251368256406,-0.028072553677259904,-0.007865742930636625,0.05131582328301976,0.010309895623712031,-0.03565532291060667,-0.08339053704231247,0.09696252567698738,0.24458903863081155
C3 GM right intermediate zone,-0.15466084299004165,-0.028239048097509264,-0.2907550670979318,0.06280084010514586,-0.06332013509717291,-0.14628517990863324,0.03810624203768213,-0.03085053954479146,0.0013287599981621884,-0.0102240254311117,0.013100280975966133,-0.017078577514324476,-0.10111391433578489,-0.009620750306134728,-0.05578102031536405,0.09457926263746246,0.07842636958250497,0.05836900043099383,-0.00213516040445531,0.0294096069767257,0.0814659807893659,0.04293587711085848,0.03679183838797758,0.1431208960096675,0.060453906306970666,0.11456669752012832,0.1259249349219392,0.06533535943876888,0.09892455607755489,0.1000637069311101,0.0016049061055812897,0.03332913247208518,0.024179224883585322,-0.0074046674328054635,-0.2020722909012395,0.017455305957811983,-0.05030322486266771,-0.0040790174898539255,-0.041027643077573346,0.004476276142737658,-0.003995626218098459,-0.04358561756412002,0.01816270637954848,0.08452649925724474,-0.003569760463763752,0.08230247701407394,0.011368070848259955,0.11035677150824667,0.06628857483821056,0.13194671855030204,0.10094307956290559,0.08724261645147087,0.09500961925856498,0.1049002236992247,0.13158340426405732,0.13810491096226762,0.09381393714912954,0.15241223025727405,0.15607647344436532,0.07785508819570401,0.19320689526635373,0.06999830724333864,0.6500422945133042,0.8327447584494877,0.7510454788385601,0.8024058822874447,1.0,0.9039061229694703,0.8393753660450789,0.8283565492613487,0.33618202460458696,0.2779383949399848,0.2642039191156247,0.19643284912330675,0.2131786537685897,0.2100215846525377,0.24909190342614523,0.2371031068888454,0.02584486445767081,0.08820413657882605,0.06410348242356964,0.1334019514745729,0.14143063641644435,0.143551769066908,0.11888545995038828,0.09960236059027168,0.028804604289898703,-0.04316475230503092,0.02359329169959052,0.08839330251104116,0.015691539394562665,0.04139937782823654,0.03143112071799524,0.006737199641458966,0.016146279362558396,0.04058400843854852,0.07331911377476616,0.15638044682405966,0.09489357572258277,0.10914755493047275,0.07503693423771048,0.06292122596894563,0.03982398779703093,-0.03107424075748191,0.07075490029141433,0.037532618578901535,-0.0521635469038184,-0.03924169418911295,0.14159468080621226,0.2832359039186565
C3 GM right ventral horn,-0.14509856296684967,-0.01995344393368311,-0.30899779715771236,0.06754380966619139,-0.04111660480566249,-0.14670760689620896,0.047554314944287135,-0.028430572031102726,0.0141244949145875,0.010557087244433928,0.04702419063559231,0.0053223831077017485,-0.053775638349150626,-0.0014215915039099145,-0.010977113683327187,0.11033460310881185,0.08779684713296655,0.07395340716011556,0.02231211901374053,0.054281637546950756,0.10314198104246906,0.06278388113620453,0.06534185831020321,0.1654761616944454,0.043847380244626845,0.11614630660769357,0.08278764046905393,0.09068352496476138,0.09409578902369076,0.10317017588473126,0.03903689476421839,0.0805790438013625,0.0571085680847648,-0.009811923201853976,-0.18601828323899325,0.041724474463567515,-0.06847526729343496,0.00817122620273874,-0.05172293746357625,0.024282229049366607,0.008734214442968473,-0.04173808547375387,0.0391291986969601,0.12384702891753195,-0.018984733147448446,0.11316057957463627,0.03039323390676994,0.11227219466876764,0.07098610919323328,0.13175822903041481,0.1005278882626787,0.09437565043391295,0.09024132093821349,0.11151009935152996,0.14340600377607438,0.13740093245571267,0.09321793063076256,0.13197101379153425,0.14230378963040907,0.07164516115427075,0.16821815569261692,0.08622954109739887,0.5827480383037881,0.7932171395093682,0.7537557965703666,0.7182902641363064,0.9039061229694703,1.0,0.8063248920755305,0.8515091401265679,0.31281442628502726,0.2756497090098743,0.2695163925565932,0.1801236622198162,0.20793337542235996,0.2099778627926677,0.2521649209773321,0.2451574217436807,-0.018238876713676966,0.051890611745499665,0.022953617834471505,0.10540297680727735,0.11638920818419711,0.12232792567907814,0.07827388968875858,0.0668006337665583,0.007763613087222214,-0.0588166381627108,0.016742484135137962,0.06391553490601654,-0.0011418410215306696,0.03150626976995572,0.02135145714389487,-0.0028365432819185705,0.03259782084382839,0.07187814802159626,0.0940690253924136,0.17728498293347858,0.11144038802762107,0.1333511880157436,0.10362569971561353,0.08441183166075955,0.07876414941941899,-0.025024579006946393,0.09664698978554713,0.02138570520116864,-0.06016736653567651,-0.02836209009634107,0.15688768068660197,0.3082176296993689
C3 WM ascending,-0.13810943321998226,-0.016262799704885773,-0.2417302789103066,0.06154408511189561,-0.07144217743002838,-0.16331565882648366,0.035918498983470167,-0.032783409695834397,-0.006909585530373607,-0.008731475761845972,0.05264259983176818,0.001331391762094875,-0.14111678380901954,0.003172610074252711,-0.06539932745917011,0.10104417756430785,0.07379272686459681,0.036239527426545674,0.019626873124962585,0.04165130712706149,0.08603465813962946,0.06478472434272435,0.03285238568744793,0.12818678773720968,0.09233603077975397,0.12440862099740893,0.12397219009788221,0.08798860274318464,0.11969808753219398,0.12405733630279495,0.02446863815536134,0.031632543219664196,0.10222969367855336,0.020795398060778455,-0.19869706040094925,0.06147702286479751,-0.0674959393745485,-0.007384128330817,-0.0395108555813747,0.027466261678888625,-0.015566345289172528,-0.0056717490175373295,0.05992205974955287,0.12755470294196777,0.006792446162517319,0.09065537169384726,0.006780104089170653,0.1551400374965628,0.08034403302445702,0.1428082105733228,0.12155225918462403,0.04518115156459212,0.08062939307936177,0.11890296087992816,0.1557236214947819,0.16025687655157422,0.11752683471761578,0.14976785857603306,0.15101459129798903,0.09570774630311643,0.21200514090779782,0.07691174293261649,0.7917458396176473,0.8121852111168014,0.7756088557243647,0.8062835507501889,0.8393753660450789,0.8063248920755305,1.0,0.8341371711067378,0.37213462372699213,0.33953095564410035,0.33641827259743873,0.28171705339599845,0.27600916030749634,0.2798768338528317,0.3472174875407131,0.3201139398706409,0.050297573203597686,0.10428845405039341,0.08349191299037878,0.17613336655014492,0.1778724146428398,0.17611821471572633,0.1500415373520679,0.12210885879765221,0.03883655137301648,-0.03432327632485288,0.04546988810986028,0.08076872003286609,0.01346564403223588,0.03488373236292061,0.04438021566841785,0.013427732506297849,0.07501594941076353,0.10220332616776467,0.12399618464242186,0.22175008088764617,0.16701884442791112,0.18452477854237878,0.15829359616503796,0.14703870460615226,0.0389708179185097,-0.005629042596769599,0.08216090095817126,0.047998245266105834,-0.02024987209924248,-0.03802202109145828,0.19352590408801387,0.29061809509068004
C3 WM descending,-0.11484466266347887,-0.048995362119842054,-0.24435899048109455,0.11104641530945011,-0.07176409959714157,-0.1397928893364738,0.03000238710294707,0.023748052244270023,-0.020871003087135187,0.012141111319472198,0.08256743589845505,0.009448239077757098,-0.08230529240792964,0.04240690666613009,-0.04764584574473001,0.13925503685799231,0.1184180498488129,0.045925046500314454,0.04003451159004499,0.05533454402693549,0.10484027874215175,0.06567651824302087,0.037162777800797304,0.14179724471885796,0.04156393787441304,0.09158337603432376,0.14221866042047876,0.07077317567102712,0.10401643446363426,0.07008668837330938,0.028864614418961654,0.09929133051922183,0.08140830953118393,-0.01902005992737822,-0.18532452284304704,0.06694253745037504,-0.0743334484171219,-0.04124712594068546,0.011757482433959313,-0.005883297204968319,0.01060733706773088,0.009211726215268527,0.055197046857992774,0.1403404408198638,0.02267497863890639,0.14045114952717822,0.04343850418299885,0.13911873208495762,0.0723383227072671,0.1315083897754762,0.14096049907363384,0.10659744472480022,0.11495271802220208,0.10400023295342364,0.1341171454859686,0.12284009473631656,0.08356312360450664,0.17469755984379493,0.10521512391598244,0.07199528439159814,0.21096152497152315,0.04684442816619383,0.6721279848304847,0.856198544624284,0.8615227497669197,0.6464991206594733,0.8283565492613487,0.8515091401265679,0.8341371711067378,1.0,0.32802462174660907,0.29849206631384273,0.3004533569951899,0.23227932873058216,0.2490873548073399,0.26240281171730334,0.304608487049503,0.3039283497535569,0.04972834799686387,0.12062958716187729,0.10027113458987366,0.17256828496859122,0.18027574864307944,0.17746837687384429,0.15547638509540648,0.14015649276200862,0.10620653855509296,0.029871950203722377,0.09409691345706225,0.1350539317087387,0.0794613141556782,0.08601470163018608,0.12194520868242532,0.07758475172516388,0.09983536457220711,0.09967446712606196,0.14559588410073077,0.21550524347668923,0.16826111726963788,0.20228508888945307,0.19877628619955737,0.17894687872130496,0.07662338232436652,-0.01695025804185692,0.10054716759613003,0.08056472937117352,-0.015892920523456453,0.015110171056743279,0.22075290722167037,0.30779128578378673
C4 GM left dorsal horn,0.02510670748972983,0.07935321788898733,0.007104397851525408,0.09926787839472845,0.13832373971064418,0.029613507642256152,0.09778474102815618,0.10703224258617902,0.09007068006911342,0.0457067689344126,0.042265436453607357,0.026877469405339336,-0.0353270850243084,0.12273374452165167,0.01838650401946978,0.08276875356270767,0.054287326514228476,0.0453737025125617,0.06911465983088382,0.026268794199291096,0.17250921901298788,0.11061027238240584,0.07899360414534748,0.052462847878054344,0.10238279964629603,0.0708827701724977,0.06746323450489594,0.10589331056093834,0.1257248469299129,0.056658011278836316,0.008027072289049633,0.11182729575748682,0.06288939651091748,0.1510322256707272,0.03822673134200975,0.14762921099630422,0.053896452305230866,0.12297487271114145,0.09046578356239802,0.0714058186161701,0.1075116435907329,-0.0005861465134813598,0.0866892239802946,4.048819022307599e-05,0.14384181397563964,0.051227114734562505,0.03143830158936001,0.13261911261064113,0.13329268530654576,0.10051788592103175,0.10570309150143965,0.03547801163506991,0.1287949912079956,0.09117426050526628,0.09300049817703217,0.1149843520272051,0.12501093501114444,0.1196979608800904,0.0969390619757917,0.057011036500508185,0.13909826376254064,0.07412188100883946,0.40760532486345125,0.3568200557964012,0.368530929557338,0.30414475962874904,0.33618202460458696,0.31281442628502726,0.37213462372699213,0.32802462174660907,1.0,0.7988229618608486,0.7513866734043021,0.6232205097038255,0.5954315285711341,0.5452190975458628,0.7732795491178363,0.6351033052864703,0.24078436478654852,0.20436217147077737,0.16492918062825143,0.24876672250669318,0.23044088983693214,0.2032025138861433,0.2322745582584809,0.19895967380859886,0.10067234369649486,0.09344560541875149,0.12724534730790044,0.13643376908091193,0.11928904931917204,0.13351150798042852,0.14149497329763075,0.11512934218442887,0.09612252720205795,0.08626187922961642,0.13591953336808776,0.14173137567030095,0.09445964599891862,0.11515196873423313,0.17302562684903364,0.1463229742494729,-0.07115679550456266,-0.10347086062854872,-0.05807938828953875,-0.050630812691872654,-0.08766770607135548,-0.10926814389547104,0.007946722151461864,0.06862794865327733
C4 GM left intermediate zone,-0.0379459853680753,0.01652712085984889,-0.08818131390256241,0.04284164008879885,0.08849861330951157,-0.005423054425710983,0.04142992064876252,0.05071358900677243,0.024772494849464775,0.012488528364241712,0.004304533112734273,-0.010938957928090898,-0.04161556162289114,0.06684563502742498,-0.021278039022497173,0.0008329467736084949,-0.013129199737607754,-0.04495624771924864,0.03828956948401785,-0.026084430175046212,0.11185874891713585,0.032747696212266766,0.003102459197267357,-0.039316556358066974,0.05210135097332492,-0.004604078703867712,0.019097038059995273,0.005508250710021771,0.0905154933848963,-0.011487022848593327,-0.1052966398748777,0.034935813194805425,0.01909451086338592,0.06223209483662977,-0.021054317746448756,0.07775506427887771,0.029481534140722014,0.03578194337665198,0.001580412033294118,0.02828859645403764,0.020991144446016602,-0.04946272456958186,0.05780820598111607,-0.05916358516503058,0.06314614386384274,-0.002137758203917795,-0.011753946649970143,0.0793408460302946,0.0461559396017374,0.017155919927164132,0.048749320993622176,-0.02970837657546544,0.09106471499019797,-0.017141706410417352,-0.016701031922528777,-0.0027764636501090554,0.02706877851261881,0.05395750320739657,0.10618581540802914,-0.03169952185419133,0.061919068245433743,-0.006751490442444035,0.33663964323751294,0.30009841331304027,0.2911530705543738,0.2635953825848022,0.2779383949399848,0.2756497090098743,0.33953095564410035,0.29849206631384273,0.7988229618608486,1.0,0.9243912672485065,0.7568677102229514,0.8203270277289275,0.7651316594422388,0.8660330439098645,0.8670757770978211,0.21106564042810996,0.21536797781412156,0.16394194014342547,0.2645695067919945,0.25855330135339627,0.24194451571407105,0.25023265666387845,0.22833773151405817,0.10295671861257366,0.06746461032554107,0.08392600562517487,0.10888278075004743,0.07534858823469337,0.08690221902360254,0.1505680157032799,0.09847542987878499,0.0989008966785707,0.09922433112835266,0.13689921143384381,0.18306811943604956,0.15344860662779053,0.15959292635511282,0.2057884026482028,0.16995433818420055,-0.06034871075300853,-0.03766133206347467,-0.04900165245200513,-0.029819052606580812,-0.009279636169581187,-0.06048463684871662,0.028396431717550342,0.06784814656120872
C4 GM left ventral horn,-0.020686006128720482,0.019424603552672656,-0.08115946494933693,0.038749348254099196,0.08136731517156616,-0.01701006525998919,0.05596100708973353,0.0466955976261119,0.03970853960031009,0.024547721133331323,0.027428945792364393,0.020609986445121336,-0.02769340704903636,0.06533372264507437,-0.016848678805307233,0.016068742059824226,0.009809603732592006,-0.04375783671818552,0.04007377561736396,-0.04011591393966687,0.11414242148196373,0.03277081394323961,0.018275156097170613,-0.04779343675259524,0.06839389221964709,0.013967782809640523,0.030568996816799483,0.012338473953113051,0.0828895714297359,0.002146455850977111,-0.08181667835055402,0.02629976975326287,0.04472548811997027,0.06350119547017177,-0.025296182577815664,0.0848659577396589,0.016411546255197782,0.039324124717447964,0.00659530165864032,0.04609669682279453,0.03243865985062996,-0.04894264692047156,0.05571816155578876,-0.042593103906580804,0.05884656222177426,0.010112901504426154,-0.00499995869704973,0.09444898135853766,0.050582661469493986,0.010287880179920238,0.05290310903685079,-0.024050404194447962,0.09490446284811518,0.0053432410411699705,-0.0018437078700726769,0.003663634795014959,0.03358926997849698,0.057460092778940625,0.10323490440932344,-0.011884090715522554,0.07187607754643958,0.005342894835044118,0.32917628728101644,0.28543873480581033,0.27315458696542577,0.254541495431394,0.2642039191156247,0.2695163925565932,0.33641827259743873,0.3004533569951899,0.7513866734043021,0.9243912672485065,1.0,0.6997856979691011,0.7486560199311624,0.715079987869728,0.8403892938094889,0.8649854095904539,0.19123039587312754,0.19847177173420777,0.15252532551764203,0.24566994418592286,0.23304103664925202,0.21851215297775858,0.23668274876475842,0.20351052446390847,0.08017728164720643,0.03333604067104153,0.06737762768109233,0.09149654013012304,0.04378645214539678,0.06639400364466212,0.13182360363038315,0.07279486702985723,0.11397184403352334,0.11687388469642042,0.1510416679524584,0.18428863616302874,0.17321191033443398,0.16681970823548217,0.2168696834700065,0.18546247678937694,-0.06592531333016802,-0.024889970327954588,-0.02585905095485462,-0.027067851389991023,0.0002269823584651704,-0.043287448190567644,0.05381262750154035,0.10104549653898481
C4 GM right dorsal horn,-0.034314454790525514,-0.020121510806082616,-0.008682179907076556,-0.08356269465685798,-0.001967818564399658,-0.04599396464239784,0.007018128729114332,-0.022551813829072166,-0.03486690424299957,-0.0249644902018707,-0.031180162124038874,-0.048187381452090707,-0.07207321898840496,-0.009258830743403541,-0.10320182338929151,-0.06046061673121248,-0.027187016927884326,-0.13503386324074287,0.009598993076600499,-0.037012200898807336,0.04037758880651471,-0.047970036109905266,-0.06398927034477063,-0.08254540921705482,0.013278421109928596,-0.02342496161881285,0.006313440545454818,-0.03641241159165049,0.05836697537747588,-0.022145090842666734,-0.09964347948043373,-0.005624813675438197,0.02577786502964094,0.04241219559557099,-0.004526688663409548,0.015059840886248817,0.04127402565682913,-0.004054901573136424,-0.05656436812161027,-0.02269462550315645,-0.05689632450550875,-0.08475362046452471,0.04243166629139011,-0.06716338796043651,0.013353412603021126,-0.07148433178272998,-0.07243655299967533,0.012783149568250175,-0.02113112516990608,-0.08077437290828603,0.015492727892506507,-0.07189808083486228,0.039822072151323676,-0.049195243207045714,-0.07779904136667411,-0.03215266642354809,-0.01810650945356794,-0.01860968414186827,0.06686560473672319,-0.043592056216170065,-0.01796908249866942,-0.02201755222458024,0.2971069679515387,0.23663940157810107,0.2207488104593545,0.1947688264055508,0.19643284912330675,0.1801236622198162,0.28171705339599845,0.23227932873058216,0.6232205097038255,0.7568677102229514,0.6997856979691011,1.0,0.8859051095129481,0.8525069085941399,0.8558696109353754,0.7974619940048132,0.17873069323142926,0.18054124771664762,0.15509177146380299,0.243053819992358,0.24080757370226694,0.23763379980851418,0.24168832870097112,0.22527151293794084,0.18015831754665848,0.13713656280173891,0.14288880454382769,0.1642245653022165,0.14097017152546562,0.1503477089911414,0.21453486272003078,0.17758667035468706,0.10099421633431337,0.09147643166094499,0.1458745540200748,0.09422472780917314,0.07106995865897284,0.07366771497427593,0.18521388080069,0.14921839460561767,-0.04837597550374134,-0.07724612128018088,-0.07936146591928787,-0.05672826164703299,-0.03863681001137583,-0.05565442867902287,0.02250742428567876,0.030662559377128976
C4 GM right intermediate zone,-0.06993479319602318,-0.01962118790591544,-0.07440269555110572,-0.06244494576730153,0.02724549128222359,-0.036520977556656856,-0.003776622328458174,-0.01916675404858422,-0.039536726933090134,-0.03854515367096691,-0.04674623338336561,-0.06382210076069122,-0.058409838959782655,-0.00607972615953392,-0.08969537380229221,-0.08851035104906599,-0.05127575122294797,-0.15043642583473862,0.025436349939239475,-0.050999772350376914,0.0602511396581372,-0.05123219801275278,-0.05979011856540788,-0.12624014441648515,0.012304271930750359,-0.04448160808936208,-0.002285519564007474,-0.0632830735270119,0.07388549021031476,-0.03844839085484645,-0.1473034658480131,-0.007346334899162288,-0.014510236365511332,0.031069910724768307,-0.04101553972045016,-0.017428842020870805,0.042059663290964465,-0.017517351260878833,-0.06379882641822109,-0.024213586194238156,-0.060850042405464065,-0.10396163366950993,0.04177177571910453,-0.07701400162261102,0.01753284301243956,-0.06625196347884926,-0.0417059171399595,0.017865940817645098,-0.02763445729131397,-0.08960876540964233,0.02491483896584679,-0.0873318754990287,0.06608241591435636,-0.0888423876258308,-0.11494321703002808,-0.0624900448103002,-0.04579560504006083,-0.019547138971737335,0.08878729713097548,-0.06910326838087495,-0.026597619612319264,-0.04110292775247016,0.2675456099669122,0.23037035062623373,0.20914767332823003,0.19470606413458477,0.2131786537685897,0.20793337542235996,0.27600916030749634,0.2490873548073399,0.5954315285711341,0.8203270277289275,0.7486560199311624,0.8859051095129481,1.0,0.9299020081086606,0.8515046977575346,0.8837451983014514,0.1636437017779752,0.1954603590925087,0.1490527777779544,0.26274723680228407,0.2622175715636945,0.24755123852020194,0.23900381307185897,0.23069423381413515,0.15344757206697565,0.10032787499892651,0.10877196865630502,0.16276994412103812,0.11387021491845573,0.12514685402703477,0.20402521507235333,0.1454572573777149,0.09023726900866598,0.09054835950925877,0.13447195259233521,0.13244795676977336,0.11471503491455083,0.11577426785441482,0.19889892613567306,0.16136300149849866,-0.025439092267363482,-0.03247058827388168,-0.056797002259440135,-0.02323189217631354,-0.0008330152630043775,-0.03157156919123621,0.06840909345235278,0.05996287245831104
C4 GM right ventral horn,-0.048222531894241645,-0.007064116673453088,-0.06251700569310356,-0.07834960845101002,0.024378421361895948,-0.04568196008505307,0.014467683047491974,-0.016974351953583752,-0.01729343536166234,-0.026889214872525945,-0.023588076955372562,-0.04040561904569662,-0.043977624697259625,0.001019089051796595,-0.09402671233693902,-0.06910853911195101,-0.017460007658445173,-0.1414539082360304,0.03756906031915841,-0.04662067020576474,0.0723149077993395,-0.0417901489808699,-0.032933223742801165,-0.13187494673088254,0.02189625922375992,-0.019926329243290842,0.01869333954465828,-0.04683561133463017,0.08087957152798078,-0.009416201493210253,-0.130247793682176,-0.0028762942197844673,-0.001928418826364195,0.03667794655536425,-0.04302262311010891,-0.024583551463592184,0.03612458775266198,-0.006001417761576629,-0.05155053452719663,5.43178350501629e-05,-0.05811332781132494,-0.10689202819693587,0.06063458360567046,-0.03543085982405372,0.025829790290263447,-0.04135120440403256,-0.023126247527696934,0.04075943421199461,-0.01469542451608671,-0.09269668217661443,0.037585108185827686,-0.07038548361408861,0.08191035055986014,-0.07470082903149057,-0.10442775391668709,-0.04471790625989912,-0.03504925110061046,-0.009156062670593415,0.1007175699782314,-0.042811588483023286,-0.020780305826456798,-0.019413425449099273,0.26745318706449406,0.21935310635941213,0.19926094445406403,0.19378132276251647,0.2100215846525377,0.2099778627926677,0.2798768338528317,0.26240281171730334,0.5452190975458628,0.7651316594422388,0.715079987869728,0.8525069085941399,0.9299020081086606,1.0,0.8341420284076282,0.8960013322678463,0.16630453777988263,0.20871512833662886,0.16550330407406144,0.2706233159690877,0.26550351740011274,0.2533232124929344,0.24784417307194526,0.24004230138197438,0.15500420749980318,0.08737881101933809,0.10800374927910228,0.18109475534718125,0.1205360882951619,0.14210539477091957,0.2195562564171184,0.14607390508143556,0.099737811076222,0.09684969130679554,0.14379236406275595,0.12323344639498109,0.11810940376870867,0.11152829871853509,0.20786280998612228,0.1632894755508631,-0.01996806603007815,-0.02427327898924299,-0.04744237543192378,-0.009444134982028004,0.004216814147438388,-0.020635992163372408,0.09355149104359686,0.06854781618459731
C4 WM ascending,0.0004975987318416589,0.0266462514427865,0.0006094448945545185,-0.00037880951470289,0.06328620304135166,-0.026113988673839336,0.038404322494355936,0.046205953166694264,0.005990883454304436,0.01765083085290163,0.021849127647555148,-0.00042920873935561453,-0.03648064213466093,0.06340416898377872,-0.03627212966571785,0.012207830539732246,0.009574530357777115,-0.06770870052589137,0.04434288776871128,0.0040457236514493304,0.1107302080142864,0.02921452464541659,0.008808381328675565,-0.04309597426129952,0.06708232448438993,0.030815049481262072,0.052776466155774485,0.030589894755237983,0.10381508598683625,0.034597732750187064,-0.048794212282347996,0.06749613634581199,0.06167924691803508,0.0998914871927624,0.010680519278322434,0.07614131862830155,0.014360114055126952,0.025584921902308055,0.0013444415330416308,0.01785899770749754,0.0072029338281461575,-0.03712367704894616,0.06745559553642583,-0.02839176357573503,0.06943271633823442,-0.004414054380569347,0.0013490047115759004,0.06875536243959457,0.04351604761619722,-0.02753951067898699,0.05636491191682746,-0.04765573640167326,0.09353925758881937,0.005427418575219668,-0.01409334169254381,0.023983158114157913,0.04400578736192292,0.03899745830214418,0.10743122526765282,0.010446430884637665,0.04287517625577024,0.032417009927346606,0.348858076965785,0.28033911145398815,0.2787759135947145,0.23999889658874482,0.24909190342614523,0.2521649209773321,0.3472174875407131,0.304608487049503,0.7732795491178363,0.8660330439098645,0.8403892938094889,0.8558696109353754,0.8515046977575346,0.8341420284076282,1.0,0.8777712699368625,0.24878200391302058,0.2475553973500331,0.20662178914401333,0.30595676670939864,0.2941348927409775,0.2808254286065885,0.2984180494000009,0.27357874487075984,0.18094720121920943,0.12098797270298824,0.1657730792351018,0.18032944918948557,0.1365062395646272,0.15769081437103735,0.2403888010777327,0.17312009685635438,0.16161668735493576,0.16321814978742438,0.20453259919961503,0.1790053827501422,0.1668786845982773,0.16994571103380948,0.2908314337259806,0.23936183862797822,-0.023127966877424515,-0.03435031132336756,-0.020246937861615705,-0.04260930089245259,-0.03702742259095875,-0.04708640043161018,0.07641318190556796,0.09875399095750066
C4 WM descending,-0.029549491985624263,0.005399550143577751,-0.07706852063964502,-0.024630186430273208,0.05780721142301903,-0.03427318820349394,0.03810202750947287,0.020263895763387794,0.012234996357513428,0.012341772654004376,0.02060341696159311,0.0012920220339058658,-0.023785191814809564,0.037639450574448875,-0.06133947634955976,-0.022549305777147616,0.011743461754548788,-0.09577475739205106,0.05069903006627403,-0.046650631535316914,0.10329513095232147,-0.0046418644427714375,0.005719185597651346,-0.10430630118883906,0.050307012400211217,0.0018826392004889921,0.045035045734820284,-0.016971104422390255,0.09714483830309471,0.004089777803501535,-0.11074702492361292,0.011149885428646419,0.035112447622143314,0.04484327934323591,-0.0454550815268967,0.033433507527342664,0.021096657054364712,0.013038565193294488,-0.016669448638876296,0.031015488868508554,-0.01731538561885429,-0.07497384925551509,0.07669091861831286,-0.017236014857357887,0.04921094864277166,0.005861601660872929,0.0039072383837685295,0.0819252763446151,0.01707489831924012,-0.053124340064683896,0.05472744104346017,-0.03875854912793265,0.10857516838325315,-0.04201220963450881,-0.06482118567249727,-0.02560236103399525,-0.001111120691876718,0.03550623247375415,0.12065320091991896,-0.013186739350521441,0.028447774298292098,-0.0017496196148259692,0.31136950021981885,0.2607174311100849,0.2450143776898172,0.22272085665901928,0.2371031068888454,0.2451574217436807,0.3201139398706409,0.3039283497535569,0.6351033052864703,0.8670757770978211,0.8649854095904539,0.7974619940048132,0.8837451983014514,0.8960013322678463,0.8777712699368625,1.0,0.18942954471281134,0.22294288401824436,0.17208559583082486,0.28114218831005255,0.2711524287463087,0.2560195720730575,0.26430315570341884,0.24335604367350067,0.1253473033950287,0.060976441370397406,0.09145408635507736,0.15023064766728336,0.08596791377294391,0.10505505589533862,0.19554404960220212,0.11343052334135456,0.11718011440784018,0.11361980555643013,0.1556274666205583,0.18504014600189017,0.1741459366439861,0.1774774731094499,0.2519021422267771,0.20689494832969993,-0.03852498118067957,-0.020371805613045642,-0.029087581617455092,-0.015187464311950777,0.006882477144091082,-0.022871660256937498,0.10093218385445812,0.09618243327125844
C5 GM left dorsal horn,0.1408594681632125,0.08326185746532846,0.1222662082301693,0.11383391715918022,0.07764746814098482,0.11080480376865423,0.09455448264025894,0.15070162648907853,-0.015644278495251608,0.056725278450539075,0.07698525980230546,-0.012464435746757692,-0.035978416447927,0.09090996742453385,-0.009833145177731779,0.15530744580407846,0.12890144218856955,0.09462396694003433,-0.007001904648781369,0.03362859025760254,0.02140784029373862,0.08709997807159879,0.08207936159495698,0.018073380022854895,0.02449269566723646,0.05116308443949793,0.038000088789456064,0.06141574956607247,0.024822241341391573,0.03365142901345648,0.13222818039828743,0.10555709838410322,0.08951314120351973,0.07199210811094665,0.12842259171848663,0.12954796781301994,0.027963777616538742,0.026149179255376756,0.2200736856851751,-0.0015201500672357932,0.09850579936054946,0.11370565165679786,0.1032353480173577,-0.0042223006460475054,0.1345916880872753,0.12397932875455842,0.034993335563748014,0.06014075255141929,0.11860796033282048,0.10148055794411664,0.07819553152360886,0.14687167534876142,0.0953065094171389,0.08035938041082673,0.0680522249856883,0.0650571648362379,0.0694712808807913,0.10778021948536641,0.03727327522549774,0.09619104371222528,0.07324429213601069,0.012379340321906037,0.1299446578183545,0.07503789234936051,0.07838110862431118,0.02114028491525432,0.02584486445767081,-0.018238876713676966,0.050297573203597686,0.04972834799686387,0.24078436478654852,0.21106564042810996,0.19123039587312754,0.17873069323142926,0.1636437017779752,0.16630453777988263,0.24878200391302058,0.18942954471281134,1.0,0.8506742841957475,0.8598665196628478,0.5930731109048508,0.6393929002788681,0.6214585318238272,0.813400037013126,0.7756332414310104,0.2687848098973641,0.24114174354623613,0.2025644615121702,0.2446987412669912,0.2538576410515727,0.21757229567666614,0.31287281655124105,0.2680908775316267,0.13921710193787765,0.09049322496139092,0.13077763324301234,0.07196220097896178,0.020315728497447054,0.05206464142691147,0.1956268652798727,0.11253116017638583,0.02307571690624574,0.02993547569820323,0.07395469681630466,-0.12721266800232114,-0.10719004705060227,-0.11616143865420817,-0.02596276594146997,-0.0757881138923747
C5 GM left intermediate zone,0.15694714338858978,0.1611005522434121,0.0917947902410334,0.1679234873279117,0.08578799665146966,0.10557985221319358,0.08975760624231056,0.15704507574433013,-0.01716380588781696,0.03557867890658667,0.07749404720036011,-0.019265245690732243,-0.06718540538999497,0.12346304952852251,0.015375863652464267,0.20184447373350717,0.14496195775601442,0.07253704111953624,-0.016351135636114237,0.022215609725680062,0.051141881517922115,0.12105934822336051,0.080244711839854,-0.011769217021591083,0.07664495214830325,0.10430821381711824,-0.008915836493453977,0.10344946037385705,0.04878771510856315,0.08903098440710241,0.15361755930061954,0.12414777106899688,0.12043867671241164,0.12737882649984478,0.12960761496009496,0.16027612311546166,0.03526657510926295,0.012152039257841902,0.22961630671081412,-0.006852665496524344,0.13005374959581437,0.1250430243258136,0.11600617655755996,0.0011349190915096842,0.1793607502241469,0.1429704608874229,0.053327620807253784,0.06611120981610329,0.16466535910721466,0.09065082716778675,0.08704300458138739,0.1465567445196988,0.07178642034680895,0.09146615309427691,0.06827824095449384,0.08524656354194085,0.10692276742773582,0.08746574743547919,0.08115631839033657,0.12051108348270109,0.042601163474000905,0.06536745834573472,0.1573468227058173,0.11366190755230807,0.10789337836855983,0.054660129650475696,0.08820413657882605,0.051890611745499665,0.10428845405039341,0.12062958716187729,0.20436217147077737,0.21536797781412156,0.19847177173420777,0.18054124771664762,0.1954603590925087,0.20871512833662886,0.2475553973500331,0.22294288401824436,0.8506742841957475,1.0,0.9001304830729486,0.7012189929945053,0.8077900729653886,0.7528267048871577,0.8644370835409477,0.8859157964211075,0.3335965198559624,0.30718767918502154,0.29777802177056223,0.30386982894307024,0.31897853716807545,0.2854766448133061,0.38530046736535534,0.347117850297073,0.21536601748016518,0.1559991393001662,0.197631521839586,0.12895328225298117,0.09717924594040547,0.13493951985945937,0.26907769090093864,0.17909875972530737,0.02868653749465248,0.035703986752548246,0.08034067784496589,-0.05594834928114348,-0.0683460193750954,-0.06916182306927693,0.04213764748505841,-0.003174061463700987
C5 GM left ventral horn,0.17740469893027191,0.13822048589881292,0.1260664875396596,0.14001139160007972,0.06374228192364519,0.10773236310605198,0.06629035774168149,0.1344504776006018,-0.01724894877654228,0.00743008842193273,0.06973482376133687,-0.05024336644553381,-0.06518549465058666,0.10354977306714133,0.00344786601410917,0.18270819916726166,0.1510219694995898,0.09178350905763225,-0.0565241929431955,0.0392162023407128,0.018653466557684267,0.09845934767752325,0.066953058025661,0.0038050448942612983,0.05698081170321439,0.0917023833549415,-0.013634198185140124,0.08344661081769114,0.008007171493688766,0.0725479170929525,0.1592952113477355,0.1367423127250129,0.10124700393989981,0.10811295052577015,0.1590358110844375,0.14904814328190552,0.04881449583233971,0.010391325839941713,0.2304565229618313,-0.026206882266061632,0.11582371969758982,0.13372890568369208,0.09573086140186074,-0.03499769497893601,0.14748930678355293,0.13485662687739117,0.03744197946950179,0.059714643188811575,0.1512137450775563,0.09638934190382963,0.07430783222678904,0.15152693833074787,0.04547488392911051,0.10567437072690013,0.0737683709969821,0.08178117531763876,0.10620322023181095,0.09883659339520082,0.0497205511802865,0.10924191974815364,0.06067763707742705,0.05281207853789565,0.14421850643626544,0.10464100109707072,0.09740100649340791,0.032002289080831664,0.06410348242356964,0.022953617834471505,0.08349191299037878,0.10027113458987366,0.16492918062825143,0.16394194014342547,0.15252532551764203,0.15509177146380299,0.1490527777779544,0.16550330407406144,0.20662178914401333,0.17208559583082486,0.8598665196628478,0.9001304830729486,1.0,0.6094990669367643,0.6927870616019433,0.6762750660952731,0.8377234528316004,0.8658302094232662,0.35200239355236423,0.31836589991651315,0.30309118450521455,0.29401826452960295,0.3145160026720886,0.2835260330016632,0.3898029808241793,0.3590538741175438,0.17249915705984648,0.1125786450422528,0.14790731191781178,0.10592987498027585,0.0540698375231108,0.10464571061541457,0.22325226621381086,0.13566704606880908,0.009808089863668558,0.008765157634572251,0.07106264539358055,-0.14301214606181623,-0.12217737508248258,-0.11220547921220349,-0.027204975369945317,-0.058718363619235665
C5 GM right dorsal horn,0.11672136718338008,0.15098235854019024,0.027678484023426236,0.15089888648324407,0.05821110394898677,0.03001516599340115,0.07538402124751457,0.17312752281072671,-0.018007588895322498,0.020910052062546744,0.0642344801069273,-0.03145729695354236,-0.04319067728328807,0.14829233273080775,0.014617899613213386,0.1758354147324263,0.1408213592515295,0.041454465727144715,-0.03424721737809625,0.012940645308652207,0.0663726504952688,0.11529216116685395,0.035723854698433366,0.0036704145718539543,0.059141723938931655,0.10388871679552844,0.0020002999687103464,0.10999091008360791,0.0770066033384721,0.10524460631863601,0.13060822635768482,0.05180041510025823,0.1334102622611378,0.12824082004115608,0.05345245780290676,0.14780580430684492,-0.016822452230277386,-0.006243531785322659,0.14946903464197372,-0.03042822014627395,0.11231637996726276,0.07918275557735084,0.03799529432627728,-0.003963084328882182,0.16210894429221953,0.10485712451604809,0.07133341326661477,0.019721596259484345,0.1396753373479838,0.06226040919982692,0.09653119365426915,0.12471475692394016,0.04250015585860493,0.06322709609485554,0.0532868208137335,0.07987166795843018,0.08870909793303876,0.04574692660090402,0.08964793946656331,0.09924080761345694,0.023302483338021204,0.06969681191830368,0.23126284425924007,0.1599277587275872,0.16948162109418682,0.09919826508606741,0.1334019514745729,0.10540297680727735,0.17613336655014492,0.17256828496859122,0.24876672250669318,0.2645695067919945,0.24566994418592286,0.243053819992358,0.26274723680228407,0.2706233159690877,0.30595676670939864,0.28114218831005255,0.5930731109048508,0.7012189929945053,0.6094990669367643,1.0,0.8868025993329608,0.8422326796642539,0.8240775766133711,0.7421353524934048,0.35083197659818866,0.32886345492636376,0.3517940933553926,0.3433755868703964,0.35218588875687373,0.31975387667021743,0.403489244343024,0.3829692598068205,0.26377848535522525,0.20368513994120935,0.2709284106460402,0.22562482949688303,0.19886851635107336,0.23255816492241072,0.3433903530817146,0.2617989047790495,0.029726894294728457,0.04120625605746304,0.055329528273153045,0.06727421455536539,0.0017800123841546205,-0.016260547610048613,0.13174991345213524,0.09938818313751512
C5 GM right intermediate zone,0.12183188806345709,0.16551914018027514,0.02473888947815847,0.15653231960351338,0.06049180455319301,0.049764789728068116,0.09068009259666317,0.15666341412317175,-0.025645317901975866,0.000830301171393074,0.0496893164195131,-0.02510032543270808,-0.06294184924989062,0.13797801327167697,0.033636287159329245,0.18921347953721362,0.13405942592299872,0.04019279614664446,0.0015678300934068524,-0.006467732677095678,0.06836268672193735,0.09774524489930365,0.04056352807640069,-0.012008977921104275,0.0802570460670399,0.11834359878651161,-0.0016299925717674388,0.09831601627518574,0.07860710601723586,0.09839959327848244,0.14302946688167523,0.06988034366731903,0.14724217306084464,0.13956033845539795,0.05887045359801604,0.14706660903607977,0.005390976973138597,-0.009838536517921192,0.16824385948122117,-0.027327875607131704,0.10005825749996808,0.09183212155638466,0.08280890409010386,-0.0009438178821404227,0.16712798287692482,0.11583728265029668,0.07520179302575195,0.03697755020843371,0.14104729757052614,0.06845080469126748,0.0943583380803823,0.13328910047617665,0.05261048115562291,0.0693054627492409,0.05557092089678374,0.07750238806022673,0.08519034735392589,0.05666549928183224,0.10393096359687339,0.112402939496632,0.04552940069370772,0.06575300151402783,0.21158306985632053,0.15858376052257067,0.1657923556628282,0.10201980094244291,0.14143063641644435,0.11638920818419711,0.1778724146428398,0.18027574864307944,0.23044088983693214,0.25855330135339627,0.23304103664925202,0.24080757370226694,0.2622175715636945,0.26550351740011274,0.2941348927409775,0.2711524287463087,0.6393929002788681,0.8077900729653886,0.6927870616019433,0.8868025993329608,1.0,0.9140116231687753,0.8516898257466098,0.8469680506742024,0.34951886255792475,0.33444762275897605,0.34654187459681035,0.3123092020854732,0.34701999285721447,0.31251703448278384,0.38617439483684834,0.38000874988177996,0.27686554032662164,0.21520619648572328,0.2663270587143995,0.1988468024295001,0.18406335157680703,0.21508109394320157,0.33697695943500605,0.25257021674391394,0.007314654460651183,0.021639806379376493,0.05480674934145522,0.04727131098658836,-0.016790028790142016,-0.0262242822754686,0.11312833879063261,0.08348289426964985
C5 GM right ventral horn,0.1420006935055852,0.16238885596188135,0.015544182800139509,0.15789980645623256,0.04299164758761288,0.026250384616138777,0.08295401633649953,0.17168621375370607,-0.03431057682226849,0.012124196262344062,0.06704119835293391,-0.022925504925105873,-0.03991431536146293,0.15405624829261125,0.051326338233414606,0.19454651680111032,0.15635389150799833,0.08178859273434039,-0.01364319330349423,0.027073325249678763,0.0636113737838849,0.1073703438074541,0.044327234790313426,0.014453940912847024,0.07659821085216321,0.1283099072903364,0.002435345412688022,0.10984125179051592,0.0708004561753124,0.09863296615491916,0.15559363442339375,0.0682048839139078,0.16336116785476038,0.12535938940787122,0.06233992606509908,0.1529800301344167,-0.010098428782616782,-0.02009639364409374,0.17619442629560556,-0.032626775941815324,0.09698269179022115,0.11095054491247132,0.07591581166471308,0.010031894658641266,0.15739330852960232,0.136012067450535,0.09207999200289915,0.037462862835656606,0.15270947753980382,0.09178538455683384,0.0935347868401649,0.1627733391230606,0.03736761591940285,0.0927760206502523,0.07952874110593275,0.08744385881906684,0.09651805487052119,0.07365201058877484,0.10876650107557957,0.12866987257368317,0.07596359177194068,0.06813705185882488,0.19775949232194892,0.1551878505353865,0.16012979355215443,0.11516341493814794,0.143551769066908,0.12232792567907814,0.17611821471572633,0.17746837687384429,0.2032025138861433,0.24194451571407105,0.21851215297775858,0.23763379980851418,0.24755123852020194,0.2533232124929344,0.2808254286065885,0.2560195720730575,0.6214585318238272,0.7528267048871577,0.6762750660952731,0.8422326796642539,0.9140116231687753,1.0,0.8405299210057866,0.858764543317295,0.34958610019303005,0.3302313204634411,0.3346655951448582,0.29884564944759423,0.3423567698173469,0.30327078939841384,0.3825434227817856,0.3802902941926795,0.24244319421252528,0.189740404404891,0.23958550837263934,0.1797797312261469,0.1670815449140906,0.20490259398867003,0.31075718435545185,0.22668815174312293,-0.014790746977818212,-0.0032295546344166745,0.041121969459310875,0.012867703926391664,-0.04915158534077696,-0.04781793379797251,0.06735002204955584,0.04274536699042648
C5 WM ascending,0.18201011123307798,0.1599297861675127,0.11004805143882823,0.1284771017324168,0.05911255226955741,0.05824869096664216,0.07806219326453773,0.14853182264230724,-0.03576703371601193,0.008796211872691915,0.07142399914851011,-0.059904613557534424,-0.08517591147891511,0.1080922290626747,0.0041862282591690805,0.18779555017784083,0.16658250091794122,0.07930747269293402,-0.03871389308890175,0.0206244095242594,0.03050060489310883,0.09575429074353022,0.047129146463480646,0.002352933921826987,0.06250707390505889,0.11175510358348573,0.026377528064547164,0.09257302557383375,0.04648496084498231,0.09207759783702017,0.1593272920098673,0.11121683208071016,0.14371907096262507,0.13659190079223035,0.13198339767930978,0.1529480855092561,-0.005086108551400083,-0.0057070093184581,0.1960422608398471,-0.031903438104385395,0.10137256019095237,0.1146765313288078,0.07019602345363307,-0.025730272833613708,0.14812065032297886,0.13917033213446972,0.03779209278020497,0.041687021521502485,0.15396429243053664,0.09496012439688244,0.09294052391299523,0.15896037585400946,0.060341842481926075,0.09758059832852198,0.07848970485087133,0.09778457609096035,0.10855756913037992,0.09572202344082359,0.07007222618285232,0.1352389060244133,0.0845761311576456,0.06550658640006514,0.19776249262822362,0.1572400640089889,0.16024158647014358,0.08115558607772223,0.11888545995038828,0.07827388968875858,0.1500415373520679,0.15547638509540648,0.2322745582584809,0.25023265666387845,0.23668274876475842,0.24168832870097112,0.23900381307185897,0.24784417307194526,0.2984180494000009,0.26430315570341884,0.813400037013126,0.8644370835409477,0.8377234528316004,0.8240775766133711,0.8516898257466098,0.8405299210057866,1.0,0.8833588034046735,0.38251312920750274,0.34893159026284976,0.3481255231362156,0.334078064014565,0.35384613561969896,0.31703142544682306,0.4355717244839623,0.4011540568347759,0.24777371854443905,0.17380636784467296,0.23319353362388842,0.15411207484800857,0.11083743043278188,0.1457471783723368,0.30905537078590234,0.20866507762945605,0.01608021975466987,0.006172698825782805,0.06401201845107618,-0.0597357441450515,-0.10230353607576398,-0.0993298443340267,0.028147866014529795,-0.011995924946426697
C5 WM descending,0.17047753827824216,0.17215336566057843,0.08347132283592631,0.15325434671172594,0.04318868333709034,0.05568710051734513,0.06535208085413688,0.1608281636408982,-0.033837328166358364,0.02073543281141986,0.06208899895588593,-0.03575511838195557,-0.046186447457087304,0.135974294214017,0.0383773211454851,0.21559046042025284,0.1759202992265433,0.08299862612504302,-0.02878095919967561,0.04746481048698548,0.03854669995329875,0.10493384096565296,0.05872284048611474,0.0034059643741912874,0.08348092825241364,0.13045972972681388,-0.004370792025690959,0.1032621458706711,0.05187546079699191,0.1015261970752702,0.1559238787904663,0.1292906955019145,0.14373146771235315,0.12618426892940462,0.12177464934023027,0.16191147934679215,-0.004683727590352554,-0.023787682849802885,0.21870522958387612,-0.04381463202585881,0.11087386671259328,0.13029349135059723,0.09327989372664174,-0.015541626601658058,0.16787823341966182,0.14730199254640275,0.07892629908841711,0.05955103661262671,0.16310379360762278,0.10573288407556089,0.08576253662258575,0.18109771623302165,0.057890845754206305,0.11665881797790564,0.0779334444890545,0.08892677362448903,0.12055049707217685,0.09571593338055981,0.11649723336584931,0.1314346393847698,0.07756589257775469,0.07885258485190956,0.16538729564087204,0.13320125189482984,0.1327494013043517,0.05717861478928363,0.09960236059027168,0.0668006337665583,0.12210885879765221,0.14015649276200862,0.19895967380859886,0.22833773151405817,0.20351052446390847,0.22527151293794084,0.23069423381413515,0.24004230138197438,0.27357874487075984,0.24335604367350067,0.7756332414310104,0.8859157964211075,0.8658302094232662,0.7421353524934048,0.8469680506742024,0.858764543317295,0.8833588034046735,1.0,0.3973197047081337,0.37021597172475873,0.3560724275587089,0.32444016365090345,0.36917005289863064,0.33643142633317474,0.4407461783831519,0.42258156669843394,0.22107451013743334,0.15969122986871634,0.1983446517286982,0.14804304108477526,0.1192168352226172,0.16762602523970901,0.2821391796210986,0.1913008344848595,-0.007208923998827836,-0.004546394534067511,0.05358875795800164,-0.08415998513418002,-0.09911680211199514,-0.08810268979426089,0.007255185759256592,-0.025525428035001733
C6 GM left dorsal horn,0.055189142878634856,0.07331960091429895,0.1384438517146014,0.0280634753557379,-0.02537802607397659,0.06088091312956342,-0.02599407243410519,0.06420128310025482,-0.016214769222114803,-0.00782100407028592,-0.056566987362272184,-0.0778619989300976,0.04424753539415583,0.07462311960301415,0.04546399328455957,0.07602582340112736,0.06431877905469681,-0.035634372824455716,-0.12433937749952563,0.0416523346619016,-0.08096897398777948,0.0008871968927033079,-0.07836987714045361,0.03615007226974269,0.031140769121639857,0.05010705984169618,-0.07766737908281046,0.006538036295090666,-0.06047369364330471,0.031484888945162576,-0.07775664823216971,0.03823437813519102,0.02182023519327114,0.013185728926873102,0.07548885028288724,0.04984290787884667,0.013513266731037187,-0.049802956036474166,0.09996467915775449,-0.09703775359851818,4.1110298394861735e-05,-0.0010906645479878024,-0.03076496839185497,-0.13528862990688628,0.009373173126622872,-0.010294169396069966,0.027447305771711516,-0.04799800428586697,-0.021770867434105123,-0.009709110884475736,-0.013733317591815774,0.05297074213298612,-0.1542668230882136,0.0322107123359871,-0.0029395936660895163,-0.01969593901973147,0.01785394598212401,-0.09111107760939043,-7.183000572721962e-05,-0.03182831456065009,0.0019996980022746456,0.02697758415842094,0.055771798732228144,0.06365254777235199,0.0678887794340155,-0.019000683684695912,0.028804604289898703,0.007763613087222214,0.03883655137301648,0.10620653855509296,0.10067234369649486,0.10295671861257366,0.08017728164720643,0.18015831754665848,0.15344757206697565,0.15500420749980318,0.18094720121920943,0.1253473033950287,0.2687848098973641,0.3335965198559624,0.35200239355236423,0.35083197659818866,0.34951886255792475,0.34958610019303005,0.38251312920750274,0.3973197047081337,1.0,0.8331038946078028,0.825350546060995,0.5099649548778743,0.6262884336696313,0.48778572119092944,0.7415716916747299,0.7379142977501557,0.2344322643745725,0.14086646964623795,0.17060339794495008,0.1268881221582228,0.040313036276923446,0.09200963651098235,0.21346008823243842,0.15964719738086752,-0.04777845253259194,-0.11362815567072304,-0.032961484422474305,-0.0181190368772059,-0.11740388810604997,-0.08014799483986333,-0.004787837929546267,0.045976997915898814
C6 GM left intermediate zone,0.04705192771537059,0.09607445611294672,0.1652621052952582,0.04690599353574153,0.006630635122523871,0.05307634301977322,-0.0020647513815872675,0.09704288493141862,0.03952852091482842,-0.026386952285381828,-0.06160629298194649,-0.06226115442768587,0.09093595535545176,0.12985235384465804,0.07136704193433241,0.09286854873590507,0.08144061820353715,-0.033894830201321655,-0.09641661604051888,0.013130589248543083,-0.04856818765126882,0.013686715113918502,-0.04024728649464914,0.059630958561728904,0.03671697385397059,0.0621116294125841,-0.07977112954927124,0.01254165562836487,-0.07965039094975158,0.02011028801415436,-0.07363684332255946,0.058557742376774455,0.008942711996214403,0.02642894574908151,0.11191563971799358,0.05160015764487944,0.06351387164535964,-0.024314564027532824,0.1275324362131034,-0.09207074713912669,0.0434742327526121,0.028850576667669204,0.014676892753026713,-0.12798231771048799,0.07389912883617382,-0.010798663347453868,0.03744589505473974,-0.04407802688124616,0.0021439499551914308,-0.005896516455609003,0.001012423973373416,0.08809040502700038,-0.14951035403610505,0.05000971321380037,-0.012979350558661484,-0.019921678340255093,0.00919717102621551,-0.07819910649024113,-0.023340471451195437,-0.010084632362017133,0.011027301503760557,0.03510463376878402,0.004487120420252493,0.011348045400896175,0.034388134448910875,-0.09422880111014659,-0.04316475230503092,-0.0588166381627108,-0.03432327632485288,0.029871950203722377,0.09344560541875149,0.06746461032554107,0.03333604067104153,0.13713656280173891,0.10032787499892651,0.08737881101933809,0.12098797270298824,0.060976441370397406,0.24114174354623613,0.30718767918502154,0.31836589991651315,0.32886345492636376,0.33444762275897605,0.3302313204634411,0.34893159026284976,0.37021597172475873,0.8331038946078028,1.0,0.828865423497063,0.5620725085350547,0.7684437299224404,0.5693925422966573,0.7279560128943615,0.8384853873416813,0.24148601352449672,0.16065660936203854,0.18852027129011537,0.15807509611387505,0.05993719947584569,0.12230502804619621,0.24960224690960064,0.1995999840528156,-0.03679480019543993,-0.102022813145018,-0.042447511932908966,-0.021784321280971224,-0.11289670477558895,-0.0923380516344307,-0.06057540671032702,-0.03818015785553458
C6 GM left ventral horn,0.03836577543085596,0.08637267886302981,0.14600726185738166,0.031563174039407074,-0.0037004834492389504,0.043820033376886745,-0.012595097490801033,0.06754234687049691,0.006836959547903872,-0.03746528566469984,-0.02371006094617331,-0.0466994183258606,0.07159428626802365,0.10417138853309757,0.10602493892128996,0.06986960603023072,0.07808920218128983,-0.008423740344357097,-0.0859474895445479,0.011827819087102513,-0.034940686039816364,0.015367949310574126,-0.021482868878564522,0.07012795562869548,0.01783659715198502,0.06970585791963854,-0.02950518618249724,0.04071735522328984,-0.045607297742227514,0.04655620898013913,-0.05985747707451112,0.06966159608355471,0.03241715211761093,0.030641215731562758,0.0792524263118007,0.038256688509022085,0.033344133380488215,-0.033110059897945805,0.08731585902821709,-0.08910210016758814,0.027304286598006728,0.01150544947819141,-0.043604653327140246,-0.11717577450514399,0.03544518465787314,0.0013563126782248978,0.017970898431924502,-0.0664948847776171,0.007691975054137424,-0.004502825806787929,-0.031169842300578367,0.07670920815503258,-0.13887569300136818,0.05248693859044871,0.01613885360849546,0.007839789034799876,0.04603360713491331,-0.06372163363348574,-0.012154056959237472,-0.00266599846063274,0.020335736759849107,0.050390572842741496,0.07065858860938595,0.05363255970232896,0.062224358473743156,-0.0002579044112730762,0.02359329169959052,0.016742484135137962,0.04546988810986028,0.09409691345706225,0.12724534730790044,0.08392600562517487,0.06737762768109233,0.14288880454382769,0.10877196865630502,0.10800374927910228,0.1657730792351018,0.09145408635507736,0.2025644615121702,0.29777802177056223,0.30309118450521455,0.3517940933553926,0.34654187459681035,0.3346655951448582,0.3481255231362156,0.3560724275587089,0.825350546060995,0.828865423497063,1.0,0.531153397674114,0.6590533810479884,0.5763819488222479,0.7436202323132156,0.8238486092326192,0.27179690752254126,0.18259330266061746,0.2335719760338986,0.17961978898307066,0.10300070485233294,0.16292158800075096,0.275633834055479,0.23729853967522216,-0.031177249209288167,-0.1363383809116622,-0.026310727549031493,-0.03752811603034536,-0.16745220019019968,-0.106796973307517,-0.01694630432997909,0.04472814572355563
C6 GM right dorsal horn,0.003385747781008959,0.038291109906803115,0.012322198773116239,-0.014155093121530822,-0.057362203143039324,-0.019164010863375124,-0.0383994946898511,0.04436963198487959,-0.061848638924243596,-0.056131024102288846,-0.030764273468160686,-0.09852704766838001,0.06346531733931882,0.09063243626064117,0.005093280776990602,0.02407804841632511,0.033755638837705625,-0.06601735756811292,-0.09666805055457159,0.0006275261591515775,-0.07340317357988894,-0.033919874363554384,-0.06086414841375237,-0.001323420290090681,-0.03101158528489842,-0.009475052620337415,-0.0020358142744031963,-0.04611892279943508,-0.09063964986032533,-0.0029880028527083514,-0.08419042808551547,0.008958205347216822,-0.04227054935976921,0.03800075619613444,0.01891275046077713,0.0215817369913767,0.07999213479908084,-0.043418122048799704,0.06891944652361134,-0.060577308512143976,-0.02663273980538781,-0.0013174237159334198,0.00214896045642088,-0.03723466200819385,0.06849604875424536,-0.04463497316305191,0.04026557093411787,-0.047577823212432604,-0.05857632615568332,-0.10239813595460669,-0.037628581379918584,-0.012713271307542967,-0.07739111230882686,-0.03574701637288808,-0.04445303272283182,-0.04217456608889011,-0.044365570377532894,-0.025530429193410226,0.03650636663005975,-0.056522251917318425,0.019372705164054902,-0.026339604835062532,0.09671196261859653,0.08323845223865106,0.07735856138848203,0.05847955838015615,0.08839330251104116,0.06391553490601654,0.08076872003286609,0.1350539317087387,0.13643376908091193,0.10888278075004743,0.09149654013012304,0.1642245653022165,0.16276994412103812,0.18109475534718125,0.18032944918948557,0.15023064766728336,0.2446987412669912,0.30386982894307024,0.29401826452960295,0.3433755868703964,0.3123092020854732,0.29884564944759423,0.334078064014565,0.32444016365090345,0.5099649548778743,0.5620725085350547,0.531153397674114,1.0,0.8452500032609455,0.8076310635760493,0.7951211092774279,0.7150376712774912,0.2559498323829025,0.22085786262033263,0.25002825766150755,0.3190336181286296,0.3005134672529793,0.34596506229697394,0.39682000278301466,0.35735141147746413,0.10207774591998267,0.048012926929138625,0.07584029276467175,0.0955035550589383,0.0328160002816654,0.06782210558613866,0.145144475249094,0.1467948251317587
C6 GM right intermediate zone,0.04793545702822527,0.09526886060773744,0.09758101523023725,0.023755405867034105,-0.012971031771312798,0.014285761250992573,-0.014867597511128839,0.09085208652874764,0.02276381110141275,-0.0451776012376773,-0.032958927730390594,-0.08676456159769244,0.07471257146470651,0.13758914396983418,0.05963220344102379,0.09469377851603213,0.09318702508819016,-0.0015430734086828066,-0.11781285413638405,0.014451920557233081,-0.07222235081311379,-0.009168500867746825,-0.03788176245937066,0.09105304542591734,-0.036032579489790294,0.03693898167939184,-0.05106316230386471,-0.0023695653836274706,-0.14226120596585604,0.01230417186400451,-0.0492274325706074,0.056145899827711954,-0.014210000123604202,0.04910764556711896,0.08993697641746448,0.05845703917767878,0.06289466385712218,-0.01972716283164089,0.12285662908826529,-0.058601320488542774,0.03406594080179833,0.04928291370731026,0.025931912767425347,-0.06303546352840507,0.08449607780332218,-0.003003830100426453,0.05373767700249982,-0.04254025238247786,-0.01849307876462643,-0.05829844645167385,-0.04315474082936006,0.08269896687917418,-0.13732562158581213,0.001213565029317895,6.412516701348431e-05,-0.022129338280811397,-0.01733900334930301,-0.024012244877571372,-0.004771731033799249,-0.029566666746457602,0.03111836611500233,0.01196354895804372,0.04817231827952387,0.046042903395118615,0.05685880251080688,-0.030751911037161645,0.015691539394562665,-0.0011418410215306696,0.01346564403223588,0.0794613141556782,0.11928904931917204,0.07534858823469337,0.04378645214539678,0.14097017152546562,0.11387021491845573,0.1205360882951619,0.1365062395646272,0.08596791377294391,0.2538576410515727,0.31897853716807545,0.3145160026720886,0.35218588875687373,0.34701999285721447,0.3423567698173469,0.35384613561969896,0.36917005289863064,0.6262884336696313,0.7684437299224404,0.6590533810479884,0.8452500032609455,1.0,0.8739766344851851,0.8249889242287438,0.8663729147255038,0.22788045277738941,0.16643328696044862,0.19568102291030806,0.2674166987243333,0.20968884917244157,0.270209988494597,0.33307883885419104,0.28000096134679775,0.04873296505720773,-0.046950160221935856,0.009514198005617529,0.0635111391132191,-0.04609414253690373,0.0019248309751807862,0.03968410366828237,0.03100612322686529
C6 GM right ventral horn,0.06778627746259816,0.12311240807675941,0.0875592846355807,0.02458710016350249,-0.01565635973085876,-0.009390913278323549,-0.014227789305371915,0.07897094968274966,-0.0002356208799786605,-0.059011258841738884,-0.024653862359558815,-0.07309605891577044,0.04435941197261213,0.1322407713662558,0.06597391051322016,0.07986655231613118,0.09134623477266354,0.009880994507352294,-0.1372266486882372,0.02307304870520931,-0.06839902653554865,-0.008097357357769123,-0.027976422173188503,0.08551816107597578,-0.060993467331481296,0.04374986838732784,-0.02920434413525806,0.0166077781897322,-0.14338880188646785,0.04280693979676508,-0.026240714396246177,0.06841225939395025,-0.0015573347673671436,0.08109999960833668,0.08317952029386527,0.06224324536931707,0.02271365607844471,-0.03278732472074039,0.09052948364090323,-0.06226286456846293,0.03739267292544767,0.03680683173509447,-0.014979885506735891,-0.056989601527573666,0.07087321460793641,-0.012297483411324306,0.04755392452812601,-0.05469591603690803,-0.005692539874438945,-0.07919044489808305,-0.07316416898809337,0.07251729259088555,-0.1258908195998782,-0.013324426847295399,0.017319497258984025,-0.0026454889029318075,0.004290678790209768,-0.007080904846833062,-0.0013301291195211163,-0.019229059289959424,0.01662016289323402,0.02805320008076696,0.05384552673608764,0.04629466931829843,0.04342944250509941,0.010632066699120157,0.04139937782823654,0.03150626976995572,0.03488373236292061,0.08601470163018608,0.13351150798042852,0.08690221902360254,0.06639400364466212,0.1503477089911414,0.12514685402703477,0.14210539477091957,0.15769081437103735,0.10505505589533862,0.21757229567666614,0.2854766448133061,0.2835260330016632,0.31975387667021743,0.31251703448278384,0.30327078939841384,0.31703142544682306,0.33643142633317474,0.48778572119092944,0.5693925422966573,0.5763819488222479,0.8076310635760493,0.8739766344851851,1.0,0.7887507869444631,0.8082842543968287,0.17540375851929288,0.12988595905258496,0.1661747561411322,0.2609353486358015,0.22708477439566943,0.2878337399580333,0.3006536055704106,0.2614565194004871,0.0665440485228273,-0.06929257774985968,0.02661641700037712,0.06606665563724118,-0.07672449274662069,-0.0009739754292027721,0.07268744816338592,0.06194795563405818
C6 WM ascending,0.05938765955274752,0.08355144323742322,0.1120030154671812,-0.0037300412224685864,-0.066436214314169,-0.035359273195122595,-0.06424801346293763,0.09179395421473353,-0.05026779704195881,-0.02711114939364312,-0.020233283156403666,-0.11605719495724422,0.016801630160952992,0.10145940645989152,0.027236078374929345,0.07794326934669973,0.10567476363379343,-0.036539491859207004,-0.13694915122196438,0.044701200605857895,-0.07697331305130609,-0.003207516298910331,-0.05937602182277165,0.0330644199134399,-0.003986989061901741,0.051265532476213,-0.04116563226471444,-0.003394261888209761,-0.09195061354017703,0.03754646468651457,-0.053163173268260346,0.0495292879526977,0.03771065202445737,0.06617742261813724,0.07133949178015309,0.0576655044400047,0.004435819202346647,-0.07364424031139696,0.09557179442854166,-0.0916286992882286,-0.0028838337280580042,0.028951185288488522,-0.03811503368595056,-0.10204764773133815,0.039863145088299023,0.0003544610566359064,0.02969240822229584,-0.04597728918959245,-0.013381873702190744,-0.03859952210825775,-0.03665646029670161,0.062426958280544675,-0.11343323769277662,-0.0008264238807830881,0.007275154847658511,-0.00806737447934198,0.007334147216815303,-0.0441771875815722,0.02559682679576699,-0.021496639760950002,0.03177610884396045,0.014572172339293098,0.054820336000026414,0.05774865709561498,0.058626735783045066,0.0006966276771510362,0.03143112071799524,0.02135145714389487,0.04438021566841785,0.12194520868242532,0.14149497329763075,0.1505680157032799,0.13182360363038315,0.21453486272003078,0.20402521507235333,0.2195562564171184,0.2403888010777327,0.19554404960220212,0.31287281655124105,0.38530046736535534,0.3898029808241793,0.403489244343024,0.38617439483684834,0.3825434227817856,0.4355717244839623,0.4407461783831519,0.7415716916747299,0.7279560128943615,0.7436202323132156,0.7951211092774279,0.8249889242287438,0.7887507869444631,1.0,0.8565085450786355,0.31670904762649693,0.22913139809451133,0.26734848934976563,0.2684668475102256,0.22325957280343794,0.2770390823346322,0.40734818901808817,0.3433104900434596,0.04897884890594111,-0.06814963692694277,0.008078143034169451,0.02844569488027656,-0.10483730522342302,-0.026476764534810713,0.0810201262840414,0.07838093728365254
C6 WM descending,0.06638988311224428,0.1144962695050556,0.14136683620298246,0.03946972102211452,-0.00717023422386811,0.01370536234185337,-0.009591621693169815,0.10956576333969742,0.008628296461667536,-0.044809729523097135,-0.031370487776487904,-0.09132328224833008,0.055472758565375535,0.14662353699163116,0.09964159909772201,0.11106509999024017,0.11196198015808499,0.006613052739381198,-0.11660311760115658,0.018727827099354177,-0.04334611030926234,0.009175291562855528,-0.023620669160666186,0.08217848171023154,-0.0060373477026878924,0.08239898123692695,-0.04928374257608957,0.02970456430893864,-0.11415063620730768,0.04688404675794962,-0.03429703445323665,0.07511741285628448,0.024805812697534103,0.05758704912262133,0.11091029569213912,0.057291303064345524,0.032344845332673317,-0.045320835842303474,0.11375045116503277,-0.09477505869301003,0.04854256257593698,0.05247467663046502,-0.01821527542171224,-0.1004859733664899,0.06685777803315535,0.006414646604354071,0.05671578776722428,-0.048186171428777284,0.012159870838825514,-0.02124734850599013,-0.025773382622662648,0.10179853661991588,-0.14596327603608217,0.03444806356609478,0.02296531657798872,0.007275918077007252,0.018949459665896597,-0.031205222909033044,-0.020325639166554024,0.004064031265094588,0.040302878444558154,0.04279110678575188,0.04945497991418793,0.04789559936672978,0.059755119903145776,-0.04153732639418175,0.006737199641458966,-0.0028365432819185705,0.013427732506297849,0.07758475172516388,0.11512934218442887,0.09847542987878499,0.07279486702985723,0.17758667035468706,0.1454572573777149,0.14607390508143556,0.17312009685635438,0.11343052334135456,0.2680908775316267,0.347117850297073,0.3590538741175438,0.3829692598068205,0.38000874988177996,0.3802902941926795,0.4011540568347759,0.42258156669843394,0.7379142977501557,0.8384853873416813,0.8238486092326192,0.7150376712774912,0.8663729147255038,0.8082842543968287,0.8565085450786355,1.0,0.27632230213818804,0.19626190884733813,0.23827728412403032,0.2652358957531738,0.17656741502620557,0.2509364066841417,0.3458830771481585,0.294245012599501,0.004336021303828872,-0.113307670567781,-0.017458992531489605,-0.0019159489633265104,-0.1417761104242491,-0.07528580559987617,-0.010154212218838908,0.003803762498923976
C7 GM left dorsal horn,0.03791703754717194,0.08203019889981274,0.14447429339096815,0.04177588271908218,-0.05018565611151334,-0.06594532947240751,0.020256545571974056,0.10515894307099327,-0.06603687349056696,0.028838855317676514,0.044663404711834956,-0.042151874150778784,-0.07982404384367936,0.10108284461373757,-0.01570968862493196,0.19407904142694768,0.11453037623720115,-0.032858843763685995,0.03661301268049139,-0.05468948187843324,0.09811929824851516,0.06284590809670078,-0.0018764459046249793,-0.08815155467519255,0.1720515457754493,0.17709840381209058,0.020808097658677076,0.07608258454471775,0.08688197618745616,0.12070868145838923,0.053204821841975246,0.12709922413982286,0.06344125006861918,0.07438359447259542,0.04685850609333567,0.09026179023800784,-0.04129546149176787,-0.07078821491477616,0.11427461424464158,-0.07646643050142947,0.07680423846081601,0.06808952006136341,0.04357103428908429,0.009859412869822967,0.10366067764165089,0.061026337608629196,0.045374928972678405,0.12195323343233642,0.09079999345769747,0.0383224620639072,0.11153976655247028,0.06105634772349659,0.08451693093782062,0.13019459509737055,0.08498124802016835,0.09421381895755138,0.06238038626438346,0.024104089900712885,0.037469760372935236,0.14143936269517723,0.06754920634335097,0.11379594183130187,0.08611714600298656,0.061742625953395705,0.08194310300030876,-0.010851954856301468,0.016146279362558396,0.03259782084382839,0.07501594941076353,0.09983536457220711,0.09612252720205795,0.0989008966785707,0.11397184403352334,0.10099421633431337,0.09023726900866598,0.099737811076222,0.16161668735493576,0.11718011440784018,0.13921710193787765,0.21536601748016518,0.17249915705984648,0.26377848535522525,0.27686554032662164,0.24244319421252528,0.24777371854443905,0.22107451013743334,0.2344322643745725,0.24148601352449672,0.27179690752254126,0.2559498323829025,0.22788045277738941,0.17540375851929288,0.31670904762649693,0.27632230213818804,1.0,0.8031585457108251,0.8252232629358216,0.30544276210181753,0.30611789599606515,0.29811014049937684,0.6825725454559465,0.6281714503145169,0.1979598945978551,0.18366427143528954,0.18320810238733984,0.1350160869865308,0.03847592421572943,0.06502396305174289,0.29213441052559175,0.20914757652708335
C7 GM left intermediate zone,-0.02892165322087737,0.024455409910500457,0.06856881246277576,0.0022231564860813536,-0.03815108075499206,-0.032723013149342874,0.09324387914299109,0.05453570509271874,-0.05296698541932114,0.03321420037413063,0.020894957034071706,-0.00734859303962738,-0.01886082256299922,0.06815195280741136,0.06345306043048732,0.16389391532368433,0.08747354026493094,-0.015329126621012847,0.03603307104566437,0.03137632946617934,0.06475807982909199,0.06356704268996281,0.012796408852293974,-0.03938646795377033,0.13919867918677695,0.15571405525879617,0.00560587277656902,0.05297390727419381,0.046084287273253616,0.08848263560930521,0.028494651411697856,0.10430576801482294,0.01970873480674902,0.039722433849632865,0.04317688849706944,0.08139857897836372,0.00426144446349906,-0.03661016968583908,0.11239589754295762,-0.05171139165260228,0.04454326198636925,0.09498780304626903,0.05784419314990406,0.05495018511090091,0.08220641833005378,0.06179967474691915,0.10334567370722408,0.1422134995694415,0.07349361452982678,0.046495512174505205,0.10609735772953756,0.03021406608151311,0.135774600467465,0.12377987166294586,0.09197481306120205,0.0779785212541967,0.04196187783722948,0.06669659436000323,0.015242506539509683,0.12425852019859263,0.08533907742413857,0.09710655107034506,0.1264079534068872,0.0675816104001994,0.08575433126063471,0.037255476576496395,0.04058400843854852,0.07187814802159626,0.10220332616776467,0.09967446712606196,0.08626187922961642,0.09922433112835266,0.11687388469642042,0.09147643166094499,0.09054835950925877,0.09684969130679554,0.16321814978742438,0.11361980555643013,0.09049322496139092,0.1559991393001662,0.1125786450422528,0.20368513994120935,0.21520619648572328,0.189740404404891,0.17380636784467296,0.15969122986871634,0.14086646964623795,0.16065660936203854,0.18259330266061746,0.22085786262033263,0.16643328696044862,0.12988595905258496,0.22913139809451133,0.19626190884733813,0.8031585457108251,1.0,0.8389590763505199,0.36487395825932384,0.5452866100609683,0.429487066564786,0.670421977875237,0.7375430985739917,0.20071129173395336,0.24344307709684843,0.211485975290676,0.15375962588406414,0.11439933675854043,0.12758061835214887,0.30313843346825253,0.23298950810064264
C7 GM left ventral horn,-0.01450373891617226,0.054749654834051954,0.051417835730196426,0.057502745646200934,-0.07805903754617569,-0.06539506095150184,0.04707320296941934,0.111044722317088,-0.10327041850001496,0.04051873797162498,-0.004233072649523708,-0.002160790810991863,-0.03292927496780133,0.10343006172265647,0.07539243252683217,0.16069256715469285,0.0945133845755181,-0.05781933960561438,0.0658053145162303,-0.012527127605072767,0.11472548929365535,0.06922404080458476,-0.0024767863569218813,-0.08695989548913359,0.13642567462471553,0.14202474994510267,0.005026582992343659,0.05399348224321568,0.08060361194347085,0.07751094650182756,0.0248643206015637,0.09899908856787122,0.03509092473735785,0.07556821945582586,-0.005667378366431431,0.0922155162072383,-0.04205375431823454,-0.09320583921726634,0.11522524281922507,-0.10865606971205195,0.06986593162984368,0.09391392205310543,0.04964225542170401,0.02253028795825012,0.11396660271020978,0.04448949725192861,0.07915096394170246,0.15543066094857053,0.0884136254621345,0.019088643862218542,0.1331441694878983,0.0455992288665226,0.11499724843072716,0.10086945881517238,0.09103334946785073,0.0917327710161068,0.03853344670911458,0.05022293534713871,0.015918569444425316,0.11044369367825538,0.07847149659912787,0.08816631100646806,0.11285958168319123,0.08918375969095933,0.11208853472992575,0.04813057610238454,0.07331911377476616,0.0940690253924136,0.12399618464242186,0.14559588410073077,0.13591953336808776,0.13689921143384381,0.1510416679524584,0.1458745540200748,0.13447195259233521,0.14379236406275595,0.20453259919961503,0.1556274666205583,0.13077763324301234,0.197631521839586,0.14790731191781178,0.2709284106460402,0.2663270587143995,0.23958550837263934,0.23319353362388842,0.1983446517286982,0.17060339794495008,0.18852027129011537,0.2335719760338986,0.25002825766150755,0.19568102291030806,0.1661747561411322,0.26734848934976563,0.23827728412403032,0.8252232629358216,0.8389590763505199,1.0,0.2892464618322063,0.3657798714370408,0.3486469471563699,0.6807015724504359,0.7265498651185951,0.20801620250027583,0.2571811014335301,0.25553684417880407,0.17874432916012967,0.10776561574954757,0.1161653267328041,0.32183199097780324,0.23748377294975642
C7 GM right dorsal horn,-0.005437090722699896,0.053729305480254765,-0.037812170103221056,0.07222968899521201,0.11503892949540054,0.003923374780401992,0.15345878753290315,0.11864615655486914,0.06691879495813866,0.12151891292063,0.1406706132340207,0.1430597028397354,0.04460823993768249,0.14080490756469927,0.06358811748277339,0.15113402331965123,0.06542892491597481,0.029722574516295137,0.12393845904641905,-0.03822108323890582,0.15751388015520307,0.08642243527212325,0.10269885897469609,-0.058137226935935093,0.17524307135682413,0.09538082486244934,0.10517527077934129,0.05413652850011221,0.1482588158136437,0.046088928470152946,0.013042508404327996,0.03709389436991315,0.0777767364952323,0.07885787093321724,-0.0274351611714578,0.13367541508433578,0.034730961342600356,0.07294810583112077,0.07965448320403494,0.11432496028121791,0.09092469885699647,0.12094408374728481,0.12599804676982804,0.179955432311256,0.2063804038385528,0.09599338731317825,0.09762229127272314,0.1717234630508829,0.08800181574021497,0.013653968246318262,0.155319728522393,0.001093519196059325,0.12408936773398915,0.0611370645986743,0.05165177328905051,0.0728510685424893,0.03965734293916186,0.1216403980240477,0.1129731505472951,0.10704383974991666,0.0962735488904593,0.015605146393917971,0.238112916153054,0.19326276250647856,0.20162322141137334,0.1234805067727713,0.15638044682405966,0.17728498293347858,0.22175008088764617,0.21550524347668923,0.14173137567030095,0.18306811943604956,0.18428863616302874,0.09422472780917314,0.13244795676977336,0.12323344639498109,0.1790053827501422,0.18504014600189017,0.07196220097896178,0.12895328225298117,0.10592987498027585,0.22562482949688303,0.1988468024295001,0.1797797312261469,0.15411207484800857,0.14804304108477526,0.1268881221582228,0.15807509611387505,0.17961978898307066,0.3190336181286296,0.2674166987243333,0.2609353486358015,0.2684668475102256,0.2652358957531738,0.30544276210181753,0.36487395825932384,0.2892464618322063,1.0,0.7124764310367537,0.8028884822772494,0.6349483431443483,0.5633070767368813,0.15621024842678302,0.15692269538248296,0.20687379303310646,0.1427952017747322,0.11949538936652342,0.15567506174964035,0.26994622281599634,0.2372518536442245
C7 GM right intermediate zone,-0.01704680702707429,0.04424005537721979,-0.0691790475351334,0.004059769009538253,0.06423111735002453,-0.0005818776038627794,0.13656415604001348,0.017104331675928137,0.03731179801702433,0.046666334066719904,0.09943685333231789,0.11837424115889515,0.03698028106649965,0.08430615503705127,0.0898983166053841,0.09422115627021944,0.02835134084452658,0.003253018757654088,0.11292126157283983,0.015772410668699857,0.10876232209574889,0.06276826878103571,0.07979532219468355,-0.04009759878333753,0.12960560670903729,0.05174310539764236,0.06253760665937992,0.022852926982739104,0.10251143132121973,0.013604288856528137,-0.03208912845417581,0.012373715109173207,0.053541017083059805,0.0892320675518872,-0.05513022010986285,0.09178649824729945,0.0732435368735243,0.06582377267970146,0.07993936419833587,0.10813083655561799,0.04715720199683805,0.11845684962809046,0.09009593592864326,0.17877483847480286,0.17044466940200878,0.06918651779889294,0.13130794326418116,0.153944575404151,0.05012376117938624,-0.01792231297146881,0.12260648983111368,-0.036690312225885785,0.14083010865929324,0.033464328575742476,0.05048953598258088,0.05172647226276234,0.015645471256923848,0.10292740548256639,0.09115725842912115,0.06381446715718303,0.08149324536948942,0.007673558404402741,0.23087982437993687,0.14113960551551966,0.14926102005568426,0.0890969263041289,0.09489357572258277,0.11144038802762107,0.16701884442791112,0.16826111726963788,0.09445964599891862,0.15344860662779053,0.17321191033443398,0.07106995865897284,0.11471503491455083,0.11810940376870867,0.1668786845982773,0.1741459366439861,0.020315728497447054,0.09717924594040547,0.0540698375231108,0.19886851635107336,0.18406335157680703,0.1670815449140906,0.11083743043278188,0.1192168352226172,0.040313036276923446,0.05993719947584569,0.10300070485233294,0.3005134672529793,0.20968884917244157,0.22708477439566943,0.22325957280343794,0.17656741502620557,0.30611789599606515,0.5452866100609683,0.3657798714370408,0.7124764310367537,1.0,0.833938771831866,0.6232772661882966,0.6907179368571844,0.17069595794355416,0.18773103920218842,0.1758873986292791,0.1273117700809365,0.15870173294994708,0.18966881571431002,0.2460016226520314,0.22430506626901806
C7 GM right ventral horn,0.015897711424050325,0.07270242259038633,-0.08012287882537975,0.10933261693073919,0.08488229126854877,-0.010198854729781106,0.15634211213213686,0.11516532387278548,0.024867858075296085,0.12109387891088602,0.17454046900254114,0.1484897191050816,0.05180050656112742,0.1366139025426566,0.1252215888220627,0.15768162310547462,0.09664502078433655,0.040102877149660765,0.14260367186206171,-0.0021770993343846233,0.16264346712977812,0.10724202026002201,0.1302743620173291,-0.04571054665418993,0.16136233655669746,0.09109835010666259,0.07324697638651824,0.06936092284257102,0.14848051968264211,0.03609623656207661,0.0012657839616662427,0.035026733323648945,0.10010953099183782,0.09151876523208446,-0.044710706665134235,0.14517145691557976,0.02657043669746277,0.030953705102963948,0.09762453098510189,0.08469572902335039,0.1188193382754455,0.17762100940407594,0.1289539583682347,0.1903592416633493,0.23017140211612563,0.11827841457231568,0.1531667421766657,0.18727209085046015,0.09412551060103616,-0.008058242350648425,0.16971608170777336,0.03771138401192741,0.16476780145345798,0.0737870412708199,0.07341428659453564,0.07120541696173419,0.049203370630021274,0.14221854709268505,0.10670151462430068,0.11234719660455503,0.09973148306199558,0.03413772917400219,0.19847443998786343,0.15408959439553596,0.16930960589551766,0.08637745637783072,0.10914755493047275,0.1333511880157436,0.18452477854237878,0.20228508888945307,0.11515196873423313,0.15959292635511282,0.16681970823548217,0.07366771497427593,0.11577426785441482,0.11152829871853509,0.16994571103380948,0.1774774731094499,0.05206464142691147,0.13493951985945937,0.10464571061541457,0.23255816492241072,0.21508109394320157,0.20490259398867003,0.1457471783723368,0.16762602523970901,0.09200963651098235,0.12230502804619621,0.16292158800075096,0.34596506229697394,0.270209988494597,0.2878337399580333,0.2770390823346322,0.2509364066841417,0.29811014049937684,0.429487066564786,0.3486469471563699,0.8028884822772494,0.833938771831866,1.0,0.6633360583025946,0.7150548459311195,0.15388741726096952,0.1661082918433447,0.16824325149042688,0.1531931834293426,0.17829719492125365,0.22583677663866022,0.2563729346089728,0.23057890941227815
C7 WM ascending,0.1021334824718261,0.14732434522426702,0.0817435249652727,0.08232294126415365,0.033902748503997576,-0.07295418250731496,0.08380912510790987,0.18800858433706746,-0.053207175919116785,0.1176958675570974,0.15835801613899342,0.05566633371003302,-0.03642226767821019,0.20248726315535634,0.010835257933629798,0.21289642108328932,0.14012388581191262,0.015050605319093182,0.10753745560158012,0.016855990237746435,0.19645466829141284,0.14181803720398242,0.07602983416277899,-0.08401404331391407,0.24908969552352514,0.2094413066955035,0.11556414103390499,0.12714608823038487,0.18271302501831715,0.17740194826164504,0.05155265670422179,0.13539767007176176,0.1439899649086056,0.20289979248959156,0.02194215205236568,0.1764801559293841,-0.05466798843674563,-0.03315678644247098,0.1597129742551249,-0.020715408699289516,0.1461882349281425,0.1602624621171943,0.10285728421754231,0.1347916066709566,0.25060813857695097,0.14117867809632798,0.11352089018479793,0.1794531950752903,0.15865262682037234,0.0436722420594328,0.18784751845607453,0.050107854166133996,0.15079713115684826,0.13095348208354018,0.12113721123533,0.1506814264596651,0.12552828010457895,0.14480859614315575,0.1492441199235398,0.20972181535872564,0.1312785053256736,0.14810987709184525,0.15524090750014038,0.12795175910508796,0.15052981715342378,0.02612863159489631,0.07503693423771048,0.10362569971561353,0.15829359616503796,0.19877628619955737,0.17302562684903364,0.2057884026482028,0.2168696834700065,0.18521388080069,0.19889892613567306,0.20786280998612228,0.2908314337259806,0.2519021422267771,0.1956268652798727,0.26907769090093864,0.22325226621381086,0.3433903530817146,0.33697695943500605,0.31075718435545185,0.30905537078590234,0.2821391796210986,0.21346008823243842,0.24960224690960064,0.275633834055479,0.39682000278301466,0.33307883885419104,0.3006536055704106,0.40734818901808817,0.3458830771481585,0.6825725454559465,0.670421977875237,0.6807015724504359,0.6349483431443483,0.6232772661882966,0.6633360583025946,1.0,0.8095338335706054,0.25813441445387286,0.21929899108016368,0.256411597427162,0.17074990664006123,0.10745947349800819,0.15826504302452776,0.38065195841559313,0.2506050820425429
C7 WM descending,0.034034803878550464,0.09707726500823727,0.034833966556260185,0.05949137934073484,0.012195027817857416,-0.051761468796674516,0.1061421385444396,0.08705903389826762,-0.052769182830217275,0.03783709773529771,0.0875600727770918,0.040760548475545416,-0.060763137033746174,0.09705900303500213,0.057581885517898675,0.1391017258893663,0.09025949482138648,-0.036802500810874585,0.09030813631045713,-0.018184364923716015,0.12869341662354286,0.0560940094870835,0.05583233247954608,-0.10950355489784197,0.18307599342341555,0.12946565660750387,0.04171119824558455,0.04321962424631241,0.12378628709724011,0.0651840855740584,0.029730109875064293,0.0829762656667296,0.09416754918107219,0.14239874036736236,-0.02785588562956292,0.12223337671997113,0.010462511500720926,-0.03463601270999732,0.1353749909771763,-0.018355083595241534,0.09759415689490863,0.14478183021693777,0.09709083927273031,0.10604825847233108,0.17710674898783305,0.0812015923389906,0.1149484709519632,0.1713056968003348,0.08074084362283254,-0.022142242653815883,0.15782768856031126,0.009126248152780137,0.15146513118368443,0.08441593352326374,0.0948365696753119,0.09165167025283817,0.04781878635513742,0.09838917364794962,0.08210842798128246,0.1356866431943271,0.10952283416560399,0.08174401529122875,0.14885307649433618,0.11784413903193146,0.13761602303398623,0.02283251368256406,0.06292122596894563,0.08441183166075955,0.14703870460615226,0.17894687872130496,0.1463229742494729,0.16995433818420055,0.18546247678937694,0.14921839460561767,0.16136300149849866,0.1632894755508631,0.23936183862797822,0.20689494832969993,0.11253116017638583,0.17909875972530737,0.13566704606880908,0.2617989047790495,0.25257021674391394,0.22668815174312293,0.20866507762945605,0.1913008344848595,0.15964719738086752,0.1995999840528156,0.23729853967522216,0.35735141147746413,0.28000096134679775,0.2614565194004871,0.3433104900434596,0.294245012599501,0.6281714503145169,0.7375430985739917,0.7265498651185951,0.5633070767368813,0.6907179368571844,0.7150548459311195,0.8095338335706054,1.0,0.21375349440438787,0.21089598233461695,0.2184132006018752,0.20945124497824694,0.13475662834960753,0.1780975556247841,0.34085898411445215,0.25308397025120755
C8 GM left dorsal horn,0.02774700620317623,0.013481837300122868,-0.0036159586369468736,-0.035198849361059596,-0.07244888320591586,-0.07070290121376435,-0.045344478635970464,0.01278608267679166,-0.1853302524807987,0.035454875879673615,0.07416840818220198,0.11137634610372167,-0.04591837780787549,0.007865610858183887,-0.03207058496205312,0.03235390401211865,0.008953287797684898,-0.010681367912092909,0.02565566814134419,-0.020822063541457166,-0.0020649892815905345,0.029347140832412272,-0.0006447955360382923,-0.08314861300839953,0.058942754267249445,0.007247292621532389,0.0842285320448968,-0.0277631688438615,0.07026773763764906,-0.01772312162870131,0.0767187644745129,0.03023850808649367,-0.011280923083313537,0.09183256325182627,-0.006638385482077457,0.005635010541705615,-0.02794293326772876,-0.09998668350231511,0.06456305928925522,-0.07002374962621993,-0.019501700410444207,0.0960015016683057,0.011714096565197887,0.10016211119416485,0.07010941251120639,0.04075915658557087,0.07649933999372692,0.09506975163201936,0.019142240510874018,0.007206204576795553,0.1168100846486999,-0.009823911358566785,0.12067791074736359,-0.004661245257381129,0.061050411144391546,0.030636510787488722,-0.03789330456787418,0.07105551058190739,-0.0012199160512394373,0.02927587697796485,0.07629111264873314,-0.03544655164705858,0.010380801362732159,0.04263242706453358,0.026394979681776107,-0.028072553677259904,0.03982398779703093,0.07876414941941899,0.0389708179185097,0.07662338232436652,-0.07115679550456266,-0.06034871075300853,-0.06592531333016802,-0.04837597550374134,-0.025439092267363482,-0.01996806603007815,-0.023127966877424515,-0.03852498118067957,0.02307571690624574,0.02868653749465248,0.009808089863668558,0.029726894294728457,0.007314654460651183,-0.014790746977818212,0.01608021975466987,-0.007208923998827836,-0.04777845253259194,-0.03679480019543993,-0.031177249209288167,0.10207774591998267,0.04873296505720773,0.0665440485228273,0.04897884890594111,0.004336021303828872,0.1979598945978551,0.20071129173395336,0.20801620250027583,0.15621024842678302,0.17069595794355416,0.15388741726096952,0.25813441445387286,0.21375349440438787,1.0,0.6256743173913153,0.6465524278109269,0.10188110679029042,0.08627938999002992,0.091229013015719,0.44675693323413057,0.29235957254133765
C8 GM left intermediate zone,0.03551853031970959,0.01787851436729715,0.002802808221865061,0.037776377846090906,0.04593907580568109,0.03959261379364814,0.07943926018212936,0.06661126486780139,-0.11903647567430985,0.0788893569081039,0.07812630264180816,0.13918555079769146,0.050221110109085094,0.07576900427524293,0.03271114464684274,0.06103566118127622,0.01892059712572987,0.006819719673341331,0.07116949783301506,0.00028956149122300566,0.053892316516799973,0.073248260807125,0.0656072335516976,-0.039606802366771776,0.11236665485317904,0.06831829862243312,0.08333393601424673,0.04167301207599537,0.09756587307011894,0.05151006694242075,0.10824339560657073,0.0689778639486497,0.004798969360053523,0.1089387918620361,0.03921337476373879,0.05450411050464816,0.021847612874424084,-0.006328134488334355,0.12070312412835899,-0.0035771478389340842,0.05482275955791527,0.1215331797712063,0.06003344456807778,0.13954470747989361,0.12691413239757135,0.06271675326137141,0.09689964190726313,0.11869277124340291,0.05235841522533479,0.025370577987923817,0.15178830353938258,-0.0427481400392115,0.12113481668042199,0.051212264068547404,0.04610052728703748,0.03158640942931274,0.014871161607086458,0.10191930073480208,0.0390101180958773,0.08372983529164774,0.07192726457024108,0.02228483112022819,-0.03029189692321744,-0.061030339443371856,-0.07335845835648999,-0.007865742930636625,-0.03107424075748191,-0.025024579006946393,-0.005629042596769599,-0.01695025804185692,-0.10347086062854872,-0.03766133206347467,-0.024889970327954588,-0.07724612128018088,-0.03247058827388168,-0.02427327898924299,-0.03435031132336756,-0.020371805613045642,0.02993547569820323,0.035703986752548246,0.008765157634572251,0.04120625605746304,0.021639806379376493,-0.0032295546344166745,0.006172698825782805,-0.004546394534067511,-0.11362815567072304,-0.102022813145018,-0.1363383809116622,0.048012926929138625,-0.046950160221935856,-0.06929257774985968,-0.06814963692694277,-0.113307670567781,0.18366427143528954,0.24344307709684843,0.2571811014335301,0.15692269538248296,0.18773103920218842,0.1661082918433447,0.21929899108016368,0.21089598233461695,0.6256743173913153,1.0,0.7421037936734136,0.26834027294799845,0.5624690277521438,0.38371313019566733,0.44179430362793526,0.4673199174784518
C8 GM left ventral horn,0.036159925529177704,0.02939957458182216,0.04203707982599696,0.08897893562073614,0.01571545041454753,0.017856275278506126,0.04624409297652079,0.06720727349468325,-0.1727523146623281,0.07556905005008573,0.09187903891238773,0.1195339328936467,-0.01452049657904967,0.07920779039445808,-0.022899461098473732,0.07526045517396485,0.041636135536066515,0.012630367157016816,0.05033623936932109,-0.028508310610130583,0.04341627294330572,0.06925901511200447,0.03738435675608252,-0.08502116771746127,0.15026812358743255,0.10105244951801239,0.12000795458690672,0.024904517585855587,0.1129389321485403,0.045351084650833845,0.17505938745591523,0.11172355985115202,0.05721335422516911,0.1165242954282526,0.02093395766964815,0.09021823877105811,-0.05447702783808717,-0.060816153229094005,0.14724147959984973,-0.04629203614265499,0.06943897682222919,0.13293914830458928,0.007542204950558675,0.11697300168944305,0.1370093548006078,0.07662996870274509,0.09335936984521248,0.12635311074121108,0.08422532408184262,0.027255398026706863,0.17117484142130793,-0.00998048612667957,0.1266547511969422,0.057544904759962594,0.10040325584281169,0.07458714477428342,0.047090846069870504,0.1322663821462836,0.02893528135488826,0.10236629874074449,0.13052718400039656,0.027453102882763918,0.014656629947085418,0.04743223831116411,0.05533484135680782,0.05131582328301976,0.07075490029141433,0.09664698978554713,0.08216090095817126,0.10054716759613003,-0.05807938828953875,-0.04900165245200513,-0.02585905095485462,-0.07936146591928787,-0.056797002259440135,-0.04744237543192378,-0.020246937861615705,-0.029087581617455092,0.07395469681630466,0.08034067784496589,0.07106264539358055,0.055329528273153045,0.05480674934145522,0.041121969459310875,0.06401201845107618,0.05358875795800164,-0.032961484422474305,-0.042447511932908966,-0.026310727549031493,0.07584029276467175,0.009514198005617529,0.02661641700037712,0.008078143034169451,-0.017458992531489605,0.18320810238733984,0.211485975290676,0.25553684417880407,0.20687379303310646,0.1758873986292791,0.16824325149042688,0.256411597427162,0.2184132006018752,0.6465524278109269,0.7421037936734136,1.0,0.10581945372747978,0.21113110925267412,0.2125343702837203,0.5212641683995103,0.5623309101969095
C8 GM right dorsal horn,-0.008202299517370028,-0.005407373719728375,-0.014069475933496703,0.09426736193576843,0.023262100738379796,-0.002527595393277156,0.08890344450555647,0.03796889046715143,0.05298619422372381,0.05849874680703847,0.0032281765179330815,0.051039244122841505,-0.014492794352123348,0.003707236848491094,-0.017925967349082056,-0.013201139370852976,-0.015377466368153406,-0.01921409922045344,0.03097638014848466,-0.019517011997257167,0.027503630698920933,0.03161710278026102,0.056320162998047596,-0.06143166410376352,0.06621578272402182,0.0295645438576366,0.03383831065968941,-0.00475809673695601,0.06532755302148398,0.02577132245184825,0.030033766773604986,0.012044036780047817,-0.016927540865526162,0.05216158335314731,-0.002686157819779353,-0.007817112099967865,0.022678841962939712,0.022239679802167338,0.07917199638511332,0.046744862733637656,0.0924989419110518,0.04918751996870168,0.08565102411289191,0.06834656381754639,0.06267545122193996,0.04088633555748355,0.005890747815497542,0.000771110462122119,0.02103326454953725,0.03940613784342707,0.06192723563061752,-0.03279640445956572,0.035057386904374904,0.0016519001942542871,-0.012019592761043998,0.009224993581110067,0.011156265713128225,0.012264905654929924,0.013230119810663188,0.04486333327364729,-0.012663874042398849,0.052203338683683743,0.03304497041237073,0.0487651360045988,0.035561653858056375,0.010309895623712031,0.037532618578901535,0.02138570520116864,0.047998245266105834,0.08056472937117352,-0.050630812691872654,-0.029819052606580812,-0.027067851389991023,-0.05672826164703299,-0.02323189217631354,-0.009444134982028004,-0.04260930089245259,-0.015187464311950777,-0.12721266800232114,-0.05594834928114348,-0.14301214606181623,0.06727421455536539,0.04727131098658836,0.012867703926391664,-0.0597357441450515,-0.08415998513418002,-0.0181190368772059,-0.021784321280971224,-0.03752811603034536,0.0955035550589383,0.0635111391132191,0.06606665563724118,0.02844569488027656,-0.0019159489633265104,0.1350160869865308,0.15375962588406414,0.17874432916012967,0.1427952017747322,0.1273117700809365,0.1531931834293426,0.17074990664006123,0.20945124497824694,0.10188110679029042,0.26834027294799845,0.10581945372747978,1.0,0.6849143090471914,0.6436836086769037,0.5128558507479586,0.36127985317536193
C8 GM right intermediate zone,-0.008938220943447936,-0.021568371854286814,-0.055833971739819695,0.09133866458091973,0.0884399024742638,0.0835503986469199,0.13065508693925107,0.05284507344984593,0.024279034574662763,0.092234311062282,0.056635878688167975,0.08361732843081753,0.052949689343871315,0.03306280416687905,-0.00017626854549286018,0.0006253727999886544,-0.008480921509736635,0.016659962928938506,0.05506048780648568,0.043442036260617135,0.021797447147865093,0.040488146421666496,0.061293390769325724,-0.015401866232722135,0.06422689305572428,0.01937242446517828,0.033241942342282026,0.018914043159871878,0.08036210435587333,0.021287407773477013,0.017337542706993253,-0.004741958533767303,0.008835456019795032,0.047305147447779354,0.012206243459275387,0.03199512922854319,0.09900178917050052,0.07391526253808799,0.06208591849975462,0.07799261611269546,0.0750415883362988,0.12253022567021712,0.09966969454661323,0.1258098088603334,0.09692511386065987,0.06961878540300472,0.028191467983006473,0.022999255443939548,0.014735428870462,0.03764730358453452,0.06252261534551704,-0.044921948120489386,0.06088980041143232,0.03495655277220382,-0.019210743533291705,-0.017428907549296234,0.01771265917959879,0.06657143271575036,0.050287157316540716,0.04564063031494225,0.007404410583645541,0.03180772817449402,-0.0017041658975879717,-0.025335244609316753,-0.046495844924163664,-0.03565532291060667,-0.0521635469038184,-0.06016736653567651,-0.02024987209924248,-0.015892920523456453,-0.08766770607135548,-0.009279636169581187,0.0002269823584651704,-0.03863681001137583,-0.0008330152630043775,0.004216814147438388,-0.03702742259095875,0.006882477144091082,-0.10719004705060227,-0.0683460193750954,-0.12217737508248258,0.0017800123841546205,-0.016790028790142016,-0.04915158534077696,-0.10230353607576398,-0.09911680211199514,-0.11740388810604997,-0.11289670477558895,-0.16745220019019968,0.0328160002816654,-0.04609414253690373,-0.07672449274662069,-0.10483730522342302,-0.1417761104242491,0.03847592421572943,0.11439933675854043,0.10776561574954757,0.11949538936652342,0.15870173294994708,0.17829719492125365,0.10745947349800819,0.13475662834960753,0.08627938999002992,0.5624690277521438,0.21113110925267412,0.6849143090471914,1.0,0.8010268050836019,0.4393306466580432,0.4469942067830926
C8 GM right ventral horn,0.03077644545956567,-0.004282648984207875,-0.006373453725098391,0.10235858029270838,0.08819623963908046,0.05047498603980846,0.12792513923506194,0.038366149625690606,0.042463062093436935,0.09894196737114914,0.11456136896667543,0.07044227847945642,-0.0355608866255636,0.028538883319360442,-0.0586710041148019,0.03171562250627029,0.04280566387493094,0.09200481219905703,0.026135507305210248,0.04744349431264703,0.02598900621855689,0.04843693197698858,0.08434049533264716,0.007662768604286696,0.09307971925737944,0.062453573568069826,0.0320008500447913,0.05125385951004883,0.07838849846606538,0.054014809940258,0.08558683727108267,0.024965488529726226,0.011564596314802071,0.07711905531332698,0.07295381858878634,0.03751748920976208,0.0828983596859258,0.11289455651433619,0.08334970939013375,0.11608470801866246,0.08020051562546901,0.14828062741119596,0.08375231612096451,0.15714888342896768,0.10618450382482177,0.12497326578959292,0.014775245749354165,0.047098597958335695,0.03595025663522119,0.04072782334273054,0.03645838608236629,0.007432547122255777,0.03708218791391209,0.05604801400772806,0.0503772290291564,0.052319253172173216,0.0688656789657111,0.08606463437465256,0.06174326311490342,0.07941801878200508,0.040572883492414995,0.07304939418031982,-0.01934699103498249,0.012742522174552401,0.000736374027468415,-0.08339053704231247,-0.03924169418911295,-0.02836209009634107,-0.03802202109145828,0.015110171056743279,-0.10926814389547104,-0.06048463684871662,-0.043287448190567644,-0.05565442867902287,-0.03157156919123621,-0.020635992163372408,-0.04708640043161018,-0.022871660256937498,-0.11616143865420817,-0.06916182306927693,-0.11220547921220349,-0.016260547610048613,-0.0262242822754686,-0.04781793379797251,-0.0993298443340267,-0.08810268979426089,-0.08014799483986333,-0.0923380516344307,-0.106796973307517,0.06782210558613866,0.0019248309751807862,-0.0009739754292027721,-0.026476764534810713,-0.07528580559987617,0.06502396305174289,0.12758061835214887,0.1161653267328041,0.15567506174964035,0.18966881571431002,0.22583677663866022,0.15826504302452776,0.1780975556247841,0.091229013015719,0.38371313019566733,0.2125343702837203,0.6436836086769037,0.8010268050836019,1.0,0.4968567448567502,0.5294331944372074
C8 WM ascending,-0.098125808237812,-0.0755197348660853,-0.046186843800826036,0.07177664832873122,-0.03872658947588141,-0.10103937042443288,0.04305177992133349,0.021659174539353492,-0.12495718244981474,0.05882030662304809,0.042922565332040204,0.024267814419409114,-0.039894525877846,0.04216757723488032,-0.10735983570787375,0.014718188618595135,-0.015981712176142866,-0.09326620952135806,0.10515230467218335,-0.0029254282474290008,0.07303492109652293,0.03792747230662228,0.021986032884509326,-0.1771102429827034,0.19188879373881346,0.08030357235055102,0.1278303591990031,-0.010104483224106023,0.1818037905921939,0.042046930540355354,0.0934086693570345,0.017022259537198353,0.03237063450174726,0.0795971692825496,-0.08272738204025608,-0.0038892345486571103,-0.05880513722864989,-0.07051539473511269,0.026746704338401744,-0.034505430242088554,0.002396139761123276,0.08786204971074217,0.019711461299936263,0.08386882418166822,0.09481077035507902,0.03922430062372475,0.04924256460557646,0.10792247345097694,0.034809106185540936,0.02435920718812946,0.1439930902921918,-0.08329026391317529,0.16654588572602919,0.028516536708824414,0.03739915601427649,0.05023007992546302,0.022451073752556068,0.08063837333801563,0.09539504305230287,0.07675880624572616,0.07345409169774195,0.04562949923487506,0.13622842328969806,0.17444799384993112,0.16146220837571093,0.09696252567698738,0.14159468080621226,0.15688768068660197,0.19352590408801387,0.22075290722167037,0.007946722151461864,0.028396431717550342,0.05381262750154035,0.02250742428567876,0.06840909345235278,0.09355149104359686,0.07641318190556796,0.10093218385445812,-0.02596276594146997,0.04213764748505841,-0.027204975369945317,0.13174991345213524,0.11312833879063261,0.06735002204955584,0.028147866014529795,0.007255185759256592,-0.004787837929546267,-0.06057540671032702,-0.01694630432997909,0.145144475249094,0.03968410366828237,0.07268744816338592,0.0810201262840414,-0.010154212218838908,0.29213441052559175,0.30313843346825253,0.32183199097780324,0.26994622281599634,0.2460016226520314,0.2563729346089728,0.38065195841559313,0.34085898411445215,0.44675693323413057,0.44179430362793526,0.5212641683995103,0.5128558507479586,0.4393306466580432,0.4968567448567502,1.0,0.6816709115328292
C8 WM descending,-0.13301981476598,-0.027272363032618728,-0.12938092322474096,0.06877006000601132,-0.017104292543022148,-0.05179047796173605,0.08625406123874055,-0.01806889575085293,-0.08797211869042593,0.010424989301761674,0.03887257742576329,-0.004184114221356014,-0.060238610090895345,0.012536453547630614,-0.08245871773470259,-0.013224148264378578,-0.03763884322497028,-0.04652597742482137,0.04429307203462698,-0.04564141455465821,0.03597245630034777,0.011456126462723896,0.028811114514069758,-0.08503768810411683,0.17269599575078212,0.09481977026603386,0.07676215387139557,0.008009650520867972,0.1396922897600427,0.059178892604945625,0.06960720941806833,0.0010164172781895104,0.004206713663212648,0.09399970991647508,-0.11995895080691155,0.031095866062928197,0.0246910070712189,0.004555876602481902,0.010079031287341859,-0.03730485908744891,0.016756262086854264,0.016196554191688167,-0.03159267278103211,0.06338540663635138,0.051121328481137505,0.021740144729992555,-0.02689248888006935,0.06453960864641049,0.022033109630778827,-0.011689635860839449,0.11266241113882393,-0.09841715145935191,0.07995692431769458,0.04400087834991101,0.06106415883442356,0.05616881240324706,0.05464205910316745,0.06907760431440839,0.09857806061642925,0.05612629842298715,0.08606965423868079,0.05225425038018568,0.2035698938329741,0.23920151118493851,0.22586053953761107,0.24458903863081155,0.2832359039186565,0.3082176296993689,0.29061809509068004,0.30779128578378673,0.06862794865327733,0.06784814656120872,0.10104549653898481,0.030662559377128976,0.05996287245831104,0.06854781618459731,0.09875399095750066,0.09618243327125844,-0.0757881138923747,-0.003174061463700987,-0.058718363619235665,0.09938818313751512,0.08348289426964985,0.04274536699042648,-0.011995924946426697,-0.025525428035001733,0.045976997915898814,-0.03818015785553458,0.04472814572355563,0.1467948251317587,0.03100612322686529,0.06194795563405818,0.07838093728365254,0.003803762498923976,0.20914757652708335,0.23298950810064264,0.23748377294975642,0.2372518536442245,0.22430506626901806,0.23057890941227815,0.2506050820425429,0.25308397025120755,0.29235957254133765,0.4673199174784518,0.5623309101969095,0.36127985317536193,0.4469942067830926,0.5294331944372074,0.6816709115328292,1.0
