,7Networks_LH_SomMot_8,7Networks_LH_SomMot_9,7Networks_LH_SomMot_10,7Networks_LH_SomMot_11,7Networks_LH_SomMot_12,7Networks_LH_SomMot_13,7Networks_LH_SomMot_14,7Networks_LH_SomMot_15,7Networks_LH_SomMot_16,7Networks_LH_SomMot_17,7Networks_LH_SomMot_18,7Networks_LH_SomMot_19,7Networks_LH_SomMot_20,7Networks_LH_SomMot_21,7Networks_LH_SomMot_22,7Networks_LH_SomMot_23,7Networks_LH_SomMot_24,7Networks_LH_SomMot_25,7Networks_LH_SomMot_26,7Networks_LH_SomMot_27,7Networks_LH_SomMot_28,7Networks_LH_SomMot_29,7Networks_LH_SomMot_30,7Networks_LH_SomMot_31,7Networks_LH_SomMot_32,7Networks_LH_SomMot_33,7Networks_LH_SomMot_34,7Networks_LH_SomMot_35,7Networks_LH_SomMot_36,7Networks_LH_SomMot_37,7Networks_RH_SomMot_9,7Networks_RH_SomMot_10,7Networks_RH_SomMot_11,7Networks_RH_SomMot_12,7Networks_RH_SomMot_13,7Networks_RH_SomMot_14,7Networks_RH_SomMot_15,7Networks_RH_SomMot_16,7Networks_RH_SomMot_17,7Networks_RH_SomMot_18,7Networks_RH_SomMot_19,7Networks_RH_SomMot_20,7Networks_RH_SomMot_21,7Networks_RH_SomMot_22,7Networks_RH_SomMot_23,7Networks_RH_SomMot_24,7Networks_RH_SomMot_25,7Networks_RH_SomMot_26,7Networks_RH_SomMot_27,7Networks_RH_SomMot_28,7Networks_RH_SomMot_29,7Networks_RH_SomMot_30,7Networks_RH_SomMot_31,7Networks_RH_SomMot_32,7Networks_RH_SomMot_33,7Networks_RH_SomMot_34,7Networks_RH_SomMot_35,7Networks_RH_SomMot_36,7Networks_RH_SomMot_37,7Networks_RH_SomMot_38,7Networks_RH_SomMot_39,7Networks_RH_SomMot_40,C3 GM left dorsal horn,C3 GM left intermediate zone,C3 GM left ventral horn,C3 GM right dorsal horn,C3 GM right intermediate zone,C3 GM right ventral horn,C3 WM ascending,C3 WM descending,C4 GM left dorsal horn,C4 GM left intermediate zone,C4 GM left ventral horn,C4 GM right dorsal horn,C4 GM right intermediate zone,C4 GM right ventral horn,C4 WM ascending,C4 WM descending,C5 GM left dorsal horn,C5 GM left intermediate zone,C5 GM left ventral horn,C5 GM right dorsal horn,C5 GM right intermediate zone,C5 GM right ventral horn,C5 WM ascending,C5 WM descending,C6 GM left dorsal horn,C6 GM left intermediate zone,C6 GM left ventral horn,C6 GM right dorsal horn,C6 GM right intermediate zone,C6 GM right ventral horn,C6 WM ascending,C6 WM descending,C7 GM left dorsal horn,C7 GM left intermediate zone,C7 GM left ventral horn,C7 GM right dorsal horn,C7 GM right intermediate zone,C7 GM right ventral horn,C7 WM ascending,C7 WM descending,C8 GM left dorsal horn,C8 GM left intermediate zone,C8 GM left ventral horn,C8 GM right dorsal horn,C8 GM right intermediate zone,C8 GM right ventral horn,C8 WM ascending,C8 WM descending
7Networks_LH_SomMot_8,1.0,0.6785143862083405,0.7315700590425838,0.686335016046616,0.6129481947279289,0.5245442994789951,0.6225389684298307,0.6772886307150745,0.5015034240768426,0.5569070036388312,0.598297394761254,0.5642414411834475,0.576434796097564,0.5409532684853889,0.5364290490571797,0.31874232134286307,0.515429455393499,0.5735144035548613,0.5997231312053893,0.5525787971047315,0.4886071582468548,0.46689028895288825,0.5500240663355089,0.5093612656052845,0.5667443600714682,0.5745980203015633,0.4361405441806311,0.5025980745625098,0.5049183148578783,0.4936868185894285,0.6201932235018334,0.6497309090059337,0.5937050498078025,0.6829086515037717,0.6288666179817206,0.6287008620356513,0.5878331141753103,0.6665959646561334,0.628618623108241,0.6029173037850502,0.6006173915285035,0.431800801357356,0.48872244295166123,0.5035856062666638,0.5757111023081519,0.6214641519610747,0.5388541813565265,0.3902925405037368,0.569261106116572,0.5859841550563271,0.4853823622198406,0.5653959370368822,0.5619481081344535,0.5565974128582859,0.25132220876032263,0.3405359031614391,0.4858063469030941,0.35371827435274766,0.5779011444367802,0.5708870786329115,0.35735679138773724,0.5612253110540731,0.10352126846639945,0.0020838285656430183,-0.011923899640517432,-0.028349203106546143,-0.036637813281732094,-0.053509890492525344,0.016725514329033637,-0.04193033806974031,0.1086616993566947,0.07613525841761104,0.02981733307630852,0.1263384713941006,0.10773586843997784,0.08758249433001414,0.12692254427348207,0.09056281085076898,0.09242687319375793,0.048460639248909566,0.026687815614414377,-0.021260933434635008,-0.003434622435134259,-0.006873975081924718,0.07140745321673185,0.062455659227887574,0.0885866374973601,0.01534598164845439,0.002457459425709365,0.04095914653473124,0.05512757317032773,0.09121354762469235,0.11785018802424604,0.1025219837472847,-0.03187667528785538,0.043432350898072423,0.015907539806864344,0.08421269919738002,0.10745000906790352,0.11378249922935701,0.0852679885311844,0.15498548009136107,0.07848119617687993,0.10011766161335857,0.06072116048568468,0.0840455661266933,0.11816428382956669,0.13145152885021102,0.11037905724622868,0.10199797003681622
7Networks_LH_SomMot_9,0.6785143862083405,1.0,0.7213092483764127,0.7089540359968453,0.7584142105748569,0.5296354754225114,0.6554815948241963,0.7076125775800493,0.5867032232754167,0.6192943373911864,0.6993252206017607,0.6381107457486868,0.7005206883845293,0.59619389373701,0.5711742208718994,0.39443778897176696,0.6269303953266459,0.688687284893365,0.7428201775605257,0.6748645187219647,0.6154813662028302,0.5983566660585258,0.601302524483707,0.607679129597669,0.737402367928957,0.7090489465242138,0.45426952692407724,0.603478084383019,0.6082908640326478,0.5876675893682701,0.6603268845838689,0.7400226664432293,0.5741699146390058,0.819364668103979,0.6756618438666269,0.7405854891882011,0.6322140787405427,0.7788055655269603,0.6816264298682752,0.6119598024788213,0.6439454699562273,0.45117173088453133,0.5662304509095285,0.5232037621920288,0.6529637458866151,0.7415648511223547,0.6804829041708735,0.4760738260905352,0.7171849172629967,0.7340806362185633,0.6392670187136837,0.695448785763754,0.6362808565671171,0.6822562373963338,0.2658634262010847,0.3290615323358629,0.5340908357672363,0.4139323846379243,0.7178273181440751,0.7273602065820647,0.4042505518075818,0.7070970815037009,0.04713909486198728,0.03812170309777144,0.04379403504486423,-0.023502721388023624,-0.014831171689955673,-0.016244513728123283,0.030154430642258683,-0.005406988001230286,0.07029761398040871,0.009584352511785778,-0.015914514525843266,0.03726369813595056,0.015744780109658532,0.019157564437235833,0.08073734725795544,0.044627305078807536,0.0749907941120812,0.062271356073603075,0.01887822151844573,-0.06619469915675154,-0.02396539532569186,-0.041379301249129474,0.060014198109230504,0.04927968384608394,0.10354960790532375,0.05965106503811851,0.057881488318843,0.0815241206179301,0.08440557760092578,0.11624784517296258,0.16153551023992077,0.1568411383708314,-0.024130754387703117,0.04675289611986705,0.021975779219475664,0.13566873153104883,0.12505811369242592,0.18559602166944436,0.14694885893815415,0.15675714077510686,0.006634722680507356,0.07513094217323725,0.04361353800169766,0.0895544227412045,0.10478826557615192,0.14254771309667436,0.0837776433874856,0.06773375550530672
7Networks_LH_SomMot_10,0.7315700590425838,0.7213092483764127,1.0,0.6971302373191302,0.6905882963811096,0.5664299725660508,0.6527915840445093,0.7399721776407607,0.5949885127041641,0.6521472742843484,0.6629685532172713,0.6604253642406174,0.6823515820031919,0.6356504638790047,0.6154246465431684,0.43345693891206805,0.6236805630939215,0.632768846150756,0.7212238543185825,0.657554604835445,0.6275597703381551,0.6277433510336133,0.6619170725318123,0.6316181931518172,0.648530569992792,0.6619190513779971,0.5016882410314473,0.616296859536148,0.5727158679703662,0.5977448308955812,0.6771788636695325,0.6766537169799445,0.5467926904763695,0.7071382211706366,0.6939642510570597,0.6576896359971983,0.6231752004889439,0.708824767366173,0.6918004597794519,0.653206929846432,0.693105263761472,0.43861949931068595,0.6071311677096788,0.5498897150082837,0.676528091379348,0.6884410838451747,0.6627946837065662,0.4965122610872583,0.6643014236446075,0.6468247024123148,0.5997228889121413,0.6702064284297573,0.6437160803129379,0.5990461058352475,0.31271913759653075,0.43224734742176285,0.5721798670049096,0.3686321389745783,0.6226376020241134,0.6362167681565568,0.43139151756138894,0.603816670451171,0.12645268254001474,0.03907506994676881,0.011765029838897186,0.0327437704081107,-0.013167228515661523,-0.05004314072328782,0.039331531504916965,-0.029430850647587464,0.04300574372047174,0.010428031698364324,-0.021057835869837956,0.06026893526889887,0.05963802628648765,0.04316981063276944,0.0758261385161226,0.02866717291066622,0.05712715505588153,0.009362875095756083,-0.005252545178603752,-0.059785474585683326,-0.04370895379765847,-0.04103930619501274,0.04714358972514427,0.020852021296844696,0.08758173056029521,0.010071379274123783,-0.0035799522369926217,-0.008328931278690945,0.01176173896390699,0.06325074932985061,0.08702733707115012,0.10050251110342895,0.01697996626905629,0.05370688459642042,0.026108577942050386,0.13607521499991268,0.16333435951445568,0.19224262237643702,0.13597838475196103,0.18966129006321886,0.03397955975600933,0.0964992793600244,0.07506001204900593,0.044152997249506734,0.10943458986376063,0.11861739753438995,0.094756153614079,0.10718889328682135
7Networks_LH_SomMot_11,0.686335016046616,0.7089540359968453,0.6971302373191302,1.0,0.7390677702207937,0.6226528159242029,0.6590517796824975,0.6966753928781402,0.5788357722877392,0.6469692500082205,0.6453518150073603,0.6117929035733309,0.661405892395019,0.5739816569559609,0.5994717492393072,0.4138641108522132,0.5873816250499299,0.6225674030256716,0.7037939686377629,0.625498578580815,0.5847293636169889,0.5852824297154978,0.5818466238924482,0.5756045997643952,0.6301817172763573,0.6316228825593083,0.4243405332618734,0.5542468190908721,0.5299168898897835,0.5487303376416617,0.6503425602140995,0.6582233609725986,0.5096423332287466,0.6992754335071948,0.6222540897238129,0.6245447255780073,0.6406170533487527,0.7299274933940454,0.6401238173850256,0.6175201171243979,0.6283074922024532,0.46588901633607066,0.58605659825471,0.5314967705596372,0.6415420506698697,0.6505137581449936,0.6291638115334893,0.5007081889324279,0.6374670041847353,0.6115035887719027,0.583806116697518,0.6186721382672525,0.5939225418625019,0.5850438859207421,0.26906219153609184,0.3637373284941924,0.5189010986305124,0.34786143914274154,0.6151177486206753,0.6230309077127988,0.40137182683870165,0.6049054617447273,0.04030462719807123,-0.00597279837523205,-0.01173527432502328,-0.023701666715764007,-0.025460766332988157,-0.01497542049997584,0.01908846492424997,-0.013542068064974764,0.06961586962335925,0.06650921941426448,0.03716956440084108,0.02150800373862294,0.020609170523333192,0.0072347795637903315,0.07760355430656166,0.07086346757859795,0.08749408793643623,0.062415656041459974,0.06457630075143547,-0.07056693456424683,-0.03355443532014418,-0.038754575255570085,0.08915032757221916,0.09347307342543824,0.06799092691731473,0.012496615232420367,0.01845337177967207,0.04784783234701912,0.04876975872439032,0.09416706603488953,0.13989576793158862,0.11157313297601788,-0.04835394921681782,-0.008454010960537713,-0.003657127787150425,0.155519844235226,0.1437630913764028,0.17621517362985073,0.13689262470716296,0.13959549752272948,0.050642799111529906,0.05892432126790942,0.04828992161145602,0.06876434655123696,0.051510613475234814,0.11123175859124604,0.09641651116272151,0.07789880965635393
7Networks_LH_SomMot_12,0.6129481947279289,0.7584142105748569,0.6905882963811096,0.7390677702207937,1.0,0.69240680580233,0.741172380792653,0.715920677384676,0.6918613769732725,0.6494757880571252,0.7101575805850883,0.6774719866764736,0.7080398322991421,0.5855111487461879,0.5896861289195126,0.44614764316289807,0.6218914998976367,0.7012779947003448,0.7353953738129777,0.5986520125596992,0.6041647439080456,0.5991605670880756,0.6171456395746162,0.6098910609142146,0.7028666045441987,0.7142262473957742,0.47348940663487266,0.5949147774350844,0.626733962231285,0.6170958087105763,0.6255650753975631,0.6247408703783913,0.48004915075352567,0.7462983795075934,0.6201950544931297,0.6490356448811887,0.6947361222465774,0.781999312198729,0.7109819474481733,0.7083962459231401,0.6518944770371937,0.4799285125622111,0.6564688692957609,0.5780851814750599,0.6769357068446483,0.6948308446731251,0.6945388247590377,0.5029445685248102,0.6697112974666735,0.6596263871754874,0.6281944776155399,0.6818699318470588,0.6030767386121787,0.6369460003131504,0.2918227362268529,0.3810592249563418,0.5227068890201764,0.3604131240374357,0.6359397106653846,0.6978998197869286,0.40151338484067367,0.657800291806094,0.049974615502462086,0.0008881722894567721,0.006954650436564969,-0.035385937378291474,-0.0363343207206679,-0.04878012409801502,-0.004578218083249768,-0.03190949135971771,0.07057444438737853,0.06770676088314828,0.051900219400948314,0.038958923965989836,0.04436724056524431,0.02862353645087565,0.07453503594749432,0.0690933408895457,0.09021969806950486,0.06138792371516777,0.05432177590753086,-0.05145383337441887,-0.028122419014361133,-0.04643447841335536,0.0674393351448498,0.06632767127286736,0.13732973350898095,0.0841440218610534,0.08226584847603513,0.08291851288140517,0.08569674616265507,0.11301547097705679,0.19422403834461044,0.1482059237557655,-0.04763298810907786,-0.020090120715986193,-0.03271508755553,0.14079130534685594,0.13022323100981006,0.1747034420941058,0.12642940719270834,0.15229631254542805,0.02110088081819546,0.026218766029185218,0.03206389338565271,0.04152675204904078,0.032182469085571604,0.0739203649396524,0.08008629430728084,0.05049703745310919
7Networks_LH_SomMot_13,0.5245442994789951,0.5296354754225114,0.5664299725660508,0.6226528159242029,0.69240680580233,1.0,0.6270712676478251,0.6095135441870212,0.7514066327438104,0.6164873132313491,0.5986408021427665,0.6393906535546874,0.7049094068834251,0.60048936236322,0.5765682299253307,0.46199394652804404,0.5766598543062729,0.5238852234679757,0.6800655203483276,0.5412097396824519,0.5950107472255731,0.6033947086564447,0.5656468046216424,0.611315412278817,0.5667365978500057,0.6147266950734069,0.4212794194246993,0.6135363306220437,0.5409427848084639,0.6019507024320345,0.5021025593521556,0.47387295413233504,0.34575059013073595,0.4945411891621787,0.5009241752835911,0.37566012044054414,0.4624205769338339,0.6025191590781608,0.5690971191259699,0.6527552425523108,0.553010732553379,0.35083855837469713,0.6461239388988512,0.5802446064144108,0.6568428484366421,0.5485707590253294,0.6474977827963786,0.5417092343099913,0.5797758122446813,0.49247702388286807,0.6060717137328681,0.5712894437522896,0.49328948945720935,0.5280935320039142,0.33095625308440624,0.5244491069526426,0.5300005953858016,0.1949689283007521,0.47814754166742623,0.5687522456419332,0.36990301976188017,0.5107398805988744,0.12310840482786076,0.08503553998342098,0.07143853132460176,0.02703630164890406,0.06293718548023496,0.044744581782957996,0.0674377827028086,0.06653943422820044,-0.027976406503699702,0.04680521042403318,0.05357181721905439,-0.05637870875227406,-0.02143361403409759,-0.04004320692828118,-0.013749704932865986,0.02335848452857662,0.09680281726889599,0.045933895989867864,0.04866747592282759,0.04620490806685482,0.03467146806589658,0.02688433395350945,0.07760179883773863,0.07270527733515052,0.1509859192061003,0.07983232191276028,0.07169299002389377,0.07987863493174333,0.08488902576096391,0.12485798652598673,0.19224561873373885,0.1490742834332275,-0.044209896189456914,-0.01916826067830294,-0.03051133161057595,0.16458588787037362,0.14914431093722832,0.14930618948127294,0.15339616516934415,0.12075077204552531,0.07545707423851351,0.010639893789465728,0.015416686231745849,0.09794187644042532,0.033241063336179204,0.12018421800298597,0.1020286294119689,0.07525582170456703
7Networks_LH_SomMot_14,0.6225389684298307,0.6554815948241963,0.6527915840445093,0.6590517796824975,0.741172380792653,0.6270712676478251,1.0,0.7277409730372788,0.7059117044273945,0.714207750139305,0.736884082834781,0.7090143175470963,0.740584593813282,0.5677967424727031,0.6482688090446777,0.45918886866720726,0.6970241056333791,0.6633903524673441,0.7476089153648672,0.6085628250522136,0.6691260513988951,0.6255616114279072,0.6424572818611419,0.6815257814397111,0.7280673416185773,0.7628759817814437,0.4907440770438382,0.6790842879126375,0.6603105799966434,0.6787676272818823,0.6943379281263508,0.6545100132217018,0.5073714994867495,0.7138905775960731,0.6120003825847659,0.6441828757840978,0.6181689471090086,0.8017291128228263,0.6837108917765464,0.7639894711588529,0.7101139556163794,0.5126792670931153,0.6872774451433077,0.6676486051530824,0.6966959846947273,0.7092279946798197,0.717032138007868,0.5406222771396448,0.7301842974508548,0.6785742015611033,0.6859766270909262,0.7526810153138026,0.6550608651598189,0.6985889109178528,0.4059577701044837,0.5190974642568273,0.6431390831338523,0.3326360796318971,0.6529583966869705,0.7295213969977946,0.45526181872344884,0.7003683093773183,0.13334459407687213,0.1191292636053766,0.1135792051865217,0.05151995869834597,0.06084653869523486,0.03253638477080639,0.09193406996912293,0.0660646575406321,0.043684966911427106,0.06893692642367397,0.040750446994893164,0.042359287389478154,0.025081320462748663,0.009358681181245323,0.06189637807491862,0.05911254702338952,0.061098874781087185,-0.0070700432579276365,-0.0008860015028431778,-0.006048118055912941,-0.03256156836938835,-0.02630740958313336,0.0741735174018149,0.03450462116470093,0.16689227430496162,0.08622575987503624,0.060663180268751275,0.14173990747234005,0.13139629466226665,0.18123486469338282,0.23958560675369292,0.18121591407610005,0.022783171516060477,0.033151040881641024,0.02221650196936804,0.11259705511381585,0.10131264350754221,0.16694216770165002,0.16068880097656132,0.17241428350606705,0.1041761461122015,0.0536769986364214,0.0918449493817953,0.06227964844557477,-0.014140590833805212,0.008762293266432922,0.08564187425679037,-0.017661033388845723
7Networks_LH_SomMot_15,0.6772886307150745,0.7076125775800493,0.7399721776407607,0.6966753928781402,0.715920677384676,0.6095135441870212,0.7277409730372788,1.0,0.6815221723505416,0.7916433415783534,0.7599066700364759,0.7163959860489799,0.755793357137043,0.7268379225135321,0.6874206014445059,0.44182143333674223,0.6825866160680504,0.7084098906871451,0.7717191365325781,0.7335193743157016,0.6696907021817505,0.6478996447918032,0.7050514316745844,0.7036874667004426,0.6943166696961339,0.7498313762526608,0.5567702347393058,0.6799943037987719,0.6140515150844427,0.7019206464716613,0.6480555970921809,0.6899485553693254,0.5149717931677805,0.7316804680519277,0.6649282899834622,0.6564302785073738,0.6826384827408507,0.7913029767060984,0.7948370219932294,0.7529876660441468,0.8035338025962658,0.5007497680558599,0.6940229034819836,0.6508908524542478,0.7898993857822207,0.7659251480307634,0.7482573274266926,0.5675410065292666,0.7070520862895264,0.7016207729022166,0.6780178085245174,0.7258809350785401,0.7584566942253245,0.6706077726908953,0.41671221663938085,0.5074048792668551,0.6057956012233642,0.5024351318597748,0.6864112060140887,0.7123861349524672,0.5538871255938927,0.6566627988989732,0.13024252758778762,0.06870081958188506,0.05243118891368261,0.029346589022627868,0.032360082354286154,0.02738799760397909,0.07636346884821489,0.041617651935283675,0.052002889520380444,0.03299085393169358,-0.02347108217852824,0.048432036494581374,0.06594859942677214,0.052378555098785994,0.05804486294636216,0.03963519990181991,0.05002474436572965,0.026000982837723383,-0.0021913282893473067,-0.032386691534023224,-0.032167099735537504,-0.03614789856071347,0.06999808043668639,0.058693637219168746,0.14779004814036756,0.0713387431774246,0.057445268612393685,0.0895754454929116,0.09066668852284615,0.13162507118349753,0.19853820924205062,0.15053569342077533,-0.006721882443128667,0.03380860500438844,0.011830461458499695,0.12139042581867578,0.11642471517621941,0.17191579387801778,0.16694330481926417,0.15498243469453177,0.13128217528657488,0.11690891820319617,0.13446142901564065,0.10679845405858619,0.06552752207296006,0.10042993422067957,0.15098132196606712,0.07624220999629028
7Networks_LH_SomMot_16,0.5015034240768426,0.5867032232754167,0.5949885127041641,0.5788357722877392,0.6918613769732725,0.7514066327438104,0.7059117044273945,0.6815221723505416,1.0,0.7326763471186629,0.7020599490269553,0.8056507896365831,0.8156854905935017,0.6192577754151142,0.7056007204122908,0.5134645891537493,0.7613176950915648,0.7111810627916988,0.7926324066318753,0.6377697586807076,0.7174842391678197,0.6918595931869791,0.7452279039105908,0.7728936989878322,0.6272772085054431,0.7668961615291584,0.5800466049719297,0.740080574674165,0.600659340608235,0.788285353316439,0.528029561206851,0.5403029485418575,0.35564925666492575,0.5234264681411313,0.5460470286272492,0.44982627452697477,0.5609700203935526,0.6998460964255527,0.640488068715059,0.7946538001381014,0.6612866071702996,0.42965851718497255,0.7881498383580289,0.7377344423820614,0.7602856138650772,0.6350841419388501,0.8136636184756226,0.6705655403084815,0.6871853316172855,0.5385089216374089,0.6877862398977663,0.7332068332046086,0.6591938900138787,0.5870843896803651,0.46466267275665607,0.636410886240668,0.6104894709639764,0.3191574115516615,0.5036376866388105,0.6772288952624603,0.5647823089909317,0.5494732176938358,0.14324743113093294,0.14342424535164858,0.13951137935122856,0.043242997941470226,0.09657231882000282,0.07867482203461529,0.10549484275509056,0.12822042424604457,0.01629135866589026,0.08170006912298731,0.08499052179375655,-0.022561582656111485,0.010086263411587899,0.013438777523694588,0.03109686726175286,0.07206443826164166,0.06852596013890294,0.017350402833635387,0.028915724946740412,0.018774152405866964,-0.002692958962927861,-0.006185767702564959,0.07182268783068389,0.05161924015162381,0.16920922053711288,0.1310064260657502,0.09155115083620238,0.19096706858629287,0.19547287155468313,0.23036600150868672,0.23812016115386475,0.2066386236865639,0.0063245024171076645,0.013250628116035768,0.013257443657766233,0.1983004366174961,0.16691580235545464,0.19452308199030385,0.17410289488549419,0.14116335507566324,0.08045979883004026,-0.01802518374504438,0.038867440670514994,0.040624843390876894,-0.05441402898954916,0.059335458092159454,0.06197468988753897,-0.011777137471270504
7Networks_LH_SomMot_17,0.5569070036388312,0.6192943373911864,0.6521472742843484,0.6469692500082205,0.6494757880571252,0.6164873132313491,0.714207750139305,0.7916433415783534,0.7326763471186629,1.0,0.7272268737238115,0.7480481230630008,0.7631886159538349,0.6341916634510479,0.6866087616455516,0.4676793317936098,0.7023259926508938,0.7033788787912703,0.7663594573164827,0.6879421663279511,0.676455185820433,0.651961991917897,0.6993056293204442,0.712912471885888,0.6811475530687918,0.7472286631000999,0.5455930911701751,0.693816856193262,0.5942084610150545,0.7124706372439487,0.604923040382117,0.6095888800132037,0.4637403031023192,0.6566275691959179,0.5712424139577709,0.5577058440491682,0.6509275249546285,0.7258083938911545,0.6729467483192484,0.7382996752320629,0.734520213887544,0.4622276358233288,0.7083873194191841,0.680234907588152,0.7411732271590434,0.7245783411817706,0.7514591242929056,0.618757823047381,0.6989683021232386,0.6454361975745336,0.6968544590931393,0.7201022699316345,0.7420221590642038,0.6509052313964181,0.44969491885492435,0.5403648972459711,0.5993518742815793,0.4336130789307826,0.614244601217409,0.6773074732569039,0.5059326088617353,0.6225226841221706,0.10225117264287893,0.12332130484095061,0.11418424294582133,0.05523894131418824,0.08775953930425398,0.07215473726994166,0.07634572937359412,0.09344167614484739,0.03799677862063907,0.06437026787588906,0.013446711266125925,0.010204446346477722,0.037583193192705845,0.030828710457600793,0.03849910602283397,0.044349298270539544,0.0629241044072064,0.02732388300087297,0.03185399023795535,-0.006820591392853965,-0.02106679560048519,-0.020288596774587626,0.10073241783293602,0.06528418308361063,0.1064435495072507,0.04336278255432944,0.028401314340305975,0.11138637311822155,0.09266270659484264,0.142129521853838,0.1949927010519108,0.1474566853300386,-0.024718982427513626,0.00157088059371747,0.004168276281301683,0.19360297872162482,0.166525072189806,0.20218302543243954,0.20278946459810723,0.15662933183832606,0.14154373991668276,0.08323557666482508,0.09533642969894121,0.087733123727507,0.04309549973250232,0.08917482622697126,0.12647301472165168,0.027161436995443305
7Networks_LH_SomMot_18,0.598297394761254,0.6993252206017607,0.6629685532172713,0.6453518150073603,0.7101575805850883,0.5986408021427665,0.736884082834781,0.7599066700364759,0.7020599490269553,0.7272268737238115,1.0,0.7358233132614804,0.7382992132453585,0.5830679718376878,0.7065189061786985,0.5112333666418712,0.8243522906761157,0.8055793043256119,0.7879995043838965,0.6807035389344989,0.7274951410546776,0.6960999370973243,0.7425070106936158,0.7535362394992956,0.7562042335542074,0.8305088404451204,0.5580283687860838,0.7543253554345813,0.6904153628208552,0.7612028196675005,0.6165329992700391,0.6793808782444601,0.48388885084375566,0.6862277335105915,0.6413301525717015,0.6237748825297439,0.6380979848200594,0.7778402232037558,0.6819496062822109,0.7182421103088034,0.706629098859412,0.5323400501877104,0.7067682052498211,0.6542249772185031,0.7304961107450656,0.8127889913871985,0.7924078538981636,0.591697402395315,0.7685089546494256,0.7277222986970221,0.7476145698617739,0.8292959282239478,0.6991061364177005,0.7359680695448337,0.4053851276122822,0.510607680207162,0.6284021119532912,0.43463058148966593,0.6725640546783807,0.7673441355766912,0.5242755485632041,0.7220875043751122,0.17148745107411445,0.09817751066208923,0.09848176402172591,0.025929455890110937,0.026451568091310926,0.012026863397377914,0.06905940176320259,0.05732911667152065,0.12127173961805235,0.10130399452852631,0.0511564794289173,0.07139957172271963,0.06849626122132448,0.06550727636987562,0.11999438707932915,0.09111200851956018,0.030338579466249366,-0.0139559954305554,0.001007444152145481,-0.009855459542827743,-0.05578910510850033,-0.05122034597748857,0.0807190038739399,0.023950164812249805,0.1676125909636268,0.10239470825319273,0.08541725587761377,0.17123945083730918,0.17224262653526215,0.2213807229276299,0.2589684563714632,0.2375548238265683,0.027891968581767724,0.0744788852839702,0.0622086361945459,0.18303506774650694,0.17047981425558728,0.22193182932405528,0.22131057633824125,0.20530333035620374,0.06520082196771874,0.035688446231446194,0.05016436146793769,0.09095713488796531,0.04073717791000872,0.1002728841025309,0.06914480236717954,0.009188183922342214
7Networks_LH_SomMot_19,0.5642414411834475,0.6381107457486868,0.6604253642406174,0.6117929035733309,0.6774719866764736,0.6393906535546874,0.7090143175470963,0.7163959860489799,0.8056507896365831,0.7480481230630008,0.7358233132614804,1.0,0.8484963007987789,0.6240917662357518,0.7573485128059726,0.5259303787895344,0.7661569547037097,0.7420574652562477,0.8301178440850523,0.7129749133524298,0.746615662935872,0.7178191456540246,0.7540157935807051,0.7583403086457525,0.712057412596353,0.7794037153441893,0.6167965123712316,0.7383367469006004,0.6756652071567246,0.7624111654630801,0.5990311092155158,0.6616415555737638,0.4555382682186281,0.6192502883579967,0.6134073071417331,0.5515438279424585,0.6242478559185293,0.7590790252943033,0.6564406686237403,0.7649983378638823,0.6744185360419319,0.45937803120838167,0.7605974706709685,0.7335553398615245,0.7682228934976643,0.7058718573361624,0.8097739209963737,0.7193431805471902,0.7424783496519829,0.6578638576096996,0.7131817112303479,0.7639572848494701,0.7092927414876721,0.6736563351919267,0.4551342730613468,0.6065387833840458,0.6710504875605237,0.41060391285733244,0.6137957865367265,0.7112812596611974,0.5757447113801263,0.6547261217973994,0.09790471801380998,0.0907705288574714,0.09965477326411383,0.03209102517953749,0.04636749991830461,0.0402670377248232,0.06024313330930277,0.08075774477782362,0.013168089190775948,0.047273786496586714,0.010795449901545087,0.0015943037755859982,0.0479713179317271,0.05020877908627549,0.035865830889309495,0.05024700437061273,0.09209904597434806,0.03946752313931057,0.04644507422729289,-0.02542209115415968,-0.03781463195935009,-0.058309980357255674,0.09233501290670126,0.0561644065506578,0.21257772398225527,0.14407894802528567,0.13776557181739438,0.17715115148036967,0.1690970276331372,0.2018393329354518,0.28439948904081763,0.2399640686789374,0.05654247118996683,0.03206129466306975,0.03652921691991963,0.15914185933974784,0.12979107311275417,0.19156434803857078,0.2006989368034571,0.1487326778705684,0.07909232783266426,0.022950791472306765,0.05359110537939561,0.059688442988625086,-0.007200988687909986,0.07640233625720505,0.07039952325011667,0.015442416098375225
7Networks_LH_SomMot_20,0.576434796097564,0.7005206883845293,0.6823515820031919,0.661405892395019,0.7080398322991421,0.7049094068834251,0.740584593813282,0.755793357137043,0.8156854905935017,0.7631886159538349,0.7382992132453585,0.8484963007987789,1.0,0.7135134910941706,0.7580365231283155,0.5488607678145491,0.7465718627087334,0.7198892234270278,0.8853655410021729,0.7398046135127425,0.7830393975540417,0.7663924202628791,0.751230972384739,0.783506066964864,0.8059453320959067,0.8089759612346893,0.6114148131429932,0.7565232514159851,0.736205476287018,0.7660693449187033,0.6449475455116318,0.6774808977473397,0.4630143696556134,0.6990746343299745,0.6481447166643378,0.605661995601321,0.5831548253187235,0.7794735713815666,0.6658830317506296,0.7524923780638056,0.6547080234191247,0.4757294874815502,0.7481976092813015,0.70290707102195,0.7834540914671713,0.7681595496523744,0.8080970843424417,0.7247457621127085,0.8174119454137845,0.7352067546474039,0.7740007698460141,0.7726314209444978,0.7074488908566862,0.7679723629794706,0.4437352834216799,0.620738181203258,0.7258803055728067,0.3830742425125505,0.6993114149658597,0.7687387862201923,0.5259047405910974,0.7563557126596707,0.137964520811052,0.13228195037117155,0.14126056921062155,0.10805458474731647,0.09360783597330756,0.08032351456179698,0.12265596524849891,0.12136479933263891,0.0418581596020124,0.054929990351981865,0.05317117477143045,0.015571062644580103,0.031075864391062094,0.04198121815186823,0.07396354020527646,0.08270375173083148,0.08818113054455992,0.01728831126781887,0.01180121931491241,-0.013972340029412899,-0.03495796654924383,-0.04806008465278669,0.07887003358501525,0.023272676111789806,0.17959859478638568,0.1188852855712137,0.10090706384004809,0.16657949097958322,0.16454806206393827,0.20635712598428313,0.25935742146370233,0.21993994099047043,0.029476426115835386,0.04583157642480942,0.03947235999631098,0.1784176580079858,0.13919786157615258,0.18896625806161807,0.19673515415392367,0.1535374896702855,0.11013726324010688,0.06117024439190917,0.0732036557393663,0.026912632170125933,0.009971943682474034,0.06017372298244486,0.0713554836969385,0.030559549096624408
7Networks_LH_SomMot_21,0.5409532684853889,0.59619389373701,0.6356504638790047,0.5739816569559609,0.5855111487461879,0.60048936236322,0.5677967424727031,0.7268379225135321,0.6192577754151142,0.6341916634510479,0.5830679718376878,0.6240917662357518,0.7135134910941706,1.0,0.631935519528597,0.4446655683037947,0.5716593501330247,0.5439708982582091,0.7246159097596818,0.7866124439332179,0.6791103081041819,0.667614929062314,0.6810546719316817,0.628691557260719,0.6437060868564211,0.6079412727336169,0.4987466381111982,0.6438319467907149,0.6094857823486987,0.635164333027652,0.5597069207368869,0.5581120012301992,0.4037960727575948,0.5881174213062653,0.5688569741286643,0.4741881412618174,0.49967338855175997,0.5878421390806639,0.681513025904781,0.6101450804253392,0.6376877404662512,0.41820606269577487,0.5972736822698661,0.5631774777901938,0.7110563024774806,0.6370820009409663,0.6584919989632774,0.5874190798961467,0.6368312540716146,0.6523339777629926,0.6318860533771302,0.5841769061321812,0.6479356582086951,0.6083856745724022,0.3901068569984877,0.4777379053509814,0.5778565148333912,0.4622119890756888,0.690979675588264,0.6667205492080277,0.5114937578587059,0.6235626093023747,0.16006238974498266,0.10796785796899963,0.09575973507043183,0.07310446905044123,0.05748320337873808,0.057407991024920564,0.12053889880142275,0.10968492112524002,-0.010676104142861924,-0.009250660042993544,-0.012652368245443446,0.012178613724398803,0.03597681710214897,0.029761795742137238,0.03340405558310648,0.022161669454988445,-0.020961694823435916,-0.03569089758899942,-0.07420010169678684,0.007776641775355231,-0.027104571541606354,-0.03292074337708782,0.019328231927958548,-0.0007107124724243943,0.17591784391990528,0.11926616829162545,0.0890150957405375,0.079125186314253,0.11300797666029903,0.13877730995645243,0.16870291940385485,0.15226370057813132,0.024832937675027148,0.07486212457458624,0.0580431396322377,0.10843912063721653,0.08576569526704209,0.12020768392826772,0.1203641043190932,0.1283744088476672,0.14311733901867632,0.12889284616691277,0.13148822284936862,0.07410627068477604,0.05520574406248879,0.10026224371838346,0.14676866712934306,0.061589849049075836
7Networks_LH_SomMot_22,0.5364290490571797,0.5711742208718994,0.6154246465431684,0.5994717492393072,0.5896861289195126,0.5765682299253307,0.6482688090446777,0.6874206014445059,0.7056007204122908,0.6866087616455516,0.7065189061786985,0.7573485128059726,0.7580365231283155,0.631935519528597,1.0,0.5077826372974732,0.7270053904671577,0.6905415464292164,0.8022730962636985,0.6930672917693194,0.7885490427923271,0.7689379679773019,0.758039996821414,0.7453800228143581,0.7027385123534382,0.7741292712228687,0.6094792613640092,0.7581954489647174,0.6782540816287073,0.742011109393754,0.565742204641243,0.620936066339952,0.4452471321302384,0.543294359792498,0.5813211068105313,0.5092419846353677,0.5428755548765523,0.6643359370622294,0.6354440511450956,0.6959603090565804,0.644988796618232,0.49511249997288886,0.6383923696107088,0.6216414855027101,0.6883040576154723,0.7026049405884868,0.7307975532848746,0.6455309234375544,0.7546973148566174,0.6715178287923786,0.7086047557147395,0.7313887132624746,0.6802656042565985,0.6930357489177151,0.4646980219807238,0.5790214712268,0.6737653993061388,0.37603886234655154,0.6267218680214612,0.7064159795132288,0.5234162850912677,0.6731386849201227,0.17781128284267136,0.13869116738399084,0.1586380516031124,0.09912959895790292,0.08615442833287862,0.06627784028264794,0.1312670028073979,0.1223509510312189,0.0426683682639911,0.03670201502308676,-0.0005942900197060053,0.014296978723019686,0.028087903664034877,0.024988062234709504,0.03465986241340987,0.03334876782553754,0.022688245554569,-0.058345463612097755,-0.03407152794357129,-0.019314305482087343,-0.05506556346986542,-0.035698548302691896,0.02727904175677872,-0.015494718449482784,0.14752638567713755,0.10770700473905057,0.0708215261562449,0.1720074845860105,0.18208612832120508,0.20802703767942524,0.2118278135839626,0.1974967089034037,0.03820166083004461,0.061720500846866505,0.065908042760432,0.14051375858872212,0.1016885859119328,0.14684284503863143,0.14705800540687308,0.1364720629215088,0.06874835091962667,0.009759784458726037,0.021931125071959445,0.10180437582479464,0.0111446667617537,0.09240861371867132,0.03915661017912361,-0.0060963123400980335
7Networks_LH_SomMot_23,0.31874232134286307,0.39443778897176696,0.43345693891206805,0.4138641108522132,0.44614764316289807,0.46199394652804404,0.45918886866720726,0.44182143333674223,0.5134645891537493,0.4676793317936098,0.5112333666418712,0.5259303787895344,0.5488607678145491,0.4446655683037947,0.5077826372974732,1.0,0.5252808354215802,0.46319188028653036,0.5279759442670492,0.49607358119224926,0.5178692815335572,0.5374495120894984,0.48492584042292125,0.49077421554862105,0.521424010745411,0.5399001391221983,0.33742806753066285,0.5432611406806995,0.48780939366825843,0.5113708503688116,0.36573581811467865,0.39386888929357755,0.2390940097425208,0.3813297841332955,0.3472277584423168,0.2704653221575485,0.36376558293094946,0.43736757429454814,0.4178493497550199,0.45001893545890226,0.4246028389184617,0.41055058055209603,0.48463737585512334,0.46299955083475947,0.5353705889788405,0.4825622345939209,0.5017732905955348,0.4512654267240702,0.5414847056629611,0.4969935933694794,0.5385815446155008,0.5158715493724135,0.447933736116083,0.47245177834222174,0.32473426771606984,0.4073748197391798,0.4619318321179501,0.3032429526082025,0.47567329800240304,0.4909747629149577,0.3776439528624461,0.4824761247352851,0.1076326305252649,0.03554073512679779,0.03100165548831752,0.11792272468886637,0.035600140982349274,0.0008429649208019805,0.07858163615080625,0.032901329298744626,-0.00788109218795054,-0.018773858403064,0.006691260499828274,-0.05659408316638264,-0.10590468148266204,-0.09812592901633028,-0.007170430853456935,-0.03185733529146084,0.11324427361644561,0.06860095838769042,0.08824704188410765,-0.0424745476222529,-0.035655948354944095,-0.06555013387070636,0.05274533172514185,0.030195604468479555,0.1453872797289664,0.11738837191559227,0.11490424997743452,0.11539749333540758,0.1433235908902003,0.16987061808774456,0.19813380991351934,0.20621801341482418,0.0762413182207623,0.05361418444890533,0.061882649080316404,0.1396671280916334,0.13384878146664989,0.1626761704702075,0.19945698501046347,0.1547939644307233,0.05379800773982795,0.04273546564914283,0.018306635958315234,0.05820081555450667,0.046415347784567074,0.07252897590243373,0.030248821266146392,-0.0007120855841099644
7Networks_LH_SomMot_24,0.515429455393499,0.6269303953266459,0.6236805630939215,0.5873816250499299,0.6218914998976367,0.5766598543062729,0.6970241056333791,0.6825866160680504,0.7613176950915648,0.7023259926508938,0.8243522906761157,0.7661569547037097,0.7465718627087334,0.5716593501330247,0.7270053904671577,0.5252808354215802,1.0,0.7966783687003848,0.7965805549010048,0.6844829037146203,0.7509363135439405,0.7291946026643127,0.7755704652558618,0.8098236023079565,0.7065576876703245,0.8463895038013107,0.5954421864844924,0.7940060886486938,0.660754362334016,0.8165110328965091,0.5527237296331942,0.6232401106943244,0.4144964982300967,0.5709876257145333,0.6048599638309491,0.5472656372853637,0.5843581520979209,0.7332013985506427,0.6503650206949536,0.7356115668384551,0.6758234893910736,0.44408605427863984,0.7491227268499087,0.6930536746165681,0.7394507531244349,0.7407843405362388,0.8095879949107659,0.6530736415163708,0.7587989019921111,0.6497664142894617,0.7404847702488465,0.8507341448386205,0.7246996442857486,0.6829796786688177,0.47034019150309936,0.553019512223916,0.6402737869381249,0.41991471929459745,0.6138780740446035,0.7624481946031623,0.6085050605929329,0.6622990434324101,0.22047322154592833,0.16633437528006945,0.16597778975293362,0.08949271014615692,0.09660342298034444,0.075834499902027,0.14134179781851822,0.13654741240592852,0.09131027675425081,0.12853487706211478,0.10129184743999337,0.03754506131758283,0.05825909606854035,0.06120035990091443,0.1009993890281576,0.1224509307954328,0.04396119412756399,-0.02212277559428473,0.014824124900408657,-0.035703278135480965,-0.08432495070189179,-0.08438396083280035,0.048872455296764164,0.004388678440278046,0.16759798484839572,0.11480886239278486,0.08531720330572025,0.18721450879343954,0.19935266843005758,0.25008145921558655,0.25969003650301087,0.2456589189855598,0.07603760561215062,0.10377405275551044,0.11613727849263429,0.20249211777114676,0.17399723105654138,0.2187259739816378,0.25935575413304357,0.209900802411884,0.06962247425798736,-0.0010240358318618426,0.01300591593470795,0.041257053485845026,-0.0030975725463265194,0.0664609289734846,-0.010877175428279488,-0.059762890160018525
7Networks_LH_SomMot_25,0.5735144035548613,0.688687284893365,0.632768846150756,0.6225674030256716,0.7012779947003448,0.5238852234679757,0.6633903524673441,0.7084098906871451,0.7111810627916988,0.7033788787912703,0.8055793043256119,0.7420574652562477,0.7198892234270278,0.5439708982582091,0.6905415464292164,0.46319188028653036,0.7966783687003848,1.0,0.7744520463454314,0.6878061380929562,0.6844511316642595,0.6622285817303264,0.7577167742029479,0.7231226689977605,0.6856649741915022,0.8309522971577192,0.6478759910412163,0.6984383752816085,0.6387840207360117,0.7464759158180032,0.5538613753781235,0.62079469764642,0.4669850614989131,0.6688025182163007,0.600275476344341,0.5717552666912442,0.6878619777432832,0.7287030751415989,0.6579998577233216,0.705937328531507,0.6940788087618491,0.4538411161774894,0.6835831324652505,0.6599266356475564,0.7021263778034201,0.7964866194207558,0.7499262472568898,0.6093310457927925,0.7103652868409217,0.6923815104233861,0.6683475443622146,0.8074370284678536,0.7535282221538724,0.674692308049163,0.43824851573284185,0.4597592478845452,0.5884506677237148,0.5314003862848641,0.6330017664464289,0.7598187202474519,0.5689573728999507,0.6549206794910285,0.1381669905819027,0.0787615345459223,0.10225647531447164,0.018820507859987217,0.007462037231909256,0.008438697684567956,0.05559705908199933,0.06788769068879925,0.09398294793196312,0.06880537660400757,0.033134883178262124,0.03062298807413095,0.034087372877580874,0.028760357129458746,0.0765162962901124,0.08117636901063707,0.040491125749495295,-0.0361214240208848,-0.02209424793556401,-0.06481420703120307,-0.08743617426995472,-0.07429011914756256,0.031091628526235565,-0.008500277277009208,0.12431722416808091,0.06616257991794118,0.052571030148964325,0.0944257862964401,0.09807864305326448,0.15007918247896423,0.19183403695424806,0.1660644162373931,-0.012464561004719026,0.04903287850233246,0.03517474076764198,0.17916114875469719,0.14271065733078048,0.17893450198846514,0.15453675351716906,0.14284755106037544,0.007677036854694726,0.019141226764481527,0.003628817327628295,0.10132542764073461,0.07194361042551915,0.11092687922526588,0.05140634820773817,-0.01662708301455595
7Networks_LH_SomMot_26,0.5997231312053893,0.7428201775605257,0.7212238543185825,0.7037939686377629,0.7353953738129777,0.6800655203483276,0.7476089153648672,0.7717191365325781,0.7926324066318753,0.7663594573164827,0.7879995043838965,0.8301178440850523,0.8853655410021729,0.7246159097596818,0.8022730962636985,0.5279759442670492,0.7965805549010048,0.7744520463454314,1.0,0.7885460866050712,0.8761295687640621,0.847473441346287,0.8264586395288502,0.8517724332415924,0.8477810438977477,0.8569495590420433,0.6240801483769136,0.8398309757659059,0.7729410209738977,0.8270734619329729,0.6899126835451742,0.7244631141894178,0.5214242038556489,0.7383959731554164,0.700887502129706,0.6500268995911914,0.6232586093989461,0.8123155470225938,0.6999493453240699,0.7571547697079043,0.7083748640286323,0.5205658788490023,0.7664181762825593,0.6871763704757676,0.8156880667497337,0.7989086631561259,0.8472642220821629,0.7521700881029527,0.8798233788407335,0.803639723005161,0.840806366213658,0.8238010506040265,0.7877421890121344,0.803339611813063,0.45962366628109286,0.6146774413457258,0.75232708681981,0.4587901042090886,0.7779770466468832,0.8426695233134407,0.6179792189526823,0.8011616483236049,0.15390916977429692,0.12598496847031185,0.13847798242450846,0.08700282844313252,0.06897202236882996,0.0614048911986027,0.12065716994850431,0.10046186554574539,0.11299411284266993,0.0959535949441937,0.0739518965025019,0.041007957362475464,0.062084774152197854,0.06368946160272503,0.11703105212161351,0.11667486729915637,0.07856990392623445,0.007119774143298067,0.007995896297727696,-0.018915786538921158,-0.04629407359326179,-0.05221422222067481,0.07260711880006168,0.02910348888905173,0.20262816165523106,0.15099255498910646,0.1240408346136362,0.1732213275694422,0.18761081083432357,0.22697782700388727,0.2676710505300491,0.25084130815496797,0.031216232518636925,0.07129233208609582,0.061075301109186485,0.20423993526411677,0.16077028259288928,0.2124188850918311,0.20279858252638214,0.18508344001239663,0.06914907852400386,0.05945820271307375,0.05228772611287953,0.04861572878311477,0.03921318420363739,0.10171029319508759,0.0826327866395515,0.029609153930204104
7Networks_LH_SomMot_27,0.5525787971047315,0.6748645187219647,0.657554604835445,0.625498578580815,0.5986520125596992,0.5412097396824519,0.6085628250522136,0.7335193743157016,0.6377697586807076,0.6879421663279511,0.6807035389344989,0.7129749133524298,0.7398046135127425,0.7866124439332179,0.6930672917693194,0.49607358119224926,0.6844829037146203,0.6878061380929562,0.7885460866050712,1.0,0.7450096229008988,0.7488043101686549,0.7778862895747161,0.705587810563067,0.7286022671717315,0.7244564700967875,0.5615905314669687,0.7288310927526407,0.6908856912229078,0.7091826209360849,0.5928848581692002,0.6692416236644211,0.42565299383193017,0.6536595804801515,0.6344233333482364,0.5338226624543654,0.5448723496037408,0.6635470205411226,0.6820039708593175,0.650515812110556,0.6828532005044674,0.418770358344455,0.6307760963907636,0.6046866736276035,0.7011799371659788,0.7229714780801082,0.715979622922404,0.6373833113076302,0.74593754600518,0.7497387727639353,0.6984569835651174,0.7311263921036486,0.7485618465874839,0.694818643240856,0.38268775463180155,0.5037530175107565,0.6487342229942028,0.5630099685781353,0.7572818289184023,0.741621806105319,0.5869793072673793,0.7038349899545268,0.17741382109494216,0.1270850591677876,0.1280923760260579,0.07965614559813314,0.06285687555616783,0.06933701266775384,0.12745083589372466,0.11782569358728538,0.057425072972849864,0.040013220186461806,0.0027813295593777237,0.02863187587142665,0.034915338115283134,0.020229769571302212,0.05997253930961286,0.04672562716647712,0.030140895743512634,-0.006517684166372917,-0.016805300466607054,-0.023721333960044052,-0.05020662896536331,-0.05512695410746454,0.053308072909456224,0.01273335268009082,0.1732213221985395,0.13392080320058777,0.12584913942937184,0.1174744392479037,0.13611112765068406,0.17938813534021833,0.23624480043174853,0.2351044044171465,0.0791803959208231,0.12791335235827564,0.11686452240972803,0.14871981732189335,0.13357650604865015,0.1509307863600324,0.20517328786467917,0.1658593890636652,0.09546353323879464,0.07663969976448805,0.07243562356090577,0.14953121485849596,0.07620191017824177,0.12105691631670513,0.13346092581111904,0.019791451275681455
7Networks_LH_SomMot_28,0.4886071582468548,0.6154813662028302,0.6275597703381551,0.5847293636169889,0.6041647439080456,0.5950107472255731,0.6691260513988951,0.6696907021817505,0.7174842391678197,0.676455185820433,0.7274951410546776,0.746615662935872,0.7830393975540417,0.6791103081041819,0.7885490427923271,0.5178692815335572,0.7509363135439405,0.6844511316642595,0.8761295687640621,0.7450096229008988,1.0,0.8666580936193106,0.7991388740737567,0.8061738891012442,0.789925414194195,0.8151149980195886,0.6051823575749727,0.8465219273710958,0.7797048840273028,0.7851130293944132,0.6190012838544212,0.650556324631281,0.4554874235501269,0.6171500319813649,0.6473225202047128,0.5224479498578809,0.5112929987224933,0.6838141228359341,0.5937430909082193,0.6745536564449123,0.6070219242927339,0.5091143672030848,0.6771401755954212,0.6052991060616214,0.7361816718532873,0.7307672031694256,0.7688591827613496,0.7303217310351797,0.8560837735261023,0.7600020625484195,0.8100183758214814,0.7879173141105633,0.6980214537697422,0.772434663507609,0.5057684367139891,0.6529642729098241,0.7554301664157475,0.36368493858856044,0.7240249263510931,0.7806624730973033,0.5763151036764512,0.7561166298416638,0.1950141175285358,0.1403720783954686,0.14898247702786888,0.11203648594244438,0.08117461453459923,0.06622217785098225,0.13649763684207797,0.10677911332162694,0.14383115414053302,0.12555094656399005,0.10444927378224625,0.05535523176908665,0.08912346087579386,0.09466241273137206,0.13383958094865872,0.1299861303838837,0.07134919924663091,-0.017270529247090917,-0.008583465817960705,0.019045643299303385,-0.035285682414886735,-0.026436772715797575,0.08598493362986898,0.02274747530040262,0.204962315647392,0.16946001209563905,0.12863539406392696,0.18058635372045378,0.20586078072143876,0.22442749107397994,0.24261686096814428,0.254039292092761,0.04965447958267518,0.07879601245062692,0.07756895432479638,0.16082963366933853,0.12912611441837274,0.16924796094449823,0.18336364397590998,0.1695853834096794,0.038971369825298384,0.03394042860366728,0.026147744564660808,0.04607176348230827,0.02363854181530024,0.0909945501702414,0.04829237991377334,0.007367976904901546
7Networks_LH_SomMot_29,0.46689028895288825,0.5983566660585258,0.6277433510336133,0.5852824297154978,0.5991605670880756,0.6033947086564447,0.6255616114279072,0.6478996447918032,0.6918595931869791,0.651961991917897,0.6960999370973243,0.7178191456540246,0.7663924202628791,0.667614929062314,0.7689379679773019,0.5374495120894984,0.7291946026643127,0.6622285817303264,0.847473441346287,0.7488043101686549,0.8666580936193106,1.0,0.7870164821451958,0.7605338793324523,0.7738007730679283,0.7808714579533064,0.579374492510701,0.8099336997579492,0.782066438704502,0.7451633998194209,0.585953101316637,0.6348338739281654,0.4389393963225506,0.5725823210666136,0.6558466132841759,0.5156385751658933,0.4611844707442633,0.6520268421033852,0.5894386059930393,0.6241246910158321,0.569133202359129,0.5085785951074264,0.648176321718126,0.5721045613780703,0.7270144109524805,0.7215635563583338,0.7329028305541437,0.7150911194441592,0.8459533543265169,0.7610883586155313,0.7980320820728728,0.7369584576898431,0.6806855677309359,0.7526342604339898,0.4863437946656682,0.6123585152566012,0.7397077612556267,0.3415435481476977,0.724697412293804,0.758864314446658,0.5564569762447337,0.7321291170588193,0.1861723305963847,0.13131233843813356,0.13375536095418353,0.08590488092455435,0.06421130584766885,0.04542953142111497,0.11622198526420882,0.09312299324917263,0.11031778655723748,0.09533855451487352,0.0861224587583038,0.041915589871256605,0.04552756513608066,0.042712142421728355,0.10441085281036924,0.09755404854080264,0.016300400658157348,-0.041159952439034246,-0.05384834033405095,-0.05515951635750292,-0.08585331995869112,-0.0843756419016639,0.004057517966292656,-0.042211061088195646,0.18874297947292232,0.13950869321928086,0.10653744955560848,0.13608565638009407,0.1717967273781266,0.20653262083404125,0.22045724746328837,0.2274152808053083,0.02332255271451573,0.07160846426470924,0.07447510853785069,0.1846907810092159,0.1555164883870966,0.19514278255626047,0.19392831159352386,0.18449379143269737,0.07128177560077203,0.05836131588466511,0.04452904938803795,0.05587976690004894,0.03687609486793573,0.09509623373172285,0.05344287662421514,0.02732483220701106
7Networks_LH_SomMot_30,0.5500240663355089,0.601302524483707,0.6619170725318123,0.5818466238924482,0.6171456395746162,0.5656468046216424,0.6424572818611419,0.7050514316745844,0.7452279039105908,0.6993056293204442,0.7425070106936158,0.7540157935807051,0.751230972384739,0.6810546719316817,0.758039996821414,0.48492584042292125,0.7755704652558618,0.7577167742029479,0.8264586395288502,0.7778862895747161,0.7991388740737567,0.7870164821451958,1.0,0.8200096314635157,0.6897812915723003,0.7972609323139102,0.7084309453775034,0.8234758522603746,0.7302377319772637,0.8102792221019038,0.5711532044131044,0.6259012371381856,0.4261424940692933,0.6075588044637881,0.6308472625851528,0.5133711327194934,0.5733569616734993,0.6643600432332469,0.637822422956483,0.6993808606217568,0.6649783554247668,0.48589558160530877,0.6877419490150705,0.6682916651463257,0.7184010832971016,0.7316687783650019,0.7592969642918532,0.7006484917920465,0.7601563604283491,0.6929143132769459,0.7199901300051775,0.7595642115281248,0.7714071570870955,0.6859483914819119,0.509940321222719,0.6348649777860262,0.7241729853999477,0.5169001492360196,0.6506789704920118,0.7600508451969717,0.6572742064046683,0.6809953644551956,0.22944683915356262,0.15839379487338867,0.1613239885244515,0.04778014547686633,0.06947362929934889,0.05267468250706028,0.10731081202430366,0.1289085300359184,0.12734212343002907,0.13482041582950047,0.11136565788321297,0.05589827383286015,0.08785691156969878,0.0813181623855678,0.11254162801355076,0.13020167684667444,0.003143796163551923,-0.05541506784979866,-0.036237237742620394,-0.0035192603411814153,-0.05164506254728253,-0.029533484704479664,0.027700789028190634,-0.0013232582375557972,0.18365958115054154,0.1397985771637311,0.11740400780491246,0.12536894498530765,0.15587168027445436,0.1989893431677937,0.23139666051550048,0.23012314433057776,0.050869453642159924,0.0979964263435915,0.0972155526801878,0.14733957184964946,0.1176201034657331,0.15499810216883578,0.19338851267379814,0.17750219201140524,0.06903837550550752,0.020605747329208095,0.02612101540307931,0.10589959733715437,0.02730695426743689,0.0940587925761807,0.07929936234132104,0.006594758414133332
7Networks_LH_SomMot_31,0.5093612656052845,0.607679129597669,0.6316181931518172,0.5756045997643952,0.6098910609142146,0.611315412278817,0.6815257814397111,0.7036874667004426,0.7728936989878322,0.712912471885888,0.7535362394992956,0.7583403086457525,0.783506066964864,0.628691557260719,0.7453800228143581,0.49077421554862105,0.8098236023079565,0.7231226689977605,0.8517724332415924,0.705587810563067,0.8061738891012442,0.7605338793324523,0.8200096314635157,1.0,0.7022612687522342,0.8080573562761445,0.5794108072954901,0.8678272669007993,0.6606286415721627,0.8534564148251929,0.5823556134093167,0.5827763956654984,0.4121311877766169,0.5739779629942057,0.6305333496443756,0.5003239563810195,0.5735786209109381,0.7154572989930078,0.6483786013456598,0.7369402450631677,0.6716705890251987,0.4466343643997536,0.7534071437177767,0.6776506667709448,0.7654415926098689,0.7005599445595445,0.8266474115287599,0.7166390796351488,0.7963893916764518,0.6552595488322563,0.798276038842548,0.8023810807536654,0.7428918292503942,0.6751945442931616,0.5145266123826068,0.6740456854624158,0.7129127101527137,0.4343649727792154,0.616268273580833,0.7752970277444122,0.6954128619648967,0.6676644874679458,0.22824784268204892,0.16682683813868363,0.16114617159538167,0.10635159657529276,0.10022942429732015,0.083888505782583,0.15723107898994337,0.1342129159019352,0.12246917376653936,0.12907209971301808,0.10235441709150055,0.06526803813954887,0.08787995416320867,0.08046289102887517,0.1360019577985748,0.12781542874052298,0.00506043000336099,-0.04997550498327795,-0.031015496466998436,-0.04198720935680891,-0.08346083923912369,-0.07332625737539443,0.012406671138130513,-0.00711883403297989,0.23682090116382176,0.202055414142302,0.16108754361627634,0.21224574431233167,0.23530948277137467,0.26989914846497587,0.2894603118235752,0.29260170704762484,0.010846155636635173,0.0484294224066271,0.05870900711634719,0.1751608732753355,0.15223362756575998,0.22376368175447187,0.19029358536646834,0.19488800550694307,0.046553068675906625,-0.00025780730402400647,0.02882992029713203,0.02232716058567525,-0.032568924100808,0.05182062631205897,0.04914795575642031,-0.009538295693410175
7Networks_LH_SomMot_32,0.5667443600714682,0.737402367928957,0.648530569992792,0.6301817172763573,0.7028666045441987,0.5667365978500057,0.7280673416185773,0.6943166696961339,0.6272772085054431,0.6811475530687918,0.7562042335542074,0.712057412596353,0.8059453320959067,0.6437060868564211,0.7027385123534382,0.521424010745411,0.7065576876703245,0.6856649741915022,0.8477810438977477,0.7286022671717315,0.789925414194195,0.7738007730679283,0.6897812915723003,0.7022612687522342,1.0,0.8428560121276583,0.5184726980664696,0.7525222341540088,0.8417600531698728,0.6896939153177742,0.6696040387822214,0.7470569490375697,0.5010564433206707,0.7453357615843333,0.6480943238855476,0.6763842325178963,0.5499650589142637,0.7605795467349822,0.6288781420416982,0.6722690747217008,0.594641586894114,0.5677061214765,0.637155665699165,0.5636494394623076,0.6975839299659476,0.7861203025556521,0.7149548655583637,0.5751011561892106,0.8690807742011001,0.8657573734281508,0.7946037971893515,0.7873418238745243,0.6498746283810589,0.8815403554199438,0.36354144975895164,0.5075067779661113,0.7250628035320537,0.3794529669863719,0.8290655251235155,0.8267340159457502,0.44412633726518796,0.9029842702702926,0.1526415127425852,0.11531839911855667,0.14207979679652996,0.10413149922639173,0.053328801989333346,0.028637384899376717,0.12072582223432997,0.07827646015693189,0.146287351088985,0.10997466425014464,0.08080551667517155,0.0875236159336523,0.07722410574344857,0.09075553069486203,0.1571767997879096,0.14545589768930192,0.07592138940675447,0.028450690375595437,0.0011504949588930268,-0.009294071147185385,-0.023163152634912487,-0.040160728747296925,0.07534355122049038,0.011505605408635317,0.1641887411654659,0.10841605176192728,0.08686771753034786,0.12652185161069843,0.15514746582024605,0.19576194951097395,0.22962787478835378,0.22516159217192525,0.06297719557975129,0.1059630648783339,0.11784195862616985,0.16160080639581542,0.13168507844132438,0.18917086540634423,0.20013673808222263,0.22552594450631921,0.10155481803590723,0.10199668182893389,0.08446285517699256,0.058691654645235125,0.05164203125582923,0.05487473374472279,0.08149373082740163,0.018697273071533124
7Networks_LH_SomMot_33,0.5745980203015633,0.7090489465242138,0.6619190513779971,0.6316228825593083,0.7142262473957742,0.6147266950734069,0.7628759817814437,0.7498313762526608,0.7668961615291584,0.7472286631000999,0.8305088404451204,0.7794037153441893,0.8089759612346893,0.6079412727336169,0.7741292712228687,0.5399001391221983,0.8463895038013107,0.8309522971577192,0.8569495590420433,0.7244564700967875,0.8151149980195886,0.7808714579533064,0.7972609323139102,0.8080573562761445,0.8428560121276583,1.0,0.6587392272760354,0.8212708875264967,0.778096703785788,0.8286987720363258,0.627340005633883,0.6860619372528168,0.47815083068219694,0.6895401043722948,0.6408619680854757,0.6212059706461832,0.6144891280722188,0.7726881052679788,0.6811510401073544,0.7743836677116841,0.7064253111339056,0.5196550266916107,0.7279220782826404,0.664684001764447,0.7576492043435661,0.8016485483540776,0.8003432853557904,0.624862257030151,0.8430117247863397,0.7764963507215236,0.7794326607234745,0.8798976022149106,0.723844823977123,0.8098645168297305,0.479912964107578,0.6060878203032096,0.7153368849775319,0.3872210621207759,0.7148316669047811,0.8424970833278029,0.559110880807162,0.7950849932205751,0.20173734080705907,0.1610795004047275,0.18240399442959698,0.1059839385982466,0.09879435587267357,0.08067518744554623,0.15136437426898455,0.14180430923796325,0.1403557033155642,0.13568317120343276,0.0982944940642992,0.05140892167504356,0.06194968058616311,0.06338853330307685,0.1204153166910938,0.12634119370840755,0.06438649927091811,-0.004920473995144565,-0.010715009582865828,0.006236651621815514,-0.026970410575878123,-0.020913005495238998,0.07290610016600267,0.011241302080289482,0.13783436745537728,0.08086923933863936,0.055004049965999925,0.11303016042727575,0.12483980657710236,0.1672436280842801,0.20259481278126584,0.18157986384265282,0.012418586632015005,0.06876512274159177,0.05782801418697408,0.16504126388260643,0.1380958164763822,0.17904513787547924,0.18345922824259178,0.1806793309720635,0.04900957957232769,0.029010385699929708,0.025664251746941667,0.09303305136209074,0.0430903435691958,0.06639701025847357,0.047648510749279345,-0.011600916120505345
7Networks_LH_SomMot_34,0.4361405441806311,0.45426952692407724,0.5016882410314473,0.4243405332618734,0.47348940663487266,0.4212794194246993,0.4907440770438382,0.5567702347393058,0.5800466049719297,0.5455930911701751,0.5580283687860838,0.6167965123712316,0.6114148131429932,0.4987466381111982,0.6094792613640092,0.33742806753066285,0.5954421864844924,0.6478759910412163,0.6240801483769136,0.5615905314669687,0.6051823575749727,0.579374492510701,0.7084309453775034,0.5794108072954901,0.5184726980664696,0.6587392272760354,1.0,0.5697510559775213,0.5923856051090841,0.6248116016199731,0.40109001897426266,0.464655728536691,0.34561336115098734,0.4604613370465089,0.47944311555485714,0.386550035881811,0.4608114457774865,0.5178968785035701,0.4686494844682892,0.5591122211735056,0.5164651196138109,0.2923440095480777,0.534332584447906,0.5090824813664476,0.5341824540029008,0.5695102197931267,0.5517464409314606,0.5374639223515846,0.5566571386901094,0.5053056264666613,0.5052847734942545,0.5939563572683314,0.5526974950539731,0.5611137616461754,0.4983511102831154,0.5097799898967881,0.5494393064960732,0.33926652328903645,0.43126834374848777,0.5302289180549562,0.42357765193484853,0.4951262198275488,0.16572198892353587,0.13172277400794447,0.12842961695448674,0.08785950993862679,0.09886175332588935,0.08922364204202907,0.09824561922721203,0.12177614419820527,0.09877120024426035,0.049443780209699945,0.035927924244338875,-0.020878918922100347,-0.013153862248029448,-0.021625187676584657,0.02195069653831571,0.01794853430786376,0.03624073442692085,-0.03058038183435859,-0.013538274319375784,-0.0063662474984388035,-0.010402201692620535,0.024212351445534814,0.012482841768832176,0.021059791828443655,0.11156868423309636,0.05658113352425613,0.02652127060163221,-0.0106592553788292,0.00918530357123015,0.028114414376717047,0.08198144539590407,0.06793335969266989,0.007479669840604377,0.017441201512717518,0.016899127010068002,0.11743979757584222,0.0471549740110523,0.10956546625827426,0.10973869926677934,0.09960172122850622,-0.02752174577833426,-0.03194443144456033,-0.06821668757715393,0.15810233555482447,0.06664566425869548,0.08777890415640745,0.07307179995150967,-0.047286687592394835
7Networks_LH_SomMot_35,0.5025980745625098,0.603478084383019,0.616296859536148,0.5542468190908721,0.5949147774350844,0.6135363306220437,0.6790842879126375,0.6799943037987719,0.740080574674165,0.693816856193262,0.7543253554345813,0.7383367469006004,0.7565232514159851,0.6438319467907149,0.7581954489647174,0.5432611406806995,0.7940060886486938,0.6984383752816085,0.8398309757659059,0.7288310927526407,0.8465219273710958,0.8099336997579492,0.8234758522603746,0.8678272669007993,0.7525222341540088,0.8212708875264967,0.5697510559775213,1.0,0.7798478398598728,0.859985075007262,0.626210304996932,0.6360832975504284,0.42445591727410087,0.5812410808253493,0.6628118325353255,0.5089505075448213,0.5382434580469042,0.6962257854923984,0.6396388143380284,0.7250799526034546,0.6553113318650712,0.4755798341871979,0.69630081543385,0.6341819924380885,0.7374244768541978,0.721950877424159,0.8023019590375761,0.6798305840962079,0.8375015187444549,0.7102729062217592,0.7954491229394097,0.8059318639915151,0.7205155914369866,0.7305977312225718,0.527405905383136,0.691335171883499,0.7798445892870249,0.4486789032187346,0.6815273288102476,0.8145688625645306,0.6695318683270343,0.7397495215264029,0.24783359652961642,0.19057061013608131,0.18120883385316855,0.1198959629176148,0.11210289337432092,0.08323998357378386,0.16010320992783023,0.13678620118792004,0.15561406453636667,0.17013413430702484,0.13866679588838798,0.09534177631680509,0.1151851280212419,0.09982114653286796,0.16463594595435388,0.157937270078418,0.0404840256878766,-0.015189631138800244,0.0015395966036883218,0.007559041420567541,-0.03959606226235773,-0.03843147489312372,0.05667143905150258,0.028855496732494296,0.24318271835174693,0.19028663749870192,0.15218867836840952,0.1815496182290865,0.21040705534278567,0.23291377863932555,0.27015179898012287,0.2693111027873117,0.033257650362490426,0.08044975543068544,0.09442360893866425,0.18835165292150394,0.14715130418131053,0.19042082543350497,0.19106554451954452,0.1974380628556143,0.0794918140545186,0.015464964171300638,0.01766610322490758,0.054960625014984305,0.012972369332904967,0.10405486081341683,0.046500730497300066,-0.014842160728930454
7Networks_LH_SomMot_36,0.5049183148578783,0.6082908640326478,0.5727158679703662,0.5299168898897835,0.626733962231285,0.5409427848084639,0.6603105799966434,0.6140515150844427,0.600659340608235,0.5942084610150545,0.6904153628208552,0.6756652071567246,0.736205476287018,0.6094857823486987,0.6782540816287073,0.48780939366825843,0.660754362334016,0.6387840207360117,0.7729410209738977,0.6908856912229078,0.7797048840273028,0.782066438704502,0.7302377319772637,0.6606286415721627,0.8417600531698728,0.778096703785788,0.5923856051090841,0.7798478398598728,1.0,0.6726332058625092,0.5920145237854104,0.6408055794276571,0.4728309913459711,0.6519171014907327,0.6420434967224483,0.5704719001834632,0.5142591339102428,0.6728056782840678,0.5676950546756468,0.6240355600393582,0.518224542496133,0.5235968329597074,0.5566346089536326,0.5421880053658522,0.648459491132637,0.7323923297331036,0.6323133138068472,0.5970697287709081,0.8193202935860214,0.8115063589614455,0.7381186186425814,0.7346975791756358,0.6021128702654922,0.8545813629983452,0.4640362343399436,0.6082384429935849,0.8051386554903671,0.41662258205002034,0.7550389410640979,0.7910595662617785,0.5124406599201708,0.8727018544783246,0.16407528475518618,0.10858178121552196,0.1308568483803742,0.07450474483379821,0.044995727981036474,0.023314417632526938,0.08614175197278133,0.07148396087127297,0.1838349842020868,0.1849477008780402,0.16103158190177777,0.09657144915381549,0.1141247697074451,0.11687875858759864,0.16014585842520035,0.19000720014539776,0.06678611840403383,0.002232724012637134,-0.01687065017632125,0.03361956708164245,0.004262862615269215,0.011260295395521544,0.07043442861510005,0.020071700974922675,0.1824686175193387,0.12580754844606634,0.09015203890952134,0.11002904136379767,0.1531999050297442,0.17364989264243194,0.19144969636372677,0.19286487785929537,0.07020182452907309,0.10714368145092518,0.1194546851190902,0.10504454155640265,0.06308365758476386,0.1100540219683726,0.15766997278141465,0.18608351149006708,0.10369915857245153,0.08179963416271832,0.06028617933947772,0.11930422107746781,0.07547197808560403,0.11538016261019662,0.11490231168746223,0.038506564937974344
7Networks_LH_SomMot_37,0.4936868185894285,0.5876675893682701,0.5977448308955812,0.5487303376416617,0.6170958087105763,0.6019507024320345,0.6787676272818823,0.7019206464716613,0.788285353316439,0.7124706372439487,0.7612028196675005,0.7624111654630801,0.7660693449187033,0.635164333027652,0.742011109393754,0.5113708503688116,0.8165110328965091,0.7464759158180032,0.8270734619329729,0.7091826209360849,0.7851130293944132,0.7451633998194209,0.8102792221019038,0.8534564148251929,0.6896939153177742,0.8286987720363258,0.6248116016199731,0.859985075007262,0.6726332058625092,1.0,0.6021880865655055,0.5854933093519853,0.4373924567348259,0.5671324973097512,0.6081312660909025,0.4823176602379616,0.5737751166202449,0.707829034969714,0.6529037244677753,0.7563110238122327,0.667941082624364,0.42330294748147274,0.7528198154035957,0.6795014337121006,0.7673106226437619,0.6862371773858758,0.8272929141929244,0.711888344491475,0.7613271934326954,0.6336592677018045,0.7408308908128449,0.7931484169625729,0.7450004724703246,0.6563694954069208,0.5396393715880574,0.6692046162316856,0.6890221312677186,0.4286514925783365,0.6228062857605977,0.775893191378164,0.6692038217924013,0.6431630956860722,0.21116431082190293,0.18141378307518102,0.18538860783164063,0.10478047488709379,0.1229284781414425,0.10594287833286047,0.15964885834035347,0.15821535205465087,0.12304728587580763,0.14430754124519313,0.1281176407237433,0.03976179003363373,0.07121325297000633,0.05789036468642749,0.12433690941060938,0.11889389504431436,0.0621504546710216,0.022543143373779023,0.02741002867972246,0.014518604155305306,-0.0112782225713534,-0.018226283631801826,0.0678330034315631,0.05068177624673574,0.2076227161731194,0.1641072673787106,0.1271709383000194,0.19778515828873444,0.21021484478747668,0.2396135668573981,0.26442588784548504,0.24774303376741585,0.057733560740101414,0.09203209329249104,0.10142767054851987,0.18069380478762465,0.16867968051592772,0.1967845524270346,0.2006537925805895,0.20304669485488488,0.06357156283499743,0.004489770835834716,0.017176681174870735,0.025832492209049863,-0.014599391004318184,0.05004537771547324,0.007017479526404172,-0.016144659150707952
7Networks_RH_SomMot_9,0.6201932235018334,0.6603268845838689,0.6771788636695325,0.6503425602140995,0.6255650753975631,0.5021025593521556,0.6943379281263508,0.6480555970921809,0.528029561206851,0.604923040382117,0.6165329992700391,0.5990311092155158,0.6449475455116318,0.5597069207368869,0.565742204641243,0.36573581811467865,0.5527237296331942,0.5538613753781235,0.6899126835451742,0.5928848581692002,0.6190012838544212,0.585953101316637,0.5711532044131044,0.5823556134093167,0.6696040387822214,0.627340005633883,0.40109001897426266,0.626210304996932,0.5920145237854104,0.6021880865655055,1.0,0.6490674489425029,0.6125051419447672,0.701401208584376,0.6853789335984996,0.6431846450582149,0.5647287213073969,0.7229727137367667,0.6026369290438189,0.6167774778547206,0.584306476826286,0.5110692561602902,0.5246052457659622,0.48343110240163856,0.621572931624717,0.6794878592032467,0.6083882161654857,0.5013506487699323,0.6845530591257761,0.6634517105086353,0.6249013125378772,0.6266686635286971,0.6160794620861777,0.6332403166002701,0.2826626995293579,0.4306468330548121,0.5803343157739397,0.3238632725488043,0.6570388196450606,0.6584756103433196,0.42678261542162477,0.6586627596632175,0.11924823134357272,0.08865653549632121,0.07314373992606936,0.045676920870349975,0.027643502489229314,0.0014802306238379374,0.06325172503675255,0.013610030162871033,0.09672914390812702,0.08263722679535752,0.044430096420674976,0.06027134803938734,0.05783113060926191,0.03643574742426999,0.10535580449212863,0.0719391943234373,0.1180204058564864,0.0315648059426289,0.03837907560360977,-0.07633607078407308,-0.0528127680517593,-0.05000296715617778,0.07341157143928047,0.04081471657987975,0.11571227152959139,0.04508798035392991,0.028006347000102006,0.12092552740374196,0.1225388218089763,0.17082030905182005,0.17790150882477068,0.15048767467381516,0.006881448667320551,0.06724444401100016,0.05700559719672382,0.17291704783629736,0.1402321490679331,0.16909347026303587,0.11934943374022862,0.1697666171105043,0.03201742748815313,0.01082417730971603,-0.005104886227535703,0.02607308901632836,0.03898152813147605,0.08501315689648126,0.05513947794901202,0.04038099042203307
7Networks_RH_SomMot_10,0.6497309090059337,0.7400226664432293,0.6766537169799445,0.6582233609725986,0.6247408703783913,0.47387295413233504,0.6545100132217018,0.6899485553693254,0.5403029485418575,0.6095888800132037,0.6793808782444601,0.6616415555737638,0.6774808977473397,0.5581120012301992,0.620936066339952,0.39386888929357755,0.6232401106943244,0.62079469764642,0.7244631141894178,0.6692416236644211,0.650556324631281,0.6348338739281654,0.6259012371381856,0.5827763956654984,0.7470569490375697,0.6860619372528168,0.464655728536691,0.6360832975504284,0.6408055794276571,0.5854933093519853,0.6490674489425029,1.0,0.515768194052423,0.7449666940263602,0.714532052011184,0.693374484554092,0.5409579648453907,0.732730950824705,0.6153114671306655,0.5789962402306948,0.6009752385921368,0.4908888114939182,0.5023623984586754,0.4907646402622398,0.6110648784574576,0.7397671653550202,0.6532549900862208,0.47487093066010094,0.7337767607347023,0.7430502060088305,0.6488345273940781,0.6913904215090914,0.6251209874481569,0.7183567372469419,0.24937075260418598,0.3511769145813723,0.5713162945990379,0.4174284593660527,0.7383272256907709,0.6962022549314042,0.4124074953963428,0.7422133038930587,0.08432493711210601,0.08619656580218742,0.0906708564525494,0.026797163334962248,0.0296169878434079,0.011203242036568906,0.058135570489000546,0.03625355218965853,0.060896938490032824,0.05817521886231616,0.03639723572699336,0.06417093258909592,0.0594532120149692,0.07357345931453606,0.10889963257923091,0.11621441796785087,0.08826655792643465,0.08997599283992808,0.06527039507325957,0.026215205733844383,0.03525872367347915,0.008619666841198302,0.1252581351224901,0.08934763556759294,0.14746050323069837,0.09406289440860367,0.08273064729966739,0.10817996841779332,0.11973910872840751,0.1427316747186764,0.1877307501938233,0.1972917458324126,0.0675399090786413,0.10511996165235679,0.11779805500290634,0.0962297519546713,0.09090312547636517,0.13606251191527224,0.1889218573758127,0.1942640666361538,-0.020143110775781323,-0.00022500798004100746,-0.014715410038989572,0.10286412177214484,0.04671221089580388,0.09053137595224411,0.029544812668448613,-0.012571599408414687
7Networks_RH_SomMot_11,0.5937050498078025,0.5741699146390058,0.5467926904763695,0.5096423332287466,0.48004915075352567,0.34575059013073595,0.5073714994867495,0.5149717931677805,0.35564925666492575,0.4637403031023192,0.48388885084375566,0.4555382682186281,0.4630143696556134,0.4037960727575948,0.4452471321302384,0.2390940097425208,0.4144964982300967,0.4669850614989131,0.5214242038556489,0.42565299383193017,0.4554874235501269,0.4389393963225506,0.4261424940692933,0.4121311877766169,0.5010564433206707,0.47815083068219694,0.34561336115098734,0.42445591727410087,0.4728309913459711,0.4373924567348259,0.6125051419447672,0.515768194052423,1.0,0.6370853801444123,0.5720768104438193,0.6389437486787104,0.5189719971171215,0.6039218736778659,0.513585592027142,0.4980355852586046,0.4442930089174594,0.3653731744566557,0.37245327229908914,0.38093453198150334,0.4642380504134335,0.5118701933854316,0.4427848524235718,0.3636140597124706,0.5209077286697152,0.5447615503628646,0.4260010249456951,0.4411319673773917,0.4657395666412974,0.4956898853046442,0.21553897889703702,0.2768507449230691,0.4463464803065354,0.31428270958461474,0.5311291572042588,0.4876837387998396,0.28299907111968065,0.5236519649368319,0.0104843940454091,0.018311035522802367,0.05552324414390151,-0.0208044404100152,-0.016553132100527064,-0.004814810511896953,0.01920881628666725,-0.006168004807753888,0.12661058946390974,0.017444127069248576,-0.005202789177999907,0.05369052986287108,0.07010730601332966,0.07575277182821057,0.11227665476641102,0.05027768549634418,0.15411391492242288,0.07857747680875332,0.05071507026521497,-0.04363858364443542,0.005168062578466819,0.0009165507831823575,0.10611927810088545,0.0868908662466309,0.14713834701711495,0.11433425527331718,0.11692560191427571,0.07983806055276751,0.11082567864948571,0.11888895742072939,0.17411903383862207,0.17750424821941194,0.08504721871874603,0.12408343424452405,0.11456963886530715,0.07318531637798283,0.11371137572382088,0.1540026050119453,0.1470283562553237,0.1635900537434331,-0.012074499135521562,0.1041758984233184,0.0694779347346549,0.038899454013826884,0.1378599411257825,0.13426460840601862,0.12308957744184454,0.15543664001814475
7Networks_RH_SomMot_12,0.6829086515037717,0.819364668103979,0.7071382211706366,0.6992754335071948,0.7462983795075934,0.4945411891621787,0.7138905775960731,0.7316804680519277,0.5234264681411313,0.6566275691959179,0.6862277335105915,0.6192502883579967,0.6990746343299745,0.5881174213062653,0.543294359792498,0.3813297841332955,0.5709876257145333,0.6688025182163007,0.7383959731554164,0.6536595804801515,0.6171500319813649,0.5725823210666136,0.6075588044637881,0.5739779629942057,0.7453357615843333,0.6895401043722948,0.4604613370465089,0.5812410808253493,0.6519171014907327,0.5671324973097512,0.701401208584376,0.7449666940263602,0.6370853801444123,1.0,0.7117181937753145,0.8159317610376632,0.6734681834724888,0.8025137762425081,0.6591411827742806,0.6133886471214564,0.6532379735645,0.4961303505328025,0.5277140218283514,0.5126747652068826,0.6302975925564893,0.7655680289497245,0.6167276031512923,0.4763280910377193,0.7194937511004499,0.7810033896485523,0.6404354896748715,0.6740774591325407,0.6536243645565549,0.7357634845629805,0.2625705543858131,0.34628400582812496,0.5914360114814303,0.4516459299366521,0.7738266897793871,0.7041685543625363,0.3835871486009735,0.7576296099893879,0.06425214016561094,0.0333428146985997,0.04468697190622948,0.03395650065220416,0.003746422157961148,0.009105895557647098,0.05475873684543301,0.002916543698107069,0.1265204412446268,0.0690217870994737,0.038323362269848164,0.07443234875359583,0.06801128411367659,0.06251160903078,0.12501121267120585,0.0893520865756555,0.13649750639280891,0.08325659304772319,0.041155365809631285,0.009463925363399907,0.020864520875398224,0.010835487429526152,0.12840395621224868,0.0851676714873094,0.11845923531086584,0.062790172476024,0.05329976660511446,0.08748265701154044,0.08117981443058132,0.11082383898184467,0.1776053827699524,0.13490540544092863,0.0372970517335366,0.06865605545668241,0.03991110670085165,0.13276701146996311,0.12243078826268057,0.17127809913545253,0.15752511756128226,0.1752064239291227,0.04204425819748466,0.07280614188822651,0.06129288595037416,0.08501031320644278,0.08423856629528104,0.09261401263312159,0.12757971313001767,0.06948947202599602
7Networks_RH_SomMot_13,0.6288666179817206,0.6756618438666269,0.6939642510570597,0.6222540897238129,0.6201950544931297,0.5009241752835911,0.6120003825847659,0.6649282899834622,0.5460470286272492,0.5712424139577709,0.6413301525717015,0.6134073071417331,0.6481447166643378,0.5688569741286643,0.5813211068105313,0.3472277584423168,0.6048599638309491,0.600275476344341,0.700887502129706,0.6344233333482364,0.6473225202047128,0.6558466132841759,0.6308472625851528,0.6305333496443756,0.6480943238855476,0.6408619680854757,0.47944311555485714,0.6628118325353255,0.6420434967224483,0.6081312660909025,0.6853789335984996,0.714532052011184,0.5720768104438193,0.7117181937753145,1.0,0.6660593288512978,0.5566208648800677,0.7209704848255998,0.6460570767861444,0.6007938133285579,0.6043423813187052,0.47296909664331777,0.5106335701387343,0.5009603971621848,0.6352484986905784,0.6980786763399486,0.6294211099847378,0.522466010183327,0.7064572967664261,0.6710961236710571,0.6298321965131313,0.6363127326335627,0.651732582002667,0.6570117851298962,0.3806179150381581,0.47362338222619493,0.6379723448174541,0.38033465380216763,0.6730045466915191,0.6643026400290676,0.4905236266950315,0.6658403327964436,0.18783584806351222,0.11804535306427646,0.09754457618546757,0.07560347790487705,0.06167825112413344,0.0334930085758959,0.11664382548742636,0.03911905589168294,0.09373152194122421,0.0739667300552461,0.07217748436130089,0.10118393511152159,0.102005316105866,0.09575395771676203,0.14753155066643503,0.12227724916264149,0.15783039877489435,0.05766724566509918,0.06538559996862889,0.008482698451481495,-0.010192177391405204,-0.010638580309633962,0.11755105602191294,0.0838414886980871,0.07626314362390924,0.04620444555613988,0.020056460166748825,0.07884870564329542,0.10442206736160901,0.14325966903933596,0.11616298074909477,0.1553883336864917,0.03648356658170277,0.08348036259815368,0.10243516678624891,0.09245931149930303,0.11157375574442767,0.17943809262625288,0.15939357528162978,0.21779201830197692,0.05083323944964663,0.07423644126284934,0.04453756130761722,0.08300209524892466,0.11448957633704294,0.19036631035032453,0.11900929423716128,0.10705499518111253
7Networks_RH_SomMot_14,0.6287008620356513,0.7405854891882011,0.6576896359971983,0.6245447255780073,0.6490356448811887,0.37566012044054414,0.6441828757840978,0.6564302785073738,0.44982627452697477,0.5577058440491682,0.6237748825297439,0.5515438279424585,0.605661995601321,0.4741881412618174,0.5092419846353677,0.2704653221575485,0.5472656372853637,0.5717552666912442,0.6500268995911914,0.5338226624543654,0.5224479498578809,0.5156385751658933,0.5133711327194934,0.5003239563810195,0.6763842325178963,0.6212059706461832,0.386550035881811,0.5089505075448213,0.5704719001834632,0.4823176602379616,0.6431846450582149,0.693374484554092,0.6389437486787104,0.8159317610376632,0.6660593288512978,1.0,0.6159197001656879,0.7865485590865985,0.646668653146932,0.5649323069236349,0.5557058162079263,0.44932396075435915,0.4851238457574301,0.44272036053932357,0.5524854103172099,0.6850902241495244,0.5652943995787179,0.34607215168080346,0.6381112231901683,0.665235617156077,0.527274229706954,0.5850402723864675,0.5702808872080803,0.6491892801063985,0.18958749747526496,0.26706028820329525,0.5080916625394054,0.3835309544263426,0.6585953101854962,0.651713087540535,0.30471680023325287,0.66620903135247,0.03446358745180756,0.00468089386102276,0.031230992467762207,0.026780396105454657,-0.017159678560131588,-0.008356856764725066,0.035460407411910755,-0.024181226011400353,0.10474569846278736,0.019534877700666645,-0.014366051391717885,0.09608798588039624,0.05325203029021789,0.044501355172416726,0.11620216648594753,0.044103123180547446,0.06235238815870171,0.029830278193156565,-0.023561494437113514,-0.04898654760322681,-0.03199150288593053,-0.05549427453139782,0.05237796199732804,0.012792811147929182,0.04585664969539443,-0.014043404908949035,-0.03569733484300519,-0.0065384143757531545,0.0014019458620485445,0.02525141280750248,0.03709579376453431,0.03800294808178119,0.02554677586047826,0.077501902677473,0.06552719182913624,0.0635417570104974,0.10073469849193095,0.13385478068492623,0.1081924060446419,0.16380816027026907,0.07199812817491108,0.0937576957735366,0.10361899966513734,0.03359382547061419,0.05822374916934375,0.08462945327448607,0.09522696898399774,0.0709155386115923
7Networks_RH_SomMot_15,0.5878331141753103,0.6322140787405427,0.6231752004889439,0.6406170533487527,0.6947361222465774,0.4624205769338339,0.6181689471090086,0.6826384827408507,0.5609700203935526,0.6509275249546285,0.6380979848200594,0.6242478559185293,0.5831548253187235,0.49967338855175997,0.5428755548765523,0.36376558293094946,0.5843581520979209,0.6878619777432832,0.6232586093989461,0.5448723496037408,0.5112929987224933,0.4611844707442633,0.5733569616734993,0.5735786209109381,0.5499650589142637,0.6144891280722188,0.4608114457774865,0.5382434580469042,0.5142591339102428,0.5737751166202449,0.5647287213073969,0.5409579648453907,0.5189719971171215,0.6734681834724888,0.5566208648800677,0.6159197001656879,1.0,0.7315644856557891,0.7045025562392369,0.6812749343942367,0.6877088919731327,0.37065038446937076,0.614573931497593,0.5645159489949377,0.6496316098024472,0.6459197954777897,0.6203584760492056,0.4964641699228991,0.5365262874142894,0.5423688129264463,0.5300732049196396,0.5993632926230714,0.6757454834344425,0.5158208684467143,0.30544232321054254,0.33615790894214276,0.46690876790265545,0.5272891880928825,0.5568739576637017,0.6175997955902446,0.4918905702343456,0.5502767043584205,0.05413024111847903,-0.0005262697497751899,0.02175065291643381,-0.013596168674272283,-0.02906467709197445,-0.02630690965007519,0.01073178922598752,-0.013141655917687104,0.032755298068112296,0.03395646421800641,0.009971853784774267,0.016169775712115222,0.02323513176860104,0.01882658632957345,0.0663544205067465,0.033171758076842243,0.07621035892606329,0.048594598625984246,0.03839183368615032,-0.023612857246828347,-0.006158897838243967,-0.0031525170979465004,0.09800163865663433,0.10249800627986651,0.0789843926152438,0.050191712113159585,0.027975567975983988,0.11665755675274547,0.11870000642073997,0.1434293220350623,0.12678145732728893,0.12523267002648858,0.020969966368351647,0.05373498062854048,0.062262175608353405,0.10513700038657647,0.10016688266548869,0.1547550953490504,0.13867858968093857,0.18654008144251558,0.05887732524320564,0.09343287583696643,0.09164423061181969,0.08298757054785438,0.08881737049214909,0.1420205129523776,0.12853481023907234,0.09404932765818222
7Networks_RH_SomMot_16,0.6665959646561334,0.7788055655269603,0.708824767366173,0.7299274933940454,0.781999312198729,0.6025191590781608,0.8017291128228263,0.7913029767060984,0.6998460964255527,0.7258083938911545,0.7778402232037558,0.7590790252943033,0.7794735713815666,0.5878421390806639,0.6643359370622294,0.43736757429454814,0.7332013985506427,0.7287030751415989,0.8123155470225938,0.6635470205411226,0.6838141228359341,0.6520268421033852,0.6643600432332469,0.7154572989930078,0.7605795467349822,0.7726881052679788,0.5178968785035701,0.6962257854923984,0.6728056782840678,0.707829034969714,0.7229727137367667,0.732730950824705,0.6039218736778659,0.8025137762425081,0.7209704848255998,0.7865485590865985,0.7315644856557891,1.0,0.7505523461855672,0.8072395316683597,0.7136940506904533,0.5168896453130355,0.7236702328477557,0.6647638984801242,0.7397774849803144,0.781414867510696,0.7990794801040446,0.5776340284976625,0.7676362293077834,0.720555974783586,0.7251388755280224,0.7705587753155004,0.7101120528227993,0.7257914579874246,0.3572446402159018,0.4727457490102528,0.6367554210417848,0.43674421278597403,0.6942553658719315,0.7657283349246038,0.506355834815738,0.7369641940173414,0.04631714203020903,0.008185275533981228,0.023445103599996093,-0.009491164953179428,-0.03657832633868393,-0.03666528116786045,0.012854492157494688,-0.0209511548525766,0.10119008493982329,0.0735165911588,0.022188495242754715,0.0780994833521859,0.07978807561872583,0.06730272954678146,0.1315112067351124,0.08067744177312619,0.11290844872236706,0.07024869993503216,0.0546070297953557,-0.015074480195106573,-0.007960477550943925,-0.026751454214931986,0.11431321472057378,0.08953866582128281,0.16015171187736968,0.08999604521966068,0.06573955880943844,0.14999247077306227,0.14432309310069005,0.1846397560206126,0.23289069582548838,0.19058521677698664,0.02490429921239194,0.04188940106248297,0.04278033483052522,0.1639806662769303,0.13495079791279393,0.20543862461042922,0.21421172780513772,0.20097269001192683,0.11490172919720439,0.09697889220598918,0.10784176069677681,0.07419115146439043,0.05554655429035944,0.11458729153720457,0.1325409020249331,0.06789651804317758
7Networks_RH_SomMot_17,0.628618623108241,0.6816264298682752,0.6918004597794519,0.6401238173850256,0.7109819474481733,0.5690971191259699,0.6837108917765464,0.7948370219932294,0.640488068715059,0.6729467483192484,0.6819496062822109,0.6564406686237403,0.6658830317506296,0.681513025904781,0.6354440511450956,0.4178493497550199,0.6503650206949536,0.6579998577233216,0.6999493453240699,0.6820039708593175,0.5937430909082193,0.5894386059930393,0.637822422956483,0.6483786013456598,0.6288781420416982,0.6811510401073544,0.4686494844682892,0.6396388143380284,0.5676950546756468,0.6529037244677753,0.6026369290438189,0.6153114671306655,0.513585592027142,0.6591411827742806,0.6460570767861444,0.646668653146932,0.7045025562392369,0.7505523461855672,1.0,0.7191593497346421,0.7835586931407807,0.40488089925438486,0.6506962797265925,0.6055389151300754,0.7415063120964939,0.6846650213437341,0.7175678744410808,0.48463078028275897,0.6236107490510214,0.6183819753921946,0.5939056264258608,0.6576634100671936,0.6971746772497291,0.5802446595121912,0.33599799942215086,0.4118255793914918,0.5412550979960256,0.454371054593283,0.631133452718891,0.686848473759826,0.5026982167775702,0.5961360389703975,0.06281881102215883,0.07434550327784509,0.07546374522540039,0.028427114182883007,0.05008258857585283,0.04631052849385568,0.06463271575987913,0.07488661604283653,0.013143773985577598,-0.010614226027895496,-0.06441834969862023,0.028109839319019992,0.04347707758887617,0.0393165125107264,0.028304689212993117,0.014465596663183134,0.052524333861201096,0.01624492733352415,0.011261959061647949,-0.038756525972927974,-0.030843432915079544,-0.036450707774311905,0.061215942553565016,0.058967881356164036,0.13942836500120065,0.0955193886361034,0.07479433136872309,0.08799964684840415,0.10797658522219473,0.14007309857034556,0.17188784450137215,0.1673756053007867,0.04382319559941521,0.0867077511518285,0.08143294579207613,0.1051553165036366,0.13764405194146295,0.18886201754961476,0.1470014799351895,0.20343156541990523,0.09381345441703044,0.08524665482954817,0.10181291272468822,0.0751418907469353,0.04629854380176596,0.10840452336706964,0.09485505481792557,0.0648978656137689
7Networks_RH_SomMot_18,0.6029173037850502,0.6119598024788213,0.653206929846432,0.6175201171243979,0.7083962459231401,0.6527552425523108,0.7639894711588529,0.7529876660441468,0.7946538001381014,0.7382996752320629,0.7182421103088034,0.7649983378638823,0.7524923780638056,0.6101450804253392,0.6959603090565804,0.45001893545890226,0.7356115668384551,0.705937328531507,0.7571547697079043,0.650515812110556,0.6745536564449123,0.6241246910158321,0.6993808606217568,0.7369402450631677,0.6722690747217008,0.7743836677116841,0.5591122211735056,0.7250799526034546,0.6240355600393582,0.7563110238122327,0.6167774778547206,0.5789962402306948,0.4980355852586046,0.6133886471214564,0.6007938133285579,0.5649323069236349,0.6812749343942367,0.8072395316683597,0.7191593497346421,1.0,0.7507835841131467,0.453159065486757,0.7707753980814042,0.7496466542153495,0.7404006682672809,0.6806575834688299,0.7866660677711961,0.5847821218915887,0.6938721152228516,0.6099237921842228,0.6533183177857962,0.7387276980920503,0.6868266385240297,0.6253600326270498,0.41500299446004835,0.5584445235462487,0.6023374039272643,0.3852253679662611,0.5687718970378047,0.7061800519481753,0.5389306217960448,0.6265597295033151,0.14673289888894206,0.10300845820844785,0.10458526909426659,0.024483159906600778,0.0459183978871974,0.040954562808450175,0.08368677591177108,0.08563259800809626,0.0860019333594942,0.11931898798250193,0.0780137311327109,0.043844679569402856,0.07919206732323675,0.07243912727052144,0.10393107990239232,0.10450845883880411,0.11580696927601108,0.048689403503875295,0.04276184064857844,-0.01776043426968296,-0.017432731037260757,-0.03266246145989212,0.10335562258560013,0.06028445027892347,0.1232497571981603,0.08339849105570474,0.05890143612400263,0.14890907280498034,0.15066466092100467,0.19888876789616136,0.21973049103573075,0.19011474633456196,0.02406591993825014,0.04166588912782508,0.04825216825378642,0.16731411248394062,0.15015096299132955,0.1924424427603733,0.17052849017488442,0.17260841550281467,0.12316957601031847,0.06345139749587475,0.09616143898246479,0.0871099166716074,0.03686535076043856,0.09661088391472514,0.13139061462489834,0.05799796304850219
7Networks_RH_SomMot_19,0.6006173915285035,0.6439454699562273,0.693105263761472,0.6283074922024532,0.6518944770371937,0.553010732553379,0.7101139556163794,0.8035338025962658,0.6612866071702996,0.734520213887544,0.706629098859412,0.6744185360419319,0.6547080234191247,0.6376877404662512,0.644988796618232,0.4246028389184617,0.6758234893910736,0.6940788087618491,0.7083748640286323,0.6828532005044674,0.6070219242927339,0.569133202359129,0.6649783554247668,0.6716705890251987,0.594641586894114,0.7064253111339056,0.5164651196138109,0.6553113318650712,0.518224542496133,0.667941082624364,0.584306476826286,0.6009752385921368,0.4442930089174594,0.6532379735645,0.6043423813187052,0.5557058162079263,0.6877088919731327,0.7136940506904533,0.7835586931407807,0.7507835841131467,1.0,0.394965551471665,0.681327302314677,0.6473271708375405,0.7305538726812729,0.6666516040023318,0.7141599278009368,0.5151094798501871,0.6431807714832223,0.6208389844145515,0.622452653051935,0.7031957238479454,0.7339847927016091,0.5727574129395444,0.3771013287456172,0.4638187937280421,0.550130291298124,0.4726576337178409,0.6016306086879523,0.6574766985928722,0.5352576326802702,0.5576053501109178,0.20995410589800148,0.20813682932147617,0.1766213992049207,0.10590556070770157,0.17798212591137794,0.17404733111103637,0.1971508006536637,0.186167297614819,0.07305575648443781,0.08087643726887206,0.02618107643306495,0.05332507841584535,0.07303549754836113,0.06764774733581906,0.09675258650986157,0.07640683061130878,0.06409184404117102,0.048916052073905036,0.06156144514828664,-0.009767283136878002,-0.0009543087600735888,0.011109638365686398,0.10960202041045267,0.1250881018939202,0.11182995328343139,0.04939598955048724,0.026525242088240208,0.1151619071512905,0.11395566057665173,0.16824283544852875,0.18507294618132808,0.15670696639092138,0.009959040741062304,0.05421628885967197,0.02199903407870716,0.11132712233638131,0.14131674638930214,0.18985726960826507,0.12879893467831366,0.182484249853549,0.11736008714436182,0.10835599776296669,0.1389966046622364,0.10467803634115899,0.036176856396345124,0.06369064425734419,0.07537178964958206,0.035963398043122624
7Networks_RH_SomMot_20,0.431800801357356,0.45117173088453133,0.43861949931068595,0.46588901633607066,0.4799285125622111,0.35083855837469713,0.5126792670931153,0.5007497680558599,0.42965851718497255,0.4622276358233288,0.5323400501877104,0.45937803120838167,0.4757294874815502,0.41820606269577487,0.49511249997288886,0.41055058055209603,0.44408605427863984,0.4538411161774894,0.5205658788490023,0.418770358344455,0.5091143672030848,0.5085785951074264,0.48589558160530877,0.4466343643997536,0.5677061214765,0.5196550266916107,0.2923440095480777,0.4755798341871979,0.5235968329597074,0.42330294748147274,0.5110692561602902,0.4908888114939182,0.3653731744566557,0.4961303505328025,0.47296909664331777,0.44932396075435915,0.37065038446937076,0.5168896453130355,0.40488089925438486,0.453159065486757,0.394965551471665,1.0,0.403372334883276,0.41249756968023427,0.48830160309073684,0.5677164731752304,0.49480931592245175,0.42913077553455997,0.5877899793855851,0.5735814624063096,0.5598926472114469,0.5203321095721339,0.5028758911365521,0.5786619064945561,0.28765232856910766,0.3681562600465193,0.5101556581885519,0.31491384199629846,0.5627755300165281,0.5364771922756598,0.3191054475475477,0.596339944739525,0.03651949352402154,-0.05326449600323387,-0.045245285762066476,-0.004535224319610734,-0.09715042773139776,-0.12068033323271517,-0.020093754295477058,-0.10277180681477,0.09958543002050835,0.11074271613559768,0.08837901041369739,0.10510681678324693,0.09882063905573249,0.0978028923243019,0.14495389500663353,0.13813706915024448,-0.01260882531814866,-0.06676819000607734,-0.05290684731520409,-0.0633585060554641,-0.0801228858021465,-0.054257360644005916,-0.03329056326907486,-0.033303529048213494,0.09551738374941547,0.05722191665483108,0.042724281203009674,0.08841615194454178,0.11640075679569571,0.143618926690928,0.13056865678356305,0.13705546340940636,0.03606935892302655,0.029241097444035743,0.062582979849097,0.13114717518759966,0.08361035630143558,0.13468801870680344,0.11485035217011623,0.11678628247455752,0.06130098672769231,0.037824726252754855,0.04261201761950006,0.12861545554021828,0.03340099119897865,0.10671598677202591,0.12617118773652358,0.01980431010403515
7Networks_RH_SomMot_21,0.48872244295166123,0.5662304509095285,0.6071311677096788,0.58605659825471,0.6564688692957609,0.6461239388988512,0.6872774451433077,0.6940229034819836,0.7881498383580289,0.7083873194191841,0.7067682052498211,0.7605974706709685,0.7481976092813015,0.5972736822698661,0.6383923696107088,0.48463737585512334,0.7491227268499087,0.6835831324652505,0.7664181762825593,0.6307760963907636,0.6771401755954212,0.648176321718126,0.6877419490150705,0.7534071437177767,0.637155665699165,0.7279220782826404,0.534332584447906,0.69630081543385,0.5566346089536326,0.7528198154035957,0.5246052457659622,0.5023623984586754,0.37245327229908914,0.5277140218283514,0.5106335701387343,0.4851238457574301,0.614573931497593,0.7236702328477557,0.6506962797265925,0.7707753980814042,0.681327302314677,0.403372334883276,1.0,0.7719703958683954,0.7848438706446978,0.6282431696504204,0.8399374759090168,0.6649027563027599,0.6614676373375867,0.5399515244587749,0.6868414565959026,0.7014052873551625,0.6704497405428992,0.5488058568298729,0.4458054436590097,0.5709629357378432,0.5648756325223561,0.38386680449722527,0.5151607979201623,0.6629051729076567,0.5690431821529167,0.5420716867327158,0.11705647334921296,0.10465359130015585,0.09237933778925152,0.05130642782056095,0.0725467079791431,0.06253498668597562,0.09549422675574223,0.09850819303066062,0.05394966489433194,0.0865120846685089,0.035289534981139625,0.037142459436014214,0.06317338631516087,0.058018360272235316,0.08057315075526056,0.07388965170402043,0.07229153887283415,0.019627104623074446,0.020460497505863675,0.006289835252446979,-0.03139024048202345,-0.053087988933888934,0.0644052845832478,0.026455509972608354,0.23726273932597258,0.1851532729736103,0.16747192314692638,0.17651146589429795,0.18016814492693325,0.2184351813869422,0.2938760297248545,0.2523623384465759,0.022843050788913584,0.01592242568942528,0.03051909825936642,0.22152143387310194,0.20299120898826373,0.2655289887099876,0.21512708096115435,0.18367806332855194,0.1073732105534935,0.00396735118377793,0.08027495276828836,0.014226506030957367,-0.09139342265746588,0.015789137684835395,0.05193422039239689,-0.028220312055392795
7Networks_RH_SomMot_22,0.5035856062666638,0.5232037621920288,0.5498897150082837,0.5314967705596372,0.5780851814750599,0.5802446064144108,0.6676486051530824,0.6508908524542478,0.7377344423820614,0.680234907588152,0.6542249772185031,0.7335553398615245,0.70290707102195,0.5631774777901938,0.6216414855027101,0.46299955083475947,0.6930536746165681,0.6599266356475564,0.6871763704757676,0.6046866736276035,0.6052991060616214,0.5721045613780703,0.6682916651463257,0.6776506667709448,0.5636494394623076,0.664684001764447,0.5090824813664476,0.6341819924380885,0.5421880053658522,0.6795014337121006,0.48343110240163856,0.4907646402622398,0.38093453198150334,0.5126747652068826,0.5009603971621848,0.44272036053932357,0.5645159489949377,0.6647638984801242,0.6055389151300754,0.7496466542153495,0.6473271708375405,0.41249756968023427,0.7719703958683954,1.0,0.6826141853444556,0.5989952777769163,0.7720887508783654,0.6106131783477866,0.6010586067524013,0.5156256211961148,0.6078426911260639,0.6430776971561903,0.6585289059756436,0.5344174618395795,0.42037455180744054,0.5642926626679418,0.5485211879514988,0.4027232010871473,0.48554179809849674,0.6004754495762687,0.4931608454812063,0.5169488785802275,0.08466805460971745,0.06491378987171276,0.06954132392535313,0.01919621194639739,0.023949783849250988,0.02349492774971892,0.04223145024995973,0.07039424705004525,-0.02603550075122118,0.030898425666855446,-0.010799045525809731,-0.0029125701537101967,0.01796964088288463,0.027126111443404308,5.1317217216110946e-05,0.02808244570247383,0.08733324495044088,0.03562951562971711,0.02060717727528071,0.0007277811350568251,-0.005458930239031653,-0.016482612546021177,0.09181382452264798,0.05772579969055887,0.18097188672779252,0.13852307497139713,0.10499073971508747,0.14918252847440672,0.16734971438700375,0.20890420251589153,0.23770182438377963,0.19879400769855662,0.08452854945813847,0.0716969334310588,0.08988389005843027,0.17855696229506332,0.16199819822261782,0.21275239357428732,0.2328747610435372,0.2023792491432636,0.10069476673293445,0.01866270089603796,0.08476050816526468,0.06660699727980987,-0.041695753353692654,0.06021038830492539,0.09839624175387704,-0.00952568397550532
7Networks_RH_SomMot_23,0.5757111023081519,0.6529637458866151,0.676528091379348,0.6415420506698697,0.6769357068446483,0.6568428484366421,0.6966959846947273,0.7898993857822207,0.7602856138650772,0.7411732271590434,0.7304961107450656,0.7682228934976643,0.7834540914671713,0.7110563024774806,0.6883040576154723,0.5353705889788405,0.7394507531244349,0.7021263778034201,0.8156880667497337,0.7011799371659788,0.7361816718532873,0.7270144109524805,0.7184010832971016,0.7654415926098689,0.6975839299659476,0.7576492043435661,0.5341824540029008,0.7374244768541978,0.648459491132637,0.7673106226437619,0.621572931624717,0.6110648784574576,0.4642380504134335,0.6302975925564893,0.6352484986905784,0.5524854103172099,0.6496316098024472,0.7397774849803144,0.7415063120964939,0.7404006682672809,0.7305538726812729,0.48830160309073684,0.7848438706446978,0.6826141853444556,1.0,0.7213687705343171,0.8214971102582823,0.7049072669986812,0.7411894742851085,0.6845221824540576,0.7577152182919479,0.734265301794947,0.7574988318204652,0.6542255094502935,0.4862020581530685,0.5812393596817119,0.6625468553715452,0.44341050218863004,0.6430597015986577,0.7308553319311272,0.641092628689443,0.6371845905396485,0.14607159401304956,0.11908585677617152,0.09379760328467053,0.07532692772663524,0.0978026998283991,0.08792497300757962,0.11527982660140662,0.11262231139124643,0.029927482670608307,0.0532190887208902,0.023843522671156324,0.01615721757659673,0.028960553937373526,0.016447054375219882,0.07471670163554685,0.05121389752552131,0.04809354649677532,-0.014827892468475889,0.007069243480581987,0.006433871398320753,-0.039029607003159314,-0.03179001032861996,0.06629847475394912,0.0501351698979073,0.15606390987872748,0.10693890836094251,0.07294992869910566,0.15843626379802725,0.17705975064550133,0.230360190778543,0.22596502365943089,0.21641496433096194,0.02657063499342407,0.03320445924534052,0.022084618762484413,0.2031564847795036,0.19620195415436267,0.2640312025447646,0.21654108971930802,0.18019511401616364,0.1134393059956231,0.08782926309134918,0.0905328771349606,0.08248374166154877,0.04177637014641442,0.12156845309660116,0.1140342463162134,0.03964525478452066
7Networks_RH_SomMot_24,0.6214641519610747,0.7415648511223547,0.6884410838451747,0.6505137581449936,0.6948308446731251,0.5485707590253294,0.7092279946798197,0.7659251480307634,0.6350841419388501,0.7245783411817706,0.8127889913871985,0.7058718573361624,0.7681595496523744,0.6370820009409663,0.7026049405884868,0.4825622345939209,0.7407843405362388,0.7964866194207558,0.7989086631561259,0.7229714780801082,0.7307672031694256,0.7215635563583338,0.7316687783650019,0.7005599445595445,0.7861203025556521,0.8016485483540776,0.5695102197931267,0.721950877424159,0.7323923297331036,0.6862371773858758,0.6794878592032467,0.7397671653550202,0.5118701933854316,0.7655680289497245,0.6980786763399486,0.6850902241495244,0.6459197954777897,0.781414867510696,0.6846650213437341,0.6806575834688299,0.6666516040023318,0.5677164731752304,0.6282431696504204,0.5989952777769163,0.7213687705343171,1.0,0.7381392607540993,0.6056236483603767,0.8019753707007286,0.804326548303359,0.7515765921508506,0.8109050123241022,0.7370775109186464,0.7905423979921677,0.4283889581358808,0.4899380159262578,0.6777911427009825,0.46299611782276384,0.7511531940955456,0.7782679239498258,0.5039182938414001,0.7815547288403182,0.12054186948823556,0.06907736256252653,0.08529324345826794,0.021064022808473727,-0.015090762372627449,-0.035660897302406125,0.03323133098120037,0.01487033645818044,0.09632780329109569,0.07159576133622111,0.042189777452988526,0.08263401146754605,0.07141957659857893,0.06524517382780791,0.11301714148441874,0.09793377951848624,0.0841797329806576,0.0072495542503023475,0.014540158673510543,-0.012054014172931397,-0.04856526755406212,-0.04557731464312247,0.08655294480046358,0.02589548960053767,0.12817222886337756,0.048667205537738366,0.030125571985105865,0.10015881967520486,0.09414963387774469,0.14182492191038365,0.19400845780442502,0.1453835811216707,0.028403594695998187,0.09232711699083342,0.06801411874943414,0.16547738093796202,0.12704340279542917,0.1800025371301819,0.18713024582467458,0.18384303355549872,0.028504421226664356,0.05583811977019698,0.03613397905856713,0.13658563807765037,0.10248093962322176,0.16870726862604207,0.10932302543881262,0.06110093871619293
7Networks_RH_SomMot_25,0.5388541813565265,0.6804829041708735,0.6627946837065662,0.6291638115334893,0.6945388247590377,0.6474977827963786,0.717032138007868,0.7482573274266926,0.8136636184756226,0.7514591242929056,0.7924078538981636,0.8097739209963737,0.8080970843424417,0.6584919989632774,0.7307975532848746,0.5017732905955348,0.8095879949107659,0.7499262472568898,0.8472642220821629,0.715979622922404,0.7688591827613496,0.7329028305541437,0.7592969642918532,0.8266474115287599,0.7149548655583637,0.8003432853557904,0.5517464409314606,0.8023019590375761,0.6323133138068472,0.8272929141929244,0.6083882161654857,0.6532549900862208,0.4427848524235718,0.6167276031512923,0.6294211099847378,0.5652943995787179,0.6203584760492056,0.7990794801040446,0.7175678744410808,0.7866660677711961,0.7141599278009368,0.49480931592245175,0.8399374759090168,0.7720887508783654,0.8214971102582823,0.7381392607540993,1.0,0.7039412126790333,0.7788574164487236,0.6468075986973557,0.7872583592649407,0.8078029194540334,0.7528385202420065,0.6524329050968065,0.4624480436017702,0.6001383419628682,0.6545938671123886,0.4358373129396692,0.6277427973733997,0.7657145374773909,0.6297665914572704,0.6474473966881557,0.11511017905266112,0.09523058032095692,0.08967451476241756,0.012213723934321404,0.028655085610688257,0.01750497926087215,0.0581255182584036,0.06526196841623269,0.06357808210482459,0.08234477439050196,0.032884786385275776,0.033011918691489006,0.06310920662796565,0.061971672851060325,0.092838358925191,0.07598388008375022,0.03914186928861982,0.006649259808712107,0.01439092962754194,-0.008524163700215533,-0.03702402102641492,-0.050840646524288956,0.06053991222025918,0.040011476046837226,0.19182623590097997,0.13265638429340054,0.10861494268677555,0.18177495093365548,0.17847216197529928,0.2216727601800483,0.2689014772776305,0.2338165686450495,0.03954715673373636,0.04350639658461736,0.055379853177005334,0.2221908400630249,0.18049238598248057,0.239807152399436,0.24622491872493307,0.1789399855526479,0.06276648064959992,0.023562055250178692,0.07318499479832218,-0.006250594946128116,-0.04833528577325162,0.056027084921863236,0.04364597287691698,-0.004982812592009392
7Networks_RH_SomMot_26,0.3902925405037368,0.4760738260905352,0.4965122610872583,0.5007081889324279,0.5029445685248102,0.5417092343099913,0.5406222771396448,0.5675410065292666,0.6705655403084815,0.618757823047381,0.591697402395315,0.7193431805471902,0.7247457621127085,0.5874190798961467,0.6455309234375544,0.4512654267240702,0.6530736415163708,0.6093310457927925,0.7521700881029527,0.6373833113076302,0.7303217310351797,0.7150911194441592,0.7006484917920465,0.7166390796351488,0.5751011561892106,0.624862257030151,0.5374639223515846,0.6798305840962079,0.5970697287709081,0.711888344491475,0.5013506487699323,0.47487093066010094,0.3636140597124706,0.4763280910377193,0.522466010183327,0.34607215168080346,0.4964641699228991,0.5776340284976625,0.48463078028275897,0.5847821218915887,0.5151094798501871,0.42913077553455997,0.6649027563027599,0.6106131783477866,0.7049072669986812,0.6056236483603767,0.7039412126790333,1.0,0.6944785544829136,0.5813172828530944,0.7443251925676974,0.6358130982600803,0.6952287814170216,0.5870519341594991,0.501308045269617,0.6333138048064023,0.6675963822593318,0.3949597481127748,0.559609641744144,0.6197542318951896,0.6179379833232148,0.550919244305557,0.10136863425455263,0.0826742603327302,0.07130374987102195,0.09015628928592338,0.06807298881067679,0.06045272237711853,0.09297547778486269,0.0720997169641234,0.05248950422587148,0.10435973462910049,0.12118503202489245,0.00970107000478629,0.03929773449974055,0.04586010682048177,0.08969453535937805,0.12265446539919284,0.03850732065125108,-0.045380495376414386,-0.025211795848137344,-0.010453122600953543,-0.0740436796389391,-0.06937171831938259,0.006531243388714615,-0.013755528300174022,0.21181807443897308,0.18960670681655137,0.15979815059042932,0.20807921520871886,0.2408986696671084,0.2717588086068541,0.2552793999532395,0.2628012310153636,0.006574557741087936,0.032189822147953934,0.03410717963133076,0.17557614729673926,0.1279118149617379,0.18411171517684558,0.1464941418757764,0.136573014465987,0.058302616941855234,-0.014711554646897893,-0.0377156393034281,0.08355553697506583,0.025195544804879948,0.12202640080043341,0.07009373079143091,-0.005960984104566757
7Networks_RH_SomMot_27,0.569261106116572,0.7171849172629967,0.6643014236446075,0.6374670041847353,0.6697112974666735,0.5797758122446813,0.7301842974508548,0.7070520862895264,0.6871853316172855,0.6989683021232386,0.7685089546494256,0.7424783496519829,0.8174119454137845,0.6368312540716146,0.7546973148566174,0.5414847056629611,0.7587989019921111,0.7103652868409217,0.8798233788407335,0.74593754600518,0.8560837735261023,0.8459533543265169,0.7601563604283491,0.7963893916764518,0.8690807742011001,0.8430117247863397,0.5566571386901094,0.8375015187444549,0.8193202935860214,0.7613271934326954,0.6845530591257761,0.7337767607347023,0.5209077286697152,0.7194937511004499,0.7064572967664261,0.6381112231901683,0.5365262874142894,0.7676362293077834,0.6236107490510214,0.6938721152228516,0.6431807714832223,0.5877899793855851,0.6614676373375867,0.6010586067524013,0.7411894742851085,0.8019753707007286,0.7788574164487236,0.6944785544829136,1.0,0.8762162293332224,0.8696866099786354,0.8260510956229479,0.7222684215285413,0.8547861063985779,0.4713858854693082,0.6178236630895567,0.806408411463219,0.39767972966118703,0.8162751855404385,0.8454369292066823,0.5740883911011169,0.8623975345122719,0.1487623723738444,0.1153145150337257,0.12037537193462985,0.10389669373498542,0.07462045005479132,0.05511820979049604,0.12172475798139816,0.07741994542054947,0.1502812244383762,0.13044860619896187,0.10201708880685263,0.07863076810177565,0.07926119091131931,0.07636991582430697,0.15666979738412412,0.13763295704951456,0.07905278509017198,0.0014696497887648225,0.01273127961804763,-0.0364427115424101,-0.0614477691229137,-0.058393925872129306,0.055089842225009976,0.021403120984503785,0.208266322653779,0.16064893063790714,0.12448659753740915,0.1639185641321117,0.19632344410027922,0.22772832432150705,0.24543912977840313,0.25335808839234664,0.04672978605991946,0.10606601804838932,0.10326946019234912,0.20216558235701607,0.15658814352985254,0.2231535905103451,0.21879210953685382,0.22163920579701338,0.07049576676312236,0.06328189720052252,0.045199303962704405,0.07624575920418357,0.04474509042043842,0.09026751847435577,0.05529627223155286,0.008250684357795366
7Networks_RH_SomMot_28,0.5859841550563271,0.7340806362185633,0.6468247024123148,0.6115035887719027,0.6596263871754874,0.49247702388286807,0.6785742015611033,0.7016207729022166,0.5385089216374089,0.6454361975745336,0.7277222986970221,0.6578638576096996,0.7352067546474039,0.6523339777629926,0.6715178287923786,0.4969935933694794,0.6497664142894617,0.6923815104233861,0.803639723005161,0.7497387727639353,0.7600020625484195,0.7610883586155313,0.6929143132769459,0.6552595488322563,0.8657573734281508,0.7764963507215236,0.5053056264666613,0.7102729062217592,0.8115063589614455,0.6336592677018045,0.6634517105086353,0.7430502060088305,0.5447615503628646,0.7810033896485523,0.6710961236710571,0.665235617156077,0.5423688129264463,0.720555974783586,0.6183819753921946,0.6099237921842228,0.6208389844145515,0.5735814624063096,0.5399515244587749,0.5156256211961148,0.6845221824540576,0.804326548303359,0.6468075986973557,0.5813172828530944,0.8762162293332224,1.0,0.7821541198172992,0.7568551628758496,0.6757110900879497,0.8782255841309903,0.36108669920044906,0.4315602289985128,0.7207715387578606,0.4647016644128326,0.8833928959624175,0.8110505759211444,0.4477592059893438,0.8909425410103937,0.1340489664631898,0.09297706313114797,0.10315995362208903,0.07838273657157217,0.04404468885533863,0.038435175055069166,0.10127151266901283,0.0655780051472763,0.15320312209765227,0.1010368442683422,0.05029714396976062,0.08735110723170073,0.08491884084540192,0.08706014515622906,0.14290778851601138,0.1200593443798195,0.0892672705951779,0.024265681115690853,0.01353210100785415,-0.01731423593009039,-0.02919875462044203,-0.02825384195302633,0.07923187956567407,0.03382610013819001,0.1810995305724388,0.12833115617636964,0.10943809138151116,0.10125712176912972,0.1414031602224307,0.17450740370517379,0.2191620923612539,0.22024095419497067,0.054244963864958785,0.10804874477497153,0.10302553242919485,0.14792937563121486,0.1054198096812804,0.16566070940265742,0.2001228629053919,0.17701507582312687,0.07656251380356742,0.11146966755038555,0.06807793309769668,0.13893892601141203,0.1101610726881283,0.09912512051061358,0.11408659464993466,0.021708747252715467
7Networks_RH_SomMot_29,0.4853823622198406,0.6392670187136837,0.5997228889121413,0.583806116697518,0.6281944776155399,0.6060717137328681,0.6859766270909262,0.6780178085245174,0.6877862398977663,0.6968544590931393,0.7476145698617739,0.7131817112303479,0.7740007698460141,0.6318860533771302,0.7086047557147395,0.5385815446155008,0.7404847702488465,0.6683475443622146,0.840806366213658,0.6984569835651174,0.8100183758214814,0.7980320820728728,0.7199901300051775,0.798276038842548,0.7946037971893515,0.7794326607234745,0.5052847734942545,0.7954491229394097,0.7381186186425814,0.7408308908128449,0.6249013125378772,0.6488345273940781,0.4260010249456951,0.6404354896748715,0.6298321965131313,0.527274229706954,0.5300732049196396,0.7251388755280224,0.5939056264258608,0.6533183177857962,0.622452653051935,0.5598926472114469,0.6868414565959026,0.6078426911260639,0.7577152182919479,0.7515765921508506,0.7872583592649407,0.7443251925676974,0.8696866099786354,0.7821541198172992,1.0,0.7815487524038476,0.7037884995756839,0.7972992329377926,0.46922745641885066,0.6210955364038634,0.7465222712826158,0.38517616908793534,0.7444464814846445,0.7713705214941717,0.5883234719714843,0.7714614564017525,0.15758803706562902,0.11840688704142588,0.1097125945483118,0.12876488397160443,0.09107627922263772,0.06750403636818357,0.13719485073261437,0.08650027222054456,0.1154258394061977,0.13860657560782466,0.11207385398273491,0.07555643494900294,0.07955847595307883,0.0792599655455462,0.14997873795948155,0.15076540110720368,0.030066256552713774,-0.023756851422721267,-0.007149591723299398,-0.02402659455751644,-0.06266431289615124,-0.06817673917738207,0.006919920683069999,-0.005369618718401854,0.17866114448546846,0.13017993130633249,0.0987301269727299,0.18126300017130997,0.20163256692730486,0.23874047795292797,0.2412780566950617,0.22898301985836156,0.006797993111099965,0.049347659372443155,0.041909543185911585,0.19447993589686355,0.15473288195135015,0.2100021337067175,0.19078932612834285,0.17558373617871406,0.056883265446011994,0.029663809447137524,0.0271475273473619,0.11200757992120193,0.033806191613519686,0.11124800687989846,0.05780531641770271,0.0023647236069874247
7Networks_RH_SomMot_30,0.5653959370368822,0.695448785763754,0.6702064284297573,0.6186721382672525,0.6818699318470588,0.5712894437522896,0.7526810153138026,0.7258809350785401,0.7332068332046086,0.7201022699316345,0.8292959282239478,0.7639572848494701,0.7726314209444978,0.5841769061321812,0.7313887132624746,0.5158715493724135,0.8507341448386205,0.8074370284678536,0.8238010506040265,0.7311263921036486,0.7879173141105633,0.7369584576898431,0.7595642115281248,0.8023810807536654,0.7873418238745243,0.8798976022149106,0.5939563572683314,0.8059318639915151,0.7346975791756358,0.7931484169625729,0.6266686635286971,0.6913904215090914,0.4411319673773917,0.6740774591325407,0.6363127326335627,0.5850402723864675,0.5993632926230714,0.7705587753155004,0.6576634100671936,0.7387276980920503,0.7031957238479454,0.5203321095721339,0.7014052873551625,0.6430776971561903,0.734265301794947,0.8109050123241022,0.8078029194540334,0.6358130982600803,0.8260510956229479,0.7568551628758496,0.7815487524038476,1.0,0.7191704171750132,0.7870492282295602,0.47452175300162697,0.5807877074099441,0.7111082768683663,0.4142345870918698,0.7049114501458414,0.8033189701468704,0.5678729087008164,0.7590831535173018,0.16361112840595657,0.12537401661658812,0.12099302187330088,0.05745147989690278,0.06075438998056307,0.03813920499855599,0.09833238722209652,0.08775296284412101,0.1309194597580957,0.1316516047704728,0.07806852536737856,0.045852388077439694,0.07839664109785136,0.07361933153399426,0.12125722584093841,0.1198044994396576,0.06327529936384346,-0.039632752610748744,0.005422570333425737,-0.054056958050068285,-0.10106559851608071,-0.08113811068921034,0.05165606351539408,-0.006948530628632811,0.1546208457253103,0.08459083431195295,0.049428780317989765,0.15999343626373932,0.14494389612099998,0.18925795672936885,0.23561666026087663,0.18709757197036675,0.017340459253300036,0.04982970434458708,0.05285775328210505,0.16199657424826377,0.11479185760431494,0.1497608420771384,0.16262628667944212,0.14503623941882954,0.01400662997047847,-0.006725940663399572,-0.005964582191802625,0.054297378957811844,-0.0018295285564414385,0.04547491608442167,-0.0022455540006947176,-0.04639482870849466
7Networks_RH_SomMot_31,0.5619481081344535,0.6362808565671171,0.6437160803129379,0.5939225418625019,0.6030767386121787,0.49328948945720935,0.6550608651598189,0.7584566942253245,0.6591938900138787,0.7420221590642038,0.6991061364177005,0.7092927414876721,0.7074488908566862,0.6479356582086951,0.6802656042565985,0.447933736116083,0.7246996442857486,0.7535282221538724,0.7877421890121344,0.7485618465874839,0.6980214537697422,0.6806855677309359,0.7714071570870955,0.7428918292503942,0.6498746283810589,0.723844823977123,0.5526974950539731,0.7205155914369866,0.6021128702654922,0.7450004724703246,0.6160794620861777,0.6251209874481569,0.4657395666412974,0.6536243645565549,0.651732582002667,0.5702808872080803,0.6757454834344425,0.7101120528227993,0.6971746772497291,0.6868266385240297,0.7339847927016091,0.5028758911365521,0.6704497405428992,0.6585289059756436,0.7574988318204652,0.7370775109186464,0.7528385202420065,0.6952287814170216,0.7222684215285413,0.6757110900879497,0.7037884995756839,0.7191704171750132,1.0,0.6269529195218956,0.4707520622493259,0.5244440741464232,0.655019978759105,0.6455750727304742,0.6918103492614043,0.7517137979850281,0.7084166874360573,0.644313964520015,0.19467840004238215,0.12920934829678218,0.13115268205564676,0.09842373108862451,0.07124115947229195,0.0729952631540429,0.12768251260719843,0.10951808428359278,0.04490902364977461,0.048885270791668815,-0.001963191665242638,0.0683125117142014,0.07708515450292971,0.06515116772597686,0.07780863554541208,0.07289749002943528,0.001825863177237104,-0.06966955801569001,-0.033182072628083904,-0.06681421395182875,-0.11086928585793478,-0.09068657549279557,0.004966977313792641,-0.008194925791685912,0.11589685673178962,0.08445010554890434,0.048734738522284535,0.14440166554166262,0.16659590248679743,0.21044728021497652,0.18316061187155294,0.18583270609323008,0.022421249578152,0.10034618882234687,0.08702453036129564,0.1527207750301715,0.13246137569331812,0.17407927825751263,0.14552235244214184,0.1887492292596341,0.08569921861777258,0.0821954927623063,0.06912874390262694,0.08717669031219792,0.06777252833812848,0.12733934402875716,0.10133036038997711,0.03184592854569208
7Networks_RH_SomMot_32,0.5565974128582859,0.6822562373963338,0.5990461058352475,0.5850438859207421,0.6369460003131504,0.5280935320039142,0.6985889109178528,0.6706077726908953,0.5870843896803651,0.6509052313964181,0.7359680695448337,0.6736563351919267,0.7679723629794706,0.6083856745724022,0.6930357489177151,0.47245177834222174,0.6829796786688177,0.674692308049163,0.803339611813063,0.694818643240856,0.772434663507609,0.7526342604339898,0.6859483914819119,0.6751945442931616,0.8815403554199438,0.8098645168297305,0.5611137616461754,0.7305977312225718,0.8545813629983452,0.6563694954069208,0.6332403166002701,0.7183567372469419,0.4956898853046442,0.7357634845629805,0.6570117851298962,0.6491892801063985,0.5158208684467143,0.7257914579874246,0.5802446595121912,0.6253600326270498,0.5727574129395444,0.5786619064945561,0.5488058568298729,0.5344174618395795,0.6542255094502935,0.7905423979921677,0.6524329050968065,0.5870519341594991,0.8547861063985779,0.8782255841309903,0.7972992329377926,0.7870492282295602,0.6269529195218956,1.0,0.42217491371658067,0.5231752052638036,0.7601245091428583,0.3532888620433363,0.8263309115511952,0.8032053537191157,0.4233356265610818,0.9079614253224181,0.13634698190402067,0.09429498648978278,0.1151810532133233,0.0958923951005672,0.053617107020068756,0.04551875912386414,0.10231144534230942,0.07068940227641302,0.1550941899578257,0.12681602198256203,0.09969846962914047,0.0825636261533232,0.07377953241383255,0.07869738349390225,0.14602774251812903,0.14629500364552855,0.08683585962147025,0.008478454273366345,0.006298172412078744,-0.0026654779059427226,-0.021349963370473325,-0.010578174059193386,0.07799381803975185,0.02556164764548582,0.14327504965587676,0.08803911106221562,0.04763316476830789,0.11399511289463289,0.13501659098808044,0.16029241207548497,0.18363506530514032,0.16128912197820522,0.048254181281792055,0.08737646326201594,0.09765980493348392,0.1503818224220492,0.10398664047889668,0.15858445378678496,0.18660516518274692,0.18910410139558897,0.08576792131336232,0.06841224496056585,0.041436432164403215,0.1291097667826807,0.06881632145131546,0.08292666710869938,0.11787551573465228,-0.00543320009543226
7Networks_RH_SomMot_33,0.25132220876032263,0.2658634262010847,0.31271913759653075,0.26906219153609184,0.2918227362268529,0.33095625308440624,0.4059577701044837,0.41671221663938085,0.46466267275665607,0.44969491885492435,0.4053851276122822,0.4551342730613468,0.4437352834216799,0.3901068569984877,0.4646980219807238,0.32473426771606984,0.47034019150309936,0.43824851573284185,0.45962366628109286,0.38268775463180155,0.5057684367139891,0.4863437946656682,0.509940321222719,0.5145266123826068,0.36354144975895164,0.479912964107578,0.4983511102831154,0.527405905383136,0.4640362343399436,0.5396393715880574,0.2826626995293579,0.24937075260418598,0.21553897889703702,0.2625705543858131,0.3806179150381581,0.18958749747526496,0.30544232321054254,0.3572446402159018,0.33599799942215086,0.41500299446004835,0.3771013287456172,0.28765232856910766,0.4458054436590097,0.42037455180744054,0.4862020581530685,0.4283889581358808,0.4624480436017702,0.501308045269617,0.4713858854693082,0.36108669920044906,0.46922745641885066,0.47452175300162697,0.4707520622493259,0.42217491371658067,1.0,0.6432012866475038,0.5856239519430462,0.23910895138072039,0.30648740833932864,0.428817168774719,0.507367123603317,0.37479894780852085,0.18548316936079495,0.17691614930436078,0.14824318028186356,0.1230752755264652,0.1594767251171487,0.1398702205174887,0.14652652253113374,0.16590953295493946,0.06318664138979659,0.09326263673298525,0.06998755612182621,0.05315228120093855,0.0730483763103047,0.04491960041915575,0.07801059351842687,0.0628351327817065,0.028019938924688462,-0.06868526448801501,-0.01356243473049523,-0.020332362938720143,-0.05118004873362345,-0.004388317069778582,0.02427315576683591,0.016328484006650767,0.13120971645704504,0.09404442138660506,0.04844745030028314,0.14509123334662852,0.15252895405450545,0.18033699993546978,0.17569484347373224,0.12693966122427763,0.03594693736988363,0.03981992095489685,0.05609410942778279,0.09772774557956083,0.09585358596269601,0.16055248283676982,0.13338090580216083,0.15565316932158266,0.09369317538392365,0.037631765619065914,0.010518201370393698,0.07465523100788402,0.04603601523796315,0.0811102359359639,0.07823362412950749,0.011949703024803289
7Networks_RH_SomMot_34,0.3405359031614391,0.3290615323358629,0.43224734742176285,0.3637373284941924,0.3810592249563418,0.5244491069526426,0.5190974642568273,0.5074048792668551,0.636410886240668,0.5403648972459711,0.510607680207162,0.6065387833840458,0.620738181203258,0.4777379053509814,0.5790214712268,0.4073748197391798,0.553019512223916,0.4597592478845452,0.6146774413457258,0.5037530175107565,0.6529642729098241,0.6123585152566012,0.6348649777860262,0.6740456854624158,0.5075067779661113,0.6060878203032096,0.5097799898967881,0.691335171883499,0.6082384429935849,0.6692046162316856,0.4306468330548121,0.3511769145813723,0.2768507449230691,0.34628400582812496,0.47362338222619493,0.26706028820329525,0.33615790894214276,0.4727457490102528,0.4118255793914918,0.5584445235462487,0.4638187937280421,0.3681562600465193,0.5709629357378432,0.5642926626679418,0.5812393596817119,0.4899380159262578,0.6001383419628682,0.6333138048064023,0.6178236630895567,0.4315602289985128,0.6210955364038634,0.5807877074099441,0.5244440741464232,0.5231752052638036,0.6432012866475038,1.0,0.754441220670999,0.20590315167233408,0.3858701161780351,0.4979843324869244,0.5146634067704261,0.47884736332264766,0.17558998221730676,0.19015182511095183,0.13055880631452155,0.12675157213205393,0.17159357390418895,0.1354457893111437,0.1258451059153595,0.13586643437823043,0.1048520102303492,0.14498974009011598,0.12229069857749637,0.007318990176325269,0.040899839362077466,0.038501870914842765,0.07558390493205365,0.09670664060024808,0.07880567222983786,-0.0010788470910643292,0.012217402887448324,0.04154414109084888,0.00981246993320437,0.02661784383094385,0.054111294271168946,0.04379403871185667,0.1933964644654968,0.14327349912533982,0.09226696914795839,0.10466421504304395,0.14539752944958617,0.17051295670227493,0.16894576580970722,0.16354937361234925,0.01781830163017182,0.023591013868426585,0.04947492381054459,0.12049831754472928,0.09997771758479151,0.16549286038538386,0.12671912293732224,0.1575939480543888,0.06018432491978372,0.005682169473635922,0.02432726549872531,0.09044668065957628,0.002088343329944517,0.09968939219623034,0.05945602586801581,0.025592785438043535
7Networks_RH_SomMot_35,0.4858063469030941,0.5340908357672363,0.5721798670049096,0.5189010986305124,0.5227068890201764,0.5300005953858016,0.6431390831338523,0.6057956012233642,0.6104894709639764,0.5993518742815793,0.6284021119532912,0.6710504875605237,0.7258803055728067,0.5778565148333912,0.6737653993061388,0.4619318321179501,0.6402737869381249,0.5884506677237148,0.75232708681981,0.6487342229942028,0.7554301664157475,0.7397077612556267,0.7241729853999477,0.7129127101527137,0.7250628035320537,0.7153368849775319,0.5494393064960732,0.7798445892870249,0.8051386554903671,0.6890221312677186,0.5803343157739397,0.5713162945990379,0.4463464803065354,0.5914360114814303,0.6379723448174541,0.5080916625394054,0.46690876790265545,0.6367554210417848,0.5412550979960256,0.6023374039272643,0.550130291298124,0.5101556581885519,0.5648756325223561,0.5485211879514988,0.6625468553715452,0.6777911427009825,0.6545938671123886,0.6675963822593318,0.806408411463219,0.7207715387578606,0.7465222712826158,0.7111082768683663,0.655019978759105,0.7601245091428583,0.5856239519430462,0.754441220670999,1.0,0.3680196611350336,0.6532120338107308,0.7031725977879396,0.5412821467858024,0.7428665650487561,0.17183497632902814,0.13968210917232732,0.12261961527394952,0.11385003692528656,0.09511129714874446,0.07578375191637843,0.10829112829390365,0.1027787972336276,0.12343817260700891,0.1187815675787509,0.09156037168244813,0.04786004525689888,0.05147340856418299,0.046336897106833135,0.09390202898241569,0.09990490226087603,0.04720273032304133,-0.04389479018139848,-0.007587182813587596,-0.022937610287298578,-0.06247445997125463,-0.03755410809888585,0.00467591864435711,0.0037026763546514157,0.19187017817226962,0.13255963760786516,0.08517134765910175,0.11340965472654078,0.16501565831092835,0.1926215967192031,0.1804942230689332,0.19896385021688084,0.07086883730875085,0.1032939225706855,0.12554201848940305,0.10872230289588618,0.07072835242911799,0.13589662344115283,0.17089277444469797,0.18972491773845063,0.1203676833050546,0.06968451193790996,0.037638655896266776,0.12462861171671068,0.05735094719810373,0.11699791511047221,0.07588061200107916,0.018281046339914026
7Networks_RH_SomMot_36,0.35371827435274766,0.4139323846379243,0.3686321389745783,0.34786143914274154,0.3604131240374357,0.1949689283007521,0.3326360796318971,0.5024351318597748,0.3191574115516615,0.4336130789307826,0.43463058148966593,0.41060391285733244,0.3830742425125505,0.4622119890756888,0.37603886234655154,0.3032429526082025,0.41991471929459745,0.5314003862848641,0.4587901042090886,0.5630099685781353,0.36368493858856044,0.3415435481476977,0.5169001492360196,0.4343649727792154,0.3794529669863719,0.3872210621207759,0.33926652328903645,0.4486789032187346,0.41662258205002034,0.4286514925783365,0.3238632725488043,0.4174284593660527,0.31428270958461474,0.4516459299366521,0.38033465380216763,0.3835309544263426,0.5272891880928825,0.43674421278597403,0.454371054593283,0.3852253679662611,0.4726576337178409,0.31491384199629846,0.38386680449722527,0.4027232010871473,0.44341050218863004,0.46299611782276384,0.4358373129396692,0.3949597481127748,0.39767972966118703,0.4647016644128326,0.38517616908793534,0.4142345870918698,0.6455750727304742,0.3532888620433363,0.23910895138072039,0.20590315167233408,0.3680196611350336,1.0,0.4997402271835305,0.5292346253725505,0.622091166697699,0.4340937773060097,0.14353490187736062,0.05880902630782251,0.08826900857124342,0.032842284629278434,-0.004574143720343093,0.02284123611394391,0.08167272064770512,0.0783250012685875,0.08665430728249103,0.09519455215993831,0.044767108429772974,0.111733510374854,0.1323646967566007,0.1185209543459366,0.1205167512233463,0.12740774170062555,-0.07581650028455492,-0.08208209537682078,-0.06824869343246251,-0.0997108443525073,-0.11818239193412002,-0.12791024613574975,-0.06599861751623418,-0.05250425341845783,0.13079045391495184,0.10082571963398806,0.10346743068110931,0.0633580804900004,0.09852512353016105,0.12023476298615764,0.13280789045008942,0.147585576018366,0.0462242885451718,0.11304118661602523,0.13371816158429387,-0.004827542619557705,-0.005631861636898204,0.011197339340972695,0.07418509619975608,0.09817022390837088,0.060465052633353195,0.06664041985308344,0.06701476885488143,0.055992515846207125,0.034074489089415065,0.068050493192795,0.058879833760820614,-0.02906416019208208
7Networks_RH_SomMot_37,0.5779011444367802,0.7178273181440751,0.6226376020241134,0.6151177486206753,0.6359397106653846,0.47814754166742623,0.6529583966869705,0.6864112060140887,0.5036376866388105,0.614244601217409,0.6725640546783807,0.6137957865367265,0.6993114149658597,0.690979675588264,0.6267218680214612,0.47567329800240304,0.6138780740446035,0.6330017664464289,0.7779770466468832,0.7572818289184023,0.7240249263510931,0.724697412293804,0.6506789704920118,0.616268273580833,0.8290655251235155,0.7148316669047811,0.43126834374848777,0.6815273288102476,0.7550389410640979,0.6228062857605977,0.6570388196450606,0.7383272256907709,0.5311291572042588,0.7738266897793871,0.6730045466915191,0.6585953101854962,0.5568739576637017,0.6942553658719315,0.631133452718891,0.5687718970378047,0.6016306086879523,0.5627755300165281,0.5151607979201623,0.48554179809849674,0.6430597015986577,0.7511531940955456,0.6277427973733997,0.559609641744144,0.8162751855404385,0.8833928959624175,0.7444464814846445,0.7049114501458414,0.6918103492614043,0.8263309115511952,0.30648740833932864,0.3858701161780351,0.6532120338107308,0.4997402271835305,1.0,0.8062416571673888,0.4673634434542595,0.8644431194377461,0.09578227308642075,0.039345604830516946,0.052708379785799654,0.0641619934421503,0.0008349449104581396,-0.005181908909780842,0.07816519165705002,0.010844192520386447,0.14351054447591965,0.11050044535525926,0.08008710718289434,0.10708358243723844,0.11531714936393375,0.11915464628577893,0.18118329221316395,0.15877439518245573,0.07804771520737348,0.0310276097420478,0.014162094205971823,-0.04428260667906004,-0.04647260675373968,-0.05591032553572727,0.08060083861249392,0.03528506717697276,0.17206937553175045,0.12187063907778602,0.11588614364724248,0.12467044978865734,0.15668328673483925,0.1819441235761345,0.21617954481261778,0.219290861613612,0.06939090147203572,0.13375275759240154,0.14551827670360307,0.13366586899724955,0.10194150238343824,0.14687964985410387,0.17675948344568054,0.20375297476618187,0.09568981977188838,0.11232671837780578,0.0890529061415548,0.0841609176753569,0.06275607642704173,0.06140467442869553,0.09273260389540706,0.005477937918513299
7Networks_RH_SomMot_38,0.5708870786329115,0.7273602065820647,0.6362167681565568,0.6230309077127988,0.6978998197869286,0.5687522456419332,0.7295213969977946,0.7123861349524672,0.6772288952624603,0.6773074732569039,0.7673441355766912,0.7112812596611974,0.7687387862201923,0.6667205492080277,0.7064159795132288,0.4909747629149577,0.7624481946031623,0.7598187202474519,0.8426695233134407,0.741621806105319,0.7806624730973033,0.758864314446658,0.7600508451969717,0.7752970277444122,0.8267340159457502,0.8424970833278029,0.5302289180549562,0.8145688625645306,0.7910595662617785,0.775893191378164,0.6584756103433196,0.6962022549314042,0.4876837387998396,0.7041685543625363,0.6643026400290676,0.651713087540535,0.6175997955902446,0.7657283349246038,0.686848473759826,0.7061800519481753,0.6574766985928722,0.5364771922756598,0.6629051729076567,0.6004754495762687,0.7308553319311272,0.7782679239498258,0.7657145374773909,0.6197542318951896,0.8454369292066823,0.8110505759211444,0.7713705214941717,0.8033189701468704,0.7517137979850281,0.8032053537191157,0.428817168774719,0.4979843324869244,0.7031725977879396,0.5292346253725505,0.8062416571673888,1.0,0.6333764213937155,0.8482502600337262,0.1769938398495338,0.09860529494251229,0.13050246516432334,0.07840153809869575,0.03833556848787283,0.0263684454665097,0.12490837530915389,0.08277379783152053,0.13798726836784717,0.1196003652941817,0.09647516029618011,0.0811240321697298,0.08851485194158067,0.08414526407988446,0.15536679752824634,0.13844709297228763,0.05030943973307486,-0.015950182439564944,-0.022033663403086226,-0.029272643729037408,-0.05560609640068456,-0.05839535439397689,0.03385418801544253,-0.0073726113788544,0.1919687477509865,0.13838336290721204,0.11650301818774468,0.16421896924724802,0.1867875158292443,0.2205213489861651,0.2413637313244084,0.23638280419332253,0.009458126428128245,0.10083239310029828,0.0886718686201489,0.1772864492258092,0.14256132871919572,0.18205983368107256,0.18477384584754325,0.20244791423905448,0.07367906131890581,0.06729108805799952,0.04959391797248116,0.08379113447939059,0.04800233792179334,0.09191555785479454,0.0759078558764429,0.004807708922881962
7Networks_RH_SomMot_39,0.35735679138773724,0.4042505518075818,0.43139151756138894,0.40137182683870165,0.40151338484067367,0.36990301976188017,0.45526181872344884,0.5538871255938927,0.5647823089909317,0.5059326088617353,0.5242755485632041,0.5757447113801263,0.5259047405910974,0.5114937578587059,0.5234162850912677,0.3776439528624461,0.6085050605929329,0.5689573728999507,0.6179792189526823,0.5869793072673793,0.5763151036764512,0.5564569762447337,0.6572742064046683,0.6954128619648967,0.44412633726518796,0.559110880807162,0.42357765193484853,0.6695318683270343,0.5124406599201708,0.6692038217924013,0.42678261542162477,0.4124074953963428,0.28299907111968065,0.3835871486009735,0.4905236266950315,0.30471680023325287,0.4918905702343456,0.506355834815738,0.5026982167775702,0.5389306217960448,0.5352576326802702,0.3191054475475477,0.5690431821529167,0.4931608454812063,0.641092628689443,0.5039182938414001,0.6297665914572704,0.6179379833232148,0.5740883911011169,0.4477592059893438,0.5883234719714843,0.5678729087008164,0.7084166874360573,0.4233356265610818,0.507367123603317,0.5146634067704261,0.5412821467858024,0.622091166697699,0.4673634434542595,0.6333764213937155,1.0,0.4787852870219433,0.23738952166321298,0.18001029502036706,0.1628610310514354,0.06143337600752714,0.12093323266248403,0.11677252776149387,0.16681410681353662,0.15980507879615774,0.0631681893298849,0.1360620541071106,0.1083773730107979,0.07303539175391012,0.12020342757927917,0.09732727131210002,0.11579330563109881,0.14171490058315908,-0.04136592621628381,-0.0840776178528475,-0.06240998086628923,-0.0174785070647512,-0.07475775204738701,-0.07168889052424465,-0.024194756264997466,-0.033879908227309706,0.18230475776354277,0.172805254665658,0.15021089312504166,0.20106891006880107,0.22395165093620334,0.24607942809322342,0.2272285820765339,0.2396484551701437,-0.0010989868581945186,0.07942867141758844,0.06890676791630876,0.049654701868479,0.0788043694382692,0.10547547139430197,0.08158305615305675,0.12976814614409513,0.1360618474371895,0.08186590395866623,0.0819436196522859,-0.022598898644433724,-0.0003984704597128528,0.07352414586095225,0.048740770952402444,0.00698644613845671
7Networks_RH_SomMot_40,0.5612253110540731,0.7070970815037009,0.603816670451171,0.6049054617447273,0.657800291806094,0.5107398805988744,0.7003683093773183,0.6566627988989732,0.5494732176938358,0.6225226841221706,0.7220875043751122,0.6547261217973994,0.7563557126596707,0.6235626093023747,0.6731386849201227,0.4824761247352851,0.6622990434324101,0.6549206794910285,0.8011616483236049,0.7038349899545268,0.7561166298416638,0.7321291170588193,0.6809953644551956,0.6676644874679458,0.9029842702702926,0.7950849932205751,0.4951262198275488,0.7397495215264029,0.8727018544783246,0.6431630956860722,0.6586627596632175,0.7422133038930587,0.5236519649368319,0.7576296099893879,0.6658403327964436,0.66620903135247,0.5502767043584205,0.7369641940173414,0.5961360389703975,0.6265597295033151,0.5576053501109178,0.596339944739525,0.5420716867327158,0.5169488785802275,0.6371845905396485,0.7815547288403182,0.6474473966881557,0.550919244305557,0.8623975345122719,0.8909425410103937,0.7714614564017525,0.7590831535173018,0.644313964520015,0.9079614253224181,0.37479894780852085,0.47884736332264766,0.7428665650487561,0.4340937773060097,0.8644431194377461,0.8482502600337262,0.4787852870219433,1.0,0.1159724247582076,0.07616432517521438,0.09779056825639235,0.07969153532868006,0.02693783169570212,0.009061487757744296,0.08359291225493189,0.04244425784234361,0.15055747412862341,0.13698858377752812,0.10667587280172386,0.09238354393136969,0.09359123206643988,0.10162423089174655,0.15506344432106597,0.1667200977148394,0.07815893550781107,0.004306683907784682,-0.005746089257838097,0.002636320950609479,-0.021025257869832083,-0.019380791090435664,0.07589284315754918,0.013670628304704734,0.16384435856031546,0.12214043837889495,0.09427948889730703,0.13381355206064402,0.17162626893923105,0.197891906624559,0.21299899860485985,0.21641631894298977,0.07656486450010007,0.12517777994750454,0.13494265680062276,0.1375701535107503,0.0922088705019224,0.14890712769379869,0.1931487790811757,0.19968917476470882,0.10294357662057532,0.10711756536502852,0.07524846769537051,0.09910139484036629,0.08208893883038113,0.0885135403389102,0.1084254909940172,0.021352355028562992
C3 GM left dorsal horn,0.10352126846639945,0.04713909486198728,0.12645268254001474,0.04030462719807123,0.049974615502462086,0.12310840482786076,0.13334459407687213,0.13024252758778762,0.14324743113093294,0.10225117264287893,0.17148745107411445,0.09790471801380998,0.137964520811052,0.16006238974498266,0.17781128284267136,0.1076326305252649,0.22047322154592833,0.1381669905819027,0.15390916977429692,0.17741382109494216,0.1950141175285358,0.1861723305963847,0.22944683915356262,0.22824784268204892,0.1526415127425852,0.20173734080705907,0.16572198892353587,0.24783359652961642,0.16407528475518618,0.21116431082190293,0.11924823134357272,0.08432493711210601,0.0104843940454091,0.06425214016561094,0.18783584806351222,0.03446358745180756,0.05413024111847903,0.04631714203020903,0.06281881102215883,0.14673289888894206,0.20995410589800148,0.03651949352402154,0.11705647334921296,0.08466805460971745,0.14607159401304956,0.12054186948823556,0.11511017905266112,0.10136863425455263,0.1487623723738444,0.1340489664631898,0.15758803706562902,0.16361112840595657,0.19467840004238215,0.13634698190402067,0.18548316936079495,0.17558998221730676,0.17183497632902814,0.14353490187736062,0.09578227308642075,0.1769938398495338,0.23738952166321298,0.1159724247582076,1.0,0.7457916105627359,0.6639181099038575,0.606719440748789,0.6262783279888386,0.5550116816850001,0.7492775714011058,0.5919229624350172,0.14520908371951322,0.1027493036038591,0.0706752881276226,0.09558507283499597,0.057964831128037304,0.030610338922310045,0.12690138555900995,0.05832218515082768,-0.05682905558110487,-0.041272102248613565,-0.06848186718534627,0.08716913885126208,0.03473890039131918,0.03895693659595896,0.005930842653712243,-0.03424820974403013,-0.04497815324347063,-0.09327067208443769,-0.09605321526167956,-0.016719208407650513,-0.014187950462104568,0.03467989416770304,-0.016433131974152384,-0.02915119181183502,-0.06661557694065008,-0.05798302997724145,-0.023279335413770086,-0.08669862219932244,-0.13099192500963724,-0.10769377501012432,-0.08732236391603168,-0.10392076647049732,0.15812092494205557,0.024185698980338823,-0.012534433133689835,-0.020390440383776604,0.0023023980263203003,-0.10657803307045627,-0.029022707397352958,-0.0944621568266774
C3 GM left intermediate zone,0.0020838285656430183,0.03812170309777144,0.03907506994676881,-0.00597279837523205,0.0008881722894567721,0.08503553998342098,0.1191292636053766,0.06870081958188506,0.14342424535164858,0.12332130484095061,0.09817751066208923,0.0907705288574714,0.13228195037117155,0.10796785796899963,0.13869116738399084,0.03554073512679779,0.16633437528006945,0.0787615345459223,0.12598496847031185,0.1270850591677876,0.1403720783954686,0.13131233843813356,0.15839379487338867,0.16682683813868363,0.11531839911855667,0.1610795004047275,0.13172277400794447,0.19057061013608131,0.10858178121552196,0.18141378307518102,0.08865653549632121,0.08619656580218742,0.018311035522802367,0.0333428146985997,0.11804535306427646,0.00468089386102276,-0.0005262697497751899,0.008185275533981228,0.07434550327784509,0.10300845820844785,0.20813682932147617,-0.05326449600323387,0.10465359130015585,0.06491378987171276,0.11908585677617152,0.06907736256252653,0.09523058032095692,0.0826742603327302,0.1153145150337257,0.09297706313114797,0.11840688704142588,0.12537401661658812,0.12920934829678218,0.09429498648978278,0.17691614930436078,0.19015182511095183,0.13968210917232732,0.05880902630782251,0.039345604830516946,0.09860529494251229,0.18001029502036706,0.07616432517521438,0.7457916105627359,1.0,0.8947979042314449,0.5864964687699341,0.8639761193576097,0.8018339225573531,0.8111269923195752,0.8348126044436378,0.07281360330128503,0.08060787672554232,0.05147013999123803,-0.0005730290978934732,0.011434226176082992,0.006594015943899993,0.06371703418221684,0.028425831638999952,0.021620463920912637,-0.008817021890195561,-0.0064783374198917635,0.11749598943714054,0.05304027772215926,0.05561165085430432,0.08279756735853344,-0.0163999526141974,-0.02059865471312452,-0.05596107097886747,-0.0632905375204703,-0.027533058683184643,-0.04781685984153664,-0.007596154536999371,0.0025514724487405113,-0.027222230052908393,-0.030058866327177806,-0.022990690356871957,0.012453646030638072,-0.07753255441867547,-0.10600089180570092,-0.08767022156500255,-0.06291747426594103,-0.10622538091417418,0.11762062853529003,-0.022275744282388165,-0.0442336739719306,-0.0824180097816602,-0.06851995936459525,-0.17674067541438815,-0.11763535882334303,-0.14119489019410103
C3 GM left ventral horn,-0.011923899640517432,0.04379403504486423,0.011765029838897186,-0.01173527432502328,0.006954650436564969,0.07143853132460176,0.1135792051865217,0.05243118891368261,0.13951137935122856,0.11418424294582133,0.09848176402172591,0.09965477326411383,0.14126056921062155,0.09575973507043183,0.1586380516031124,0.03100165548831752,0.16597778975293362,0.10225647531447164,0.13847798242450846,0.1280923760260579,0.14898247702786888,0.13375536095418353,0.1613239885244515,0.16114617159538167,0.14207979679652996,0.18240399442959698,0.12842961695448674,0.18120883385316855,0.1308568483803742,0.18538860783164063,0.07314373992606936,0.0906708564525494,0.05552324414390151,0.04468697190622948,0.09754457618546757,0.031230992467762207,0.02175065291643381,0.023445103599996093,0.07546374522540039,0.10458526909426659,0.1766213992049207,-0.045245285762066476,0.09237933778925152,0.06954132392535313,0.09379760328467053,0.08529324345826794,0.08967451476241756,0.07130374987102195,0.12037537193462985,0.10315995362208903,0.1097125945483118,0.12099302187330088,0.13115268205564676,0.1151810532133233,0.14824318028186356,0.13055880631452155,0.12261961527394952,0.08826900857124342,0.052708379785799654,0.13050246516432334,0.1628610310514354,0.09779056825639235,0.6639181099038575,0.8947979042314449,1.0,0.536536468543517,0.7757717053781052,0.7730680982298629,0.8091905153949923,0.8856622888253689,0.09132851486364768,0.10019703361812711,0.11148215394569728,0.03109300131356705,0.05579569495363868,0.07670599714402329,0.11798602247269464,0.10570037334919448,0.055407532451643066,0.005661825210691243,0.008159839411425849,0.17089100301376445,0.09172443050023005,0.1048708076310659,0.15142167360821032,0.014457339636225417,-0.018078387322722003,-0.040740175823732995,-0.061214612044978675,0.018775520470238387,-0.01900532636304425,0.014430271773384611,0.026263889790706554,-0.011944497981975895,-0.0035215659261825833,0.015485769206291793,0.0385672830164263,-0.06314637486642163,-0.08084457094550902,-0.0813775466702805,-0.02741670226888563,-0.059646063059556685,0.08973180734819947,-0.00876991722175241,-0.02367390028039513,-0.10949832478806366,-0.07071112670791246,-0.19061164419618806,-0.09883995011839916,-0.10461964008749082
C3 GM right dorsal horn,-0.028349203106546143,-0.023502721388023624,0.0327437704081107,-0.023701666715764007,-0.035385937378291474,0.02703630164890406,0.05151995869834597,0.029346589022627868,0.043242997941470226,0.05523894131418824,0.025929455890110937,0.03209102517953749,0.10805458474731647,0.07310446905044123,0.09912959895790292,0.11792272468886637,0.08949271014615692,0.018820507859987217,0.08700282844313252,0.07965614559813314,0.11203648594244438,0.08590488092455435,0.04778014547686633,0.10635159657529276,0.10413149922639173,0.1059839385982466,0.08785950993862679,0.1198959629176148,0.07450474483379821,0.10478047488709379,0.045676920870349975,0.026797163334962248,-0.0208044404100152,0.03395650065220416,0.07560347790487705,0.026780396105454657,-0.013596168674272283,-0.009491164953179428,0.028427114182883007,0.024483159906600778,0.10590556070770157,-0.004535224319610734,0.05130642782056095,0.01919621194639739,0.07532692772663524,0.021064022808473727,0.012213723934321404,0.09015628928592338,0.10389669373498542,0.07838273657157217,0.12876488397160443,0.05745147989690278,0.09842373108862451,0.0958923951005672,0.1230752755264652,0.12675157213205393,0.11385003692528656,0.032842284629278434,0.0641619934421503,0.07840153809869575,0.06143337600752714,0.07969153532868006,0.606719440748789,0.5864964687699341,0.536536468543517,1.0,0.7502410395587179,0.691023301629423,0.7978411541739108,0.562372398658705,0.0674775028404739,-0.013803607416316995,-0.0133575342042588,0.11143460031499826,0.0429804198674002,0.040826182524596764,0.13338893626944354,0.003387514191921276,-0.004564486149571962,-0.041737355588250376,-0.036307854171643665,0.06005130160177408,-0.008724863366439035,-0.009758149090915595,0.007008049447264412,-0.05085381391012006,-0.06657703143312547,-0.08298555924699562,-0.11147169805137083,-0.06078234570174134,-0.04623348162136232,-0.03027020543360415,-0.11479633456734915,-0.0854772763683885,-0.02719925498706991,-0.0602045170055376,-0.047995419486760664,-0.12731744890043845,-0.13200491342703624,-0.12672490152364527,-0.12241448813501371,-0.1379587955126265,0.1194516340464043,0.0030938927268183915,-0.04956122859419701,-0.03981729688556002,-0.03291637473991247,-0.16199373393870803,-0.0770260581649227,-0.1563192270689865
C3 GM right intermediate zone,-0.036637813281732094,-0.014831171689955673,-0.013167228515661523,-0.025460766332988157,-0.0363343207206679,0.06293718548023496,0.06084653869523486,0.032360082354286154,0.09657231882000282,0.08775953930425398,0.026451568091310926,0.04636749991830461,0.09360783597330756,0.05748320337873808,0.08615442833287862,0.035600140982349274,0.09660342298034444,0.007462037231909256,0.06897202236882996,0.06285687555616783,0.08117461453459923,0.06421130584766885,0.06947362929934889,0.10022942429732015,0.053328801989333346,0.09879435587267357,0.09886175332588935,0.11210289337432092,0.044995727981036474,0.1229284781414425,0.027643502489229314,0.0296169878434079,-0.016553132100527064,0.003746422157961148,0.06167825112413344,-0.017159678560131588,-0.02906467709197445,-0.03657832633868393,0.05008258857585283,0.0459183978871974,0.17798212591137794,-0.09715042773139776,0.0725467079791431,0.023949783849250988,0.0978026998283991,-0.015090762372627449,0.028655085610688257,0.06807298881067679,0.07462045005479132,0.04404468885533863,0.09107627922263772,0.06075438998056307,0.07124115947229195,0.053617107020068756,0.1594767251171487,0.17159357390418895,0.09511129714874446,-0.004574143720343093,0.0008349449104581396,0.03833556848787283,0.12093323266248403,0.02693783169570212,0.6262783279888386,0.8639761193576097,0.7757717053781052,0.7502410395587179,1.0,0.9186884919546929,0.8524270443531914,0.8159929965274063,0.02869948911748817,0.027690155820719833,-0.012627386376544382,0.015675096530408064,0.01323585944703078,0.010720649495153906,0.062486683605910656,-0.01687922696599802,0.03628957754063718,-0.0018085649813592718,0.018117542575030142,0.10324333467781383,0.03805359142698866,0.03979105652852932,0.07651115457736002,-0.00799917739719655,-0.052232818468969835,-0.080321649011056,-0.09384448105243991,-0.047805266696709925,-0.06485363861044485,-0.03454327575946948,-0.05105417239985474,-0.07177711312345551,-0.011735978089735095,-0.022617942404149476,-0.01251025383350913,-0.0848158738058631,-0.08115191835311514,-0.07746389866740996,-0.07567247024242418,-0.11076106780839386,0.13471349624852658,-0.026026297491709777,-0.0339937371330519,-0.07129954556035425,-0.10395698968839034,-0.19045726392581178,-0.1319764671992348,-0.1596680595828656
C3 GM right ventral horn,-0.053509890492525344,-0.016244513728123283,-0.05004314072328782,-0.01497542049997584,-0.04878012409801502,0.044744581782957996,0.03253638477080639,0.02738799760397909,0.07867482203461529,0.07215473726994166,0.012026863397377914,0.0402670377248232,0.08032351456179698,0.057407991024920564,0.06627784028264794,0.0008429649208019805,0.075834499902027,0.008438697684567956,0.0614048911986027,0.06933701266775384,0.06622217785098225,0.04542953142111497,0.05267468250706028,0.083888505782583,0.028637384899376717,0.08067518744554623,0.08922364204202907,0.08323998357378386,0.023314417632526938,0.10594287833286047,0.0014802306238379374,0.011203242036568906,-0.004814810511896953,0.009105895557647098,0.0334930085758959,-0.008356856764725066,-0.02630690965007519,-0.03666528116786045,0.04631052849385568,0.040954562808450175,0.17404733111103637,-0.12068033323271517,0.06253498668597562,0.02349492774971892,0.08792497300757962,-0.035660897302406125,0.01750497926087215,0.06045272237711853,0.05511820979049604,0.038435175055069166,0.06750403636818357,0.03813920499855599,0.0729952631540429,0.04551875912386414,0.1398702205174887,0.1354457893111437,0.07578375191637843,0.02284123611394391,-0.005181908909780842,0.0263684454665097,0.11677252776149387,0.009061487757744296,0.5550116816850001,0.8018339225573531,0.7730680982298629,0.691023301629423,0.9186884919546929,1.0,0.843685016515622,0.8742699593603473,0.051540502597415334,0.04316687774506558,0.007990870698296447,-0.0004007598439465286,0.019891252262331953,0.03214822393648197,0.07626184478301187,0.010100870465578544,0.05577224930255908,0.02825181743357223,0.04537456243435636,0.10844802971723332,0.059355103928723625,0.07059156705376038,0.11839089078453525,0.03987036493661392,-0.043077872042180915,-0.07540282852291416,-0.09837155254238387,-0.044332713163761917,-0.07510217597349744,-0.053464505104369286,-0.04940445409132102,-0.09100647455015223,0.0024865705417767047,-0.0053804188090604554,-0.007033853709008994,-0.06615401570622467,-0.05983221325324288,-0.06338384950788523,-0.058084103221223045,-0.10139599000118303,0.12727999916217603,-0.02970725452300563,-0.02412270257956185,-0.07845710324988008,-0.1258222151975805,-0.2008317609149279,-0.12888419130762363,-0.16460015879682863
C3 WM ascending,0.016725514329033637,0.030154430642258683,0.039331531504916965,0.01908846492424997,-0.004578218083249768,0.0674377827028086,0.09193406996912293,0.07636346884821489,0.10549484275509056,0.07634572937359412,0.06905940176320259,0.06024313330930277,0.12265596524849891,0.12053889880142275,0.1312670028073979,0.07858163615080625,0.14134179781851822,0.05559705908199933,0.12065716994850431,0.12745083589372466,0.13649763684207797,0.11622198526420882,0.10731081202430366,0.15723107898994337,0.12072582223432997,0.15136437426898455,0.09824561922721203,0.16010320992783023,0.08614175197278133,0.15964885834035347,0.06325172503675255,0.058135570489000546,0.01920881628666725,0.05475873684543301,0.11664382548742636,0.035460407411910755,0.01073178922598752,0.012854492157494688,0.06463271575987913,0.08368677591177108,0.1971508006536637,-0.020093754295477058,0.09549422675574223,0.04223145024995973,0.11527982660140662,0.03323133098120037,0.0581255182584036,0.09297547778486269,0.12172475798139816,0.10127151266901283,0.13719485073261437,0.09833238722209652,0.12768251260719843,0.10231144534230942,0.14652652253113374,0.1258451059153595,0.10829112829390365,0.08167272064770512,0.07816519165705002,0.12490837530915389,0.16681410681353662,0.08359291225493189,0.7492775714011058,0.8111269923195752,0.8091905153949923,0.7978411541739108,0.8524270443531914,0.843685016515622,1.0,0.8220443393907642,0.09550331787349269,0.06412881986221385,0.06676029320853726,0.08995813680732442,0.08623304789326096,0.09921459957063981,0.1670002373832097,0.08093792037589842,-0.007762448683719099,-0.009445910428937252,-0.017975645542273926,0.11774038600251126,0.05344401059274807,0.06271585642286072,0.0733812037684467,-0.005108980379569113,-0.04469530739310786,-0.05791653478697248,-0.08212422756269556,-0.011125278994005356,-0.02182903516315219,0.006655255210438855,-0.038976537552338694,-0.04551081146484893,-0.037532886857713596,-0.045213157397077264,-0.020264395440696907,-0.10124389602920586,-0.12415054941182878,-0.09740614303827731,-0.09225304804795242,-0.09917449862166754,0.14108887903573258,-0.004607103478441849,-0.019999883801817015,-0.07681975525559498,-0.08791244050549664,-0.21608063275512104,-0.10425270382083658,-0.15035349843456552
C3 WM descending,-0.04193033806974031,-0.005406988001230286,-0.029430850647587464,-0.013542068064974764,-0.03190949135971771,0.06653943422820044,0.0660646575406321,0.041617651935283675,0.12822042424604457,0.09344167614484739,0.05732911667152065,0.08075774477782362,0.12136479933263891,0.10968492112524002,0.1223509510312189,0.032901329298744626,0.13654741240592852,0.06788769068879925,0.10046186554574539,0.11782569358728538,0.10677911332162694,0.09312299324917263,0.1289085300359184,0.1342129159019352,0.07827646015693189,0.14180430923796325,0.12177614419820527,0.13678620118792004,0.07148396087127297,0.15821535205465087,0.013610030162871033,0.03625355218965853,-0.006168004807753888,0.002916543698107069,0.03911905589168294,-0.024181226011400353,-0.013141655917687104,-0.0209511548525766,0.07488661604283653,0.08563259800809626,0.186167297614819,-0.10277180681477,0.09850819303066062,0.07039424705004525,0.11262231139124643,0.01487033645818044,0.06526196841623269,0.0720997169641234,0.07741994542054947,0.0655780051472763,0.08650027222054456,0.08775296284412101,0.10951808428359278,0.07068940227641302,0.16590953295493946,0.13586643437823043,0.1027787972336276,0.0783250012685875,0.010844192520386447,0.08277379783152053,0.15980507879615774,0.04244425784234361,0.5919229624350172,0.8348126044436378,0.8856622888253689,0.562372398658705,0.8159929965274063,0.8742699593603473,0.8220443393907642,1.0,0.0614257591592589,0.077478700116133,0.06868554844523307,-0.019712960433007718,0.024064178083308657,0.05225641995534514,0.07302909500976075,0.06991289701525656,0.022686591843263777,-0.01970302566858678,-0.003975379107509441,0.11751020336996094,0.04760453781467574,0.06969125062851103,0.10987355034452999,-0.00548752927381784,-0.0069143461375748725,-0.028885122556711846,-0.06343428601079791,0.014517312303388928,-0.02083265898895646,0.003703280560156579,0.014003969679579252,-0.03526565392500211,-0.02635312345856029,-0.006915776539945184,0.0013059121212225713,-0.040952952290598296,-0.04642610169625771,-0.06006612732526714,-0.04602906349603208,-0.07433522813372027,0.1280351103148479,-0.01512128343833463,-0.0002707901581859927,-0.11359094844249665,-0.13062896411144412,-0.22403668337905716,-0.12216697980541072,-0.14930891784809613
C4 GM left dorsal horn,0.1086616993566947,0.07029761398040871,0.04300574372047174,0.06961586962335925,0.07057444438737853,-0.027976406503699702,0.043684966911427106,0.052002889520380444,0.01629135866589026,0.03799677862063907,0.12127173961805235,0.013168089190775948,0.0418581596020124,-0.010676104142861924,0.0426683682639911,-0.00788109218795054,0.09131027675425081,0.09398294793196312,0.11299411284266993,0.057425072972849864,0.14383115414053302,0.11031778655723748,0.12734212343002907,0.12246917376653936,0.146287351088985,0.1403557033155642,0.09877120024426035,0.15561406453636667,0.1838349842020868,0.12304728587580763,0.09672914390812702,0.060896938490032824,0.12661058946390974,0.1265204412446268,0.09373152194122421,0.10474569846278736,0.032755298068112296,0.10119008493982329,0.013143773985577598,0.0860019333594942,0.07305575648443781,0.09958543002050835,0.05394966489433194,-0.02603550075122118,0.029927482670608307,0.09632780329109569,0.06357808210482459,0.05248950422587148,0.1502812244383762,0.15320312209765227,0.1154258394061977,0.1309194597580957,0.04490902364977461,0.1550941899578257,0.06318664138979659,0.1048520102303492,0.12343817260700891,0.08665430728249103,0.14351054447591965,0.13798726836784717,0.0631681893298849,0.15055747412862341,0.14520908371951322,0.07281360330128503,0.09132851486364768,0.0674775028404739,0.02869948911748817,0.051540502597415334,0.09550331787349269,0.0614257591592589,1.0,0.7753152598828666,0.679420629359103,0.48897736148756243,0.5164825274601662,0.4903942662738648,0.7350884971427705,0.6406458076361939,0.22814759657031303,0.23637543907433675,0.22162988292657385,0.004290069066477361,0.08411737168559079,0.032976086900773874,0.16159832618152498,0.19254456847816956,0.06207309733938656,0.012746131330004748,0.020930660763517416,0.00452631944029738,0.0056761353213992905,0.0054321690603587975,0.053309848565709084,0.025634879891194718,0.015499479144764513,0.08619249066139169,0.08624369158682059,-0.06295825620212214,0.0006210349814604155,-0.009735892198960724,-0.013254466407312251,0.08477036725214937,-0.05376969912874044,0.005399354443772043,0.009542495372995377,-0.03852665335129279,0.012297829989493157,-0.016356295806647436,0.030645685499887387,0.06920532729219607
C4 GM left intermediate zone,0.07613525841761104,0.009584352511785778,0.010428031698364324,0.06650921941426448,0.06770676088314828,0.04680521042403318,0.06893692642367397,0.03299085393169358,0.08170006912298731,0.06437026787588906,0.10130399452852631,0.047273786496586714,0.054929990351981865,-0.009250660042993544,0.03670201502308676,-0.018773858403064,0.12853487706211478,0.06880537660400757,0.0959535949441937,0.040013220186461806,0.12555094656399005,0.09533855451487352,0.13482041582950047,0.12907209971301808,0.10997466425014464,0.13568317120343276,0.049443780209699945,0.17013413430702484,0.1849477008780402,0.14430754124519313,0.08263722679535752,0.05817521886231616,0.017444127069248576,0.0690217870994737,0.0739667300552461,0.019534877700666645,0.03395646421800641,0.0735165911588,-0.010614226027895496,0.11931898798250193,0.08087643726887206,0.11074271613559768,0.0865120846685089,0.030898425666855446,0.0532190887208902,0.07159576133622111,0.08234477439050196,0.10435973462910049,0.13044860619896187,0.1010368442683422,0.13860657560782466,0.1316516047704728,0.048885270791668815,0.12681602198256203,0.09326263673298525,0.14498974009011598,0.1187815675787509,0.09519455215993831,0.11050044535525926,0.1196003652941817,0.1360620541071106,0.13698858377752812,0.1027493036038591,0.08060787672554232,0.10019703361812711,-0.013803607416316995,0.027690155820719833,0.04316687774506558,0.06412881986221385,0.077478700116133,0.7753152598828666,1.0,0.8728125871224657,0.5407905534840085,0.6601726633870248,0.6137435619960502,0.7151938917979798,0.8300531963468342,0.14522161168391004,0.18919472156242004,0.20501385421422924,-0.0021818611895926894,0.05270841528894997,0.009087119145389093,0.10082665214124567,0.1621547641118126,-0.0007599813380128221,-0.052597188119183645,-0.04043456946606816,-0.022356030179009518,-0.03304521950986502,-0.010350130701865422,0.012255420015775152,-0.035245151267045846,-0.07551416883775271,-0.0038147487194254252,-0.00029416985004631914,-0.06746475339308722,-0.028708898072553047,-0.05139605014817396,-0.07053997932673248,0.011196818634942185,-0.011108719837131183,-0.025942186723747065,-0.003274944865602275,0.006616163293460238,0.009845486372974032,0.03267625712796427,0.03945128047395294,0.06304775231882023
C4 GM left ventral horn,0.02981733307630852,-0.015914514525843266,-0.021057835869837956,0.03716956440084108,0.051900219400948314,0.05357181721905439,0.040750446994893164,-0.02347108217852824,0.08499052179375655,0.013446711266125925,0.0511564794289173,0.010795449901545087,0.05317117477143045,-0.012652368245443446,-0.0005942900197060053,0.006691260499828274,0.10129184743999337,0.033134883178262124,0.0739518965025019,0.0027813295593777237,0.10444927378224625,0.0861224587583038,0.11136565788321297,0.10235441709150055,0.08080551667517155,0.0982944940642992,0.035927924244338875,0.13866679588838798,0.16103158190177777,0.1281176407237433,0.044430096420674976,0.03639723572699336,-0.005202789177999907,0.038323362269848164,0.07217748436130089,-0.014366051391717885,0.009971853784774267,0.022188495242754715,-0.06441834969862023,0.0780137311327109,0.02618107643306495,0.08837901041369739,0.035289534981139625,-0.010799045525809731,0.023843522671156324,0.042189777452988526,0.032884786385275776,0.12118503202489245,0.10201708880685263,0.05029714396976062,0.11207385398273491,0.07806852536737856,-0.001963191665242638,0.09969846962914047,0.06998755612182621,0.12229069857749637,0.09156037168244813,0.044767108429772974,0.08008710718289434,0.09647516029618011,0.1083773730107979,0.10667587280172386,0.0706752881276226,0.05147013999123803,0.11148215394569728,-0.0133575342042588,-0.012627386376544382,0.007990870698296447,0.06676029320853726,0.06868554844523307,0.679420629359103,0.8728125871224657,1.0,0.4425530612132733,0.515342557650708,0.5073981215000218,0.6981786351505578,0.8372721481420423,0.07503715892204177,0.12468818154171712,0.1391279922442453,0.014674451654800394,0.04600608876813648,0.022069366797512854,0.06430139022986689,0.12637612780875937,-0.04252037228145059,-0.0730248143273786,-0.0708591375533784,-0.03899970119161641,-0.04613360564057238,-0.027158016992448377,-0.04507566340760624,-0.07072870831567074,-0.06068686477076655,0.004394463261010567,0.02290809515363642,-0.059103514706370285,-0.015302222272957827,-0.04671487188713102,-0.07738141978206661,0.03725305989643413,-0.021540874001393748,-0.023317899914554997,-0.02228222667528672,-0.004288526136503242,0.04647333796141859,0.06157833749138672,0.0392644656293706,0.07411437817552002
C4 GM right dorsal horn,0.1263384713941006,0.03726369813595056,0.06026893526889887,0.02150800373862294,0.038958923965989836,-0.05637870875227406,0.042359287389478154,0.048432036494581374,-0.022561582656111485,0.010204446346477722,0.07139957172271963,0.0015943037755859982,0.015571062644580103,0.012178613724398803,0.014296978723019686,-0.05659408316638264,0.03754506131758283,0.03062298807413095,0.041007957362475464,0.02863187587142665,0.05535523176908665,0.041915589871256605,0.05589827383286015,0.06526803813954887,0.0875236159336523,0.05140892167504356,-0.020878918922100347,0.09534177631680509,0.09657144915381549,0.03976179003363373,0.06027134803938734,0.06417093258909592,0.05369052986287108,0.07443234875359583,0.10118393511152159,0.09608798588039624,0.016169775712115222,0.0780994833521859,0.028109839319019992,0.043844679569402856,0.05332507841584535,0.10510681678324693,0.037142459436014214,-0.0029125701537101967,0.01615721757659673,0.08263401146754605,0.033011918691489006,0.00970107000478629,0.07863076810177565,0.08735110723170073,0.07555643494900294,0.045852388077439694,0.0683125117142014,0.0825636261533232,0.05315228120093855,0.007318990176325269,0.04786004525689888,0.111733510374854,0.10708358243723844,0.0811240321697298,0.07303539175391012,0.09238354393136969,0.09558507283499597,-0.0005730290978934732,0.03109300131356705,0.11143460031499826,0.015675096530408064,-0.0004007598439465286,0.08995813680732442,-0.019712960433007718,0.48897736148756243,0.5407905534840085,0.4425530612132733,1.0,0.8500371095917812,0.7836627705302596,0.7809377399818493,0.6371871488963087,0.013462920498967799,0.036480489141984575,0.02804527730957908,-0.0036341859230547393,-0.028057993888514304,-0.07169109151491562,0.044762951856867184,0.010317663516513894,-0.0675191821533075,-0.08706539829165869,-0.07035491245642524,-0.051397951006039444,-0.03747345768358292,0.0007830338768982178,-0.04756714413333437,-0.018295361179175403,-0.010655458073056304,0.04159647845781528,0.037111252078848564,-0.1844371208054225,-0.06756383319414924,-0.069674635270376,-0.07757518627207709,0.07411926581929289,0.050484698285952465,0.09511074141361876,0.08795042876041143,0.08723295420425178,0.08787704806549579,0.06995873792773401,0.11790160289632444,0.11886212222793324
C4 GM right intermediate zone,0.10773586843997784,0.015744780109658532,0.05963802628648765,0.020609170523333192,0.04436724056524431,-0.02143361403409759,0.025081320462748663,0.06594859942677214,0.010086263411587899,0.037583193192705845,0.06849626122132448,0.0479713179317271,0.031075864391062094,0.03597681710214897,0.028087903664034877,-0.10590468148266204,0.05825909606854035,0.034087372877580874,0.062084774152197854,0.034915338115283134,0.08912346087579386,0.04552756513608066,0.08785691156969878,0.08787995416320867,0.07722410574344857,0.06194968058616311,-0.013153862248029448,0.1151851280212419,0.1141247697074451,0.07121325297000633,0.05783113060926191,0.0594532120149692,0.07010730601332966,0.06801128411367659,0.102005316105866,0.05325203029021789,0.02323513176860104,0.07978807561872583,0.04347707758887617,0.07919206732323675,0.07303549754836113,0.09882063905573249,0.06317338631516087,0.01796964088288463,0.028960553937373526,0.07141957659857893,0.06310920662796565,0.03929773449974055,0.07926119091131931,0.08491884084540192,0.07955847595307883,0.07839664109785136,0.07708515450292971,0.07377953241383255,0.0730483763103047,0.040899839362077466,0.05147340856418299,0.1323646967566007,0.11531714936393375,0.08851485194158067,0.12020342757927917,0.09359123206643988,0.057964831128037304,0.011434226176082992,0.05579569495363868,0.0429804198674002,0.01323585944703078,0.019891252262331953,0.08623304789326096,0.024064178083308657,0.5164825274601662,0.6601726633870248,0.515342557650708,0.8500371095917812,1.0,0.9266182374350496,0.7733558153839858,0.7511570883869403,0.05271362387667861,0.07379783104518861,0.08038775285789508,-0.011931860554098365,-0.01205144255136233,-0.043966143540264783,0.07230698119750205,0.06058132394850502,-0.037918087206469456,-0.06217635820458564,-0.05356605564769229,-0.03609738236287388,-0.042218064316893525,-0.018647335478326046,-0.017606508593129733,-0.04616391378909681,-0.03596470478781564,0.02269979044416708,0.018685243056198432,-0.15330522635139396,-0.05388031400014042,-0.05467842478955097,-0.09310414333774178,0.05072101438699824,-0.004324193168150028,0.058245501439661514,0.07646353604560062,0.03263338582804739,0.035254803533219047,0.029322049340835304,0.07093666159092257,0.12382165346214564
C4 GM right ventral horn,0.08758249433001414,0.019157564437235833,0.04316981063276944,0.0072347795637903315,0.02862353645087565,-0.04004320692828118,0.009358681181245323,0.052378555098785994,0.013438777523694588,0.030828710457600793,0.06550727636987562,0.05020877908627549,0.04198121815186823,0.029761795742137238,0.024988062234709504,-0.09812592901633028,0.06120035990091443,0.028760357129458746,0.06368946160272503,0.020229769571302212,0.09466241273137206,0.042712142421728355,0.0813181623855678,0.08046289102887517,0.09075553069486203,0.06338853330307685,-0.021625187676584657,0.09982114653286796,0.11687875858759864,0.05789036468642749,0.03643574742426999,0.07357345931453606,0.07575277182821057,0.06251160903078,0.09575395771676203,0.044501355172416726,0.01882658632957345,0.06730272954678146,0.0393165125107264,0.07243912727052144,0.06764774733581906,0.0978028923243019,0.058018360272235316,0.027126111443404308,0.016447054375219882,0.06524517382780791,0.061971672851060325,0.04586010682048177,0.07636991582430697,0.08706014515622906,0.0792599655455462,0.07361933153399426,0.06515116772597686,0.07869738349390225,0.04491960041915575,0.038501870914842765,0.046336897106833135,0.1185209543459366,0.11915464628577893,0.08414526407988446,0.09732727131210002,0.10162423089174655,0.030610338922310045,0.006594015943899993,0.07670599714402329,0.040826182524596764,0.010720649495153906,0.03214822393648197,0.09921459957063981,0.05225641995534514,0.4903942662738648,0.6137435619960502,0.5073981215000218,0.7836627705302596,0.9266182374350496,1.0,0.7641539612085475,0.7893481619064158,0.07218569878635106,0.08835137277981052,0.10321985872974386,0.015849925065084394,0.014763911755382667,-0.009810207001201035,0.11179657379943056,0.08461042385589168,-0.032915129368661714,-0.04871269839718275,-0.04516810707401895,-0.017357905426252217,-0.028775354558429483,-0.016051113392104886,-0.006545033878505326,-0.041719047910244306,-0.00022598019540221326,0.04712678615944646,0.04770201813948388,-0.12762448986853334,-0.0246582609148519,-0.016528779219531147,-0.06305676061087415,0.08311746551663358,0.0025144263908989353,0.10252026149511854,0.12644904243235508,0.028480194865494326,0.045795278114933356,0.019495958374535757,0.07607904426520846,0.1534289295928896
C4 WM ascending,0.12692254427348207,0.08073734725795544,0.0758261385161226,0.07760355430656166,0.07453503594749432,-0.013749704932865986,0.06189637807491862,0.05804486294636216,0.03109686726175286,0.03849910602283397,0.11999438707932915,0.035865830889309495,0.07396354020527646,0.03340405558310648,0.03465986241340987,-0.007170430853456935,0.1009993890281576,0.0765162962901124,0.11703105212161351,0.05997253930961286,0.13383958094865872,0.10441085281036924,0.11254162801355076,0.1360019577985748,0.1571767997879096,0.1204153166910938,0.02195069653831571,0.16463594595435388,0.16014585842520035,0.12433690941060938,0.10535580449212863,0.10889963257923091,0.11227665476641102,0.12501121267120585,0.14753155066643503,0.11620216648594753,0.0663544205067465,0.1315112067351124,0.028304689212993117,0.10393107990239232,0.09675258650986157,0.14495389500663353,0.08057315075526056,5.1317217216110946e-05,0.07471670163554685,0.11301714148441874,0.092838358925191,0.08969453535937805,0.15666979738412412,0.14290778851601138,0.14997873795948155,0.12125722584093841,0.07780863554541208,0.14602774251812903,0.07801059351842687,0.07558390493205365,0.09390202898241569,0.1205167512233463,0.18118329221316395,0.15536679752824634,0.11579330563109881,0.15506344432106597,0.12690138555900995,0.06371703418221684,0.11798602247269464,0.13338893626944354,0.062486683605910656,0.07626184478301187,0.1670002373832097,0.07302909500976075,0.7350884971427705,0.7151938917979798,0.6981786351505578,0.7809377399818493,0.7733558153839858,0.7641539612085475,1.0,0.8020771511611184,0.11618181204801266,0.1387047897137243,0.14407623690136148,0.03763283853707408,0.044934625344505603,0.010145649430465146,0.1708896036123265,0.1451583564190908,-0.00821938523773372,-0.03568737207121672,-0.0378013864416167,0.004898038702399072,-0.0003045723054704295,0.01985476184507016,0.0029359488602346603,-0.0060050649942860294,-0.0044322178147760535,0.07386270871131226,0.06706842833507541,-0.10707261734987354,0.009436968355124913,0.0015982779686336027,-0.0470028666935037,0.13360745096393797,0.02237043690999307,0.07036794489717267,0.07220989181159895,0.023834652096234307,0.05246636480483328,0.026228298128292065,0.08960695376861424,0.09642366321979873
C4 WM descending,0.09056281085076898,0.044627305078807536,0.02866717291066622,0.07086346757859795,0.0690933408895457,0.02335848452857662,0.05911254702338952,0.03963519990181991,0.07206443826164166,0.044349298270539544,0.09111200851956018,0.05024700437061273,0.08270375173083148,0.022161669454988445,0.03334876782553754,-0.03185733529146084,0.1224509307954328,0.08117636901063707,0.11667486729915637,0.04672562716647712,0.1299861303838837,0.09755404854080264,0.13020167684667444,0.12781542874052298,0.14545589768930192,0.12634119370840755,0.01794853430786376,0.157937270078418,0.19000720014539776,0.11889389504431436,0.0719391943234373,0.11621441796785087,0.05027768549634418,0.0893520865756555,0.12227724916264149,0.044103123180547446,0.033171758076842243,0.08067744177312619,0.014465596663183134,0.10450845883880411,0.07640683061130878,0.13813706915024448,0.07388965170402043,0.02808244570247383,0.05121389752552131,0.09793377951848624,0.07598388008375022,0.12265446539919284,0.13763295704951456,0.1200593443798195,0.15076540110720368,0.1198044994396576,0.07289749002943528,0.14629500364552855,0.0628351327817065,0.09670664060024808,0.09990490226087603,0.12740774170062555,0.15877439518245573,0.13844709297228763,0.14171490058315908,0.1667200977148394,0.05832218515082768,0.028425831638999952,0.10570037334919448,0.003387514191921276,-0.01687922696599802,0.010100870465578544,0.08093792037589842,0.06991289701525656,0.6406458076361939,0.8300531963468342,0.8372721481420423,0.6371871488963087,0.7511570883869403,0.7893481619064158,0.8020771511611184,1.0,0.09303604678744354,0.12194752517590537,0.14534947064252876,0.03607425301434056,0.05095571858144468,0.030737357670907264,0.11887835060254662,0.14323599109159202,-0.0402699585733187,-0.06407343774721704,-0.05762186089526102,-0.0117586189019091,-0.02226803347387376,0.003280923866931586,-0.00796285117135447,-0.03963494474151533,-0.04735791912590194,0.04015109043585548,0.04510649031180014,-0.0708664891594265,0.005028439038695444,-0.004341616161037974,-0.07558170577937194,0.08557066549012884,0.013767936568673252,0.06448669810381656,0.09050900988403075,0.04384737565497715,0.07448272414854847,0.08038961681952903,0.10634211733631095,0.15394019322511188
C5 GM left dorsal horn,0.09242687319375793,0.0749907941120812,0.05712715505588153,0.08749408793643623,0.09021969806950486,0.09680281726889599,0.061098874781087185,0.05002474436572965,0.06852596013890294,0.0629241044072064,0.030338579466249366,0.09209904597434806,0.08818113054455992,-0.020961694823435916,0.022688245554569,0.11324427361644561,0.04396119412756399,0.040491125749495295,0.07856990392623445,0.030140895743512634,0.07134919924663091,0.016300400658157348,0.003143796163551923,0.00506043000336099,0.07592138940675447,0.06438649927091811,0.03624073442692085,0.0404840256878766,0.06678611840403383,0.0621504546710216,0.1180204058564864,0.08826655792643465,0.15411391492242288,0.13649750639280891,0.15783039877489435,0.06235238815870171,0.07621035892606329,0.11290844872236706,0.052524333861201096,0.11580696927601108,0.06409184404117102,-0.01260882531814866,0.07229153887283415,0.08733324495044088,0.04809354649677532,0.0841797329806576,0.03914186928861982,0.03850732065125108,0.07905278509017198,0.0892672705951779,0.030066256552713774,0.06327529936384346,0.001825863177237104,0.08683585962147025,0.028019938924688462,0.07880567222983786,0.04720273032304133,-0.07581650028455492,0.07804771520737348,0.05030943973307486,-0.04136592621628381,0.07815893550781107,-0.05682905558110487,0.021620463920912637,0.055407532451643066,-0.004564486149571962,0.03628957754063718,0.05577224930255908,-0.007762448683719099,0.022686591843263777,0.22814759657031303,0.14522161168391004,0.07503715892204177,0.013462920498967799,0.05271362387667861,0.07218569878635106,0.11618181204801266,0.09303604678744354,1.0,0.7573635168562693,0.7878035913570723,0.2876616653609632,0.4271743955588014,0.29177021424823524,0.6968676440427557,0.597303338227386,0.22031044441959496,0.20072420931458704,0.18959114513704978,0.26441654802396486,0.22178453986673372,0.21675839051301993,0.3494049625731828,0.2383578084700596,0.12016977628276646,0.13556183294337928,0.09288343824262892,0.16436583238325458,0.12935665600952354,0.1808923207600555,0.254886979334156,0.165707776104913,-0.00789399577920538,0.020264217488744365,-0.008024197799693203,0.0026484963317010336,0.035256908317683175,0.018607376832849486,0.045557482286976814,0.07743511084488895
C5 GM left intermediate zone,0.048460639248909566,0.062271356073603075,0.009362875095756083,0.062415656041459974,0.06138792371516777,0.045933895989867864,-0.0070700432579276365,0.026000982837723383,0.017350402833635387,0.02732388300087297,-0.0139559954305554,0.03946752313931057,0.01728831126781887,-0.03569089758899942,-0.058345463612097755,0.06860095838769042,-0.02212277559428473,-0.0361214240208848,0.007119774143298067,-0.006517684166372917,-0.017270529247090917,-0.041159952439034246,-0.05541506784979866,-0.04997550498327795,0.028450690375595437,-0.004920473995144565,-0.03058038183435859,-0.015189631138800244,0.002232724012637134,0.022543143373779023,0.0315648059426289,0.08997599283992808,0.07857747680875332,0.08325659304772319,0.05766724566509918,0.029830278193156565,0.048594598625984246,0.07024869993503216,0.01624492733352415,0.048689403503875295,0.048916052073905036,-0.06676819000607734,0.019627104623074446,0.03562951562971711,-0.014827892468475889,0.0072495542503023475,0.006649259808712107,-0.045380495376414386,0.0014696497887648225,0.024265681115690853,-0.023756851422721267,-0.039632752610748744,-0.06966955801569001,0.008478454273366345,-0.06868526448801501,-0.0010788470910643292,-0.04389479018139848,-0.08208209537682078,0.0310276097420478,-0.015950182439564944,-0.0840776178528475,0.004306683907784682,-0.041272102248613565,-0.008817021890195561,0.005661825210691243,-0.041737355588250376,-0.0018085649813592718,0.02825181743357223,-0.009445910428937252,-0.01970302566858678,0.23637543907433675,0.18919472156242004,0.12468818154171712,0.036480489141984575,0.07379783104518861,0.08835137277981052,0.1387047897137243,0.12194752517590537,0.7573635168562693,1.0,0.8459820742518915,0.3940422684072502,0.6821146254184919,0.48028783582549217,0.7067677575205521,0.7963825787444268,0.1818918320220166,0.15282433284247726,0.15738498215450997,0.22967512522800754,0.175323151706558,0.17153236228343985,0.30993075756524463,0.202080191778695,0.09550773455075821,0.10010332570281054,0.07511732759280723,0.11068553463472847,0.057543254639690275,0.1311610708757484,0.23764096923893635,0.14246103648756928,0.014585727750568293,0.042824846836806374,0.06571434177069843,-0.04740495804031962,-0.046886282814577955,-0.09597979446499363,0.008575526602617598,0.060150161131918116
C5 GM left ventral horn,0.026687815614414377,0.01887822151844573,-0.005252545178603752,0.06457630075143547,0.05432177590753086,0.04866747592282759,-0.0008860015028431778,-0.0021913282893473067,0.028915724946740412,0.03185399023795535,0.001007444152145481,0.04644507422729289,0.01180121931491241,-0.07420010169678684,-0.03407152794357129,0.08824704188410765,0.014824124900408657,-0.02209424793556401,0.007995896297727696,-0.016805300466607054,-0.008583465817960705,-0.05384834033405095,-0.036237237742620394,-0.031015496466998436,0.0011504949588930268,-0.010715009582865828,-0.013538274319375784,0.0015395966036883218,-0.01687065017632125,0.02741002867972246,0.03837907560360977,0.06527039507325957,0.05071507026521497,0.041155365809631285,0.06538559996862889,-0.023561494437113514,0.03839183368615032,0.0546070297953557,0.011261959061647949,0.04276184064857844,0.06156144514828664,-0.05290684731520409,0.020460497505863675,0.02060717727528071,0.007069243480581987,0.014540158673510543,0.01439092962754194,-0.025211795848137344,0.01273127961804763,0.01353210100785415,-0.007149591723299398,0.005422570333425737,-0.033182072628083904,0.006298172412078744,-0.01356243473049523,0.012217402887448324,-0.007587182813587596,-0.06824869343246251,0.014162094205971823,-0.022033663403086226,-0.06240998086628923,-0.005746089257838097,-0.06848186718534627,-0.0064783374198917635,0.008159839411425849,-0.036307854171643665,0.018117542575030142,0.04537456243435636,-0.017975645542273926,-0.003975379107509441,0.22162988292657385,0.20501385421422924,0.1391279922442453,0.02804527730957908,0.08038775285789508,0.10321985872974386,0.14407623690136148,0.14534947064252876,0.7878035913570723,0.8459820742518915,1.0,0.2953702738785497,0.4982331809372734,0.35266098019375985,0.6880833483283096,0.7656164346275418,0.17070688536684547,0.15581295938545822,0.1569397382853354,0.28127072454806845,0.21451363505448323,0.20681511243739725,0.34056719464337437,0.2145970608407748,0.13838223428587001,0.1282015805039378,0.11323347876381551,0.14496063716280194,0.10065789644211222,0.15639052949100016,0.24615279022213726,0.16113530416767205,0.00983943761530962,0.017738884951387066,0.03472923122513184,-0.06115458550856004,-0.07220909389347217,-0.10128796386645181,-0.03337015801953611,0.021447646182825304
C5 GM right dorsal horn,-0.021260933434635008,-0.06619469915675154,-0.059785474585683326,-0.07056693456424683,-0.05145383337441887,0.04620490806685482,-0.006048118055912941,-0.032386691534023224,0.018774152405866964,-0.006820591392853965,-0.009855459542827743,-0.02542209115415968,-0.013972340029412899,0.007776641775355231,-0.019314305482087343,-0.0424745476222529,-0.035703278135480965,-0.06481420703120307,-0.018915786538921158,-0.023721333960044052,0.019045643299303385,-0.05515951635750292,-0.0035192603411814153,-0.04198720935680891,-0.009294071147185385,0.006236651621815514,-0.0063662474984388035,0.007559041420567541,0.03361956708164245,0.014518604155305306,-0.07633607078407308,0.026215205733844383,-0.04363858364443542,0.009463925363399907,0.008482698451481495,-0.04898654760322681,-0.023612857246828347,-0.015074480195106573,-0.038756525972927974,-0.01776043426968296,-0.009767283136878002,-0.0633585060554641,0.006289835252446979,0.0007277811350568251,0.006433871398320753,-0.012054014172931397,-0.008524163700215533,-0.010453122600953543,-0.0364427115424101,-0.01731423593009039,-0.02402659455751644,-0.054056958050068285,-0.06681421395182875,-0.0026654779059427226,-0.020332362938720143,0.04154414109084888,-0.022937610287298578,-0.0997108443525073,-0.04428260667906004,-0.029272643729037408,-0.0174785070647512,0.002636320950609479,0.08716913885126208,0.11749598943714054,0.17089100301376445,0.06005130160177408,0.10324333467781383,0.10844802971723332,0.11774038600251126,0.11751020336996094,0.004290069066477361,-0.0021818611895926894,0.014674451654800394,-0.0036341859230547393,-0.011931860554098365,0.015849925065084394,0.03763283853707408,0.03607425301434056,0.2876616653609632,0.3940422684072502,0.2953702738785497,1.0,0.8457329294483235,0.8456003367121091,0.6814972408155922,0.579962489471245,0.0313772536949475,0.04876402398977253,0.05341982620405932,0.1827275847418245,0.12033085342265112,0.13045088476087183,0.15352061850926568,0.12474398907119555,0.07399409708803754,0.1192480896214781,0.04290853484476443,0.08736122255215135,0.06038535536931897,0.08529192955633542,0.17447068471395252,0.14000073945388525,0.07823115530037042,0.043704842283756595,0.02870717959430456,0.11256663866171886,0.07474781286491969,0.09900936987546168,0.13004721031284278,0.08600732468336961
C5 GM right intermediate zone,-0.003434622435134259,-0.02396539532569186,-0.04370895379765847,-0.03355443532014418,-0.028122419014361133,0.03467146806589658,-0.03256156836938835,-0.032167099735537504,-0.002692958962927861,-0.02106679560048519,-0.05578910510850033,-0.03781463195935009,-0.03495796654924383,-0.027104571541606354,-0.05506556346986542,-0.035655948354944095,-0.08432495070189179,-0.08743617426995472,-0.04629407359326179,-0.05020662896536331,-0.035285682414886735,-0.08585331995869112,-0.05164506254728253,-0.08346083923912369,-0.023163152634912487,-0.026970410575878123,-0.010402201692620535,-0.03959606226235773,0.004262862615269215,-0.0112782225713534,-0.0528127680517593,0.03525872367347915,0.005168062578466819,0.020864520875398224,-0.010192177391405204,-0.03199150288593053,-0.006158897838243967,-0.007960477550943925,-0.030843432915079544,-0.017432731037260757,-0.0009543087600735888,-0.0801228858021465,-0.03139024048202345,-0.005458930239031653,-0.039029607003159314,-0.04856526755406212,-0.03702402102641492,-0.0740436796389391,-0.0614477691229137,-0.02919875462044203,-0.06266431289615124,-0.10106559851608071,-0.11086928585793478,-0.021349963370473325,-0.05118004873362345,0.00981246993320437,-0.06247445997125463,-0.11818239193412002,-0.04647260675373968,-0.05560609640068456,-0.07475775204738701,-0.021025257869832083,0.03473890039131918,0.05304027772215926,0.09172443050023005,-0.008724863366439035,0.03805359142698866,0.059355103928723625,0.05344401059274807,0.04760453781467574,0.08411737168559079,0.05270841528894997,0.04600608876813648,-0.028057993888514304,-0.01205144255136233,0.014763911755382667,0.044934625344505603,0.05095571858144468,0.4271743955588014,0.6821146254184919,0.4982331809372734,0.8457329294483235,1.0,0.9075095419975506,0.7340872267403529,0.7798725852520273,0.0632679541264225,0.05454427131307896,0.060127655929771616,0.15864451473840457,0.10302963886990486,0.11748386538447532,0.1730210013700771,0.1216066258336001,0.07281960543782821,0.11584056792145568,0.05953161492367371,0.0735647498370524,0.039427966990404954,0.08361106384868125,0.19815814082433086,0.14130455009834497,0.034287854997891457,0.033774107858811554,0.03514434639295865,0.06948897511646332,0.026115506681758962,0.02737112255517788,0.09303920976575736,0.08581799788861447
C5 GM right ventral horn,-0.006873975081924718,-0.041379301249129474,-0.04103930619501274,-0.038754575255570085,-0.04643447841335536,0.02688433395350945,-0.02630740958313336,-0.03614789856071347,-0.006185767702564959,-0.020288596774587626,-0.05122034597748857,-0.058309980357255674,-0.04806008465278669,-0.03292074337708782,-0.035698548302691896,-0.06555013387070636,-0.08438396083280035,-0.07429011914756256,-0.05221422222067481,-0.05512695410746454,-0.026436772715797575,-0.0843756419016639,-0.029533484704479664,-0.07332625737539443,-0.040160728747296925,-0.020913005495238998,0.024212351445534814,-0.03843147489312372,0.011260295395521544,-0.018226283631801826,-0.05000296715617778,0.008619666841198302,0.0009165507831823575,0.010835487429526152,-0.010638580309633962,-0.05549427453139782,-0.0031525170979465004,-0.026751454214931986,-0.036450707774311905,-0.03266246145989212,0.011109638365686398,-0.054257360644005916,-0.053087988933888934,-0.016482612546021177,-0.03179001032861996,-0.04557731464312247,-0.050840646524288956,-0.06937171831938259,-0.058393925872129306,-0.02825384195302633,-0.06817673917738207,-0.08113811068921034,-0.09068657549279557,-0.010578174059193386,-0.004388317069778582,0.02661784383094385,-0.03755410809888585,-0.12791024613574975,-0.05591032553572727,-0.05839535439397689,-0.07168889052424465,-0.019380791090435664,0.03895693659595896,0.05561165085430432,0.1048708076310659,-0.009758149090915595,0.03979105652852932,0.07059156705376038,0.06271585642286072,0.06969125062851103,0.032976086900773874,0.009087119145389093,0.022069366797512854,-0.07169109151491562,-0.043966143540264783,-0.009810207001201035,0.010145649430465146,0.030737357670907264,0.29177021424823524,0.48028783582549217,0.35266098019375985,0.8456003367121091,0.9075095419975506,1.0,0.6832179491259043,0.7309009328767423,0.009412873202635503,0.014124198217704,0.012862680915701375,0.1281499014302983,0.07563658693179573,0.10243379337912885,0.11475932473283801,0.08925785612481442,0.07053866338116704,0.12999743527241275,0.06155443609963264,0.07507559077435515,0.06280240668758094,0.08983464698579188,0.17162631599986594,0.1506517720768659,0.029151396552030914,0.024608495438698225,0.010488151263843826,0.13007289425871077,0.06276141036220098,0.0857637328429684,0.12903626258980974,0.09567517589587723
C5 WM ascending,0.07140745321673185,0.060014198109230504,0.04714358972514427,0.08915032757221916,0.0674393351448498,0.07760179883773863,0.0741735174018149,0.06999808043668639,0.07182268783068389,0.10073241783293602,0.0807190038739399,0.09233501290670126,0.07887003358501525,0.019328231927958548,0.02727904175677872,0.05274533172514185,0.048872455296764164,0.031091628526235565,0.07260711880006168,0.053308072909456224,0.08598493362986898,0.004057517966292656,0.027700789028190634,0.012406671138130513,0.07534355122049038,0.07290610016600267,0.012482841768832176,0.05667143905150258,0.07043442861510005,0.0678330034315631,0.07341157143928047,0.1252581351224901,0.10611927810088545,0.12840395621224868,0.11755105602191294,0.05237796199732804,0.09800163865663433,0.11431321472057378,0.061215942553565016,0.10335562258560013,0.10960202041045267,-0.03329056326907486,0.0644052845832478,0.09181382452264798,0.06629847475394912,0.08655294480046358,0.06053991222025918,0.006531243388714615,0.055089842225009976,0.07923187956567407,0.006919920683069999,0.05165606351539408,0.004966977313792641,0.07799381803975185,0.02427315576683591,0.054111294271168946,0.00467591864435711,-0.06599861751623418,0.08060083861249392,0.03385418801544253,-0.024194756264997466,0.07589284315754918,0.005930842653712243,0.08279756735853344,0.15142167360821032,0.007008049447264412,0.07651115457736002,0.11839089078453525,0.0733812037684467,0.10987355034452999,0.16159832618152498,0.10082665214124567,0.06430139022986689,0.044762951856867184,0.07230698119750205,0.11179657379943056,0.1708896036123265,0.11887835060254662,0.6968676440427557,0.7067677575205521,0.6880833483283096,0.6814972408155922,0.7340872267403529,0.6832179491259043,1.0,0.7998723991328511,0.15330457003514752,0.13307859659288349,0.13842690904677782,0.29514698663771144,0.20644146381546136,0.21949440514260457,0.3490344729765791,0.23314139314978966,0.10804959557110992,0.14104982818715628,0.05815506792636916,0.1700884947160766,0.143449089462658,0.20978461371130186,0.27726238947571097,0.22006362064691679,0.06484123890303696,0.05458818623238128,0.06861743765434132,0.04631387581568819,0.03606115675281015,0.03760383359527221,0.12503711714110874,0.10633356723731827
C5 WM descending,0.062455659227887574,0.04927968384608394,0.020852021296844696,0.09347307342543824,0.06632767127286736,0.07270527733515052,0.03450462116470093,0.058693637219168746,0.05161924015162381,0.06528418308361063,0.023950164812249805,0.0561644065506578,0.023272676111789806,-0.0007107124724243943,-0.015494718449482784,0.030195604468479555,0.004388678440278046,-0.008500277277009208,0.02910348888905173,0.01273335268009082,0.02274747530040262,-0.042211061088195646,-0.0013232582375557972,-0.00711883403297989,0.011505605408635317,0.011241302080289482,0.021059791828443655,0.028855496732494296,0.020071700974922675,0.05068177624673574,0.04081471657987975,0.08934763556759294,0.0868908662466309,0.0851676714873094,0.0838414886980871,0.012792811147929182,0.10249800627986651,0.08953866582128281,0.058967881356164036,0.06028445027892347,0.1250881018939202,-0.033303529048213494,0.026455509972608354,0.05772579969055887,0.0501351698979073,0.02589548960053767,0.040011476046837226,-0.013755528300174022,0.021403120984503785,0.03382610013819001,-0.005369618718401854,-0.006948530628632811,-0.008194925791685912,0.02556164764548582,0.016328484006650767,0.04379403871185667,0.0037026763546514157,-0.05250425341845783,0.03528506717697276,-0.0073726113788544,-0.033879908227309706,0.013670628304704734,-0.03424820974403013,-0.0163999526141974,0.014457339636225417,-0.05085381391012006,-0.00799917739719655,0.03987036493661392,-0.005108980379569113,-0.00548752927381784,0.19254456847816956,0.1621547641118126,0.12637612780875937,0.010317663516513894,0.06058132394850502,0.08461042385589168,0.1451583564190908,0.14323599109159202,0.597303338227386,0.7963825787444268,0.7656164346275418,0.579962489471245,0.7798725852520273,0.7309009328767423,0.7998723991328511,1.0,0.1598941740050344,0.13898927409656228,0.13424234458008816,0.25477912864043906,0.18799030088722757,0.19789064484261523,0.3100227144486237,0.21569519348976912,0.1283335050697062,0.15595802533286468,0.09448304389481989,0.11113212277380782,0.0979122941630067,0.16942570566940934,0.25155419807753787,0.19601296147958877,0.04195535532125745,0.06001932064531217,0.07231570979573461,0.032395107245316655,0.011447130254582657,0.01564934008782443,0.08927296163193355,0.11424000502652282
C6 GM left dorsal horn,0.0885866374973601,0.10354960790532375,0.08758173056029521,0.06799092691731473,0.13732973350898095,0.1509859192061003,0.16689227430496162,0.14779004814036756,0.16920922053711288,0.1064435495072507,0.1676125909636268,0.21257772398225527,0.17959859478638568,0.17591784391990528,0.14752638567713755,0.1453872797289664,0.16759798484839572,0.12431722416808091,0.20262816165523106,0.1732213221985395,0.204962315647392,0.18874297947292232,0.18365958115054154,0.23682090116382176,0.1641887411654659,0.13783436745537728,0.11156868423309636,0.24318271835174693,0.1824686175193387,0.2076227161731194,0.11571227152959139,0.14746050323069837,0.14713834701711495,0.11845923531086584,0.07626314362390924,0.04585664969539443,0.0789843926152438,0.16015171187736968,0.13942836500120065,0.1232497571981603,0.11182995328343139,0.09551738374941547,0.23726273932597258,0.18097188672779252,0.15606390987872748,0.12817222886337756,0.19182623590097997,0.21181807443897308,0.208266322653779,0.1810995305724388,0.17866114448546846,0.1546208457253103,0.11589685673178962,0.14327504965587676,0.13120971645704504,0.1933964644654968,0.19187017817226962,0.13079045391495184,0.17206937553175045,0.1919687477509865,0.18230475776354277,0.16384435856031546,-0.04497815324347063,-0.02059865471312452,-0.018078387322722003,-0.06657703143312547,-0.052232818468969835,-0.043077872042180915,-0.04469530739310786,-0.0069143461375748725,0.06207309733938656,-0.0007599813380128221,-0.04252037228145059,-0.0675191821533075,-0.037918087206469456,-0.032915129368661714,-0.00821938523773372,-0.0402699585733187,0.22031044441959496,0.1818918320220166,0.17070688536684547,0.0313772536949475,0.0632679541264225,0.009412873202635503,0.15330457003514752,0.1598941740050344,1.0,0.8511301475657306,0.8370150091593769,0.31242364417596624,0.41558675529237155,0.27981178577536225,0.7130724486590212,0.6168119852224443,0.1716847812186508,0.17723759155406574,0.13844718177830126,0.1330950405063363,0.11045125465013941,0.16675162042428243,0.19808923829902883,0.1758975030093944,-0.0014789828492023443,-0.003510250453968405,0.011107269757932645,0.030064943930433723,-0.009070592860942207,0.020201311628751304,-0.015177428431669195,0.011069624333384764
C6 GM left intermediate zone,0.01534598164845439,0.05965106503811851,0.010071379274123783,0.012496615232420367,0.0841440218610534,0.07983232191276028,0.08622575987503624,0.0713387431774246,0.1310064260657502,0.04336278255432944,0.10239470825319273,0.14407894802528567,0.1188852855712137,0.11926616829162545,0.10770700473905057,0.11738837191559227,0.11480886239278486,0.06616257991794118,0.15099255498910646,0.13392080320058777,0.16946001209563905,0.13950869321928086,0.1397985771637311,0.202055414142302,0.10841605176192728,0.08086923933863936,0.05658113352425613,0.19028663749870192,0.12580754844606634,0.1641072673787106,0.04508798035392991,0.09406289440860367,0.11433425527331718,0.062790172476024,0.04620444555613988,-0.014043404908949035,0.050191712113159585,0.08999604521966068,0.0955193886361034,0.08339849105570474,0.04939598955048724,0.05722191665483108,0.1851532729736103,0.13852307497139713,0.10693890836094251,0.048667205537738366,0.13265638429340054,0.18960670681655137,0.16064893063790714,0.12833115617636964,0.13017993130633249,0.08459083431195295,0.08445010554890434,0.08803911106221562,0.09404442138660506,0.14327349912533982,0.13255963760786516,0.10082571963398806,0.12187063907778602,0.13838336290721204,0.172805254665658,0.12214043837889495,-0.09327067208443769,-0.05596107097886747,-0.040740175823732995,-0.08298555924699562,-0.080321649011056,-0.07540282852291416,-0.05791653478697248,-0.028885122556711846,0.012746131330004748,-0.052597188119183645,-0.0730248143273786,-0.08706539829165869,-0.06217635820458564,-0.04871269839718275,-0.03568737207121672,-0.06407343774721704,0.20072420931458704,0.15282433284247726,0.15581295938545822,0.04876402398977253,0.05454427131307896,0.014124198217704,0.13307859659288349,0.13898927409656228,0.8511301475657306,1.0,0.9123806050165175,0.44529355231440904,0.6075854438098752,0.4557691101463578,0.6837397622283762,0.7539189482768521,0.1662332396599583,0.17722746257132432,0.15045213850700126,0.1248325816624112,0.10285532281363866,0.17952965763427708,0.1776670055073357,0.1691701736422479,-0.006286622867667375,0.0012520111267844177,-0.02123654893971301,0.0457612559751221,0.022851017656419337,0.03995715161870465,0.0033864566170160593,-0.037738765030145324
C6 GM left ventral horn,0.002457459425709365,0.057881488318843,-0.0035799522369926217,0.01845337177967207,0.08226584847603513,0.07169299002389377,0.060663180268751275,0.057445268612393685,0.09155115083620238,0.028401314340305975,0.08541725587761377,0.13776557181739438,0.10090706384004809,0.0890150957405375,0.0708215261562449,0.11490424997743452,0.08531720330572025,0.052571030148964325,0.1240408346136362,0.12584913942937184,0.12863539406392696,0.10653744955560848,0.11740400780491246,0.16108754361627634,0.08686771753034786,0.055004049965999925,0.02652127060163221,0.15218867836840952,0.09015203890952134,0.1271709383000194,0.028006347000102006,0.08273064729966739,0.11692560191427571,0.05329976660511446,0.020056460166748825,-0.03569733484300519,0.027975567975983988,0.06573955880943844,0.07479433136872309,0.05890143612400263,0.026525242088240208,0.042724281203009674,0.16747192314692638,0.10499073971508747,0.07294992869910566,0.030125571985105865,0.10861494268677555,0.15979815059042932,0.12448659753740915,0.10943809138151116,0.0987301269727299,0.049428780317989765,0.048734738522284535,0.04763316476830789,0.04844745030028314,0.09226696914795839,0.08517134765910175,0.10346743068110931,0.11588614364724248,0.11650301818774468,0.15021089312504166,0.09427948889730703,-0.09605321526167956,-0.0632905375204703,-0.061214612044978675,-0.11147169805137083,-0.09384448105243991,-0.09837155254238387,-0.08212422756269556,-0.06343428601079791,0.020930660763517416,-0.04043456946606816,-0.0708591375533784,-0.07035491245642524,-0.05356605564769229,-0.04516810707401895,-0.0378013864416167,-0.05762186089526102,0.18959114513704978,0.15738498215450997,0.1569397382853354,0.05341982620405932,0.060127655929771616,0.012862680915701375,0.13842690904677782,0.13424234458008816,0.8370150091593769,0.9123806050165175,1.0,0.3463153999358021,0.4866596709966347,0.35542321157739104,0.7020179375092672,0.7686350302713704,0.17308449475147714,0.18801594312566913,0.1539848153266959,0.10213494585029018,0.09312313513991263,0.14933609682765753,0.1829849022583099,0.1429930046965474,-0.03824301591915135,-0.008839389734247598,-0.034464621480086347,0.05536405447577463,0.031815102099163856,0.03982099133508783,-0.011449061364515206,-0.02668765472612356
C6 GM right dorsal horn,0.04095914653473124,0.0815241206179301,-0.008328931278690945,0.04784783234701912,0.08291851288140517,0.07987863493174333,0.14173990747234005,0.0895754454929116,0.19096706858629287,0.11138637311822155,0.17123945083730918,0.17715115148036967,0.16657949097958322,0.079125186314253,0.1720074845860105,0.11539749333540758,0.18721450879343954,0.0944257862964401,0.1732213275694422,0.1174744392479037,0.18058635372045378,0.13608565638009407,0.12536894498530765,0.21224574431233167,0.12652185161069843,0.11303016042727575,-0.0106592553788292,0.1815496182290865,0.11002904136379767,0.19778515828873444,0.12092552740374196,0.10817996841779332,0.07983806055276751,0.08748265701154044,0.07884870564329542,-0.0065384143757531545,0.11665755675274547,0.14999247077306227,0.08799964684840415,0.14890907280498034,0.1151619071512905,0.08841615194454178,0.17651146589429795,0.14918252847440672,0.15843626379802725,0.10015881967520486,0.18177495093365548,0.20807921520871886,0.1639185641321117,0.10125712176912972,0.18126300017130997,0.15999343626373932,0.14440166554166262,0.11399511289463289,0.14509123334662852,0.10466421504304395,0.11340965472654078,0.0633580804900004,0.12467044978865734,0.16421896924724802,0.20106891006880107,0.13381355206064402,-0.016719208407650513,-0.027533058683184643,0.018775520470238387,-0.06078234570174134,-0.047805266696709925,-0.044332713163761917,-0.011125278994005356,0.014517312303388928,0.00452631944029738,-0.022356030179009518,-0.03899970119161641,-0.051397951006039444,-0.03609738236287388,-0.017357905426252217,0.004898038702399072,-0.0117586189019091,0.26441654802396486,0.22967512522800754,0.28127072454806845,0.1827275847418245,0.15864451473840457,0.1281499014302983,0.29514698663771144,0.25477912864043906,0.31242364417596624,0.44529355231440904,0.3463153999358021,1.0,0.8884339761772172,0.8529471010547673,0.7112948569367679,0.6368868861157174,0.14584194813222887,0.16087707400494117,0.14824830402959915,0.2623193046918132,0.22027277307188428,0.2549755215399949,0.2836527042320939,0.2306793234041406,0.1253732399086622,0.03505327745876926,0.05412178673084153,-0.006002710084883803,-0.019457730781801685,0.004462862625187444,0.09694306234091331,0.0524406482327033
C6 GM right intermediate zone,0.05512757317032773,0.08440557760092578,0.01176173896390699,0.04876975872439032,0.08569674616265507,0.08488902576096391,0.13139629466226665,0.09066668852284615,0.19547287155468313,0.09266270659484264,0.17224262653526215,0.1690970276331372,0.16454806206393827,0.11300797666029903,0.18208612832120508,0.1433235908902003,0.19935266843005758,0.09807864305326448,0.18761081083432357,0.13611112765068406,0.20586078072143876,0.1717967273781266,0.15587168027445436,0.23530948277137467,0.15514746582024605,0.12483980657710236,0.00918530357123015,0.21040705534278567,0.1531999050297442,0.21021484478747668,0.1225388218089763,0.11973910872840751,0.11082567864948571,0.08117981443058132,0.10442206736160901,0.0014019458620485445,0.11870000642073997,0.14432309310069005,0.10797658522219473,0.15066466092100467,0.11395566057665173,0.11640075679569571,0.18016814492693325,0.16734971438700375,0.17705975064550133,0.09414963387774469,0.17847216197529928,0.2408986696671084,0.19632344410027922,0.1414031602224307,0.20163256692730486,0.14494389612099998,0.16659590248679743,0.13501659098808044,0.15252895405450545,0.14539752944958617,0.16501565831092835,0.09852512353016105,0.15668328673483925,0.1867875158292443,0.22395165093620334,0.17162626893923105,-0.014187950462104568,-0.04781685984153664,-0.01900532636304425,-0.04623348162136232,-0.06485363861044485,-0.07510217597349744,-0.02182903516315219,-0.02083265898895646,0.0056761353213992905,-0.03304521950986502,-0.04613360564057238,-0.03747345768358292,-0.042218064316893525,-0.028775354558429483,-0.0003045723054704295,-0.02226803347387376,0.22178453986673372,0.175323151706558,0.21451363505448323,0.12033085342265112,0.10302963886990486,0.07563658693179573,0.20644146381546136,0.18799030088722757,0.41558675529237155,0.6075854438098752,0.4866596709966347,0.8884339761772172,1.0,0.9206320920963357,0.6885670442113091,0.7687725829959645,0.1963433297351656,0.2070986029787709,0.2057395236868944,0.2353991221060248,0.21996987796623765,0.26658569772342466,0.26791334352972923,0.26638167639182764,0.11547169860786632,0.053644599581312735,0.04615595156130625,0.022735582067630725,0.026103037364507142,0.058775618409609445,0.08699305068490806,0.04134538850049547
C6 GM right ventral horn,0.09121354762469235,0.11624784517296258,0.06325074932985061,0.09416706603488953,0.11301547097705679,0.12485798652598673,0.18123486469338282,0.13162507118349753,0.23036600150868672,0.142129521853838,0.2213807229276299,0.2018393329354518,0.20635712598428313,0.13877730995645243,0.20802703767942524,0.16987061808774456,0.25008145921558655,0.15007918247896423,0.22697782700388727,0.17938813534021833,0.22442749107397994,0.20653262083404125,0.1989893431677937,0.26989914846497587,0.19576194951097395,0.1672436280842801,0.028114414376717047,0.23291377863932555,0.17364989264243194,0.2396135668573981,0.17082030905182005,0.1427316747186764,0.11888895742072939,0.11082383898184467,0.14325966903933596,0.02525141280750248,0.1434293220350623,0.1846397560206126,0.14007309857034556,0.19888876789616136,0.16824283544852875,0.143618926690928,0.2184351813869422,0.20890420251589153,0.230360190778543,0.14182492191038365,0.2216727601800483,0.2717588086068541,0.22772832432150705,0.17450740370517379,0.23874047795292797,0.18925795672936885,0.21044728021497652,0.16029241207548497,0.18033699993546978,0.17051295670227493,0.1926215967192031,0.12023476298615764,0.1819441235761345,0.2205213489861651,0.24607942809322342,0.197891906624559,0.03467989416770304,-0.007596154536999371,0.014430271773384611,-0.03027020543360415,-0.03454327575946948,-0.053464505104369286,0.006655255210438855,0.003703280560156579,0.0054321690603587975,-0.010350130701865422,-0.027158016992448377,0.0007830338768982178,-0.018647335478326046,-0.016051113392104886,0.01985476184507016,0.003280923866931586,0.21675839051301993,0.17153236228343985,0.20681511243739725,0.13045088476087183,0.11748386538447532,0.10243379337912885,0.21949440514260457,0.19789064484261523,0.27981178577536225,0.4557691101463578,0.35542321157739104,0.8529471010547673,0.9206320920963357,1.0,0.6605303182450112,0.7553441369539203,0.19166123257769518,0.1976178016627223,0.20128817128447077,0.252821012452093,0.2321738414077257,0.28695621138937805,0.30447886901263366,0.2728143754930726,0.14529121697758018,0.08212179566890473,0.06782448961720679,0.031227467664571185,0.051200055866008454,0.07236791803457154,0.11746869622276436,0.06441796739600521
C6 WM ascending,0.11785018802424604,0.16153551023992077,0.08702733707115012,0.13989576793158862,0.19422403834461044,0.19224561873373885,0.23958560675369292,0.19853820924205062,0.23812016115386475,0.1949927010519108,0.2589684563714632,0.28439948904081763,0.25935742146370233,0.16870291940385485,0.2118278135839626,0.19813380991351934,0.25969003650301087,0.19183403695424806,0.2676710505300491,0.23624480043174853,0.24261686096814428,0.22045724746328837,0.23139666051550048,0.2894603118235752,0.22962787478835378,0.20259481278126584,0.08198144539590407,0.27015179898012287,0.19144969636372677,0.26442588784548504,0.17790150882477068,0.1877307501938233,0.17411903383862207,0.1776053827699524,0.11616298074909477,0.03709579376453431,0.12678145732728893,0.23289069582548838,0.17188784450137215,0.21973049103573075,0.18507294618132808,0.13056865678356305,0.2938760297248545,0.23770182438377963,0.22596502365943089,0.19400845780442502,0.2689014772776305,0.2552793999532395,0.24543912977840313,0.2191620923612539,0.2412780566950617,0.23561666026087663,0.18316061187155294,0.18363506530514032,0.17569484347373224,0.16894576580970722,0.1804942230689332,0.13280789045008942,0.21617954481261778,0.2413637313244084,0.2272285820765339,0.21299899860485985,-0.016433131974152384,0.0025514724487405113,0.026263889790706554,-0.11479633456734915,-0.05105417239985474,-0.04940445409132102,-0.038976537552338694,0.014003969679579252,0.053309848565709084,0.012255420015775152,-0.04507566340760624,-0.04756714413333437,-0.017606508593129733,-0.006545033878505326,0.0029359488602346603,-0.00796285117135447,0.3494049625731828,0.30993075756524463,0.34056719464337437,0.15352061850926568,0.1730210013700771,0.11475932473283801,0.3490344729765791,0.3100227144486237,0.7130724486590212,0.6837397622283762,0.7020179375092672,0.7112948569367679,0.6885670442113091,0.6605303182450112,1.0,0.7914300756503435,0.22304218928436287,0.21295112481738565,0.1867303103604311,0.28851589463084415,0.233839282357944,0.2947635741909464,0.40368465965505596,0.25707830429333556,0.06671757423604405,0.04513868561064415,0.05610974439528757,0.012356989451076049,0.011890654171894286,0.011338787627928002,0.0698798480167513,0.07435571360249131
C6 WM descending,0.1025219837472847,0.1568411383708314,0.10050251110342895,0.11157313297601788,0.1482059237557655,0.1490742834332275,0.18121591407610005,0.15053569342077533,0.2066386236865639,0.1474566853300386,0.2375548238265683,0.2399640686789374,0.21993994099047043,0.15226370057813132,0.1974967089034037,0.20621801341482418,0.2456589189855598,0.1660644162373931,0.25084130815496797,0.2351044044171465,0.254039292092761,0.2274152808053083,0.23012314433057776,0.29260170704762484,0.22516159217192525,0.18157986384265282,0.06793335969266989,0.2693111027873117,0.19286487785929537,0.24774303376741585,0.15048767467381516,0.1972917458324126,0.17750424821941194,0.13490540544092863,0.1553883336864917,0.03800294808178119,0.12523267002648858,0.19058521677698664,0.1673756053007867,0.19011474633456196,0.15670696639092138,0.13705546340940636,0.2523623384465759,0.19879400769855662,0.21641496433096194,0.1453835811216707,0.2338165686450495,0.2628012310153636,0.25335808839234664,0.22024095419497067,0.22898301985836156,0.18709757197036675,0.18583270609323008,0.16128912197820522,0.12693966122427763,0.16354937361234925,0.19896385021688084,0.147585576018366,0.219290861613612,0.23638280419332253,0.2396484551701437,0.21641631894298977,-0.02915119181183502,-0.027222230052908393,-0.011944497981975895,-0.0854772763683885,-0.07177711312345551,-0.09100647455015223,-0.04551081146484893,-0.03526565392500211,0.025634879891194718,-0.035245151267045846,-0.07072870831567074,-0.018295361179175403,-0.04616391378909681,-0.041719047910244306,-0.0060050649942860294,-0.03963494474151533,0.2383578084700596,0.202080191778695,0.2145970608407748,0.12474398907119555,0.1216066258336001,0.08925785612481442,0.23314139314978966,0.21569519348976912,0.6168119852224443,0.7539189482768521,0.7686350302713704,0.6368868861157174,0.7687725829959645,0.7553441369539203,0.7914300756503435,1.0,0.21616678637539746,0.23729856721359027,0.2145507978573066,0.21563501278937575,0.2110400125385031,0.2722828984977408,0.3206700957090041,0.259105720568092,0.07292150825424241,0.07953888186755896,0.04165219160134851,0.05569247414846251,0.07305698881599257,0.07180015271443213,0.07358402127747514,0.04548268452855293
C7 GM left dorsal horn,-0.03187667528785538,-0.024130754387703117,0.01697996626905629,-0.04835394921681782,-0.04763298810907786,-0.044209896189456914,0.022783171516060477,-0.006721882443128667,0.0063245024171076645,-0.024718982427513626,0.027891968581767724,0.05654247118996683,0.029476426115835386,0.024832937675027148,0.03820166083004461,0.0762413182207623,0.07603760561215062,-0.012464561004719026,0.031216232518636925,0.0791803959208231,0.04965447958267518,0.02332255271451573,0.050869453642159924,0.010846155636635173,0.06297719557975129,0.012418586632015005,0.007479669840604377,0.033257650362490426,0.07020182452907309,0.057733560740101414,0.006881448667320551,0.0675399090786413,0.08504721871874603,0.0372970517335366,0.03648356658170277,0.02554677586047826,0.020969966368351647,0.02490429921239194,0.04382319559941521,0.02406591993825014,0.009959040741062304,0.03606935892302655,0.022843050788913584,0.08452854945813847,0.02657063499342407,0.028403594695998187,0.03954715673373636,0.006574557741087936,0.04672978605991946,0.054244963864958785,0.006797993111099965,0.017340459253300036,0.022421249578152,0.048254181281792055,0.03594693736988363,0.01781830163017182,0.07086883730875085,0.0462242885451718,0.06939090147203572,0.009458126428128245,-0.0010989868581945186,0.07656486450010007,-0.06661557694065008,-0.030058866327177806,-0.0035215659261825833,-0.02719925498706991,-0.011735978089735095,0.0024865705417767047,-0.037532886857713596,-0.02635312345856029,0.015499479144764513,-0.07551416883775271,-0.06068686477076655,-0.010655458073056304,-0.03596470478781564,-0.00022598019540221326,-0.0044322178147760535,-0.04735791912590194,0.12016977628276646,0.09550773455075821,0.13838223428587001,0.07399409708803754,0.07281960543782821,0.07053866338116704,0.10804959557110992,0.1283335050697062,0.1716847812186508,0.1662332396599583,0.17308449475147714,0.14584194813222887,0.1963433297351656,0.19166123257769518,0.22304218928436287,0.21616678637539746,1.0,0.7280983437813113,0.7929293961172613,0.18727894812685425,0.3031714839142456,0.2786687167426916,0.5925304840949943,0.49301843833969433,0.0931847910078426,0.20045916209430498,0.20691393061793437,0.03944654272934469,0.10571064221144753,0.0532872133687826,0.07783351717033346,0.16309051538073355
C7 GM left intermediate zone,0.043432350898072423,0.04675289611986705,0.05370688459642042,-0.008454010960537713,-0.020090120715986193,-0.01916826067830294,0.033151040881641024,0.03380860500438844,0.013250628116035768,0.00157088059371747,0.0744788852839702,0.03206129466306975,0.04583157642480942,0.07486212457458624,0.061720500846866505,0.05361418444890533,0.10377405275551044,0.04903287850233246,0.07129233208609582,0.12791335235827564,0.07879601245062692,0.07160846426470924,0.0979964263435915,0.0484294224066271,0.1059630648783339,0.06876512274159177,0.017441201512717518,0.08044975543068544,0.10714368145092518,0.09203209329249104,0.06724444401100016,0.10511996165235679,0.12408343424452405,0.06865605545668241,0.08348036259815368,0.077501902677473,0.05373498062854048,0.04188940106248297,0.0867077511518285,0.04166588912782508,0.05421628885967197,0.029241097444035743,0.01592242568942528,0.0716969334310588,0.03320445924534052,0.09232711699083342,0.04350639658461736,0.032189822147953934,0.10606601804838932,0.10804874477497153,0.049347659372443155,0.04982970434458708,0.10034618882234687,0.08737646326201594,0.03981992095489685,0.023591013868426585,0.1032939225706855,0.11304118661602523,0.13375275759240154,0.10083239310029828,0.07942867141758844,0.12517777994750454,-0.05798302997724145,-0.022990690356871957,0.015485769206291793,-0.0602045170055376,-0.022617942404149476,-0.0053804188090604554,-0.045213157397077264,-0.006915776539945184,0.08619249066139169,-0.0038147487194254252,0.004394463261010567,0.04159647845781528,0.02269979044416708,0.04712678615944646,0.07386270871131226,0.04015109043585548,0.13556183294337928,0.10010332570281054,0.1282015805039378,0.1192480896214781,0.11584056792145568,0.12999743527241275,0.14104982818715628,0.15595802533286468,0.17723759155406574,0.17722746257132432,0.18801594312566913,0.16087707400494117,0.2070986029787709,0.1976178016627223,0.21295112481738565,0.23729856721359027,0.7280983437813113,1.0,0.8365541819632623,0.20506246559527627,0.4846389600569203,0.34489270004159356,0.5260859206237577,0.6872217088786015,0.02702369607687148,0.1939879719240923,0.16441883902896684,0.06459460497920361,0.17292581367631324,0.14116508664941632,0.05441996401067482,0.19166547782886983
C7 GM left ventral horn,0.015907539806864344,0.021975779219475664,0.026108577942050386,-0.003657127787150425,-0.03271508755553,-0.03051133161057595,0.02221650196936804,0.011830461458499695,0.013257443657766233,0.004168276281301683,0.0622086361945459,0.03652921691991963,0.03947235999631098,0.0580431396322377,0.065908042760432,0.061882649080316404,0.11613727849263429,0.03517474076764198,0.061075301109186485,0.11686452240972803,0.07756895432479638,0.07447510853785069,0.0972155526801878,0.05870900711634719,0.11784195862616985,0.05782801418697408,0.016899127010068002,0.09442360893866425,0.1194546851190902,0.10142767054851987,0.05700559719672382,0.11779805500290634,0.11456963886530715,0.03991110670085165,0.10243516678624891,0.06552719182913624,0.062262175608353405,0.04278033483052522,0.08143294579207613,0.04825216825378642,0.02199903407870716,0.062582979849097,0.03051909825936642,0.08988389005843027,0.022084618762484413,0.06801411874943414,0.055379853177005334,0.03410717963133076,0.10326946019234912,0.10302553242919485,0.041909543185911585,0.05285775328210505,0.08702453036129564,0.09765980493348392,0.05609410942778279,0.04947492381054459,0.12554201848940305,0.13371816158429387,0.14551827670360307,0.0886718686201489,0.06890676791630876,0.13494265680062276,-0.023279335413770086,0.012453646030638072,0.0385672830164263,-0.047995419486760664,-0.01251025383350913,-0.007033853709008994,-0.020264395440696907,0.0013059121212225713,0.08624369158682059,-0.00029416985004631914,0.02290809515363642,0.037111252078848564,0.018685243056198432,0.04770201813948388,0.06706842833507541,0.04510649031180014,0.09288343824262892,0.07511732759280723,0.11323347876381551,0.04290853484476443,0.05953161492367371,0.06155443609963264,0.05815506792636916,0.09448304389481989,0.13844718177830126,0.15045213850700126,0.1539848153266959,0.14824830402959915,0.2057395236868944,0.20128817128447077,0.1867303103604311,0.2145507978573066,0.7929293961172613,0.8365541819632623,1.0,0.10992725502172927,0.28433903468083016,0.22352684434452902,0.53196275891341,0.648709412591697,0.06296990834754682,0.1981325703851818,0.1679391712662512,0.04339630847196763,0.1313167632945967,0.06973819057787203,0.031325173547709105,0.1319569953718356
C7 GM right dorsal horn,0.08421269919738002,0.13566873153104883,0.13607521499991268,0.155519844235226,0.14079130534685594,0.16458588787037362,0.11259705511381585,0.12139042581867578,0.1983004366174961,0.19360297872162482,0.18303506774650694,0.15914185933974784,0.1784176580079858,0.10843912063721653,0.14051375858872212,0.1396671280916334,0.20249211777114676,0.17916114875469719,0.20423993526411677,0.14871981732189335,0.16082963366933853,0.1846907810092159,0.14733957184964946,0.1751608732753355,0.16160080639581542,0.16504126388260643,0.11743979757584222,0.18835165292150394,0.10504454155640265,0.18069380478762465,0.17291704783629736,0.0962297519546713,0.07318531637798283,0.13276701146996311,0.09245931149930303,0.0635417570104974,0.10513700038657647,0.1639806662769303,0.1051553165036366,0.16731411248394062,0.11132712233638131,0.13114717518759966,0.22152143387310194,0.17855696229506332,0.2031564847795036,0.16547738093796202,0.2221908400630249,0.17557614729673926,0.20216558235701607,0.14792937563121486,0.19447993589686355,0.16199657424826377,0.1527207750301715,0.1503818224220492,0.09772774557956083,0.12049831754472928,0.10872230289588618,-0.004827542619557705,0.13366586899724955,0.1772864492258092,0.049654701868479,0.1375701535107503,-0.08669862219932244,-0.07753255441867547,-0.06314637486642163,-0.12731744890043845,-0.0848158738058631,-0.06615401570622467,-0.10124389602920586,-0.040952952290598296,-0.06295825620212214,-0.06746475339308722,-0.059103514706370285,-0.1844371208054225,-0.15330522635139396,-0.12762448986853334,-0.10707261734987354,-0.0708664891594265,0.16436583238325458,0.11068553463472847,0.14496063716280194,0.08736122255215135,0.0735647498370524,0.07507559077435515,0.1700884947160766,0.11113212277380782,0.1330950405063363,0.1248325816624112,0.10213494585029018,0.2623193046918132,0.2353991221060248,0.252821012452093,0.28851589463084415,0.21563501278937575,0.18727894812685425,0.20506246559527627,0.10992725502172927,1.0,0.7558781550888989,0.7754434827021957,0.6251386653490372,0.4094837644514395,0.10020152637267306,0.01927025112361868,0.07059650428680908,0.11655080724266673,0.04862511431367545,0.13084660937268003,0.18016873681331066,0.10309833021880062
C7 GM right intermediate zone,0.10745000906790352,0.12505811369242592,0.16333435951445568,0.1437630913764028,0.13022323100981006,0.14914431093722832,0.10131264350754221,0.11642471517621941,0.16691580235545464,0.166525072189806,0.17047981425558728,0.12979107311275417,0.13919786157615258,0.08576569526704209,0.1016885859119328,0.13384878146664989,0.17399723105654138,0.14271065733078048,0.16077028259288928,0.13357650604865015,0.12912611441837274,0.1555164883870966,0.1176201034657331,0.15223362756575998,0.13168507844132438,0.1380958164763822,0.0471549740110523,0.14715130418131053,0.06308365758476386,0.16867968051592772,0.1402321490679331,0.09090312547636517,0.11371137572382088,0.12243078826268057,0.11157375574442767,0.10073469849193095,0.10016688266548869,0.13495079791279393,0.13764405194146295,0.15015096299132955,0.14131674638930214,0.08361035630143558,0.20299120898826373,0.16199819822261782,0.19620195415436267,0.12704340279542917,0.18049238598248057,0.1279118149617379,0.15658814352985254,0.1054198096812804,0.15473288195135015,0.11479185760431494,0.13246137569331812,0.10398664047889668,0.09585358596269601,0.09997771758479151,0.07072835242911799,-0.005631861636898204,0.10194150238343824,0.14256132871919572,0.0788043694382692,0.0922088705019224,-0.13099192500963724,-0.10600089180570092,-0.08084457094550902,-0.13200491342703624,-0.08115191835311514,-0.05983221325324288,-0.12415054941182878,-0.04642610169625771,0.0006210349814604155,-0.028708898072553047,-0.015302222272957827,-0.06756383319414924,-0.05388031400014042,-0.0246582609148519,0.009436968355124913,0.005028439038695444,0.12935665600952354,0.057543254639690275,0.10065789644211222,0.06038535536931897,0.039427966990404954,0.06280240668758094,0.143449089462658,0.0979122941630067,0.11045125465013941,0.10285532281363866,0.09312313513991263,0.22027277307188428,0.21996987796623765,0.2321738414077257,0.233839282357944,0.2110400125385031,0.3031714839142456,0.4846389600569203,0.28433903468083016,0.7558781550888989,1.0,0.8386292727617547,0.5845609105773695,0.6516353661492268,0.04482894347034159,0.06677773957530336,0.12668199097361468,0.0405364658949319,0.07512121154717345,0.16395782264081435,0.12423239539883166,0.1697262458636401
C7 GM right ventral horn,0.11378249922935701,0.18559602166944436,0.19224262237643702,0.17621517362985073,0.1747034420941058,0.14930618948127294,0.16694216770165002,0.17191579387801778,0.19452308199030385,0.20218302543243954,0.22193182932405528,0.19156434803857078,0.18896625806161807,0.12020768392826772,0.14684284503863143,0.1626761704702075,0.2187259739816378,0.17893450198846514,0.2124188850918311,0.1509307863600324,0.16924796094449823,0.19514278255626047,0.15499810216883578,0.22376368175447187,0.18917086540634423,0.17904513787547924,0.10956546625827426,0.19042082543350497,0.1100540219683726,0.1967845524270346,0.16909347026303587,0.13606251191527224,0.1540026050119453,0.17127809913545253,0.17943809262625288,0.13385478068492623,0.1547550953490504,0.20543862461042922,0.18886201754961476,0.1924424427603733,0.18985726960826507,0.13468801870680344,0.2655289887099876,0.21275239357428732,0.2640312025447646,0.1800025371301819,0.239807152399436,0.18411171517684558,0.2231535905103451,0.16566070940265742,0.2100021337067175,0.1497608420771384,0.17407927825751263,0.15858445378678496,0.16055248283676982,0.16549286038538386,0.13589662344115283,0.011197339340972695,0.14687964985410387,0.18205983368107256,0.10547547139430197,0.14890712769379869,-0.10769377501012432,-0.08767022156500255,-0.0813775466702805,-0.12672490152364527,-0.07746389866740996,-0.06338384950788523,-0.09740614303827731,-0.06006612732526714,-0.009735892198960724,-0.05139605014817396,-0.04671487188713102,-0.069674635270376,-0.05467842478955097,-0.016528779219531147,0.0015982779686336027,-0.004341616161037974,0.1808923207600555,0.1311610708757484,0.15639052949100016,0.08529192955633542,0.08361106384868125,0.08983464698579188,0.20978461371130186,0.16942570566940934,0.16675162042428243,0.17952965763427708,0.14933609682765753,0.2549755215399949,0.26658569772342466,0.28695621138937805,0.2947635741909464,0.2722828984977408,0.2786687167426916,0.34489270004159356,0.22352684434452902,0.7754434827021957,0.8386292727617547,1.0,0.6483257012248647,0.6798036752570026,0.07597753990925558,0.08449654717476136,0.14342117115688158,0.06901339228010202,0.07434070073320112,0.17570051046193666,0.19569109373950624,0.19408194169788567
C7 WM ascending,0.0852679885311844,0.14694885893815415,0.13597838475196103,0.13689262470716296,0.12642940719270834,0.15339616516934415,0.16068880097656132,0.16694330481926417,0.17410289488549419,0.20278946459810723,0.22131057633824125,0.2006989368034571,0.19673515415392367,0.1203641043190932,0.14705800540687308,0.19945698501046347,0.25935575413304357,0.15453675351716906,0.20279858252638214,0.20517328786467917,0.18336364397590998,0.19392831159352386,0.19338851267379814,0.19029358536646834,0.20013673808222263,0.18345922824259178,0.10973869926677934,0.19106554451954452,0.15766997278141465,0.2006537925805895,0.11934943374022862,0.1889218573758127,0.1470283562553237,0.15752511756128226,0.15939357528162978,0.1081924060446419,0.13867858968093857,0.21421172780513772,0.1470014799351895,0.17052849017488442,0.12879893467831366,0.11485035217011623,0.21512708096115435,0.2328747610435372,0.21654108971930802,0.18713024582467458,0.24622491872493307,0.1464941418757764,0.21879210953685382,0.2001228629053919,0.19078932612834285,0.16262628667944212,0.14552235244214184,0.18660516518274692,0.13338090580216083,0.12671912293732224,0.17089277444469797,0.07418509619975608,0.17675948344568054,0.18477384584754325,0.08158305615305675,0.1931487790811757,-0.08732236391603168,-0.06291747426594103,-0.02741670226888563,-0.12241448813501371,-0.07567247024242418,-0.058084103221223045,-0.09225304804795242,-0.04602906349603208,-0.013254466407312251,-0.07053997932673248,-0.07738141978206661,-0.07757518627207709,-0.09310414333774178,-0.06305676061087415,-0.0470028666935037,-0.07558170577937194,0.254886979334156,0.23764096923893635,0.24615279022213726,0.17447068471395252,0.19815814082433086,0.17162631599986594,0.27726238947571097,0.25155419807753787,0.19808923829902883,0.1776670055073357,0.1829849022583099,0.2836527042320939,0.26791334352972923,0.30447886901263366,0.40368465965505596,0.3206700957090041,0.5925304840949943,0.5260859206237577,0.53196275891341,0.6251386653490372,0.5845609105773695,0.6483257012248647,1.0,0.6341069823660482,0.13971111048878282,0.17527235739364316,0.1937872818323552,0.06595441558568703,0.11201189932803908,0.10229352050603167,0.19395914669069328,0.201823664364573
C7 WM descending,0.15498548009136107,0.15675714077510686,0.18966129006321886,0.13959549752272948,0.15229631254542805,0.12075077204552531,0.17241428350606705,0.15498243469453177,0.14116335507566324,0.15662933183832606,0.20530333035620374,0.1487326778705684,0.1535374896702855,0.1283744088476672,0.1364720629215088,0.1547939644307233,0.209900802411884,0.14284755106037544,0.18508344001239663,0.1658593890636652,0.1695853834096794,0.18449379143269737,0.17750219201140524,0.19488800550694307,0.22552594450631921,0.1806793309720635,0.09960172122850622,0.1974380628556143,0.18608351149006708,0.20304669485488488,0.1697666171105043,0.1942640666361538,0.1635900537434331,0.1752064239291227,0.21779201830197692,0.16380816027026907,0.18654008144251558,0.20097269001192683,0.20343156541990523,0.17260841550281467,0.182484249853549,0.11678628247455752,0.18367806332855194,0.2023792491432636,0.18019511401616364,0.18384303355549872,0.1789399855526479,0.136573014465987,0.22163920579701338,0.17701507582312687,0.17558373617871406,0.14503623941882954,0.1887492292596341,0.18910410139558897,0.15565316932158266,0.1575939480543888,0.18972491773845063,0.09817022390837088,0.20375297476618187,0.20244791423905448,0.12976814614409513,0.19968917476470882,-0.10392076647049732,-0.10622538091417418,-0.059646063059556685,-0.1379587955126265,-0.11076106780839386,-0.10139599000118303,-0.09917449862166754,-0.07433522813372027,0.08477036725214937,0.011196818634942185,0.03725305989643413,0.07411926581929289,0.05072101438699824,0.08311746551663358,0.13360745096393797,0.08557066549012884,0.165707776104913,0.14246103648756928,0.16113530416767205,0.14000073945388525,0.14130455009834497,0.1506517720768659,0.22006362064691679,0.19601296147958877,0.1758975030093944,0.1691701736422479,0.1429930046965474,0.2306793234041406,0.26638167639182764,0.2728143754930726,0.25707830429333556,0.259105720568092,0.49301843833969433,0.6872217088786015,0.648709412591697,0.4094837644514395,0.6516353661492268,0.6798036752570026,0.6341069823660482,1.0,0.04388826083728625,0.14618983706580124,0.1732672971559077,0.053177693518497625,0.12241002868950139,0.18013454353189537,0.14239798122011396,0.2504265629725868
C8 GM left dorsal horn,0.07848119617687993,0.006634722680507356,0.03397955975600933,0.050642799111529906,0.02110088081819546,0.07545707423851351,0.1041761461122015,0.13128217528657488,0.08045979883004026,0.14154373991668276,0.06520082196771874,0.07909232783266426,0.11013726324010688,0.14311733901867632,0.06874835091962667,0.05379800773982795,0.06962247425798736,0.007677036854694726,0.06914907852400386,0.09546353323879464,0.038971369825298384,0.07128177560077203,0.06903837550550752,0.046553068675906625,0.10155481803590723,0.04900957957232769,-0.02752174577833426,0.0794918140545186,0.10369915857245153,0.06357156283499743,0.03201742748815313,-0.020143110775781323,-0.012074499135521562,0.04204425819748466,0.05083323944964663,0.07199812817491108,0.05887732524320564,0.11490172919720439,0.09381345441703044,0.12316957601031847,0.11736008714436182,0.06130098672769231,0.1073732105534935,0.10069476673293445,0.1134393059956231,0.028504421226664356,0.06276648064959992,0.058302616941855234,0.07049576676312236,0.07656251380356742,0.056883265446011994,0.01400662997047847,0.08569921861777258,0.08576792131336232,0.09369317538392365,0.06018432491978372,0.1203676833050546,0.060465052633353195,0.09568981977188838,0.07367906131890581,0.1360618474371895,0.10294357662057532,0.15812092494205557,0.11762062853529003,0.08973180734819947,0.1194516340464043,0.13471349624852658,0.12727999916217603,0.14108887903573258,0.1280351103148479,-0.05376969912874044,-0.011108719837131183,-0.021540874001393748,0.050484698285952465,-0.004324193168150028,0.0025144263908989353,0.02237043690999307,0.013767936568673252,-0.00789399577920538,0.014585727750568293,0.00983943761530962,0.07823115530037042,0.034287854997891457,0.029151396552030914,0.06484123890303696,0.04195535532125745,-0.0014789828492023443,-0.006286622867667375,-0.03824301591915135,0.1253732399086622,0.11547169860786632,0.14529121697758018,0.06671757423604405,0.07292150825424241,0.0931847910078426,0.02702369607687148,0.06296990834754682,0.10020152637267306,0.04482894347034159,0.07597753990925558,0.13971111048878282,0.04388826083728625,1.0,0.6681698059303803,0.6682049284846013,0.12817301126586836,0.1939724992053178,0.05134603990960689,0.4794500020755862,0.29118512586849615
C8 GM left intermediate zone,0.10011766161335857,0.07513094217323725,0.0964992793600244,0.05892432126790942,0.026218766029185218,0.010639893789465728,0.0536769986364214,0.11690891820319617,-0.01802518374504438,0.08323557666482508,0.035688446231446194,0.022950791472306765,0.06117024439190917,0.12889284616691277,0.009759784458726037,0.04273546564914283,-0.0010240358318618426,0.019141226764481527,0.05945820271307375,0.07663969976448805,0.03394042860366728,0.05836131588466511,0.020605747329208095,-0.00025780730402400647,0.10199668182893389,0.029010385699929708,-0.03194443144456033,0.015464964171300638,0.08179963416271832,0.004489770835834716,0.01082417730971603,-0.00022500798004100746,0.1041758984233184,0.07280614188822651,0.07423644126284934,0.0937576957735366,0.09343287583696643,0.09697889220598918,0.08524665482954817,0.06345139749587475,0.10835599776296669,0.037824726252754855,0.00396735118377793,0.01866270089603796,0.08782926309134918,0.05583811977019698,0.023562055250178692,-0.014711554646897893,0.06328189720052252,0.11146966755038555,0.029663809447137524,-0.006725940663399572,0.0821954927623063,0.06841224496056585,0.037631765619065914,0.005682169473635922,0.06968451193790996,0.06664041985308344,0.11232671837780578,0.06729108805799952,0.08186590395866623,0.10711756536502852,0.024185698980338823,-0.022275744282388165,-0.00876991722175241,0.0030938927268183915,-0.026026297491709777,-0.02970725452300563,-0.004607103478441849,-0.01512128343833463,0.005399354443772043,-0.025942186723747065,-0.023317899914554997,0.09511074141361876,0.058245501439661514,0.10252026149511854,0.07036794489717267,0.06448669810381656,0.020264217488744365,0.042824846836806374,0.017738884951387066,0.043704842283756595,0.033774107858811554,0.024608495438698225,0.05458818623238128,0.06001932064531217,-0.003510250453968405,0.0012520111267844177,-0.008839389734247598,0.03505327745876926,0.053644599581312735,0.08212179566890473,0.04513868561064415,0.07953888186755896,0.20045916209430498,0.1939879719240923,0.1981325703851818,0.01927025112361868,0.06677773957530336,0.08449654717476136,0.17527235739364316,0.14618983706580124,0.6681698059303803,1.0,0.8134229406592337,0.17586177917599335,0.5747919318068601,0.27610155504343176,0.5177655708700962,0.5977826098261703
C8 GM left ventral horn,0.06072116048568468,0.04361353800169766,0.07506001204900593,0.04828992161145602,0.03206389338565271,0.015416686231745849,0.0918449493817953,0.13446142901564065,0.038867440670514994,0.09533642969894121,0.05016436146793769,0.05359110537939561,0.0732036557393663,0.13148822284936862,0.021931125071959445,0.018306635958315234,0.01300591593470795,0.003628817327628295,0.05228772611287953,0.07243562356090577,0.026147744564660808,0.04452904938803795,0.02612101540307931,0.02882992029713203,0.08446285517699256,0.025664251746941667,-0.06821668757715393,0.01766610322490758,0.06028617933947772,0.017176681174870735,-0.005104886227535703,-0.014715410038989572,0.0694779347346549,0.06129288595037416,0.04453756130761722,0.10361899966513734,0.09164423061181969,0.10784176069677681,0.10181291272468822,0.09616143898246479,0.1389966046622364,0.04261201761950006,0.08027495276828836,0.08476050816526468,0.0905328771349606,0.03613397905856713,0.07318499479832218,-0.0377156393034281,0.045199303962704405,0.06807793309769668,0.0271475273473619,-0.005964582191802625,0.06912874390262694,0.041436432164403215,0.010518201370393698,0.02432726549872531,0.037638655896266776,0.06701476885488143,0.0890529061415548,0.04959391797248116,0.0819436196522859,0.07524846769537051,-0.012534433133689835,-0.0442336739719306,-0.02367390028039513,-0.04956122859419701,-0.0339937371330519,-0.02412270257956185,-0.019999883801817015,-0.0002707901581859927,0.009542495372995377,-0.003274944865602275,-0.02228222667528672,0.08795042876041143,0.07646353604560062,0.12644904243235508,0.07220989181159895,0.09050900988403075,-0.008024197799693203,0.06571434177069843,0.03472923122513184,0.02870717959430456,0.03514434639295865,0.010488151263843826,0.06861743765434132,0.07231570979573461,0.011107269757932645,-0.02123654893971301,-0.034464621480086347,0.05412178673084153,0.04615595156130625,0.06782448961720679,0.05610974439528757,0.04165219160134851,0.20691393061793437,0.16441883902896684,0.1679391712662512,0.07059650428680908,0.12668199097361468,0.14342117115688158,0.1937872818323552,0.1732672971559077,0.6682049284846013,0.8134229406592337,1.0,0.02611782691626816,0.1945755122689708,0.07020548489681515,0.4517329615640597,0.5684385221810822
C8 GM right dorsal horn,0.0840455661266933,0.0895544227412045,0.044152997249506734,0.06876434655123696,0.04152675204904078,0.09794187644042532,0.06227964844557477,0.10679845405858619,0.040624843390876894,0.087733123727507,0.09095713488796531,0.059688442988625086,0.026912632170125933,0.07410627068477604,0.10180437582479464,0.05820081555450667,0.041257053485845026,0.10132542764073461,0.04861572878311477,0.14953121485849596,0.04607176348230827,0.05587976690004894,0.10589959733715437,0.02232716058567525,0.058691654645235125,0.09303305136209074,0.15810233555482447,0.054960625014984305,0.11930422107746781,0.025832492209049863,0.02607308901632836,0.10286412177214484,0.038899454013826884,0.08501031320644278,0.08300209524892466,0.03359382547061419,0.08298757054785438,0.07419115146439043,0.0751418907469353,0.0871099166716074,0.10467803634115899,0.12861545554021828,0.014226506030957367,0.06660699727980987,0.08248374166154877,0.13658563807765037,-0.006250594946128116,0.08355553697506583,0.07624575920418357,0.13893892601141203,0.11200757992120193,0.054297378957811844,0.08717669031219792,0.1291097667826807,0.07465523100788402,0.09044668065957628,0.12462861171671068,0.055992515846207125,0.0841609176753569,0.08379113447939059,-0.022598898644433724,0.09910139484036629,-0.020390440383776604,-0.0824180097816602,-0.10949832478806366,-0.03981729688556002,-0.07129954556035425,-0.07845710324988008,-0.07681975525559498,-0.11359094844249665,-0.03852665335129279,0.006616163293460238,-0.004288526136503242,0.08723295420425178,0.03263338582804739,0.028480194865494326,0.023834652096234307,0.04384737565497715,0.0026484963317010336,-0.04740495804031962,-0.06115458550856004,0.11256663866171886,0.06948897511646332,0.13007289425871077,0.04631387581568819,0.032395107245316655,0.030064943930433723,0.0457612559751221,0.05536405447577463,-0.006002710084883803,0.022735582067630725,0.031227467664571185,0.012356989451076049,0.05569247414846251,0.03944654272934469,0.06459460497920361,0.04339630847196763,0.11655080724266673,0.0405364658949319,0.06901339228010202,0.06595441558568703,0.053177693518497625,0.12817301126586836,0.17586177917599335,0.02611782691626816,1.0,0.6146465121757652,0.6566375818569451,0.5511290243714767,0.27076029867867374
C8 GM right intermediate zone,0.11816428382956669,0.10478826557615192,0.10943458986376063,0.051510613475234814,0.032182469085571604,0.033241063336179204,-0.014140590833805212,0.06552752207296006,-0.05441402898954916,0.04309549973250232,0.04073717791000872,-0.007200988687909986,0.009971943682474034,0.05520574406248879,0.0111446667617537,0.046415347784567074,-0.0030975725463265194,0.07194361042551915,0.03921318420363739,0.07620191017824177,0.02363854181530024,0.03687609486793573,0.02730695426743689,-0.032568924100808,0.05164203125582923,0.0430903435691958,0.06664566425869548,0.012972369332904967,0.07547197808560403,-0.014599391004318184,0.03898152813147605,0.04671221089580388,0.1378599411257825,0.08423856629528104,0.11448957633704294,0.05822374916934375,0.08881737049214909,0.05554655429035944,0.04629854380176596,0.03686535076043856,0.036176856396345124,0.03340099119897865,-0.09139342265746588,-0.041695753353692654,0.04177637014641442,0.10248093962322176,-0.04833528577325162,0.025195544804879948,0.04474509042043842,0.1101610726881283,0.033806191613519686,-0.0018295285564414385,0.06777252833812848,0.06881632145131546,0.04603601523796315,0.002088343329944517,0.05735094719810373,0.034074489089415065,0.06275607642704173,0.04800233792179334,-0.0003984704597128528,0.08208893883038113,0.0023023980263203003,-0.06851995936459525,-0.07071112670791246,-0.03291637473991247,-0.10395698968839034,-0.1258222151975805,-0.08791244050549664,-0.13062896411144412,0.012297829989493157,0.009845486372974032,0.04647333796141859,0.08787704806549579,0.035254803533219047,0.045795278114933356,0.05246636480483328,0.07448272414854847,0.035256908317683175,-0.046886282814577955,-0.07220909389347217,0.07474781286491969,0.026115506681758962,0.06276141036220098,0.03606115675281015,0.011447130254582657,-0.009070592860942207,0.022851017656419337,0.031815102099163856,-0.019457730781801685,0.026103037364507142,0.051200055866008454,0.011890654171894286,0.07305698881599257,0.10571064221144753,0.17292581367631324,0.1313167632945967,0.04862511431367545,0.07512121154717345,0.07434070073320112,0.11201189932803908,0.12241002868950139,0.1939724992053178,0.5747919318068601,0.1945755122689708,0.6146465121757652,1.0,0.7648851476481552,0.5619086130587132,0.5564069530430962
C8 GM right ventral horn,0.13145152885021102,0.14254771309667436,0.11861739753438995,0.11123175859124604,0.0739203649396524,0.12018421800298597,0.008762293266432922,0.10042993422067957,0.059335458092159454,0.08917482622697126,0.1002728841025309,0.07640233625720505,0.06017372298244486,0.10026224371838346,0.09240861371867132,0.07252897590243373,0.0664609289734846,0.11092687922526588,0.10171029319508759,0.12105691631670513,0.0909945501702414,0.09509623373172285,0.0940587925761807,0.05182062631205897,0.05487473374472279,0.06639701025847357,0.08777890415640745,0.10405486081341683,0.11538016261019662,0.05004537771547324,0.08501315689648126,0.09053137595224411,0.13426460840601862,0.09261401263312159,0.19036631035032453,0.08462945327448607,0.1420205129523776,0.11458729153720457,0.10840452336706964,0.09661088391472514,0.06369064425734419,0.10671598677202591,0.015789137684835395,0.06021038830492539,0.12156845309660116,0.16870726862604207,0.056027084921863236,0.12202640080043341,0.09026751847435577,0.09912512051061358,0.11124800687989846,0.04547491608442167,0.12733934402875716,0.08292666710869938,0.0811102359359639,0.09968939219623034,0.11699791511047221,0.068050493192795,0.06140467442869553,0.09191555785479454,0.07352414586095225,0.0885135403389102,-0.10657803307045627,-0.17674067541438815,-0.19061164419618806,-0.16199373393870803,-0.19045726392581178,-0.2008317609149279,-0.21608063275512104,-0.22403668337905716,-0.016356295806647436,0.03267625712796427,0.06157833749138672,0.06995873792773401,0.029322049340835304,0.019495958374535757,0.026228298128292065,0.08038961681952903,0.018607376832849486,-0.09597979446499363,-0.10128796386645181,0.09900936987546168,0.02737112255517788,0.0857637328429684,0.03760383359527221,0.01564934008782443,0.020201311628751304,0.03995715161870465,0.03982099133508783,0.004462862625187444,0.058775618409609445,0.07236791803457154,0.011338787627928002,0.07180015271443213,0.0532872133687826,0.14116508664941632,0.06973819057787203,0.13084660937268003,0.16395782264081435,0.17570051046193666,0.10229352050603167,0.18013454353189537,0.05134603990960689,0.27610155504343176,0.07020548489681515,0.6566375818569451,0.7648851476481552,1.0,0.512674875278449,0.5593362415214835
C8 WM ascending,0.11037905724622868,0.0837776433874856,0.094756153614079,0.09641651116272151,0.08008629430728084,0.1020286294119689,0.08564187425679037,0.15098132196606712,0.06197468988753897,0.12647301472165168,0.06914480236717954,0.07039952325011667,0.0713554836969385,0.14676866712934306,0.03915661017912361,0.030248821266146392,-0.010877175428279488,0.05140634820773817,0.0826327866395515,0.13346092581111904,0.04829237991377334,0.05344287662421514,0.07929936234132104,0.04914795575642031,0.08149373082740163,0.047648510749279345,0.07307179995150967,0.046500730497300066,0.11490231168746223,0.007017479526404172,0.05513947794901202,0.029544812668448613,0.12308957744184454,0.12757971313001767,0.11900929423716128,0.09522696898399774,0.12853481023907234,0.1325409020249331,0.09485505481792557,0.13139061462489834,0.07537178964958206,0.12617118773652358,0.05193422039239689,0.09839624175387704,0.1140342463162134,0.10932302543881262,0.04364597287691698,0.07009373079143091,0.05529627223155286,0.11408659464993466,0.05780531641770271,-0.0022455540006947176,0.10133036038997711,0.11787551573465228,0.07823362412950749,0.05945602586801581,0.07588061200107916,0.058879833760820614,0.09273260389540706,0.0759078558764429,0.048740770952402444,0.1084254909940172,-0.029022707397352958,-0.11763535882334303,-0.09883995011839916,-0.0770260581649227,-0.1319764671992348,-0.12888419130762363,-0.10425270382083658,-0.12216697980541072,0.030645685499887387,0.03945128047395294,0.0392644656293706,0.11790160289632444,0.07093666159092257,0.07607904426520846,0.08960695376861424,0.10634211733631095,0.045557482286976814,0.008575526602617598,-0.03337015801953611,0.13004721031284278,0.09303920976575736,0.12903626258980974,0.12503711714110874,0.08927296163193355,-0.015177428431669195,0.0033864566170160593,-0.011449061364515206,0.09694306234091331,0.08699305068490806,0.11746869622276436,0.0698798480167513,0.07358402127747514,0.07783351717033346,0.05441996401067482,0.031325173547709105,0.18016873681331066,0.12423239539883166,0.19569109373950624,0.19395914669069328,0.14239798122011396,0.4794500020755862,0.5177655708700962,0.4517329615640597,0.5511290243714767,0.5619086130587132,0.512674875278449,1.0,0.6054773869701688
C8 WM descending,0.10199797003681622,0.06773375550530672,0.10718889328682135,0.07789880965635393,0.05049703745310919,0.07525582170456703,-0.017661033388845723,0.07624220999629028,-0.011777137471270504,0.027161436995443305,0.009188183922342214,0.015442416098375225,0.030559549096624408,0.061589849049075836,-0.0060963123400980335,-0.0007120855841099644,-0.059762890160018525,-0.01662708301455595,0.029609153930204104,0.019791451275681455,0.007367976904901546,0.02732483220701106,0.006594758414133332,-0.009538295693410175,0.018697273071533124,-0.011600916120505345,-0.047286687592394835,-0.014842160728930454,0.038506564937974344,-0.016144659150707952,0.04038099042203307,-0.012571599408414687,0.15543664001814475,0.06948947202599602,0.10705499518111253,0.0709155386115923,0.09404932765818222,0.06789651804317758,0.0648978656137689,0.05799796304850219,0.035963398043122624,0.01980431010403515,-0.028220312055392795,-0.00952568397550532,0.03964525478452066,0.06110093871619293,-0.004982812592009392,-0.005960984104566757,0.008250684357795366,0.021708747252715467,0.0023647236069874247,-0.04639482870849466,0.03184592854569208,-0.00543320009543226,0.011949703024803289,0.025592785438043535,0.018281046339914026,-0.02906416019208208,0.005477937918513299,0.004807708922881962,0.00698644613845671,0.021352355028562992,-0.0944621568266774,-0.14119489019410103,-0.10461964008749082,-0.1563192270689865,-0.1596680595828656,-0.16460015879682863,-0.15035349843456552,-0.14930891784809613,0.06920532729219607,0.06304775231882023,0.07411437817552002,0.11886212222793324,0.12382165346214564,0.1534289295928896,0.09642366321979873,0.15394019322511188,0.07743511084488895,0.060150161131918116,0.021447646182825304,0.08600732468336961,0.08581799788861447,0.09567517589587723,0.10633356723731827,0.11424000502652282,0.011069624333384764,-0.037738765030145324,-0.02668765472612356,0.0524406482327033,0.04134538850049547,0.06441796739600521,0.07435571360249131,0.04548268452855293,0.16309051538073355,0.19166547782886983,0.1319569953718356,0.10309833021880062,0.1697262458636401,0.19408194169788567,0.201823664364573,0.2504265629725868,0.29118512586849615,0.5977826098261703,0.5684385221810822,0.27076029867867374,0.5564069530430962,0.5593362415214835,0.6054773869701688,1.0
