,7Networks_LH_SomMot_8,7Networks_LH_SomMot_9,7Networks_LH_SomMot_10,7Networks_LH_SomMot_11,7Networks_LH_SomMot_12,7Networks_LH_SomMot_13,7Networks_LH_SomMot_14,7Networks_LH_SomMot_15,7Networks_LH_SomMot_16,7Networks_LH_SomMot_17,7Networks_LH_SomMot_18,7Networks_LH_SomMot_19,7Networks_LH_SomMot_20,7Networks_LH_SomMot_21,7Networks_LH_SomMot_22,7Networks_LH_SomMot_23,7Networks_LH_SomMot_24,7Networks_LH_SomMot_25,7Networks_LH_SomMot_26,7Networks_LH_SomMot_27,7Networks_LH_SomMot_28,7Networks_LH_SomMot_29,7Networks_LH_SomMot_30,7Networks_LH_SomMot_31,7Networks_LH_SomMot_32,7Networks_LH_SomMot_33,7Networks_LH_SomMot_34,7Networks_LH_SomMot_35,7Networks_LH_SomMot_36,7Networks_LH_SomMot_37,7Networks_RH_SomMot_9,7Networks_RH_SomMot_10,7Networks_RH_SomMot_11,7Networks_RH_SomMot_12,7Networks_RH_SomMot_13,7Networks_RH_SomMot_14,7Networks_RH_SomMot_15,7Networks_RH_SomMot_16,7Networks_RH_SomMot_17,7Networks_RH_SomMot_18,7Networks_RH_SomMot_19,7Networks_RH_SomMot_20,7Networks_RH_SomMot_21,7Networks_RH_SomMot_22,7Networks_RH_SomMot_23,7Networks_RH_SomMot_24,7Networks_RH_SomMot_25,7Networks_RH_SomMot_26,7Networks_RH_SomMot_27,7Networks_RH_SomMot_28,7Networks_RH_SomMot_29,7Networks_RH_SomMot_30,7Networks_RH_SomMot_31,7Networks_RH_SomMot_32,7Networks_RH_SomMot_33,7Networks_RH_SomMot_34,7Networks_RH_SomMot_35,7Networks_RH_SomMot_36,7Networks_RH_SomMot_37,7Networks_RH_SomMot_38,7Networks_RH_SomMot_39,7Networks_RH_SomMot_40,C3 GM left dorsal horn,C3 GM left intermediate zone,C3 GM left ventral horn,C3 GM right dorsal horn,C3 GM right intermediate zone,C3 GM right ventral horn,C3 WM ascending,C3 WM descending,C4 GM left dorsal horn,C4 GM left intermediate zone,C4 GM left ventral horn,C4 GM right dorsal horn,C4 GM right intermediate zone,C4 GM right ventral horn,C4 WM ascending,C4 WM descending,C5 GM left dorsal horn,C5 GM left intermediate zone,C5 GM left ventral horn,C5 GM right dorsal horn,C5 GM right intermediate zone,C5 GM right ventral horn,C5 WM ascending,C5 WM descending,C6 GM left dorsal horn,C6 GM left intermediate zone,C6 GM left ventral horn,C6 GM right dorsal horn,C6 GM right intermediate zone,C6 GM right ventral horn,C6 WM ascending,C6 WM descending,C7 GM left dorsal horn,C7 GM left intermediate zone,C7 GM left ventral horn,C7 GM right dorsal horn,C7 GM right intermediate zone,C7 GM right ventral horn,C7 WM ascending,C7 WM descending,C8 GM left dorsal horn,C8 GM left intermediate zone,C8 GM left ventral horn,C8 GM right dorsal horn,C8 GM right intermediate zone,C8 GM right ventral horn,C8 WM ascending,C8 WM descending
7Networks_LH_SomMot_8,1.0,0.5802000227562651,0.6026485130499815,0.5327581175399968,0.13126533560990622,0.1782118800322649,0.18756060977757202,0.3617677394900654,0.33650799190565983,0.4455444800509793,0.524163799705185,0.36080635497396796,0.0389586433271138,0.456622357640519,0.25473055274779444,0.6069016759562297,0.48204234413764935,0.5646094471454609,0.4015858022737075,0.40352738156738177,0.3450691372129766,0.5395536266704228,0.09295271304988639,0.3478752445288466,0.67817873337113,0.6008207787307003,0.45976830822953124,0.6764769093057821,0.6529038849931811,0.4451984356068687,0.7332041988402179,0.5515357780840506,0.5775462365437702,0.6373299605517512,0.5649018658825025,0.4909982797515311,0.08489793193610491,0.38743233245395886,0.4548064732621322,0.4944046853915111,0.32800148139729396,0.48213067103847124,0.5593000342256537,0.511468015396623,0.4323688511293106,0.46716557420266347,0.42771849037616827,0.48684321010864073,0.35511929985724505,0.5251995134038241,0.324333406468389,0.5052947369086737,0.15393409244355236,0.695752660131759,0.5645456110717832,0.5713672641777379,0.4627040147620556,0.09381082302811843,0.5568408969783363,0.3898830922521873,0.09661970523582236,0.5054947084392591,-0.11892700688937217,-0.08930576436019387,0.0033273296476113118,-0.11991492342598661,-0.1473004366220579,-0.07584083991231046,-0.14711207453488262,-0.0643573265049316,-0.028411094036218172,-0.03393077061337523,0.042677776322456604,-0.16730948337044566,-0.12367383389140117,-0.062099775815631676,-0.000939957331755637,0.025345831644885818,-0.013252774974782684,-0.0359526200768386,-0.006126471063456672,-0.01015576536315131,-0.043068377723136736,0.030556222862362533,0.06378969681208191,0.0030684559689693122,0.018017311309295923,0.02801552135760137,0.08860799187768714,-0.0192572632996502,-0.055202242426891694,0.01029458813591771,0.07046170357211637,0.06912376098545778,-0.04149165890066457,0.00229188295927281,-0.022931083790298692,0.0018745655347451025,0.05109099596742836,0.03594257720122562,0.03919702801426158,0.06524555633389066,-0.006406827902631972,0.06611485886282457,0.04537229848194748,0.08106261712791535,0.0836564895963018,0.1288322404641511,0.10637122280129178,0.1289794824894165
7Networks_LH_SomMot_9,0.5802000227562651,1.0,0.7056160328586784,0.7427349251603035,0.6169785531283943,0.5735196144659758,0.61210908580666,0.6925935132673078,0.6629325628742428,0.7013509630753563,0.633089543739203,0.6817955043378966,0.3835542097820988,0.6472162810930507,0.5270758575317366,0.5768037558064302,0.5684058724372075,0.6458599009448097,0.6269094544873758,0.6044625406306225,0.5951673475117953,0.6543521408180428,0.4402789500893541,0.607351001371791,0.5114532928057615,0.5836970418591885,0.580777881054995,0.6094939347531777,0.5871767636954,0.4674546853390989,0.4855933566035152,0.6617155049503267,0.44119067531201756,0.6487372415190331,0.7065001863112905,0.592871270318782,0.5007888367200002,0.6945033375054129,0.6247998869668313,0.7325801778389429,0.6224111375084753,0.5479947891803024,0.6865845626777967,0.591005221081717,0.6022967905932368,0.6376054089849098,0.6489474713645522,0.6750360561256936,0.6319551891362801,0.6697848613107363,0.620198728670232,0.6046844428233997,0.5215543296641717,0.6074007686556977,0.6785386467617187,0.6821350745560315,0.5719112270654741,0.45827366856705176,0.543389763906807,0.569954146850462,0.41376474946756125,0.5366959195517228,-0.030747509524483255,-0.042492906842169886,0.02495580057442478,-0.07587714406764128,-0.1663108015210892,-0.14663924615144475,-0.07787894617442197,-0.07195642186362673,-0.07416067445065604,-0.024445110520233418,0.02402819587374057,-0.11143451041393414,-0.0877293722743366,-0.05454146538470771,0.008111745264278348,-0.01640158364030805,0.018263818388846626,-0.045837096090794005,-0.01954941345618858,0.04200074751881659,-0.01845530089830885,0.0473351568906794,0.0742976859610311,0.006943253443243984,-0.03199620638773431,-0.05042057622221905,-0.016590476345204993,-0.009603346634846903,-0.05436180551161167,0.010243622448672744,0.020448531817075864,-0.0076165702916353994,-0.12212665092753702,-0.04719663666033333,-0.09019033149890063,-0.052790068767769587,0.005828788531815787,0.015640046989154444,0.011956496687428009,0.017467724623315577,0.017089881912808122,-0.009995345713585213,0.01550183537419259,0.04253438232527142,-0.0029934868508933923,0.04726644001028334,-0.0020281825642942458,-0.03281942119323761
7Networks_LH_SomMot_10,0.6026485130499815,0.7056160328586784,1.0,0.8031943338132158,0.5706372494252439,0.5361039105159844,0.6151277729436124,0.7530678337345709,0.6543413056387057,0.7435259315609775,0.6793470299989466,0.6870553057432832,0.39945704770070406,0.8009230229154292,0.6244200852002355,0.6955137467409718,0.7367386524828992,0.7139734620519198,0.7452526603808591,0.7565506528280043,0.7125284826597074,0.8098782279568872,0.5492085814862274,0.7027220718669157,0.6485257133589974,0.7377411303197886,0.7434491645803024,0.7521902455161013,0.7489058531598984,0.609510770539535,0.5875084218346021,0.6810837631476433,0.5603405338010542,0.7023337245027284,0.8269003037816905,0.5376218481907532,0.46019048921120576,0.6923909365268424,0.6600014341947368,0.7374292178837509,0.7056091987792746,0.6204258111468318,0.7423283919216048,0.604879716456663,0.7555320676975895,0.7145475156099462,0.7592976706454265,0.7976741547259871,0.7286178810760016,0.8079632082739574,0.7240459777392442,0.7138069784546617,0.6049818819147941,0.7248507073497313,0.8124422232342529,0.8075276507202999,0.6427645195336628,0.47028661774576347,0.6746765870969624,0.6934695772218532,0.4982118652496642,0.6244926550926856,-0.007310191940314365,-0.04817859676676727,0.0007796817192313899,-0.024944970575341594,-0.13426142784395054,-0.11516503707991455,-0.0959524199191118,-0.0801737933928837,-0.011317232972893852,0.024362261763763642,0.06384605673076489,-0.030331085854942354,-0.010180284802678043,0.02083678597373216,0.056206688858524395,0.0628437991641333,0.02311305148030751,-0.04313444981772148,-0.017163882134906227,0.021130403169372255,-0.027597082081431405,0.054363491535538946,0.07064849187834008,0.015518144852145987,-0.0038536937113280672,-0.008156797122141835,-0.006863720565946844,0.07596173155480765,0.025683673662169736,0.10449475695082842,0.07676346987181741,0.07082948363399577,-0.0802066910105893,-0.0857078052745995,-0.07208775765457404,-0.027477706234541675,-0.016157569928122933,-0.02277128772241588,0.007690613071197438,-0.020885864588042355,0.009956801803479997,-0.022136005490614757,-0.018878819591965593,0.0762201327110241,0.044806820195638135,0.08915007813023357,0.03218952755331202,-0.024296829183972583
7Networks_LH_SomMot_11,0.5327581175399968,0.7427349251603035,0.8031943338132158,1.0,0.6386617285328413,0.7005393012847737,0.7218503002160791,0.8275363147659639,0.5711264529814627,0.732762938734872,0.6357601541406555,0.6964381857006485,0.4434371208412387,0.7982623419568166,0.5796021987878556,0.6229777022681295,0.6555711725694264,0.6369871949518514,0.7103617241138926,0.7336205478116326,0.6417794139108787,0.7999757386327259,0.5654078127929508,0.636738329685034,0.5987113084711821,0.6612301167857025,0.701136503249567,0.6646110304417051,0.7208324568612967,0.5592844394684419,0.4705909555748818,0.7126064704334106,0.4762820236229156,0.6632674703867456,0.8007046412674658,0.6522770751005128,0.5477233781244176,0.793634197192246,0.7414204193188929,0.7592735690466474,0.7498037592179507,0.6093387107683926,0.7736968459312618,0.5673415620520822,0.7268332319626131,0.661480050135451,0.7010229631210784,0.7689184559353488,0.7035640751899621,0.7765806138121523,0.6865515259430343,0.6286808510001297,0.5944974983152864,0.6619075061629204,0.7477591877266947,0.7399952690270635,0.5676493058540134,0.43232802946403043,0.6728805510125206,0.6210891075586645,0.4717218337064086,0.5634773098041213,-0.05284140784312569,-0.06995198710324917,-0.03031269401611542,-0.03559829797049055,-0.15574803577311327,-0.13053145327533117,-0.13457168089651259,-0.128170981433048,-0.03924914119444696,0.021066065127295162,0.056149946272238085,-0.08891881587206318,-0.042780045797597754,0.00048396904210288064,0.026779788747605983,0.044631662985454706,-0.014954937508638716,-0.04093459471859171,-0.006556992712557737,-0.02266816933183292,-0.029936191507400033,0.017557966465706783,0.049365041394722586,0.01292304221104288,-0.02583897797893465,-0.027891252124881093,0.004028245376591801,0.0799378431049255,0.005231962005869256,0.08515126679899737,0.06462675987151477,0.030715430955049756,-0.07676927943418553,-0.0705443071759502,-0.07378389273800359,0.010245703792903842,0.03132327202437929,0.026275284602636107,0.002500884324161704,0.019096863116952977,0.05937261660476516,-0.0033956270726094974,0.03203354968248666,0.12979903396480857,0.0446300006490143,0.1028250976766095,0.02312172814895515,-0.009874291773624921
7Networks_LH_SomMot_12,0.13126533560990622,0.6169785531283943,0.5706372494252439,0.6386617285328413,1.0,0.7410515286885596,0.802657464683518,0.7668203721536458,0.6290266589990944,0.6500690925509662,0.41086608249737294,0.6641774813430316,0.4520503257927321,0.612555330084335,0.5192298487002062,0.3376435777673451,0.4425648439455936,0.45413846004516384,0.6144129188560477,0.6334380560535833,0.5446834572931158,0.5354807865934986,0.6056809683872685,0.5205346325719566,0.218501358160375,0.3738524292045493,0.4965570889491539,0.38135159955658937,0.3488309462623812,0.28172429549498024,0.13429506385669593,0.40383669434827296,0.13319658907008677,0.3756887481903109,0.49892100462556377,0.4260980156816711,0.6688488392764134,0.7422709297791219,0.6065227069763366,0.6673978341486768,0.6742786974807584,0.3200110389337508,0.518420221988047,0.3941747483619647,0.5727374419934279,0.4742463381459404,0.6478681024192197,0.5987764089616481,0.5957010082455431,0.5763773774120194,0.59935515125131,0.4061494058405478,0.696368337147231,0.3420879770864787,0.5407816621445227,0.5684379119996995,0.4794134132740146,0.5742308306631975,0.31557465845779636,0.46645721406241447,0.42260835412117503,0.3632415987185094,0.056739436105655565,-0.013908864186142383,-0.0029614788467301556,0.000194157429877385,-0.09018633125906858,-0.11887487263480542,-0.05442968976864928,-0.07041083603269281,-0.08458833758959637,-0.024337134196749696,-0.04028719867109172,-0.035287867409454755,-0.011892249914696632,0.0020884214377698686,-0.05394791483725473,-0.03519648850107389,-0.004411977254866853,-0.08267893290600938,-0.0710195291136054,0.013081657996548025,-0.04108280609809318,0.001852922156040098,-0.002580627379837308,-0.03631398386180962,-0.045854092017484076,-0.0736982054343547,-0.07636222854745492,0.042442981291412704,-0.00011276345952004142,0.042558652926081984,-0.0013142391879322765,-0.04311392112081111,-0.07932200677897545,-0.08932376120111031,-0.06104413327813185,-0.07762192406121488,-0.0791688625254244,-0.07121441997950174,-0.06032044085423537,-0.06974004094879042,0.021110282224281244,-0.049696904453405404,-0.02393720270520006,0.017543868402587256,-0.03486658530978265,-0.011552357418880417,-0.06858916049814819,-0.148172283624041
7Networks_LH_SomMot_13,0.1782118800322649,0.5735196144659758,0.5361039105159844,0.7005393012847737,0.7410515286885596,1.0,0.8490010208748932,0.7990185979878015,0.5520767353381116,0.6668992513939128,0.4788705086190117,0.6454038069474602,0.5587977803566041,0.662419191214329,0.5401079882093727,0.39700218704367846,0.471475950811608,0.4064202816762917,0.6182947422987494,0.6180512889141792,0.5749858770348871,0.5966306065058576,0.5718788356688751,0.5317048750446379,0.31927435697018947,0.4192023564045613,0.5196646721485687,0.3844288174533075,0.4377884112411083,0.35351932168459377,0.123359949079463,0.5151762302487685,0.08669883346556549,0.43207584877869937,0.5132846432064561,0.5133977396765856,0.6035178310261187,0.8428219460153158,0.5652929298186533,0.6689048675889432,0.6356244737985427,0.4142326932852349,0.6338121559007637,0.4226897705041135,0.6138103374552238,0.48953442705676103,0.6357177396264871,0.63148186756875,0.6532734056091025,0.6211583438789753,0.6305134651605472,0.4339779043818613,0.5977621919160719,0.3952653649412016,0.5345900461821053,0.5387970169445032,0.43098318861432927,0.4416348646137542,0.43958270836792174,0.48198072712885237,0.46330226937897384,0.3858795756153328,0.038261293552415886,-0.005008056601724184,-0.011667695028788175,-0.031427012191676214,-0.09596598924634177,-0.1255260738505595,-0.027825423564819384,-0.06445567798899543,0.0014347367534120294,0.07214792816563578,0.07765885898393321,0.006176485797936433,0.03590613562966285,0.054275633789238525,0.06662219126126852,0.07207932409769527,0.03303797850502088,-0.002534610301637153,0.0015982692794513208,0.018979740848342093,-0.00391537617727622,0.01997386979235946,0.03352788845804381,0.027735879395856776,-0.004317096928763866,0.014731141927322342,0.0020389225414180917,0.13993158049763224,0.0923397380045964,0.14407075481633175,0.10827007732359602,0.05686593894208675,-0.042139557262371584,-0.07965393076156398,-0.09091278426834115,-0.014061945742069907,-0.027178697080632853,-0.01837166691597766,0.04433645295070747,-0.04749590982176262,0.08915555882846585,0.018665318997822342,0.0076599144242573865,0.07750070821895179,0.005419159540480994,0.014834038566357809,0.017347719452776845,-0.08156965684249451
7Networks_LH_SomMot_14,0.18756060977757202,0.61210908580666,0.6151277729436124,0.7218503002160791,0.802657464683518,0.8490010208748932,1.0,0.8507759283218435,0.6721853497593933,0.7765762110335487,0.5153404121349393,0.7505948495359269,0.5691664130700879,0.7230232634811886,0.6507879992987381,0.44648699071214776,0.5665473932473915,0.5154993728093888,0.6988770483580122,0.6926587886441421,0.6710841467913933,0.6776249178572926,0.6560255610284412,0.6516321387636475,0.3564972320858643,0.5063842264111585,0.6218127942722519,0.4574612261341574,0.47625793032776886,0.4490987128601507,0.15172214434979558,0.5155938343754031,0.1615460536888129,0.4748930903027366,0.5763878610870569,0.5053406380213568,0.6321497224373416,0.8617356407713888,0.6207173865421456,0.7711954062186073,0.7214734015936325,0.4573708852933592,0.68494876248842,0.45744524656516633,0.6790371699491121,0.5724947463412429,0.6838684909438054,0.7061618692590957,0.7139783426572486,0.6697959345464051,0.7373410413634751,0.53066976206274,0.6710580202803414,0.43511439010385006,0.6324785142451492,0.6102591099671608,0.43332346645783143,0.5083635214427957,0.48285823534933586,0.5955346420193752,0.5787615043439067,0.39660086327653055,0.07185538993780581,0.009853953924487974,0.017598327980941467,0.0021987034364276932,-0.08721855560851986,-0.10029574508375824,-0.027122085425279437,-0.050059299108913956,-0.03754992986572802,0.013504585423557048,0.01783993848925105,-0.048765959985008545,-0.02121545904922344,-0.012783527399415538,-0.0029391789462883586,-0.0045284064610232565,0.02397702554078557,0.005251965944914258,-0.006298309686760013,0.07431171863741291,0.053381804742853464,0.061027536352183234,0.08083286122640497,0.05961454818627313,-0.01570411609812231,-0.017869178201447285,-0.022557667032659913,0.15016287644779455,0.09336456688073347,0.145775777570906,0.09795908650148125,0.05342021187033893,-0.07200174663647461,-0.11380659707050735,-0.11279871130947837,-0.025355434913262077,-0.045721927916489574,-0.017713447528670847,0.0008333584698621123,-0.05419803464121258,0.03446625211020225,-0.022285011343413635,-0.03315546416330367,0.11175987027804934,0.005995709731946803,0.036250002305071305,0.002245131169444047,-0.11857780791725178
7Networks_LH_SomMot_15,0.3617677394900654,0.6925935132673078,0.7530678337345709,0.8275363147659639,0.7668203721536458,0.7990185979878015,0.8507759283218435,1.0,0.663831565643354,0.8583265453331131,0.6604095167667248,0.826319366623291,0.6263092114461153,0.8912341996273778,0.7299066928682916,0.6102896617063335,0.6957667119757619,0.6507240427764343,0.8343760215266979,0.813880294452492,0.7753057954600524,0.8382004407978912,0.7354021796981847,0.7464591895644191,0.5511580031284629,0.6759229555556749,0.7608615773964738,0.6492505808606266,0.688710087872155,0.5933234562571937,0.33789926152341077,0.6066196580027061,0.32652341203259133,0.6047173216879634,0.7236048416993054,0.5772902673010184,0.6708549344420764,0.8689954641961405,0.7577232237536535,0.8017213423399272,0.8541162559675837,0.5715829141031777,0.8201821076835876,0.5789837094324762,0.8176510894080108,0.698652870058585,0.8154668906206701,0.8465846046743905,0.8031847789265653,0.8163753602448496,0.8146197066161972,0.6650100441419451,0.7346036193280789,0.6235106561472263,0.7777263373362303,0.7695056013329156,0.5398918484897017,0.509143589437473,0.6569832984908094,0.6994255282031863,0.6047626988639584,0.5377744056822121,0.04987318263663473,-0.00939793640011223,0.013312758810697874,0.04283241122352468,-0.08515655709921725,-0.10506807470204364,-0.033133036002336844,-0.06491403057080593,-0.07595786326195249,-0.008797669252454565,0.010119658528119597,-0.049860724477611404,-0.019470065747165883,0.018574587231399008,0.01752551226428371,0.026279927087881193,0.06745514690376854,0.005154654662684058,0.02539054786333738,0.033028208624475905,0.005464703751690267,0.04825525796334046,0.09737902368816272,0.04407176743367097,0.014042305725892332,0.00043070157523565053,-0.000960296390629775,0.1028480143069605,0.04961280468455581,0.11224923963016394,0.09449362485784037,0.053117708130466276,-0.07961832079284598,-0.08518270084525473,-0.09156445764934168,-0.02524937136577894,-0.028270045314030625,-0.02650361121140456,0.004862943514727582,-0.03841137773465049,0.06689090278611172,-0.023781660222257434,-0.018631170499461912,0.08709339473573549,0.028431130843694797,0.05926524895310517,0.0059484902126371525,-0.09769212014359513
7Networks_LH_SomMot_16,0.33650799190565983,0.6629325628742428,0.6543413056387057,0.5711264529814627,0.6290266589990944,0.5520767353381116,0.6721853497593933,0.663831565643354,1.0,0.7850491807757942,0.5563959086629856,0.720874294012978,0.45820709784848035,0.6211455354028533,0.5880278185296421,0.5179363574870579,0.588583540533587,0.6120993092906883,0.6299420849985721,0.6153722926131739,0.6636878763133734,0.5901282893456947,0.4701118747808552,0.6323690157919344,0.39128392409461515,0.513721590587627,0.5718620794148873,0.5213674090591129,0.4753383963714808,0.3957814366138707,0.2808515178259328,0.4826229541999818,0.2924951472872282,0.48816402565685557,0.5252125940044484,0.3715846953920862,0.47404541789075666,0.6200816050586823,0.47412765348881186,0.7858177414598996,0.5689199120272888,0.4239788619138206,0.5976259757795671,0.5883179568700604,0.5846882404152597,0.5856027953508979,0.6546089875172837,0.6260443378726441,0.6387753581485651,0.6062175790231107,0.622162848659692,0.5822672771787206,0.5552884761844974,0.5082818956682305,0.6348437616226702,0.6379100425840679,0.5800167557434565,0.5806224924618724,0.4111962466593903,0.5719318023309683,0.43257930102857645,0.4841187084967037,0.06470570140857711,0.04364263775385594,0.06584774608480368,-0.004210797854776247,-0.044357129039664454,-0.05033762583543479,-0.00989783413110032,-0.019659688781703304,-0.11062220529106548,-0.027520124484147798,-0.028046109297019728,-0.02917042123361041,-0.01066951110876765,-0.02798030125817537,-0.019981554490370753,-0.032968943016590035,-0.007042468018507797,-0.06499868707383136,-0.028405938375296688,0.06152580868274757,-0.025908768180988865,0.02224917794626618,0.04934429154823384,-0.00620842060969176,-0.0077597777314230695,-0.015939720403952737,0.005169235416118072,0.011531967439427662,-0.032625564786426565,0.002859772681226548,0.019928724391270143,0.0239212351000012,-0.10631417890660082,-0.09534453570109738,-0.09315193791473741,-0.07642170814042466,-0.038000260426732456,-0.02230806002354693,-0.02596689913785601,-0.04554095415376658,-0.04564378922937909,-0.11607238496402068,-0.12668173434591204,-0.02873777910045918,-0.0770160196164222,-0.056235607389361,-0.13022368904757148,-0.21015147416721863
7Networks_LH_SomMot_17,0.4455444800509793,0.7013509630753563,0.7435259315609775,0.732762938734872,0.6500690925509662,0.6668992513939128,0.7765762110335487,0.8583265453331131,0.7850491807757942,1.0,0.6991678519916699,0.8655755143059061,0.6383228944712496,0.8454550897049554,0.7784411830833208,0.6635726890082205,0.7486479545996706,0.6913476797563003,0.8292467136636282,0.7449222220981069,0.8225781363829734,0.8101073271722579,0.6492298619517302,0.7902017598439988,0.6005502020552348,0.7172608406235338,0.7837437568058709,0.7038980017591547,0.695731456076579,0.6375776148142936,0.386072316068225,0.624031631214645,0.3711802568758563,0.6330130638424905,0.6921361533906689,0.5232005462245058,0.6012682588601233,0.8007581383952711,0.6312260855394921,0.8598145437261541,0.7670527614372328,0.5821091985694493,0.8292344769401183,0.6626832456545891,0.7643158474919479,0.7232076655506392,0.8027567798877364,0.8386589157615132,0.800179738676031,0.7889136201230165,0.821734218585891,0.7320578886618143,0.6681190113079423,0.6631013158776804,0.8000375334866051,0.7861884001944471,0.55528069476422,0.523660381209874,0.6425891163404783,0.7454012581814705,0.62024595040379,0.5775762005496776,0.02404292362400335,-0.028360066869120265,-0.00022246127217876338,-0.0012351967971962513,-0.09244364510520788,-0.08522187605161989,-0.029273221753463193,-0.04433673928117936,-0.07275703098978417,-0.01383387808460134,-0.0024401119482428996,-0.06509109338498392,-0.04495531990331526,-0.01759574416099964,0.03714809916401639,0.007255700622007335,0.08094446190715697,0.024351943038661773,0.05184547455216147,0.08443070140549952,0.04160581082005155,0.10634493026338998,0.15502919098035509,0.09480615801249731,0.04184768192341438,0.02534660195500739,0.03814765539208214,0.09528318052898219,0.041714697414134576,0.09695246820997426,0.10068134080675913,0.08314617500126657,-0.06919872994087273,-0.06499211134542056,-0.10188307911476199,-0.017027589296536888,0.007496192040270861,0.0036436512508485445,0.02681358500363626,-0.02588864275987064,0.018201754136020012,-0.0506648193358112,-0.057744739177844166,0.06596721069854995,0.005610139921112738,0.04565967435604754,-0.012618020888699814,-0.10905874165127706
7Networks_LH_SomMot_18,0.524163799705185,0.633089543739203,0.6793470299989466,0.6357601541406555,0.41086608249737294,0.4788705086190117,0.5153404121349393,0.6604095167667248,0.5563959086629856,0.6991678519916699,1.0,0.7393288980160809,0.5493752858389419,0.7481439880008648,0.6980885351866345,0.8174895255775094,0.8084630116065966,0.8125669015774705,0.7773833735000731,0.6476813243662016,0.7445072770001208,0.7838002048691199,0.5906991646046005,0.7780315195457052,0.7521430965165331,0.813677087239925,0.7871103357774364,0.7619476600353491,0.7564588575232798,0.7409825428273955,0.4853386510902549,0.6969075843050255,0.45382275041866316,0.6362457284463797,0.7007303270801459,0.5046216327573847,0.37642907254956715,0.6310906310530738,0.5479769775058616,0.6780961129167358,0.5866327330821115,0.7619847168091158,0.7757254861555386,0.6901141415464701,0.6264465833482318,0.8159491338459539,0.6037896122324452,0.7362643908850949,0.6476849083205741,0.6915602140905552,0.7440832894123138,0.8566189762798498,0.4180153537133565,0.7548847018077585,0.7778052355607098,0.7324315107537055,0.5127549184018517,0.3542250186286167,0.713251836628193,0.7624586134182135,0.5938404101127385,0.6664859830682246,-0.023587682862810894,-0.020417424639574362,0.028694322008135913,0.015279509949920441,-0.09573587175965387,-0.09489007482596402,-0.08190427602162463,-0.06296092395617528,-0.04363814309118042,0.04123263134063628,0.08115904302858372,-0.07125657111125076,-0.04607005915693113,-0.01795866293445531,0.03339962927426332,0.07838015966384858,0.10104059127604183,0.07395175187719259,0.11375575005730941,0.08249795561532272,0.06341047730108734,0.12628727914297824,0.16764318043310017,0.13303782293151373,0.04933787717250657,0.05287930449437262,0.060788392711665584,0.11412928156007467,0.054049379696459295,0.10981955058170897,0.13301894674677667,0.0976764988761397,-0.05708941984486497,0.008310306368909582,-0.03524733044206888,0.04707096343457086,0.07555466894540841,0.06811927655292477,0.0739399649529421,0.06336210933749228,0.05255058302037504,0.03043292543229801,-0.0012585157197841804,0.08122052989563251,0.07829352106619052,0.08253693335692827,0.04834773151570476,-0.019983281640184532
7Networks_LH_SomMot_19,0.36080635497396796,0.6817955043378966,0.6870553057432832,0.6964381857006485,0.6641774813430316,0.6454038069474602,0.7505948495359269,0.826319366623291,0.720874294012978,0.8655755143059061,0.7393288980160809,1.0,0.6995068308810316,0.8063330467001408,0.8162384209259891,0.6541629740127645,0.751776064906498,0.7372676960292005,0.8573746321156647,0.7391251164323034,0.8424355741998035,0.7884840061225137,0.7210790786959487,0.8265115883350321,0.5694484982042916,0.7085497868912732,0.7836335161640194,0.6611061155432646,0.6349520897537891,0.633840147115104,0.31711234196891563,0.6012694933694921,0.34464436951503136,0.5734323341011914,0.6618932198267197,0.5265881198632718,0.5973715040517291,0.7741923493619385,0.6360265170506211,0.8016764578317146,0.724133758705685,0.5817745404029999,0.7836406540931303,0.6952064027505277,0.7012461118684306,0.7531127322578055,0.7417454123163725,0.7969467196741721,0.7824940639875455,0.73234815038849,0.8422181683278628,0.7541899179830003,0.6472953876808872,0.6198339328359711,0.7833822788448932,0.7605640583856785,0.5381307919841053,0.5629470142355378,0.6074606324381918,0.7660877553477583,0.6727590554837803,0.5736810410140805,0.03572355259843976,0.008145836495460534,0.038949269422612974,0.011576589615282042,-0.08361303427739028,-0.07959690326762264,-0.030691503648736067,-0.030344615257491398,-0.0650274444440273,0.012826979281658634,0.017561084664490818,-0.00946138561792213,0.005119756599906733,0.04042086143485135,0.065277510823468,0.047222320526657535,0.11517034308720346,0.06391659061656847,0.06847636013218028,0.11193917098247858,0.08241122007813265,0.13917784336866162,0.16510600292385916,0.12227913728164679,0.03067194653274396,-0.0056658671010199856,0.007033506018562028,0.1289535760187225,0.04362704486784708,0.1102996332936783,0.09802240790714659,0.054949880336464745,-0.09224418292031204,-0.08997626155321722,-0.09347488954331133,-0.0016145646233398311,0.013261828093498873,0.03070817670946125,0.04506962065711385,-0.0014643760016022885,0.009906234806916804,-0.048696823025153366,-0.07200388389999329,0.07074024849209602,0.051435645929860656,0.08389585514033739,-0.006450366598971483,-0.10641824016312489
7Networks_LH_SomMot_20,0.0389586433271138,0.3835542097820988,0.39945704770070406,0.4434371208412387,0.4520503257927321,0.5587977803566041,0.5691664130700879,0.6263092114461153,0.45820709784848035,0.6383228944712496,0.5493752858389419,0.6995068308810316,1.0,0.6518096404328191,0.7721765975051098,0.39921409928305046,0.5259387290551122,0.3757834461110901,0.6977202642343519,0.4726983940989792,0.6988950696605872,0.5555673058036558,0.7116770984394442,0.6779611313153091,0.317483007330154,0.46764853056846867,0.5923401018871198,0.3198508928791934,0.38696970936115777,0.5742783918429482,0.03742721373445182,0.367592692482568,0.09639843864574944,0.27121754569827317,0.3962975584580679,0.2537064361544458,0.5072282140998647,0.5477294637987525,0.3695202674868278,0.45991111307961785,0.5888045898180094,0.50131603177202,0.5760618800364308,0.3755378056826648,0.48347778197774083,0.5508754379096645,0.4723552489919049,0.5492667561104273,0.5784322647771604,0.4251537199369554,0.6761808602543486,0.5430095882992508,0.44483099393972764,0.2640484167289097,0.4453962025552572,0.37209094423660366,0.161908114502821,0.3372756360320658,0.4455307683248821,0.6174362850865571,0.7456140865441842,0.31774428769981927,0.0874581900213016,-0.008138629353375375,-0.017683514226946286,0.028379641357191284,-0.08091211296795173,-0.13131533807420062,0.016094780755277507,-0.08091520098730264,-0.08387933521252712,-0.026701336177611397,-0.030557529540315674,0.0015547832833813537,-0.0102971399427718,0.026063292083821694,0.038081286587754136,0.00047106205262047884,0.22158146186792713,0.20901290871758746,0.2006585022437546,0.19263692911001523,0.1797085234797916,0.16724466257833587,0.2563510543874812,0.19996580984266443,0.08225937702141138,0.04770169445663573,0.016549572252686613,0.13057983925688782,0.0906380856320764,0.10159789276566909,0.1011710035527342,0.052005161052381337,-0.004263922516905444,0.02329905273468662,-0.01138658051151585,0.04339567024969773,0.0884686525260497,0.053240318318644626,0.07906904826722407,0.051205513002560994,0.17880276005924622,0.060771370910651594,0.032093849965459546,0.05767889520208656,0.020191212555217913,0.03972021694040986,0.04906320683616399,-0.05537506498395999
7Networks_LH_SomMot_21,0.456622357640519,0.6472162810930507,0.8009230229154292,0.7982623419568166,0.612555330084335,0.662419191214329,0.7230232634811886,0.8912341996273778,0.6211455354028533,0.8454550897049554,0.7481439880008648,0.8063330467001408,0.6518096404328191,1.0,0.7894784713799207,0.7182585875702674,0.7930724284083012,0.7153706621819629,0.9077495547875938,0.8350716242114916,0.8297187711651903,0.9281792667082934,0.7274462828452086,0.7999220893377343,0.7000329491512615,0.7969962489756605,0.8601430672739746,0.7787637783502845,0.8291045739081914,0.7322085319490518,0.4498751468897311,0.6565135562914416,0.4128334258160672,0.6600189772306737,0.7709534554412534,0.5435476905933991,0.5617661454353068,0.7945731290167863,0.7077032076489279,0.7542255277662333,0.8306010956765136,0.6498523530009881,0.8709558077981091,0.6261925562615339,0.8756149233735903,0.757731106436107,0.8351250856912226,0.9038684092993207,0.8208638498499882,0.8753532097416431,0.8444102982598846,0.767464393400114,0.7023234709715512,0.7347059564380056,0.8596303295585821,0.8292842247174264,0.5445016755346348,0.4542760294880346,0.7764582902702194,0.7704603010006387,0.6442347513177659,0.6328930679361531,0.044742073052726566,0.0048885445109939085,0.04462107022086217,0.0660432359466427,-0.07062543886927634,-0.07525918528562417,-0.034123041137189544,-0.0436892497979264,-0.04103405310715454,0.03292578035513442,0.07210510139438538,-0.05744472656345361,-0.02326270514000221,0.02347263794439456,0.06154943027852878,0.08331824940732682,0.11576960573294,0.07184809504209949,0.09584768899074768,0.04761271663670648,0.044220418967595335,0.09013192725783507,0.14651599567944767,0.10865269085068958,0.054503146264813826,0.04760941107471355,0.045823007093481256,0.14450642917854428,0.08911643094106464,0.1480407492712071,0.1302645833467027,0.10056432235023624,-0.07408720418349103,-0.07637613758286832,-0.09827218156718577,-0.021990267167903716,-0.013672953184297577,-0.040963002060317326,-0.0025438392965934946,-0.0591260335027903,0.1265099211222332,0.02249363780373762,0.013629307746005943,0.08485245182084329,0.02610801379969408,0.034941557977500516,0.04530853612504106,-0.07511931262510925
7Networks_LH_SomMot_22,0.25473055274779444,0.5270758575317366,0.6244200852002355,0.5796021987878556,0.5192298487002062,0.5401079882093727,0.6507879992987381,0.7299066928682916,0.5880278185296421,0.7784411830833208,0.6980885351866345,0.8162384209259891,0.7721765975051098,0.7894784713799207,1.0,0.6072719370584669,0.721222958290878,0.6218473605194025,0.8496682248176592,0.6583916278984262,0.8570438166182771,0.7436070871626231,0.7209943698334611,0.8129866858963254,0.5269195249947881,0.6702496555773473,0.7780698913310352,0.6042386377085259,0.597148444230537,0.6730611763307077,0.25598035359462457,0.5431663740066471,0.2898195946008857,0.4945560485965374,0.56732404586209,0.38495955740363835,0.5044899113320949,0.6625984642553923,0.49976946184345766,0.6708103290298013,0.6557208150921932,0.5579478693494896,0.7044265102499305,0.557654138430419,0.6558572194588999,0.6987503080225792,0.6673906114426017,0.7340253297552903,0.7136475245772395,0.6431215164474281,0.8243911842071059,0.7235561704157828,0.5702125898306541,0.5184403843775933,0.7021171959013347,0.656481836235661,0.40790643777921937,0.44033335693461156,0.55137492778426,0.7498154016243825,0.7085752628685691,0.49859288628765214,0.06039670151298414,0.0019146332171667147,0.013510916975367484,0.07076198388224601,-0.06875890741287169,-0.07821219219854715,-0.0043628709571023995,-0.05127150246350969,0.010267888549162232,0.05708919653523256,0.06763585415078475,0.017978809554656826,0.014560507919537499,0.034246523756130624,0.12295220036610024,0.06825182036393676,0.13939722289999473,0.11168519316053366,0.12244855204537386,0.1409419641653012,0.11439230797490164,0.14161823550142372,0.18962442960916973,0.16225976606818965,0.03700893679692194,-0.00586310607385136,-0.0023486624431022455,0.11083795633633589,0.043345892888210336,0.10686973396564997,0.09532506285419488,0.058817380589986895,-0.044002067772187,-0.048405662969994975,-0.08951823771682182,-0.007676413360472539,0.022460471162572597,0.00930395137808143,0.027538959689871117,-0.026175129304964316,0.10817980044651591,0.018396558441780366,-0.020235697294504064,0.07307263970624032,0.038340770924882604,0.05342923601351387,0.04359621720600986,-0.07871576407615741
7Networks_LH_SomMot_23,0.6069016759562297,0.5768037558064302,0.6955137467409718,0.6229777022681295,0.3376435777673451,0.39700218704367846,0.44648699071214776,0.6102896617063335,0.5179363574870579,0.6635726890082205,0.8174895255775094,0.6541629740127645,0.39921409928305046,0.7182585875702674,0.6072719370584669,1.0,0.8421318709925656,0.7965926752978221,0.7052166858639493,0.6681564789961373,0.7046365651609713,0.7867456980379566,0.4970007654671174,0.7340948088784841,0.848078485402382,0.855375085836106,0.7851474565644646,0.8316835167424594,0.8148368375039357,0.7565263462024864,0.5781325144531066,0.67794594057792,0.5044326303234522,0.6580313454130984,0.6814675971164773,0.48427137142504817,0.3197155863115894,0.5724988919248822,0.5056926369201267,0.6427602877892851,0.5446021421958815,0.7036735336414737,0.7274873432360709,0.6825736890150694,0.6272941994778154,0.7545234237119757,0.5889094799203511,0.7180428706620826,0.6268658753973775,0.7081230761846972,0.7049014656454528,0.8287293060533854,0.38164815307749755,0.8408754940958256,0.7957548657772385,0.7532108454610928,0.5733765589970145,0.3182430526287665,0.7595276674531253,0.7594405597965943,0.5059753903397562,0.7436651148651046,-0.022570829148459214,-0.0006514923880185219,0.06730849321261866,-0.01821934572575724,-0.07615180033945064,-0.036948979039903795,-0.07447218702102609,-0.019044863417478314,0.00985561029528222,0.06731928224222676,0.10458109630008608,-0.0655518650060101,-0.01726771556187697,0.003956024763994303,0.04607183240414111,0.0875484141113732,0.07006295182856208,0.05627414874486281,0.08223220946611211,0.04183304255033289,0.05168554738575458,0.11629356147490565,0.14389511087000606,0.128505034526608,0.0014700605055161151,0.016857420964604568,0.017346304480689266,0.105566763194861,0.0755531181454896,0.1280312571548458,0.1267567561195361,0.0789792383372199,-0.036762688586839405,-0.03136324097010855,-0.08748797067301113,-0.03304436138276773,-0.004080729887487139,-0.021814359655007075,0.015309167655983086,-0.047518256390375255,0.021611283669813804,0.026992381356295836,-0.021076478880877665,0.10579930747541966,0.11061997867179191,0.13383410638595572,0.10691056032644485,0.03709741274550764
7Networks_LH_SomMot_24,0.48204234413764935,0.5684058724372075,0.7367386524828992,0.6555711725694264,0.4425648439455936,0.471475950811608,0.5665473932473915,0.6957667119757619,0.588583540533587,0.7486479545996706,0.8084630116065966,0.751776064906498,0.5259387290551122,0.7930724284083012,0.721222958290878,0.8421318709925656,1.0,0.8268907526069803,0.7907290005247597,0.7144406197951547,0.7981323097234196,0.8260268082023863,0.6133133898772539,0.8282101829268764,0.7677886840667032,0.8745444618855379,0.8343226790314819,0.8154682771854125,0.7903013196977831,0.7853592715117202,0.4962525434090078,0.6460209610957522,0.47731610745190634,0.6450401402398799,0.7015461270628653,0.46640773368413047,0.41563886058866367,0.6430263713319653,0.5394322983877405,0.6952529400169856,0.6261694319948524,0.6978276933706218,0.7486408651474893,0.6345273050544592,0.6887981213084119,0.8168202409245351,0.6558335792948526,0.7731287771598504,0.7192462693958298,0.7370375584358417,0.8019028566678329,0.8954505953781707,0.5051167401599784,0.7959799785354922,0.8352026508598774,0.7965064722946519,0.5900710972045099,0.45676300649357804,0.7346993906508863,0.8524263168564582,0.6499315951884862,0.7241756671536149,0.030951387557191665,0.009752224714882891,0.05607413714787256,-0.01583777255577343,-0.08855044623315378,-0.06300722686307392,-0.0500791903798397,-0.020731356609927965,-0.020899963314946722,0.036696138054326186,0.07513771708125175,-0.05154862137594722,-0.020527671800541995,0.021979590308177588,0.056975013081459455,0.1091468207319808,0.06325060766500204,0.03903212135006799,0.05099684024928632,0.07697594052585378,0.06989488452855928,0.1395982544486323,0.14473257150054836,0.12484737684694125,-0.0004519806995597071,-0.012137130544843193,-0.022419573722792786,0.13491837846259105,0.074521573798254,0.13239341740494398,0.10599127989980761,0.04648665169295444,-0.042948523406320556,-0.049779568303434385,-0.058852239401274486,0.022899761750158426,0.029346208530350745,0.02102861889948136,0.032400066636785865,-0.011436959994422931,0.0424633020108562,-0.003888503053316517,-0.026948233960822354,0.09102613696259676,0.06372643519490263,0.08987654921428638,0.05392824981050269,-0.03748966898934111
7Networks_LH_SomMot_25,0.5646094471454609,0.6458599009448097,0.7139734620519198,0.6369871949518514,0.45413846004516384,0.4064202816762917,0.5154993728093888,0.6507240427764343,0.6120993092906883,0.6913476797563003,0.8125669015774705,0.7372676960292005,0.3757834461110901,0.7153706621819629,0.6218473605194025,0.7965926752978221,0.8268907526069803,1.0,0.7348343064644973,0.7138506909704739,0.7147823298889185,0.782398415469494,0.5656395106978306,0.759782148235484,0.7933256255867452,0.8670804559400305,0.8077734492946923,0.838962191580627,0.7763644956925418,0.7261943118017009,0.5572753480625878,0.6689675282183357,0.526480685386622,0.7102993701492234,0.7171180257966331,0.5563486655381435,0.40335417334842044,0.6165341023233056,0.6178535461936192,0.7308458310896655,0.5514859613217031,0.6650961094555297,0.7503215484099687,0.7487512963968296,0.6421415400186429,0.8244420174991531,0.6333033270393931,0.7485824491877515,0.6336283215592566,0.7192998849587859,0.7116566624892269,0.8545673400917775,0.47398224162491215,0.8418909358216089,0.8452047015278883,0.8138497320457228,0.6289611071205375,0.49394701631871574,0.7194434952130379,0.8004968567286764,0.5373139995703934,0.7438098447270736,0.07658390523756999,0.07687920100733081,0.15328916041694576,0.0201068938127724,-0.05053813529858083,-0.0019315145581746784,-0.010638406627658253,0.058551424461828414,-0.021233245232116397,0.04730052380729138,0.08706105827111829,-0.036988831521433556,-0.026636289774235686,-0.0003454639985083855,0.05235105928691681,0.07956040308186248,0.09167270142858039,0.05072602907514959,0.0821224364175266,0.06955143057123614,0.04894647348812322,0.12549985362874433,0.14580885435003374,0.1219158362800107,0.02031966220715821,0.012513200828851934,0.012280450130970098,0.10164394576587325,0.055775324667155235,0.12453356730853928,0.1109412710433944,0.08909883252159248,-0.03918825646557481,-0.025012047482685998,-0.025947016337592083,-0.005885528861350729,0.007775343309847584,0.032026565867160475,0.026850865368245352,0.02977457285856931,-0.005106497996170251,-0.04759334180497173,-0.06134854791959819,0.10187005521399335,0.07813848667251794,0.10271846766377983,0.03381651603227208,-0.04914740412105673
7Networks_LH_SomMot_26,0.4015858022737075,0.6269094544873758,0.7452526603808591,0.7103617241138926,0.6144129188560477,0.6182947422987494,0.6988770483580122,0.8343760215266979,0.6299420849985721,0.8292467136636282,0.7773833735000731,0.8573746321156647,0.6977202642343519,0.9077495547875938,0.8496682248176592,0.7052166858639493,0.7907290005247597,0.7348343064644973,1.0,0.7608360569497644,0.8762753211345705,0.8667455146983007,0.7620944828628999,0.8356612292791865,0.6728200595748294,0.7819830810320104,0.8879696356641659,0.7567516739279665,0.7580625269827456,0.7149180599459041,0.40695191623647137,0.6412135841019507,0.3746291005628862,0.6182979702922428,0.6991407271905936,0.5200119406712468,0.5487149295077468,0.7683459170677276,0.6529949116667108,0.7518039594247161,0.7427016293266591,0.6288192706206635,0.8306321426142884,0.6526931755603436,0.7630010018595578,0.7547217497165425,0.7780465655698907,0.8641475104048753,0.7760816754957732,0.7872298299851705,0.8493859213465553,0.7782036044416608,0.6780213740385107,0.6758266288039337,0.8313437826869577,0.8126300842710342,0.5122063639419153,0.5071488687399704,0.6768898966550635,0.7782320977738479,0.6676058410777829,0.6069740840278643,0.07909748027354029,0.041691791680525704,0.07695857198294387,0.07556215543027098,-0.045725603191917694,-0.05062127848580284,-0.005708564513099542,-0.02438863057851425,-0.019224542631626842,0.06999801309948288,0.10181273124265562,-0.03133841567343407,0.002013011348838464,0.03883877318204869,0.08626859073881228,0.09374752505469303,0.1443510517013835,0.09931492557592103,0.1099342238813409,0.08101641270284667,0.08103734817901717,0.11804193432991314,0.17575040118516475,0.13790142648579112,0.07040046898018475,0.04058518329076818,0.03672307772659409,0.16778439450075983,0.10406401456287918,0.17242056928031818,0.14749432594769898,0.11622984329937949,-0.07304426846374763,-0.07781529699590552,-0.08668622234909844,-0.019449479273064098,-0.007298843800638222,-0.010614278787855272,0.00852002489340148,-0.030398376930178005,0.11577687099182951,0.004940984720275343,-0.003152431029493458,0.06328176934381267,0.014616141475757233,0.02855952887172226,0.03137186783179579,-0.07916448267998663
7Networks_LH_SomMot_27,0.40352738156738177,0.6044625406306225,0.7565506528280043,0.7336205478116326,0.6334380560535833,0.6180512889141792,0.6926587886441421,0.813880294452492,0.6153722926131739,0.7449222220981069,0.6476813243662016,0.7391251164323034,0.4726983940989792,0.8350716242114916,0.6583916278984262,0.6681564789961373,0.7144406197951547,0.7138506909704739,0.7608360569497644,1.0,0.7246707353202666,0.8589940985038271,0.6939986109255416,0.7210903002702451,0.63331594174251,0.7284982214399781,0.7601473462789081,0.7273148452296627,0.7437065647167675,0.5965898824971243,0.42772365187208355,0.5757490235045783,0.3726642790561201,0.606492901072905,0.7082430422500999,0.5127517050188666,0.5720178989005172,0.7440942503437574,0.7017669057956307,0.7196000424440475,0.7706063667566067,0.5758703736967026,0.7611883886642331,0.6477313831164161,0.8537682940098341,0.692675197052455,0.8042966618964803,0.8199861342916606,0.8037576514506237,0.8749969570375622,0.7769232806215529,0.6876491256091822,0.724371474328853,0.7183476996666862,0.8076613873937408,0.8017477686731189,0.6607768280841426,0.5435202229135385,0.724734947140735,0.707048640506014,0.5412387399375935,0.6524873909763883,0.013249507672429177,-0.0017704885960699072,0.0444866602587511,0.0458762006206479,-0.07003673123599054,-0.052354708809496026,-0.03409378153501038,-0.01851019192335946,-0.02963301634650545,0.021453866395749324,0.046979462045710116,-0.03555467682700535,-0.016566086141411415,0.008754867764985326,0.025324757352408578,0.03791705276219533,0.0714083810346667,0.01802956600016811,0.05094629425364337,-0.009104080311767442,-0.027626068402783668,0.025060286563353962,0.0821023138810828,0.0505679755344978,0.04098886085694054,0.04175473808604954,0.05238811535189506,0.0966130816550374,0.04631032634277778,0.11529029677123821,0.10337863414230436,0.08149236360358815,-0.05804135641051891,-0.10799253479760983,-0.08589126563254139,-0.10608803642147126,-0.09428033102695017,-0.09260390019320915,-0.058528884318289856,-0.09772452539605475,0.04916805666505645,-0.01822383842881327,-0.02856176248503375,0.10390834916035778,0.05345658275827676,0.06239988936958848,0.06181991936358614,-0.09209930294398724
7Networks_LH_SomMot_28,0.3450691372129766,0.5951673475117953,0.7125284826597074,0.6417794139108787,0.5446834572931158,0.5749858770348871,0.6710841467913933,0.7753057954600524,0.6636878763133734,0.8225781363829734,0.7445072770001208,0.8424355741998035,0.6988950696605872,0.8297187711651903,0.8570438166182771,0.7046365651609713,0.7981323097234196,0.7147823298889185,0.8762753211345705,0.7246707353202666,1.0,0.8254453122613922,0.7127022260946182,0.8632560180006165,0.6398657348634404,0.7598885975100774,0.8350412440448726,0.7273698537238471,0.7002861843362058,0.7150932339196643,0.3344830082430198,0.5901970017433394,0.33798257460499875,0.5513996930359043,0.6489825870719933,0.42944311584906486,0.5269458908163955,0.7079334579085855,0.5498419115698714,0.743329252906509,0.6962274033638273,0.6257591513165245,0.7624321148229567,0.6314812294570531,0.7199263693600572,0.766717795801467,0.7427139104227846,0.8088725018228791,0.787924245163299,0.7410163069862404,0.873937583261811,0.7830295787962674,0.6192530601110017,0.6476943967351494,0.8028714368910087,0.7768222424759449,0.5452249118237724,0.5304783559211712,0.6457906262466057,0.8091339406472969,0.7107895401472715,0.6375365424442342,0.04287857543363803,0.009065016656410076,0.0390212651979747,0.04217266618034847,-0.08106541165715091,-0.10427642356870395,-0.0247296986228788,-0.06111286529632852,0.009950151065471678,0.06145062688030658,0.07227772731378074,0.0006731263337687038,0.016959603297960577,0.04791952583266933,0.10958072379215465,0.07749193350730355,0.1349167312484219,0.10835793854556233,0.11453627084055372,0.11006783402745722,0.10753327968533624,0.13345518153168473,0.18248529170495859,0.15992949951591837,0.0455401703438288,0.05358790912739668,0.026318905805764257,0.14982441735405458,0.128917824515345,0.16453166901221036,0.13846028198143015,0.11231505848574072,-0.06217221984729574,-0.0510188596476921,-0.09344293894276041,-0.027531560957804364,0.00863442290494006,-0.001353651426814269,0.012378807246674922,-0.03078519428785922,0.06980850000469319,-0.0032606052996148505,-0.05368167437619132,0.06288451793942752,0.03886462151178278,0.04781540668821105,-0.007997213589496727,-0.10736990177167027
7Networks_LH_SomMot_29,0.5395536266704228,0.6543521408180428,0.8098782279568872,0.7999757386327259,0.5354807865934986,0.5966306065058576,0.6776249178572926,0.8382004407978912,0.5901282893456947,0.8101073271722579,0.7838002048691199,0.7884840061225137,0.5555673058036558,0.9281792667082934,0.7436070871626231,0.7867456980379566,0.8260268082023863,0.782398415469494,0.8667455146983007,0.8589940985038271,0.8254453122613922,1.0,0.6955665064423954,0.8141843324509181,0.7982557310806188,0.8643160415107121,0.8883466846138428,0.8502817157393073,0.8987451068255607,0.7870375025529338,0.5268563542697702,0.6802259436278594,0.46051775025951563,0.68147977736815,0.786399301780769,0.574933980005447,0.5099672308878923,0.7636212860539812,0.7106252156289281,0.7597354898412898,0.7987877608603864,0.7065792248068657,0.8883083591106031,0.6777469163347232,0.8485563748975794,0.7936054774542841,0.7962273446810013,0.9061343720420673,0.8233535771319689,0.8974315258919984,0.848171034051729,0.8130839374685693,0.6442934602574986,0.817011382419445,0.8978507891907131,0.8556115422030955,0.5830212049835388,0.4299942675089213,0.8532567424974422,0.8059305472175301,0.6421323343950668,0.6973765083981103,0.023799520661198864,0.020471083500774066,0.08000465618501142,0.06293605501525097,-0.051925032668175226,-0.03996388170878031,-0.03264043250720047,-0.020423857889387737,0.0076233384166069056,0.06468940083538509,0.09907612359798683,-0.07122258802176981,-0.031967694724357724,0.004809880911016267,0.07803992513829928,0.08165317161713835,0.0979653402471499,0.06992938869275885,0.0930140941562596,0.04512032105390781,0.050289504415779056,0.10105238859794372,0.1499340889342728,0.1265323412357489,0.04648460100662778,0.05560769504648579,0.06446111446050083,0.15409481249602425,0.09534061588468253,0.15936807863302963,0.15456729223926366,0.12137803050262827,-0.03134236932037683,-0.05465526570981458,-0.0627547793258977,-0.032165878354021966,-0.01656242273903382,-0.03882254288320952,0.019177634554865475,-0.03630111144703556,0.12415559309971565,0.030601238254634556,0.029781589393242158,0.10711748186157731,0.05598198535854064,0.07664954936348785,0.08916432256921424,-0.03440764072563756
7Networks_LH_SomMot_30,0.09295271304988639,0.4402789500893541,0.5492085814862274,0.5654078127929508,0.6056809683872685,0.5718788356688751,0.6560255610284412,0.7354021796981847,0.4701118747808552,0.6492298619517302,0.5906991646046005,0.7210790786959487,0.7116770984394442,0.7274462828452086,0.7209943698334611,0.4970007654671174,0.6133133898772539,0.5656395106978306,0.7620944828628999,0.6939986109255416,0.7127022260946182,0.6955665064423954,1.0,0.7501708664131056,0.432733764361814,0.6143160531718466,0.7446028516932529,0.4756435043942403,0.500989797996692,0.6505786738256875,0.16771156361262674,0.4204892980746674,0.18879380788505168,0.4046299290828055,0.5447604914808107,0.3823413009623009,0.6071949773562892,0.6341385883004225,0.6043873226152148,0.5592626275554732,0.704757545555329,0.5050078862684768,0.6543661777912264,0.48198691541777006,0.6229257937956704,0.6387185797326346,0.6096115895267267,0.6963626248188652,0.6705905788765884,0.5986715196003333,0.7613697653988297,0.6373457979367684,0.6460047961320298,0.43842718674964165,0.605407062187343,0.5434290681800312,0.28463594480249454,0.48659661673597615,0.5703609305798829,0.7442833670288241,0.7962169186849696,0.415178759041574,0.14611873366018177,0.08772326607540232,0.0890147653211442,0.15124563305094815,0.026425063246401374,-0.005596048162648408,0.06862722589473733,-0.0020171582132721905,-0.018187336128495483,0.0603662031574962,0.060892991895614784,0.022312829153584415,0.03543804162771636,0.049341697523640246,0.06369071779966312,0.0554227013747564,0.20935324296828275,0.18628384217702684,0.16668876324474488,0.1655409647471699,0.18479345443949577,0.20292109541461703,0.24133897592937334,0.20693136297138234,0.12022205319018367,0.08980495426805246,0.07678703603905468,0.23831654105709538,0.15958147702296707,0.21704401321959327,0.21583926493372546,0.14495334356173556,0.02722710739463326,-0.009495397032432887,0.056588312790534626,-0.05819751963648345,-0.050652074187499535,-0.06804893276383456,0.05280407044496281,0.009050519600081346,0.12208445362274055,-0.026532373727538423,0.007216947099935074,0.11659091972763094,0.03664375908285872,0.07702421728262629,0.049546115161741434,-0.0918965762876914
7Networks_LH_SomMot_31,0.3478752445288466,0.607351001371791,0.7027220718669157,0.636738329685034,0.5205346325719566,0.5317048750446379,0.6516321387636475,0.7464591895644191,0.6323690157919344,0.7902017598439988,0.7780315195457052,0.8265115883350321,0.6779611313153091,0.7999220893377343,0.8129866858963254,0.7340948088784841,0.8282101829268764,0.759782148235484,0.8356612292791865,0.7210903002702451,0.8632560180006165,0.8141843324509181,0.7501708664131056,1.0,0.6401832390143029,0.8069445798543683,0.8532888825984415,0.7285167097745976,0.6895769412017002,0.8198625636312359,0.36087244501817406,0.583086989259311,0.3913856575645425,0.5669397178391267,0.6671027192103667,0.467292580993466,0.539251558541643,0.6810554931671656,0.5658444001955695,0.7275005028557046,0.6816558769041834,0.654785804297592,0.7538046145665618,0.6472804787677877,0.6728357004813103,0.7952698725834737,0.6662108547628427,0.7745546677855012,0.7379493925863857,0.7013238723419375,0.8641117399971168,0.8265394684421743,0.555757764208621,0.6423734395950089,0.8045867014929444,0.7214704806787402,0.48147151697436896,0.46638266630423575,0.6868045725154442,0.8792349368735624,0.8160107151472009,0.6259560165628576,0.08349594281717297,0.06391902655041705,0.09121712245670709,0.07018896779073408,-0.02978470855556585,-0.030773810880015774,0.02140894558851329,-0.004492745379010533,-0.03895221950832587,0.012214738418427752,0.02398689126163902,-0.0449062288426194,-0.04044887230088185,-0.0277879798286382,0.028558214213791986,0.02724494949730817,0.1126717320783517,0.07659973350480993,0.08480253881359535,0.10718024022218695,0.09065283600374205,0.15029774811172492,0.16540384147579867,0.14792153758895488,0.028189331735118842,0.028026498407256958,0.02100692360713339,0.17218410440456033,0.11404318145778021,0.16998408791010883,0.14249637173305102,0.11084031924575166,-0.031182100932081895,-0.011108383943669526,-0.04448557937116303,-0.010544627128296492,0.03056557328315151,0.012987403963967787,0.06646092517298309,0.015519677915012187,0.09046961413296388,0.03206842501194003,0.010106837835928782,0.10466722872864767,0.07142566798738083,0.09009120671985216,0.07118407095131835,-0.03308317389770596
7Networks_LH_SomMot_32,0.67817873337113,0.5114532928057615,0.6485257133589974,0.5987113084711821,0.218501358160375,0.31927435697018947,0.3564972320858643,0.5511580031284629,0.39128392409461515,0.6005502020552348,0.7521430965165331,0.5694484982042916,0.317483007330154,0.7000329491512615,0.5269195249947881,0.848078485402382,0.7677886840667032,0.7933256255867452,0.6728200595748294,0.63331594174251,0.6398657348634404,0.7982557310806188,0.432733764361814,0.6401832390143029,1.0,0.9063055947980216,0.7942914139965926,0.8827570581346303,0.8960598758957321,0.802569251529212,0.6521265981763006,0.6666957256047364,0.5303259909903001,0.7171024710075778,0.6568888119252797,0.5508564292239905,0.25710347654232857,0.5317893352355642,0.5143796789483348,0.5866197009164332,0.47994727631739875,0.6794049048829593,0.7676730314115356,0.6548324789633208,0.6091810607504008,0.707350828318527,0.5648430692134356,0.7299834503923786,0.5673889629862154,0.710378015780967,0.6412298595881765,0.7764649207795277,0.3111598758786682,0.9043166550641233,0.7879155730580721,0.7475827569572413,0.5011618209815014,0.20924436526490767,0.8448110416655673,0.7224151549168797,0.4497647452964352,0.741911934140041,-0.008123223138155989,0.026897207934566934,0.12384427982244182,0.0003479626890608487,-0.045816393310548535,0.018842495670579842,-0.023689928286819338,0.04022312145713832,0.004693744717231309,0.046466787165651106,0.12045479933595218,-0.09597713587240979,-0.053543381003767355,-0.006193737904209802,0.07515861115240939,0.09998968441451993,0.13341235325957085,0.11026591672297546,0.1403119730225922,0.042679871510854214,0.062329803157794135,0.12420828256265402,0.1732834431830148,0.16255090053776275,0.08664007769376772,0.108586204505775,0.11552118599250907,0.15622009124827346,0.12561495655505983,0.18995612051207517,0.1839482957392955,0.16277099370796017,0.025965166462876655,-0.003185125288069401,-0.014954293785594925,0.009362888854451348,0.029386092802797418,0.004075420888896942,0.04906745710605507,-0.00035721480942006793,0.08277672210321563,0.05942053372710111,0.0451082367368248,0.15070308047212858,0.11668391580204991,0.15715972176869075,0.15734471759443822,0.09706108456183095
7Networks_LH_SomMot_33,0.6008207787307003,0.5836970418591885,0.7377411303197886,0.6612301167857025,0.3738524292045493,0.4192023564045613,0.5063842264111585,0.6759229555556749,0.513721590587627,0.7172608406235338,0.813677087239925,0.7085497868912732,0.46764853056846867,0.7969962489756605,0.6702496555773473,0.855375085836106,0.8745444618855379,0.8670804559400305,0.7819830810320104,0.7284982214399781,0.7598885975100774,0.8643160415107121,0.6143160531718466,0.8069445798543683,0.9063055947980216,1.0,0.8909437806272055,0.887532601589326,0.8763592722320754,0.8923238191005142,0.6137060106691401,0.6827045608822915,0.5352519918265153,0.7244715602592986,0.7363836270824891,0.5567219213328313,0.4030471254955723,0.6259850230465775,0.6145638505059406,0.6762716382787868,0.6147143779388635,0.719868021105694,0.8194353118360364,0.6862046951118085,0.7029039933125028,0.8131503921346215,0.6485000859034641,0.8103452602390266,0.6778370710447454,0.7616717216181992,0.7823083632435779,0.8819244597486201,0.4434791292345777,0.8846535128310616,0.8665985501682518,0.7992600902379712,0.5233849043947123,0.3488613761658152,0.8556757477237247,0.8799982530891187,0.6585223116272121,0.7561450481733951,0.06548812923294081,0.07055653871766872,0.14669465509870858,0.027681205848059557,-0.026607973438254447,0.01582898755955694,0.009506034905628099,0.052528534777644235,-0.004493977388815417,0.040115586087483904,0.11032877405410975,-0.08426842094448236,-0.06020403114617417,-0.015542465489395214,0.06429169495676597,0.09471735543359612,0.16038284357913843,0.11955627899419817,0.13411599833836316,0.09880139900462215,0.10465056410781226,0.1794665593000899,0.21716443396350418,0.1895023287248816,0.09524521564117724,0.0982685315675037,0.09714364563402718,0.1978208692213021,0.1437703709376825,0.21382338748039798,0.21297096631168425,0.1655060015100236,0.006005937142697847,-0.020929530805281017,-0.01808934637312683,0.013336010490678533,0.027787714052143343,0.012608795391499283,0.062246888692108635,0.009960075670093597,0.07635935882981261,0.03335374430487108,0.028195059873972635,0.13330556071589703,0.09315548362488317,0.13646149934981316,0.12024513363687339,0.04411104686948911
7Networks_LH_SomMot_34,0.45976830822953124,0.580777881054995,0.7434491645803024,0.701136503249567,0.4965570889491539,0.5196646721485687,0.6218127942722519,0.7608615773964738,0.5718620794148873,0.7837437568058709,0.7871103357774364,0.7836335161640194,0.5923401018871198,0.8601430672739746,0.7780698913310352,0.7851474565644646,0.8343226790314819,0.8077734492946923,0.8879696356641659,0.7601473462789081,0.8350412440448726,0.8883466846138428,0.7446028516932529,0.8532888825984415,0.7942914139965926,0.8909437806272055,1.0,0.8238751810783632,0.8309747339753597,0.837909660485794,0.48402273861233486,0.6797096246844468,0.45787680725592217,0.6649326059769303,0.741486897039789,0.5622558871806033,0.49630598375159857,0.7019350701668711,0.6485670305201408,0.720964139008409,0.7012716886033723,0.6730204634052744,0.8336786259963883,0.6803075769728266,0.7239707546449736,0.7947760352268168,0.6997535796145876,0.8545620417679949,0.712916631416136,0.7649139574844159,0.8260138819974867,0.8381626976806851,0.57416357238153,0.7734578338691545,0.8576398891303417,0.8001717313326783,0.49480100414179573,0.46143360539278244,0.7870979074605824,0.8668164627010292,0.7096818900161399,0.6726502264964371,0.11780355384573821,0.09566654846110505,0.14908416628415647,0.12153725784393303,0.02227231254923259,0.0387710311425033,0.05879542560857934,0.06007073307565575,0.0013006228083747794,0.06420539939897577,0.11902822299851096,-0.07348756323319053,-0.05048159940712662,-0.018829947326731728,0.08266599232333875,0.083052742670859,0.1372853692523395,0.0996599165409999,0.11082133622046288,0.07813149232700049,0.08893842068567868,0.1441562847468672,0.18241158437814528,0.1580540704466715,0.08535603331498305,0.07624685852661428,0.08391157759582193,0.20709452843591059,0.14087853168650988,0.22657774558882038,0.2101627338792072,0.1671096464185353,0.0023245346760571066,-0.05010470570063133,-0.031874807080952736,-0.024989906188134854,-0.0071896128748321075,-0.027052651683453024,0.023620007681021526,-0.024682712824913012,0.10931884107266052,0.0177126265756064,0.03244130050496565,0.09787979855735336,0.06830638714290986,0.101107635503333,0.07706850313063167,0.0035712775763453155
7Networks_LH_SomMot_35,0.6764769093057821,0.6094939347531777,0.7521902455161013,0.6646110304417051,0.38135159955658937,0.3844288174533075,0.4574612261341574,0.6492505808606266,0.5213674090591129,0.7038980017591547,0.7619476600353491,0.6611061155432646,0.3198508928791934,0.7787637783502845,0.6042386377085259,0.8316835167424594,0.8154682771854125,0.838962191580627,0.7567516739279665,0.7273148452296627,0.7273698537238471,0.8502817157393073,0.4756435043942403,0.7285167097745976,0.8827570581346303,0.887532601589326,0.8238751810783632,1.0,0.9041474509659635,0.7677676070878491,0.6426296059822608,0.6815217409628184,0.5446833500607509,0.7386769964837898,0.7120385390275948,0.5648686122103547,0.35791368644559163,0.6177094589299565,0.5969519308729129,0.7010398271238548,0.5627469374127567,0.6406312461228917,0.7779438315402482,0.6880134391061136,0.7036236464006048,0.7372126734047203,0.7026070401656912,0.7977865564877075,0.6411082767567378,0.801966341168189,0.7040950210618407,0.793745331610211,0.48026605001773087,0.8934857242610782,0.8925492135104386,0.8812091622165996,0.6418357796221895,0.3598437426265644,0.7763388083263814,0.7320956713783637,0.44642051898453206,0.8093664791578141,-0.007235050130158836,0.006282930783202233,0.08700430227520546,0.03494042634806564,-0.05178976257372553,-0.006637731594524028,-0.04663123485754317,0.009182042076686119,0.010080722215326385,0.05021299891370055,0.10392688266241668,-0.06595931841138956,-0.024367685818374774,0.01568868655315977,0.07242092695966464,0.10011933020445396,0.07470859379439058,0.03583694079987956,0.05817034375690964,0.014037085063553004,0.022318241381229915,0.0888812261854489,0.10842211521445029,0.10327731701017866,0.04831755238489515,0.05339673843706676,0.06570565652387407,0.1031429398787208,0.06820943501783333,0.12571578261302982,0.1287131517066454,0.11017520287493959,-0.02306428460944574,-0.03882195909235307,-0.04939192291479567,-0.05284775253874979,-0.017868795174593197,-0.036715563818572945,-0.00657694025820437,-0.04103605764176131,0.07254475136112301,0.05035920723009643,0.02838554795444546,0.06210039394588454,0.06155765890601521,0.07606876371063138,0.08629487599941657,0.011064729200817304
7Networks_LH_SomMot_36,0.6529038849931811,0.5871767636954,0.7489058531598984,0.7208324568612967,0.3488309462623812,0.4377884112411083,0.47625793032776886,0.688710087872155,0.4753383963714808,0.695731456076579,0.7564588575232798,0.6349520897537891,0.38696970936115777,0.8291045739081914,0.597148444230537,0.8148368375039357,0.7903013196977831,0.7763644956925418,0.7580625269827456,0.7437065647167675,0.7002861843362058,0.8987451068255607,0.500989797996692,0.6895769412017002,0.8960598758957321,0.8763592722320754,0.8309747339753597,0.9041474509659635,1.0,0.7774968924552554,0.6273190245812014,0.672223945208937,0.5250453156195314,0.7247437667874667,0.7429343688514752,0.5626052329222483,0.37058710355846114,0.6346290042672444,0.6211775078192815,0.6744888745070038,0.6506655890027792,0.681604012471991,0.8304613873108296,0.6604384158447381,0.7436167804527299,0.7246513084723457,0.6814005802529861,0.8202066055876472,0.6733039647806962,0.8254959334743157,0.6980402901883649,0.7733173619145675,0.47167105600223297,0.8900031191823645,0.8632912804548754,0.8315771358056606,0.5870233274529032,0.29513416312501994,0.8696382380908407,0.7208942329403605,0.47138579597423813,0.758406677068032,-0.004568822022018038,0.005243112414490015,0.0788449783421437,0.04218852943607415,-0.04829992364659443,-0.013478159775384635,-0.03585178010219519,-0.00043724901084324884,0.014645044367432369,0.060024216379800675,0.12356541743651879,-0.1071528096542022,-0.05408862951212632,-0.003792098577771467,0.0791227466469692,0.10527482110616868,0.08341242490280588,0.04915958711862272,0.0938961663687238,-0.01051730941908848,0.0029213172352685396,0.06841165665954989,0.11486290079499548,0.10296240289211296,0.052247947068877074,0.05353288714180048,0.07265161961954278,0.11865141406451046,0.06831445819165181,0.1401052606033907,0.1398139438747963,0.11120022392202616,-0.03481992511355543,-0.05291959292996379,-0.08338437678341927,-0.02606831413065749,-0.00031579240406973754,-0.034088385366611094,0.003170460687314352,-0.0508955038693876,0.11659728637940629,0.052112558276751555,0.0391827124413736,0.09644294278575909,0.07560744839064529,0.08748657151365438,0.11019666317821135,0.016973553716714447
7Networks_LH_SomMot_37,0.4451984356068687,0.4674546853390989,0.609510770539535,0.5592844394684419,0.28172429549498024,0.35351932168459377,0.4490987128601507,0.5933234562571937,0.3957814366138707,0.6375776148142936,0.7409825428273955,0.633840147115104,0.5742783918429482,0.7322085319490518,0.6730611763307077,0.7565263462024864,0.7853592715117202,0.7261943118017009,0.7149180599459041,0.5965898824971243,0.7150932339196643,0.7870375025529338,0.6505786738256875,0.8198625636312359,0.802569251529212,0.8923238191005142,0.837909660485794,0.7677676070878491,0.7774968924552554,1.0,0.48412230977034876,0.5909800251767688,0.4475042906951287,0.5958684404830359,0.6371082502364089,0.4531030432499007,0.3757313573585067,0.5276348611906121,0.5114102053745707,0.5476349397391106,0.5789184573478933,0.6906939439234075,0.7457598779518734,0.5485416958618812,0.6015081002861801,0.7438841733006192,0.5113382046582768,0.7172568125212141,0.579088108139634,0.6190442081597696,0.751078365799726,0.8122584779285479,0.33257986435141934,0.7194876960266926,0.7525191972677672,0.6284347556238733,0.303557378795503,0.19381839188953637,0.8169133384987708,0.8617100967177345,0.790098715146489,0.6402062245456763,0.07172913738867912,0.0731164288543787,0.133409501262026,0.076527344904298,0.011220203679037742,0.020818633198114944,0.05123637867951493,0.04277907077878475,-0.015205328570522269,0.02566466609408511,0.08950072784302493,-0.072822998303286,-0.05321772443519532,-0.013994545959722035,0.06730067523258233,0.08702827907320683,0.18839132365403174,0.17027785201736656,0.16996826286794228,0.16315407869389176,0.17216265431459754,0.22661132709662637,0.25393405485542714,0.24003718364228277,0.12625410490204977,0.12635990565541844,0.12007368266121281,0.2526519871662742,0.19586649108565313,0.24498641311205197,0.2589131079474218,0.1944143831853018,0.06557162483557345,0.05189630612078231,0.03242904488208072,0.03705480851491441,0.07120650131221372,0.02579006117069858,0.12481607056001101,0.054925532385221236,0.16271614375281895,0.10144812067778974,0.08925133527519756,0.1272248662020142,0.10262260794975533,0.13238745748585096,0.160631491175896,0.08472289445452641
7Networks_RH_SomMot_9,0.7332041988402179,0.4855933566035152,0.5875084218346021,0.4705909555748818,0.13429506385669593,0.123359949079463,0.15172214434979558,0.33789926152341077,0.2808515178259328,0.386072316068225,0.4853386510902549,0.31711234196891563,0.03742721373445182,0.4498751468897311,0.25598035359462457,0.5781325144531066,0.4962525434090078,0.5572753480625878,0.40695191623647137,0.42772365187208355,0.3344830082430198,0.5268563542697702,0.16771156361262674,0.36087244501817406,0.6521265981763006,0.6137060106691401,0.48402273861233486,0.6426296059822608,0.6273190245812014,0.48412230977034876,1.0,0.5576672951782502,0.6189146866962143,0.6190868604246671,0.5682007068100682,0.4617727149538844,0.13999091062909372,0.3475045936123935,0.4291091560552761,0.43424077071388695,0.32161175496047106,0.4236895417541687,0.5254725648487248,0.4284917468398542,0.4185240536722612,0.46583495961150245,0.40660224375273135,0.485233143885985,0.3454917478267247,0.5221141714331347,0.34799644944004243,0.5058421003912082,0.1693066930576105,0.6727539663660591,0.5502964667641486,0.5491483570962128,0.4213035025487359,0.13159983136333295,0.5565358451194315,0.4441022482768212,0.17822167299537922,0.48530963626543305,-0.017877674438518683,-0.008031065258468294,0.052243451453007746,-0.0519227746373087,-0.06025919305001001,-0.00971675743101925,-0.0210651891379687,0.033486851003196975,-0.03164612643223502,-0.029250887190434668,0.015713891593491645,-0.10063962405977131,-0.08683500889956099,-0.0682462807634613,-0.003225947155134065,-0.002759450346003721,0.006111315365235913,-0.03804159488146071,-0.01395165635265599,-0.04045545661082215,-0.07783458133722465,-0.029518336298011844,0.03556358978374788,-0.027710265416244165,-0.005317510780974743,0.015075912408487609,0.04276021773216635,-0.015787934793223185,-0.025344028663053256,0.012860351236355844,0.04208959416824421,0.0339756303264912,0.00011644544082720284,0.019384993331544188,0.0037013376690127266,-0.011813679301174593,0.03392207489904502,0.02392041198787633,-0.0113350773813699,0.054722158449636835,-0.02856010892427202,-0.03630513752669947,-0.005778415750036781,0.00996485229898098,-0.02606670491077554,0.03936737899121093,0.0473759888037313,0.03640757409847554
7Networks_RH_SomMot_10,0.5515357780840506,0.6617155049503267,0.6810837631476433,0.7126064704334106,0.40383669434827296,0.5151762302487685,0.5155938343754031,0.6066196580027061,0.4826229541999818,0.624031631214645,0.6969075843050255,0.6012694933694921,0.367592692482568,0.6565135562914416,0.5431663740066471,0.67794594057792,0.6460209610957522,0.6689675282183357,0.6412135841019507,0.5757490235045783,0.5901970017433394,0.6802259436278594,0.4204892980746674,0.583086989259311,0.6666957256047364,0.6827045608822915,0.6797096246844468,0.6815217409628184,0.672223945208937,0.5909800251767688,0.5576672951782502,1.0,0.4965690041334835,0.709081364303708,0.7509647257208901,0.6293256538579522,0.40965721043316566,0.6336719916163808,0.5389578742740102,0.6582609951476122,0.49384160418935485,0.6574703710470091,0.7011146290693665,0.5965501012858143,0.5619624000888662,0.6658340191491023,0.5713804237670169,0.6656382762661177,0.5517223517746253,0.6546570472960576,0.6087033421474287,0.666161439056065,0.3925911773990967,0.685027321911893,0.6913669907871194,0.6665771275145843,0.46054574964091916,0.3322664970963566,0.6171185364263021,0.6176488438960636,0.42937521202663065,0.5897295850128755,-0.022441405534521473,-0.037757001639503615,0.014720825668776083,-0.015639213882422485,-0.11922748284773352,-0.10793850670920695,-0.059850953428113134,-0.021015015507035436,-0.018719357335661626,0.055181134039221265,0.0957961998627607,-0.09443430662691514,-0.06597256616468906,-0.030602815003246443,0.05508369137712609,0.0877939554003115,0.02735213540841426,0.012851749389732482,0.05629558619732249,0.02218418809916573,0.0025098814102750217,0.05314732776909551,0.08658549514766667,0.06778839796446591,0.03130001983446572,0.04859797840607522,0.05434082621925094,0.10305383158216873,0.053588592144224914,0.11000329978693259,0.11031517655236714,0.08422307028119132,-0.08788081081174207,-0.0820816864440132,-0.10917032348320019,-0.005982674060839142,0.021944098496854872,0.009242698151747216,-0.017154836870403915,-0.007665585206573494,0.0061507729586276795,0.05339361003063225,0.029289258331716063,0.16121825539227896,0.11546949135108849,0.12220810047069504,0.11522654193470476,0.0936796416937491
7Networks_RH_SomMot_11,0.5775462365437702,0.44119067531201756,0.5603405338010542,0.4762820236229156,0.13319658907008677,0.08669883346556549,0.1615460536888129,0.32652341203259133,0.2924951472872282,0.3711802568758563,0.45382275041866316,0.34464436951503136,0.09639843864574944,0.4128334258160672,0.2898195946008857,0.5044326303234522,0.47731610745190634,0.526480685386622,0.3746291005628862,0.3726642790561201,0.33798257460499875,0.46051775025951563,0.18879380788505168,0.3913856575645425,0.5303259909903001,0.5352519918265153,0.45787680725592217,0.5446833500607509,0.5250453156195314,0.4475042906951287,0.6189146866962143,0.4965690041334835,1.0,0.6352942470202001,0.5926727270237443,0.5208221320906682,0.22807724051324804,0.26265138305148394,0.4112999119277846,0.4006898730532474,0.36272771418746036,0.43528023365016666,0.4311863555562944,0.3948286306510187,0.37936677729559765,0.45327444629315006,0.3618761306523262,0.41818786627696936,0.2861727739865685,0.43415642083159595,0.34046463519274855,0.5000245110837006,0.19405279030288536,0.5424431876836535,0.5022524355196102,0.4660658068218365,0.3921209959981411,0.17051294413914558,0.48123414378362783,0.44462163278698896,0.21201677988909767,0.4114063100831069,0.012563271396423211,0.008488239795018426,0.06412512378899479,-0.01478841926752675,-0.008498971915719035,0.03502367676136743,-0.006658959801733386,0.06219864312847396,0.03395185661011566,0.01914658571986936,0.06859072123298651,-0.10183505506738151,-0.0859692599543526,-0.0527354656648876,0.046850726569612554,0.041036602423213026,-0.0022803288565585293,-0.03996455155235692,-0.016186146919223997,-0.08048107605977423,-0.07293465864774215,-0.0005348957747078279,0.01616984183982457,-0.021385027075582735,-0.045081444194911065,-0.04647827401016704,-0.020468876843891724,-0.0006912458561885223,-0.028369989172845465,0.04484467103517628,0.005339001950346726,0.0058702615125309845,-0.10991448365019599,-0.07590010005756201,-0.06586743411507523,-0.0054251655613879075,0.025449824829773527,0.027374074542176375,-0.03725117756920726,0.030854173128790432,-0.12237641365918643,-0.0545700050601596,-0.10306196419568216,0.08454115011655763,0.09549786575462238,0.12433900522857486,0.023814917100190063,0.03381756719137372
7Networks_RH_SomMot_12,0.6373299605517512,0.6487372415190331,0.7023337245027284,0.6632674703867456,0.3756887481903109,0.43207584877869937,0.4748930903027366,0.6047173216879634,0.48816402565685557,0.6330130638424905,0.6362457284463797,0.5734323341011914,0.27121754569827317,0.6600189772306737,0.4945560485965374,0.6580313454130984,0.6450401402398799,0.7102993701492234,0.6182979702922428,0.606492901072905,0.5513996930359043,0.68147977736815,0.4046299290828055,0.5669397178391267,0.7171024710075778,0.7244715602592986,0.6649326059769303,0.7386769964837898,0.7247437667874667,0.5958684404830359,0.6190868604246671,0.709081364303708,0.6352942470202001,1.0,0.7072684009691911,0.7116405919299458,0.39329452870283527,0.6454747053756222,0.5881634134428745,0.6720258442562351,0.5261185270755094,0.5469915194888417,0.7085977595324797,0.5823270396839866,0.6050661902807596,0.617135266813977,0.6378789306651231,0.68954566949433,0.5469567584953925,0.6782819881344491,0.5929200575877249,0.6677988888185599,0.4147262694112763,0.746417758412103,0.7103199874611552,0.7116504809046502,0.5349642282543177,0.32421323288910997,0.6422176595419867,0.6157564749968348,0.3739463084088384,0.6138092148072585,0.047358411469216745,0.027146830597678855,0.09198308253221908,-0.02873498348751183,-0.05997435530233023,0.008744689322185122,0.009578676000744815,0.0695191779347152,-0.015167911524186277,0.0216464019767999,0.10382684771179113,-0.09100368919168297,-0.07308426889889533,-0.0346264768970442,0.05454222922248415,0.08949088038172737,0.05490179107368481,-0.016159049082680486,0.01160411966794104,0.01517374242925401,-0.03260173758255255,0.05937917170542455,0.07323118324899858,0.030231837039999224,0.010806403624798672,0.011021164663813624,0.02193750132372229,0.08995000872011975,0.04665995137503013,0.1449857700977959,0.07227312181592269,0.10369278007618628,-0.13284528623367775,-0.08708368582398958,-0.11069279198737413,-0.04191680432663902,-0.021711445866943267,-0.022002161742054018,0.006768071420814005,-0.03717098194869703,-0.05324152273666942,0.0028187661669114403,-0.05322962027933132,0.14781389083640809,0.1417193477414367,0.15741917215537676,0.08781592050144583,0.055953942994926696
7Networks_RH_SomMot_13,0.5649018658825025,0.7065001863112905,0.8269003037816905,0.8007046412674658,0.49892100462556377,0.5132846432064561,0.5763878610870569,0.7236048416993054,0.5252125940044484,0.6921361533906689,0.7007303270801459,0.6618932198267197,0.3962975584580679,0.7709534554412534,0.56732404586209,0.6814675971164773,0.7015461270628653,0.7171180257966331,0.6991407271905936,0.7082430422500999,0.6489825870719933,0.786399301780769,0.5447604914808107,0.6671027192103667,0.6568888119252797,0.7363836270824891,0.741486897039789,0.7120385390275948,0.7429343688514752,0.6371082502364089,0.5682007068100682,0.7509647257208901,0.5926727270237443,0.7072684009691911,1.0,0.6106032783185238,0.5251416645433143,0.6806041355763217,0.7007109519728405,0.7024304627258644,0.7219704323197778,0.650193245924252,0.7654803504060942,0.614385272183707,0.7448740659800734,0.7289294885477978,0.6997383394361563,0.7931853317146399,0.6607010600424134,0.7683400790417156,0.6875109358920538,0.7015486264424098,0.5907880010298422,0.726685656999612,0.7797709704947007,0.7422258061890404,0.5326417688060304,0.42557074810377554,0.7333557617502361,0.6926246419160419,0.5209330284500601,0.6073962462047768,-0.0031094894377402954,-0.057947898682183696,-0.02534096148512298,-0.018423425358364835,-0.11597063142285827,-0.10641541418448403,-0.08568068437657624,-0.08885157265582201,-0.06467242099302623,-0.010254266835516853,0.03822460366544947,-0.1021185417426801,-0.08619759294112128,-0.05107688697251947,0.006605346215677537,0.020228227801131284,0.04178236834461718,-0.025413938892196505,0.021890697143862613,-0.019675589111562287,-0.050813565715435445,0.03871461787653322,0.08164565159668333,0.031680195658838596,-0.0049834821286451605,-0.036680968898118275,0.001447766457517251,0.06906263472634067,-0.023164810937692872,0.07025355872765678,0.07221514525528823,0.03216400865275059,-0.11018911476828448,-0.0672169937545905,-0.10072195601634949,0.023164079698582314,0.05149966097432792,0.03939001531453216,0.021750069693016183,0.02575352586817862,-0.0054408822028092505,-0.017872918689323933,-0.015005680107803697,0.07864716983181357,0.07589752884708349,0.1230126890571371,0.03590483919104584,0.04243219243224057
7Networks_RH_SomMot_14,0.4909982797515311,0.592871270318782,0.5376218481907532,0.6522770751005128,0.4260980156816711,0.5133977396765856,0.5053406380213568,0.5772902673010184,0.3715846953920862,0.5232005462245058,0.5046216327573847,0.5265881198632718,0.2537064361544458,0.5435476905933991,0.38495955740363835,0.48427137142504817,0.46640773368413047,0.5563486655381435,0.5200119406712468,0.5127517050188666,0.42944311584906486,0.574933980005447,0.3823413009623009,0.467292580993466,0.5508564292239905,0.5567219213328313,0.5622558871806033,0.5648686122103547,0.5626052329222483,0.4531030432499007,0.4617727149538844,0.6293256538579522,0.5208221320906682,0.7116405919299458,0.6106032783185238,1.0,0.4503990832827864,0.6723821047264629,0.6262810135971372,0.6143499263869482,0.46521053101968424,0.43871885236912167,0.6079326382423943,0.4914002519051695,0.46010863229246246,0.4686802014487415,0.5041636690503851,0.5577689172321572,0.439809098214057,0.5675361477003175,0.4627379246368535,0.4833479493547365,0.3657238298520955,0.5574688866529373,0.5463532967977582,0.5375889801135336,0.396532980999302,0.2974809527471123,0.5176335494024884,0.47758641514422806,0.3042584890990602,0.44949209707191334,-0.041520542917951826,-0.023003694170344022,0.0411312901699995,-0.043215392201705956,-0.07212467759054822,0.021102296088873138,-0.04997698761871196,0.03879254415810151,-0.05884116164871598,-0.0013543633057192478,0.04646309248604482,-0.08370654356331156,-0.04413217663527435,0.019407510182912504,0.0412014388700691,0.056236983623231714,0.03501317459012173,-0.013438450491791792,0.006387119170193541,0.033141832947911926,-0.018936755977737436,0.04652522577813449,0.07017124293812055,0.02290894793762861,0.0012830886958644645,-0.0007056104966417381,0.04258250333984602,0.010595013822312956,-0.03833030374455431,0.05646402892174165,0.02334023324178655,0.04678399618943104,-0.09312616061682204,-0.09373043184247548,-0.07178975615945495,-0.03706901918813792,-0.05472475938607827,-0.04715936135450104,-0.011854054157724508,-0.04258761837687703,-0.07034892665341841,-0.03724385749359321,-0.05419202189886852,0.18923985686527237,0.14213876149145682,0.1715643486401708,0.05721042737497262,0.04086700021188676
7Networks_RH_SomMot_15,0.08489793193610491,0.5007888367200002,0.46019048921120576,0.5477233781244176,0.6688488392764134,0.6035178310261187,0.6321497224373416,0.6708549344420764,0.47404541789075666,0.6012682588601233,0.37642907254956715,0.5973715040517291,0.5072282140998647,0.5617661454353068,0.5044899113320949,0.3197155863115894,0.41563886058866367,0.40335417334842044,0.5487149295077468,0.5720178989005172,0.5269458908163955,0.5099672308878923,0.6071949773562892,0.539251558541643,0.25710347654232857,0.4030471254955723,0.49630598375159857,0.35791368644559163,0.37058710355846114,0.3757313573585067,0.13999091062909372,0.40965721043316566,0.22807724051324804,0.39329452870283527,0.5251416645433143,0.4503990832827864,1.0,0.6495224743376973,0.5689142755249549,0.5970424271206783,0.6642203263447118,0.3333110803951448,0.5466910458156883,0.4487840073441592,0.5118023188666678,0.4828849423071592,0.5833863859389055,0.5704044235170934,0.5338731262693527,0.5325682976786064,0.5773778053531046,0.42173232646798925,0.6656879195024124,0.32605556022058035,0.48379499360395845,0.4717661400165904,0.4002562436053275,0.5370997288271936,0.39796668848569944,0.5264644317294591,0.5234242872614454,0.3956158276610559,0.029794436168085046,-0.02986587634578117,-0.03460097785372733,0.020126152910293897,-0.07739203698847816,-0.1068146594884388,-0.014394087851399152,-0.08640514975446223,-0.10790867555791554,-0.06474777124734137,-0.09073383524948749,-0.06299861534158864,-0.03610882901534615,-0.009430366541212223,-0.07361973846533722,-0.06624226505711397,0.03389256133420491,-0.01366988163267871,0.0244501523819721,0.05323128371695024,-0.004073522664137409,0.053423594421092624,0.09016723456316302,0.024330995631511,-0.03148745632880124,-0.06690977987722099,-0.06970817391983114,0.03863418101045957,-0.024625367843681027,0.049532712720233324,-0.0016265098692947984,-0.05518163311510812,-0.059862014667101816,-0.04222003867525741,-0.04733735804392919,-0.047506358985787686,-0.028021321158886885,-0.04317908910496008,-0.03132069573664039,-0.031134829670586932,0.027683551619604684,-0.0743828121118663,-0.03554782697048106,0.06092875783704796,-0.01056569016665408,0.03205297711393081,-5.522936810780774e-06,-0.08984980032723325
7Networks_RH_SomMot_16,0.38743233245395886,0.6945033375054129,0.6923909365268424,0.793634197192246,0.7422709297791219,0.8428219460153158,0.8617356407713888,0.8689954641961405,0.6200816050586823,0.8007581383952711,0.6310906310530738,0.7741923493619385,0.5477294637987525,0.7945731290167863,0.6625984642553923,0.5724988919248822,0.6430263713319653,0.6165341023233056,0.7683459170677276,0.7440942503437574,0.7079334579085855,0.7636212860539812,0.6341385883004225,0.6810554931671656,0.5317893352355642,0.6259850230465775,0.7019350701668711,0.6177094589299565,0.6346290042672444,0.5276348611906121,0.3475045936123935,0.6336719916163808,0.26265138305148394,0.6454747053756222,0.6806041355763217,0.6723821047264629,0.6495224743376973,1.0,0.7145710571254315,0.8367923603551398,0.7351144837072384,0.5343259615592267,0.7875369344564762,0.5735333352371105,0.7253413869408464,0.6270215184556999,0.7632998635344098,0.7798527634508731,0.7374431457565894,0.7698329120273054,0.7568213373393616,0.6146216478273063,0.6609539235645098,0.5942396612223287,0.7236208272863182,0.7240858326957319,0.537988488605965,0.49837353362284165,0.5882891165617614,0.6347799859109269,0.539566348735163,0.5395809537124471,-0.0016474372858289047,-0.021796113904832742,0.0032714682637884833,-0.041319481351006083,-0.12027271511308602,-0.12552553745998843,-0.07872006426159178,-0.07504746577327702,-0.09038348894417839,-0.019165921140429726,0.010882641385376163,-0.07229215611919977,-0.04783830414573472,-0.009387177153462866,-0.013491596801021442,0.012872221799569535,0.03253146372475519,-0.01356567325757845,0.009489248323841997,0.06366213856263107,0.01029478135417193,0.0746654964809544,0.07873480519117439,0.05162665152730665,0.005934381462041708,-0.006802929126221314,0.008776843563469439,0.1190497940724624,0.05067448690974883,0.1307057808145937,0.09922871549315233,0.06402827181267633,-0.0680276278452521,-0.0770140945845308,-0.0938006217914384,-0.01512066195489979,-0.027281122587459593,-0.02230465215943687,0.01826075565659798,-0.03479206631687169,0.05509611982917501,0.008355494463137561,-0.010451950248223114,0.10858383328338372,0.05319113185581083,0.06717957627179091,0.034689351026402526,-0.06654820764354522
7Networks_RH_SomMot_17,0.4548064732621322,0.6247998869668313,0.6600014341947368,0.7414204193188929,0.6065227069763366,0.5652929298186533,0.6207173865421456,0.7577232237536535,0.47412765348881186,0.6312260855394921,0.5479769775058616,0.6360265170506211,0.3695202674868278,0.7077032076489279,0.49976946184345766,0.5056926369201267,0.5394322983877405,0.6178535461936192,0.6529949116667108,0.7017669057956307,0.5498419115698714,0.7106252156289281,0.6043873226152148,0.5658444001955695,0.5143796789483348,0.6145638505059406,0.6485670305201408,0.5969519308729129,0.6211775078192815,0.5114102053745707,0.4291091560552761,0.5389578742740102,0.4112999119277846,0.5881634134428745,0.7007109519728405,0.6262810135971372,0.5689142755249549,0.7145710571254315,1.0,0.6701458011348724,0.757135391214139,0.49943667714217826,0.733363417466875,0.5590464659335324,0.7098328701931157,0.5830492464161712,0.6352733209697746,0.6941126721800007,0.5981860399125414,0.675742427534025,0.5950469269232012,0.5659719911468246,0.5675225258792004,0.5816985387721415,0.6622448218412866,0.6617248379784475,0.4458348035780992,0.3851221746964827,0.6010492472690437,0.5608695867993352,0.42570999337901966,0.45575028076130003,0.013589638042703168,-0.015008678289565343,0.017088604887739976,0.013420204872154335,-0.04312968051791993,-0.029617853317523302,-0.07747276037551998,-0.03490516078643779,-0.09349946053856859,-0.016827173939385605,0.010679351540633417,-0.06097015122180288,-0.04553139708330046,0.0013280957698825458,-0.008867488001194936,0.03252746772462509,0.1013152774065338,0.027539695136134405,0.07301481407379512,0.06274999327539597,-0.0026009163287393036,0.05576507152798322,0.14786331967847838,0.06268200654986564,0.0593125542957851,0.024822660185764747,0.06012823700231573,0.08056272133086265,0.00025316697911146116,0.08013712463082454,0.09430792069584433,0.07482891471783734,-0.050054981986234016,-0.05971560463625772,-0.009423765321389005,-0.013442756384851484,-0.04405788671183318,-0.01812653277478757,0.008900223204582813,0.005396527756163149,0.026636231629386654,-0.03808260847905845,-0.015393607625198017,0.11101227236501328,0.05140854248537187,0.09320465498928378,0.021548498428692598,-0.05940838900658853
7Networks_RH_SomMot_18,0.4944046853915111,0.7325801778389429,0.7374292178837509,0.7592735690466474,0.6673978341486768,0.6689048675889432,0.7711954062186073,0.8017213423399272,0.7858177414598996,0.8598145437261541,0.6780961129167358,0.8016764578317146,0.45991111307961785,0.7542255277662333,0.6708103290298013,0.6427602877892851,0.6952529400169856,0.7308458310896655,0.7518039594247161,0.7196000424440475,0.743329252906509,0.7597354898412898,0.5592626275554732,0.7275005028557046,0.5866197009164332,0.6762716382787868,0.720964139008409,0.7010398271238548,0.6744888745070038,0.5476349397391106,0.43424077071388695,0.6582609951476122,0.4006898730532474,0.6720258442562351,0.7024304627258644,0.6143499263869482,0.5970424271206783,0.8367923603551398,0.6701458011348724,1.0,0.6871394857541862,0.5554253855178212,0.7923939766419614,0.7093894048183286,0.691147692299971,0.6895255613859352,0.7543358278129357,0.7762070250645391,0.7217649952876457,0.7692853025729094,0.7343980704958771,0.6823604740238056,0.5994796256993807,0.6741727847660458,0.787874431020223,0.7845065623240964,0.6095354671949743,0.5386445333835828,0.59652316352788,0.6791347370422641,0.5037652702926861,0.5996328072571728,0.03302154977599976,0.031420259148503965,0.06140722731688539,-0.026987992856519784,-0.07496334082357999,-0.07006795592380222,-0.05941727112071825,-0.04014158247071536,-0.054514788521011395,0.012483937377191145,0.024786638836605934,-0.06204653331552922,-0.0319946839675318,-0.023732938722648478,0.0069998348181955095,0.013671655216129806,-0.004929925821277517,-0.0618259634141149,-0.023104254944493894,0.04806222026863917,-0.02149071987176169,0.06339150447263471,0.06506615632184755,0.027526135453273433,-0.011801670501476472,-0.032664380527785114,0.005848821461570718,0.06286707985385262,-0.020369226312858275,0.0643427680238211,0.05647428969535985,0.039263454279707594,-0.10701609183365238,-0.06981436243905954,-0.10484662115352952,-0.021330040578444114,0.004732480865172694,0.0068083580123784095,0.019140057824408845,-0.012433000556657326,-0.031654623841977106,-0.0709903369917867,-0.09202531285932396,0.07641888869916678,0.009386792429642937,0.0406707134508054,-0.04283616420232454,-0.13365238165450946
7Networks_RH_SomMot_19,0.32800148139729396,0.6224111375084753,0.7056091987792746,0.7498037592179507,0.6742786974807584,0.6356244737985427,0.7214734015936325,0.8541162559675837,0.5689199120272888,0.7670527614372328,0.5866327330821115,0.724133758705685,0.5888045898180094,0.8306010956765136,0.6557208150921932,0.5446021421958815,0.6261694319948524,0.5514859613217031,0.7427016293266591,0.7706063667566067,0.6962274033638273,0.7987877608603864,0.704757545555329,0.6816558769041834,0.47994727631739875,0.6147143779388635,0.7012716886033723,0.5627469374127567,0.6506655890027792,0.5789184573478933,0.32161175496047106,0.49384160418935485,0.36272771418746036,0.5261185270755094,0.7219704323197778,0.46521053101968424,0.6642203263447118,0.7351144837072384,0.757135391214139,0.6871394857541862,1.0,0.5756551969831064,0.7710621711818826,0.5279088262748404,0.8182030059800822,0.6467426230987942,0.750201007260545,0.7973433586921547,0.7518563081726476,0.7629639996142031,0.7582768528518079,0.6096911365605849,0.7048470374881557,0.5449061405872222,0.7113605171809599,0.6688569769880683,0.4606126585785301,0.43938325797114863,0.6646548749293784,0.6592599734349855,0.6129302817737934,0.46332152800210696,0.01919600319398161,-0.046051589757090436,-0.025138566060969113,-0.001995579042939562,-0.0962323816728878,-0.11547829951802095,-0.06905635250102177,-0.11119627386741517,-0.06772797656320527,-0.0025862141046337286,0.005363521555973963,-0.09519277598550989,-0.05733638858474919,-0.012846994997160492,0.005333532437543454,0.010016497648068532,0.06511951664046677,-0.0009676200388944587,0.023856823850657044,0.027056615549169823,-0.007523695660030558,0.04683873794044475,0.0997354026049237,0.04137864469700353,-0.009642225716788487,-0.035417421405896786,-0.0063209617785182845,0.07569409811374815,-0.011678456746681092,0.0716599183101303,0.06914917494075684,0.02158927766761688,-0.07296743588349065,-0.0513512341243802,-0.05670860961560178,0.020518499713044716,0.021454598557820715,0.010491472504395683,0.03623143793619761,0.010281579312687101,0.08540162396112305,-0.0011053919809661558,-0.004660032351000578,0.0832376073681785,0.04784993649231179,0.06762222507490587,0.01260999170333679,-0.07909348426149515
7Networks_RH_SomMot_20,0.48213067103847124,0.5479947891803024,0.6204258111468318,0.6093387107683926,0.3200110389337508,0.4142326932852349,0.4573708852933592,0.5715829141031777,0.4239788619138206,0.5821091985694493,0.7619847168091158,0.5817745404029999,0.50131603177202,0.6498523530009881,0.5579478693494896,0.7036735336414737,0.6978276933706218,0.6650961094555297,0.6288192706206635,0.5758703736967026,0.6257591513165245,0.7065792248068657,0.5050078862684768,0.654785804297592,0.6794049048829593,0.719868021105694,0.6730204634052744,0.6406312461228917,0.681604012471991,0.6906939439234075,0.4236895417541687,0.6574703710470091,0.43528023365016666,0.5469915194888417,0.650193245924252,0.43871885236912167,0.3333110803951448,0.5343259615592267,0.49943667714217826,0.5554253855178212,0.5756551969831064,1.0,0.702993748556953,0.5869766389712022,0.5578090231348047,0.7699828167702709,0.49315346517492054,0.6459792205732239,0.5694406050454878,0.6184802412987673,0.6559016040491971,0.7405568306725725,0.3477722549936722,0.6490876176767328,0.6669810909809734,0.5835531437511957,0.39018868055265643,0.25912004612851286,0.7142800671436121,0.669322670207115,0.5750914543366361,0.5806588696169143,-0.028207204536700333,-0.03166697975528087,0.023828494105708628,-0.036499664921825374,-0.09539897540221273,-0.10468403975634781,-0.0703351868989877,-0.09745657076263893,0.028588291198935294,0.12382109609234866,0.13717793606689635,-0.05515911328341465,-0.0006379873191008326,0.011092750154729658,0.0731259329532446,0.10196109561706078,0.11127544823133784,0.12237737198154966,0.177479608387011,0.08686070837747921,0.08563287509787101,0.13754252764670968,0.17704309440016525,0.17902303898285352,0.06563780811123246,0.06311465135498139,0.07371636026332301,0.10825032254786433,0.053547492749173184,0.11700751776027869,0.16393158132947847,0.10916156608213459,-0.016810170656052392,0.02916118710495607,-0.00839743084462647,0.0650746611907027,0.08849197654810176,0.0695520556589078,0.09512809124178699,0.06581571060305909,0.08574239241605597,0.07219892458366986,0.024502577384583543,0.18323112710751174,0.11530260760692904,0.14788546263592894,0.13616506676388454,0.05222205318348229
7Networks_RH_SomMot_21,0.5593000342256537,0.6865845626777967,0.7423283919216048,0.7736968459312618,0.518420221988047,0.6338121559007637,0.68494876248842,0.8201821076835876,0.5976259757795671,0.8292344769401183,0.7757254861555386,0.7836406540931303,0.5760618800364308,0.8709558077981091,0.7044265102499305,0.7274873432360709,0.7486408651474893,0.7503215484099687,0.8306321426142884,0.7611883886642331,0.7624321148229567,0.8883083591106031,0.6543661777912264,0.7538046145665618,0.7676730314115356,0.8194353118360364,0.8336786259963883,0.7779438315402482,0.8304613873108296,0.7457598779518734,0.5254725648487248,0.7011146290693665,0.4311863555562944,0.7085977595324797,0.7654803504060942,0.6079326382423943,0.5466910458156883,0.7875369344564762,0.733363417466875,0.7923939766419614,0.7710621711818826,0.702993748556953,1.0,0.7376924628646009,0.8049643331132803,0.7731448295461169,0.7845232457861092,0.9010705170971794,0.779368121038399,0.8306373547086106,0.8132478950868122,0.7744176259422881,0.5965232096881817,0.7740184688188546,0.8387726922467351,0.790175610663332,0.47561814437906064,0.3638628405419919,0.8203301388130637,0.7583625539767238,0.618146775422609,0.612918190438524,0.015775375480976208,0.008650634760587124,0.05856490912959062,-0.00011324830090538012,-0.08362668848858104,-0.06493727795116712,-0.031813029986813894,-0.026984113387621758,-0.040179432641195535,0.032869161494126026,0.07752558217376891,-0.08465928625103152,-0.05418047341659522,-0.009764319131488895,0.05759735449169014,0.06734558230270743,0.11282277759520913,0.09236150794027648,0.12698938371379845,0.08315927415819087,0.06974561695858605,0.11803960227791106,0.18322767142347968,0.14632713511298603,0.07326541403607999,0.06753356292902235,0.0911265746677253,0.13143413536140539,0.06285400485083897,0.13107737107875353,0.15024484753703127,0.12239175193882504,-0.019446532938248398,-0.013531566716997205,-0.041180175863935485,0.05767109498158736,0.06637199320359181,0.06496709895640994,0.09411044417915324,0.05061867373259129,0.13254472753015925,0.05758415365224912,0.04967008585990137,0.13218632792712778,0.060880839870292434,0.10464838805701976,0.10113020185829413,0.008215640187958168
7Networks_RH_SomMot_22,0.511468015396623,0.591005221081717,0.604879716456663,0.5673415620520822,0.3941747483619647,0.4226897705041135,0.45744524656516633,0.5789837094324762,0.5883179568700604,0.6626832456545891,0.6901141415464701,0.6952064027505277,0.3755378056826648,0.6261925562615339,0.557654138430419,0.6825736890150694,0.6345273050544592,0.7487512963968296,0.6526931755603436,0.6477313831164161,0.6314812294570531,0.6777469163347232,0.48198691541777006,0.6472804787677877,0.6548324789633208,0.6862046951118085,0.6803075769728266,0.6880134391061136,0.6604384158447381,0.5485416958618812,0.4284917468398542,0.5965501012858143,0.3948286306510187,0.5823270396839866,0.614385272183707,0.4914002519051695,0.4487840073441592,0.5735333352371105,0.5590464659335324,0.7093894048183286,0.5279088262748404,0.5869766389712022,0.7376924628646009,1.0,0.5945816164673783,0.6970445306981301,0.6427726384966538,0.6966997007586535,0.6317318525895116,0.6832769626509434,0.6446610064170012,0.6765947599672036,0.48579133376516537,0.697634064656932,0.7113804397385869,0.6966924074661551,0.5619127273738963,0.45234276960953285,0.6219210727679352,0.6360456350834981,0.4288572791980436,0.6292897421456847,0.001323957428650676,0.02607110388368277,0.0693027234345938,0.01169847053149926,-0.04836887849291266,-0.00999460343360197,-0.04038504599612445,0.004602479080117,0.02676060774050095,0.1102033384056929,0.12682150692326247,-0.008395556807431433,0.03549745399908915,0.05787560245547944,0.09467563318426181,0.11128689678598741,0.07494750770478614,0.06427013332728924,0.09029370939158712,0.07767663389531228,0.06778020607123787,0.12959640793067745,0.13674545323775034,0.12930749384010004,0.02567756443943658,0.022397125511286406,0.06288977527531306,0.05554115260579027,-0.018725477087420433,0.07929927728977534,0.0527170400335083,0.07184311815978044,-0.06766966266825271,-0.037708576533842374,-0.04118088491827853,-0.012119955055775223,0.007645969048200079,0.01453776854064579,0.06094318261259117,0.017532009301139313,-0.02674962638401458,-0.02670098491452568,-0.048789949702857126,0.061219482286762154,0.0572979716776672,0.05792845946284873,0.018429289090064135,-0.05217695618295088
7Networks_RH_SomMot_23,0.4323688511293106,0.6022967905932368,0.7555320676975895,0.7268332319626131,0.5727374419934279,0.6138103374552238,0.6790371699491121,0.8176510894080108,0.5846882404152597,0.7643158474919479,0.6264465833482318,0.7012461118684306,0.48347778197774083,0.8756149233735903,0.6558572194588999,0.6272941994778154,0.6887981213084119,0.6421415400186429,0.7630010018595578,0.8537682940098341,0.7199263693600572,0.8485563748975794,0.6229257937956704,0.6728357004813103,0.6091810607504008,0.7029039933125028,0.7239707546449736,0.7036236464006048,0.7436167804527299,0.6015081002861801,0.4185240536722612,0.5619624000888662,0.37936677729559765,0.6050661902807596,0.7448740659800734,0.46010863229246246,0.5118023188666678,0.7253413869408464,0.7098328701931157,0.691147692299971,0.8182030059800822,0.5578090231348047,0.8049643331132803,0.5945816164673783,1.0,0.6651735507072106,0.8539552841516974,0.8655080077528056,0.8079898699674529,0.8715011799151869,0.7797291860123713,0.6541398268811985,0.7278874603650038,0.6988250453596746,0.8089559756999842,0.7823486514793007,0.5712748661194985,0.46025145978696064,0.7373515963570443,0.6745037518952195,0.5238207182247718,0.573924593500098,0.004107688840957412,-0.011872512927933275,0.02781449331106684,0.021758506481007255,-0.07859015279605634,-0.08281011791574565,-0.06382725005458356,-0.0393010577895373,-0.02824997492297986,0.017770515025400672,0.05400574698564941,-0.0551435101038379,-0.03218290433162575,0.009826525085602264,0.04313094727383284,0.06292344233424141,0.09944313259699755,0.05973951657744653,0.0822496696285699,0.02401336268733193,0.02801673491890508,0.0755429264176178,0.1240182394513209,0.10701613067965755,0.054260661409096966,0.04860062833000672,0.056627006152341716,0.09327783334005209,0.05076625386176104,0.09959890560038928,0.09261729589457489,0.08794106661837438,-0.10361257848215635,-0.1007757488101792,-0.12755655183057818,-0.028846485541320462,-0.025281474480125146,-0.038487151595283944,-0.028196651533897065,-0.07509403317333983,0.08069507126005852,0.011920482102113897,-0.022988817935157117,0.08486732988511307,0.03169999225603568,0.023622363739929222,0.030969529101003455,-0.09167065269927671
7Networks_RH_SomMot_24,0.46716557420266347,0.6376054089849098,0.7145475156099462,0.661480050135451,0.4742463381459404,0.48953442705676103,0.5724947463412429,0.698652870058585,0.5856027953508979,0.7232076655506392,0.8159491338459539,0.7531127322578055,0.5508754379096645,0.757731106436107,0.6987503080225792,0.7545234237119757,0.8168202409245351,0.8244420174991531,0.7547217497165425,0.692675197052455,0.766717795801467,0.7936054774542841,0.6387185797326346,0.7952698725834737,0.707350828318527,0.8131503921346215,0.7947760352268168,0.7372126734047203,0.7246513084723457,0.7438841733006192,0.46583495961150245,0.6658340191491023,0.45327444629315006,0.617135266813977,0.7289294885477978,0.4686802014487415,0.4828849423071592,0.6270215184556999,0.5830492464161712,0.6895255613859352,0.6467426230987942,0.7699828167702709,0.7731448295461169,0.6970445306981301,0.6651735507072106,1.0,0.6304980242629963,0.7747619954628658,0.6973238319189368,0.7211487453386672,0.7819112896411857,0.8695178264417531,0.5497280553737264,0.7497818490815412,0.8097483525673154,0.7623461071829323,0.5334288217418297,0.4696263788076325,0.7393584531297731,0.8272510076726938,0.6841284810216203,0.6809173899198815,0.024011189653113333,0.013358149083143917,0.06738609492481938,-0.015001888404510258,-0.10165843892078304,-0.09505616290865583,-0.03711107541623371,-0.019318970046315796,-0.01066504963211818,0.06911619061546602,0.07065291083733723,-0.045292539458415076,-0.013728991975729122,0.0004464860623359077,0.04741133021946956,0.07589606899503192,0.12435799676651245,0.08945540754323134,0.11577777039854208,0.08902276436693618,0.07710017044886275,0.14535720880964276,0.1688969045475632,0.14429246037132507,0.04951073289188381,0.035949076358793464,0.04373159855497994,0.1041851685052695,0.04860292487891953,0.11672818126458608,0.13888295286125432,0.08567056346049243,-0.03349970947594018,0.018312232338692655,-0.03417106118492738,0.05885783329365433,0.08342055204829148,0.06954499556099103,0.08718238062563552,0.06273799680039074,0.04847573706845932,-0.00660695666341913,-0.01630883992277143,0.08080814473447377,0.019787479656419693,0.08285003979399705,0.04647982160809046,-0.036629985606142196
7Networks_RH_SomMot_25,0.42771849037616827,0.6489474713645522,0.7592976706454265,0.7010229631210784,0.6478681024192197,0.6357177396264871,0.6838684909438054,0.8154668906206701,0.6546089875172837,0.8027567798877364,0.6037896122324452,0.7417454123163725,0.4723552489919049,0.8351250856912226,0.6673906114426017,0.5889094799203511,0.6558335792948526,0.6333033270393931,0.7780465655698907,0.8042966618964803,0.7427139104227846,0.7962273446810013,0.6096115895267267,0.6662108547628427,0.5648430692134356,0.6485000859034641,0.6997535796145876,0.7026070401656912,0.6814005802529861,0.5113382046582768,0.40660224375273135,0.5713804237670169,0.3618761306523262,0.6378789306651231,0.6997383394361563,0.5041636690503851,0.5833863859389055,0.7632998635344098,0.6352733209697746,0.7543358278129357,0.750201007260545,0.49315346517492054,0.7845232457861092,0.6427726384966538,0.8539552841516974,0.6304980242629963,1.0,0.8746006956730894,0.8082155990956594,0.8598417203494539,0.7806068171656099,0.6169815948705397,0.7935986878235678,0.6744198478671188,0.791980014523921,0.8117386885664114,0.6186544177592037,0.5344146207183027,0.62189686752494,0.6343111516275202,0.4754489097370748,0.5872302525178127,0.026058325909600034,-0.0139794219082736,0.01728051027979491,0.027459452249435915,-0.0852772510820276,-0.08594319903595678,-0.053131040222848154,-0.047610553102972915,-0.037352518189429924,0.007390754103458283,0.025789060268579935,-0.015916887894524417,0.0009724100509345368,0.03765787352082215,0.040574660139536596,0.03975048258717056,0.08339741799963604,0.014241764780198004,0.034543248798166226,0.017281697126903344,-0.005360286829566125,0.055968922939317316,0.08917428413299738,0.06408383116625295,0.07372535195999604,0.07790501339839064,0.06737074619760532,0.09965401472726856,0.07743726468524978,0.11895572318142518,0.09531567180381702,0.12232897922072053,-0.09870664499064156,-0.121717454078422,-0.11111280410179294,-0.050795068150510624,-0.05378897743847772,-0.06447803941910525,-0.02603577645541689,-0.09361816003044418,0.0264324641976882,-0.02824470651300158,-0.05015441419187458,0.05518416614804822,0.024751094426231746,0.02404950372607322,-0.015291515581709783,-0.11723018622059556
7Networks_RH_SomMot_26,0.48684321010864073,0.6750360561256936,0.7976741547259871,0.7689184559353488,0.5987764089616481,0.63148186756875,0.7061618692590957,0.8465846046743905,0.6260443378726441,0.8386589157615132,0.7362643908850949,0.7969467196741721,0.5492667561104273,0.9038684092993207,0.7340253297552903,0.7180428706620826,0.7731287771598504,0.7485824491877515,0.8641475104048753,0.8199861342916606,0.8088725018228791,0.9061343720420673,0.6963626248188652,0.7745546677855012,0.7299834503923786,0.8103452602390266,0.8545620417679949,0.7977865564877075,0.8202066055876472,0.7172568125212141,0.485233143885985,0.6656382762661177,0.41818786627696936,0.68954566949433,0.7931853317146399,0.5577689172321572,0.5704044235170934,0.7798527634508731,0.6941126721800007,0.7762070250645391,0.7973433586921547,0.6459792205732239,0.9010705170971794,0.6966997007586535,0.8655080077528056,0.7747619954628658,0.8746006956730894,1.0,0.8310966544761519,0.8896086483360289,0.873896009968185,0.7684149937277549,0.7572172196330402,0.7780379952745848,0.8934768799668531,0.8584533639859282,0.5591630598856211,0.4844069788481659,0.7970976925368428,0.7793536335636052,0.6327851549379102,0.6468433598834216,0.036217474241251,0.014941904079758973,0.07155588055906373,0.04067277860998808,-0.07722105042007511,-0.058576726965151385,-0.02712158270505396,-0.019689601140339425,-0.021223079613193845,0.04486813152539258,0.08456537229525965,-0.04353597138583648,-0.01862791030762148,0.019653147416772182,0.07577206129461021,0.06781163307101523,0.0991785437789149,0.043354795656144036,0.06945120478814018,0.02354152012193052,0.026213226698952624,0.09464640246856726,0.12848191795378802,0.10683726643587292,0.0631199322746271,0.04538827748249727,0.06359085927831039,0.126374408174526,0.06895194967975936,0.13363929419496595,0.14146076041997824,0.11478795675558615,-0.08312383011635059,-0.10310866283820047,-0.10947677661677012,0.004121509716151754,0.0030371088207653916,-0.0005140407988221831,0.01539534907218733,-0.0432130906866617,0.07998489013157617,0.001444803365663632,-0.004763949881541584,0.08863226648451543,0.03777833438309735,0.07364005386147612,0.024408605625388345,-0.058093289399660505
7Networks_RH_SomMot_27,0.35511929985724505,0.6319551891362801,0.7286178810760016,0.7035640751899621,0.5957010082455431,0.6532734056091025,0.7139783426572486,0.8031847789265653,0.6387753581485651,0.800179738676031,0.6476849083205741,0.7824940639875455,0.5784322647771604,0.8208638498499882,0.7136475245772395,0.6268658753973775,0.7192462693958298,0.6336283215592566,0.7760816754957732,0.8037576514506237,0.787924245163299,0.8233535771319689,0.6705905788765884,0.7379493925863857,0.5673889629862154,0.6778370710447454,0.712916631416136,0.6411082767567378,0.6733039647806962,0.579088108139634,0.3454917478267247,0.5517223517746253,0.2861727739865685,0.5469567584953925,0.6607010600424134,0.439809098214057,0.5338731262693527,0.7374431457565894,0.5981860399125414,0.7217649952876457,0.7518563081726476,0.5694406050454878,0.779368121038399,0.6317318525895116,0.8079898699674529,0.6973238319189368,0.8082155990956594,0.8310966544761519,1.0,0.8580905608766053,0.8568102621522466,0.6941009192707133,0.7215013739690251,0.6441928758431129,0.7769194177718056,0.7585317779740192,0.5840671083669823,0.5539345131578819,0.6691458502683838,0.7208119098159558,0.6219966478112969,0.5792897781849718,0.001048678140172717,-0.006843021770343829,0.013963567218325512,0.007358870994150046,-0.07604864850316997,-0.06860714645725964,-0.05144240214577351,-0.03763412176025266,0.03694349651069345,0.06219988915463202,0.06971849769544547,0.00610931788056229,0.006996490902070397,0.039071874362286145,0.09736695957185999,0.05907375440903779,0.08159036943394604,0.037025548839664156,0.05445007744773926,0.03520067326124227,0.036584206681331374,0.0959300908198531,0.11208960968059607,0.10345255526746099,0.031777188171511345,0.03967163884238916,0.04381204800088491,0.11044771226228474,0.07144509530923851,0.12930146566834785,0.08912045236014929,0.09631100890790231,-0.08452113213873684,-0.12135034663200135,-0.12510643117478637,0.01521810903535943,-0.012170827620376428,0.0038587484660240617,0.042535556392879925,-0.053030518394926146,0.01726039497297198,-0.05652145659318206,-0.0629150379010931,0.04974414692624567,-0.015990771743436754,0.02612236597354278,-0.008972986204439148,-0.11457107962638831
7Networks_RH_SomMot_28,0.5251995134038241,0.6697848613107363,0.8079632082739574,0.7765806138121523,0.5763773774120194,0.6211583438789753,0.6697959345464051,0.8163753602448496,0.6062175790231107,0.7889136201230165,0.6915602140905552,0.73234815038849,0.4251537199369554,0.8753532097416431,0.6431215164474281,0.7081230761846972,0.7370375584358417,0.7192998849587859,0.7872298299851705,0.8749969570375622,0.7410163069862404,0.8974315258919984,0.5986715196003333,0.7013238723419375,0.710378015780967,0.7616717216181992,0.7649139574844159,0.801966341168189,0.8254959334743157,0.6190442081597696,0.5221141714331347,0.6546570472960576,0.43415642083159595,0.6782819881344491,0.7683400790417156,0.5675361477003175,0.5325682976786064,0.7698329120273054,0.675742427534025,0.7692853025729094,0.7629639996142031,0.6184802412987673,0.8306373547086106,0.6832769626509434,0.8715011799151869,0.7211487453386672,0.8598417203494539,0.8896086483360289,0.8580905608766053,1.0,0.7988415658655428,0.7011620464596425,0.725149971156851,0.7923149288037683,0.8688434778249899,0.8635724731454621,0.6726998228152247,0.4877009718324244,0.7800175675431726,0.6932611762607206,0.5013829836464911,0.6903025451544812,-0.01963282416271034,-0.0174766944999595,0.03930211524399526,0.01775363447223246,-0.0973694489294782,-0.07317946237243232,-0.061961065840297876,-0.03395214920285505,0.0029167963198331536,0.04660455893534434,0.07380519295947713,-0.03380294901792168,-0.016544593040940886,0.015169887826461066,0.06387476870082773,0.05742178281435242,0.06719413807896572,0.00828153649493304,0.043961100949871185,-0.01852730248567052,-0.019698188307358654,0.06168977635717348,0.082101388580597,0.0723968064740959,0.03757324098343537,0.04687539086169648,0.06289242679204037,0.07760974209434515,0.04154387094540773,0.10637516298231053,0.0966840310590592,0.09209159570241322,-0.10311694848726223,-0.13552522723102858,-0.1375507763965455,-0.07457641046538903,-0.0818043851461323,-0.08401674451918989,-0.04260864134174077,-0.10831739463215663,0.032333820825989554,-0.02454559250211029,-0.028432092919001648,0.07134660433842355,0.020411255168703433,0.04269285156938116,0.03203760035915746,-0.07961418636294691
7Networks_RH_SomMot_29,0.324333406468389,0.620198728670232,0.7240459777392442,0.6865515259430343,0.59935515125131,0.6305134651605472,0.7373410413634751,0.8146197066161972,0.622162848659692,0.821734218585891,0.7440832894123138,0.8422181683278628,0.6761808602543486,0.8444102982598846,0.8243911842071059,0.7049014656454528,0.8019028566678329,0.7116566624892269,0.8493859213465553,0.7769232806215529,0.873937583261811,0.848171034051729,0.7613697653988297,0.8641117399971168,0.6412298595881765,0.7823083632435779,0.8260138819974867,0.7040950210618407,0.6980402901883649,0.751078365799726,0.34799644944004243,0.6087033421474287,0.34046463519274855,0.5929200575877249,0.6875109358920538,0.4627379246368535,0.5773778053531046,0.7568213373393616,0.5950469269232012,0.7343980704958771,0.7582768528518079,0.6559016040491971,0.8132478950868122,0.6446610064170012,0.7797291860123713,0.7819112896411857,0.7806068171656099,0.873896009968185,0.8568102621522466,0.7988415658655428,1.0,0.8012357153216304,0.6931354691417926,0.6581376763867057,0.835053355381304,0.7725821459858842,0.5148694184667907,0.512355069674188,0.7051262043672771,0.8438197005759527,0.7803225762739653,0.6171310704519013,0.03072936583825201,0.019693056285274253,0.06010966380337094,0.043929773912825466,-0.07429412548757416,-0.08564148623229417,-0.027429686266269113,-0.03560765276978137,0.005320269671123115,0.047527747348838134,0.06013096721843444,-0.009548836409935686,0.0011157706940968504,0.02636437110190945,0.08575691159261106,0.053426043847768855,0.09944813729463739,0.05427512252932809,0.05408010067336397,0.0726293447610189,0.07734614471169646,0.1307471224348917,0.14414204795542107,0.13232338548720168,0.04436867930569542,0.03336805003432611,0.0231162878876416,0.1434348091361287,0.10377176290284258,0.15268662770689528,0.14088402947147635,0.09875666262074727,-0.09015570751517303,-0.08311051664546892,-0.10859558890836776,0.009827970268056381,0.01994452483840469,0.022856013935554594,0.02462460168844138,-0.021237989659630117,0.056004589251057536,0.016681795086988437,-0.01339285684233951,0.07439338837996604,0.04072051341971692,0.0693591131964365,0.028139195781912475,-0.05025314611116674
7Networks_RH_SomMot_30,0.5052947369086737,0.6046844428233997,0.7138069784546617,0.6286808510001297,0.4061494058405478,0.4339779043818613,0.53066976206274,0.6650100441419451,0.5822672771787206,0.7320578886618143,0.8566189762798498,0.7541899179830003,0.5430095882992508,0.767464393400114,0.7235561704157828,0.8287293060533854,0.8954505953781707,0.8545673400917775,0.7782036044416608,0.6876491256091822,0.7830295787962674,0.8130839374685693,0.6373457979367684,0.8265394684421743,0.7764649207795277,0.8819244597486201,0.8381626976806851,0.793745331610211,0.7733173619145675,0.8122584779285479,0.5058421003912082,0.666161439056065,0.5000245110837006,0.6677988888185599,0.7015486264424098,0.4833479493547365,0.42173232646798925,0.6146216478273063,0.5659719911468246,0.6823604740238056,0.6096911365605849,0.7405568306725725,0.7744176259422881,0.6765947599672036,0.6541398268811985,0.8695178264417531,0.6169815948705397,0.7684149937277549,0.6941009192707133,0.7011620464596425,0.8012357153216304,1.0,0.4643034675338747,0.8031791741601665,0.8277189459601066,0.7718242212933574,0.5321326269587714,0.43372241852262977,0.7506657895069321,0.88775977402306,0.6921427984729293,0.7045750293950519,0.03961608381490678,0.03551062603735889,0.08493214349354151,0.014938063409989655,-0.061206060322514674,-0.048873484397631985,-0.04515330280541759,-0.0032888184092523926,0.002515638181448959,0.05943588072861009,0.09048722292873534,-0.05055364547730702,-0.021797420647533323,0.010202845246537112,0.06656463785080943,0.09814883814799559,0.11319570721153983,0.08100795109233593,0.10541574569686601,0.1025342320483666,0.09187464901594174,0.17681185897437382,0.18861556183446238,0.16118608158307304,0.02161880605556422,0.017477457143109994,0.012381276903292354,0.13558037256888356,0.08555907699651101,0.1439839690957348,0.13527034983157726,0.08895818631815881,-0.006701267771177645,0.018610921112058337,-0.006243736966275297,0.052960493542978465,0.07989071088470094,0.06060394490877471,0.10601137172481116,0.06077684792071277,0.047610953949017994,0.02193206282256472,-0.00904776571011103,0.10454825113026331,0.07617743080076055,0.098961260577461,0.08027780168935085,-0.0022517597533089043
7Networks_RH_SomMot_31,0.15393409244355236,0.5215543296641717,0.6049818819147941,0.5944974983152864,0.696368337147231,0.5977621919160719,0.6710580202803414,0.7346036193280789,0.5552884761844974,0.6681190113079423,0.4180153537133565,0.6472953876808872,0.44483099393972764,0.7023234709715512,0.5702125898306541,0.38164815307749755,0.5051167401599784,0.47398224162491215,0.6780213740385107,0.724371474328853,0.6192530601110017,0.6442934602574986,0.6460047961320298,0.555757764208621,0.3111598758786682,0.4434791292345777,0.57416357238153,0.48026605001773087,0.47167105600223297,0.33257986435141934,0.1693066930576105,0.3925911773990967,0.19405279030288536,0.4147262694112763,0.5907880010298422,0.3657238298520955,0.6656879195024124,0.6609539235645098,0.5675225258792004,0.5994796256993807,0.7048470374881557,0.3477722549936722,0.5965232096881817,0.48579133376516537,0.7278874603650038,0.5497280553737264,0.7935986878235678,0.7572172196330402,0.7215013739690251,0.725149971156851,0.6931354691417926,0.4643034675338747,1.0,0.4333222133694221,0.6470506871627472,0.67332848889018,0.5249401345031461,0.6686464924855715,0.4439858426071732,0.5187502528973058,0.4684854485368595,0.42647169261370804,0.01983100539355669,-0.039429762122063415,-0.007524591317807325,0.030349890325125466,-0.11207021059286001,-0.11761092887402803,-0.0561741987960077,-0.05945567687497675,-0.03842749982014618,0.03376500759179428,0.0162099249288161,0.013984747747681653,0.029757799664477926,0.04265793387499614,0.02434703532031678,0.007175414507811955,0.049920690296706344,-0.010319292308902396,0.020175883156552814,-0.0456963574161523,-0.04035889966798172,0.0009678623773676211,0.05122690131186956,0.020722837248799482,0.014207909018519909,-0.031947184936482666,-0.032215372284489854,0.012608154773640773,-0.01469269984446383,0.019444905443421093,0.001555327527459958,-0.014478913680788122,-0.14541475797742756,-0.18122540975401652,-0.14030433982138446,-0.13969012674546585,-0.15149857860256535,-0.1183693629691839,-0.12410293622332425,-0.14649171075950204,-0.020034469435268296,-0.10540160038954306,-0.0829316711992888,0.019474097009313653,-0.050539222409514015,-0.008700904658635017,-0.07448293009070867,-0.16055563639014556
7Networks_RH_SomMot_32,0.695752660131759,0.6074007686556977,0.7248507073497313,0.6619075061629204,0.3420879770864787,0.3952653649412016,0.43511439010385006,0.6235106561472263,0.5082818956682305,0.6631013158776804,0.7548847018077585,0.6198339328359711,0.2640484167289097,0.7347059564380056,0.5184403843775933,0.8408754940958256,0.7959799785354922,0.8418909358216089,0.6758266288039337,0.7183476996666862,0.6476943967351494,0.817011382419445,0.43842718674964165,0.6423734395950089,0.9043166550641233,0.8846535128310616,0.7734578338691545,0.8934857242610782,0.8900031191823645,0.7194876960266926,0.6727539663660591,0.685027321911893,0.5424431876836535,0.746417758412103,0.726685656999612,0.5574688866529373,0.32605556022058035,0.5942396612223287,0.5816985387721415,0.6741727847660458,0.5449061405872222,0.6490876176767328,0.7740184688188546,0.697634064656932,0.6988250453596746,0.7497818490815412,0.6744198478671188,0.7780379952745848,0.6441928758431129,0.7923149288037683,0.6581376763867057,0.8031791741601665,0.4333222133694221,1.0,0.8402996318573909,0.8341083274820918,0.6521724402829735,0.34890450307295134,0.8411249020169301,0.7356005513752351,0.412459485608892,0.7896844477246429,0.029255335309974262,0.048098897545098364,0.12898906485258152,-0.0068439093393775005,-0.05867051274921893,-0.010900780623806214,-0.03280378366407029,0.04563689356694353,0.028571310384215492,0.06486416927594926,0.11569194348726178,-0.08305993200125701,-0.04117377922621124,-0.00597832089372242,0.06908282496081396,0.10342590819368798,0.08422143214832388,0.04284825393088278,0.07833778028504212,0.01783244590304261,0.019131105050227457,0.10038029198401797,0.12965611692180953,0.11151048650805416,0.049264010572787065,0.07052460154330001,0.08468131063573792,0.09575044660913958,0.0763875750826042,0.13911746157383487,0.13641954535937018,0.12856927050761305,-0.01344197760782642,-0.05033123120273478,-0.055499127151677694,-0.012398912615412008,-0.005924384450078909,-0.008046409319869337,0.024328299332920567,-0.027655889697399655,0.039597456273084655,0.024502175428276915,-0.01078391999737973,0.11766966046454828,0.09709315752043586,0.12127526732285465,0.0906684630375465,0.030795259071192932
7Networks_RH_SomMot_33,0.5645456110717832,0.6785386467617187,0.8124422232342529,0.7477591877266947,0.5407816621445227,0.5345900461821053,0.6324785142451492,0.7777263373362303,0.6348437616226702,0.8000375334866051,0.7778052355607098,0.7833822788448932,0.4453962025552572,0.8596303295585821,0.7021171959013347,0.7957548657772385,0.8352026508598774,0.8452047015278883,0.8313437826869577,0.8076613873937408,0.8028714368910087,0.8978507891907131,0.605407062187343,0.8045867014929444,0.7879155730580721,0.8665985501682518,0.8576398891303417,0.8925492135104386,0.8632912804548754,0.7525191972677672,0.5502964667641486,0.6913669907871194,0.5022524355196102,0.7103199874611552,0.7797709704947007,0.5463532967977582,0.48379499360395845,0.7236208272863182,0.6622448218412866,0.787874431020223,0.7113605171809599,0.6669810909809734,0.8387726922467351,0.7113804397385869,0.8089559756999842,0.8097483525673154,0.791980014523921,0.8934768799668531,0.7769194177718056,0.8688434778249899,0.835053355381304,0.8277189459601066,0.6470506871627472,0.8402996318573909,1.0,0.9211134196510176,0.6621086337789116,0.49195564047470575,0.7765243487441478,0.8010183263801092,0.5755596220498485,0.7488440589075028,0.0031244744439583323,0.006274970467742915,0.08060588035401017,0.02081833247436431,-0.07978790714233122,-0.047606288443424384,-0.05847616049929634,-5.589627967735036e-05,-0.005605178237097913,0.04483877672666646,0.09432147693012174,-0.06476177338294348,-0.03679634709371385,-0.01203757253910477,0.04975444111460139,0.0658658247952254,0.052399917821611415,0.0037567652457691112,0.028699897568586714,0.00023869848095317317,0.012115376017534474,0.09648849430073914,0.09272831631990627,0.09191613809004016,0.01588470800988853,0.0007916653146632797,0.011016309192872921,0.09758161428228074,0.05198313665304801,0.11780024136982796,0.10491176254979782,0.07021344180444139,-0.10922662709810999,-0.09769984503230068,-0.13390637951351855,-0.00223876524791936,0.010903259306343381,0.005173596793034045,-0.004641984529218564,-0.04750321896217502,0.0314503091599024,0.005428830144650015,-0.021430036895929577,0.05800350078692504,0.05284889040442217,0.06985031683006847,0.027157199051736622,-0.04989673899662433
7Networks_RH_SomMot_34,0.5713672641777379,0.6821350745560315,0.8075276507202999,0.7399952690270635,0.5684379119996995,0.5387970169445032,0.6102591099671608,0.7695056013329156,0.6379100425840679,0.7861884001944471,0.7324315107537055,0.7605640583856785,0.37209094423660366,0.8292842247174264,0.656481836235661,0.7532108454610928,0.7965064722946519,0.8138497320457228,0.8126300842710342,0.8017477686731189,0.7768222424759449,0.8556115422030955,0.5434290681800312,0.7214704806787402,0.7475827569572413,0.7992600902379712,0.8001717313326783,0.8812091622165996,0.8315771358056606,0.6284347556238733,0.5491483570962128,0.6665771275145843,0.4660658068218365,0.7116504809046502,0.7422258061890404,0.5375889801135336,0.4717661400165904,0.7240858326957319,0.6617248379784475,0.7845065623240964,0.6688569769880683,0.5835531437511957,0.790175610663332,0.6966924074661551,0.7823486514793007,0.7623461071829323,0.8117386885664114,0.8584533639859282,0.7585317779740192,0.8635724731454621,0.7725821459858842,0.7718242212933574,0.67332848889018,0.8341083274820918,0.9211134196510176,1.0,0.7528892338916742,0.541295334901581,0.6890272067434371,0.7103850555811008,0.44493309632827294,0.7703159216530028,-0.023428267799987003,-0.02545799939688309,0.04731922239126063,0.015758667717318375,-0.09140267459072052,-0.04530118775605293,-0.08433325629302768,-0.00963288089556582,0.014063954305400165,0.06058474814942691,0.09666820548936865,-0.023354760873553558,0.0167108820220461,0.04962199150134881,0.07495536251745734,0.09592006521099741,0.052776477823892914,-0.023905520236461003,0.005636846320604811,-0.022115123713216778,-0.03500023537288433,0.04142428342407527,0.05725789868937531,0.0373880724628091,0.007825561922745215,-0.0034438258664217306,0.00842696546911412,0.062002104478745504,0.03000025314403758,0.10067276195110164,0.06982771757251265,0.06790902012725855,-0.11080194919550362,-0.10510036884713647,-0.11471442759923181,-0.037434531263903954,-0.025250435622050895,-0.02330259341429222,-0.03781658256524062,-0.05964054132827734,-0.010190458810302646,-0.03499940880482388,-0.0633700981839897,0.03376499841849945,0.022048456405310033,0.03579391343753717,-0.015588534294288551,-0.08560495051743026
7Networks_RH_SomMot_35,0.4627040147620556,0.5719112270654741,0.6427645195336628,0.5676493058540134,0.4794134132740146,0.43098318861432927,0.43332346645783143,0.5398918484897017,0.5800167557434565,0.55528069476422,0.5127549184018517,0.5381307919841053,0.161908114502821,0.5445016755346348,0.40790643777921937,0.5733765589970145,0.5900710972045099,0.6289611071205375,0.5122063639419153,0.6607768280841426,0.5452249118237724,0.5830212049835388,0.28463594480249454,0.48147151697436896,0.5011618209815014,0.5233849043947123,0.49480100414179573,0.6418357796221895,0.5870233274529032,0.303557378795503,0.4213035025487359,0.46054574964091916,0.3921209959981411,0.5349642282543177,0.5326417688060304,0.396532980999302,0.4002562436053275,0.537988488605965,0.4458348035780992,0.6095354671949743,0.4606126585785301,0.39018868055265643,0.47561814437906064,0.5619127273738963,0.5712748661194985,0.5334288217418297,0.6186544177592037,0.5591630598856211,0.5840671083669823,0.6726998228152247,0.5148694184667907,0.5321326269587714,0.5249401345031461,0.6521724402829735,0.6621086337789116,0.7528892338916742,1.0,0.5782206698264938,0.43325321402625233,0.46684297309994194,0.17547577489362814,0.6918429829929973,-0.06919191676875017,-0.060375037944195034,-0.004951119044148759,-0.011558112082912292,-0.12062937675449781,-0.09712316675645236,-0.11662490667584748,-0.059463973627770096,0.012587156736878042,0.012888350447509425,0.02383571064675341,-0.006840896282614184,0.009913710130556268,0.02404735215684988,0.04382932069395678,0.021898068551736108,-0.05200056111738347,-0.11391339847491887,-0.08361992061563683,-0.09347863372554882,-0.12836467636557855,-0.08282825721743525,-0.056723405184950955,-0.08997497272090915,-0.07766467276467422,-0.07367753531134616,-0.06158316983635361,-0.055568551062608294,-0.04718920954401523,0.019568156344470115,-0.04468548260037314,-0.016222436901888494,-0.08083656796167775,-0.07385666952393932,-0.09617260457756942,-0.09821529972369031,-0.040647432902732324,-0.0327590111726914,-0.07127634703096562,-0.06859637245105825,-0.06453629899621538,-0.08335852429015941,-0.10654198299807884,-0.04374616207113121,-0.012889160171786441,-0.01614931562458109,-0.08001712321539864,-0.11751123682191912
7Networks_RH_SomMot_36,0.09381082302811843,0.45827366856705176,0.47028661774576347,0.43232802946403043,0.5742308306631975,0.4416348646137542,0.5083635214427957,0.509143589437473,0.5806224924618724,0.523660381209874,0.3542250186286167,0.5629470142355378,0.3372756360320658,0.4542760294880346,0.44033335693461156,0.3182430526287665,0.45676300649357804,0.49394701631871574,0.5071488687399704,0.5435202229135385,0.5304783559211712,0.4299942675089213,0.48659661673597615,0.46638266630423575,0.20924436526490767,0.3488613761658152,0.46143360539278244,0.3598437426265644,0.29513416312501994,0.19381839188953637,0.13159983136333295,0.3322664970963566,0.17051294413914558,0.32421323288910997,0.42557074810377554,0.2974809527471123,0.5370997288271936,0.49837353362284165,0.3851221746964827,0.5386445333835828,0.43938325797114863,0.25912004612851286,0.3638628405419919,0.45234276960953285,0.46025145978696064,0.4696263788076325,0.5344146207183027,0.4844069788481659,0.5539345131578819,0.4877009718324244,0.512355069674188,0.43372241852262977,0.6686464924855715,0.34890450307295134,0.49195564047470575,0.541295334901581,0.5782206698264938,1.0,0.24339129360972378,0.4916772562016624,0.3754355070606194,0.38791889469562285,0.10005003647145946,0.06757658944097877,0.10645292401759054,-0.0023457396831060543,-0.06088032665906769,-0.050156772627674796,0.009180392603278796,0.030447378110490794,0.006328727676773407,0.06753302476275787,0.04328363019869649,0.0564952752178381,0.07441378125287866,0.07241778172465377,0.05372347407512472,0.03988328822480242,0.012784166734324715,-0.017524938199561604,0.02498521603397372,0.018462588455920154,-0.0008579003366769393,0.05771337629020642,0.06686241710393663,0.044318809431853644,-0.056606909658869366,-0.1077347170530094,-0.11742315285923198,-0.05866492320586536,-0.06977094296692406,-0.013833970855189729,-0.06298843387831594,-0.07627078007488142,-0.074524144187372,-0.11921375920888412,-0.06555502399850517,-0.10675915694074507,-0.1002670453236062,-0.05548040550850433,-0.11516561952778293,-0.08145406719019271,-0.11386859175414396,-0.19537715082000096,-0.17422002714907187,-0.03435883388729377,-0.0767953238358124,-0.0630028236724615,-0.17643710061306048,-0.20059274045928766
7Networks_RH_SomMot_37,0.5568408969783363,0.543389763906807,0.6746765870969624,0.6728805510125206,0.31557465845779636,0.43958270836792174,0.48285823534933586,0.6569832984908094,0.4111962466593903,0.6425891163404783,0.713251836628193,0.6074606324381918,0.4455307683248821,0.7764582902702194,0.55137492778426,0.7595276674531253,0.7346993906508863,0.7194434952130379,0.6768898966550635,0.724734947140735,0.6457906262466057,0.8532567424974422,0.5703609305798829,0.6868045725154442,0.8448110416655673,0.8556757477237247,0.7870979074605824,0.7763388083263814,0.8696382380908407,0.8169133384987708,0.5565358451194315,0.6171185364263021,0.48123414378362783,0.6422176595419867,0.7333557617502361,0.5176335494024884,0.39796668848569944,0.5882891165617614,0.6010492472690437,0.59652316352788,0.6646548749293784,0.7142800671436121,0.8203301388130637,0.6219210727679352,0.7373515963570443,0.7393584531297731,0.62189686752494,0.7970976925368428,0.6691458502683838,0.7800175675431726,0.7051262043672771,0.7506657895069321,0.4439858426071732,0.8411249020169301,0.7765243487441478,0.6890272067434371,0.43325321402625233,0.24339129360972378,1.0,0.7645061955366017,0.6122427656347756,0.6723125728707142,0.08524445248617891,0.08989024511996131,0.16093560260052,0.05092442983084021,-0.010359928941275872,0.011356322430963161,0.05677362096630393,0.05865513640826164,0.0042593378715702545,0.038647024259767314,0.0927592485411283,-0.09622205371235128,-0.06912880074912191,-0.032876335822638984,0.05760315045100059,0.07348911718988076,0.14576871610769038,0.11282584799713008,0.14567616046664264,0.044382839700039714,0.06197210702038993,0.1262298227909937,0.17243422122106075,0.16111527096586514,0.10098037675349446,0.10226559706235792,0.12560155893426117,0.14986037257017337,0.10344502669443728,0.16229236163034053,0.20285616146945987,0.15096918997553305,0.037720097464976475,-0.017122153759125187,-0.02700866318690221,-0.012715884413154877,0.0014064196573022676,-0.027124349110273213,0.05189467784867486,-0.018636856560503505,0.13771224161175502,0.06242193630781806,0.05135456728969783,0.15075974582229915,0.0978744536701986,0.1414027525429345,0.16276620243865159,0.05073866598484364
7Networks_RH_SomMot_38,0.3898830922521873,0.569954146850462,0.6934695772218532,0.6210891075586645,0.46645721406241447,0.48198072712885237,0.5955346420193752,0.6994255282031863,0.5719318023309683,0.7454012581814705,0.7624586134182135,0.7660877553477583,0.6174362850865571,0.7704603010006387,0.7498154016243825,0.7594405597965943,0.8524263168564582,0.8004968567286764,0.7782320977738479,0.707048640506014,0.8091339406472969,0.8059305472175301,0.7442833670288241,0.8792349368735624,0.7224151549168797,0.8799982530891187,0.8668164627010292,0.7320956713783637,0.7208942329403605,0.8617100967177345,0.4441022482768212,0.6176488438960636,0.44462163278698896,0.6157564749968348,0.6926246419160419,0.47758641514422806,0.5264644317294591,0.6347799859109269,0.5608695867993352,0.6791347370422641,0.6592599734349855,0.669322670207115,0.7583625539767238,0.6360456350834981,0.6745037518952195,0.8272510076726938,0.6343111516275202,0.7793536335636052,0.7208119098159558,0.6932611762607206,0.8438197005759527,0.88775977402306,0.5187502528973058,0.7356005513752351,0.8010183263801092,0.7103850555811008,0.46684297309994194,0.4916772562016624,0.7645061955366017,1.0,0.8387815351350619,0.6697560698875891,0.11551894571781719,0.10800393436282416,0.15492742434847068,0.05593643671222413,-0.021057149190259535,-0.01877611658164142,0.037175076437870144,0.05029025841901739,-0.004847378303868949,0.03854275499824289,0.07721360998560554,-0.05008217494945325,-0.03432008285197763,-0.0051601950558552625,0.05671070490229411,0.07227478036607964,0.14624623059321498,0.11228082948906593,0.11587913731879855,0.13946882287780082,0.13682907966059915,0.21529460449762697,0.22400476999570668,0.19748200698441637,0.05656990773670144,0.0546498784203497,0.036527412255745274,0.20164332695081622,0.14922285723045944,0.21494035203953732,0.1844072249373299,0.13298025317848,0.017666402836696318,-0.0043329575094948536,-0.004446533721732158,0.017321534087716053,0.0390181703766129,0.015914154738856427,0.08495010521108681,0.02398865681552164,0.05419441740220563,0.009672320754318228,-0.0053999679919727395,0.1360096999327654,0.08450555068606343,0.131233895676066,0.0761494194208548,0.004683609376974467
7Networks_RH_SomMot_39,0.09661970523582236,0.41376474946756125,0.4982118652496642,0.4717218337064086,0.42260835412117503,0.46330226937897384,0.5787615043439067,0.6047626988639584,0.43257930102857645,0.62024595040379,0.5938404101127385,0.6727590554837803,0.7456140865441842,0.6442347513177659,0.7085752628685691,0.5059753903397562,0.6499315951884862,0.5373139995703934,0.6676058410777829,0.5412387399375935,0.7107895401472715,0.6421323343950668,0.7962169186849696,0.8160107151472009,0.4497647452964352,0.6585223116272121,0.7096818900161399,0.44642051898453206,0.47138579597423813,0.790098715146489,0.17822167299537922,0.42937521202663065,0.21201677988909767,0.3739463084088384,0.5209330284500601,0.3042584890990602,0.5234242872614454,0.539566348735163,0.42570999337901966,0.5037652702926861,0.6129302817737934,0.5750914543366361,0.618146775422609,0.4288572791980436,0.5238207182247718,0.6841284810216203,0.4754489097370748,0.6327851549379102,0.6219966478112969,0.5013829836464911,0.7803225762739653,0.6921427984729293,0.4684854485368595,0.412459485608892,0.5755596220498485,0.44493309632827294,0.17547577489362814,0.3754355070606194,0.6122427656347756,0.8387815351350619,1.0,0.43169921964526664,0.13341949895818236,0.09977873535072859,0.11436091887121536,0.09169081449125242,-0.0018616863393589736,-0.04360845835717041,0.08885415671784185,0.012925651199545984,-0.04106331727269041,0.014125407396459497,0.022989285270166034,-0.013711630613508085,-0.01998267855661656,-0.006980330576507305,0.03888654568230102,0.031191701394012575,0.2148656418299599,0.19676123073214516,0.17825059995425835,0.23210259376244352,0.22685205819010532,0.26743554688514853,0.29027055976522315,0.2597234403672128,0.1371638641413237,0.117322006379607,0.09327682602872335,0.2987134737524127,0.22979295755347975,0.2692170433386813,0.28489718253911994,0.19328739905611894,0.055441820428371716,0.0441125416941254,0.043829155158263626,0.0440113926485824,0.06405021224860523,0.03893686444462297,0.13226161066340858,0.07398975382094339,0.12201902169936152,0.04855062739863208,0.04662522420210706,0.12742858751846137,0.059807377171781785,0.11368219287692537,0.09675658999205175,0.017439761736977012
7Networks_RH_SomMot_40,0.5054947084392591,0.5366959195517228,0.6244926550926856,0.5634773098041213,0.3632415987185094,0.3858795756153328,0.39660086327653055,0.5377744056822121,0.4841187084967037,0.5775762005496776,0.6664859830682246,0.5736810410140805,0.31774428769981927,0.6328930679361531,0.49859288628765214,0.7436651148651046,0.7241756671536149,0.7438098447270736,0.6069740840278643,0.6524873909763883,0.6375365424442342,0.6973765083981103,0.415178759041574,0.6259560165628576,0.741911934140041,0.7561450481733951,0.6726502264964371,0.8093664791578141,0.758406677068032,0.6402062245456763,0.48530963626543305,0.5897295850128755,0.4114063100831069,0.6138092148072585,0.6073962462047768,0.44949209707191334,0.3956158276610559,0.5395809537124471,0.45575028076130003,0.5996328072571728,0.46332152800210696,0.5806588696169143,0.612918190438524,0.6292897421456847,0.573924593500098,0.6809173899198815,0.5872302525178127,0.6468433598834216,0.5792897781849718,0.6903025451544812,0.6171310704519013,0.7045750293950519,0.42647169261370804,0.7896844477246429,0.7488440589075028,0.7703159216530028,0.6918429829929973,0.38791889469562285,0.6723125728707142,0.6697560698875891,0.43169921964526664,1.0,-0.011129043000011803,-0.02525054175564294,0.034555703360956716,0.007210379875710133,-0.07987360604666327,-0.057384599720584004,-0.05162479620146675,-0.024293213574068172,-0.014614617123804553,0.004279233870945741,0.041493770386675,-0.036536961870801965,0.0058704640102249395,0.03914218347788102,0.017752184504650225,0.055261814666177224,0.09226161073974616,0.0199049866525775,0.03990471891157925,0.01395740998465263,-0.0035330502588413293,0.06367128670530281,0.06661118606397128,0.06455963769804128,0.049721387744492467,0.05602683272645724,0.04683270491337631,0.12806946050001247,0.10891023268256324,0.1841133066660537,0.14203136044747006,0.1291937864228447,-0.04151350587955446,-0.03836169902939475,-0.08448818327372182,-0.07222743678594559,-0.017592482511524357,-0.045048605157730744,-0.02221376709115144,-0.05323101347437135,0.02307065464717809,0.008829718705630086,-0.019386291799076208,0.08606147900035667,0.05100045527756394,0.09125987731834426,0.07793817616314336,0.021479714137957507
C3 GM left dorsal horn,-0.11892700688937217,-0.030747509524483255,-0.007310191940314365,-0.05284140784312569,0.056739436105655565,0.038261293552415886,0.07185538993780581,0.04987318263663473,0.06470570140857711,0.02404292362400335,-0.023587682862810894,0.03572355259843976,0.0874581900213016,0.044742073052726566,0.06039670151298414,-0.022570829148459214,0.030951387557191665,0.07658390523756999,0.07909748027354029,0.013249507672429177,0.04287857543363803,0.023799520661198864,0.14611873366018177,0.08349594281717297,-0.008123223138155989,0.06548812923294081,0.11780355384573821,-0.007235050130158836,-0.004568822022018038,0.07172913738867912,-0.017877674438518683,-0.022441405534521473,0.012563271396423211,0.047358411469216745,-0.0031094894377402954,-0.041520542917951826,0.029794436168085046,-0.0016474372858289047,0.013589638042703168,0.03302154977599976,0.01919600319398161,-0.028207204536700333,0.015775375480976208,0.001323957428650676,0.004107688840957412,0.024011189653113333,0.026058325909600034,0.036217474241251,0.001048678140172717,-0.01963282416271034,0.03072936583825201,0.03961608381490678,0.01983100539355669,0.029255335309974262,0.0031244744439583323,-0.023428267799987003,-0.06919191676875017,0.10005003647145946,0.08524445248617891,0.11551894571781719,0.13341949895818236,-0.011129043000011803,1.0,0.8214850453889877,0.7299795617094922,0.493494759225434,0.5703481630157499,0.4639264443824816,0.7853956551946972,0.6482350483104412,0.27348707035055303,0.22300533908059775,0.2301572447743909,0.14071152616069107,0.10999351159519667,0.04422572110407462,0.19554691864638057,0.16306606270585594,0.11377502727079288,0.08003832612135084,0.03417016990161655,0.09497172150775131,0.09568782720096305,0.09518955008818886,0.06212413450043454,0.08202606133204535,0.08321675651430104,0.026749621374415937,0.03977868758073229,0.13172118092872523,0.09080101837289394,0.10055539108345644,0.11783079535598932,0.11207101480530883,0.06411454806141574,-0.06435495544893553,0.021127588248465275,-0.1408433798233011,-0.12729160561858707,-0.10420722441787648,-0.0400205011206585,-0.07312556322325148,0.07664818606910312,0.013571570240653157,0.03871412063958455,-0.02466948583156155,0.0213192913468702,-0.00987465986532423,0.02087967327461172,0.024081161138241713
C3 GM left intermediate zone,-0.08930576436019387,-0.042492906842169886,-0.04817859676676727,-0.06995198710324917,-0.013908864186142383,-0.005008056601724184,0.009853953924487974,-0.00939793640011223,0.04364263775385594,-0.028360066869120265,-0.020417424639574362,0.008145836495460534,-0.008138629353375375,0.0048885445109939085,0.0019146332171667147,-0.0006514923880185219,0.009752224714882891,0.07687920100733081,0.041691791680525704,-0.0017704885960699072,0.009065016656410076,0.020471083500774066,0.08772326607540232,0.06391902655041705,0.026897207934566934,0.07055653871766872,0.09566654846110505,0.006282930783202233,0.005243112414490015,0.0731164288543787,-0.008031065258468294,-0.037757001639503615,0.008488239795018426,0.027146830597678855,-0.057947898682183696,-0.023003694170344022,-0.02986587634578117,-0.021796113904832742,-0.015008678289565343,0.031420259148503965,-0.046051589757090436,-0.03166697975528087,0.008650634760587124,0.02607110388368277,-0.011872512927933275,0.013358149083143917,-0.0139794219082736,0.014941904079758973,-0.006843021770343829,-0.0174766944999595,0.019693056285274253,0.03551062603735889,-0.039429762122063415,0.048098897545098364,0.006274970467742915,-0.02545799939688309,-0.060375037944195034,0.06757658944097877,0.08989024511996131,0.10800393436282416,0.09977873535072859,-0.02525054175564294,0.8214850453889877,1.0,0.8936210476719759,0.5097302018644494,0.729020927504398,0.6405295637416242,0.7771406092790099,0.7841093371439201,0.2819384693157602,0.2613617308670787,0.28722123478156913,0.2012305915591029,0.17237896915279605,0.110467621642891,0.26794766432328804,0.2465782892326897,0.037575176399308054,0.03721351849788776,0.0033826284637024973,0.06087910253327879,0.09177817276160737,0.1091677288842508,0.03752663650108899,0.07688771149198943,0.06547590384860646,0.05225409867290933,0.06387118971648972,0.13835520873798504,0.10999221668512975,0.11600094850087182,0.12313274755876458,0.1283707223760176,0.08325280711897774,-0.02732589924828074,0.04668987796207703,-0.12375966490699755,-0.09452624766388694,-0.07566498727923557,-0.039458069492515416,-0.038272595649057,0.05025360111032412,-0.0003592586136352734,0.024039111919756037,-0.05704509651948378,-0.007977984234239408,-0.029232433580866184,-0.031859258932601234,0.011646328326167198
C3 GM left ventral horn,0.0033273296476113118,0.02495580057442478,0.0007796817192313899,-0.03031269401611542,-0.0029614788467301556,-0.011667695028788175,0.017598327980941467,0.013312758810697874,0.06584774608480368,-0.00022246127217876338,0.028694322008135913,0.038949269422612974,-0.017683514226946286,0.04462107022086217,0.013510916975367484,0.06730849321261866,0.05607413714787256,0.15328916041694576,0.07695857198294387,0.0444866602587511,0.0390212651979747,0.08000465618501142,0.0890147653211442,0.09121712245670709,0.12384427982244182,0.14669465509870858,0.14908416628415647,0.08700430227520546,0.0788449783421437,0.133409501262026,0.052243451453007746,0.014720825668776083,0.06412512378899479,0.09198308253221908,-0.02534096148512298,0.0411312901699995,-0.03460097785372733,0.0032714682637884833,0.017088604887739976,0.06140722731688539,-0.025138566060969113,0.023828494105708628,0.05856490912959062,0.0693027234345938,0.02781449331106684,0.06738609492481938,0.01728051027979491,0.07155588055906373,0.013963567218325512,0.03930211524399526,0.06010966380337094,0.08493214349354151,-0.007524591317807325,0.12898906485258152,0.08060588035401017,0.04731922239126063,-0.004951119044148759,0.10645292401759054,0.16093560260052,0.15492742434847068,0.11436091887121536,0.034555703360956716,0.7299795617094922,0.8936210476719759,1.0,0.43048170157930055,0.5725101689591426,0.5627732241378669,0.7245347865922156,0.7947399054908063,0.27037253792372873,0.2696368795826454,0.3273040628118316,0.16842614642520382,0.15672169784529677,0.1082959018994721,0.2648224093791659,0.25676423503607754,0.06456917098904556,0.06623705585163683,0.03588610993314973,0.08238694976448134,0.11445079807420688,0.12950683216141307,0.0880274250131837,0.10750064911126997,0.09044222852315915,0.0677305564264775,0.080952789038376,0.1035327155562683,0.08588027899382007,0.09444197274561714,0.14134873018180422,0.12310179864879872,0.07621193075869268,-0.06511295239782816,0.03008677323340323,-0.13289020177623015,-0.12514952240734614,-0.09319287930154276,-0.07352575728468601,-0.06770383869176895,0.02537971503154395,-0.03688664048427339,-8.54703663600658e-06,-0.0005768700697221918,0.008448120147182199,0.009007417703692898,-0.00028664093925262143,0.02204167600818333
C3 GM right dorsal horn,-0.11991492342598661,-0.07587714406764128,-0.024944970575341594,-0.03559829797049055,0.000194157429877385,-0.031427012191676214,0.0021987034364276932,0.04283241122352468,-0.004210797854776247,-0.0012351967971962513,0.015279509949920441,0.011576589615282042,0.028379641357191284,0.0660432359466427,0.07076198388224601,-0.01821934572575724,-0.01583777255577343,0.0201068938127724,0.07556215543027098,0.0458762006206479,0.04217266618034847,0.06293605501525097,0.15124563305094815,0.07018896779073408,0.0003479626890608487,0.027681205848059557,0.12153725784393303,0.03494042634806564,0.04218852943607415,0.076527344904298,-0.0519227746373087,-0.015639213882422485,-0.01478841926752675,-0.02873498348751183,-0.018423425358364835,-0.043215392201705956,0.020126152910293897,-0.041319481351006083,0.013420204872154335,-0.026987992856519784,-0.001995579042939562,-0.036499664921825374,-0.00011324830090538012,0.01169847053149926,0.021758506481007255,-0.015001888404510258,0.027459452249435915,0.04067277860998808,0.007358870994150046,0.01775363447223246,0.043929773912825466,0.014938063409989655,0.030349890325125466,-0.0068439093393775005,0.02081833247436431,0.015758667717318375,-0.011558112082912292,-0.0023457396831060543,0.05092442983084021,0.05593643671222413,0.09169081449125242,0.007210379875710133,0.493494759225434,0.5097302018644494,0.43048170157930055,1.0,0.7306711979690707,0.5785435267380519,0.63962442056266,0.5053645308800664,0.17762381171753228,0.17261947948981124,0.1600792013230538,0.16955712619530344,0.153642437836456,0.07691346258717695,0.1590755818365765,0.12945419069787656,0.013321658990341073,-0.047581724463576135,-0.06616568467236403,-0.04376840173230912,-0.036039971603889547,-0.005269385388427125,-0.04971301450410538,-0.045344299357465506,0.08770466308401885,0.0760721290067352,0.0878806469453277,0.12730363253650115,0.10415998922246757,0.10255343758767742,0.09575089164910673,0.11475338750495728,0.07853997473953538,-0.004691056124098448,0.05602990655624197,-0.06547011535167105,-0.05340484996045583,-0.08456663983866432,-0.006615936757663428,-0.03956056610530505,-0.01913752384612019,-0.07844768898465414,-0.013655718616764227,-0.015378483170282087,-0.0011843475746426571,-0.02943714457904831,-0.057934816893785226,-0.021763168963707873
C3 GM right intermediate zone,-0.1473004366220579,-0.1663108015210892,-0.13426142784395054,-0.15574803577311327,-0.09018633125906858,-0.09596598924634177,-0.08721855560851986,-0.08515655709921725,-0.044357129039664454,-0.09244364510520788,-0.09573587175965387,-0.08361303427739028,-0.08091211296795173,-0.07062543886927634,-0.06875890741287169,-0.07615180033945064,-0.08855044623315378,-0.05053813529858083,-0.045725603191917694,-0.07003673123599054,-0.08106541165715091,-0.051925032668175226,0.026425063246401374,-0.02978470855556585,-0.045816393310548535,-0.026607973438254447,0.02227231254923259,-0.05178976257372553,-0.04829992364659443,0.011220203679037742,-0.06025919305001001,-0.11922748284773352,-0.008498971915719035,-0.05997435530233023,-0.11597063142285827,-0.07212467759054822,-0.07739203698847816,-0.12027271511308602,-0.04312968051791993,-0.07496334082357999,-0.0962323816728878,-0.09539897540221273,-0.08362668848858104,-0.04836887849291266,-0.07859015279605634,-0.10165843892078304,-0.0852772510820276,-0.07722105042007511,-0.07604864850316997,-0.0973694489294782,-0.07429412548757416,-0.061206060322514674,-0.11207021059286001,-0.05867051274921893,-0.07978790714233122,-0.09140267459072052,-0.12062937675449781,-0.06088032665906769,-0.010359928941275872,-0.021057149190259535,-0.0018616863393589736,-0.07987360604666327,0.5703481630157499,0.729020927504398,0.5725101689591426,0.7306711979690707,1.0,0.8493809886533747,0.700633459439284,0.6831033932877553,0.2051378675652551,0.17623873296706194,0.16929080213331973,0.20468194680276136,0.1649141342381921,0.0974175762358681,0.20202733191020059,0.16463440953927946,-0.05714354533004195,-0.08057224345301789,-0.11043670020514944,-0.0640881916032272,-0.03618226965710792,-0.003740774518490504,-0.08968946188144308,-0.05967002297336509,0.03990095990949304,0.05620935723073955,0.07535775605488099,0.1359380678825044,0.09950402050620391,0.10000896257805068,0.0658665538554354,0.1139321568512673,0.09167359712595438,0.004257066953399956,0.07759063243914299,-0.0797233643536288,-0.07427795411023642,-0.0662523665091342,-0.00905392069556389,-0.031755144524945295,-0.07269418145616839,-0.06558555654960677,-0.03690384714952197,-0.08210940945319548,-0.028105087814138036,-0.04923178037510198,-0.07437640437673713,-0.013258404054998443
C3 GM right ventral horn,-0.07584083991231046,-0.14663924615144475,-0.11516503707991455,-0.13053145327533117,-0.11887487263480542,-0.1255260738505595,-0.10029574508375824,-0.10506807470204364,-0.05033762583543479,-0.08522187605161989,-0.09489007482596402,-0.07959690326762264,-0.13131533807420062,-0.07525918528562417,-0.07821219219854715,-0.036948979039903795,-0.06300722686307392,-0.0019315145581746784,-0.05062127848580284,-0.052354708809496026,-0.10427642356870395,-0.03996388170878031,-0.005596048162648408,-0.030773810880015774,0.018842495670579842,0.01582898755955694,0.0387710311425033,-0.006637731594524028,-0.013478159775384635,0.020818633198114944,-0.00971675743101925,-0.10793850670920695,0.03502367676136743,0.008744689322185122,-0.10641541418448403,0.021102296088873138,-0.1068146594884388,-0.12552553745998843,-0.029617853317523302,-0.07006795592380222,-0.11547829951802095,-0.10468403975634781,-0.06493727795116712,-0.00999460343360197,-0.08281011791574565,-0.09505616290865583,-0.08594319903595678,-0.058576726965151385,-0.06860714645725964,-0.07317946237243232,-0.08564148623229417,-0.048873484397631985,-0.11761092887402803,-0.010900780623806214,-0.047606288443424384,-0.04530118775605293,-0.09712316675645236,-0.050156772627674796,0.011356322430963161,-0.01877611658164142,-0.04360845835717041,-0.057384599720584004,0.4639264443824816,0.6405295637416242,0.5627732241378669,0.5785435267380519,0.8493809886533747,1.0,0.6390213618749132,0.7395005136252014,0.20340393457115663,0.1752362179081128,0.17842123816096808,0.2015838232715302,0.1701818144442445,0.129219580359602,0.22311841330548876,0.1904473033381876,-0.07041504900838101,-0.09331866789491744,-0.10222896384384504,-0.06936231949499705,-0.05930590790313304,-0.021460536865892048,-0.08484271615037203,-0.07031202760186406,0.028080221447910877,0.03900326869845479,0.06594814685020293,0.09904262958373683,0.05032725638448001,0.0567549905377194,0.031543724878075836,0.07623626141764772,0.04896931346053715,-0.03922412383551135,0.05864274329023713,-0.0802286225863216,-0.08494125777306152,-0.055265820054333295,-0.034694718625938065,-0.04565211351484333,-0.13602364407900144,-0.10971688717697135,-0.06139694869856273,-0.07394539507620335,-0.022514648897243885,-0.024637870075023747,-0.06647625945057774,-0.0024898309750344813
C3 WM ascending,-0.14711207453488262,-0.07787894617442197,-0.0959524199191118,-0.13457168089651259,-0.05442968976864928,-0.027825423564819384,-0.027122085425279437,-0.033133036002336844,-0.00989783413110032,-0.029273221753463193,-0.08190427602162463,-0.030691503648736067,0.016094780755277507,-0.034123041137189544,-0.0043628709571023995,-0.07447218702102609,-0.0500791903798397,-0.010638406627658253,-0.005708564513099542,-0.03409378153501038,-0.0247296986228788,-0.03264043250720047,0.06862722589473733,0.02140894558851329,-0.023689928286819338,0.009506034905628099,0.05879542560857934,-0.04663123485754317,-0.03585178010219519,0.05123637867951493,-0.0210651891379687,-0.059850953428113134,-0.006658959801733386,0.009578676000744815,-0.08568068437657624,-0.04997698761871196,-0.014394087851399152,-0.07872006426159178,-0.07747276037551998,-0.05941727112071825,-0.06905635250102177,-0.0703351868989877,-0.031813029986813894,-0.04038504599612445,-0.06382725005458356,-0.03711107541623371,-0.053131040222848154,-0.02712158270505396,-0.05144240214577351,-0.061961065840297876,-0.027429686266269113,-0.04515330280541759,-0.0561741987960077,-0.03280378366407029,-0.05847616049929634,-0.08433325629302768,-0.11662490667584748,0.009180392603278796,0.05677362096630393,0.037175076437870144,0.08885415671784185,-0.05162479620146675,0.7853956551946972,0.7771406092790099,0.7245347865922156,0.63962442056266,0.700633459439284,0.6390213618749132,1.0,0.7976378253572198,0.2550918657866078,0.24880851952589145,0.2699464822221103,0.18657882360582848,0.15971974391181787,0.09906583970281709,0.2929471275481788,0.22825257235689803,0.10017937729868866,0.06563817883084869,0.02609392662476589,0.11008446062650364,0.08879127466048302,0.09179048318596585,0.05938606484303911,0.0653149010909936,0.13815485741279626,0.09174005963996884,0.10779775653095475,0.14814006241328545,0.11263645283584617,0.10645831467447267,0.1591524538643919,0.13652535232288837,0.12687656381130927,-0.04701367201609226,0.04204060785874751,-0.11578930618513575,-0.10944756068124521,-0.08350140098062585,-0.00891984799399519,-0.05521505636667432,-0.012035701542117106,-0.07520520451103115,-0.0039335904757530704,-0.060306051774033906,-0.020477412516454838,-0.029503581239760063,-0.024038860694085493,0.0036261163871653458
C3 WM descending,-0.0643573265049316,-0.07195642186362673,-0.0801737933928837,-0.128170981433048,-0.07041083603269281,-0.06445567798899543,-0.050059299108913956,-0.06491403057080593,-0.019659688781703304,-0.04433673928117936,-0.06296092395617528,-0.030344615257491398,-0.08091520098730264,-0.0436892497979264,-0.05127150246350969,-0.019044863417478314,-0.020731356609927965,0.058551424461828414,-0.02438863057851425,-0.01851019192335946,-0.06111286529632852,-0.020423857889387737,-0.0020171582132721905,-0.004492745379010533,0.04022312145713832,0.052528534777644235,0.06007073307565575,0.009182042076686119,-0.00043724901084324884,0.04277907077878475,0.033486851003196975,-0.021015015507035436,0.06219864312847396,0.0695191779347152,-0.08885157265582201,0.03879254415810151,-0.08640514975446223,-0.07504746577327702,-0.03490516078643779,-0.04014158247071536,-0.11119627386741517,-0.09745657076263893,-0.026984113387621758,0.004602479080117,-0.0393010577895373,-0.019318970046315796,-0.047610553102972915,-0.019689601140339425,-0.03763412176025266,-0.03395214920285505,-0.03560765276978137,-0.0032888184092523926,-0.05945567687497675,0.04563689356694353,-5.589627967735036e-05,-0.00963288089556582,-0.059463973627770096,0.030447378110490794,0.05865513640826164,0.05029025841901739,0.012925651199545984,-0.024293213574068172,0.6482350483104412,0.7841093371439201,0.7947399054908063,0.5053645308800664,0.6831033932877553,0.7395005136252014,0.7976378253572198,1.0,0.2501527158911826,0.2280073807663693,0.26545070255944364,0.19382124645668244,0.16083356697668702,0.12982102309097063,0.30038637230896087,0.2734876692664379,0.031017488956805492,0.00983474773720258,-0.03771214184322484,0.05252376616878744,0.057885411503674565,0.0761400129383288,0.03519743565589661,0.03265072963810476,0.06565652343521243,0.048428824877333417,0.04114402570487245,0.101953937197386,0.0970817493279955,0.09176668065123314,0.07627975485393075,0.10852682094383677,0.05518775204568101,-0.08780090450577506,-0.00698539524739767,-0.11327501888716801,-0.11980358960746938,-0.0841602871784282,-0.05131530769651808,-0.08692008944424555,-0.06990825998017709,-0.04264275767636062,-0.022508731101612202,-0.023853471017231145,0.051612810704406216,0.027081095002422468,-0.010183908158984782,0.05170211990146777
C4 GM left dorsal horn,-0.028411094036218172,-0.07416067445065604,-0.011317232972893852,-0.03924914119444696,-0.08458833758959637,0.0014347367534120294,-0.03754992986572802,-0.07595786326195249,-0.11062220529106548,-0.07275703098978417,-0.04363814309118042,-0.0650274444440273,-0.08387933521252712,-0.04103405310715454,0.010267888549162232,0.00985561029528222,-0.020899963314946722,-0.021233245232116397,-0.019224542631626842,-0.02963301634650545,0.009950151065471678,0.0076233384166069056,-0.018187336128495483,-0.03895221950832587,0.004693744717231309,-0.004493977388815417,0.0013006228083747794,0.010080722215326385,0.014645044367432369,-0.015205328570522269,-0.03164612643223502,-0.018719357335661626,0.03395185661011566,-0.015167911524186277,-0.06467242099302623,-0.05884116164871598,-0.10790867555791554,-0.09038348894417839,-0.09349946053856859,-0.054514788521011395,-0.06772797656320527,0.028588291198935294,-0.040179432641195535,0.02676060774050095,-0.02824997492297986,-0.01066504963211818,-0.037352518189429924,-0.021223079613193845,0.03694349651069345,0.0029167963198331536,0.005320269671123115,0.002515638181448959,-0.03842749982014618,0.028571310384215492,-0.005605178237097913,0.014063954305400165,0.012587156736878042,0.006328727676773407,0.0042593378715702545,-0.004847378303868949,-0.04106331727269041,-0.014614617123804553,0.27348707035055303,0.2819384693157602,0.27037253792372873,0.17762381171753228,0.2051378675652551,0.20340393457115663,0.2550918657866078,0.2501527158911826,1.0,0.7992325753532828,0.7384639621363849,0.342678506190616,0.4252889335142965,0.3582043158664563,0.6891618309904044,0.5483521221937515,0.1346435860639081,0.15422896903340896,0.12084493800778459,0.020513211366631066,0.14193996057448705,0.1755104123645883,0.06170355793965864,0.20342912039320138,0.09043683016266642,0.07845409520566338,0.10693775827171949,0.1271441151793692,0.08107334045129361,0.1321812036056196,0.13362214868558556,0.11879800993738704,0.03174580622063763,-0.043794499271387725,0.023193235432503675,-0.09073039262949367,-0.11184314450051275,-0.05273813898254387,-0.006384198245359793,-0.04154478777794501,0.04795643346490687,-0.02055376948947281,-0.044040208696756414,0.04381778731580815,0.011798551813730147,-0.006362170816410346,0.02521899123015549,-0.03923154219215893
C4 GM left intermediate zone,-0.03393077061337523,-0.024445110520233418,0.024362261763763642,0.021066065127295162,-0.024337134196749696,0.07214792816563578,0.013504585423557048,-0.008797669252454565,-0.027520124484147798,-0.01383387808460134,0.04123263134063628,0.012826979281658634,-0.026701336177611397,0.03292578035513442,0.05708919653523256,0.06731928224222676,0.036696138054326186,0.04730052380729138,0.06999801309948288,0.021453866395749324,0.06145062688030658,0.06468940083538509,0.0603662031574962,0.012214738418427752,0.046466787165651106,0.040115586087483904,0.06420539939897577,0.05021299891370055,0.060024216379800675,0.02566466609408511,-0.029250887190434668,0.055181134039221265,0.01914658571986936,0.0216464019767999,-0.010254266835516853,-0.0013543633057192478,-0.06474777124734137,-0.019165921140429726,-0.016827173939385605,0.012483937377191145,-0.0025862141046337286,0.12382109609234866,0.032869161494126026,0.1102033384056929,0.017770515025400672,0.06911619061546602,0.007390754103458283,0.04486813152539258,0.06219988915463202,0.04660455893534434,0.047527747348838134,0.05943588072861009,0.03376500759179428,0.06486416927594926,0.04483877672666646,0.06058474814942691,0.012888350447509425,0.06753302476275787,0.038647024259767314,0.03854275499824289,0.014125407396459497,0.004279233870945741,0.22300533908059775,0.2613617308670787,0.2696368795826454,0.17261947948981124,0.17623873296706194,0.1752362179081128,0.24880851952589145,0.2280073807663693,0.7992325753532828,1.0,0.8938972563980497,0.40526319230757507,0.6240413123038397,0.5341388064116523,0.7332037162002202,0.7706058430774329,0.17390302686761225,0.2185649889042519,0.2007964184798502,0.08563754316967782,0.18934009998089749,0.21728720366736098,0.13646449284432446,0.27294431691122434,0.10999407888829572,0.08890466392821142,0.11773598034901611,0.10996519069105193,0.05771677663060434,0.09714676639229279,0.15401144048920137,0.11217206513045042,0.02048659205146598,-0.02333177263594246,0.009332593663342627,-0.09853813777296219,-0.09151479231498073,-0.056896242138625416,0.016738198221772478,-0.023605016862436788,0.05060283077712519,-0.05431831108793905,-0.05330145607009335,0.041090343267985344,-0.032857608436686184,-0.0611618590043693,-0.0005667735603398619,-0.08979066259227603
C4 GM left ventral horn,0.042677776322456604,0.02402819587374057,0.06384605673076489,0.056149946272238085,-0.04028719867109172,0.07765885898393321,0.01783993848925105,0.010119658528119597,-0.028046109297019728,-0.0024401119482428996,0.08115904302858372,0.017561084664490818,-0.030557529540315674,0.07210510139438538,0.06763585415078475,0.10458109630008608,0.07513771708125175,0.08706105827111829,0.10181273124265562,0.046979462045710116,0.07227772731378074,0.09907612359798683,0.060892991895614784,0.02398689126163902,0.12045479933595218,0.11032877405410975,0.11902822299851096,0.10392688266241668,0.12356541743651879,0.08950072784302493,0.015713891593491645,0.0957961998627607,0.06859072123298651,0.10382684771179113,0.03822460366544947,0.04646309248604482,-0.09073383524948749,0.010882641385376163,0.010679351540633417,0.024786638836605934,0.005363521555973963,0.13717793606689635,0.07752558217376891,0.12682150692326247,0.05400574698564941,0.07065291083733723,0.025789060268579935,0.08456537229525965,0.06971849769544547,0.07380519295947713,0.06013096721843444,0.09048722292873534,0.0162099249288161,0.11569194348726178,0.09432147693012174,0.09666820548936865,0.02383571064675341,0.04328363019869649,0.0927592485411283,0.07721360998560554,0.022989285270166034,0.041493770386675,0.2301572447743909,0.28722123478156913,0.3273040628118316,0.1600792013230538,0.16929080213331973,0.17842123816096808,0.2699464822221103,0.26545070255944364,0.7384639621363849,0.8938972563980497,1.0,0.3135689936238751,0.5123812928550094,0.493690159704789,0.7259314953095156,0.8140103715254179,0.19747691831274097,0.22836540085213383,0.2175620014701135,0.09376183532029393,0.19500154056951402,0.23631782136663193,0.16045355541990333,0.29206376193964495,0.18573709991273565,0.14977433748534408,0.18521855288212571,0.15470983736921615,0.08768015069319053,0.13295423754715305,0.22279407393737316,0.1752114442258063,0.04513238599209807,0.0028752837893258614,0.025481489882594414,-0.03267647011955208,-0.024511853814354084,-0.004640652526531034,0.0688869450538043,0.013643879033810286,0.05543700282506189,-0.05041981404837991,-0.03969479973212856,0.053274917605572646,-0.009146490950741007,-0.0365249082152174,0.023199463291586897,-0.06980382943309847
C4 GM right dorsal horn,-0.16730948337044566,-0.11143451041393414,-0.030331085854942354,-0.08891881587206318,-0.035287867409454755,0.006176485797936433,-0.048765959985008545,-0.049860724477611404,-0.02917042123361041,-0.06509109338498392,-0.07125657111125076,-0.00946138561792213,0.0015547832833813537,-0.05744472656345361,0.017978809554656826,-0.0655518650060101,-0.05154862137594722,-0.036988831521433556,-0.03133841567343407,-0.03555467682700535,0.0006731263337687038,-0.07122258802176981,0.022312829153584415,-0.0449062288426194,-0.09597713587240979,-0.08426842094448236,-0.07348756323319053,-0.06595931841138956,-0.1071528096542022,-0.072822998303286,-0.10063962405977131,-0.09443430662691514,-0.10183505506738151,-0.09100368919168297,-0.1021185417426801,-0.08370654356331156,-0.06299861534158864,-0.07229215611919977,-0.06097015122180288,-0.06204653331552922,-0.09519277598550989,-0.05515911328341465,-0.08465928625103152,-0.008395556807431433,-0.0551435101038379,-0.045292539458415076,-0.015916887894524417,-0.04353597138583648,0.00610931788056229,-0.03380294901792168,-0.009548836409935686,-0.05055364547730702,0.013984747747681653,-0.08305993200125701,-0.06476177338294348,-0.023354760873553558,-0.006840896282614184,0.0564952752178381,-0.09622205371235128,-0.05008217494945325,-0.013711630613508085,-0.036536961870801965,0.14071152616069107,0.2012305915591029,0.16842614642520382,0.16955712619530344,0.20468194680276136,0.2015838232715302,0.18657882360582848,0.19382124645668244,0.342678506190616,0.40526319230757507,0.3135689936238751,1.0,0.8332187386933203,0.7052200671696534,0.6322143869690917,0.487749251455391,0.06635035447820958,0.020867344548381912,-0.008086098410649094,0.04454173607480883,0.047419311100024605,0.0750424010842558,0.010334045077572669,0.027642302852865546,0.08194000245159049,0.03199274973358261,0.05164999035906029,-0.03647534605139586,-0.03796353860823552,-0.04378345393309864,0.013828774727160365,0.004784729254336878,0.014397857402050995,-0.0259525040042361,0.02563582334352639,-0.07016693730583634,-0.10863872994500985,-0.08638784821805212,-0.012922093125142831,-0.05820103781238414,-0.157471287342645,-0.18978229280017828,-0.1874732671926341,-0.08250814218082198,-0.07377224714430088,-0.08904760647872768,-0.16520952943715625,-0.17619806602026852
C4 GM right intermediate zone,-0.12367383389140117,-0.0877293722743366,-0.010180284802678043,-0.042780045797597754,-0.011892249914696632,0.03590613562966285,-0.02121545904922344,-0.019470065747165883,-0.01066951110876765,-0.04495531990331526,-0.04607005915693113,0.005119756599906733,-0.0102971399427718,-0.02326270514000221,0.014560507919537499,-0.01726771556187697,-0.020527671800541995,-0.026636289774235686,0.002013011348838464,-0.016566086141411415,0.016959603297960577,-0.031967694724357724,0.03543804162771636,-0.04044887230088185,-0.053543381003767355,-0.06020403114617417,-0.05048159940712662,-0.024367685818374774,-0.05408862951212632,-0.05321772443519532,-0.08683500889956099,-0.06597256616468906,-0.0859692599543526,-0.07308426889889533,-0.08619759294112128,-0.04413217663527435,-0.03610882901534615,-0.04783830414573472,-0.04553139708330046,-0.0319946839675318,-0.05733638858474919,-0.0006379873191008326,-0.05418047341659522,0.03549745399908915,-0.03218290433162575,-0.013728991975729122,0.0009724100509345368,-0.01862791030762148,0.006996490902070397,-0.016544593040940886,0.0011157706940968504,-0.021797420647533323,0.029757799664477926,-0.04117377922621124,-0.03679634709371385,0.0167108820220461,0.009913710130556268,0.07441378125287866,-0.06912880074912191,-0.03432008285197763,-0.01998267855661656,0.0058704640102249395,0.10999351159519667,0.17237896915279605,0.15672169784529677,0.153642437836456,0.1649141342381921,0.1701818144442445,0.15971974391181787,0.16083356697668702,0.4252889335142965,0.6240413123038397,0.5123812928550094,0.8332187386933203,1.0,0.8928718805119603,0.6921897621680037,0.7077066128346439,0.10227748971548543,0.09354867489751537,0.06188349429479606,0.09614652722761556,0.1272426486866416,0.15630848298329866,0.05629352796740598,0.11049957547960078,0.049449034747312284,0.011514052871660572,0.029380868232730832,-0.03850353463195861,-0.04941909263254305,-0.0510691498426454,0.01732644991899759,-0.009995536030731106,0.027250734428649954,-0.008181289338188574,0.03747491314039105,-0.11125670898615662,-0.11691621869307886,-0.10964479779085558,-0.012988750810537074,-0.053658725910022166,-0.09111040580068298,-0.12481701861411346,-0.1337167801303756,-0.024442009699037162,-0.03976220044619745,-0.0664215509170635,-0.09983509462520425,-0.13337076435702852
C4 GM right ventral horn,-0.062099775815631676,-0.05454146538470771,0.02083678597373216,0.00048396904210288064,0.0020884214377698686,0.054275633789238525,-0.012783527399415538,0.018574587231399008,-0.02798030125817537,-0.01759574416099964,-0.01795866293445531,0.04042086143485135,0.026063292083821694,0.02347263794439456,0.034246523756130624,0.003956024763994303,0.021979590308177588,-0.0003454639985083855,0.03883877318204869,0.008754867764985326,0.04791952583266933,0.004809880911016267,0.049341697523640246,-0.0277879798286382,-0.006193737904209802,-0.015542465489395214,-0.018829947326731728,0.01568868655315977,-0.003792098577771467,-0.013994545959722035,-0.0682462807634613,-0.030602815003246443,-0.0527354656648876,-0.0346264768970442,-0.05107688697251947,0.019407510182912504,-0.009430366541212223,-0.009387177153462866,0.0013280957698825458,-0.023732938722648478,-0.012846994997160492,0.011092750154729658,-0.009764319131488895,0.05787560245547944,0.009826525085602264,0.0004464860623359077,0.03765787352082215,0.019653147416772182,0.039071874362286145,0.015169887826461066,0.02636437110190945,0.010202845246537112,0.04265793387499614,-0.00597832089372242,-0.01203757253910477,0.04962199150134881,0.02404735215684988,0.07241778172465377,-0.032876335822638984,-0.0051601950558552625,-0.006980330576507305,0.03914218347788102,0.04422572110407462,0.110467621642891,0.1082959018994721,0.07691346258717695,0.0974175762358681,0.129219580359602,0.09906583970281709,0.12982102309097063,0.3582043158664563,0.5341388064116523,0.493690159704789,0.7052200671696534,0.8928718805119603,1.0,0.6976577997458092,0.7775135760080782,0.15676538107905444,0.14602486661685182,0.0981288721035837,0.15201119938127675,0.18956850316581117,0.21539210395525737,0.10996184248944056,0.15940995471804553,0.08997951820970067,0.054684016074871306,0.05210971147292522,-0.004270780524352003,-0.018433369921747086,-0.0319849849782516,0.05098871690785499,0.0167254431239711,0.07410178068219296,0.022187883071768805,0.10299597369414105,-0.04894435687495825,-0.06424596833871675,-0.0588706977970638,0.049810067921812175,0.005279240330253288,-0.018735705675852886,-0.04275950421251053,-0.06636206551030668,0.009981213477915198,0.010566481143085078,-0.016627785346508023,-0.03308365032482384,-0.07865193365776874
C4 WM ascending,-0.000939957331755637,0.008111745264278348,0.056206688858524395,0.026779788747605983,-0.05394791483725473,0.06662219126126852,-0.0029391789462883586,0.01752551226428371,-0.019981554490370753,0.03714809916401639,0.03339962927426332,0.065277510823468,0.038081286587754136,0.06154943027852878,0.12295220036610024,0.04607183240414111,0.056975013081459455,0.05235105928691681,0.08626859073881228,0.025324757352408578,0.10958072379215465,0.07803992513829928,0.06369071779966312,0.028558214213791986,0.07515861115240939,0.06429169495676597,0.08266599232333875,0.07242092695966464,0.0791227466469692,0.06730067523258233,-0.003225947155134065,0.05508369137712609,0.046850726569612554,0.05454222922248415,0.006605346215677537,0.0412014388700691,-0.07361973846533722,-0.013491596801021442,-0.008867488001194936,0.0069998348181955095,0.005333532437543454,0.0731259329532446,0.05759735449169014,0.09467563318426181,0.04313094727383284,0.04741133021946956,0.040574660139536596,0.07577206129461021,0.09736695957185999,0.06387476870082773,0.08575691159261106,0.06656463785080943,0.02434703532031678,0.06908282496081396,0.04975444111460139,0.07495536251745734,0.04382932069395678,0.05372347407512472,0.05760315045100059,0.05671070490229411,0.03888654568230102,0.017752184504650225,0.19554691864638057,0.26794766432328804,0.2648224093791659,0.1590755818365765,0.20202733191020059,0.22311841330548876,0.2929471275481788,0.30038637230896087,0.6891618309904044,0.7332037162002202,0.7259314953095156,0.6322143869690917,0.6921897621680037,0.6976577997458092,1.0,0.7746427016747947,0.1935037243542047,0.19853433232388348,0.17805763735344218,0.0891244615191397,0.16628469175580393,0.19239621349373046,0.1574171629387852,0.23159575862698056,0.14941832443145142,0.11045508731082453,0.13755563502605642,0.07481105934253363,0.021607550823153052,0.05562698486125989,0.14540374714639914,0.11163379524786064,0.09899227938415425,0.028265035606358235,0.09883311587493412,-0.016952842642444954,-0.01635152335436687,0.018986745900239375,0.0927332040094615,0.05021239477365983,0.034871556515699884,-0.07485755175167219,-0.06557968909846128,0.07388383024497283,0.02561769801922815,0.03327477326828985,0.006638277019539422,-0.052125572875595744
C4 WM descending,0.025345831644885818,-0.01640158364030805,0.0628437991641333,0.044631662985454706,-0.03519648850107389,0.07207932409769527,-0.0045284064610232565,0.026279927087881193,-0.032968943016590035,0.007255700622007335,0.07838015966384858,0.047222320526657535,0.00047106205262047884,0.08331824940732682,0.06825182036393676,0.0875484141113732,0.1091468207319808,0.07956040308186248,0.09374752505469303,0.03791705276219533,0.07749193350730355,0.08165317161713835,0.0554227013747564,0.02724494949730817,0.09998968441451993,0.09471735543359612,0.083052742670859,0.10011933020445396,0.10527482110616868,0.08702827907320683,-0.002759450346003721,0.0877939554003115,0.041036602423213026,0.08949088038172737,0.020228227801131284,0.056236983623231714,-0.06624226505711397,0.012872221799569535,0.03252746772462509,0.013671655216129806,0.010016497648068532,0.10196109561706078,0.06734558230270743,0.11128689678598741,0.06292344233424141,0.07589606899503192,0.03975048258717056,0.06781163307101523,0.05907375440903779,0.05742178281435242,0.053426043847768855,0.09814883814799559,0.007175414507811955,0.10342590819368798,0.0658658247952254,0.09592006521099741,0.021898068551736108,0.03988328822480242,0.07348911718988076,0.07227478036607964,0.031191701394012575,0.055261814666177224,0.16306606270585594,0.2465782892326897,0.25676423503607754,0.12945419069787656,0.16463440953927946,0.1904473033381876,0.22825257235689803,0.2734876692664379,0.5483521221937515,0.7706058430774329,0.8140103715254179,0.487749251455391,0.7077066128346439,0.7775135760080782,0.7746427016747947,1.0,0.201857063416466,0.21051483587969677,0.1692889892996936,0.17263161779940886,0.22618647950536203,0.2668400414727463,0.17154168479386706,0.26172586374117346,0.18738813396621012,0.15967051234942678,0.16154721379732126,0.13041151288811575,0.08554730107318667,0.08416423543936395,0.1960791928054211,0.1444221743590354,0.10402080296997433,0.05213605550754509,0.10769182743889764,0.009477270294468623,-0.0018552483639153348,0.007451864119313013,0.12395598811214799,0.06063797113629288,0.046222360941098634,-0.010844119043584908,-0.018342664633168474,0.03831400755139822,0.023298147197708997,-0.03019203826115743,0.016257900219759668,-0.05393793194287736
C5 GM left dorsal horn,-0.013252774974782684,0.018263818388846626,0.02311305148030751,-0.014954937508638716,-0.004411977254866853,0.03303797850502088,0.02397702554078557,0.06745514690376854,-0.007042468018507797,0.08094446190715697,0.10104059127604183,0.11517034308720346,0.22158146186792713,0.11576960573294,0.13939722289999473,0.07006295182856208,0.06325060766500204,0.09167270142858039,0.1443510517013835,0.0714083810346667,0.1349167312484219,0.0979653402471499,0.20935324296828275,0.1126717320783517,0.13341235325957085,0.16038284357913843,0.1372853692523395,0.07470859379439058,0.08341242490280588,0.18839132365403174,0.006111315365235913,0.02735213540841426,-0.0022803288565585293,0.05490179107368481,0.04178236834461718,0.03501317459012173,0.03389256133420491,0.03253146372475519,0.1013152774065338,-0.004929925821277517,0.06511951664046677,0.11127544823133784,0.11282277759520913,0.07494750770478614,0.09944313259699755,0.12435799676651245,0.08339741799963604,0.0991785437789149,0.08159036943394604,0.06719413807896572,0.09944813729463739,0.11319570721153983,0.049920690296706344,0.08422143214832388,0.052399917821611415,0.052776477823892914,-0.05200056111738347,0.012784166734324715,0.14576871610769038,0.14624623059321498,0.2148656418299599,0.09226161073974616,0.11377502727079288,0.037575176399308054,0.06456917098904556,0.013321658990341073,-0.05714354533004195,-0.07041504900838101,0.10017937729868866,0.031017488956805492,0.1346435860639081,0.17390302686761225,0.19747691831274097,0.06635035447820958,0.10227748971548543,0.15676538107905444,0.1935037243542047,0.201857063416466,1.0,0.8452190568914384,0.7640703589763963,0.45707823846745227,0.5807364948778095,0.5185409259518831,0.7443594054799819,0.6870346616568083,0.4516160513314598,0.3599590703869328,0.3192487344761207,0.2677554475380127,0.2789183053467578,0.2454359526633878,0.3735823634492255,0.35094178572644014,0.09931462252502228,0.029992330699231996,0.10441800428430777,0.13819495277078064,0.05776835941868935,0.06679570586673284,0.13484453715736136,0.06114743206309375,0.18358361860185057,0.10032886334468802,0.08236630361264849,0.12313230017571675,0.09466125709932335,0.07587554501832042,0.17027560031001343,0.020148051929471944
C5 GM left intermediate zone,-0.0359526200768386,-0.045837096090794005,-0.04313444981772148,-0.04093459471859171,-0.08267893290600938,-0.002534610301637153,0.005251965944914258,0.005154654662684058,-0.06499868707383136,0.024351943038661773,0.07395175187719259,0.06391659061656847,0.20901290871758746,0.07184809504209949,0.11168519316053366,0.05627414874486281,0.03903212135006799,0.05072602907514959,0.09931492557592103,0.01802956600016811,0.10835793854556233,0.06992938869275885,0.18628384217702684,0.07659973350480993,0.11026591672297546,0.11955627899419817,0.0996599165409999,0.03583694079987956,0.04915958711862272,0.17027785201736656,-0.03804159488146071,0.012851749389732482,-0.03996455155235692,-0.016159049082680486,-0.025413938892196505,-0.013438450491791792,-0.01366988163267871,-0.01356567325757845,0.027539695136134405,-0.0618259634141149,-0.0009676200388944587,0.12237737198154966,0.09236150794027648,0.06427013332728924,0.05973951657744653,0.08945540754323134,0.014241764780198004,0.043354795656144036,0.037025548839664156,0.00828153649493304,0.05427512252932809,0.08100795109233593,-0.010319292308902396,0.04284825393088278,0.0037567652457691112,-0.023905520236461003,-0.11391339847491887,-0.017524938199561604,0.11282584799713008,0.11228082948906593,0.19676123073214516,0.0199049866525775,0.08003832612135084,0.03721351849788776,0.06623705585163683,-0.047581724463576135,-0.08057224345301789,-0.09331866789491744,0.06563817883084869,0.00983474773720258,0.15422896903340896,0.2185649889042519,0.22836540085213383,0.020867344548381912,0.09354867489751537,0.14602486661685182,0.19853433232388348,0.21051483587969677,0.8452190568914384,1.0,0.8839398565696619,0.5604364240592149,0.7876688259943777,0.6372529189440609,0.8262571152232285,0.8608505094629777,0.41208765068108516,0.3801626886088712,0.32850773409108575,0.2784420224958339,0.30859080811654727,0.2568863608935837,0.3645728970042338,0.33765845138424544,0.1260341769336132,0.024053031760551572,0.10683454228998697,0.09231890160154974,0.016411570181001492,0.0445692223020168,0.09313206822966567,0.039810437959368034,0.26608836402500163,0.1878610250426157,0.1441838501838226,0.19081006408701923,0.12578451181334716,0.10076100696285473,0.2416860197261435,0.0727710932511436
C5 GM left ventral horn,-0.006126471063456672,-0.01954941345618858,-0.017163882134906227,-0.006556992712557737,-0.0710195291136054,0.0015982692794513208,-0.006298309686760013,0.02539054786333738,-0.028405938375296688,0.05184547455216147,0.11375575005730941,0.06847636013218028,0.2006585022437546,0.09584768899074768,0.12244855204537386,0.08223220946611211,0.05099684024928632,0.0821224364175266,0.1099342238813409,0.05094629425364337,0.11453627084055372,0.0930140941562596,0.16668876324474488,0.08480253881359535,0.1403119730225922,0.13411599833836316,0.11082133622046288,0.05817034375690964,0.0938961663687238,0.16996826286794228,-0.01395165635265599,0.05629558619732249,-0.016186146919223997,0.01160411966794104,0.021890697143862613,0.006387119170193541,0.0244501523819721,0.009489248323841997,0.07301481407379512,-0.023104254944493894,0.023856823850657044,0.177479608387011,0.12698938371379845,0.09029370939158712,0.0822496696285699,0.11577777039854208,0.034543248798166226,0.06945120478814018,0.05445007744773926,0.043961100949871185,0.05408010067336397,0.10541574569686601,0.020175883156552814,0.07833778028504212,0.028699897568586714,0.005636846320604811,-0.08361992061563683,0.02498521603397372,0.14567616046664264,0.11587913731879855,0.17825059995425835,0.03990471891157925,0.03417016990161655,0.0033826284637024973,0.03588610993314973,-0.06616568467236403,-0.11043670020514944,-0.10222896384384504,0.02609392662476589,-0.03771214184322484,0.12084493800778459,0.2007964184798502,0.2175620014701135,-0.008086098410649094,0.06188349429479606,0.0981288721035837,0.17805763735344218,0.1692889892996936,0.7640703589763963,0.8839398565696619,1.0,0.42644819187938715,0.5889614263874088,0.4958458659504648,0.761707805506162,0.8123322437453562,0.3905817238896596,0.36351097377982855,0.34738397160981627,0.216716329178143,0.22793514731891573,0.19567956763708538,0.3283287694661477,0.30639725635826387,0.09542284230672744,0.018961195105464675,0.06823418488900833,0.10312714593441812,0.03372274373106327,0.0559759281571433,0.046894205620219134,0.024338568192844894,0.24711819539545654,0.1396508484709446,0.11335410403844533,0.22951177945715542,0.13771946200224428,0.13031043451852575,0.2557078141120839,0.0803271764545441
C5 GM right dorsal horn,-0.01015576536315131,0.04200074751881659,0.021130403169372255,-0.02266816933183292,0.013081657996548025,0.018979740848342093,0.07431171863741291,0.033028208624475905,0.06152580868274757,0.08443070140549952,0.08249795561532272,0.11193917098247858,0.19263692911001523,0.04761271663670648,0.1409419641653012,0.04183304255033289,0.07697594052585378,0.06955143057123614,0.08101641270284667,-0.009104080311767442,0.11006783402745722,0.04512032105390781,0.1655409647471699,0.10718024022218695,0.042679871510854214,0.09880139900462215,0.07813149232700049,0.014037085063553004,-0.01051730941908848,0.16315407869389176,-0.04045545661082215,0.02218418809916573,-0.08048107605977423,0.01517374242925401,-0.019675589111562287,0.033141832947911926,0.05323128371695024,0.06366213856263107,0.06274999327539597,0.04806222026863917,0.027056615549169823,0.08686070837747921,0.08315927415819087,0.07767663389531228,0.02401336268733193,0.08902276436693618,0.017281697126903344,0.02354152012193052,0.03520067326124227,-0.01852730248567052,0.0726293447610189,0.1025342320483666,-0.0456963574161523,0.01783244590304261,0.00023869848095317317,-0.022115123713216778,-0.09347863372554882,0.018462588455920154,0.044382839700039714,0.13946882287780082,0.23210259376244352,0.01395740998465263,0.09497172150775131,0.06087910253327879,0.08238694976448134,-0.04376840173230912,-0.0640881916032272,-0.06936231949499705,0.11008446062650364,0.05252376616878744,0.020513211366631066,0.08563754316967782,0.09376183532029393,0.04454173607480883,0.09614652722761556,0.15201119938127675,0.0891244615191397,0.17263161779940886,0.45707823846745227,0.5604364240592149,0.42644819187938715,1.0,0.8197643311018354,0.7734155881866274,0.70145027180482,0.6386453325627477,0.3177949849235117,0.26507951085125814,0.2488999047839868,0.25734820993192137,0.2518781338078247,0.20160292805207577,0.31844391552608753,0.2892613346039486,0.18463696634170554,0.09960863921137725,0.18245315981865926,0.06853736823730731,0.009275438527527186,0.015523639255130294,0.17461038489133923,0.08021444708980842,0.11640436978693072,0.10773678443095175,0.061307082248477286,0.11802125958775082,0.07116031609369057,0.052730697976729364,0.10096368134573239,0.01092250808854665
C5 GM right intermediate zone,-0.043068377723136736,-0.01845530089830885,-0.027597082081431405,-0.029936191507400033,-0.04108280609809318,-0.00391537617727622,0.053381804742853464,0.005464703751690267,-0.025908768180988865,0.04160581082005155,0.06341047730108734,0.08241122007813265,0.1797085234797916,0.044220418967595335,0.11439230797490164,0.05168554738575458,0.06989488452855928,0.04894647348812322,0.08103734817901717,-0.027626068402783668,0.10753327968533624,0.050289504415779056,0.18479345443949577,0.09065283600374205,0.062329803157794135,0.10465056410781226,0.08893842068567868,0.022318241381229915,0.0029213172352685396,0.17216265431459754,-0.07783458133722465,0.0025098814102750217,-0.07293465864774215,-0.03260173758255255,-0.050813565715435445,-0.018936755977737436,-0.004073522664137409,0.01029478135417193,-0.0026009163287393036,-0.02149071987176169,-0.007523695660030558,0.08563287509787101,0.06974561695858605,0.06778020607123787,0.02801673491890508,0.07710017044886275,-0.005360286829566125,0.026213226698952624,0.036584206681331374,-0.019698188307358654,0.07734614471169646,0.09187464901594174,-0.04035889966798172,0.019131105050227457,0.012115376017534474,-0.03500023537288433,-0.12836467636557855,-0.0008579003366769393,0.06197210702038993,0.13682907966059915,0.22685205819010532,-0.0035330502588413293,0.09568782720096305,0.09177817276160737,0.11445079807420688,-0.036039971603889547,-0.03618226965710792,-0.05930590790313304,0.08879127466048302,0.057885411503674565,0.14193996057448705,0.18934009998089749,0.19500154056951402,0.047419311100024605,0.1272426486866416,0.18956850316581117,0.16628469175580393,0.22618647950536203,0.5807364948778095,0.7876688259943777,0.5889614263874088,0.8197643311018354,1.0,0.8702670040832132,0.7905124862252174,0.8382842531762926,0.3423244456921974,0.3155568480875215,0.2598222048517627,0.2910693002067782,0.32968105009187404,0.26894584004747335,0.3413545923307605,0.3036382940609687,0.1406348201219367,0.026949628647470733,0.12497714763269097,0.06859690212984339,-0.014338437447821173,0.01664622427208055,0.12355742782193956,0.03456238412095958,0.1968124583362521,0.1775758538557364,0.10767550027266015,0.13562269735594745,0.09076881613434727,0.05163583447313241,0.14386220423940735,0.028499457453292472
C5 GM right ventral horn,0.030556222862362533,0.0473351568906794,0.054363491535538946,0.017557966465706783,0.001852922156040098,0.01997386979235946,0.061027536352183234,0.04825525796334046,0.02224917794626618,0.10634493026338998,0.12628727914297824,0.13917784336866162,0.16724466257833587,0.09013192725783507,0.14161823550142372,0.11629356147490565,0.1395982544486323,0.12549985362874433,0.11804193432991314,0.025060286563353962,0.13345518153168473,0.10105238859794372,0.20292109541461703,0.15029774811172492,0.12420828256265402,0.1794665593000899,0.1441562847468672,0.0888812261854489,0.06841165665954989,0.22661132709662637,-0.029518336298011844,0.05314732776909551,-0.0005348957747078279,0.05937917170542455,0.03871461787653322,0.04652522577813449,0.053423594421092624,0.0746654964809544,0.05576507152798322,0.06339150447263471,0.04683873794044475,0.13754252764670968,0.11803960227791106,0.12959640793067745,0.0755429264176178,0.14535720880964276,0.055968922939317316,0.09464640246856726,0.0959300908198531,0.06168977635717348,0.1307471224348917,0.17681185897437382,0.0009678623773676211,0.10038029198401797,0.09648849430073914,0.04142428342407527,-0.08282825721743525,0.05771337629020642,0.1262298227909937,0.21529460449762697,0.26743554688514853,0.06367128670530281,0.09518955008818886,0.1091677288842508,0.12950683216141307,-0.005269385388427125,-0.003740774518490504,-0.021460536865892048,0.09179048318596585,0.0761400129383288,0.1755104123645883,0.21728720366736098,0.23631782136663193,0.0750424010842558,0.15630848298329866,0.21539210395525737,0.19239621349373046,0.2668400414727463,0.5185409259518831,0.6372529189440609,0.4958458659504648,0.7734155881866274,0.8702670040832132,1.0,0.726803874331626,0.8060705537772634,0.3406249038201964,0.2852530209796727,0.2612081293992234,0.2851647314821093,0.29144236517987177,0.290203433913959,0.3474656125178564,0.3073045081855219,0.12665248883386937,0.03714210592088345,0.1160804269830766,0.08721057502853566,0.00865862851462718,0.011138330618578543,0.1516140191700789,0.03910500591555861,0.14079252595688396,0.11440479018932476,0.042865403467028634,0.10854908853775821,0.10034259087731302,0.05967385633400736,0.10717534953085328,0.020763025803132117
C5 WM ascending,0.06378969681208191,0.0742976859610311,0.07064849187834008,0.049365041394722586,-0.002580627379837308,0.03352788845804381,0.08083286122640497,0.09737902368816272,0.04934429154823384,0.15502919098035509,0.16764318043310017,0.16510600292385916,0.2563510543874812,0.14651599567944767,0.18962442960916973,0.14389511087000606,0.14473257150054836,0.14580885435003374,0.17575040118516475,0.0821023138810828,0.18248529170495859,0.1499340889342728,0.24133897592937334,0.16540384147579867,0.1732834431830148,0.21716443396350418,0.18241158437814528,0.10842211521445029,0.11486290079499548,0.25393405485542714,0.03556358978374788,0.08658549514766667,0.01616984183982457,0.07323118324899858,0.08164565159668333,0.07017124293812055,0.09016723456316302,0.07873480519117439,0.14786331967847838,0.06506615632184755,0.0997354026049237,0.17704309440016525,0.18322767142347968,0.13674545323775034,0.1240182394513209,0.1688969045475632,0.08917428413299738,0.12848191795378802,0.11208960968059607,0.082101388580597,0.14414204795542107,0.18861556183446238,0.05122690131186956,0.12965611692180953,0.09272831631990627,0.05725789868937531,-0.056723405184950955,0.06686241710393663,0.17243422122106075,0.22400476999570668,0.29027055976522315,0.06661118606397128,0.06212413450043454,0.03752663650108899,0.0880274250131837,-0.04971301450410538,-0.08968946188144308,-0.08484271615037203,0.05938606484303911,0.03519743565589661,0.06170355793965864,0.13646449284432446,0.16045355541990333,0.010334045077572669,0.05629352796740598,0.10996184248944056,0.1574171629387852,0.17154168479386706,0.7443594054799819,0.8262571152232285,0.761707805506162,0.70145027180482,0.7905124862252174,0.726803874331626,1.0,0.8417276475872911,0.4246680600474135,0.3656004660663338,0.3237163389983643,0.2632112191049606,0.2893858258307946,0.2350903402165145,0.405456400845687,0.3463999991177423,0.1396917902454217,0.0643367540719892,0.14644799036743641,0.13594920592759038,0.050301323243284526,0.07742580054060505,0.13010689724099103,0.08685892412943878,0.16662434544808516,0.1036106743467186,0.0696877640852082,0.20701164423206558,0.13616730176172817,0.15230327983779648,0.18114202375884927,0.05459854480751381
C5 WM descending,0.0030684559689693122,0.006943253443243984,0.015518144852145987,0.01292304221104288,-0.03631398386180962,0.027735879395856776,0.05961454818627313,0.04407176743367097,-0.00620842060969176,0.09480615801249731,0.13303782293151373,0.12227913728164679,0.19996580984266443,0.10865269085068958,0.16225976606818965,0.128505034526608,0.12484737684694125,0.1219158362800107,0.13790142648579112,0.0505679755344978,0.15992949951591837,0.1265323412357489,0.20693136297138234,0.14792153758895488,0.16255090053776275,0.1895023287248816,0.1580540704466715,0.10327731701017866,0.10296240289211296,0.24003718364228277,-0.027710265416244165,0.06778839796446591,-0.021385027075582735,0.030231837039999224,0.031680195658838596,0.02290894793762861,0.024330995631511,0.05162665152730665,0.06268200654986564,0.027526135453273433,0.04137864469700353,0.17902303898285352,0.14632713511298603,0.12930749384010004,0.10701613067965755,0.14429246037132507,0.06408383116625295,0.10683726643587292,0.10345255526746099,0.0723968064740959,0.13232338548720168,0.16118608158307304,0.020722837248799482,0.11151048650805416,0.09191613809004016,0.0373880724628091,-0.08997497272090915,0.044318809431853644,0.16111527096586514,0.19748200698441637,0.2597234403672128,0.06455963769804128,0.08202606133204535,0.07688771149198943,0.10750064911126997,-0.045344299357465506,-0.05967002297336509,-0.07031202760186406,0.0653149010909936,0.03265072963810476,0.20342912039320138,0.27294431691122434,0.29206376193964495,0.027642302852865546,0.11049957547960078,0.15940995471804553,0.23159575862698056,0.26172586374117346,0.6870346616568083,0.8608505094629777,0.8123322437453562,0.6386453325627477,0.8382842531762926,0.8060705537772634,0.8417276475872911,1.0,0.41094473225551587,0.37962299288347384,0.3494077676065303,0.3133206071517026,0.320565916666556,0.2892278900971139,0.39812694967649587,0.3618330310670446,0.10641113177850806,0.0021623945587723073,0.08142704096560015,0.11145277721438163,0.020671135302504962,0.04415368760972444,0.1043144074555487,0.019221487838264908,0.23811048307382124,0.16287096250188587,0.10432814493036874,0.20786487328736025,0.1518056271111158,0.11988756613483047,0.21926928491612954,0.06472991386903466
C6 GM left dorsal horn,0.018017311309295923,-0.03199620638773431,-0.0038536937113280672,-0.02583897797893465,-0.045854092017484076,-0.004317096928763866,-0.01570411609812231,0.014042305725892332,-0.0077597777314230695,0.04184768192341438,0.04933787717250657,0.03067194653274396,0.08225937702141138,0.054503146264813826,0.03700893679692194,0.0014700605055161151,-0.0004519806995597071,0.02031966220715821,0.07040046898018475,0.04098886085694054,0.0455401703438288,0.04648460100662778,0.12022205319018367,0.028189331735118842,0.08664007769376772,0.09524521564117724,0.08535603331498305,0.04831755238489515,0.052247947068877074,0.12625410490204977,-0.005317510780974743,0.03130001983446572,-0.045081444194911065,0.010806403624798672,-0.0049834821286451605,0.0012830886958644645,-0.03148745632880124,0.005934381462041708,0.0593125542957851,-0.011801670501476472,-0.009642225716788487,0.06563780811123246,0.07326541403607999,0.02567756443943658,0.054260661409096966,0.04951073289188381,0.07372535195999604,0.0631199322746271,0.031777188171511345,0.03757324098343537,0.04436867930569542,0.02161880605556422,0.014207909018519909,0.049264010572787065,0.01588470800988853,0.007825561922745215,-0.07766467276467422,-0.056606909658869366,0.10098037675349446,0.05656990773670144,0.1371638641413237,0.049721387744492467,0.08321675651430104,0.06547590384860646,0.09044222852315915,0.08770466308401885,0.03990095990949304,0.028080221447910877,0.13815485741279626,0.06565652343521243,0.09043683016266642,0.10999407888829572,0.18573709991273565,0.08194000245159049,0.049449034747312284,0.08997951820970067,0.14941832443145142,0.18738813396621012,0.4516160513314598,0.41208765068108516,0.3905817238896596,0.3177949849235117,0.3423244456921974,0.3406249038201964,0.4246680600474135,0.41094473225551587,1.0,0.8556312048980765,0.8496598034636825,0.45333284007061114,0.45768951170291,0.37799296522336395,0.7679992261964955,0.7027225650116363,0.12918110554800877,0.03081154840095223,0.14210959812604362,0.10708454809738419,0.02972458353123622,0.08004104372259035,0.09888389210113019,0.09158410916845947,0.092506034518153,0.09254595610391368,0.08227680061556222,0.08826204752627358,0.07144153347804079,0.040293655441412043,0.08599565541480084,0.03282535366871416
C6 GM left intermediate zone,0.02801552135760137,-0.05042057622221905,-0.008156797122141835,-0.027891252124881093,-0.0736982054343547,0.014731141927322342,-0.017869178201447285,0.00043070157523565053,-0.015939720403952737,0.02534660195500739,0.05287930449437262,-0.0056658671010199856,0.04770169445663573,0.04760941107471355,-0.00586310607385136,0.016857420964604568,-0.012137130544843193,0.012513200828851934,0.04058518329076818,0.04175473808604954,0.05358790912739668,0.05560769504648579,0.08980495426805246,0.028026498407256958,0.108586204505775,0.0982685315675037,0.07624685852661428,0.05339673843706676,0.05353288714180048,0.12635990565541844,0.015075912408487609,0.04859797840607522,-0.04647827401016704,0.011021164663813624,-0.036680968898118275,-0.0007056104966417381,-0.06690977987722099,-0.006802929126221314,0.024822660185764747,-0.032664380527785114,-0.035417421405896786,0.06311465135498139,0.06753356292902235,0.022397125511286406,0.04860062833000672,0.035949076358793464,0.07790501339839064,0.04538827748249727,0.03967163884238916,0.04687539086169648,0.03336805003432611,0.017477457143109994,-0.031947184936482666,0.07052460154330001,0.0007916653146632797,-0.0034438258664217306,-0.07367753531134616,-0.1077347170530094,0.10226559706235792,0.0546498784203497,0.117322006379607,0.05602683272645724,0.026749621374415937,0.05225409867290933,0.0677305564264775,0.0760721290067352,0.05620935723073955,0.03900326869845479,0.09174005963996884,0.048428824877333417,0.07845409520566338,0.08890466392821142,0.14977433748534408,0.03199274973358261,0.011514052871660572,0.054684016074871306,0.11045508731082453,0.15967051234942678,0.3599590703869328,0.3801626886088712,0.36351097377982855,0.26507951085125814,0.3155568480875215,0.2852530209796727,0.3656004660663338,0.37962299288347384,0.8556312048980765,1.0,0.8831439010718086,0.5228475788530453,0.6449555461846547,0.49353137178616446,0.7655710167278077,0.8321240535138531,0.1609783215290907,0.07632386964909528,0.17882537977096125,0.07100246469987939,0.021527164247737256,0.0481122015001114,0.0818911563963504,0.08632731500716055,0.10109936456262976,0.13068948600822847,0.11512563617665192,0.11966709762443863,0.07327883767802634,0.028352724821330957,0.09834743430102136,0.051369109101374426
C6 GM left ventral horn,0.08860799187768714,-0.016590476345204993,-0.006863720565946844,0.004028245376591801,-0.07636222854745492,0.0020389225414180917,-0.022557667032659913,-0.000960296390629775,0.005169235416118072,0.03814765539208214,0.060788392711665584,0.007033506018562028,0.016549572252686613,0.045823007093481256,-0.0023486624431022455,0.017346304480689266,-0.022419573722792786,0.012280450130970098,0.03672307772659409,0.05238811535189506,0.026318905805764257,0.06446111446050083,0.07678703603905468,0.02100692360713339,0.11552118599250907,0.09714364563402718,0.08391157759582193,0.06570565652387407,0.07265161961954278,0.12007368266121281,0.04276021773216635,0.05434082621925094,-0.020468876843891724,0.02193750132372229,0.001447766457517251,0.04258250333984602,-0.06970817391983114,0.008776843563469439,0.06012823700231573,0.005848821461570718,-0.0063209617785182845,0.07371636026332301,0.0911265746677253,0.06288977527531306,0.056627006152341716,0.04373159855497994,0.06737074619760532,0.06359085927831039,0.04381204800088491,0.06289242679204037,0.0231162878876416,0.012381276903292354,-0.032215372284489854,0.08468131063573792,0.011016309192872921,0.00842696546911412,-0.06158316983635361,-0.11742315285923198,0.12560155893426117,0.036527412255745274,0.09327682602872335,0.04683270491337631,0.03977868758073229,0.06387118971648972,0.080952789038376,0.0878806469453277,0.07535775605488099,0.06594814685020293,0.10779775653095475,0.04114402570487245,0.10693775827171949,0.11773598034901611,0.18521855288212571,0.05164999035906029,0.029380868232730832,0.05210971147292522,0.13755563502605642,0.16154721379732126,0.3192487344761207,0.32850773409108575,0.34738397160981627,0.2488999047839868,0.2598222048517627,0.2612081293992234,0.3237163389983643,0.3494077676065303,0.8496598034636825,0.8831439010718086,1.0,0.4128079753495598,0.4222822848005294,0.3550335325426462,0.7426134889471737,0.7682064358362694,0.1288078546626069,0.03043300015363301,0.16693670855996595,0.08229698458521496,0.02334573810353256,0.046348388076467954,0.10571676188549776,0.09518453141461625,0.08824837154378491,0.11088671287190684,0.11051642748661814,0.09586715959193562,0.06100886291186919,0.03300870215732522,0.10912549021460707,0.06335073285168975
C6 GM right dorsal horn,-0.0192572632996502,-0.009603346634846903,0.07596173155480765,0.0799378431049255,0.042442981291412704,0.13993158049763224,0.15016287644779455,0.1028480143069605,0.011531967439427662,0.09528318052898219,0.11412928156007467,0.1289535760187225,0.13057983925688782,0.14450642917854428,0.11083795633633589,0.105566763194861,0.13491837846259105,0.10164394576587325,0.16778439450075983,0.0966130816550374,0.14982441735405458,0.15409481249602425,0.23831654105709538,0.17218410440456033,0.15622009124827346,0.1978208692213021,0.20709452843591059,0.1031429398787208,0.11865141406451046,0.2526519871662742,-0.015787934793223185,0.10305383158216873,-0.0006912458561885223,0.08995000872011975,0.06906263472634067,0.010595013822312956,0.03863418101045957,0.1190497940724624,0.08056272133086265,0.06286707985385262,0.07569409811374815,0.10825032254786433,0.13143413536140539,0.05554115260579027,0.09327783334005209,0.1041851685052695,0.09965401472726856,0.126374408174526,0.11044771226228474,0.07760974209434515,0.1434348091361287,0.13558037256888356,0.012608154773640773,0.09575044660913958,0.09758161428228074,0.062002104478745504,-0.055568551062608294,-0.05866492320586536,0.14986037257017337,0.20164332695081622,0.2987134737524127,0.12806946050001247,0.13172118092872523,0.13835520873798504,0.1035327155562683,0.12730363253650115,0.1359380678825044,0.09904262958373683,0.14814006241328545,0.101953937197386,0.1271441151793692,0.10996519069105193,0.15470983736921615,-0.03647534605139586,-0.03850353463195861,-0.004270780524352003,0.07481105934253363,0.13041151288811575,0.2677554475380127,0.2784420224958339,0.216716329178143,0.25734820993192137,0.2910693002067782,0.2851647314821093,0.2632112191049606,0.3133206071517026,0.45333284007061114,0.5228475788530453,0.4128079753495598,1.0,0.8335503717560921,0.8671249736692134,0.7324253630681035,0.6882482103734593,0.1215277197809008,0.04143534279612957,0.09854121861965681,0.04984864862061462,0.009025108298430926,-0.015927790547240018,0.1160910452662428,0.039621025095152675,0.1777995596084176,0.15068940135069347,0.14697076225284567,0.01526517985607743,0.035120440587618956,-0.018894950221741733,0.08570702823776301,0.05499773505047564
C6 GM right intermediate zone,-0.055202242426891694,-0.05436180551161167,0.025683673662169736,0.005231962005869256,-0.00011276345952004142,0.0923397380045964,0.09336456688073347,0.04961280468455581,-0.032625564786426565,0.041714697414134576,0.054049379696459295,0.04362704486784708,0.0906380856320764,0.08911643094106464,0.043345892888210336,0.0755531181454896,0.074521573798254,0.055775324667155235,0.10406401456287918,0.04631032634277778,0.128917824515345,0.09534061588468253,0.15958147702296707,0.11404318145778021,0.12561495655505983,0.1437703709376825,0.14087853168650988,0.06820943501783333,0.06831445819165181,0.19586649108565313,-0.025344028663053256,0.053588592144224914,-0.028369989172845465,0.04665995137503013,-0.023164810937692872,-0.03833030374455431,-0.024625367843681027,0.05067448690974883,0.00025316697911146116,-0.020369226312858275,-0.011678456746681092,0.053547492749173184,0.06285400485083897,-0.018725477087420433,0.05076625386176104,0.04860292487891953,0.07743726468524978,0.06895194967975936,0.07144509530923851,0.04154387094540773,0.10377176290284258,0.08555907699651101,-0.01469269984446383,0.0763875750826042,0.05198313665304801,0.03000025314403758,-0.04718920954401523,-0.06977094296692406,0.10344502669443728,0.14922285723045944,0.22979295755347975,0.10891023268256324,0.09080101837289394,0.10999221668512975,0.08588027899382007,0.10415998922246757,0.09950402050620391,0.05032725638448001,0.11263645283584617,0.0970817493279955,0.08107334045129361,0.05771677663060434,0.08768015069319053,-0.03796353860823552,-0.04941909263254305,-0.018433369921747086,0.021607550823153052,0.08554730107318667,0.2789183053467578,0.30859080811654727,0.22793514731891573,0.2518781338078247,0.32968105009187404,0.29144236517987177,0.2893858258307946,0.320565916666556,0.45768951170291,0.6449555461846547,0.4222822848005294,0.8335503717560921,1.0,0.8667744136501325,0.6784007498411896,0.7642548548636402,0.1485091367086819,0.07739806819041832,0.10839767477127867,0.0319050320922427,0.0058657882433207995,0.001284478045049654,0.08261943598413346,0.030604926268585696,0.14408887669878145,0.1757846006486322,0.11712498764884256,0.03001813582364106,0.0265811631129576,-0.05041856771477576,0.06018047918297041,0.040584819834653015
C6 GM right ventral horn,0.01029458813591771,0.010243622448672744,0.10449475695082842,0.08515126679899737,0.042558652926081984,0.14407075481633175,0.145775777570906,0.11224923963016394,0.002859772681226548,0.09695246820997426,0.10981955058170897,0.1102996332936783,0.10159789276566909,0.1480407492712071,0.10686973396564997,0.1280312571548458,0.13239341740494398,0.12453356730853928,0.17242056928031818,0.11529029677123821,0.16453166901221036,0.15936807863302963,0.21704401321959327,0.16998408791010883,0.18995612051207517,0.21382338748039798,0.22657774558882038,0.12571578261302982,0.1401052606033907,0.24498641311205197,0.012860351236355844,0.11000329978693259,0.04484467103517628,0.1449857700977959,0.07025355872765678,0.05646402892174165,0.049532712720233324,0.1307057808145937,0.08013712463082454,0.0643427680238211,0.0716599183101303,0.11700751776027869,0.13107737107875353,0.07929927728977534,0.09959890560038928,0.11672818126458608,0.11895572318142518,0.13363929419496595,0.12930146566834785,0.10637516298231053,0.15268662770689528,0.1439839690957348,0.019444905443421093,0.13911746157383487,0.11780024136982796,0.10067276195110164,0.019568156344470115,-0.013833970855189729,0.16229236163034053,0.21494035203953732,0.2692170433386813,0.1841133066660537,0.10055539108345644,0.11600094850087182,0.09444197274561714,0.10255343758767742,0.10000896257805068,0.0567549905377194,0.10645831467447267,0.09176668065123314,0.1321812036056196,0.09714676639229279,0.13295423754715305,-0.04378345393309864,-0.0510691498426454,-0.0319849849782516,0.05562698486125989,0.08416423543936395,0.2454359526633878,0.2568863608935837,0.19567956763708538,0.20160292805207577,0.26894584004747335,0.290203433913959,0.2350903402165145,0.2892278900971139,0.37799296522336395,0.49353137178616446,0.3550335325426462,0.8671249736692134,0.8667744136501325,1.0,0.6732466270034867,0.7393239862975043,0.09798918839416162,0.032965998275666264,0.06260895175994556,0.04953475461223571,0.030182388455700673,0.007500538264061528,0.10564160686080422,0.037732229850613266,0.14597981569077678,0.13965223786066353,0.09495764620535083,0.0037595570212002284,0.03410822243485744,-0.020788010713927198,0.06885343449992855,0.05946196648237512
C6 WM ascending,0.07046170357211637,0.020448531817075864,0.07676346987181741,0.06462675987151477,-0.0013142391879322765,0.10827007732359602,0.09795908650148125,0.09449362485784037,0.019928724391270143,0.10068134080675913,0.13301894674677667,0.09802240790714659,0.1011710035527342,0.1302645833467027,0.09532506285419488,0.1267567561195361,0.10599127989980761,0.1109412710433944,0.14749432594769898,0.10337863414230436,0.13846028198143015,0.15456729223926366,0.21583926493372546,0.14249637173305102,0.1839482957392955,0.21297096631168425,0.2101627338792072,0.1287131517066454,0.1398139438747963,0.2589131079474218,0.04208959416824421,0.11031517655236714,0.005339001950346726,0.07227312181592269,0.07221514525528823,0.02334023324178655,-0.0016265098692947984,0.09922871549315233,0.09430792069584433,0.05647428969535985,0.06914917494075684,0.16393158132947847,0.15024484753703127,0.0527170400335083,0.09261729589457489,0.13888295286125432,0.09531567180381702,0.14146076041997824,0.08912045236014929,0.0966840310590592,0.14088402947147635,0.13527034983157726,0.001555327527459958,0.13641954535937018,0.10491176254979782,0.06982771757251265,-0.04468548260037314,-0.06298843387831594,0.20285616146945987,0.1844072249373299,0.28489718253911994,0.14203136044747006,0.11783079535598932,0.12313274755876458,0.14134873018180422,0.09575089164910673,0.0658665538554354,0.031543724878075836,0.1591524538643919,0.07627975485393075,0.13362214868558556,0.15401144048920137,0.22279407393737316,0.013828774727160365,0.01732644991899759,0.05098871690785499,0.14540374714639914,0.1960791928054211,0.3735823634492255,0.3645728970042338,0.3283287694661477,0.31844391552608753,0.3413545923307605,0.3474656125178564,0.405456400845687,0.39812694967649587,0.7679992261964955,0.7655710167278077,0.7426134889471737,0.7324253630681035,0.6784007498411896,0.6732466270034867,1.0,0.8236917847025019,0.18632781570796958,0.07257428001390764,0.17402229432683491,0.07819213905724727,0.025197315065165198,0.04880071205114753,0.15839229095869217,0.11348695964273676,0.19915225980635404,0.18271867775614223,0.18979390435125335,0.05688947190670193,0.06704032904815596,0.053300298419883506,0.14619802580006294,0.1105834544851224
C6 WM descending,0.06912376098545778,-0.0076165702916353994,0.07082948363399577,0.030715430955049756,-0.04311392112081111,0.05686593894208675,0.05342021187033893,0.053117708130466276,0.0239212351000012,0.08314617500126657,0.0976764988761397,0.054949880336464745,0.052005161052381337,0.10056432235023624,0.058817380589986895,0.0789792383372199,0.04648665169295444,0.08909883252159248,0.11622984329937949,0.08149236360358815,0.11231505848574072,0.12137803050262827,0.14495334356173556,0.11084031924575166,0.16277099370796017,0.1655060015100236,0.1671096464185353,0.11017520287493959,0.11120022392202616,0.1944143831853018,0.0339756303264912,0.08422307028119132,0.0058702615125309845,0.10369278007618628,0.03216400865275059,0.04678399618943104,-0.05518163311510812,0.06402827181267633,0.07482891471783734,0.039263454279707594,0.02158927766761688,0.10916156608213459,0.12239175193882504,0.07184311815978044,0.08794106661837438,0.08567056346049243,0.12232897922072053,0.11478795675558615,0.09631100890790231,0.09209159570241322,0.09875666262074727,0.08895818631815881,-0.014478913680788122,0.12856927050761305,0.07021344180444139,0.06790902012725855,-0.016222436901888494,-0.07627078007488142,0.15096918997553305,0.13298025317848,0.19328739905611894,0.1291937864228447,0.11207101480530883,0.1283707223760176,0.12310179864879872,0.11475338750495728,0.1139321568512673,0.07623626141764772,0.13652535232288837,0.10852682094383677,0.11879800993738704,0.11217206513045042,0.1752114442258063,0.004784729254336878,-0.009995536030731106,0.0167254431239711,0.11163379524786064,0.1444221743590354,0.35094178572644014,0.33765845138424544,0.30639725635826387,0.2892613346039486,0.3036382940609687,0.3073045081855219,0.3463999991177423,0.3618330310670446,0.7027225650116363,0.8321240535138531,0.7682064358362694,0.6882482103734593,0.7642548548636402,0.7393239862975043,0.8236917847025019,1.0,0.16747440324388319,0.09136356069115881,0.16393889139367426,0.11404762774229223,0.07671789743674656,0.09233442604545304,0.1826150838177064,0.1380837318505987,0.11003163032335295,0.1477997740482837,0.1086968260979604,0.09469384094330074,0.09469204065264,0.04826215434577828,0.1089576858342043,0.08892537591640144
C7 GM left dorsal horn,-0.04149165890066457,-0.12212665092753702,-0.0802066910105893,-0.07676927943418553,-0.07932200677897545,-0.042139557262371584,-0.07200174663647461,-0.07961832079284598,-0.10631417890660082,-0.06919872994087273,-0.05708941984486497,-0.09224418292031204,-0.004263922516905444,-0.07408720418349103,-0.044002067772187,-0.036762688586839405,-0.042948523406320556,-0.03918825646557481,-0.07304426846374763,-0.05804135641051891,-0.06217221984729574,-0.03134236932037683,0.02722710739463326,-0.031182100932081895,0.025965166462876655,0.006005937142697847,0.0023245346760571066,-0.02306428460944574,-0.03481992511355543,0.06557162483557345,0.00011644544082720284,-0.08788081081174207,-0.10991448365019599,-0.13284528623367775,-0.11018911476828448,-0.09312616061682204,-0.059862014667101816,-0.0680276278452521,-0.050054981986234016,-0.10701609183365238,-0.07296743588349065,-0.016810170656052392,-0.019446532938248398,-0.06766966266825271,-0.10361257848215635,-0.03349970947594018,-0.09870664499064156,-0.08312383011635059,-0.08452113213873684,-0.10311694848726223,-0.09015570751517303,-0.006701267771177645,-0.14541475797742756,-0.01344197760782642,-0.10922662709810999,-0.11080194919550362,-0.08083656796167775,-0.074524144187372,0.037720097464976475,0.017666402836696318,0.055441820428371716,-0.04151350587955446,0.06411454806141574,0.08325280711897774,0.07621193075869268,0.07853997473953538,0.09167359712595438,0.04896931346053715,0.12687656381130927,0.05518775204568101,0.03174580622063763,0.02048659205146598,0.04513238599209807,0.014397857402050995,0.027250734428649954,0.07410178068219296,0.09899227938415425,0.10402080296997433,0.09931462252502228,0.1260341769336132,0.09542284230672744,0.18463696634170554,0.1406348201219367,0.12665248883386937,0.1396917902454217,0.10641113177850806,0.12918110554800877,0.1609783215290907,0.1288078546626069,0.1215277197809008,0.1485091367086819,0.09798918839416162,0.18632781570796958,0.16747440324388319,1.0,0.6946942092818038,0.7799911123816173,0.25768764510729253,0.2864863393083296,0.2302023925954013,0.5898907093378619,0.4715108515553542,0.14241459805578263,0.06739151775023015,0.10098712077458678,-0.04733619610040299,0.002372507968970082,0.015899335521770863,0.06565040321033855,0.10288250566808378
C7 GM left intermediate zone,0.00229188295927281,-0.04719663666033333,-0.0857078052745995,-0.0705443071759502,-0.08932376120111031,-0.07965393076156398,-0.11380659707050735,-0.08518270084525473,-0.09534453570109738,-0.06499211134542056,0.008310306368909582,-0.08997626155321722,0.02329905273468662,-0.07637613758286832,-0.048405662969994975,-0.03136324097010855,-0.049779568303434385,-0.025012047482685998,-0.07781529699590552,-0.10799253479760983,-0.0510188596476921,-0.05465526570981458,-0.009495397032432887,-0.011108383943669526,-0.003185125288069401,-0.020929530805281017,-0.05010470570063133,-0.03882195909235307,-0.05291959292996379,0.05189630612078231,0.019384993331544188,-0.0820816864440132,-0.07590010005756201,-0.08708368582398958,-0.0672169937545905,-0.09373043184247548,-0.04222003867525741,-0.0770140945845308,-0.05971560463625772,-0.06981436243905954,-0.0513512341243802,0.02916118710495607,-0.013531566716997205,-0.037708576533842374,-0.1007757488101792,0.018312232338692655,-0.121717454078422,-0.10310866283820047,-0.12135034663200135,-0.13552522723102858,-0.08311051664546892,0.018610921112058337,-0.18122540975401652,-0.05033123120273478,-0.09769984503230068,-0.10510036884713647,-0.07385666952393932,-0.11921375920888412,-0.017122153759125187,-0.0043329575094948536,0.0441125416941254,-0.03836169902939475,-0.06435495544893553,-0.02732589924828074,-0.06511295239782816,-0.004691056124098448,0.004257066953399956,-0.03922412383551135,-0.04701367201609226,-0.08780090450577506,-0.043794499271387725,-0.02333177263594246,0.0028752837893258614,-0.0259525040042361,-0.008181289338188574,0.022187883071768805,0.028265035606358235,0.05213605550754509,0.029992330699231996,0.024053031760551572,0.018961195105464675,0.09960863921137725,0.026949628647470733,0.03714210592088345,0.0643367540719892,0.0021623945587723073,0.03081154840095223,0.07632386964909528,0.03043300015363301,0.04143534279612957,0.07739806819041832,0.032965998275666264,0.07257428001390764,0.09136356069115881,0.6946942092818038,1.0,0.7482112250079564,0.3740657074156776,0.6167721166590749,0.3946215955833439,0.5865282647775671,0.7298251682348218,0.15319287627054365,0.1615545878763078,0.1924899844645754,-0.03108974116002283,0.032397209643786395,0.002226434178730374,0.09682555711798455,0.1412675653604553
C7 GM left ventral horn,-0.022931083790298692,-0.09019033149890063,-0.07208775765457404,-0.07378389273800359,-0.06104413327813185,-0.09091278426834115,-0.11279871130947837,-0.09156445764934168,-0.09315193791473741,-0.10188307911476199,-0.03524733044206888,-0.09347488954331133,-0.01138658051151585,-0.09827218156718577,-0.08951823771682182,-0.08748797067301113,-0.058852239401274486,-0.025947016337592083,-0.08668622234909844,-0.08589126563254139,-0.09344293894276041,-0.0627547793258977,0.056588312790534626,-0.04448557937116303,-0.014954293785594925,-0.01808934637312683,-0.031874807080952736,-0.04939192291479567,-0.08338437678341927,0.03242904488208072,0.0037013376690127266,-0.10917032348320019,-0.06586743411507523,-0.11069279198737413,-0.10072195601634949,-0.07178975615945495,-0.04733735804392919,-0.0938006217914384,-0.009423765321389005,-0.10484662115352952,-0.05670860961560178,-0.00839743084462647,-0.041180175863935485,-0.04118088491827853,-0.12755655183057818,-0.03417106118492738,-0.11111280410179294,-0.10947677661677012,-0.12510643117478637,-0.1375507763965455,-0.10859558890836776,-0.006243736966275297,-0.14030433982138446,-0.055499127151677694,-0.13390637951351855,-0.11471442759923181,-0.09617260457756942,-0.06555502399850517,-0.02700866318690221,-0.004446533721732158,0.043829155158263626,-0.08448818327372182,0.021127588248465275,0.04668987796207703,0.03008677323340323,0.05602990655624197,0.07759063243914299,0.05864274329023713,0.04204060785874751,-0.00698539524739767,0.023193235432503675,0.009332593663342627,0.025481489882594414,0.02563582334352639,0.03747491314039105,0.10299597369414105,0.09883311587493412,0.10769182743889764,0.10441800428430777,0.10683454228998697,0.06823418488900833,0.18245315981865926,0.12497714763269097,0.1160804269830766,0.14644799036743641,0.08142704096560015,0.14210959812604362,0.17882537977096125,0.16693670855996595,0.09854121861965681,0.10839767477127867,0.06260895175994556,0.17402229432683491,0.16393889139367426,0.7799911123816173,0.7482112250079564,1.0,0.24867836570892568,0.3161307452662013,0.2579680119677718,0.5776502839670219,0.6676656722929689,0.11196882488351821,0.07979417165512666,0.18434227800137856,0.004943653405736578,0.031062080030501944,0.06334041959296668,0.08968838662740063,0.13570568671746375
C7 GM right dorsal horn,0.0018745655347451025,-0.052790068767769587,-0.027477706234541675,0.010245703792903842,-0.07762192406121488,-0.014061945742069907,-0.025355434913262077,-0.02524937136577894,-0.07642170814042466,-0.017027589296536888,0.04707096343457086,-0.0016145646233398311,0.04339567024969773,-0.021990267167903716,-0.007676413360472539,-0.03304436138276773,0.022899761750158426,-0.005885528861350729,-0.019449479273064098,-0.10608803642147126,-0.027531560957804364,-0.032165878354021966,-0.05819751963648345,-0.010544627128296492,0.009362888854451348,0.013336010490678533,-0.024989906188134854,-0.05284775253874979,-0.02606831413065749,0.03705480851491441,-0.011813679301174593,-0.005982674060839142,-0.0054251655613879075,-0.04191680432663902,0.023164079698582314,-0.03706901918813792,-0.047506358985787686,-0.01512066195489979,-0.013442756384851484,-0.021330040578444114,0.020518499713044716,0.0650746611907027,0.05767109498158736,-0.012119955055775223,-0.028846485541320462,0.05885783329365433,-0.050795068150510624,0.004121509716151754,0.01521810903535943,-0.07457641046538903,0.009827970268056381,0.052960493542978465,-0.13969012674546585,-0.012398912615412008,-0.00223876524791936,-0.037434531263903954,-0.09821529972369031,-0.10675915694074507,-0.012715884413154877,0.017321534087716053,0.0440113926485824,-0.07222743678594559,-0.1408433798233011,-0.12375966490699755,-0.13289020177623015,-0.06547011535167105,-0.0797233643536288,-0.0802286225863216,-0.11578930618513575,-0.11327501888716801,-0.09073039262949367,-0.09853813777296219,-0.03267647011955208,-0.07016693730583634,-0.11125670898615662,-0.04894435687495825,-0.016952842642444954,0.009477270294468623,0.13819495277078064,0.09231890160154974,0.10312714593441812,0.06853736823730731,0.06859690212984339,0.08721057502853566,0.13594920592759038,0.11145277721438163,0.10708454809738419,0.07100246469987939,0.08229698458521496,0.04984864862061462,0.0319050320922427,0.04953475461223571,0.07819213905724727,0.11404762774229223,0.25768764510729253,0.3740657074156776,0.24867836570892568,1.0,0.8071520020593772,0.8248173554570082,0.6325055577439797,0.6001953682270365,0.008850061352198731,0.048739952539398376,0.018390868145161277,0.04985388619744777,0.09706582480654584,0.08063373985427709,-0.010460429393922445,0.08924747526579387
C7 GM right intermediate zone,0.05109099596742836,0.005828788531815787,-0.016157569928122933,0.03132327202437929,-0.0791688625254244,-0.027178697080632853,-0.045721927916489574,-0.028270045314030625,-0.038000260426732456,0.007496192040270861,0.07555466894540841,0.013261828093498873,0.0884686525260497,-0.013672953184297577,0.022460471162572597,-0.004080729887487139,0.029346208530350745,0.007775343309847584,-0.007298843800638222,-0.09428033102695017,0.00863442290494006,-0.01656242273903382,-0.050652074187499535,0.03056557328315151,0.029386092802797418,0.027787714052143343,-0.0071896128748321075,-0.017868795174593197,-0.00031579240406973754,0.07120650131221372,0.03392207489904502,0.021944098496854872,0.025449824829773527,-0.021711445866943267,0.05149966097432792,-0.05472475938607827,-0.028021321158886885,-0.027281122587459593,-0.04405788671183318,0.004732480865172694,0.021454598557820715,0.08849197654810176,0.06637199320359181,0.007645969048200079,-0.025281474480125146,0.08342055204829148,-0.05378897743847772,0.0030371088207653916,-0.012170827620376428,-0.0818043851461323,0.01994452483840469,0.07989071088470094,-0.15149857860256535,-0.005924384450078909,0.010903259306343381,-0.025250435622050895,-0.040647432902732324,-0.1002670453236062,0.0014064196573022676,0.0390181703766129,0.06405021224860523,-0.017592482511524357,-0.12729160561858707,-0.09452624766388694,-0.12514952240734614,-0.05340484996045583,-0.07427795411023642,-0.08494125777306152,-0.10944756068124521,-0.11980358960746938,-0.11184314450051275,-0.09151479231498073,-0.024511853814354084,-0.10863872994500985,-0.11691621869307886,-0.06424596833871675,-0.01635152335436687,-0.0018552483639153348,0.05776835941868935,0.016411570181001492,0.03372274373106327,0.009275438527527186,-0.014338437447821173,0.00865862851462718,0.050301323243284526,0.020671135302504962,0.02972458353123622,0.021527164247737256,0.02334573810353256,0.009025108298430926,0.0058657882433207995,0.030182388455700673,0.025197315065165198,0.07671789743674656,0.2864863393083296,0.6167721166590749,0.3161307452662013,0.8071520020593772,1.0,0.8265686734444084,0.6012826960698576,0.7559772587155953,0.0993601329950216,0.13974730906681176,0.12554936710897724,-0.0019135611483487211,0.10657387824197496,0.06655795038946666,0.03928008074311457,0.15341220629006697
C7 GM right ventral horn,0.03594257720122562,0.015640046989154444,-0.02277128772241588,0.026275284602636107,-0.07121441997950174,-0.01837166691597766,-0.017713447528670847,-0.02650361121140456,-0.02230806002354693,0.0036436512508485445,0.06811927655292477,0.03070817670946125,0.053240318318644626,-0.040963002060317326,0.00930395137808143,-0.021814359655007075,0.02102861889948136,0.032026565867160475,-0.010614278787855272,-0.09260390019320915,-0.001353651426814269,-0.03882254288320952,-0.06804893276383456,0.012987403963967787,0.004075420888896942,0.012608795391499283,-0.027052651683453024,-0.036715563818572945,-0.034088385366611094,0.02579006117069858,0.02392041198787633,0.009242698151747216,0.027374074542176375,-0.022002161742054018,0.03939001531453216,-0.04715936135450104,-0.04317908910496008,-0.02230465215943687,-0.01812653277478757,0.0068083580123784095,0.010491472504395683,0.0695520556589078,0.06496709895640994,0.01453776854064579,-0.038487151595283944,0.06954499556099103,-0.06447803941910525,-0.0005140407988221831,0.0038587484660240617,-0.08401674451918989,0.022856013935554594,0.06060394490877471,-0.1183693629691839,-0.008046409319869337,0.005173596793034045,-0.02330259341429222,-0.0327590111726914,-0.05548040550850433,-0.027124349110273213,0.015914154738856427,0.03893686444462297,-0.045048605157730744,-0.10420722441787648,-0.07566498727923557,-0.09319287930154276,-0.08456663983866432,-0.0662523665091342,-0.055265820054333295,-0.08350140098062585,-0.0841602871784282,-0.05273813898254387,-0.056896242138625416,-0.004640652526531034,-0.08638784821805212,-0.10964479779085558,-0.0588706977970638,0.018986745900239375,0.007451864119313013,0.06679570586673284,0.0445692223020168,0.0559759281571433,0.015523639255130294,0.01664622427208055,0.011138330618578543,0.07742580054060505,0.04415368760972444,0.08004104372259035,0.0481122015001114,0.046348388076467954,-0.015927790547240018,0.001284478045049654,0.007500538264061528,0.04880071205114753,0.09233442604545304,0.2302023925954013,0.3946215955833439,0.2579680119677718,0.8248173554570082,0.8265686734444084,1.0,0.5855909728708825,0.7532540584334443,0.04292011761332814,0.08206023718163721,0.07664117644519455,0.017892623101433525,0.06471349520813495,0.10082266455008274,0.013541381565483509,0.14275922185303477
C7 WM ascending,0.03919702801426158,0.011956496687428009,0.007690613071197438,0.002500884324161704,-0.06032044085423537,0.04433645295070747,0.0008333584698621123,0.004862943514727582,-0.02596689913785601,0.02681358500363626,0.0739399649529421,0.04506962065711385,0.07906904826722407,-0.0025438392965934946,0.027538959689871117,0.015309167655983086,0.032400066636785865,0.026850865368245352,0.00852002489340148,-0.058528884318289856,0.012378807246674922,0.019177634554865475,0.05280407044496281,0.06646092517298309,0.04906745710605507,0.062246888692108635,0.023620007681021526,-0.00657694025820437,0.003170460687314352,0.12481607056001101,-0.0113350773813699,-0.017154836870403915,-0.03725117756920726,0.006768071420814005,0.021750069693016183,-0.011854054157724508,-0.03132069573664039,0.01826075565659798,0.008900223204582813,0.019140057824408845,0.03623143793619761,0.09512809124178699,0.09411044417915324,0.06094318261259117,-0.028196651533897065,0.08718238062563552,-0.02603577645541689,0.01539534907218733,0.042535556392879925,-0.04260864134174077,0.02462460168844138,0.10601137172481116,-0.12410293622332425,0.024328299332920567,-0.004641984529218564,-0.03781658256524062,-0.07127634703096562,-0.11516561952778293,0.05189467784867486,0.08495010521108681,0.13226161066340858,-0.02221376709115144,-0.0400205011206585,-0.039458069492515416,-0.07352575728468601,-0.006615936757663428,-0.00905392069556389,-0.034694718625938065,-0.00891984799399519,-0.05131530769651808,-0.006384198245359793,0.016738198221772478,0.0688869450538043,-0.012922093125142831,-0.012988750810537074,0.049810067921812175,0.0927332040094615,0.12395598811214799,0.13484453715736136,0.09313206822966567,0.046894205620219134,0.17461038489133923,0.12355742782193956,0.1516140191700789,0.13010689724099103,0.1043144074555487,0.09888389210113019,0.0818911563963504,0.10571676188549776,0.1160910452662428,0.08261943598413346,0.10564160686080422,0.15839229095869217,0.1826150838177064,0.5898907093378619,0.5865282647775671,0.5776502839670219,0.6325055577439797,0.6012826960698576,0.5855909728708825,1.0,0.6933221460703718,0.08440334812483019,0.12120264083033988,0.10501428755580246,-0.051884859446116,0.08956019090240774,0.033838672990321714,0.09661414313327409,0.14043340389084863
C7 WM descending,0.06524555633389066,0.017467724623315577,-0.020885864588042355,0.019096863116952977,-0.06974004094879042,-0.04749590982176262,-0.05419803464121258,-0.03841137773465049,-0.04554095415376658,-0.02588864275987064,0.06336210933749228,-0.0014643760016022885,0.051205513002560994,-0.0591260335027903,-0.026175129304964316,-0.047518256390375255,-0.011436959994422931,0.02977457285856931,-0.030398376930178005,-0.09772452539605475,-0.03078519428785922,-0.03630111144703556,0.009050519600081346,0.015519677915012187,-0.00035721480942006793,0.009960075670093597,-0.024682712824913012,-0.04103605764176131,-0.0508955038693876,0.054925532385221236,0.054722158449636835,-0.007665585206573494,0.030854173128790432,-0.03717098194869703,0.02575352586817862,-0.04258761837687703,-0.031134829670586932,-0.03479206631687169,0.005396527756163149,-0.012433000556657326,0.010281579312687101,0.06581571060305909,0.05061867373259129,0.017532009301139313,-0.07509403317333983,0.06273799680039074,-0.09361816003044418,-0.0432130906866617,-0.053030518394926146,-0.10831739463215663,-0.021237989659630117,0.06077684792071277,-0.14649171075950204,-0.027655889697399655,-0.04750321896217502,-0.05964054132827734,-0.06859637245105825,-0.08145406719019271,-0.018636856560503505,0.02398865681552164,0.07398975382094339,-0.05323101347437135,-0.07312556322325148,-0.038272595649057,-0.06770383869176895,-0.03956056610530505,-0.031755144524945295,-0.04565211351484333,-0.05521505636667432,-0.08692008944424555,-0.04154478777794501,-0.023605016862436788,0.013643879033810286,-0.05820103781238414,-0.053658725910022166,0.005279240330253288,0.05021239477365983,0.06063797113629288,0.06114743206309375,0.039810437959368034,0.024338568192844894,0.08021444708980842,0.03456238412095958,0.03910500591555861,0.08685892412943878,0.019221487838264908,0.09158410916845947,0.08632731500716055,0.09518453141461625,0.039621025095152675,0.030604926268585696,0.037732229850613266,0.11348695964273676,0.1380837318505987,0.4715108515553542,0.7298251682348218,0.6676656722929689,0.6001953682270365,0.7559772587155953,0.7532540584334443,0.6933221460703718,1.0,0.1278847455557613,0.14821712923925082,0.20914057597251176,0.012996613690161725,0.06808683277641832,0.10373497120837682,0.1087153772102941,0.21419549842483782
C8 GM left dorsal horn,-0.006406827902631972,0.017089881912808122,0.009956801803479997,0.05937261660476516,0.021110282224281244,0.08915555882846585,0.03446625211020225,0.06689090278611172,-0.04564378922937909,0.018201754136020012,0.05255058302037504,0.009906234806916804,0.17880276005924622,0.1265099211222332,0.10817980044651591,0.021611283669813804,0.0424633020108562,-0.005106497996170251,0.11577687099182951,0.04916805666505645,0.06980850000469319,0.12415559309971565,0.12208445362274055,0.09046961413296388,0.08277672210321563,0.07635935882981261,0.10931884107266052,0.07254475136112301,0.11659728637940629,0.16271614375281895,-0.02856010892427202,0.0061507729586276795,-0.12237641365918643,-0.05324152273666942,-0.0054408822028092505,-0.07034892665341841,0.027683551619604684,0.05509611982917501,0.026636231629386654,-0.031654623841977106,0.08540162396112305,0.08574239241605597,0.13254472753015925,-0.02674962638401458,0.08069507126005852,0.04847573706845932,0.0264324641976882,0.07998489013157617,0.01726039497297198,0.032333820825989554,0.056004589251057536,0.047610953949017994,-0.020034469435268296,0.039597456273084655,0.0314503091599024,-0.010190458810302646,-0.06453629899621538,-0.11386859175414396,0.13771224161175502,0.05419441740220563,0.12201902169936152,0.02307065464717809,0.07664818606910312,0.05025360111032412,0.02537971503154395,-0.01913752384612019,-0.07269418145616839,-0.13602364407900144,-0.012035701542117106,-0.06990825998017709,0.04795643346490687,0.05060283077712519,0.05543700282506189,-0.157471287342645,-0.09111040580068298,-0.018735705675852886,0.034871556515699884,0.046222360941098634,0.18358361860185057,0.26608836402500163,0.24711819539545654,0.11640436978693072,0.1968124583362521,0.14079252595688396,0.16662434544808516,0.23811048307382124,0.092506034518153,0.10109936456262976,0.08824837154378491,0.1777995596084176,0.14408887669878145,0.14597981569077678,0.19915225980635404,0.11003163032335295,0.14241459805578263,0.15319287627054365,0.11196882488351821,0.008850061352198731,0.0993601329950216,0.04292011761332814,0.08440334812483019,0.1278847455557613,1.0,0.6753730894176105,0.7743187085529127,0.1044354628154828,0.1252046367893445,0.07680048784847644,0.5673774807696963,0.3823561322646312
C8 GM left intermediate zone,0.06611485886282457,-0.009995345713585213,-0.022136005490614757,-0.0033956270726094974,-0.049696904453405404,0.018665318997822342,-0.022285011343413635,-0.023781660222257434,-0.11607238496402068,-0.0506648193358112,0.03043292543229801,-0.048696823025153366,0.060771370910651594,0.02249363780373762,0.018396558441780366,0.026992381356295836,-0.003888503053316517,-0.04759334180497173,0.004940984720275343,-0.01822383842881327,-0.0032606052996148505,0.030601238254634556,-0.026532373727538423,0.03206842501194003,0.05942053372710111,0.03335374430487108,0.0177126265756064,0.05035920723009643,0.052112558276751555,0.10144812067778974,-0.03630513752669947,0.05339361003063225,-0.0545700050601596,0.0028187661669114403,-0.017872918689323933,-0.03724385749359321,-0.0743828121118663,0.008355494463137561,-0.03808260847905845,-0.0709903369917867,-0.0011053919809661558,0.07219892458366986,0.05758415365224912,-0.02670098491452568,0.011920482102113897,-0.00660695666341913,-0.02824470651300158,0.001444803365663632,-0.05652145659318206,-0.02454559250211029,0.016681795086988437,0.02193206282256472,-0.10540160038954306,0.024502175428276915,0.005428830144650015,-0.03499940880482388,-0.08335852429015941,-0.19537715082000096,0.06242193630781806,0.009672320754318228,0.04855062739863208,0.008829718705630086,0.013571570240653157,-0.0003592586136352734,-0.03688664048427339,-0.07844768898465414,-0.06558555654960677,-0.10971688717697135,-0.07520520451103115,-0.04264275767636062,-0.02055376948947281,-0.05431831108793905,-0.05041981404837991,-0.18978229280017828,-0.12481701861411346,-0.04275950421251053,-0.07485755175167219,-0.010844119043584908,0.10032886334468802,0.1878610250426157,0.1396508484709446,0.10773678443095175,0.1775758538557364,0.11440479018932476,0.1036106743467186,0.16287096250188587,0.09254595610391368,0.13068948600822847,0.11088671287190684,0.15068940135069347,0.1757846006486322,0.13965223786066353,0.18271867775614223,0.1477997740482837,0.06739151775023015,0.1615545878763078,0.07979417165512666,0.048739952539398376,0.13974730906681176,0.08206023718163721,0.12120264083033988,0.14821712923925082,0.6753730894176105,1.0,0.7818295919220295,0.1538004939556264,0.47476520470386513,0.27889993726328804,0.6165060940321551,0.6530517029091634
C8 GM left ventral horn,0.04537229848194748,0.01550183537419259,-0.018878819591965593,0.03203354968248666,-0.02393720270520006,0.0076599144242573865,-0.03315546416330367,-0.018631170499461912,-0.12668173434591204,-0.057744739177844166,-0.0012585157197841804,-0.07200388389999329,0.032093849965459546,0.013629307746005943,-0.020235697294504064,-0.021076478880877665,-0.026948233960822354,-0.06134854791959819,-0.003152431029493458,-0.02856176248503375,-0.05368167437619132,0.029781589393242158,0.007216947099935074,0.010106837835928782,0.0451082367368248,0.028195059873972635,0.03244130050496565,0.02838554795444546,0.0391827124413736,0.08925133527519756,-0.005778415750036781,0.029289258331716063,-0.10306196419568216,-0.05322962027933132,-0.015005680107803697,-0.05419202189886852,-0.03554782697048106,-0.010451950248223114,-0.015393607625198017,-0.09202531285932396,-0.004660032351000578,0.024502577384583543,0.04967008585990137,-0.048789949702857126,-0.022988817935157117,-0.01630883992277143,-0.05015441419187458,-0.004763949881541584,-0.0629150379010931,-0.028432092919001648,-0.01339285684233951,-0.00904776571011103,-0.0829316711992888,-0.01078391999737973,-0.021430036895929577,-0.0633700981839897,-0.10654198299807884,-0.17422002714907187,0.05135456728969783,-0.0053999679919727395,0.04662522420210706,-0.019386291799076208,0.03871412063958455,0.024039111919756037,-8.54703663600658e-06,-0.013655718616764227,-0.03690384714952197,-0.06139694869856273,-0.0039335904757530704,-0.022508731101612202,-0.044040208696756414,-0.05330145607009335,-0.03969479973212856,-0.1874732671926341,-0.1337167801303756,-0.06636206551030668,-0.06557968909846128,-0.018342664633168474,0.08236630361264849,0.1441838501838226,0.11335410403844533,0.061307082248477286,0.10767550027266015,0.042865403467028634,0.0696877640852082,0.10432814493036874,0.08227680061556222,0.11512563617665192,0.11051642748661814,0.14697076225284567,0.11712498764884256,0.09495764620535083,0.18979390435125335,0.1086968260979604,0.10098712077458678,0.1924899844645754,0.18434227800137856,0.018390868145161277,0.12554936710897724,0.07664117644519455,0.10501428755580246,0.20914057597251176,0.7743187085529127,0.7818295919220295,1.0,0.0905287722223892,0.21830195695675678,0.18067715045484717,0.6275059056509084,0.6422639777369743
C8 GM right dorsal horn,0.08106261712791535,0.04253438232527142,0.0762201327110241,0.12979903396480857,0.017543868402587256,0.07750070821895179,0.11175987027804934,0.08709339473573549,-0.02873777910045918,0.06596721069854995,0.08122052989563251,0.07074024849209602,0.05767889520208656,0.08485245182084329,0.07307263970624032,0.10579930747541966,0.09102613696259676,0.10187005521399335,0.06328176934381267,0.10390834916035778,0.06288451793942752,0.10711748186157731,0.11659091972763094,0.10466722872864767,0.15070308047212858,0.13330556071589703,0.09787979855735336,0.06210039394588454,0.09644294278575909,0.1272248662020142,0.00996485229898098,0.16121825539227896,0.08454115011655763,0.14781389083640809,0.07864716983181357,0.18923985686527237,0.06092875783704796,0.10858383328338372,0.11101227236501328,0.07641888869916678,0.0832376073681785,0.18323112710751174,0.13218632792712778,0.061219482286762154,0.08486732988511307,0.08080814473447377,0.05518416614804822,0.08863226648451543,0.04974414692624567,0.07134660433842355,0.07439338837996604,0.10454825113026331,0.019474097009313653,0.11766966046454828,0.05800350078692504,0.03376499841849945,-0.04374616207113121,-0.03435883388729377,0.15075974582229915,0.1360096999327654,0.12742858751846137,0.08606147900035667,-0.02466948583156155,-0.05704509651948378,-0.0005768700697221918,-0.015378483170282087,-0.08210940945319548,-0.07394539507620335,-0.060306051774033906,-0.023853471017231145,0.04381778731580815,0.041090343267985344,0.053274917605572646,-0.08250814218082198,-0.024442009699037162,0.009981213477915198,0.07388383024497283,0.03831400755139822,0.12313230017571675,0.19081006408701923,0.22951177945715542,0.11802125958775082,0.13562269735594745,0.10854908853775821,0.20701164423206558,0.20786487328736025,0.08826204752627358,0.11966709762443863,0.09586715959193562,0.01526517985607743,0.03001813582364106,0.0037595570212002284,0.05688947190670193,0.09469384094330074,-0.04733619610040299,-0.03108974116002283,0.004943653405736578,0.04985388619744777,-0.0019135611483487211,0.017892623101433525,-0.051884859446116,0.012996613690161725,0.1044354628154828,0.1538004939556264,0.0905287722223892,1.0,0.5972263704775216,0.6948100374754781,0.5401426639615834,0.3222764995794771
C8 GM right intermediate zone,0.0836564895963018,-0.0029934868508933923,0.044806820195638135,0.0446300006490143,-0.03486658530978265,0.005419159540480994,0.005995709731946803,0.028431130843694797,-0.0770160196164222,0.005610139921112738,0.07829352106619052,0.051435645929860656,0.020191212555217913,0.02610801379969408,0.038340770924882604,0.11061997867179191,0.06372643519490263,0.07813848667251794,0.014616141475757233,0.05345658275827676,0.03886462151178278,0.05598198535854064,0.03664375908285872,0.07142566798738083,0.11668391580204991,0.09315548362488317,0.06830638714290986,0.06155765890601521,0.07560744839064529,0.10262260794975533,-0.02606670491077554,0.11546949135108849,0.09549786575462238,0.1417193477414367,0.07589752884708349,0.14213876149145682,-0.01056569016665408,0.05319113185581083,0.05140854248537187,0.009386792429642937,0.04784993649231179,0.11530260760692904,0.060880839870292434,0.0572979716776672,0.03169999225603568,0.019787479656419693,0.024751094426231746,0.03777833438309735,-0.015990771743436754,0.020411255168703433,0.04072051341971692,0.07617743080076055,-0.050539222409514015,0.09709315752043586,0.05284889040442217,0.022048456405310033,-0.012889160171786441,-0.0767953238358124,0.0978744536701986,0.08450555068606343,0.059807377171781785,0.05100045527756394,0.0213192913468702,-0.007977984234239408,0.008448120147182199,-0.0011843475746426571,-0.028105087814138036,-0.022514648897243885,-0.020477412516454838,0.051612810704406216,0.011798551813730147,-0.032857608436686184,-0.009146490950741007,-0.07377224714430088,-0.03976220044619745,0.010566481143085078,0.02561769801922815,0.023298147197708997,0.09466125709932335,0.12578451181334716,0.13771946200224428,0.07116031609369057,0.09076881613434727,0.10034259087731302,0.13616730176172817,0.1518056271111158,0.07144153347804079,0.07327883767802634,0.06100886291186919,0.035120440587618956,0.0265811631129576,0.03410822243485744,0.06704032904815596,0.09469204065264,0.002372507968970082,0.032397209643786395,0.031062080030501944,0.09706582480654584,0.10657387824197496,0.06471349520813495,0.08956019090240774,0.06808683277641832,0.1252046367893445,0.47476520470386513,0.21830195695675678,0.5972263704775216,1.0,0.8154780383249736,0.5388749741994553,0.6080790232246108
C8 GM right ventral horn,0.1288322404641511,0.04726644001028334,0.08915007813023357,0.1028250976766095,-0.011552357418880417,0.014834038566357809,0.036250002305071305,0.05926524895310517,-0.056235607389361,0.04565967435604754,0.08253693335692827,0.08389585514033739,0.03972021694040986,0.034941557977500516,0.05342923601351387,0.13383410638595572,0.08987654921428638,0.10271846766377983,0.02855952887172226,0.06239988936958848,0.04781540668821105,0.07664954936348785,0.07702421728262629,0.09009120671985216,0.15715972176869075,0.13646149934981316,0.101107635503333,0.07606876371063138,0.08748657151365438,0.13238745748585096,0.03936737899121093,0.12220810047069504,0.12433900522857486,0.15741917215537676,0.1230126890571371,0.1715643486401708,0.03205297711393081,0.06717957627179091,0.09320465498928378,0.0406707134508054,0.06762222507490587,0.14788546263592894,0.10464838805701976,0.05792845946284873,0.023622363739929222,0.08285003979399705,0.02404950372607322,0.07364005386147612,0.02612236597354278,0.04269285156938116,0.0693591131964365,0.098961260577461,-0.008700904658635017,0.12127526732285465,0.06985031683006847,0.03579391343753717,-0.01614931562458109,-0.0630028236724615,0.1414027525429345,0.131233895676066,0.11368219287692537,0.09125987731834426,-0.00987465986532423,-0.029232433580866184,0.009007417703692898,-0.02943714457904831,-0.04923178037510198,-0.024637870075023747,-0.029503581239760063,0.027081095002422468,-0.006362170816410346,-0.0611618590043693,-0.0365249082152174,-0.08904760647872768,-0.0664215509170635,-0.016627785346508023,0.03327477326828985,-0.03019203826115743,0.07587554501832042,0.10076100696285473,0.13031043451852575,0.052730697976729364,0.05163583447313241,0.05967385633400736,0.15230327983779648,0.11988756613483047,0.040293655441412043,0.028352724821330957,0.03300870215732522,-0.018894950221741733,-0.05041856771477576,-0.020788010713927198,0.053300298419883506,0.04826215434577828,0.015899335521770863,0.002226434178730374,0.06334041959296668,0.08063373985427709,0.06655795038946666,0.10082266455008274,0.033838672990321714,0.10373497120837682,0.07680048784847644,0.27889993726328804,0.18067715045484717,0.6948100374754781,0.8154780383249736,1.0,0.5493517566099475,0.6429164441803702
C8 WM ascending,0.10637122280129178,-0.0020281825642942458,0.03218952755331202,0.02312172814895515,-0.06858916049814819,0.017347719452776845,0.002245131169444047,0.0059484902126371525,-0.13022368904757148,-0.012618020888699814,0.04834773151570476,-0.006450366598971483,0.04906320683616399,0.04530853612504106,0.04359621720600986,0.10691056032644485,0.05392824981050269,0.03381651603227208,0.03137186783179579,0.06181991936358614,-0.007997213589496727,0.08916432256921424,0.049546115161741434,0.07118407095131835,0.15734471759443822,0.12024513363687339,0.07706850313063167,0.08629487599941657,0.11019666317821135,0.160631491175896,0.0473759888037313,0.11522654193470476,0.023814917100190063,0.08781592050144583,0.03590483919104584,0.05721042737497262,-5.522936810780774e-06,0.034689351026402526,0.021548498428692598,-0.04283616420232454,0.01260999170333679,0.13616506676388454,0.10113020185829413,0.018429289090064135,0.030969529101003455,0.04647982160809046,-0.015291515581709783,0.024408605625388345,-0.008972986204439148,0.03203760035915746,0.028139195781912475,0.08027780168935085,-0.07448293009070867,0.0906684630375465,0.027157199051736622,-0.015588534294288551,-0.08001712321539864,-0.17643710061306048,0.16276620243865159,0.0761494194208548,0.09675658999205175,0.07793817616314336,0.02087967327461172,-0.031859258932601234,-0.00028664093925262143,-0.057934816893785226,-0.07437640437673713,-0.06647625945057774,-0.024038860694085493,-0.010183908158984782,0.02521899123015549,-0.0005667735603398619,0.023199463291586897,-0.16520952943715625,-0.09983509462520425,-0.03308365032482384,0.006638277019539422,0.016257900219759668,0.17027560031001343,0.2416860197261435,0.2557078141120839,0.10096368134573239,0.14386220423940735,0.10717534953085328,0.18114202375884927,0.21926928491612954,0.08599565541480084,0.09834743430102136,0.10912549021460707,0.08570702823776301,0.06018047918297041,0.06885343449992855,0.14619802580006294,0.1089576858342043,0.06565040321033855,0.09682555711798455,0.08968838662740063,-0.010460429393922445,0.03928008074311457,0.013541381565483509,0.09661414313327409,0.1087153772102941,0.5673774807696963,0.6165060940321551,0.6275059056509084,0.5401426639615834,0.5388749741994553,0.5493517566099475,1.0,0.6884214948076475
C8 WM descending,0.1289794824894165,-0.03281942119323761,-0.024296829183972583,-0.009874291773624921,-0.148172283624041,-0.08156965684249451,-0.11857780791725178,-0.09769212014359513,-0.21015147416721863,-0.10905874165127706,-0.019983281640184532,-0.10641824016312489,-0.05537506498395999,-0.07511931262510925,-0.07871576407615741,0.03709741274550764,-0.03748966898934111,-0.04914740412105673,-0.07916448267998663,-0.09209930294398724,-0.10736990177167027,-0.03440764072563756,-0.0918965762876914,-0.03308317389770596,0.09706108456183095,0.04411104686948911,0.0035712775763453155,0.011064729200817304,0.016973553716714447,0.08472289445452641,0.03640757409847554,0.0936796416937491,0.03381756719137372,0.055953942994926696,0.04243219243224057,0.04086700021188676,-0.08984980032723325,-0.06654820764354522,-0.05940838900658853,-0.13365238165450946,-0.07909348426149515,0.05222205318348229,0.008215640187958168,-0.05217695618295088,-0.09167065269927671,-0.036629985606142196,-0.11723018622059556,-0.058093289399660505,-0.11457107962638831,-0.07961418636294691,-0.05025314611116674,-0.0022517597533089043,-0.16055563639014556,0.030795259071192932,-0.04989673899662433,-0.08560495051743026,-0.11751123682191912,-0.20059274045928766,0.05073866598484364,0.004683609376974467,0.017439761736977012,0.021479714137957507,0.024081161138241713,0.011646328326167198,0.02204167600818333,-0.021763168963707873,-0.013258404054998443,-0.0024898309750344813,0.0036261163871653458,0.05170211990146777,-0.03923154219215893,-0.08979066259227603,-0.06980382943309847,-0.17619806602026852,-0.13337076435702852,-0.07865193365776874,-0.052125572875595744,-0.05393793194287736,0.020148051929471944,0.0727710932511436,0.0803271764545441,0.01092250808854665,0.028499457453292472,0.020763025803132117,0.05459854480751381,0.06472991386903466,0.03282535366871416,0.051369109101374426,0.06335073285168975,0.05499773505047564,0.040584819834653015,0.05946196648237512,0.1105834544851224,0.08892537591640144,0.10288250566808378,0.1412675653604553,0.13570568671746375,0.08924747526579387,0.15341220629006697,0.14275922185303477,0.14043340389084863,0.21419549842483782,0.3823561322646312,0.6530517029091634,0.6422639777369743,0.3222764995794771,0.6080790232246108,0.6429164441803702,0.6884214948076475,1.0
