,7Networks_LH_SomMot_8,7Networks_LH_SomMot_9,7Networks_LH_SomMot_10,7Networks_LH_SomMot_11,7Networks_LH_SomMot_12,7Networks_LH_SomMot_13,7Networks_LH_SomMot_14,7Networks_LH_SomMot_15,7Networks_LH_SomMot_16,7Networks_LH_SomMot_17,7Networks_LH_SomMot_18,7Networks_LH_SomMot_19,7Networks_LH_SomMot_20,7Networks_LH_SomMot_21,7Networks_LH_SomMot_22,7Networks_LH_SomMot_23,7Networks_LH_SomMot_24,7Networks_LH_SomMot_25,7Networks_LH_SomMot_26,7Networks_LH_SomMot_27,7Networks_LH_SomMot_28,7Networks_LH_SomMot_29,7Networks_LH_SomMot_30,7Networks_LH_SomMot_31,7Networks_LH_SomMot_32,7Networks_LH_SomMot_33,7Networks_LH_SomMot_34,7Networks_LH_SomMot_35,7Networks_LH_SomMot_36,7Networks_LH_SomMot_37,7Networks_RH_SomMot_9,7Networks_RH_SomMot_10,7Networks_RH_SomMot_11,7Networks_RH_SomMot_12,7Networks_RH_SomMot_13,7Networks_RH_SomMot_14,7Networks_RH_SomMot_15,7Networks_RH_SomMot_16,7Networks_RH_SomMot_17,7Networks_RH_SomMot_18,7Networks_RH_SomMot_19,7Networks_RH_SomMot_20,7Networks_RH_SomMot_21,7Networks_RH_SomMot_22,7Networks_RH_SomMot_23,7Networks_RH_SomMot_24,7Networks_RH_SomMot_25,7Networks_RH_SomMot_26,7Networks_RH_SomMot_27,7Networks_RH_SomMot_28,7Networks_RH_SomMot_29,7Networks_RH_SomMot_30,7Networks_RH_SomMot_31,7Networks_RH_SomMot_32,7Networks_RH_SomMot_33,7Networks_RH_SomMot_34,7Networks_RH_SomMot_35,7Networks_RH_SomMot_36,7Networks_RH_SomMot_37,7Networks_RH_SomMot_38,7Networks_RH_SomMot_39,7Networks_RH_SomMot_40,C3 GM left dorsal horn,C3 GM left intermediate zone,C3 GM left ventral horn,C3 GM right dorsal horn,C3 GM right intermediate zone,C3 GM right ventral horn,C3 WM ascending,C3 WM descending,C4 GM left dorsal horn,C4 GM left intermediate zone,C4 GM left ventral horn,C4 GM right dorsal horn,C4 GM right intermediate zone,C4 GM right ventral horn,C4 WM ascending,C4 WM descending,C5 GM left dorsal horn,C5 GM left intermediate zone,C5 GM left ventral horn,C5 GM right dorsal horn,C5 GM right intermediate zone,C5 GM right ventral horn,C5 WM ascending,C5 WM descending,C6 GM left dorsal horn,C6 GM left intermediate zone,C6 GM left ventral horn,C6 GM right dorsal horn,C6 GM right intermediate zone,C6 GM right ventral horn,C6 WM ascending,C6 WM descending,C7 GM left dorsal horn,C7 GM left intermediate zone,C7 GM left ventral horn,C7 GM right dorsal horn,C7 GM right intermediate zone,C7 GM right ventral horn,C7 WM ascending,C7 WM descending,C8 GM left dorsal horn,C8 GM left intermediate zone,C8 GM left ventral horn,C8 GM right dorsal horn,C8 GM right intermediate zone,C8 GM right ventral horn,C8 WM ascending,C8 WM descending
7Networks_LH_SomMot_8,1.0,0.7683132108612225,0.7411468196436698,0.7311753726371343,0.5058213514221415,0.2293194837984193,0.34509476792371435,0.40174193461338864,0.39073938771927885,0.44063055249748884,0.44304156503135433,0.2747435369391935,0.4115740584744769,0.47005404258203587,0.36915008479443684,0.4202375244314063,0.4534584872574253,0.5075877442392044,0.3198963544503486,0.5524188116562421,0.33613555840158005,0.39668288666115115,0.2839047871919586,0.41287175791074404,0.4967236890112751,0.4664008525999423,0.40793045416843,0.5660517394762453,0.475003060252906,0.40753388435027615,0.32154837795609914,0.5695216984312832,0.39395700089554714,0.6651621932301085,0.4232381815411961,0.6636497993268349,0.29207293904249826,0.44387611333661103,0.1759109364075285,0.367320589122297,0.44688798073374314,0.38041081160834006,0.42930794815997697,0.5389834105734893,0.49884955333513814,0.5975874247597334,0.3459807061993818,0.531253987113158,0.5949153169673151,0.6410825782079221,0.5050416899670374,0.5356811301946323,0.5521770453944842,0.40498539298019015,0.44093687974815443,0.45241575715186133,0.5387629293116618,0.22023295412239355,0.10314876402184303,0.4696302620493262,0.30973893962313515,0.3290975594810034,0.028497882659098507,-0.03496683687732617,-0.06692992256226504,-0.058760268254836906,-0.06192437524804246,-0.07695750175633981,-0.012808190225711924,-0.09217166165868404,0.027647868599424648,0.01752120907351564,-0.013283266043247324,-0.025677934427346834,-0.012234791193912572,-0.02321637755426711,0.0014745353756110274,-0.005304960191032965,0.04382022655849029,0.01622056404388585,0.04403363266448497,0.0008319854613246044,-0.00717556299414021,0.04843984732353278,0.058893887495660345,0.04079513366361656,-0.09335124219895924,-0.12480420449520367,-0.025864996898520665,-0.07936968371466975,-0.1317076656591214,-0.05082969886625041,-0.0852794015325479,-0.08230206518918526,0.07222825150374272,0.06885959808624102,0.030167205284017666,-0.06046139531459957,-0.08866539139967472,-0.1215847106199718,0.063192095116275,-0.021914123896239875,-0.05876835164146878,0.08335140755229245,0.0004909177522833417,0.01678881875804207,0.11782031798904732,0.05007124116799177,0.017099382962710904,0.030324743641076866
7Networks_LH_SomMot_9,0.7683132108612225,1.0,0.7184739418830018,0.8014416570868179,0.5790662257553898,0.28781522750669836,0.42627575370235093,0.49724075952351404,0.5000757682146,0.5522063933479175,0.46294291780916913,0.36366851538027223,0.5478375040353649,0.5831022358116349,0.42824597697843075,0.46509711687619504,0.5217833200762091,0.5818078284404312,0.423786485024699,0.6839253244436376,0.3783798807892716,0.46286953244176704,0.3619497162022749,0.45586610433394925,0.5396741695846372,0.4809385870338891,0.47013888487476585,0.6023717313977437,0.48666932661983237,0.4193880296715029,0.3767881727021833,0.5684131408948391,0.4564912863829876,0.7885878243451659,0.4693622148226697,0.7543577395154382,0.29553805450784615,0.5398573825984906,0.22976700474347792,0.4772876200929019,0.5024391078557114,0.4217269365587787,0.5522252153603107,0.6566879534897916,0.53629595569069,0.6352045581712809,0.34730941139844923,0.572233610788386,0.635185099231149,0.7146790401262695,0.458580397429362,0.540069771883573,0.6618453177328965,0.49044511110373995,0.4118773082514298,0.4642378209965416,0.6486837520243431,0.18518749675025806,0.09352367268856454,0.5903443274002697,0.31347685769229483,0.410875575247231,0.0985121733848119,-0.0046701584281043165,-0.040517558513703686,-0.0916733506292305,-0.07331631407326487,-0.0994053630069138,0.021748351150765205,-0.06766608232328755,0.06214439564210021,0.02002342201044178,-0.020123098616070787,0.0072840396509605485,0.00160275793857895,-0.007540999401396189,0.04163081459945051,0.004796140973508287,-0.0746639875790231,-0.0363769609727122,-0.0032306223724129475,-0.03807710882020106,-0.05226023839149828,-0.005150602073907944,-0.03804306136333404,-0.012086473080618231,-0.07961323311106387,-0.0969034278696573,-0.018039461721471552,-0.055164009640644954,-0.09947374262289645,-0.055425369239950784,-0.041792329795251465,-0.05500545935030622,0.02359656984009687,0.01103762421403327,-0.006138976932471771,-0.03919922094582226,-0.06699730571661054,-0.09136351186254354,0.06394821594599756,-0.04067456907466515,-0.10186075606238518,0.01088271327669508,-0.018869257462012155,-0.025001909763254285,0.028583448619030102,-0.02477412196902203,-0.030178328429635432,-0.036940462593460906
7Networks_LH_SomMot_10,0.7411468196436698,0.7184739418830018,1.0,0.6947750670573719,0.3796570592338536,0.10400192699787023,0.21164100415528975,0.27642119803519416,0.24158186924783318,0.34731667889269036,0.5279750077481882,0.2974091092428623,0.3430648551221343,0.4565983704212105,0.4368337453162327,0.5108228467745192,0.5143472459890956,0.4947528314864901,0.37847543536006667,0.5308231228766808,0.3872076359965428,0.3872413705218168,0.28568921928831315,0.40507180250794617,0.5206468145323481,0.4560093071986007,0.37379114681067255,0.5522915475058702,0.43598197533007604,0.3647094533345225,0.3347173755294911,0.6789509599264218,0.4278728329502664,0.6651314740787552,0.4317778596923376,0.5929930091532943,0.21125480820303913,0.35423912187859014,-0.015576303165247248,0.28360437716089276,0.32257050330604625,0.4375364606834876,0.3682895036971491,0.4889509231013761,0.5842175563358761,0.6258377686248217,0.3958797462334945,0.5775107706100481,0.6377541268101201,0.6134382746005528,0.5244899350455997,0.5621090178913509,0.5759143816186628,0.4731455691278676,0.43483391504123203,0.467601756983812,0.5690440445717347,0.17577195792800052,0.10924559120751091,0.47387893540006315,0.312982935829612,0.38044825265971793,0.08021735398893516,0.011463910508770079,-0.024914947668737412,0.00931017221874077,0.0018530725227098785,-0.0006144564979895017,0.07310452451041233,-0.015445257982720293,-0.007398050711705028,-0.029607898776453118,-0.049713079441412227,-0.03580602771797594,-0.02803936892990577,-0.018601367062892907,-0.027554632258384438,-0.025962566054488267,-0.017727582244939904,-0.05132745663669398,-0.012760449158568454,-0.0791705716970005,-0.09993828355531027,-0.030014714076598184,-0.019871998677388786,-0.042055060832208474,-0.09801218551400155,-0.13058194958900848,-0.06498146022362422,-0.08355996369189361,-0.12043935510886415,-0.05862066987529775,-0.06609505433268949,-0.0918324888698895,0.09857169564986536,0.08938254179660611,0.05178053361243686,-0.08017943537818269,-0.04921884015616052,-0.07283761314606331,0.06246446021036773,0.009854583803404421,-0.07431534499831291,0.01672695565975192,-0.030930967818405267,0.009790256467814293,0.08802566893045796,0.03479847877065491,-0.01631595268016817,-0.017163102961543462
7Networks_LH_SomMot_11,0.7311753726371343,0.8014416570868179,0.6947750670573719,1.0,0.522377893614798,0.271332356783348,0.41895588159226566,0.43496105229525944,0.49322368210079254,0.49247493976978646,0.38126933565222415,0.32601434326081696,0.4257695506336219,0.45060521668346587,0.31320997964232156,0.3837259891487768,0.3839584953575746,0.4868943831503848,0.36612375043051265,0.5393659461397332,0.2978702349157744,0.38533877042361075,0.23065891016206513,0.34115524029293426,0.43985587170893686,0.3345152379532452,0.32342536691231244,0.48023011423599127,0.3879791646485853,0.29035930807935123,0.30867674247744536,0.527212481502783,0.46598479644948454,0.6733270513560577,0.43210209983133274,0.7244620987672618,0.21029348409526763,0.48295219526022376,0.17141105771398454,0.41991174549725147,0.4476708792284342,0.2844145065205751,0.49246031280946334,0.6121804970606161,0.44310850301306437,0.4988890386669646,0.3941440005905313,0.5063019502105754,0.5627030911142944,0.6357104113431618,0.4559101772268674,0.4217368016805363,0.548496425282817,0.4204958247318124,0.3035618496663927,0.36919866842141563,0.5184864325971323,0.13424994031449658,0.14515745541804195,0.45372335992820384,0.17749645510161513,0.37052307585636196,0.08229547110989024,-0.00032106891650762867,-0.049506914005056725,-0.10654744041133907,-0.07737524575515115,-0.10940799091483004,-0.004016548744425712,-0.09557535305038166,0.1412999052984561,0.07858649368770457,0.03744231641772364,0.0313286236013705,0.03976951901863492,0.02045293934207045,0.09350762215133117,0.036261799643190686,-0.09696143980396241,-0.013227582816640191,0.010047875809255966,-0.03968318214411094,-0.02183318238771767,0.004930820597162739,-0.03662264644405549,0.009901803779556542,-0.11753170316777424,-0.10242247237076224,-0.0444547304555324,-0.06798268900639615,-0.0842472179506174,-0.04503560914233931,-0.03260443261628879,-0.04475855970863557,0.009287381938529111,0.018769802354946415,-0.016450798924581463,-0.08982658877100116,-0.07746879014530672,-0.1110379421792718,0.02745949558160196,-0.019090566066359175,-0.07736657447468658,0.022051914965763017,-0.032918719806532715,-0.009174381992253415,0.03427496972386686,-0.051209657540348806,-0.07862807814477499,-0.09774865108160793
7Networks_LH_SomMot_12,0.5058213514221415,0.5790662257553898,0.3796570592338536,0.522377893614798,1.0,0.5954486315372229,0.583100836244267,0.6510325831384334,0.5151941266168021,0.6131578534376929,0.43529325492639714,0.14160963513845404,0.5254771135372397,0.5171093972557378,0.462454025346931,0.3660757598334092,0.4282253089070418,0.3864156815789935,0.4711592579445437,0.40545209722730624,0.40359300115468827,0.47936490817341537,0.4322148093325109,0.4897040279001171,0.40609447554216094,0.3878581877914815,0.43555957955952174,0.5105586238212636,0.41545917786692727,0.4259544763970318,0.41458430578441474,0.3001373682316142,0.36169205858553244,0.4402264556654402,0.4217157222920607,0.5066891735521174,0.286062601142041,0.6277668294156322,0.5577081626994262,0.514238928682887,0.6218747940686079,0.3581611672815651,0.4864364403852359,0.47176325772684874,0.3002931147552336,0.4868257044976568,0.2537844229741149,0.38369382879108965,0.44785112915880737,0.4790480267532508,0.3771966573643997,0.4461998211823042,0.47090611486652845,0.4183133837675042,0.3664300824613844,0.4360964864329152,0.40831606269342513,0.2991914939670836,0.16307021098665747,0.3645640312361555,0.20678516155253338,0.40356579646919355,0.048678274926879206,-0.008100047646525407,-0.03790505540698096,-0.09099305750223802,-0.0701053787725992,-0.08048906826212877,-0.02631999414393393,-0.08020925298740386,0.09771727675003,0.0583986232386384,0.0319322012256482,0.05904944945229383,0.049867313011310234,0.03929119604629509,0.09036660841530508,0.04720319913135447,-0.013350610345520925,-0.030645243620480298,0.007387966964369599,0.004724365935344544,-0.025433566976957738,-0.017871870715584756,-0.009743455740948839,-0.0018269928138271972,-0.07003721657645216,-0.04162809321165857,0.005870769237717779,0.022768715856633422,-0.014160533973735507,-0.0028318688627801338,0.023370046097125206,0.0010387178296724002,-0.03543523887023406,-0.0034291955436809816,0.023537550468496427,-0.022507302449708402,-0.026333563350444338,-0.013579326058079553,-0.005153958479458728,0.03716499238671163,-0.12638337158662535,-0.056401804645159356,-0.09377069435413819,0.005873552243197055,0.05079730177467028,-0.04122583652715918,-0.06955903332007088,-0.10987417232556247
7Networks_LH_SomMot_13,0.2293194837984193,0.28781522750669836,0.10400192699787023,0.271332356783348,0.5954486315372229,1.0,0.7191196203370209,0.6941072770041952,0.43900003936995463,0.6162934745400793,0.19088892524453668,0.12940863826778434,0.4548965122273113,0.29612755997564955,0.14738492567749795,0.20737028790095638,0.19489815127508828,0.07856333240069978,0.21160416635220589,0.1606234076331206,0.09771319925125259,0.24514594881319132,0.19836780170828955,0.17089084051030065,0.2354275325783079,0.19548295758440973,0.2275628587366617,0.19435065665786158,0.18565424639048325,0.20606773167853892,0.29459677713898996,0.06545236433269494,0.19622993372251643,0.1270996343350301,0.13378619587285923,0.3831635181141228,0.03983952649333102,0.6619930284093183,0.6952585258914695,0.5853586029235965,0.524504764477978,0.1679348749651478,0.42112227936616015,0.32669353599572326,0.07785607154362383,0.1410101144533927,-0.02998305303372395,0.11817990733050071,0.09099328109711734,0.1573948932883925,0.02368178951091611,0.18455131575011077,0.14876493087394993,0.21481406210840706,0.10858866757680483,0.13797615638867397,0.15537621613231714,0.14918257758744527,0.18944347195109146,0.19158827099939776,0.15716633660362397,0.170894265011101,-0.05514466174901321,-0.0821386313383622,-0.08814711659033582,-0.1832093704182043,-0.16872202939115358,-0.16396408041253865,-0.1459264521734433,-0.11885505961832965,0.1213252440420119,0.07437496321443482,0.06374804938478522,0.06667961839021054,0.05372074011536772,0.04447982807518209,0.08559802614519024,0.048827138806023,-0.04052594589944895,0.0037617505807532384,0.016093301840479385,-0.04406596732714235,-0.02681830496551925,-0.05210835848810495,-0.05667489968164485,-0.013127778624684594,-0.002498644408972429,0.04446569504728842,0.04939595094973235,0.07009495690924897,0.06583063263318017,0.047869741711581204,0.058208517674756724,0.07803270922137868,-0.043511189762560125,-0.08886171375469049,-0.027147384827148412,0.011745112164343416,-0.022740248247501767,0.0075832327827091385,-0.04527127078647842,-0.021593092752370074,-0.10078240156577421,-0.08309752345895581,-0.16712217933098938,0.03516667317656399,-0.02550277379565087,-0.0927620407308997,-0.07979822900047694,-0.14893870436163814
7Networks_LH_SomMot_14,0.34509476792371435,0.42627575370235093,0.21164100415528975,0.41895588159226566,0.583100836244267,0.7191196203370209,1.0,0.6716049505595361,0.6171598676462688,0.7675336248790803,0.26017198051216245,0.33214800065268607,0.5538130758524545,0.30381944084223284,0.18838724459973305,0.21416967065485448,0.25447649238141257,0.21401261786429507,0.24722406221473775,0.24183936028475317,0.12829101941450283,0.21654054287433375,0.15658706473718206,0.2318678110448323,0.22955241063956972,0.23060511277120163,0.23561853306257818,0.2742959581035098,0.17689583587272334,0.19466735765814064,0.360212193213303,0.1878976293297869,0.2856035615585367,0.30055164572846,0.13618150214955407,0.5578318102606996,0.020414703916563602,0.7884472903678684,0.5614502884748179,0.7103724546402519,0.5348898324358824,0.2019787442817474,0.559591525762103,0.5430883561219981,0.07515003336571834,0.24283857905011966,-0.010834696350690246,0.14527724107051895,0.14703786075343792,0.2668211235256395,0.08772895372246743,0.23731009794913244,0.1991076465921503,0.19338717383210108,0.12503915467721363,0.19170690807032176,0.24964630232072318,0.11128231548220276,0.06653923619148397,0.2603024077277061,0.10886556117087971,0.20742148337756072,-0.07031207558698563,-0.12246387309747694,-0.13847929226173325,-0.2367210439490555,-0.1965357867145326,-0.2010426795391525,-0.1502580996205417,-0.16495250019052182,0.1399563405616302,0.08115401197930304,0.06620340406238703,0.0861768304939906,0.06751909533423364,0.04774895138842941,0.12302754912476879,0.04448733278674671,-0.011064597863623248,0.07690009477183277,0.07064561032353203,0.03522721094026989,0.08139705552648359,0.054961214457132236,-0.007494332792264718,0.07281376651220844,-0.012163071673052977,-0.00013039742875698644,0.032083248015468475,0.061456095038131445,0.012019206936279815,0.011446047636472988,0.0623768136912957,0.021649067850217703,-0.024320576745605945,-0.03233383483265241,0.023029942030319914,0.06394968100115664,0.006236673072296079,0.017793699048636015,0.058266966122299785,0.026284675466021146,-0.03108322459624793,0.02107754958478968,-0.05236268715849614,0.02546247336770431,0.04836627614701222,-0.035988892598931704,-0.03346878307898262,-0.07234574645476727
7Networks_LH_SomMot_15,0.40174193461338864,0.49724075952351404,0.27642119803519416,0.43496105229525944,0.6510325831384334,0.6941072770041952,0.6716049505595361,1.0,0.5209958963081319,0.711024597468632,0.3436647557097172,0.104407574920357,0.5700138237891427,0.5127755475907733,0.3173752947146656,0.3695897219878956,0.3785600279801655,0.32599059543009634,0.3240295843286654,0.41225297882662254,0.23936669640205518,0.3969179551878994,0.3236490424996746,0.3371693165839214,0.4183461832662815,0.3816661843657315,0.3809697144055824,0.4025423244973464,0.3514551959062446,0.33998901906090173,0.31806058042144675,0.19663635520685427,0.21063634959942934,0.32694125022600623,0.2590397285460894,0.5725281762467329,0.16342507877215703,0.679038539721672,0.6519371917281093,0.6486784684982291,0.7197564650316067,0.27236509985743984,0.5418259095381972,0.48612541879103643,0.27005760630155956,0.3775446111963497,0.0866087822068938,0.3204410945601809,0.31348346938377725,0.4096015690144336,0.18810922845306943,0.3930348437149919,0.3775087324335552,0.3637384164480495,0.3088640077645581,0.3104271332725257,0.3871745548584218,0.2182634313493475,0.1465910831886835,0.37932269147383024,0.2976377507363771,0.27356628910729625,-0.04305331114278563,-0.09333595271228753,-0.10437161566371687,-0.18506742401134713,-0.18191789489246388,-0.18012989235137677,-0.10689623898862317,-0.11662527416046388,0.17240127941740693,0.1320442795254407,0.11610809122186601,0.07167084105447727,0.07459780445390181,0.05709850525393811,0.12856009899333484,0.09471622250737902,-0.038887179153314515,0.004366612819523299,0.005710912351387357,0.02049384096951387,0.025749573729421812,0.03231905592740775,-0.0199361726028528,0.04600059415025953,-0.011702831712507392,0.034264319253276526,0.058693105422924996,0.044248951256818686,0.033117017375586,0.023891606761321776,0.03044731392683973,0.057034778883202776,-0.02247380042998647,-0.07751423030546317,-0.05500230991980486,0.014552315674855099,-0.02556233806037736,-0.01412215455716372,-0.018621486463665866,-0.03849613935492984,-0.10128827872343946,-0.04694970791364466,-0.1358051772035988,0.022328959705717157,0.019142643592921175,-0.03199823914221651,-0.0435478154251853,-0.09651281594147658
7Networks_LH_SomMot_16,0.39073938771927885,0.5000757682146,0.24158186924783318,0.49322368210079254,0.5151941266168021,0.43900003936995463,0.6171598676462688,0.5209958963081319,1.0,0.6381043160901243,0.2595804098509082,0.3698688227558311,0.5853421519154439,0.3833454031918886,0.2622351407542822,0.1969057731390686,0.2208341736901389,0.34097973710798024,0.39648169749930845,0.3287585394277994,0.29625406921030334,0.3510183269940386,0.2563415847824514,0.32097251171455976,0.20928128725989087,0.13810431574242457,0.2632930256681767,0.32114114054298915,0.24219026398995833,0.18336721396668706,0.2506908873648881,0.20576881328473048,0.2844596515480852,0.37477956986542516,0.09583007394256654,0.5151484634954562,0.14154541557193565,0.5979470537742747,0.3600438946551132,0.6058151968429646,0.44522522473006143,0.16400721908574,0.5325344941615989,0.5853735562986186,0.1552712827250365,0.30606008074663615,0.18357245964316807,0.2939671276528554,0.2573303488686914,0.3872255984966576,0.28353109678306343,0.21289467085770655,0.31892667055080487,0.16275184651763744,0.13944461630048227,0.21212687448609885,0.27244639537450427,0.15434932664925266,0.14002116819932564,0.2379683873193658,0.06760749027913229,0.20795719399688237,-0.004372474467687394,-0.0770814431707074,-0.09095211135451838,-0.16313546196721268,-0.14803925207639262,-0.1678125479560195,-0.07262898623808081,-0.14193344990028176,0.2243145988506468,0.17978591327217494,0.1636777683246749,0.09357945620493363,0.10997595995177538,0.08124423821360105,0.18565846319660465,0.13837217447228162,-0.1392443438157033,-0.02057407743667399,0.01357754726313651,0.03573365471730574,0.03883640242549181,0.043867891251070504,-0.04791774106800227,0.07161168083966211,-0.0576675337597544,-0.054303604202816116,0.009942978681363691,0.0552251945243686,-0.017084078015675887,0.025001300521340458,0.019609426494266707,-0.02638458987268514,-0.015892689259376307,-0.0713998995409107,-0.015368230527359939,0.04489386255749257,-0.039897200796393494,-0.014904555968480946,0.0666279907143502,-0.007236462485544961,0.009969346997163306,0.04763261190048444,-0.029389410664625335,-0.029179794145780567,-0.014558231407285403,-0.08007240413060651,-0.007651817801487136,-0.0759883633118637
7Networks_LH_SomMot_17,0.44063055249748884,0.5522063933479175,0.34731667889269036,0.49247493976978646,0.6131578534376929,0.6162934745400793,0.7675336248790803,0.711024597468632,0.6381043160901243,1.0,0.392955003151803,0.4294005734334129,0.716809200757881,0.43725732550067636,0.36613095266522966,0.427970043922655,0.4488403167277152,0.38618936227767847,0.4132852268392298,0.37621527170263414,0.3250295599181016,0.3800726778960814,0.27026737664171074,0.4391072977677101,0.4433433874273248,0.4242275768180785,0.38580338057741315,0.5172695722788043,0.3908619623524716,0.3963270427456072,0.410581177096647,0.34018255944684855,0.4183506712457609,0.4229573568622441,0.2704132842034217,0.6137808240197178,0.1163536800761473,0.8569013210440148,0.49891691172220465,0.8011021632437044,0.6331705654357945,0.3779621647338966,0.7640696509258178,0.7034748282357463,0.2817731572356938,0.44721306117344123,0.14858897375257127,0.37300214660360487,0.38615104032869224,0.44354412000753113,0.2916193691768023,0.4657065568433778,0.39198625677188254,0.4058982567305169,0.34552908587688697,0.40822371115121614,0.45585398058049986,0.2233851165523034,0.12306956707507995,0.4426821341032611,0.2903124731861855,0.38284922040475783,-0.05017938435413766,-0.11842265364914277,-0.12747392333206164,-0.21942761590991894,-0.19099605824917018,-0.1884283123174384,-0.10075766990195408,-0.1417374354435118,0.13840237644366715,0.08358164115033205,0.06948617084850868,0.06074714347404059,0.05896671457556912,0.04895462358789267,0.12478497835081072,0.05553435969549969,-0.045904532045211145,-0.00046450351234462317,0.017698200174184584,0.022985401436846173,0.014034252934535692,0.011253663158511897,-0.004004196094598763,0.013615018981769153,-0.041813822913192786,-0.019491528603048296,0.007046461116527964,0.03435813889183715,-0.0005378553442605739,-0.005223788417655276,0.034287082725728286,0.012359974876080298,0.020411283604281592,-0.053219140952315176,-0.0055438694516087616,0.015626095783846092,-0.08002721756653357,-0.03710782906654711,0.05376061957781572,-0.024127056406583674,-0.018260565172245374,0.016190699341626178,-0.056136716645496694,-0.02572862784617667,-0.013145285545266835,-0.07778982214270294,-0.027220057512135677,-0.08063535799329458
7Networks_LH_SomMot_18,0.44304156503135433,0.46294291780916913,0.5279750077481882,0.38126933565222415,0.43529325492639714,0.19088892524453668,0.26017198051216245,0.3436647557097172,0.2595804098509082,0.392955003151803,1.0,0.17147890907515945,0.37958376479357214,0.3851096073292296,0.5702779504868728,0.5789572072565512,0.6328894482686226,0.48480251837927685,0.4617885394820541,0.34996014934723596,0.5072326325378375,0.4964277959271634,0.42348761527167084,0.5340195603022824,0.6057637166003237,0.576284919036929,0.4794367791767829,0.6021871316256523,0.5742941484199747,0.524361448632041,0.32347003256614937,0.45212020248569307,0.297481113485312,0.3789096261011214,0.35643589060803327,0.36240662864000905,0.24155831000986044,0.3588210255846873,0.165352218921007,0.33275723281826197,0.33967193125256534,0.622541049755664,0.4220633404197524,0.41366926267143483,0.4390220974252596,0.661082905590118,0.35761950910605983,0.47368290966379156,0.5705496769627917,0.513167033097791,0.5012442229439528,0.6511217136436217,0.5089297118005363,0.5651361089912231,0.5586949049252801,0.611016004917956,0.48885403733665045,0.4142764909645543,0.2744850669261652,0.4466353215624421,0.2768119225905597,0.5315131953610802,-0.01978691712632675,-0.09189064660485304,-0.08948128865196622,-0.08405359166704883,-0.10082611669024119,-0.08447281199313376,-0.028033092630877887,-0.05430801988264399,0.10423271256984265,0.04173329748781311,0.031372630112295595,0.027687920261495812,0.01907464869333829,0.041784099296416806,0.0876112264001777,0.06993334201801416,0.06578642022119316,-0.024224680568782905,-0.007117031408131617,-0.08426842488639065,-0.13249124289914446,-0.08669644510900457,0.007955084032391209,-0.06037597623886684,-0.0614454921050296,-0.08847597649589056,-0.08615270572369754,0.035293881357567516,-0.03655421059832166,-0.021307200586167425,-0.019903215802409804,-0.07438684536765801,-0.009633845906719968,-0.021842502875082798,-0.019460722564394607,-0.06491991852593003,-0.07558714452652072,-0.0825103662719998,-0.08124502002712243,-0.04228485782215564,-0.0834746950210121,-0.04801312913333874,-0.08437847814129193,0.056516794389771356,0.05052049088220157,0.002754842843115223,-0.05054503713027988,-0.11085075241823898
7Networks_LH_SomMot_19,0.2747435369391935,0.36366851538027223,0.2974091092428623,0.32601434326081696,0.14160963513845404,0.12940863826778434,0.33214800065268607,0.104407574920357,0.3698688227558311,0.4294005734334129,0.17147890907515945,1.0,0.48516699617090614,0.2577373433807383,0.11667972407123171,0.26838185885469423,0.18818354287211875,0.15718271271536852,0.1841263433865563,0.2504579562686808,0.06246567026114843,0.09805418279038355,-0.03220986327740146,0.13778682472195142,0.1931779404668294,0.13581481247416985,0.09607976792526553,0.28295203814465736,0.17478324528524936,0.10645493457025548,0.20404446990115557,0.2519482453515898,0.3262635606677383,0.3260832837155886,0.07641112884568192,0.36371078974513155,0.03085281007108069,0.3887970953429773,-0.012496848184276765,0.37368679317550596,0.14151023090183537,0.13421552082828425,0.45533439309089513,0.5075061783209537,0.26245608956560096,0.20385646447461525,0.13869414784685669,0.3214529586218834,0.26626133539080526,0.2822459772514668,0.2169472349468352,0.16153642362761658,0.22975678647691075,0.16962865929045506,0.0863460422481194,0.14614085508437435,0.3313625947773165,-0.01734013819558379,0.016735893696058345,0.2561100047896405,0.13342650175125104,0.13556278928674156,-0.055676532173015256,-0.14074934974345094,-0.15709791192350428,-0.1496835210454548,-0.1490622923226442,-0.1528029849730259,-0.09406340676495895,-0.1694367018190266,0.05620542171265514,0.04021956080939613,0.009221967947132825,0.020222419422639634,0.02764174483671707,0.0031018070728450952,0.037246872223563196,-0.0009773310561545941,-0.08369051093309235,-0.0642836076149111,-0.04047880924070214,-0.0253780569342309,-0.05993591024750495,-0.06793948287820202,-0.038101418745939496,-0.05664630803612843,-0.07803349744523752,-0.10287848199222076,-0.06734951585370225,-0.05893585152213954,-0.08848364991926366,-0.0587018205952658,-0.016745101880036188,-0.0513057302555657,0.044786223861257544,0.01075408015786459,-0.014346137070172184,-0.01038846849539672,-0.009710518467101564,0.031681957143285235,0.04760665160494602,-0.025528149291535625,-0.006334943875945279,0.015471076837756573,-0.047411319418231006,-0.08036894905260972,-0.015753056186173942,-0.07871731353321064,-0.0565101151353847,-0.06317486137350825
7Networks_LH_SomMot_20,0.4115740584744769,0.5478375040353649,0.3430648551221343,0.4257695506336219,0.5254771135372397,0.4548965122273113,0.5538130758524545,0.5700138237891427,0.5853421519154439,0.716809200757881,0.37958376479357214,0.48516699617090614,1.0,0.6207110869558486,0.5186585752632925,0.4991969324353665,0.501558526022995,0.4985617385739676,0.5548450304237984,0.5391255681938063,0.4452622688952571,0.4753388569437662,0.35186865647907667,0.5057829379828228,0.4945035050046277,0.4334798687895561,0.45164901169885713,0.5919198300292324,0.47545535556669277,0.40907145264770356,0.2934379939007281,0.377975516230628,0.3111331652911863,0.4861000090621164,0.24244046131529318,0.5513815342210074,0.2745266379777519,0.6689251809726339,0.3713221959861276,0.6921272271396005,0.4809318298559367,0.3615622978538462,0.7027587397525614,0.6877188570337247,0.37983490145993526,0.4990100744392295,0.11116805460510612,0.45518883304213575,0.4590245012383125,0.5265339992785836,0.2744130899740011,0.46503156517120936,0.47332832368984,0.4381855049584339,0.3669098837874845,0.3956839717619996,0.5508089613139673,0.22803152213440306,0.12594486971706578,0.5202142704019972,0.38256788692148364,0.3116559462269024,-0.020564756105131282,-0.10628191697066662,-0.13234441438609787,-0.15695016962962782,-0.13606561121687952,-0.14672607107779154,-0.06517609846674954,-0.13605275773985742,0.07812119741675663,0.07050518654648746,0.05962900907019075,0.04269729910282282,0.04203456710008721,0.03175404096987014,0.0693695398234691,0.06081221031157424,-0.07360877146938768,-0.048301363065598825,-0.031430955087642265,-0.0011408896241805599,-0.03796336965779213,-0.007145670501001219,-0.01740489196370878,-0.038397542016809706,-0.05683408200179708,-0.07299300800673744,-0.03891975262008411,0.011206079157560297,-0.06443809389582053,-0.058924906316825836,0.013290671741650944,-0.057229451554625506,0.05732396384540898,0.010105520887167915,0.013328329807174563,0.045209441908909034,-0.03725839199726968,-0.04570218850727492,0.07152932655764951,-0.024561077711549393,-0.05082725076505999,0.03825337301045197,-0.00044502550043627916,-0.05875457824214849,-0.020323691263273935,-0.09937812522066586,-0.01584679023270372,-0.04918423874055202
7Networks_LH_SomMot_21,0.47005404258203587,0.5831022358116349,0.4565983704212105,0.45060521668346587,0.5171093972557378,0.29612755997564955,0.30381944084223284,0.5127755475907733,0.3833454031918886,0.43725732550067636,0.3851096073292296,0.2577373433807383,0.6207110869558486,1.0,0.5588312156738704,0.5077497899866562,0.542475199322169,0.4505581554312893,0.5716139049179254,0.7421975721664379,0.506500084028469,0.5499896543148833,0.4058769222019804,0.49844300981738116,0.5784808131394897,0.47841926469743923,0.48665967947114874,0.5685448953472046,0.5014582517567377,0.428045058206503,0.22032316541591185,0.3967915810993727,0.19836524366381508,0.5701072542151102,0.26244432143430574,0.584742495162148,0.30436531951165346,0.41717538483032557,0.3354484374911862,0.38919801642296925,0.43738863029860925,0.36642504383243546,0.43098085446482864,0.4526036068976319,0.5851421088172805,0.5302760934330812,0.28475350852290376,0.575407598391386,0.6208892920931285,0.6734443504197622,0.4178090683869724,0.511867016478711,0.5902699362138685,0.5658014815667098,0.426653493325778,0.41706209465573674,0.660643064678286,0.16616082013775213,0.1979633488980939,0.6039368795300425,0.3679522101101306,0.3603108357556255,0.00919326517865005,-0.0671352506365553,-0.11287556926467644,-0.13400850351098975,-0.13286038278624066,-0.1438112378711511,-0.08180517021428212,-0.13628712235561183,0.011848496868485443,0.009576156800476287,0.0010132076568393198,0.029384438493567436,0.023325516982671615,0.029901863524508653,0.035798365546688235,0.05904524395265326,-0.08485202915474888,-0.10517903379858277,-0.07017374337130619,-0.06863151114174648,-0.1136835767331899,-0.0539697098584459,-0.017167811766908157,-0.04303643079996867,-0.049841665944059636,-0.07729916288688253,-0.030740273993854268,0.009373527478485931,-0.06366536080654121,-0.013303176515184487,-0.0001720334089719502,-0.02727470599010292,0.031765408888520946,-0.00867539143732802,-0.013155130837753177,-0.02323032759149486,-0.07361195878017826,-0.06587405731746722,0.04903743130170269,-0.03410300800399186,-0.07263144623588971,0.00448174459677012,-0.024234091607456373,-0.041965162921446975,-0.005903394528876264,-0.06362786137829118,-0.008655863260624834,-0.0266966216696038
7Networks_LH_SomMot_22,0.36915008479443684,0.42824597697843075,0.4368337453162327,0.31320997964232156,0.462454025346931,0.14738492567749795,0.18838724459973305,0.3173752947146656,0.2622351407542822,0.36613095266522966,0.5702779504868728,0.11667972407123171,0.5186585752632925,0.5588312156738704,1.0,0.5339320149188286,0.6183246804218953,0.5190521194597485,0.7295056702916491,0.47384175816077084,0.7701392640309306,0.6446237435844127,0.5671348437566771,0.6689822489359091,0.5170872819392657,0.4860540065881557,0.5542411102578297,0.6273888951066098,0.5267842307815598,0.5006689543475443,0.26400757060926494,0.44836817346430924,0.23848552384823832,0.4193432811301464,0.3356753404416922,0.2847873915990681,0.27920906984811816,0.3376542238946457,0.20779256227634352,0.3075711926508878,0.30871084792408277,0.4719041860980746,0.3785177522006615,0.3775853849606876,0.36712175099236005,0.5670916032178249,0.27683427090220175,0.44912093080167187,0.5661544368685743,0.516661868559685,0.4745375691127043,0.5764331138744715,0.5379268962340535,0.5138537843668605,0.5167634979523852,0.5739464682452438,0.4845310664460985,0.36742414269194157,0.10867267458158013,0.3994130967268025,0.24645511525216404,0.42586126155263865,0.05433543129109643,-0.023217147198818903,-0.05298396782407644,-0.047812089951060045,-0.02575184886594652,-0.02636483067696448,0.022393800634529042,-0.032334044518760374,-0.026071927698534857,-0.028477408651863607,-0.01904374373701026,-0.034744297772746416,-0.02744626889345041,0.007651747226549825,0.0076850807600896,0.030817241710482637,0.009722086920715954,-0.07976732946563689,-0.0620736768512855,-0.05887188511138453,-0.10102706408170907,-0.05072882220464232,-0.014733246571679428,-0.08077477953625278,-0.11086704931572884,-0.12594087544564536,-0.10609239049227198,0.04073558001919681,-0.04329504817719013,-0.02984696769411258,-0.051306459518998294,-0.09783030576199184,0.09618478586650232,0.041836544928181146,0.033478496271602126,-0.11590206504867738,-0.12852908283307987,-0.14992871991947707,-0.05187826685454998,-0.05494290036350979,-0.03670472187956961,0.002820713575586645,-0.002207580792853148,-0.024185198702940395,0.002712543947397315,-0.05415359862448573,-0.06379754438804386,-0.05655135951238818
7Networks_LH_SomMot_23,0.4202375244314063,0.46509711687619504,0.5108228467745192,0.3837259891487768,0.3660757598334092,0.20737028790095638,0.21416967065485448,0.3695897219878956,0.1969057731390686,0.427970043922655,0.5789572072565512,0.26838185885469423,0.4991969324353665,0.5077497899866562,0.5339320149188286,1.0,0.7046012042731487,0.519998680768394,0.46629526700063595,0.4946208640083026,0.4705331578706097,0.5002159100990293,0.4135614023415951,0.5681093078323504,0.6636641594734384,0.5645668093905396,0.42902033281121976,0.7105394308007373,0.588756697648737,0.5437850838784833,0.2405294118739736,0.4790426271301223,0.2972473166773572,0.44723854729480544,0.3390455828697742,0.4094524154532952,0.2751053080806877,0.42316191686392235,0.17136981688302932,0.4241576020730239,0.33687739346920015,0.5129003071658319,0.48500926362718494,0.5193057992078224,0.5330325033288106,0.5984416604906634,0.21201750443788914,0.5640830957247561,0.630897296549029,0.5139365529435738,0.4579077755041166,0.6661919609793561,0.5570798332611616,0.5856198957568941,0.6064462837175915,0.6045408473499864,0.5925195339836941,0.25100283661606493,0.15395556394572354,0.5393137930874616,0.4944613589980794,0.3870828721674947,-0.06356695560926467,-0.14661388815819776,-0.16718106986613848,-0.17844926462494629,-0.18241390245694172,-0.16240895640331574,-0.11966377553602837,-0.1308105553250564,0.06489524544779383,0.026384323683671752,0.008585768027026429,-0.011742531689441279,0.015136562865830048,0.04360928535262119,0.03717318324028921,0.032975478781709575,0.00024725274075333665,-0.08343128468436492,-0.053950841841419024,-0.1191923596144715,-0.16601895370409223,-0.12587536135997768,-0.03552961141824055,-0.11853650222692079,-0.11131411255103153,-0.08557021421416902,-0.0917317655154274,0.00018684914135750705,-0.03160258320373198,-0.027811298092094427,-0.04339837421228966,-0.03972142968769806,0.08141380764602064,0.07144692069239615,0.015204011772663445,-0.028703383988541137,-0.07026225432102494,-0.10712933280697946,-0.02587357220665955,-0.08280835309252546,-0.12792835927615745,-0.0888376933827678,-0.07729716064821877,-0.05050733567526486,-0.05808351467865791,-0.06880175209632983,-0.08090591065409201,-0.11019145954342117
7Networks_LH_SomMot_24,0.4534584872574253,0.5217833200762091,0.5143472459890956,0.3839584953575746,0.4282253089070418,0.19489815127508828,0.25447649238141257,0.3785600279801655,0.2208341736901389,0.4488403167277152,0.6328894482686226,0.18818354287211875,0.501558526022995,0.542475199322169,0.6183246804218953,0.7046012042731487,1.0,0.6406723597339882,0.53216486532593,0.5224500394705838,0.5980112546165023,0.5532936110864896,0.5226548031753478,0.6731249171293455,0.687455822887645,0.6924793602648764,0.5713435975708181,0.7375879465226669,0.6089739509110289,0.6257823769381934,0.2582861778281571,0.4918628421924564,0.2624498897146164,0.4467916521421188,0.37216563188709745,0.4151152958338321,0.31978039151453236,0.42933789597782535,0.18281058190923466,0.4060003197407627,0.34241914367792253,0.5260179214955825,0.4525870636997245,0.4424240784410713,0.5368244555823507,0.712847401943137,0.25410667580326496,0.55711191408167,0.6131694325729148,0.5262835381737825,0.4921685725088663,0.7673530954831721,0.5654942212461034,0.5852449681939926,0.647235439258296,0.6432882864717611,0.5972591461176727,0.3195613416396952,0.17674283160958312,0.5563033397756507,0.5016190991535135,0.4574083036864262,-0.005470601625279126,-0.11273192447464851,-0.12919890546923302,-0.16390111569357144,-0.15441990076114814,-0.14321474454281521,-0.06269423838677506,-0.09824682179814874,0.029882840851751212,0.0068986785167203316,0.007358922648109982,0.017394525249997385,0.017949490440733584,0.0377110350256947,0.060239884804457966,0.03569316871736163,0.00339273215299265,-0.07802279494448415,-0.05122787047517886,-0.0999425448104647,-0.13568464191983523,-0.08036867252717732,-0.012037324354961802,-0.08863457429008388,-0.04093623601318608,-0.0862969468710681,-0.04814957171966201,-0.011026409087608088,-0.08411336222467614,-0.07773205402738227,0.01336920582319381,-0.07609457293501179,0.09131707788233769,0.06652235861870003,0.044184146460886004,-0.03642011178371122,-0.058726159999396794,-0.10795262452321949,0.006715620612853984,-0.04057660894279475,-0.0963980412877988,-0.051676892749043614,-0.04750365614003539,-0.04522658575373229,-0.04066066198575154,-0.05954174743086349,-0.09152130099554444,-0.11212059219589958
7Networks_LH_SomMot_25,0.5075877442392044,0.5818078284404312,0.4947528314864901,0.4868943831503848,0.3864156815789935,0.07856333240069978,0.21401261786429507,0.32599059543009634,0.34097973710798024,0.38618936227767847,0.48480251837927685,0.15718271271536852,0.4985617385739676,0.4505581554312893,0.5190521194597485,0.519998680768394,0.6406723597339882,1.0,0.43716474207283124,0.5371370513675136,0.49414398353703426,0.44872024961449286,0.4948430632197275,0.5898299168056822,0.49365087936343205,0.5392410633634107,0.5335433377514849,0.652658334333233,0.4642438661485339,0.4954586445699748,0.18900732417761282,0.4959717473139259,0.29054866467130935,0.5489709493724203,0.35547810052728407,0.4596461737137419,0.3742309837156103,0.3605560833200315,0.0916962746316347,0.36764913326065773,0.3135572186366984,0.4402252362557521,0.39519721084659104,0.5295664597462384,0.44078290745014276,0.7198221076859381,0.18177448693009157,0.4706310089351144,0.5257025631799566,0.5384085790040531,0.3772580067070391,0.5902227835013343,0.5837989271148335,0.3679973448862316,0.5273715719335307,0.511586293425224,0.50493929317951,0.2666254878455911,-0.06003430331103659,0.4651889518355659,0.3974938217500996,0.2856408452265711,0.03607665932280755,-0.05479716931698512,-0.05779739874853459,-0.07941728915225454,-0.07439467441759659,-0.07483102536720627,0.027907284571997086,-0.05617618757052869,-0.012382176200675186,-0.029944422472458113,-0.04438749795587805,-0.08231620214873805,-0.070725342794271,-0.05787695297507858,-0.021367538501963063,-0.030221096512772317,-0.0635498872143793,-0.06450509877661834,-0.031872128581081315,0.012704903937566658,-0.03480618151000197,0.04749430344820899,0.01389804925346873,0.0005232650002228343,-0.08994312797755429,-0.12824019394948866,-0.03841124637933547,-0.08061927921202436,-0.14195506484537354,-0.11456533332635052,-0.0598876996637073,-0.1052470793915733,0.06733721631444782,0.024353208518821837,-0.01806712552281848,-0.005144212745272086,-0.0488945416410484,-0.06640277858942091,0.061510584860375694,-0.0418854350554137,-0.08327707442344076,0.023319961652694225,0.02228482592829511,-0.0011602427876964182,0.034793021659330785,0.02844470329590128,0.041173692989568245,-0.0007081795443362538
7Networks_LH_SomMot_26,0.3198963544503486,0.423786485024699,0.37847543536006667,0.36612375043051265,0.4711592579445437,0.21160416635220589,0.24722406221473775,0.3240295843286654,0.39648169749930845,0.4132852268392298,0.4617885394820541,0.1841263433865563,0.5548450304237984,0.5716139049179254,0.7295056702916491,0.46629526700063595,0.53216486532593,0.43716474207283124,1.0,0.40798004825181045,0.8284463731628176,0.722547839576652,0.5665041465499585,0.6972886224841935,0.399043770617045,0.3009524350282403,0.4762614247287285,0.5595440369168295,0.4777242538946961,0.3779980601077031,0.2607698951602119,0.37009463303073137,0.23399094368010784,0.37069219781466783,0.36584864339516726,0.29338689673459883,0.23908843470848273,0.367998958099247,0.23248977270167395,0.31988996392605873,0.2970449414319318,0.36177001140360443,0.4612435636186536,0.4196732622801583,0.3162698450890356,0.4823233149498992,0.38920383588181584,0.4646841204384918,0.511797286108629,0.48719971820491714,0.5300031743538425,0.4341878851545178,0.5157200278313654,0.4641009107516772,0.3899222459730392,0.47334957221696433,0.3958401843779026,0.3779114364418099,0.3013146025836532,0.3230322978806561,0.0631518594054015,0.4467025745098988,0.06035417568419452,-0.017197561208873148,-0.05071331663693951,-0.045243234464334446,-0.03608441053812919,-0.04654874074094501,0.008370674875025923,-0.07589178356390626,0.04732981400222531,0.024068540429504397,0.02592397647132329,0.011702104669709562,0.014806395814757914,0.022706445669947853,0.05985706875046279,0.0613785584091885,-0.0698774089419418,-0.09184023000457017,-0.07744922831472288,-0.11930846632424054,-0.1355715282241844,-0.09415862536606677,-0.07705899295967032,-0.10356794564116395,-0.10963433194091331,-0.10182833832421617,-0.05903228402735855,0.04564623245616439,-0.03965155861473607,-0.01648956360184941,-0.005885097276130844,-0.055217649090231136,0.07079189638768275,0.09655223667036225,0.04032372669176356,-0.11235919665401874,-0.06979595114334296,-0.15142819893784562,-0.07555533443608577,-0.0597186837888775,-0.030580753668479555,0.005394613442452695,0.006715995361147746,-0.06706671329934952,-0.03451631880857851,-0.11021194986677899,-0.10853985313103068,-0.07725549720040871
7Networks_LH_SomMot_27,0.5524188116562421,0.6839253244436376,0.5308231228766808,0.5393659461397332,0.40545209722730624,0.1606234076331206,0.24183936028475317,0.41225297882662254,0.3287585394277994,0.37621527170263414,0.34996014934723596,0.2504579562686808,0.5391255681938063,0.7421975721664379,0.47384175816077084,0.4946208640083026,0.5224500394705838,0.5371370513675136,0.40798004825181045,1.0,0.383806568603544,0.5230188423560306,0.4010836339735935,0.3905177073211953,0.5723340181560559,0.49111940166588763,0.448580930731777,0.590320964152424,0.519792488305715,0.3744261442875035,0.13319574845877563,0.4513419472617245,0.1968700403117288,0.6953936991828489,0.25342714473994893,0.6530516336827628,0.3298876422727602,0.37054597914309695,0.2142536876431086,0.3962505130139359,0.38109158035648727,0.32939697563997145,0.3760361796496049,0.49530978082206834,0.5893948705160406,0.5714197956752017,0.2309663813534762,0.5226639931672131,0.6400891521974617,0.7224424221670036,0.3450478475804732,0.5316529741795739,0.643372484437201,0.4993054434375465,0.3891879985056009,0.3932908234849917,0.6988296645602361,0.07290354283187078,0.03901054927263758,0.657413117915428,0.40581336689728864,0.27500454001227165,-0.021847033596988308,-0.08408768837892491,-0.13488587697262838,-0.1939256669600578,-0.15677618860729162,-0.17363779409634342,-0.1420300916543201,-0.14533719713132118,0.032964028075300744,0.006849345176006303,-0.016741632253833322,-0.03340594344146704,-0.03556531367438325,-0.04187323089295423,0.005596750121944701,-0.010138410388815145,-0.07805635735878291,-0.04067884101900708,-0.017009676697012262,-0.06604812056308496,-0.05259772580532154,0.004099619264229501,-0.018175037662704504,0.0020488931005645528,0.009008364690583682,-0.026084881808673577,0.008457149721272662,-0.0029270321836971356,-0.046269562590571876,-0.01046323723972637,0.020738044350651418,-0.010055180057002126,0.05836716555438521,0.00962502967247913,-0.02556628177784092,-0.0013406115457205866,-0.06427048129604025,-0.09084801591749801,0.0810536131684911,-0.06665625110297344,-0.09474436775347306,0.0048487183803908596,0.03021477245443987,-0.021571644861612706,0.02186521889045038,5.7265224066437986e-05,0.0262627159469997,0.043233621934095676
7Networks_LH_SomMot_28,0.33613555840158005,0.3783798807892716,0.3872076359965428,0.2978702349157744,0.40359300115468827,0.09771319925125259,0.12829101941450283,0.23936669640205518,0.29625406921030334,0.3250295599181016,0.5072326325378375,0.06246567026114843,0.4452622688952571,0.506500084028469,0.7701392640309306,0.4705331578706097,0.5980112546165023,0.49414398353703426,0.8284463731628176,0.383806568603544,1.0,0.7102370899101828,0.5878572910345398,0.7544658344299146,0.41267405107196753,0.361482776821235,0.5149737161370799,0.5903401895387592,0.46895216356378255,0.44385307469376184,0.19347706339283577,0.37439636949534777,0.18952179460385224,0.3559933536184655,0.3280162118412458,0.22076676238368312,0.2815434387249018,0.26833183395394894,0.15930810464906878,0.227637426170616,0.23348337753083614,0.3996410120253509,0.35313503353330705,0.32601751587949496,0.2863521822849049,0.5314460530562206,0.3416581456175354,0.41621303662257386,0.5152167520615627,0.45478188374722905,0.552192066470667,0.5073280532487847,0.47351044004149817,0.4406650501195084,0.4550351626493361,0.5192276546837735,0.36562397666347374,0.37616933993730983,0.2583359740688728,0.29872754280665065,0.12305096946489615,0.4256683227931424,0.07279561763124417,-0.01734932820763381,-0.02787746358173366,-0.014845746995985067,-0.03494700392416455,-0.05100653316930997,0.04001363337533517,-0.07194685094719443,0.005291147560306683,0.0011745679335947985,0.013032615597586075,-0.022570512465739708,-0.0007029242387930857,0.028654706463068055,0.04373430876967332,0.05599754850546569,-0.004855529803735327,-0.08028239701338025,-0.05712873329051509,-0.07652110990595351,-0.11620131492161785,-0.06837173514253268,-0.01447655520406973,-0.06473389830291515,-0.071076848134938,-0.08306542237558619,-0.03819771566831906,0.040666181687341096,-0.03289025849745182,-0.012134087138045882,-0.009481745556688126,-0.061400726802855646,0.08942524444901633,0.07814981316697209,0.037697987830837984,-0.06804913696634127,-0.06229867379696244,-0.13305931294574144,-0.08387013300840201,-0.05778266579077576,-0.0022495365056097636,0.014077217825971024,0.023410973836313763,-0.044791660472687796,-0.025313665290454687,-0.0874790100971944,-0.09268059430155544,-0.08055582960686586
7Networks_LH_SomMot_29,0.39668288666115115,0.46286953244176704,0.3872413705218168,0.38533877042361075,0.47936490817341537,0.24514594881319132,0.21654054287433375,0.3969179551878994,0.3510183269940386,0.3800726778960814,0.4964277959271634,0.09805418279038355,0.4753388569437662,0.5499896543148833,0.6446237435844127,0.5002159100990293,0.5532936110864896,0.44872024961449286,0.722547839576652,0.5230188423560306,0.7102370899101828,1.0,0.6685498677396059,0.6334891052339158,0.4625003595173028,0.36116224696175037,0.5391905408348858,0.6075847976753358,0.6220040397153419,0.41516798632628216,0.2035951171965428,0.36184808475491503,0.19028901117815067,0.4095195419787485,0.35738471623403256,0.327867084241469,0.3398913290076186,0.32031511115423916,0.2792502756678843,0.3149302401100105,0.3619483845094361,0.31389944074602605,0.40406172257957196,0.39043641588455347,0.3565802939553192,0.5141078631515259,0.4159114559477141,0.48571495915346485,0.5681478054473821,0.5939712659486968,0.557699674007709,0.5141862233033632,0.5804462509177626,0.45983240763186556,0.40764476347903655,0.4850644410088956,0.4350706135689576,0.471756022865414,0.3419031421629137,0.3315821998694486,0.1432093974185579,0.3558046313384781,0.01810801309541888,-0.06555602015025395,-0.09835841353871223,-0.12915192474141532,-0.123790777396543,-0.13929617970485503,-0.08730571263567871,-0.1346047919026493,0.07904542128175644,0.049511575785382886,0.05193641726131276,0.013540277747938295,0.009636300293938369,0.009817349703200579,0.06435123390548567,0.06694239782732703,-0.017562571275899736,-0.05444017132772664,-0.038849202581594404,-0.08413603434498562,-0.09662565701659241,-0.04052255780430506,-0.02720355713650785,-0.028985569121621445,-0.01673777930478991,-0.02785133352265059,0.0010315101884552163,0.045166008994650564,-0.000792343782086784,0.03141622078632941,-0.00015295618535685786,-0.033947828546311676,0.020694288038311276,0.015234024863556139,-0.0201663679511592,-0.0995301739288926,-0.0794052055595095,-0.15238568594132545,-0.11462762781316337,-0.11489224320029644,-0.013864198070533497,-0.023922486982546613,-0.03344873743614631,-0.03245178441650623,-0.03309316537106223,-0.09499491703096646,-0.08099194560708038,-0.08680752376887778
7Networks_LH_SomMot_30,0.2839047871919586,0.3619497162022749,0.28568921928831315,0.23065891016206513,0.4322148093325109,0.19836780170828955,0.15658706473718206,0.3236490424996746,0.2563415847824514,0.27026737664171074,0.42348761527167084,-0.03220986327740146,0.35186865647907667,0.4058769222019804,0.5671348437566771,0.4135614023415951,0.5226548031753478,0.4948430632197275,0.5665041465499585,0.4010836339735935,0.5878572910345398,0.6685498677396059,1.0,0.5970311158498299,0.3389466451910952,0.3634595917371815,0.597006258819093,0.5037616836621687,0.4819718799491076,0.45251374136154215,0.1595298761867939,0.2324772077091851,0.12177565861854664,0.32397230786214737,0.2686856096021918,0.22911896622129752,0.38862655912610405,0.27959076850989767,0.25771347459399735,0.27481606392185615,0.2723642952083584,0.31094149741962324,0.23352259595739966,0.29302927343357077,0.27271214346242684,0.5254697305628719,0.18840899454590668,0.3670243988014705,0.3365468277337324,0.38046347617888165,0.3171572549713901,0.4628647213941857,0.6029579852460567,0.2938356922222533,0.4273363674877362,0.4517407068086272,0.31275012786113615,0.5399158252149914,0.08774149859404176,0.24191534146818017,0.2815088116971124,0.268622187333926,0.022266240333161914,-0.011679172620729615,-0.02947533703559045,-0.08449617020012089,-0.04139983754195071,-0.03233610981368995,-0.03616256920553878,-0.021878850114833433,0.021465271180044612,-0.02989911612242729,-0.02497081840317239,-0.03325344045487298,-0.08272215782368023,-0.08625095381928924,0.0011249872925755593,-0.03364966607493556,-0.021442699110916882,-0.05156955262634851,-0.03246014631071985,-0.016297279627984294,-0.04971011370696807,0.01334117673407403,0.009497667690326986,-0.012258442857134908,0.015559664540514478,-0.009786979742072176,0.020776294835500274,0.0029261548459588085,-0.01073605783812833,0.0014662423941068509,0.023834197744810433,-0.02263016563972444,0.05897963433641923,0.07826741744134835,0.02762965140850296,-0.000995067526005197,0.04221407955022002,-0.007032535054975025,-0.00910911544304153,-0.014277875394773452,0.0005246042643928889,0.01323582772176219,0.004374349766371847,0.03247069986872115,0.01106095234012343,0.002278038016348272,-0.015610434236936345,-0.008772417692604319
7Networks_LH_SomMot_31,0.41287175791074404,0.45586610433394925,0.40507180250794617,0.34115524029293426,0.4897040279001171,0.17089084051030065,0.2318678110448323,0.3371693165839214,0.32097251171455976,0.4391072977677101,0.5340195603022824,0.13778682472195142,0.5057829379828228,0.49844300981738116,0.6689822489359091,0.5681093078323504,0.6731249171293455,0.5898299168056822,0.6972886224841935,0.3905177073211953,0.7544658344299146,0.6334891052339158,0.5970311158498299,1.0,0.5196236619507543,0.5325737972308325,0.6350070893214794,0.7344804200111341,0.5162898263654123,0.6361118561720166,0.28237268609915694,0.44991790550802574,0.22200366865157856,0.43562427486479877,0.34753545194382446,0.32617882534260545,0.3130722674863596,0.40185744106560706,0.1866558073848835,0.34485424924284347,0.32021327106882724,0.46447558666686267,0.47277294315906637,0.47785017551204995,0.35599274982375034,0.6500990790220702,0.338983174279429,0.4914520274516788,0.5656724481819428,0.5053502746553907,0.6171094836725,0.6734850553682039,0.5295330848583822,0.48286556132118214,0.6701375662145467,0.7017042103462642,0.47708337940949364,0.44431999763624286,0.16882955147049808,0.41666714497187407,0.2932150733405459,0.5210895473005325,0.03219852296559906,-0.05591142524336147,-0.06581628315922804,-0.05697530409519729,-0.06156433805577134,-0.05341862314298974,0.01843741003652714,-0.06136214494286595,0.03307774000532762,0.003499118162857692,0.0017278072642557243,-0.020009526362115077,-0.017218890818093857,-0.003354010435355418,0.05184337149966486,0.0276039086937923,0.02158393756582953,-0.04638349222340818,-0.025592319172638288,-0.005865945406545096,-0.05180827365886085,-0.000966517100520387,0.036087060383247584,-0.01481798151937955,-0.023563492369682904,-0.0629502284296301,-0.02105866568752158,0.018028580352910904,-0.0380943980926785,-0.021569373394842755,0.0034640055143382,-0.046607509325045225,0.12354889886728905,0.09400504413575198,0.0632008299021137,-0.015849097080670692,-0.054436405059976385,-0.11299015550253518,-0.0024723642722447535,-0.041250583318843445,-0.07431852502739608,0.005882954197053447,0.008280008278832497,-0.03821489234309873,0.005103585647378041,-0.026307606516925038,-0.04444401923914043,-0.039084782251555705
7Networks_LH_SomMot_32,0.4967236890112751,0.5396741695846372,0.5206468145323481,0.43985587170893686,0.40609447554216094,0.2354275325783079,0.22955241063956972,0.4183461832662815,0.20928128725989087,0.4433433874273248,0.6057637166003237,0.1931779404668294,0.4945035050046277,0.5784808131394897,0.5170872819392657,0.6636641594734384,0.687455822887645,0.49365087936343205,0.399043770617045,0.5723340181560559,0.41267405107196753,0.4625003595173028,0.3389466451910952,0.5196236619507543,1.0,0.7997441249716177,0.5435723227484541,0.721065511045973,0.7110339971596377,0.685817772927842,0.2656145666709545,0.5267857417857001,0.2574285288020631,0.4737166603142301,0.36685382893261187,0.4991611490978878,0.2571668379794646,0.4377684944431458,0.21105964220765408,0.40762830033509145,0.4052016038295188,0.5673404414486948,0.4976010639415106,0.4930704600590825,0.6784891033089893,0.645069782087187,0.36269822616671593,0.6562006236341429,0.7183393458649466,0.6600930518250122,0.5127571274555748,0.7734803207313609,0.6356311140275216,0.7729213125513565,0.6757821679167128,0.6989913349806037,0.7356409656244253,0.33547168142440636,0.2667577076316215,0.7234588740360793,0.5709974555055914,0.5754595862518695,-0.05078528669851274,-0.15097347020130844,-0.16152974847606238,-0.1892633432792874,-0.20895282962279205,-0.18479050448359374,-0.16342531621364487,-0.13952722380547375,0.05262690074046647,0.02161057046128062,0.010526372626822964,-0.027898058232813456,-0.020331217032044487,-0.009141120037959463,0.023133515617365243,0.024509554351176775,0.02645344230874815,-0.03888982251060565,-0.011047806972233584,-0.09710154281295176,-0.12027888325787392,-0.07215223613460436,0.011013611694651195,-0.0578905015520389,-0.021970121536847517,-0.05752367920055927,-0.035305375882357035,0.032251621642783806,-0.0197104748614955,0.022198202545173892,0.029682676033012834,0.019809669134627443,0.08525221117619898,0.04190948543580669,0.04790990347546135,-0.08021428552457265,-0.0987051951296462,-0.12393322813497036,0.03340148284358096,-0.016693548392586147,-0.07343638731183294,-0.021777946712154272,-0.02244663462631164,0.013532260474021245,0.020615695065735438,-0.0010531605035217085,0.0006350707590317896,-0.01929886757736554
7Networks_LH_SomMot_33,0.4664008525999423,0.4809385870338891,0.4560093071986007,0.3345152379532452,0.3878581877914815,0.19548295758440973,0.23060511277120163,0.3816661843657315,0.13810431574242457,0.4242275768180785,0.576284919036929,0.13581481247416985,0.4334798687895561,0.47841926469743923,0.4860540065881557,0.5645668093905396,0.6924793602648764,0.5392410633634107,0.3009524350282403,0.49111940166588763,0.361482776821235,0.36116224696175037,0.3634595917371815,0.5325737972308325,0.7997441249716177,1.0,0.6441129421250237,0.6966522506068095,0.6268700804650355,0.7869399139991412,0.28105289168065223,0.5030779114516245,0.24754073742292032,0.4455710210376314,0.34200423621744463,0.4527643498074829,0.30812241130865853,0.4245018917598647,0.19144558146288285,0.38572292944774494,0.3771377778215286,0.5910631725413261,0.4522253498658984,0.4511873535249839,0.5991978708761818,0.6685798508290798,0.2779712262027556,0.5515542109522238,0.6145204268277881,0.548874399631934,0.44084890897356915,0.811112724559634,0.5748411915976684,0.6660989922667454,0.7543025468464387,0.7284726810860731,0.6525605518063444,0.3529130820545796,0.07145053935799023,0.6698206519963248,0.6454627906943586,0.5291592646589256,-0.04128081943502626,-0.11989857459699003,-0.11007264090457539,-0.15695556996306137,-0.16345070096927974,-0.12880615137130638,-0.10839624114868227,-0.0759285386988974,-0.020750085030713444,-0.0556277586995108,-0.0560885400667303,-0.069362263144647,-0.07315088592785275,-0.041971656772420055,-0.014518491210491395,-0.0235476734414519,0.06602335929028165,-0.02701586467559148,0.02046224769186768,-0.05098129416602668,-0.0911102751149936,-0.04427993234680404,0.057763155001252814,-0.05274380776763502,0.02367307840251342,-0.027346413076110052,0.013884954269285476,0.04761469749023795,-0.025722082260083906,-0.008462995484425624,0.08821612574415996,0.014923653626907632,0.06073039278432797,0.025517783787827732,0.056734721582030065,-0.07751280904432711,-0.10594984940221332,-0.11169044806238272,0.08598803581109765,0.012705905514307432,-0.09728007376477153,-0.029825906647303828,-0.017711934238859754,0.02514293546232575,0.00696105997694849,0.014481705839445143,0.016225844909146223,-0.008151100981934736
7Networks_LH_SomMot_34,0.40793045416843,0.47013888487476585,0.37379114681067255,0.32342536691231244,0.43555957955952174,0.2275628587366617,0.23561853306257818,0.3809697144055824,0.2632930256681767,0.38580338057741315,0.4794367791767829,0.09607976792526553,0.45164901169885713,0.48665967947114874,0.5542411102578297,0.42902033281121976,0.5713435975708181,0.5335433377514849,0.4762614247287285,0.448580930731777,0.5149737161370799,0.5391905408348858,0.597006258819093,0.6350070893214794,0.5435723227484541,0.6441129421250237,1.0,0.6000928496699269,0.5496763111244769,0.6696071687628427,0.2162669460467636,0.37301273196378154,0.16245108793797006,0.43661451494544823,0.23835512979096915,0.382634271059789,0.35877008404014504,0.3837734875862317,0.24169873569600983,0.36384398570168264,0.34995549636201656,0.46329862300406344,0.4525711056750359,0.43454546732896515,0.4398665645785214,0.612835750704616,0.34288195199436533,0.49036475969037446,0.501602698687574,0.523421944087188,0.4401165844963674,0.6480361115623083,0.6460126356296554,0.4753256082534862,0.6306555339260372,0.6098411031085545,0.4537224948369501,0.6061151232467042,0.11980537361740617,0.48323523731408385,0.3872026111830342,0.45530492093084624,-0.04206614278993138,-0.08461837666366362,-0.08031086447746688,-0.07800752011051793,-0.0915843852923356,-0.07607627292962356,-0.06605312444295477,-0.08087131405011966,0.021088265316381957,-0.018165649072960623,-0.01786116273528501,-0.015240822549876527,-0.039769681271758714,-0.015990672789430876,0.040242481320888514,0.020681725545633852,0.051357556539355934,-0.023539574181650383,0.028175775028539785,-0.023418002347405965,-0.07354606585999277,-0.02140908213443631,0.0824644511648601,-0.01754429511145037,-0.0036582075926563434,-0.06522359615374611,-0.03391661641701782,0.05979116185415206,-0.011729082242309515,0.011776874949340124,0.037317926504297404,-0.03664168665018803,0.11569735043981412,0.05474458569218511,0.07282126659388884,-0.007443306131989327,-0.053170431478514184,-0.07090138881520529,0.05168673875021462,0.017819277528187065,-0.051982672564166055,0.0008982316442507006,-0.011503433040682347,-0.0035290475813425206,-0.015041570404428288,-0.00855111764811123,-0.004700622904002753,0.0037504475807080447
7Networks_LH_SomMot_35,0.5660517394762453,0.6023717313977437,0.5522915475058702,0.48023011423599127,0.5105586238212636,0.19435065665786158,0.2742959581035098,0.4025423244973464,0.32114114054298915,0.5172695722788043,0.6021871316256523,0.28295203814465736,0.5919198300292324,0.5685448953472046,0.6273888951066098,0.7105394308007373,0.7375879465226669,0.652658334333233,0.5595440369168295,0.590320964152424,0.5903401895387592,0.6075847976753358,0.5037616836621687,0.7344804200111341,0.721065511045973,0.6966522506068095,0.6000928496699269,1.0,0.7338766657515146,0.6993294743016015,0.2875252747984574,0.5635517134894477,0.31298314526496884,0.5624661414652724,0.4390460010907044,0.4884746815579493,0.3517113835133015,0.46730527621256,0.20332875559511646,0.44400837025849005,0.434343702626891,0.5166939848173117,0.5497795243407866,0.5772655126057586,0.5548932237578954,0.7462017536203115,0.32167785101837054,0.625022920628938,0.7389676763678156,0.6824949427612902,0.5911479430404896,0.7824331190663252,0.6429449126061322,0.6101646609488369,0.7179750895150799,0.7740901015640108,0.7182125941357048,0.37030853562750854,0.10411923641332209,0.6125376599740906,0.5122552077740148,0.49070599754020355,-0.003245308681072924,-0.09974897206512458,-0.11471836497979608,-0.16607778640946705,-0.15185917847164712,-0.14176538758783194,-0.08542745320153254,-0.10697304368241681,0.003389907178408087,-0.021601671639502502,-0.037389406489187,-0.045045342150465774,-0.034578112533416264,-0.022195135639832917,-0.0026623226666808238,-0.008878021119721616,-0.01688935353800583,-0.08354922481178967,-0.04366790951369035,-0.029521190583389815,-0.10116451135529861,-0.05569110171715664,0.008110034820219882,-0.07719024036283328,-0.07892103465349679,-0.11477472335710444,-0.09384329249606024,-0.024686308201158417,-0.0859812496757053,-0.06041371476033474,-0.02830735594712567,-0.08902144063651261,0.09541421635301876,0.0441279945508504,0.006054965580165126,-0.06313625466877763,-0.12313058143719786,-0.1585134345921263,0.005016705317233902,-0.07380713123931769,-0.07407692453330811,0.010016284035587039,-5.738385257130315e-05,-0.05520671232298065,-0.012585826365322439,-0.04862632382934693,-0.03208977127872211,-0.03723259106129639
7Networks_LH_SomMot_36,0.475003060252906,0.48666932661983237,0.43598197533007604,0.3879791646485853,0.41545917786692727,0.18565424639048325,0.17689583587272334,0.3514551959062446,0.24219026398995833,0.3908619623524716,0.5742941484199747,0.17478324528524936,0.47545535556669277,0.5014582517567377,0.5267842307815598,0.588756697648737,0.6089739509110289,0.4642438661485339,0.4777242538946961,0.519792488305715,0.46895216356378255,0.6220040397153419,0.4819718799491076,0.5162898263654123,0.7110339971596377,0.6268700804650355,0.5496763111244769,0.7338766657515146,1.0,0.5975922346859339,0.20042783084511312,0.45679632870674886,0.24113274666995432,0.42146850073731845,0.41412130611313297,0.3816993338041219,0.34067354943898775,0.33821345746606346,0.21244193763173794,0.34630881960037024,0.37521436567529454,0.48101830443670834,0.4359590848901916,0.4141316205304316,0.5209950198931368,0.5988054399209445,0.33446503476743245,0.6001894604412908,0.6251757839144865,0.6259324664795313,0.4847809801642861,0.6730906771744664,0.6321603498649889,0.571822917839791,0.5852294143106288,0.6379349570437388,0.6226036705061844,0.490526412928688,0.2916026119229774,0.5299040733803922,0.4753708029564693,0.41859774893160534,-0.03325360457528063,-0.11459475397415182,-0.12536270419354578,-0.16590903213181518,-0.17116388211707775,-0.1603622826358443,-0.12165730716097513,-0.10433130525261455,0.07625980983796067,0.033513474529780075,0.02163983935254256,0.009995875291022529,0.007212328144867076,0.009815246144208575,0.05031416176380044,0.03761604202101082,0.030783489752385734,-0.0789072027989927,-0.0339173342833361,-0.10048079754689994,-0.14488430450182982,-0.08890947695791925,0.00710747816339018,-0.09008300262685925,-0.016123643621295824,-0.0743785238162542,-0.02356068638756086,0.0015996228323897203,-0.0635995973678451,0.0023511911958909236,-0.005359292400400337,-0.04770068418304175,0.09316612816845944,0.04821495941832189,0.022265080499062288,-0.08379352038602049,-0.07830217820356031,-0.1023643253823576,0.00617403664329439,-0.029643254527771848,-0.009712618457281623,0.0068749091861863565,-0.014233785220789913,-0.013278423707123116,-0.024247635604465113,-0.05463404069763135,-0.03869430963258218,-0.03658349401792502
7Networks_LH_SomMot_37,0.40753388435027615,0.4193880296715029,0.3647094533345225,0.29035930807935123,0.4259544763970318,0.20606773167853892,0.19466735765814064,0.33998901906090173,0.18336721396668706,0.3963270427456072,0.524361448632041,0.10645493457025548,0.40907145264770356,0.428045058206503,0.5006689543475443,0.5437850838784833,0.6257823769381934,0.4954586445699748,0.3779980601077031,0.3744261442875035,0.44385307469376184,0.41516798632628216,0.45251374136154215,0.6361118561720166,0.685817772927842,0.7869399139991412,0.6696071687628427,0.6993294743016015,0.5975922346859339,1.0,0.2541065241021197,0.42037148447664063,0.19792016476353577,0.39165901690645566,0.32960280842271744,0.3408934788571111,0.323512979256734,0.3975982448868909,0.2186810644998038,0.34448803609040535,0.3540940755728257,0.5598283678840403,0.45908763877260067,0.43383797592313306,0.4631127461599693,0.62913188784338,0.2961956288685942,0.5064692529052088,0.5432331865120221,0.49749793880950494,0.48764146569659744,0.7599449686211963,0.5499951456553487,0.6100603580979603,0.7621242065657411,0.7816082973516584,0.5554650248904004,0.46775934467917163,0.16003902394174688,0.5635798724759001,0.5494751494901438,0.571831406149441,-0.013398288850574504,-0.10597451599069813,-0.08024905241112512,-0.11741972658063071,-0.14449137051978544,-0.11025251424782954,-0.06988479869866321,-0.07983465119170602,0.029851292704526546,0.004644028314110796,0.003463082918749909,0.004375215170879404,-0.001762814637500312,0.02475206629530563,0.06066623589457142,0.04685034016371968,0.05796546706771027,-0.04520749300299152,0.006396057761199255,-0.06377381744303723,-0.11395254092226564,-0.08635840680614058,0.03600862951145085,-0.07885013830414098,0.010927211288649714,-0.0143266852222428,-0.004263950504522052,0.05395727578324368,0.01119893206023932,0.014073250521296762,0.07935729321023327,0.012592549532071009,0.09716173514685417,0.020109013455726837,0.052085248862457696,-0.04114152226176775,-0.11489926842984778,-0.11767925286021062,0.03384141169281519,0.004827316438167854,-0.050439488855258285,-0.008415344921940975,0.012721761420469201,0.021380317741191278,-0.009720619580846052,-0.006429141120989956,0.02947421727226447,-0.0070908196620206925
7Networks_RH_SomMot_9,0.32154837795609914,0.3767881727021833,0.3347173755294911,0.30867674247744536,0.41458430578441474,0.29459677713898996,0.360212193213303,0.31806058042144675,0.2506908873648881,0.410581177096647,0.32347003256614937,0.20404446990115557,0.2934379939007281,0.22032316541591185,0.26400757060926494,0.2405294118739736,0.2582861778281571,0.18900732417761282,0.2607698951602119,0.13319574845877563,0.19347706339283577,0.2035951171965428,0.1595298761867939,0.28237268609915694,0.2656145666709545,0.28105289168065223,0.2162669460467636,0.2875252747984574,0.20042783084511312,0.2541065241021197,1.0,0.3257403222201345,0.5087575637525605,0.3029375995638733,0.40013467492379534,0.3057644020008336,0.19501975434825278,0.4482669044936382,0.32493944259474716,0.2821106641716474,0.3395884588839172,0.3410642062732066,0.366800179480462,0.3736158482764812,0.1658127226342065,0.3195766721691864,0.1698238854860732,0.2554593607139581,0.2606945851837692,0.24452244787270982,0.2755914544989161,0.3002895044977787,0.2599599621811474,0.3055434755502552,0.255344166364448,0.2934381354653039,0.267332762288701,0.21541484106005124,0.09737285084637937,0.2468984220179299,0.1259509931390844,0.3316117138021977,0.15519359197532964,0.11395971499170701,0.06750817876717882,0.12437514859102265,0.14729714973961036,0.14262343054451496,0.16044661010481,0.1507280594464937,0.028149577322907366,0.02503447192007314,0.022239576970705593,0.04704233387371377,0.0634139575139946,0.0788476299711155,0.041520378039587975,0.05496319853083268,0.02133843423147727,-0.02813140563805783,0.009700798878828928,-0.015739753646613425,-0.060371775624533726,-0.025550213346723402,0.018211620303634705,-0.015765924172110136,-0.1784102973786832,-0.16852861770279481,-0.1113998462202555,-0.06917889640293914,-0.11497967054154212,-0.09036385687961418,-0.1261233457774359,-0.08416073200139275,-0.05523649496919727,0.013467500861184062,0.006813549007910707,-0.010508349653842576,0.02249582771102756,-0.005794767871487764,0.04834868789008581,0.08777158188819058,-0.15405640733688228,-0.04571750596061101,-0.0793599027849748,-0.01066337063337999,0.048768632044861926,0.012336517109453823,-0.03743818519146896,-0.0035503398243217424
7Networks_RH_SomMot_10,0.5695216984312832,0.5684131408948391,0.6789509599264218,0.527212481502783,0.3001373682316142,0.06545236433269494,0.1878976293297869,0.19663635520685427,0.20576881328473048,0.34018255944684855,0.45212020248569307,0.2519482453515898,0.377975516230628,0.3967915810993727,0.44836817346430924,0.4790426271301223,0.4918628421924564,0.4959717473139259,0.37009463303073137,0.4513419472617245,0.37439636949534777,0.36184808475491503,0.2324772077091851,0.44991790550802574,0.5267857417857001,0.5030779114516245,0.37301273196378154,0.5635517134894477,0.45679632870674886,0.42037148447664063,0.3257403222201345,1.0,0.35498292891968125,0.575846933868944,0.45005590334088497,0.4529199168090923,0.230625848093078,0.33158759432201707,0.02358604776173582,0.24085741593536125,0.28981122103536183,0.484136099505121,0.40704997374707325,0.4785842365256971,0.5057087107045106,0.5406037521884668,0.34599860291441287,0.5261192274391465,0.6064112725148527,0.5564442865350121,0.4975374613906121,0.5720058323909442,0.49843248828134984,0.4849666509627566,0.48067067282047826,0.5272448753849687,0.5806117186159525,0.2191087758862348,0.02211325894452623,0.4650128862785013,0.31663344845848784,0.3763425044691296,0.07982515740993996,0.05860195946365958,0.008004284117386677,0.011401515610071968,0.05764762377248387,0.07896157854925584,0.10236088230942492,0.07681472681455415,-0.012106419868891272,-0.036754431651980564,-0.028538465828907022,-0.04924764621500608,-0.049495425204852325,-0.03617396525235506,-0.019738280701498908,-0.02796871088689088,0.021674780542035893,-0.03484401166500548,-0.010559774915645024,-0.04043640345651361,-0.04846774208601924,0.019207882459571102,0.0035633534171843166,-0.017290215128538514,-0.06401716495905624,-0.08627878619487755,-0.04189918607319542,-0.035674572774065785,-0.07838194691538368,-0.034637749842674204,-0.043231875251409285,-0.05376863026516621,0.11814600952302651,0.09506630915737069,0.0734378055851026,-0.10203928786769784,-0.08962327551099275,-0.1158716714401272,0.0496212372492364,0.002797429433186157,-0.07093001782897398,0.030891153469145193,0.026911225622716046,0.03702847245552772,0.08736324008669154,0.026099931049026175,0.04561693746917837,-0.006702226417992449
7Networks_RH_SomMot_11,0.39395700089554714,0.4564912863829876,0.4278728329502664,0.46598479644948454,0.36169205858553244,0.19622993372251643,0.2856035615585367,0.21063634959942934,0.2844596515480852,0.4183506712457609,0.297481113485312,0.3262635606677383,0.3111331652911863,0.19836524366381508,0.23848552384823832,0.2972473166773572,0.2624498897146164,0.29054866467130935,0.23399094368010784,0.1968700403117288,0.18952179460385224,0.19028901117815067,0.12177565861854664,0.22200366865157856,0.2574285288020631,0.24754073742292032,0.16245108793797006,0.31298314526496884,0.24113274666995432,0.19792016476353577,0.5087575637525605,0.35498292891968125,1.0,0.39125135970142744,0.41884973661928315,0.3691902769167466,0.13984419922569555,0.40791884741126383,0.16137725424866797,0.3189552623793216,0.2678040211561883,0.26813543039426146,0.3612598345671422,0.393424087581624,0.22929675715435766,0.30253870048838183,0.14569967790434107,0.2843150854324809,0.36915437532429596,0.3032978592890694,0.2550795742596306,0.30043307183482737,0.2714404603207105,0.2905067145282328,0.21333348237166153,0.2624413512343661,0.3143363034262717,0.14381717129692642,0.07092282459265735,0.2574803262612513,0.18718449735542825,0.26781041047940457,0.08684129025251551,0.05090264986523008,0.010960985798770686,-0.021786291757861623,0.021788289460302045,0.0240705499816925,0.05643232827039765,0.02815578349751182,0.06664998631561583,0.040388360379363886,0.03317990534959716,0.024112604275293416,0.028270780835377998,0.02041270838675713,0.041784026347066024,0.04405799664859988,-0.025455573144608966,-0.06853546705173018,-0.0029158749779137154,0.01295314309118211,-0.06128949806710084,-0.04411615204259428,0.015299056395225687,-0.03291275681184963,-0.16266462975715104,-0.19528761026433922,-0.138750883040266,-0.11361897106047751,-0.14416839816691468,-0.10995486029361379,-0.0980466574120951,-0.09808634949277203,-0.05176498258737898,-0.02356296273113033,-0.006242146519371047,-0.025602785926106826,-0.03286519812089382,0.02517110274515497,0.03984508636698023,0.06023820964094284,-0.14105304697857066,-0.052613151079799754,-0.1191233431123635,-0.05174115041461013,-0.04262176127583331,-0.11086886874842149,-0.09990607841229583,-0.1209968372501992
7Networks_RH_SomMot_12,0.6651621932301085,0.7885878243451659,0.6651314740787552,0.6733270513560577,0.4402264556654402,0.1270996343350301,0.30055164572846,0.32694125022600623,0.37477956986542516,0.4229573568622441,0.3789096261011214,0.3260832837155886,0.4861000090621164,0.5701072542151102,0.4193432811301464,0.44723854729480544,0.4467916521421188,0.5489709493724203,0.37069219781466783,0.6953936991828489,0.3559933536184655,0.4095195419787485,0.32397230786214737,0.43562427486479877,0.4737166603142301,0.4455710210376314,0.43661451494544823,0.5624661414652724,0.42146850073731845,0.39165901690645566,0.3029375995638733,0.575846933868944,0.39125135970142744,1.0,0.39853817723729695,0.7401954523595179,0.31398534039230175,0.4238759639532724,0.1318911015863983,0.38307420555932314,0.39147993429853195,0.42905092480107737,0.46267845854599315,0.5921161146035084,0.48202972979862435,0.6017025987785132,0.2872385967655802,0.4875774912907271,0.6042980467992619,0.7194671040255863,0.3951965556616698,0.5166738881387278,0.6225180624347562,0.4813921852526782,0.3893856838131373,0.43307585426562967,0.6734141358831149,0.12758849114459592,0.010621283605563256,0.6381747047578283,0.2943290413915812,0.4090037104985248,0.08675912705945955,0.03265567494370657,-0.0007130883765477491,-0.04097852312479087,-0.008592437239069904,-0.027695003445364054,0.03545022166650276,-0.02793221315043126,-0.00494438633773617,-0.04564250195313523,-0.0701709813728337,-0.05784512384401075,-0.07396235032154035,-0.07925112771206497,-0.025704939334194633,-0.048708636629006596,-0.027214136341488886,-0.042687645167769725,-0.004055792815990061,0.007440990628559098,-0.018977979840955388,0.05498204961607973,0.034104029271539486,0.010303700678603481,0.013255932059031009,-0.03136581234256272,0.007557187144372654,0.002787208679136153,-0.03841205693854291,-0.0023033247535225224,0.024744014027085925,-0.005194662897111258,0.09390765658187257,0.04729090154672697,0.05605868332931943,-0.037749420811369575,-0.08923736554253295,-0.12303562818354283,0.11351055887639087,-0.015126184318031565,-0.09257134056598157,-0.0056044828484761505,0.0510386499919386,-0.02430421095228905,0.008880347052439196,0.0006031503549230915,0.027896585688924936,0.037518608880695026
7Networks_RH_SomMot_13,0.4232381815411961,0.4693622148226697,0.4317778596923376,0.43210209983133274,0.4217157222920607,0.13378619587285923,0.13618150214955407,0.2590397285460894,0.09583007394256654,0.2704132842034217,0.35643589060803327,0.07641112884568192,0.24244046131529318,0.26244432143430574,0.3356753404416922,0.3390455828697742,0.37216563188709745,0.35547810052728407,0.36584864339516726,0.25342714473994893,0.3280162118412458,0.35738471623403256,0.2686856096021918,0.34753545194382446,0.36685382893261187,0.34200423621744463,0.23835512979096915,0.4390460010907044,0.41412130611313297,0.32960280842271744,0.40013467492379534,0.45005590334088497,0.41884973661928315,0.39853817723729695,1.0,0.2627860677942323,0.29730198707761984,0.22769830279283707,0.19972669908586846,0.13696313497067206,0.34567905666065923,0.4297624726417413,0.30226976568599456,0.2562126795268043,0.25245253423381625,0.44052429767459733,0.2508660918911756,0.31060226953356274,0.4127900048119646,0.42100021861826825,0.3143082802553692,0.3956458746849326,0.3715154023758645,0.4286789214958769,0.31188798533576206,0.41989716306865826,0.4048683143108123,0.2804276643310827,0.1150436380440844,0.31662820293726995,0.19983707985694302,0.37177321614072034,0.09371507734041225,0.02168968247788685,-0.0009044867950724165,-0.0225148717702444,-0.019463763154103038,-0.037276491878919585,0.045969327828450125,-0.02813240052890659,-0.02249038557395767,-0.07501872504843564,-0.0888127392006086,-0.1029441611960439,-0.09008120427621101,-0.07931775700963312,-0.06174135037462441,-0.08250146688802172,-0.05540802503230536,-0.09895543362490729,-0.08939208065330549,-0.13799242421386262,-0.15852674576803727,-0.13838871387386056,-0.14996343970962364,-0.1512385960804776,-0.13224337398844857,-0.06920283109979648,-0.017158254341033043,-0.0662995623755585,-0.06220872525893817,-0.06692028502625742,-0.07055093516860599,-0.03659932097839291,0.06367974939619603,0.09335532684597363,0.06806115438358161,-0.09338304179207421,-0.019075109888481632,-0.08889075979873243,-0.012281177434241349,0.050951539303626066,-0.1100005178384273,-0.03564244199628984,0.01239297095439805,0.03909618298666735,0.040832259254190394,0.01542015201050267,-0.005227211044346955,0.007531512817182371
7Networks_RH_SomMot_14,0.6636497993268349,0.7543577395154382,0.5929930091532943,0.7244620987672618,0.5066891735521174,0.3831635181141228,0.5578318102606996,0.5725281762467329,0.5151484634954562,0.6137808240197178,0.36240662864000905,0.36371078974513155,0.5513815342210074,0.584742495162148,0.2847873915990681,0.4094524154532952,0.4151152958338321,0.4596461737137419,0.29338689673459883,0.6530516336827628,0.22076676238368312,0.327867084241469,0.22911896622129752,0.32617882534260545,0.4991611490978878,0.4527643498074829,0.382634271059789,0.4884746815579493,0.3816993338041219,0.3408934788571111,0.3057644020008336,0.4529199168090923,0.3691902769167466,0.7401954523595179,0.2627860677942323,1.0,0.16268401097490828,0.6275402839451364,0.3343738805323847,0.5851505396046708,0.5334113095750791,0.33961829599001336,0.550398923178462,0.673440766065264,0.4543287501823692,0.516290180584107,0.23020402303227083,0.46740364985208915,0.5129258655486426,0.6889860633822016,0.32380822621702826,0.4721952303400154,0.5370679687843919,0.4559663276437192,0.3525018933050007,0.36303688398955886,0.6470790515204716,0.10860431529754239,0.06757718403921764,0.6277493028394903,0.32867861674146925,0.3886552560533189,-0.011852112398270517,-0.06144720362962514,-0.0940617269096047,-0.17261126590128797,-0.14222201721568262,-0.15681216214312838,-0.08927309333158547,-0.12132410148727692,0.12176772808105771,0.0856317363457658,0.05098720232259796,0.006324268816394382,0.03846313963445165,0.024519792044568507,0.07995676398300379,0.0485700276395089,-0.01654607152213425,0.013738909478529926,0.03608133433105618,0.01573231438271372,0.008293624183451066,0.050400658794827656,0.04322162272905197,0.05099987317555495,-0.0049552434661839385,-0.004154562837206499,0.010142506837841495,0.019725574884446415,-0.01651592341881283,-0.008614749218652216,0.053469282092756816,0.025543974056133862,0.042285397800232195,0.011825220805331065,0.024165662075895614,0.020175416101382588,-0.037853050419968615,-0.051934347348782904,0.12235137998923416,0.008435475621068306,-0.040858524692938034,0.039009290299222336,0.02118881684972676,-0.01116937233586852,0.033072792803855416,-0.0030727431479797046,0.022962660694997927,0.007508931348107511
7Networks_RH_SomMot_15,0.29207293904249826,0.29553805450784615,0.21125480820303913,0.21029348409526763,0.286062601142041,0.03983952649333102,0.020414703916563602,0.16342507877215703,0.14154541557193565,0.1163536800761473,0.24155831000986044,0.03085281007108069,0.2745266379777519,0.30436531951165346,0.27920906984811816,0.2751053080806877,0.31978039151453236,0.3742309837156103,0.23908843470848273,0.3298876422727602,0.2815434387249018,0.3398913290076186,0.38862655912610405,0.3130722674863596,0.2571668379794646,0.30812241130865853,0.35877008404014504,0.3517113835133015,0.34067354943898775,0.323512979256734,0.19501975434825278,0.230625848093078,0.13984419922569555,0.31398534039230175,0.29730198707761984,0.16268401097490828,1.0,0.15919188534209225,0.18541291141504002,0.2001559548626794,0.23514120505521377,0.19990673859713473,0.17417363660158466,0.2065854128758404,0.2612910905979016,0.36825531680334883,0.13100368637397264,0.3095244093170342,0.29087337059161644,0.2799988703317464,0.2624629247282791,0.3299966715346507,0.3956363515701635,0.2254011653907643,0.3517096898832928,0.3237743996733784,0.23922159144248406,0.27607901302675636,0.05381565615429351,0.21875823158662788,0.2540323725823991,0.1483647572238811,0.03358356101778519,-0.04971438993020096,-0.08404492829721467,0.03350793601458891,0.024022639931767266,0.03766093564428114,0.005440646059817048,-0.05401228841456526,0.0747148598540037,0.04210653286557102,0.032576431061653206,0.07059070322019521,0.0299045677580198,0.021674493639005116,0.06916216076900983,0.04903620768196199,0.04165960017029091,-0.0021824372838373856,0.023784667278609267,0.02625821669964374,0.007456137054861598,0.08385748380431943,0.08914206817003012,0.06414554031520739,-0.043969069986099646,-0.06597318334317134,-0.0465505193302136,-0.054304508078305704,-0.09284529455461553,-0.07672504951041736,0.021683528153730623,-0.1101932818120452,0.019698216821323253,0.059639868491954746,0.01343786957908884,-0.02145813037664322,0.06242545858929557,0.024060771395671553,-0.005006229159022808,0.03515709445789556,-0.02202458502188196,0.03359954378782254,0.09240506895096748,0.07957810287653189,0.05768669208766577,0.057293018496044436,0.11707773387238672,0.06473146867801025
7Networks_RH_SomMot_16,0.44387611333661103,0.5398573825984906,0.35423912187859014,0.48295219526022376,0.6277668294156322,0.6619930284093183,0.7884472903678684,0.679038539721672,0.5979470537742747,0.8569013210440148,0.3588210255846873,0.3887970953429773,0.6689251809726339,0.41717538483032557,0.3376542238946457,0.42316191686392235,0.42933789597782535,0.3605560833200315,0.367998958099247,0.37054597914309695,0.26833183395394894,0.32031511115423916,0.27959076850989767,0.40185744106560706,0.4377684944431458,0.4245018917598647,0.3837734875862317,0.46730527621256,0.33821345746606346,0.3975982448868909,0.4482669044936382,0.33158759432201707,0.40791884741126383,0.4238759639532724,0.22769830279283707,0.6275402839451364,0.15919188534209225,1.0,0.5324438363216201,0.8267343504292721,0.587491959157447,0.3674211322777282,0.7264983584261451,0.6952061597843391,0.2801450961992813,0.4181350988110544,0.11681878740593854,0.35414797246047125,0.34786393392535936,0.4000906984177737,0.2583003438385625,0.4391618977268335,0.38968234525803586,0.388458768186409,0.33918619714182474,0.39764327333549593,0.4258949199215424,0.22106722579502092,0.10474768498530171,0.42234461793616,0.29896074625368413,0.36531574537093625,-0.046052874661846266,-0.127583278631752,-0.15020665312491233,-0.21283140194302544,-0.18691119493264446,-0.17928557118701274,-0.12801648225597656,-0.1527625943358265,0.14029254378302694,0.08242949801362484,0.06395306126525477,0.08153578477274287,0.07536762917314371,0.07396947763778308,0.1342990351954697,0.07095470490267268,-0.04786491951286938,-0.003186432287543924,0.022232747017109165,0.05164345084535901,0.03601152110632284,0.04755264903796838,0.020920439180111872,0.02392067151292562,-0.02242350693324016,-0.007011254126396453,0.014653210066722266,0.03860737107821922,0.0029720468153486296,-0.005013265598521016,0.06385647166700324,0.027424672100423667,0.043684793708432465,-0.0005574478690233495,0.0527192144740775,0.02469180453420317,-0.05184184024592969,-0.026122765967041196,0.08737931332877945,0.00032969139065621995,-0.048612798687474555,-0.011354533045666956,-0.074804810892407,0.008356566595068466,0.0027793269480233963,-0.04928102869959228,-0.04023398783780356,-0.0849474403978804
7Networks_RH_SomMot_17,0.1759109364075285,0.22976700474347792,-0.015576303165247248,0.17141105771398454,0.5577081626994262,0.6952585258914695,0.5614502884748179,0.6519371917281093,0.3600438946551132,0.49891691172220465,0.165352218921007,-0.012496848184276765,0.3713221959861276,0.3354484374911862,0.20779256227634352,0.17136981688302932,0.18281058190923466,0.0916962746316347,0.23248977270167395,0.2142536876431086,0.15930810464906878,0.2792502756678843,0.25771347459399735,0.1866558073848835,0.21105964220765408,0.19144558146288285,0.24169873569600983,0.20332875559511646,0.21244193763173794,0.2186810644998038,0.32493944259474716,0.02358604776173582,0.16137725424866797,0.1318911015863983,0.19972669908586846,0.3343738805323847,0.18541291141504002,0.5324438363216201,1.0,0.48814725045029717,0.5346135223544651,0.18862398620658946,0.331681884320298,0.2570921682156322,-0.016839430979290478,0.14657561196073196,-0.08151954939718045,0.05472565255426613,0.09187728731671166,0.20617611860052287,0.0064735180405325,0.16337194860840268,0.14637083313424878,0.24534387230243343,0.12342606754818189,0.1530963991216427,0.1886006296429923,0.1947794415821016,0.11340351059102953,0.2039985332462616,0.11247037224017106,0.1756621485168014,0.011173938712734565,0.02291023596117719,0.016157460272218326,-0.1218308727825079,-0.06671747074936307,-0.06928724154676862,-0.08944005271019169,-0.019478887263250394,0.16005253329674715,0.14157775854853355,0.11614117359477301,0.0873268351976691,0.11306426701480123,0.10100028274570069,0.11329748133157352,0.14094037090226189,-0.030442032054712482,-0.028226192171695762,-0.023403380155181362,0.04352953873084175,0.017041273247749004,0.0038543006082771662,-0.0010911241396894258,0.0025266736945041583,-0.03948897450520379,0.06433830718490434,0.01909794603516938,0.1278385805895245,0.12134816009232584,0.0933222350804323,0.05251059982235709,0.0938457573818775,-0.03571416370798048,-0.03337940771251915,0.021711810038108115,0.06577252410516074,0.03187196099146579,0.047076002206261985,0.003191946870556151,0.07750858831840303,-0.0872207694112386,-0.0431875508021197,-0.09393540535855517,0.010089802376744566,-0.003517971829698798,-0.07093684432633804,-0.014222469083935834,-0.06766730953477018
7Networks_RH_SomMot_18,0.367320589122297,0.4772876200929019,0.28360437716089276,0.41991174549725147,0.514238928682887,0.5853586029235965,0.7103724546402519,0.6486784684982291,0.6058151968429646,0.8011021632437044,0.33275723281826197,0.37368679317550596,0.6921272271396005,0.38919801642296925,0.3075711926508878,0.4241576020730239,0.4060003197407627,0.36764913326065773,0.31988996392605873,0.3962505130139359,0.227637426170616,0.3149302401100105,0.27481606392185615,0.34485424924284347,0.40762830033509145,0.38572292944774494,0.36384398570168264,0.44400837025849005,0.34630881960037024,0.34448803609040535,0.2821106641716474,0.24085741593536125,0.3189552623793216,0.38307420555932314,0.13696313497067206,0.5851505396046708,0.2001559548626794,0.8267343504292721,0.48814725045029717,1.0,0.5377346083072218,0.30324124975683026,0.6793876632264254,0.6784459366774226,0.2513084934158402,0.3715987658681609,0.011251706892483837,0.302872449928354,0.2788636009647657,0.36268850317932444,0.13640148421745438,0.40286447367935646,0.34724704020178543,0.3259009607473151,0.3086047800080778,0.3240612134627282,0.3885613239988022,0.16474124239472446,0.07035794837657344,0.4057804299286685,0.3270893661543366,0.2744568168514689,-0.08531545727524575,-0.15114370558412452,-0.16202730113615754,-0.23313826556927966,-0.20708147782841912,-0.20206316623559026,-0.15172277183532265,-0.15957871651386882,0.155795942761238,0.10340676598139141,0.0857017090317166,0.07996968369176187,0.08108009008467634,0.08652430729606617,0.1420535774124765,0.08518634054260807,-0.04462121357018479,0.02061314999086961,0.015542095223145935,0.038296587575135654,0.05986036164796233,0.05993284011458978,0.0050418259440663795,0.03597741823699428,-0.007397417645273782,0.009702992137537338,0.007478652412806978,0.06092246607601246,0.023494357130432138,-0.0066493337865591055,0.07606124789561243,0.021105021792685134,0.07535050150271605,-0.013282840610895656,0.042026406231775455,0.06754835363531841,-0.04058040031108994,-0.020535844697106235,0.08867857740936035,-0.0008111190015779301,-0.010154383681265767,-0.0013738261462659805,-0.035198622229917854,0.04436602960990896,0.0060000160274860355,-0.027735419991091068,0.0035775110341993814,-0.06234418121005471
7Networks_RH_SomMot_19,0.44688798073374314,0.5024391078557114,0.32257050330604625,0.4476708792284342,0.6218747940686079,0.524504764477978,0.5348898324358824,0.7197564650316067,0.44522522473006143,0.6331705654357945,0.33967193125256534,0.14151023090183537,0.4809318298559367,0.43738863029860925,0.30871084792408277,0.33687739346920015,0.34241914367792253,0.3135572186366984,0.2970449414319318,0.38109158035648727,0.23348337753083614,0.3619483845094361,0.2723642952083584,0.32021327106882724,0.4052016038295188,0.3771377778215286,0.34995549636201656,0.434343702626891,0.37521436567529454,0.3540940755728257,0.3395884588839172,0.28981122103536183,0.2678040211561883,0.39147993429853195,0.34567905666065923,0.5334113095750791,0.23514120505521377,0.587491959157447,0.5346135223544651,0.5377346083072218,1.0,0.3218967015511551,0.5915787981948795,0.5107669750396552,0.31692720864074886,0.4196112229097202,0.21655329656731306,0.3949806516999814,0.38413182582332706,0.444570411603925,0.2825432943638304,0.40976967596028424,0.4440147888320816,0.3894398696289402,0.35271186674944394,0.37343867682869014,0.4153832813380394,0.2098782703427126,0.13267931118115706,0.4091021936785486,0.2506710505473356,0.34993424468383527,0.04057549373024298,0.012480211274284893,0.02727047788917099,-0.0997416675105221,-0.08944589521109964,-0.0875827644124305,0.002445752725356049,-0.0377591448792017,0.07169782972375438,0.047694414142490205,0.04071960730518716,-0.01223150173346906,0.0012920439661689765,0.005933194558379658,0.037418453590391615,0.0461968797125947,-0.02146974777819345,-0.05145407227973112,-0.04369982289636776,-0.009288517922443925,-0.009187881916328699,0.016789463057606348,-0.034116817870606504,-0.00039276593574068063,-0.008521581285181065,0.010962773713000858,0.04978239298285572,0.006958063669017054,-0.0006587095284250089,-0.013283611551414887,0.049401415241089784,0.026504034607637696,-0.024042628600467346,-0.08808475689702176,-0.04318866491658607,0.02792100078677252,-0.050064403309458765,-0.01288102119646268,0.031244827752323553,-0.023135452834307072,-0.08370696527320953,-0.048151002679343205,-0.10075420523007214,0.05149133291745449,0.045567619809388095,0.003987478435474113,0.02443393672042243,-0.06734313839460858
7Networks_RH_SomMot_20,0.38041081160834006,0.4217269365587787,0.4375364606834876,0.2844145065205751,0.3581611672815651,0.1679348749651478,0.2019787442817474,0.27236509985743984,0.16400721908574,0.3779621647338966,0.622541049755664,0.13421552082828425,0.3615622978538462,0.36642504383243546,0.4719041860980746,0.5129003071658319,0.5260179214955825,0.4402252362557521,0.36177001140360443,0.32939697563997145,0.3996410120253509,0.31389944074602605,0.31094149741962324,0.46447558666686267,0.5673404414486948,0.5910631725413261,0.46329862300406344,0.5166939848173117,0.48101830443670834,0.5598283678840403,0.3410642062732066,0.484136099505121,0.26813543039426146,0.42905092480107737,0.4297624726417413,0.33961829599001336,0.19990673859713473,0.3674211322777282,0.18862398620658946,0.30324124975683026,0.3218967015511551,1.0,0.4376150542557574,0.41610060675072835,0.41818922810047365,0.6120218159213543,0.2612476024069776,0.40047319248707186,0.4728295729135926,0.42142249968231416,0.3689895952345819,0.6357491658031832,0.47581363164135965,0.5671633824117638,0.5479442561949793,0.5908967723248506,0.46797813801762783,0.33530472410165985,0.12521109212810047,0.49573101390833946,0.35789755557925973,0.5353550405647369,-0.0277369747413945,-0.049661270774944505,-0.023511115308354594,-0.05516939485468435,-0.05981234671167916,-0.028871881857937435,0.007907523335081061,-0.002814832042527643,-0.027558487751839333,-0.0326001292033736,-0.035577271730111756,-0.07113722170936648,-0.03834719621176109,0.0029663902080285186,-0.053354925620828386,-9.487254439605187e-05,0.03974764534334268,-0.03665759196857004,0.007429349860088818,-0.12524497128770104,-0.1467770263760751,-0.08479188489469096,-0.03354092256797655,-0.09462703178835054,-0.04035643563099102,-0.031851070465004246,-0.014010946363618163,0.004465656021356386,-0.025752405049987513,-0.03699248302764224,-0.04739391842013742,-0.004637512604765645,0.0893677240453985,-0.0036003998519358164,0.0503372586566165,-0.039275348328664146,-0.11401715556518432,-0.09379554078092898,0.01379931026607545,-0.017773992844304462,-0.13033435735299814,-0.07085627967658274,-0.01696905190731824,-0.02014728216926358,-0.030668613903856105,0.014525145246442868,-0.020967384905291053,-0.0285094384164206
7Networks_RH_SomMot_21,0.42930794815997697,0.5522252153603107,0.3682895036971491,0.49246031280946334,0.4864364403852359,0.42112227936616015,0.559591525762103,0.5418259095381972,0.5325344941615989,0.7640696509258178,0.4220633404197524,0.45533439309089513,0.7027587397525614,0.43098085446482864,0.3785177522006615,0.48500926362718494,0.4525870636997245,0.39519721084659104,0.4612435636186536,0.3760361796496049,0.35313503353330705,0.40406172257957196,0.23352259595739966,0.47277294315906637,0.4976010639415106,0.4522253498658984,0.4525711056750359,0.5497795243407866,0.4359590848901916,0.45908763877260067,0.366800179480462,0.40704997374707325,0.3612598345671422,0.46267845854599315,0.30226976568599456,0.550398923178462,0.17417363660158466,0.7264983584261451,0.331681884320298,0.6793876632264254,0.5915787981948795,0.4376150542557574,1.0,0.7719177856549918,0.4453130195066759,0.46452342710186006,0.38036623341170694,0.5401655941899903,0.5103789105595603,0.5169318011358175,0.43317092173776617,0.48993920462822793,0.5079481548116667,0.5141237798219394,0.42778487548393007,0.4926817326863376,0.5085976949283278,0.2906950789233065,0.20860012952111587,0.5264294577092392,0.2639372567894323,0.4894725874663664,-0.022191604765380686,-0.09918342209849612,-0.0863923251287063,-0.17122556882916118,-0.16401703042361007,-0.16173154275475388,-0.07193106910710356,-0.14178630234313924,0.12166444836626651,0.08420185881693557,0.07247930564732194,0.07064121088026162,0.07446569434822256,0.08189884392788757,0.13396523288693007,0.1048594192707286,-0.06115399049336791,-0.0243836342405098,-0.002142960525363053,0.01380036115632629,-0.020004215990201007,-0.001643341209427581,0.00043053819656501806,-0.02360751432910042,-0.04374873305680085,-0.045320751934231705,-0.0314843952093941,0.047994351607112,0.0030326600729542468,-0.0006335862503649811,0.05327084459122156,0.013400494964414788,0.02138171183243447,-0.0449056363488882,-0.010916837697091949,0.01652616668376385,-0.08745976929928384,-0.08375238748358539,0.08745381747962193,-0.04873034375236276,-0.05389409813004327,-0.04531926666792571,-0.059464465020126,0.013682548461717113,-0.03065430240293369,-0.053313439231384444,-0.05405346549031142,-0.09895229196513618
7Networks_RH_SomMot_22,0.5389834105734893,0.6566879534897916,0.4889509231013761,0.6121804970606161,0.47176325772684874,0.32669353599572326,0.5430883561219981,0.48612541879103643,0.5853735562986186,0.7034748282357463,0.41366926267143483,0.5075061783209537,0.6877188570337247,0.4526036068976319,0.3775853849606876,0.5193057992078224,0.4424240784410713,0.5295664597462384,0.4196732622801583,0.49530978082206834,0.32601751587949496,0.39043641588455347,0.29302927343357077,0.47785017551204995,0.4930704600590825,0.4511873535249839,0.43454546732896515,0.5772655126057586,0.4141316205304316,0.43383797592313306,0.3736158482764812,0.4785842365256971,0.393424087581624,0.5921161146035084,0.2562126795268043,0.673440766065264,0.2065854128758404,0.6952061597843391,0.2570921682156322,0.6784459366774226,0.5107669750396552,0.41610060675072835,0.7719177856549918,1.0,0.4539222105160154,0.5391098202431538,0.3116251714391486,0.552933797518177,0.5397040640209164,0.6074066711037536,0.45020996235265653,0.4965739179268674,0.5702705154570107,0.43928592017922286,0.4308410062721808,0.480143063793874,0.5673497478037817,0.21800084159085112,0.09162904781924655,0.5240099595397016,0.30085864230932524,0.39791128014432364,0.002450947070367206,-0.11698552262622958,-0.12920442375669333,-0.21237525509563276,-0.17836972032037335,-0.18215891517199914,-0.07541376036661915,-0.1529797755781377,0.1585398732807559,0.14290605963898426,0.12023696086120503,0.038672368801202846,0.0805490841395329,0.07379340821058943,0.1272083534413514,0.11444187653898294,-0.04526421721683816,0.018806585542387316,0.04700514133582226,0.03680858965548856,0.02055469916214971,0.06320679308406958,0.046049857106946805,0.05179866864698158,-0.08428520741583857,-0.08606219147240822,-0.03808923619757829,-0.0330398169069839,-0.07587003817146316,-0.059739675524836326,-0.03437777340675976,-0.0494455262914823,0.055799633859748766,0.02047048396652692,0.020858033517725433,0.048780258519889076,-0.046449747474023494,-0.04733316728831998,0.13311929978418452,-0.022752483932952344,-0.0807171080891061,-0.020888976115674456,-0.04315825708971975,-0.033543415137490595,-0.01502037808986245,-0.046921861936387824,-0.04728246290745102,-0.08453705478706407
7Networks_RH_SomMot_23,0.49884955333513814,0.53629595569069,0.5842175563358761,0.44310850301306437,0.3002931147552336,0.07785607154362383,0.07515003336571834,0.27005760630155956,0.1552712827250365,0.2817731572356938,0.4390220974252596,0.26245608956560096,0.37983490145993526,0.5851421088172805,0.36712175099236005,0.5330325033288106,0.5368244555823507,0.44078290745014276,0.3162698450890356,0.5893948705160406,0.2863521822849049,0.3565802939553192,0.27271214346242684,0.35599274982375034,0.6784891033089893,0.5991978708761818,0.4398665645785214,0.5548932237578954,0.5209950198931368,0.4631127461599693,0.1658127226342065,0.5057087107045106,0.22929675715435766,0.48202972979862435,0.25245253423381625,0.4543287501823692,0.2612910905979016,0.2801450961992813,-0.016839430979290478,0.2513084934158402,0.31692720864074886,0.41818922810047365,0.4453130195066759,0.4539222105160154,1.0,0.5683498993070559,0.5720510229733072,0.8190613758663979,0.749469689809992,0.6040391455765667,0.5583236746578369,0.5812154720173285,0.6780673536706457,0.5549997911794619,0.5301388559897106,0.4913805933809931,0.6332372843578955,0.1972493855977792,0.1809755006261398,0.6109873174042904,0.5154803731214774,0.38890640091913903,0.011921330095670379,-0.08064322251688921,-0.08007377377588407,-0.13215915005864398,-0.14503801535872163,-0.11390610677008113,-0.08235045155280844,-0.08338791499502399,0.0434988509281761,0.027179801368230717,0.006037014884624249,0.013021622063901334,0.008466608707331251,0.010695422982044683,0.039743330431873204,0.04265041230894008,-0.05730329712320819,-0.06679579967951522,-0.02545086185922257,-0.0906818677659022,-0.11002561545438055,-0.05738717106796418,-0.03014494770296424,-0.03908765421456624,-0.027833235252661525,-0.11821204033918307,-0.05311453157154329,-0.10968430332049119,-0.14227277020761034,-0.08587565391241742,-0.03888309362494298,-0.06994339608448139,0.034034670237302854,0.010712945224288947,-0.035019080192116955,-0.09364915326190626,-0.10141716667790934,-0.12861383528889778,0.04839108269289609,-0.10062257840724573,-0.07819204525912742,-0.04471651821300247,-0.07181094701542004,0.026263333930663595,0.008942821731105607,0.015974190841501725,-0.03579766040701577,-0.0491567673260161
7Networks_RH_SomMot_24,0.5975874247597334,0.6352045581712809,0.6258377686248217,0.4988890386669646,0.4868257044976568,0.1410101144533927,0.24283857905011966,0.3775446111963497,0.30606008074663615,0.44721306117344123,0.661082905590118,0.20385646447461525,0.4990100744392295,0.5302760934330812,0.5670916032178249,0.5984416604906634,0.712847401943137,0.7198221076859381,0.4823233149498992,0.5714197956752017,0.5314460530562206,0.5141078631515259,0.5254697305628719,0.6500990790220702,0.645069782087187,0.6685798508290798,0.612835750704616,0.7462017536203115,0.5988054399209445,0.62913188784338,0.3195766721691864,0.5406037521884668,0.30253870048838183,0.6017025987785132,0.44052429767459733,0.516290180584107,0.36825531680334883,0.4181350988110544,0.14657561196073196,0.3715987658681609,0.4196112229097202,0.6120218159213543,0.46452342710186006,0.5391098202431538,0.5683498993070559,1.0,0.33810023218478286,0.6033932590839304,0.6628330095559775,0.6436701570113762,0.5304651884800572,0.7783624153403761,0.6929780936636072,0.5815018689701266,0.6577337010348046,0.6639983422981848,0.6410869554977926,0.38345753509759295,0.11490641221953649,0.6190070257739656,0.4744693801796567,0.5097116156930754,0.04141723217677052,-0.038776085192036625,-0.041444378901057566,-0.08818926213537664,-0.07942140734430245,-0.07666345248992172,-0.006963392846674622,-0.05035559224072653,0.03142225792247629,0.01708555926758944,-0.0028019043846511673,-0.04450057688259226,-0.02217095881311547,-0.012662243253031676,0.004490414475594641,0.02223511487229394,-0.04689414736041858,-0.06549896483066432,-0.026980378074773104,-0.03454150555768243,-0.08620808079793012,-0.02279628749765237,0.00812889959844718,-0.05263606024021049,-0.03780639936598711,-0.0896107426859583,-0.030459306381793474,-0.061072878494510305,-0.10077344613761492,-0.0693470379204496,-0.047010820959328285,-0.08770688588379108,0.06535017883387212,0.006813442886102162,0.001809540728309887,-0.04151062962854761,-0.10216676586539875,-0.11155247607158494,0.02847552896576838,-0.041881518467300365,-0.07322966303703296,0.03598388500887695,0.020999051425023868,-0.01104079032453648,0.029870928270052877,0.019638514338578505,0.018373132655628444,0.0033664620286674996
7Networks_RH_SomMot_25,0.3459807061993818,0.34730941139844923,0.3958797462334945,0.3941440005905313,0.2537844229741149,-0.02998305303372395,-0.010834696350690246,0.0866087822068938,0.18357245964316807,0.14858897375257127,0.35761950910605983,0.13869414784685669,0.11116805460510612,0.28475350852290376,0.27683427090220175,0.21201750443788914,0.25410667580326496,0.18177448693009157,0.38920383588181584,0.2309663813534762,0.3416581456175354,0.4159114559477141,0.18840899454590668,0.338983174279429,0.36269822616671593,0.2779712262027556,0.34288195199436533,0.32167785101837054,0.33446503476743245,0.2961956288685942,0.1698238854860732,0.34599860291441287,0.14569967790434107,0.2872385967655802,0.2508660918911756,0.23020402303227083,0.13100368637397264,0.11681878740593854,-0.08151954939718045,0.011251706892483837,0.21655329656731306,0.2612476024069776,0.38036623341170694,0.3116251714391486,0.5720510229733072,0.33810023218478286,1.0,0.6719345353288774,0.6075066902038743,0.49437812158704847,0.7505037756834847,0.3404091715303094,0.49327154049998406,0.439723780408745,0.3056678394794562,0.3758070730596733,0.312367993644383,0.3297968781307322,0.40019696630098267,0.30252071748898507,-0.047684120710997153,0.4768593269471162,0.04024024636825342,-0.05496981214979839,-0.041506662853048326,-0.021585291509015156,-0.0636790321657287,-0.05680761094432388,-0.04261972628117114,-0.09385721757999808,0.11767651301511883,0.08367059802302328,0.06656662957484534,0.05320795720642511,0.059620959664766444,0.05689782908060693,0.10999389495418542,0.10874667506655705,-0.04399480537043257,-0.072696842098414,-0.031387029870812745,-0.10335091580143979,-0.12883043160269844,-0.09004633545494241,-0.04930517185779075,-0.039111685922926416,-0.029667875054079234,-0.11585884814967463,-0.0806090156333503,-0.062010585825893985,-0.10631552100995509,-0.044213870986161016,-0.03600241286589873,-0.10338021375990251,-0.07056362159470052,-0.02392524998572174,-0.057107531627824754,-0.1422140681931762,-0.10209654894931222,-0.13826617279879863,-0.04428354128354422,-0.07566047371404586,-0.032787618609280936,-0.045361883866580285,-0.07135093151818893,0.061521008729451265,0.022517764197297317,0.015347183970407385,-0.0895726943625505,-0.08188398425924003
7Networks_RH_SomMot_26,0.531253987113158,0.572233610788386,0.5775107706100481,0.5063019502105754,0.38369382879108965,0.11817990733050071,0.14527724107051895,0.3204410945601809,0.2939671276528554,0.37300214660360487,0.47368290966379156,0.3214529586218834,0.45518883304213575,0.575407598391386,0.44912093080167187,0.5640830957247561,0.55711191408167,0.4706310089351144,0.4646841204384918,0.5226639931672131,0.41621303662257386,0.48571495915346485,0.3670243988014705,0.4914520274516788,0.6562006236341429,0.5515542109522238,0.49036475969037446,0.625022920628938,0.6001894604412908,0.5064692529052088,0.2554593607139581,0.5261192274391465,0.2843150854324809,0.4875774912907271,0.31060226953356274,0.46740364985208915,0.3095244093170342,0.35414797246047125,0.05472565255426613,0.302872449928354,0.3949806516999814,0.40047319248707186,0.5401655941899903,0.552933797518177,0.8190613758663979,0.6033932590839304,0.6719345353288774,1.0,0.7609096447742708,0.6352435651260961,0.7027956517403102,0.5990990068567662,0.7333610187912126,0.5686555560224072,0.5528880140117483,0.5521781246122888,0.6305164590116317,0.3008472288069559,0.27678885591462,0.5839773941055991,0.4464180599783538,0.4387252914311377,0.0031095540810838844,-0.10727998697172036,-0.11687776694708929,-0.12618782648744373,-0.1445961740404102,-0.12484683613775696,-0.07917765565811707,-0.11706867739116483,0.0801671674693739,0.05642072608126198,0.02944794555612695,0.01312138969739151,0.02811104700112305,0.027046162020839298,0.06361787323455889,0.06625932328813669,-0.08854982093608137,-0.11308684994566352,-0.059432450644774086,-0.09161600381245777,-0.12749511224938742,-0.07103519506273512,-0.05248071706061507,-0.06603273788043011,-0.054624950789440054,-0.15651241423366904,-0.0867460196686547,-0.12450327494931124,-0.17524215733519263,-0.10868037313677296,-0.06919033092978312,-0.1417538952308183,0.044556909654040765,0.052969165413459855,-0.0037261934065179244,-0.10705285097742684,-0.08179590492818449,-0.12463359544201932,0.056411675181700364,-0.06857437777626268,-0.09773911453194617,-0.05919553121268187,-0.11358037526601596,0.01910072386603143,0.00851906993306636,-0.006708080647652035,-0.07536692793170796,-0.09294415856331306
7Networks_RH_SomMot_27,0.5949153169673151,0.635185099231149,0.6377541268101201,0.5627030911142944,0.44785112915880737,0.09099328109711734,0.14703786075343792,0.31348346938377725,0.2573303488686914,0.38615104032869224,0.5705496769627917,0.26626133539080526,0.4590245012383125,0.6208892920931285,0.5661544368685743,0.630897296549029,0.6131694325729148,0.5257025631799566,0.511797286108629,0.6400891521974617,0.5152167520615627,0.5681478054473821,0.3365468277337324,0.5656724481819428,0.7183393458649466,0.6145204268277881,0.501602698687574,0.7389676763678156,0.6251757839144865,0.5432331865120221,0.2606945851837692,0.6064112725148527,0.36915437532429596,0.6042980467992619,0.4127900048119646,0.5129258655486426,0.29087337059161644,0.34786393392535936,0.09187728731671166,0.2788636009647657,0.38413182582332706,0.4728295729135926,0.5103789105595603,0.5397040640209164,0.749469689809992,0.6628330095559775,0.6075066902038743,0.7609096447742708,1.0,0.7810725728001666,0.751622005163074,0.6901444149189936,0.6892664379010387,0.699061318063214,0.6008728183258296,0.6603458721002268,0.7398583465608622,0.2774674846893979,0.2252105161741347,0.6474291742875368,0.37696742071167716,0.5555159223731836,0.001593068081785672,-0.0941874299298043,-0.09875544686907714,-0.13636871368275197,-0.1392834852206311,-0.11949887515097728,-0.08070994726163354,-0.11777670893719185,0.045626477846416644,0.027364751830680233,0.00396782756590571,-0.01635092059428582,-0.0033805870558487948,-0.00047927312727233455,0.023591268705349853,0.03800274872648801,-0.029385086871429583,-0.10095372321058335,-0.03841849361190513,-0.09201663325411451,-0.15755631626487182,-0.10186103451541544,-0.026128420425921353,-0.07123970638683805,-0.0646697593337044,-0.1196506905599472,-0.0758178414932951,-0.06735222827877867,-0.10685102961146783,-0.04698020383455737,-0.06447840261693091,-0.08002646665829406,0.04176139065074659,0.02361280746085103,-0.017055563307598987,-0.13900322004281,-0.15622548938462774,-0.17230575977256157,-0.010501878613559286,-0.09682553144052998,-0.11352127837017273,-0.024541197946957742,-0.04898921017986138,-0.025691069708987744,0.0043860421892324515,-0.035600671784709756,-0.026684135029014736,-0.049310284398773
7Networks_RH_SomMot_28,0.6410825782079221,0.7146790401262695,0.6134382746005528,0.6357104113431618,0.4790480267532508,0.1573948932883925,0.2668211235256395,0.4096015690144336,0.3872255984966576,0.44354412000753113,0.513167033097791,0.2822459772514668,0.5265339992785836,0.6734443504197622,0.516661868559685,0.5139365529435738,0.5262835381737825,0.5384085790040531,0.48719971820491714,0.7224424221670036,0.45478188374722905,0.5939712659486968,0.38046347617888165,0.5053502746553907,0.6600930518250122,0.548874399631934,0.523421944087188,0.6824949427612902,0.6259324664795313,0.49749793880950494,0.24452244787270982,0.5564442865350121,0.3032978592890694,0.7194671040255863,0.42100021861826825,0.6889860633822016,0.2799988703317464,0.4000906984177737,0.20617611860052287,0.36268850317932444,0.444570411603925,0.42142249968231416,0.5169318011358175,0.6074066711037536,0.6040391455765667,0.6436701570113762,0.49437812158704847,0.6352435651260961,0.7810725728001666,1.0,0.6110851541584004,0.6270783320308869,0.6935341366271093,0.6674742873186238,0.49345035288273426,0.5832515029625052,0.8091942403224437,0.29258418626562865,0.25011703117669815,0.7069052299009181,0.3005314201400597,0.5362787819157769,0.024954230021295522,-0.07067610041916408,-0.1010566792547982,-0.17946121238212923,-0.1490458830920692,-0.1660061152345243,-0.11121465971831351,-0.143651032496471,0.09258123796866415,0.07210828581864727,0.05091270306667543,-0.02038354029849977,0.00714408043015067,-0.005745694278260566,0.056290902162065996,0.05845596718920084,-0.028075780330457503,-0.03898059177999001,-0.004000956853065472,-0.050476594380791856,-0.08851145623734198,-0.03131803508845071,-0.002789087340114478,-0.0022032164460446327,-0.00141325610005688,-0.039423518927745684,-0.010795473841030313,0.037503862464945636,-0.025347307176141132,0.029223150636731483,0.008778093546695552,-0.008303563443155236,0.034907350950698565,0.020457770077131694,0.002341875388984643,-0.04968278703092015,-0.08969933400847938,-0.12677862437484896,0.056501661469087805,-0.02796049096082582,-0.050157625122542585,-0.0022326817318199356,0.008893359688964994,-0.006109679793331157,0.008138492082814629,-0.03412610358433609,0.019080401486917635,0.002721296739051172
7Networks_RH_SomMot_29,0.5050416899670374,0.458580397429362,0.5244899350455997,0.4559101772268674,0.3771966573643997,0.02368178951091611,0.08772895372246743,0.18810922845306943,0.28353109678306343,0.2916193691768023,0.5012442229439528,0.2169472349468352,0.2744130899740011,0.4178090683869724,0.4745375691127043,0.4579077755041166,0.4921685725088663,0.3772580067070391,0.5300031743538425,0.3450478475804732,0.552192066470667,0.557699674007709,0.3171572549713901,0.6171094836725,0.5127571274555748,0.44084890897356915,0.4401165844963674,0.5911479430404896,0.4847809801642861,0.48764146569659744,0.2755914544989161,0.4975374613906121,0.2550795742596306,0.3951965556616698,0.3143082802553692,0.32380822621702826,0.2624629247282791,0.2583003438385625,0.0064735180405325,0.13640148421745438,0.2825432943638304,0.3689895952345819,0.43317092173776617,0.45020996235265653,0.5583236746578369,0.5304651884800572,0.7505037756834847,0.7027956517403102,0.751622005163074,0.6110851541584004,1.0,0.5751999516336057,0.5324060029699449,0.5384857315867025,0.5465038525883802,0.6201117190092821,0.4882478234984251,0.357541059228033,0.3759646732736611,0.3952855933540863,0.14372244310907087,0.5529370665267963,0.008995941698766989,-0.11823120005759462,-0.11706246248127292,-0.07987220210942768,-0.11302514373400101,-0.09271984642543336,-0.06043504551505937,-0.1363330314604197,0.11826559846128133,0.10740530649623325,0.0925924070798629,0.0702632383789004,0.08960673058773541,0.08799623726279551,0.1242022634443452,0.13708385669760687,-0.02438521374837892,-0.11575565683741654,-0.05507043368364103,-0.07797830999629439,-0.14557187039219313,-0.07766700376043474,-0.011636305141410648,-0.04914169543553087,-0.0309040062285391,-0.09870867182955076,-0.05208838381282079,-0.04450870484742437,-0.0883155472942049,-0.013012046925577125,-0.027331055875244984,-0.07716547571838608,0.036751069997206995,0.0654844441286958,-0.005484496182828342,-0.136098373881771,-0.09507513723007263,-0.1507658553305232,-0.029693095784605775,-0.06133500753073942,-0.03954936709410245,-0.003689431149744972,-0.03645730595189398,0.011753826342895164,0.03503936531893937,0.0004732889572146662,-0.034184737445667066,-0.05532338770368787
7Networks_RH_SomMot_30,0.5356811301946323,0.540069771883573,0.5621090178913509,0.4217368016805363,0.4461998211823042,0.18455131575011077,0.23731009794913244,0.3930348437149919,0.21289467085770655,0.4657065568433778,0.6511217136436217,0.16153642362761658,0.46503156517120936,0.511867016478711,0.5764331138744715,0.6661919609793561,0.7673530954831721,0.5902227835013343,0.4341878851545178,0.5316529741795739,0.5073280532487847,0.5141862233033632,0.4628647213941857,0.6734850553682039,0.7734803207313609,0.811112724559634,0.6480361115623083,0.7824331190663252,0.6730906771744664,0.7599449686211963,0.3002895044977787,0.5720058323909442,0.30043307183482737,0.5166738881387278,0.3956458746849326,0.4721952303400154,0.3299966715346507,0.4391618977268335,0.16337194860840268,0.40286447367935646,0.40976967596028424,0.6357491658031832,0.48993920462822793,0.4965739179268674,0.5812154720173285,0.7783624153403761,0.3404091715303094,0.5990990068567662,0.6901444149189936,0.6270783320308869,0.5751999516336057,1.0,0.6354976357641584,0.6874607574708758,0.8065663573924642,0.8019576397908341,0.6815417109350476,0.4116135950677982,0.193778734350108,0.6693952909455946,0.584991472333334,0.5935149725397324,-0.04401326435929275,-0.11148825201793595,-0.1097128916123568,-0.15344843426553403,-0.14663427575649904,-0.12081857497015454,-0.08828479381140646,-0.0800230331447961,0.03362674801885612,-0.004441915925033588,-0.0030219791567041555,-0.04547706636352197,-0.04582713745015108,-0.030687200739560345,0.0254293482834791,-0.002279384997840445,0.051636814057823686,-0.02694330572881534,0.010601032047825537,-0.06217316424533018,-0.09266485163152294,-0.0355784972779531,0.03681899789225337,-0.0390318317199653,0.001201211867425251,-0.05724869894257593,-0.01886204702077535,0.004897543667312019,-0.05690664848706061,-0.03080759134119443,0.01121164839112287,-0.041171608649064495,0.11329418093695948,0.0351848694690166,0.046587750600997346,-0.0320539921171879,-0.10104316675490814,-0.11386928027533207,0.059935383327284035,-0.025350478915223577,-0.07628831473633516,-0.013678696198248647,-0.01224881026442443,-0.006089150670804014,-0.011456904347316233,-0.014029083772821664,0.007044953158678065,-0.028027088156977915
7Networks_RH_SomMot_31,0.5521770453944842,0.6618453177328965,0.5759143816186628,0.548496425282817,0.47090611486652845,0.14876493087394993,0.1991076465921503,0.3775087324335552,0.31892667055080487,0.39198625677188254,0.5089297118005363,0.22975678647691075,0.47332832368984,0.5902699362138685,0.5379268962340535,0.5570798332611616,0.5654942212461034,0.5837989271148335,0.5157200278313654,0.643372484437201,0.47351044004149817,0.5804462509177626,0.6029579852460567,0.5295330848583822,0.6356311140275216,0.5748411915976684,0.6460126356296554,0.6429449126061322,0.6321603498649889,0.5499951456553487,0.2599599621811474,0.49843248828134984,0.2714404603207105,0.6225180624347562,0.3715154023758645,0.5370679687843919,0.3956363515701635,0.38968234525803586,0.14637083313424878,0.34724704020178543,0.4440147888320816,0.47581363164135965,0.5079481548116667,0.5702705154570107,0.6780673536706457,0.6929780936636072,0.49327154049998406,0.7333610187912126,0.6892664379010387,0.6935341366271093,0.5324060029699449,0.6354976357641584,1.0,0.5803011539542535,0.5728044170808945,0.5944063488440484,0.6453427508582612,0.4593098988480284,0.1690557247500093,0.6129651703578937,0.4113593773390658,0.47564021530044587,0.016393856461801595,-0.08547796218709633,-0.11005708093264213,-0.12672867427490955,-0.12199231742458795,-0.10564284161881782,-0.0755407570955083,-0.10591498918729048,0.059229144198004104,-0.00032651143190901954,-0.02754338235446526,-0.052469496254187814,-0.06801880490239821,-0.07069050317256964,0.011089808237603003,-0.01112655818568726,-0.05223457901232558,-0.05930224664099687,-0.015415101761924592,-0.06971154174607042,-0.09691218902166088,-0.02515503606032981,-0.007656721650157247,-0.03075107356297039,-0.04517891186716122,-0.09292484032535495,-0.022288765425204176,-0.047702942750709514,-0.09364384843936446,-0.04167019384857071,-0.03727678750919246,-0.06062100348837744,0.027564527828837823,0.03278777945869684,-0.001033415827950327,-0.0456819591351699,-0.054215208399969586,-0.06640303259794247,0.05310499660322444,-0.049025875765697086,-0.08867935661885326,-0.03921213337197284,-0.04935887643833156,0.021647177915524615,0.00499969281434739,-0.00502617508722453,-0.04891375074081224,-0.03686831647465624
7Networks_RH_SomMot_32,0.40498539298019015,0.49044511110373995,0.4731455691278676,0.4204958247318124,0.4183133837675042,0.21481406210840706,0.19338717383210108,0.3637384164480495,0.16275184651763744,0.4058982567305169,0.5651361089912231,0.16962865929045506,0.4381855049584339,0.5658014815667098,0.5138537843668605,0.5856198957568941,0.5852449681939926,0.3679973448862316,0.4641009107516772,0.4993054434375465,0.4406650501195084,0.45983240763186556,0.2938356922222533,0.48286556132118214,0.7729213125513565,0.6660989922667454,0.4753256082534862,0.6101646609488369,0.571822917839791,0.6100603580979603,0.3055434755502552,0.4849666509627566,0.2905067145282328,0.4813921852526782,0.4286789214958769,0.4559663276437192,0.2254011653907643,0.388458768186409,0.24534387230243343,0.3259009607473151,0.3894398696289402,0.5671633824117638,0.5141237798219394,0.43928592017922286,0.5549997911794619,0.5815018689701266,0.439723780408745,0.5686555560224072,0.699061318063214,0.6674742873186238,0.5384857315867025,0.6874607574708758,0.5803011539542535,1.0,0.570506417971216,0.6654926926233407,0.7335218309879907,0.2787964325968468,0.39903941037029433,0.7399359360646587,0.3806796734491343,0.7650557420181557,0.022414582676954013,-0.03901605213475051,-0.044861042113465616,-0.12687185155582334,-0.1255503827751189,-0.11992086751187717,-0.10221270198331324,-0.08845652260533636,0.03785400677639345,0.026864586682891888,0.025317155776064682,-0.02492141885093305,-0.007968706431986144,0.00852216566692735,0.016128018167896586,0.05536636185440989,-0.00019323570897215506,-0.08059137243084595,-0.05069159939029466,-0.16037956111972132,-0.17921892509108184,-0.14038167909342927,-0.05678870408778243,-0.12421584627855956,-0.038993937989673835,-0.04379954875483287,-0.06895153301624328,0.06598976167477055,0.021654466630578222,0.045054936699263644,0.0493426446849827,0.03221151572235956,0.009326037329116967,0.018160498296959048,0.03453823281723163,-0.11840523651796368,-0.10331919587174365,-0.11771922699060844,0.03047301947099428,0.03183178424473814,-0.1083900425681282,-0.09120465258511888,-0.023700642978903504,0.025475539630704588,-0.02878968811136642,-0.03657402221618107,-0.019984745741781388,-0.046086858304696623
7Networks_RH_SomMot_33,0.44093687974815443,0.4118773082514298,0.43483391504123203,0.3035618496663927,0.3664300824613844,0.10858866757680483,0.12503915467721363,0.3088640077645581,0.13944461630048227,0.34552908587688697,0.5586949049252801,0.0863460422481194,0.3669098837874845,0.426653493325778,0.5167634979523852,0.6064462837175915,0.647235439258296,0.5273715719335307,0.3899222459730392,0.3891879985056009,0.4550351626493361,0.40764476347903655,0.4273363674877362,0.6701375662145467,0.6757821679167128,0.7543025468464387,0.6306555339260372,0.7179750895150799,0.5852294143106288,0.7621242065657411,0.255344166364448,0.48067067282047826,0.21333348237166153,0.3893856838131373,0.31188798533576206,0.3525018933050007,0.3517096898832928,0.33918619714182474,0.12342606754818189,0.3086047800080778,0.35271186674944394,0.5479442561949793,0.42778487548393007,0.4308410062721808,0.5301388559897106,0.6577337010348046,0.3056678394794562,0.5528880140117483,0.6008728183258296,0.49345035288273426,0.5465038525883802,0.8065663573924642,0.5728044170808945,0.570506417971216,1.0,0.8175438467693539,0.5559387525542246,0.44813864104720935,0.08676114949986499,0.5274844185814211,0.5273892248477386,0.5395211120035346,-0.026953905502674878,-0.07968096991599075,-0.06532577649792727,-0.08478970882682119,-0.09986280255219161,-0.0662210943007699,-0.04441068726335561,-0.026397408971576882,0.0518536556530402,0.02464995736597817,0.037331547707855045,-0.03052449272482347,-0.02172417615817966,-0.0012538922012637714,0.05726108755217869,0.03975089787788028,0.08517211763180071,-0.04466062800026553,0.00378917409417542,-0.029671300058751526,-0.08853308213911386,-0.017269035945999708,0.0848792612397488,-0.03517592254576262,0.0017817043836750727,-0.0301145329853204,-0.020930584452664786,0.022823236221192728,-0.021331883840159924,-0.012177606706182858,0.030527202334863276,-0.0131801258866164,0.10391967190700659,0.05187781069090625,0.05436511922595342,-0.038592923454693465,-0.10581822529164825,-0.10897057559549744,0.06331041895422261,-0.011858195715313284,-0.05949527692956017,0.006273560151796536,-0.009218222960299104,0.01667204422613768,-0.02037815730364322,-0.012556035064338578,0.02465668862145493,-0.024415563930560588
7Networks_RH_SomMot_34,0.45241575715186133,0.4642378209965416,0.467601756983812,0.36919866842141563,0.4360964864329152,0.13797615638867397,0.19170690807032176,0.3104271332725257,0.21212687448609885,0.40822371115121614,0.611016004917956,0.14614085508437435,0.3956839717619996,0.41706209465573674,0.5739464682452438,0.6045408473499864,0.6432882864717611,0.511586293425224,0.47334957221696433,0.3932908234849917,0.5192276546837735,0.4850644410088956,0.4517407068086272,0.7017042103462642,0.6989913349806037,0.7284726810860731,0.6098411031085545,0.7740901015640108,0.6379349570437388,0.7816082973516584,0.2934381354653039,0.5272448753849687,0.2624413512343661,0.43307585426562967,0.41989716306865826,0.36303688398955886,0.3237743996733784,0.39764327333549593,0.1530963991216427,0.3240612134627282,0.37343867682869014,0.5908967723248506,0.4926817326863376,0.480143063793874,0.4913805933809931,0.6639983422981848,0.3758070730596733,0.5521781246122888,0.6603458721002268,0.5832515029625052,0.6201117190092821,0.8019576397908341,0.5944063488440484,0.6654926926233407,0.8175438467693539,1.0,0.641611932728649,0.45734660855295833,0.1936149124805075,0.5516395001301752,0.4496244218483924,0.6736471970333114,-0.03346506940742656,-0.09705453896971887,-0.08596638080321069,-0.1258724856387867,-0.12872017983724715,-0.09951391301497366,-0.07993423260450645,-0.08017784931705399,0.014274600886217731,-0.026254544699134016,-0.020409306948651836,-0.028850062955477145,-0.038934812270982194,-0.014111525400907779,0.02664494819435357,0.00596275926599907,0.06312279563893629,-0.06345856269303055,-0.018217357996638584,-0.06322461129605927,-0.11637173296696911,-0.06557997682138808,0.03319114054923756,-0.08938302014127701,-0.021133556782588162,-0.05448043546803294,-0.05599540448024104,0.060326064445804656,0.0042605905109434255,0.02978120697949242,0.03486622207917954,-0.02441684643836873,0.10563241783449862,0.058008975835740745,0.05265795673979187,-0.08418307101411177,-0.12930826588544722,-0.12224346092126195,0.020743605413401943,-0.01264154912883554,-0.05103350234333929,-0.0009241019963520287,0.010971251373098241,0.014858141546053815,0.003972374066609517,0.006533045967383458,0.03428916831190693,-0.008599126362077531
7Networks_RH_SomMot_35,0.5387629293116618,0.6486837520243431,0.5690440445717347,0.5184864325971323,0.40831606269342513,0.15537621613231714,0.24964630232072318,0.3871745548584218,0.27244639537450427,0.45585398058049986,0.48885403733665045,0.3313625947773165,0.5508089613139673,0.660643064678286,0.4845310664460985,0.5925195339836941,0.5972591461176727,0.50493929317951,0.3958401843779026,0.6988296645602361,0.36562397666347374,0.4350706135689576,0.31275012786113615,0.47708337940949364,0.7356409656244253,0.6525605518063444,0.4537224948369501,0.7182125941357048,0.6226036705061844,0.5554650248904004,0.267332762288701,0.5806117186159525,0.3143363034262717,0.6734141358831149,0.4048683143108123,0.6470790515204716,0.23922159144248406,0.4258949199215424,0.1886006296429923,0.3885613239988022,0.4153832813380394,0.46797813801762783,0.5085976949283278,0.5673497478037817,0.6332372843578955,0.6410869554977926,0.312367993644383,0.6305164590116317,0.7398583465608622,0.8091942403224437,0.4882478234984251,0.6815417109350476,0.6453427508582612,0.7335218309879907,0.5559387525542246,0.641611932728649,1.0,0.16261988790080542,0.14715282860267612,0.8092683283003007,0.5204847133495093,0.5745192422608022,0.024803425130585192,-0.0486035886267471,-0.07423598636443578,-0.1998358126519467,-0.14259442328822383,-0.141500770468447,-0.10353036159522461,-0.0796499337709919,0.026252926185104834,0.010495208129592795,0.0024707642571402174,-0.03815829182958454,-0.02518469873782869,-0.025002366185274093,0.008184928814390997,0.023676315499751716,-0.008329155942316256,-0.062277864723817467,-0.037808064803584014,-0.06778682433135187,-0.10416281780145989,-0.053911006977550024,-0.01129948265164022,-0.0536462615141003,0.016792349006216956,-0.027112187605482466,-0.013319866632862713,0.016403190418692884,-0.03290102464092132,-0.01014784102977257,0.02402971140599374,-0.0016001318384600192,0.06976071164438598,0.04828216865125458,0.03870324662999527,-0.04718097134829146,-0.08501253131532484,-0.11404316373898066,0.07974685943129979,-0.008415010017676543,-0.08121624394783863,-0.02732410915420309,0.009192208940160592,-0.03767063857983722,-0.019989067173478533,-0.052380105576149555,0.02077748001315197,-0.0036760378227847284
7Networks_RH_SomMot_36,0.22023295412239355,0.18518749675025806,0.17577195792800052,0.13424994031449658,0.2991914939670836,0.14918257758744527,0.11128231548220276,0.2182634313493475,0.15434932664925266,0.2233851165523034,0.4142764909645543,-0.01734013819558379,0.22803152213440306,0.16616082013775213,0.36742414269194157,0.25100283661606493,0.3195613416396952,0.2666254878455911,0.3779114364418099,0.07290354283187078,0.37616933993730983,0.471756022865414,0.5399158252149914,0.44431999763624286,0.33547168142440636,0.3529130820545796,0.6061151232467042,0.37030853562750854,0.490526412928688,0.46775934467917163,0.21541484106005124,0.2191087758862348,0.14381717129692642,0.12758849114459592,0.2804276643310827,0.10860431529754239,0.27607901302675636,0.22106722579502092,0.1947794415821016,0.16474124239472446,0.2098782703427126,0.33530472410165985,0.2906950789233065,0.21800084159085112,0.1972493855977792,0.38345753509759295,0.3297968781307322,0.3008472288069559,0.2774674846893979,0.29258418626562865,0.357541059228033,0.4116135950677982,0.4593098988480284,0.2787964325968468,0.44813864104720935,0.45734660855295833,0.16261988790080542,1.0,0.2505349830095691,0.1375711721052131,0.17485151122966408,0.3304655677855797,-0.05626151013879904,-0.07374043211993564,-0.06520640503254456,-0.028004613444749273,-0.0350479666890484,0.0071765614721213036,-0.03438399834405464,-0.01049580193893278,0.08173961420070855,0.04612166580216374,0.043259334246545676,0.02788221066807279,0.007071923095062138,0.00045332765164238383,0.06546950465731863,0.051211791845094085,0.10774570746499015,-0.012454097860872156,0.03140135150123126,0.019237636633456047,-0.05457879160489827,-0.0030642449893114893,0.0997075003126331,0.013968804215635905,-0.020396045722698847,-0.03360044586528979,-0.015926282803908353,0.03958400429536388,0.02443205420835937,0.06942611856418897,0.024698901176998855,0.015073868485318396,0.08077382576223018,0.10153713629928487,0.0693752062178929,0.043983269067890886,0.08208092175564348,0.048937416230005706,0.014065512899188264,0.0745549142500207,0.10675137360032055,0.1376324808204895,0.06259149121317116,0.06947948985504118,0.07471564841113562,0.049350689975581744,0.07362518358244578,0.0825487121976711
7Networks_RH_SomMot_37,0.10314876402184303,0.09352367268856454,0.10924559120751091,0.14515745541804195,0.16307021098665747,0.18944347195109146,0.06653923619148397,0.1465910831886835,0.14002116819932564,0.12306956707507995,0.2744850669261652,0.016735893696058345,0.12594486971706578,0.1979633488980939,0.10867267458158013,0.15395556394572354,0.17674283160958312,-0.06003430331103659,0.3013146025836532,0.03901054927263758,0.2583359740688728,0.3419031421629137,0.08774149859404176,0.16882955147049808,0.2667577076316215,0.07145053935799023,0.11980537361740617,0.10411923641332209,0.2916026119229774,0.16003902394174688,0.09737285084637937,0.02211325894452623,0.07092282459265735,0.010621283605563256,0.1150436380440844,0.06757718403921764,0.05381565615429351,0.10474768498530171,0.11340351059102953,0.07035794837657344,0.13267931118115706,0.12521109212810047,0.20860012952111587,0.09162904781924655,0.1809755006261398,0.11490641221953649,0.40019696630098267,0.27678885591462,0.2252105161741347,0.25011703117669815,0.3759646732736611,0.193778734350108,0.1690557247500093,0.39903941037029433,0.08676114949986499,0.1936149124805075,0.14715282860267612,0.2505349830095691,1.0,0.19892569388108508,-0.051035780465130826,0.43179638285443445,0.03069731477270128,-0.053488992534071744,-0.02202880367514327,-0.004637245409461146,-0.09557899344503287,-0.10705926467037115,-0.033215403935883375,-0.07913712530206747,0.1375070914978935,0.12387472266059588,0.1204834144779754,0.12752626728302843,0.10670031578784601,0.086633251498146,0.13349204899344616,0.13841284716798108,0.01793694498913893,-0.033173405311774005,-0.028746182924880848,-0.11494945734594639,-0.08121739105275357,-0.06124575549306097,-0.019665853953794606,-0.0419507459408447,0.06742994628244063,0.0046048149641682344,-0.010802302916929794,0.08258009386832606,0.04450569051926217,0.1007885155324527,0.08635124422549277,0.03818045364661161,-0.01162548062342862,0.05446360182032074,0.061720186141692716,-0.05618706434012629,0.038485521292098965,-0.009361851753934225,-0.029142100648367697,0.08882347946343316,0.014959036939666444,-0.04011162300391395,-0.055465083912126956,0.018138823128392923,-0.007166829771645961,-0.05031145326929357,-0.04258415695983227,-0.08424497906302694
7Networks_RH_SomMot_38,0.4696302620493262,0.5903443274002697,0.47387893540006315,0.45372335992820384,0.3645640312361555,0.19158827099939776,0.2603024077277061,0.37932269147383024,0.2379683873193658,0.4426821341032611,0.4466353215624421,0.2561100047896405,0.5202142704019972,0.6039368795300425,0.3994130967268025,0.5393137930874616,0.5563033397756507,0.4651889518355659,0.3230322978806561,0.657413117915428,0.29872754280665065,0.3315821998694486,0.24191534146818017,0.41666714497187407,0.7234588740360793,0.6698206519963248,0.48323523731408385,0.6125376599740906,0.5299040733803922,0.5635798724759001,0.2468984220179299,0.4650128862785013,0.2574803262612513,0.6381747047578283,0.31662820293726995,0.6277493028394903,0.21875823158662788,0.42234461793616,0.2039985332462616,0.4057804299286685,0.4091021936785486,0.49573101390833946,0.5264294577092392,0.5240099595397016,0.6109873174042904,0.6190070257739656,0.30252071748898507,0.5839773941055991,0.6474291742875368,0.7069052299009181,0.3952855933540863,0.6693952909455946,0.6129651703578937,0.7399359360646587,0.5274844185814211,0.5516395001301752,0.8092683283003007,0.1375711721052131,0.19892569388108508,1.0,0.5466825813514636,0.6239474369360338,0.009184668883068953,-0.042188357201730774,-0.04909992990107795,-0.13975843676699148,-0.11983773457891664,-0.11356253795391633,-0.10052817979568471,-0.06569361073788389,0.007910326852766311,-0.03654477600312942,-0.056453816869089034,-0.1062367601621594,-0.09510945420381227,-0.0854507085267206,-0.04059436358053851,-0.04074340272572166,-0.01194772833328091,-0.014603367182450163,-0.0033647131194324328,-0.057007353528885245,-0.04552294218282591,-0.0006578121463672603,0.004833660399529822,-0.014737631983303946,0.06065145888795105,-0.017240701217256474,-0.01176441719393329,0.07018994015664405,-0.012152989622829086,-0.007166345655435891,0.09555963666610368,0.021318643697439278,0.041839192643257195,-0.0022648905048761065,0.012855779059134258,0.03695853213211857,-0.05522730642076902,-0.08644135456167988,0.15894663903132145,0.005952097959532462,-0.13720133427456868,-0.10058275379391707,-0.024171017472287813,0.006157068310031738,-0.0365711556577956,-0.027177338434978125,0.021431768814750084,-0.008778247140440731
7Networks_RH_SomMot_39,0.30973893962313515,0.31347685769229483,0.312982935829612,0.17749645510161513,0.20678516155253338,0.15716633660362397,0.10886556117087971,0.2976377507363771,0.06760749027913229,0.2903124731861855,0.2768119225905597,0.13342650175125104,0.38256788692148364,0.3679522101101306,0.24645511525216404,0.4944613589980794,0.5016190991535135,0.3974938217500996,0.0631518594054015,0.40581336689728864,0.12305096946489615,0.1432093974185579,0.2815088116971124,0.2932150733405459,0.5709974555055914,0.6454627906943586,0.3872026111830342,0.5122552077740148,0.4753708029564693,0.5494751494901438,0.1259509931390844,0.31663344845848784,0.18718449735542825,0.2943290413915812,0.19983707985694302,0.32867861674146925,0.2540323725823991,0.29896074625368413,0.11247037224017106,0.3270893661543366,0.2506710505473356,0.35789755557925973,0.2639372567894323,0.30085864230932524,0.5154803731214774,0.4744693801796567,-0.047684120710997153,0.4464180599783538,0.37696742071167716,0.3005314201400597,0.14372244310907087,0.584991472333334,0.4113593773390658,0.3806796734491343,0.5273892248477386,0.4496244218483924,0.5204847133495093,0.17485151122966408,-0.051035780465130826,0.5466825813514636,1.0,0.20127848212245905,-0.06555350529452823,-0.11412476504606887,-0.10250439884862853,-0.17976285941166031,-0.16624174080404697,-0.12868497085650263,-0.12021591117166974,-0.04962485460935256,-0.06262550733086948,-0.06166138025268632,-0.0774963051840449,-0.08719227542737736,-0.07852532505497957,-0.06591766813861492,-0.08241236257796174,-0.07978825521422057,-0.031080688333398693,-0.05404063095830302,-0.005920603250613873,-0.05017005671477679,-0.06553097152439924,-0.0389033158352313,-0.0058135110240634365,-0.06238732687152397,0.01553874766589455,-0.068508343452946,-0.00701481831146765,-0.08691980020821717,-0.11903536918067872,-0.09339709971297827,0.017392352485464977,-0.05414867674859036,0.14779235923856626,0.05101200394326505,0.0683738495287858,0.03647668654146373,-0.03634863333079812,-0.027760873000081756,0.15668512207789378,0.00794528947195621,-0.06455033582200481,-0.009224032833020597,0.0019939905187532072,-0.054765993602208636,-0.07052298394463799,-0.03929742543675231,0.0807780705244878,0.02546011654337676
7Networks_RH_SomMot_40,0.3290975594810034,0.410875575247231,0.38044825265971793,0.37052307585636196,0.40356579646919355,0.170894265011101,0.20742148337756072,0.27356628910729625,0.20795719399688237,0.38284922040475783,0.5315131953610802,0.13556278928674156,0.3116559462269024,0.3603108357556255,0.42586126155263865,0.3870828721674947,0.4574083036864262,0.2856408452265711,0.4467025745098988,0.27500454001227165,0.4256683227931424,0.3558046313384781,0.268622187333926,0.5210895473005325,0.5754595862518695,0.5291592646589256,0.45530492093084624,0.49070599754020355,0.41859774893160534,0.571831406149441,0.3316117138021977,0.3763425044691296,0.26781041047940457,0.4090037104985248,0.37177321614072034,0.3886552560533189,0.1483647572238811,0.36531574537093625,0.1756621485168014,0.2744568168514689,0.34993424468383527,0.5353550405647369,0.4894725874663664,0.39791128014432364,0.38890640091913903,0.5097116156930754,0.4768593269471162,0.4387252914311377,0.5555159223731836,0.5362787819157769,0.5529370665267963,0.5935149725397324,0.47564021530044587,0.7650557420181557,0.5395211120035346,0.6736471970333114,0.5745192422608022,0.3304655677855797,0.43179638285443445,0.6239474369360338,0.20127848212245905,1.0,0.0675666827480056,0.01825531475193052,0.04711980085956606,-0.04082869287343412,-0.05072287658582151,-0.04823625601110371,-0.010238416202963362,-0.01792616411296542,0.06898487939288289,0.034729945245635344,0.03115363369698282,0.004645047409200885,-0.0011672337439667748,0.013122362287318943,0.062476684637629634,0.07067224697535467,0.036384800194432985,-0.05428103109116809,-0.02903007296567631,-0.10996093884400045,-0.12618440771653097,-0.09299959538102678,-0.018671347221950324,-0.08114127457351085,0.037233882126024485,0.002595499923674394,-0.045163193666807884,0.12495829624389294,0.07111085793608951,0.05718002910165384,0.10567765305502469,0.06424810182485018,0.03185917263970404,0.03679373731576884,0.045241992989451224,-0.06259172516202355,-0.07164067938386008,-0.0839393646967229,0.03894414414749117,0.06544084741419355,-0.04884802638493356,-0.06460089415944946,0.004350480406552412,0.036119005799752815,-0.008633115419519404,-0.019793195008844234,-0.013983673499141163,-0.04003712058613036
C3 GM left dorsal horn,0.028497882659098507,0.0985121733848119,0.08021735398893516,0.08229547110989024,0.048678274926879206,-0.05514466174901321,-0.07031207558698563,-0.04305331114278563,-0.004372474467687394,-0.05017938435413766,-0.01978691712632675,-0.055676532173015256,-0.020564756105131282,0.00919326517865005,0.05433543129109643,-0.06356695560926467,-0.005470601625279126,0.03607665932280755,0.06035417568419452,-0.021847033596988308,0.07279561763124417,0.01810801309541888,0.022266240333161914,0.03219852296559906,-0.05078528669851274,-0.04128081943502626,-0.04206614278993138,-0.003245308681072924,-0.03325360457528063,-0.013398288850574504,0.15519359197532964,0.07982515740993996,0.08684129025251551,0.08675912705945955,0.09371507734041225,-0.011852112398270517,0.03358356101778519,-0.046052874661846266,0.011173938712734565,-0.08531545727524575,0.04057549373024298,-0.0277369747413945,-0.022191604765380686,0.002450947070367206,0.011921330095670379,0.04141723217677052,0.04024024636825342,0.0031095540810838844,0.001593068081785672,0.024954230021295522,0.008995941698766989,-0.04401326435929275,0.016393856461801595,0.022414582676954013,-0.026953905502674878,-0.03346506940742656,0.024803425130585192,-0.05626151013879904,0.03069731477270128,0.009184668883068953,-0.06555350529452823,0.0675666827480056,1.0,0.7484030044781428,0.6770480148295893,0.42872804608589743,0.49913153856423065,0.37814102882030126,0.6561842966896844,0.5491524590411241,0.0768732398650605,0.09425501655257229,0.09561106922563418,0.08416113662742432,0.09789483762360673,0.08891399381968373,0.09968096567683378,0.1230551578806064,0.04697658018613025,0.053783653405515434,0.05139612850053029,0.045042423059280516,0.06120335596742557,0.08046848076904375,0.04126722197244263,0.07700793001471638,0.013591345263840919,-0.020761784381908076,0.027446480842181376,-0.12786057880562596,-0.1113643227485275,-0.1506935895663955,-0.057692441658932225,-0.06887748770454637,-0.07281181264873503,0.004400062971935139,0.016477299077013723,-0.11051347838833787,-0.03286887075556024,-0.024928098789612604,-0.006192997150057835,0.08358652499783177,-0.06128139274733771,-0.07821506308373428,-0.10762872181171167,-0.06561342686223207,-0.10902778770610412,-0.13977164862587402,-0.14905534083500716,-0.16865705849713775
C3 GM left intermediate zone,-0.03496683687732617,-0.0046701584281043165,0.011463910508770079,-0.00032106891650762867,-0.008100047646525407,-0.0821386313383622,-0.12246387309747694,-0.09333595271228753,-0.0770814431707074,-0.11842265364914277,-0.09189064660485304,-0.14074934974345094,-0.10628191697066662,-0.0671352506365553,-0.023217147198818903,-0.14661388815819776,-0.11273192447464851,-0.05479716931698512,-0.017197561208873148,-0.08408768837892491,-0.01734932820763381,-0.06555602015025395,-0.011679172620729615,-0.05591142524336147,-0.15097347020130844,-0.11989857459699003,-0.08461837666366362,-0.09974897206512458,-0.11459475397415182,-0.10597451599069813,0.11395971499170701,0.05860195946365958,0.05090264986523008,0.03265567494370657,0.02168968247788685,-0.06144720362962514,-0.04971438993020096,-0.127583278631752,0.02291023596117719,-0.15114370558412452,0.012480211274284893,-0.049661270774944505,-0.09918342209849612,-0.11698552262622958,-0.08064322251688921,-0.038776085192036625,-0.05496981214979839,-0.10727998697172036,-0.0941874299298043,-0.07067610041916408,-0.11823120005759462,-0.11148825201793595,-0.08547796218709633,-0.03901605213475051,-0.07968096991599075,-0.09705453896971887,-0.0486035886267471,-0.07374043211993564,-0.053488992534071744,-0.042188357201730774,-0.11412476504606887,0.01825531475193052,0.7484030044781428,1.0,0.865403118954143,0.5827998372787293,0.7440788466659408,0.6506592529633628,0.7265932572790688,0.7758625997873199,0.016414302157515742,0.03508757977557655,0.041808735600657086,0.025673155599006032,0.03787000189250775,0.0412945750320667,0.020018956306957936,0.06796985853071169,0.04091928260629055,0.033902557596277166,0.01283716949837812,0.05111155373232327,0.08817804912540624,0.12324608353400496,0.029284355048844406,0.07821586950125196,0.019525114455964093,0.024251828901886388,0.02447471765623123,-0.031012934324606993,-0.0006865426465675581,-0.04279983221630249,-0.00782030804983391,0.01077016285386691,-0.1214154684738041,0.005741295983845087,0.00617690776685653,-0.059600324148366204,0.026165500201931317,0.057182042206042484,0.05359485381741798,0.16599309178820776,-0.045656095087758364,-0.03188801822978885,-0.05257585945196043,-0.11582684262950067,-0.10686077903907677,-0.14669028409134374,-0.09758372009316972,-0.09572147606011412
C3 GM left ventral horn,-0.06692992256226504,-0.040517558513703686,-0.024914947668737412,-0.049506914005056725,-0.03790505540698096,-0.08814711659033582,-0.13847929226173325,-0.10437161566371687,-0.09095211135451838,-0.12747392333206164,-0.08948128865196622,-0.15709791192350428,-0.13234441438609787,-0.11287556926467644,-0.05298396782407644,-0.16718106986613848,-0.12919890546923302,-0.05779739874853459,-0.05071331663693951,-0.13488587697262838,-0.02787746358173366,-0.09835841353871223,-0.02947533703559045,-0.06581628315922804,-0.16152974847606238,-0.11007264090457539,-0.08031086447746688,-0.11471836497979608,-0.12536270419354578,-0.08024905241112512,0.06750817876717882,0.008004284117386677,0.010960985798770686,-0.0007130883765477491,-0.0009044867950724165,-0.0940617269096047,-0.08404492829721467,-0.15020665312491233,0.016157460272218326,-0.16202730113615754,0.02727047788917099,-0.023511115308354594,-0.0863923251287063,-0.12920442375669333,-0.08007377377588407,-0.041444378901057566,-0.041506662853048326,-0.11687776694708929,-0.09875544686907714,-0.1010566792547982,-0.11706246248127292,-0.1097128916123568,-0.11005708093264213,-0.044861042113465616,-0.06532577649792727,-0.08596638080321069,-0.07423598636443578,-0.06520640503254456,-0.02202880367514327,-0.04909992990107795,-0.10250439884862853,0.04711980085956606,0.6770480148295893,0.865403118954143,1.0,0.5145464198147391,0.6211639769354623,0.5600608645187617,0.6973228030909462,0.7591458184589995,-0.03329441662796649,-0.0038213596280720526,-0.005297821485022276,-0.030940797136885016,-0.014554510388622915,-0.006590386491906565,-0.052601953456693856,0.019389011078918123,0.02564318070600323,-0.020712699291719726,-0.0312991217734335,0.02251534179210529,0.03571695613283058,0.06794225978715583,-0.016016915996835007,0.004214544831206087,0.029645780660603634,0.027688747497397526,0.029375874464801204,-0.031953782879709666,0.0035423639047892364,-0.043707490728595616,0.013089166525582861,0.022578277368005387,-0.12380374157682673,-0.023496971007637587,-0.011392680383903486,-0.06377466295804333,0.015112784928210636,0.06212427208922064,0.06833396865297248,0.1528215201561558,-0.04415859651684849,-0.02730423440081212,-0.041636394375904696,-0.1393573087919739,-0.134694316184079,-0.16896411930276967,-0.09826827456417976,-0.09066189655978708
C3 GM right dorsal horn,-0.058760268254836906,-0.0916733506292305,0.00931017221874077,-0.10654744041133907,-0.09099305750223802,-0.1832093704182043,-0.2367210439490555,-0.18506742401134713,-0.16313546196721268,-0.21942761590991894,-0.08405359166704883,-0.1496835210454548,-0.15695016962962782,-0.13400850351098975,-0.047812089951060045,-0.17844926462494629,-0.16390111569357144,-0.07941728915225454,-0.045243234464334446,-0.1939256669600578,-0.014845746995985067,-0.12915192474141532,-0.08449617020012089,-0.05697530409519729,-0.1892633432792874,-0.15695556996306137,-0.07800752011051793,-0.16607778640946705,-0.16590903213181518,-0.11741972658063071,0.12437514859102265,0.011401515610071968,-0.021786291757861623,-0.04097852312479087,-0.0225148717702444,-0.17261126590128797,0.03350793601458891,-0.21283140194302544,-0.1218308727825079,-0.23313826556927966,-0.0997416675105221,-0.05516939485468435,-0.17122556882916118,-0.21237525509563276,-0.13215915005864398,-0.08818926213537664,-0.021585291509015156,-0.12618782648744373,-0.13636871368275197,-0.17946121238212923,-0.07987220210942768,-0.15344843426553403,-0.12672867427490955,-0.12687185155582334,-0.08478970882682119,-0.1258724856387867,-0.1998358126519467,-0.028004613444749273,-0.004637245409461146,-0.13975843676699148,-0.17976285941166031,-0.04082869287343412,0.42872804608589743,0.5827998372787293,0.5145464198147391,1.0,0.8363406789922488,0.7896880220342382,0.7411324270542249,0.6148439351055637,-0.05065105762174814,-0.03593228416901414,-0.028147752753103362,0.0041781552069928,0.009300088738124851,0.037384172298250334,-0.01109632730170137,0.04058815474695197,0.11998032021949144,0.022685065182416267,0.04030186317565091,0.057817854065608305,0.07357567983598924,0.14309393267913847,0.12999580597780327,0.10871214911088857,0.027211908398180332,0.033264809421564276,0.008429823882040008,-0.011400055473947603,0.03584913050343427,0.009446762465393664,-0.0024136473662537848,0.0003658865503161427,-0.05934904944132512,0.050696948371800714,0.052413923513934556,-0.046020147794676475,0.04923968233641009,0.09755119699511522,0.06490247522563175,0.1894035956717323,0.02509068014754238,0.05093267315352075,0.020065181817255237,-0.11416095661671528,-0.02619734353250194,-0.05652623037802691,-0.010050472727501323,-0.0021385954061172267
C3 GM right intermediate zone,-0.06192437524804246,-0.07331631407326487,0.0018530725227098785,-0.07737524575515115,-0.0701053787725992,-0.16872202939115358,-0.1965357867145326,-0.18191789489246388,-0.14803925207639262,-0.19099605824917018,-0.10082611669024119,-0.1490622923226442,-0.13606561121687952,-0.13286038278624066,-0.02575184886594652,-0.18241390245694172,-0.15441990076114814,-0.07439467441759659,-0.03608441053812919,-0.15677618860729162,-0.03494700392416455,-0.123790777396543,-0.04139983754195071,-0.06156433805577134,-0.20895282962279205,-0.16345070096927974,-0.0915843852923356,-0.15185917847164712,-0.17116388211707775,-0.14449137051978544,0.14729714973961036,0.05764762377248387,0.021788289460302045,-0.008592437239069904,-0.019463763154103038,-0.14222201721568262,0.024022639931767266,-0.18691119493264446,-0.06671747074936307,-0.20708147782841912,-0.08944589521109964,-0.05981234671167916,-0.16401703042361007,-0.17836972032037335,-0.14503801535872163,-0.07942140734430245,-0.0636790321657287,-0.1445961740404102,-0.1392834852206311,-0.1490458830920692,-0.11302514373400101,-0.14663427575649904,-0.12199231742458795,-0.1255503827751189,-0.09986280255219161,-0.12872017983724715,-0.14259442328822383,-0.0350479666890484,-0.09557899344503287,-0.11983773457891664,-0.16624174080404697,-0.05072287658582151,0.49913153856423065,0.7440788466659408,0.6211639769354623,0.8363406789922488,1.0,0.8931387228449291,0.7537478460556797,0.7550324107224633,-0.02221259780865095,-0.008707926031239571,0.0053778397497330965,0.03471199552004921,0.03447705495917136,0.05270288909330505,0.013576038172701832,0.06185125866776921,0.10186154159228046,0.04263265875738241,0.0506556386086772,0.09400090561108294,0.11320687471079786,0.181792476289306,0.1284729872422293,0.13247550463119082,0.0062406721840713155,0.019888539092563565,-0.0060529119965810705,-0.008150215583805171,0.03169223961648013,0.010164022789180096,-0.03196037498205508,-0.011339585556838713,-0.07816398966066666,0.0513145239566411,0.040966914864338635,-0.029404543840828322,0.0626594075141364,0.08594243027037966,0.05824295303136827,0.19477922005468595,0.01692675013899288,0.06453653931041077,0.052731907008143605,-0.1100241953426391,-0.040373919301440665,-0.07738337279502522,-0.007576463429627985,0.008827731219710663
C3 GM right ventral horn,-0.07695750175633981,-0.0994053630069138,-0.0006144564979895017,-0.10940799091483004,-0.08048906826212877,-0.16396408041253865,-0.2010426795391525,-0.18012989235137677,-0.1678125479560195,-0.1884283123174384,-0.08447281199313376,-0.1528029849730259,-0.14672607107779154,-0.1438112378711511,-0.02636483067696448,-0.16240895640331574,-0.14321474454281521,-0.07483102536720627,-0.04654874074094501,-0.17363779409634342,-0.05100653316930997,-0.13929617970485503,-0.03233610981368995,-0.05341862314298974,-0.18479050448359374,-0.12880615137130638,-0.07607627292962356,-0.14176538758783194,-0.1603622826358443,-0.11025251424782954,0.14262343054451496,0.07896157854925584,0.0240705499816925,-0.027695003445364054,-0.037276491878919585,-0.15681216214312838,0.03766093564428114,-0.17928557118701274,-0.06928724154676862,-0.20206316623559026,-0.0875827644124305,-0.028871881857937435,-0.16173154275475388,-0.18215891517199914,-0.11390610677008113,-0.07666345248992172,-0.05680761094432388,-0.12484683613775696,-0.11949887515097728,-0.1660061152345243,-0.09271984642543336,-0.12081857497015454,-0.10564284161881782,-0.11992086751187717,-0.0662210943007699,-0.09951391301497366,-0.141500770468447,0.0071765614721213036,-0.10705926467037115,-0.11356253795391633,-0.12868497085650263,-0.04823625601110371,0.37814102882030126,0.6506592529633628,0.5600608645187617,0.7896880220342382,0.8931387228449291,1.0,0.713990308089307,0.778092859940435,-0.07709028099960094,-0.06696507265812938,-0.056196693945183944,-0.012836714587059336,-0.014407985043995373,0.01427736971272205,-0.05411249279952117,0.0019574288577355117,0.1003372539945546,0.009523468267630852,0.022470666211238416,0.0651293906370026,0.07786331764196108,0.15368117863694056,0.11345910866433179,0.0985576416058221,0.023073624431932893,0.03986400711577205,0.011842563749622018,-0.010863788872260513,0.04065211315274643,0.02206456071367666,-0.0174067961668663,0.017417206090249014,-0.0741743183700397,0.038396139464386816,0.023025944006548425,-0.040695898282602845,0.04962399503673232,0.057446016371212966,0.0301202335397399,0.15182707046419278,0.002358642912705937,0.07136659457332382,0.05826965071241352,-0.10941413208152939,-0.035979088140595375,-0.07981142509727203,0.007958343201633208,0.020268561654505687
C3 WM ascending,-0.012808190225711924,0.021748351150765205,0.07310452451041233,-0.004016548744425712,-0.02631999414393393,-0.1459264521734433,-0.1502580996205417,-0.10689623898862317,-0.07262898623808081,-0.10075766990195408,-0.028033092630877887,-0.09406340676495895,-0.06517609846674954,-0.08180517021428212,0.022393800634529042,-0.11966377553602837,-0.06269423838677506,0.027907284571997086,0.008370674875025923,-0.1420300916543201,0.04001363337533517,-0.08730571263567871,-0.03616256920553878,0.01843741003652714,-0.16342531621364487,-0.10839624114868227,-0.06605312444295477,-0.08542745320153254,-0.12165730716097513,-0.06988479869866321,0.16044661010481,0.10236088230942492,0.05643232827039765,0.03545022166650276,0.045969327828450125,-0.08927309333158547,0.005440646059817048,-0.12801648225597656,-0.08944005271019169,-0.15172277183532265,0.002445752725356049,0.007907523335081061,-0.07193106910710356,-0.07541376036661915,-0.08235045155280844,-0.006963392846674622,-0.04261972628117114,-0.07917765565811707,-0.08070994726163354,-0.11121465971831351,-0.06043504551505937,-0.08828479381140646,-0.0755407570955083,-0.10221270198331324,-0.04441068726335561,-0.07993423260450645,-0.10353036159522461,-0.03438399834405464,-0.033215403935883375,-0.10052817979568471,-0.12021591117166974,-0.010238416202963362,0.6561842966896844,0.7265932572790688,0.6973228030909462,0.7411324270542249,0.7537478460556797,0.713990308089307,1.0,0.7692795084427788,-0.07588153142162338,-0.02653011352124904,-0.019883496299613054,0.02131167957388753,0.03715187953223961,0.057633451203599015,-0.0032220990167575597,0.05148036300776407,0.0966120224719848,0.04510836794391564,0.03168310001001254,0.06862292351305882,0.08537541610672138,0.1338704234569495,0.08488990848695123,0.08463413110935514,-0.017297733703601933,0.0197379871014577,0.01882098080674287,-0.05215956308474958,-0.0019272379335314948,-0.05441265304261551,-0.044656531487317026,-0.02630501584742217,-0.041897153314074634,0.05414764148279512,0.04857303367801592,-0.05924453939622089,0.04574658702635606,0.07662388720987572,0.043550135368870604,0.1430204980122361,-0.010723076832771787,0.02679778794186255,-0.03908126146972712,-0.10166901192986083,-0.04322908329807098,-0.10681747451854569,-0.05339914050093493,-0.0973140831247106
C3 WM descending,-0.09217166165868404,-0.06766608232328755,-0.015445257982720293,-0.09557535305038166,-0.08020925298740386,-0.11885505961832965,-0.16495250019052182,-0.11662527416046388,-0.14193344990028176,-0.1417374354435118,-0.05430801988264399,-0.1694367018190266,-0.13605275773985742,-0.13628712235561183,-0.032334044518760374,-0.1308105553250564,-0.09824682179814874,-0.05617618757052869,-0.07589178356390626,-0.14533719713132118,-0.07194685094719443,-0.1346047919026493,-0.021878850114833433,-0.06136214494286595,-0.13952722380547375,-0.0759285386988974,-0.08087131405011966,-0.10697304368241681,-0.10433130525261455,-0.07983465119170602,0.1507280594464937,0.07681472681455415,0.02815578349751182,-0.02793221315043126,-0.02813240052890659,-0.12132410148727692,-0.05401228841456526,-0.1527625943358265,-0.019478887263250394,-0.15957871651386882,-0.0377591448792017,-0.002814832042527643,-0.14178630234313924,-0.1529797755781377,-0.08338791499502399,-0.05035559224072653,-0.09385721757999808,-0.11706867739116483,-0.11777670893719185,-0.143651032496471,-0.1363330314604197,-0.0800230331447961,-0.10591498918729048,-0.08845652260533636,-0.026397408971576882,-0.08017784931705399,-0.0796499337709919,-0.01049580193893278,-0.07913712530206747,-0.06569361073788389,-0.04962485460935256,-0.01792616411296542,0.5491524590411241,0.7758625997873199,0.7591458184589995,0.6148439351055637,0.7550324107224633,0.778092859940435,0.7692795084427788,1.0,-0.10347172747004071,-0.07049930613080224,-0.06381507641486547,-0.01475513825680152,-0.010601142910403686,0.01828022684715873,-0.07621916735078466,-0.009790647573091409,0.06754008476941652,-0.004495734276946911,-0.011059756477521962,0.014446005604966613,0.04430166485847163,0.10327807038555185,0.022181334536874,0.049579168118109286,0.0374844031170241,0.025585568001139113,0.02317439340470782,-0.052484648123933775,-0.00825738701960817,-0.03944125533674966,-0.016778851428298693,0.011942403180529913,-0.09476361069855466,0.011139319005151393,0.007977050281789353,-0.05038227486867261,0.0382687316760486,0.04117741245907735,0.031148568180791907,0.12277885414953056,-0.025663798656239828,0.02299789673660166,-0.018142573953453166,-0.1123031663316555,-0.0920050279441513,-0.13106982489041819,-0.03844749078224745,-0.049186927683931916
C4 GM left dorsal horn,0.027647868599424648,0.06214439564210021,-0.007398050711705028,0.1412999052984561,0.09771727675003,0.1213252440420119,0.1399563405616302,0.17240127941740693,0.2243145988506468,0.13840237644366715,0.10423271256984265,0.05620542171265514,0.07812119741675663,0.011848496868485443,-0.026071927698534857,0.06489524544779383,0.029882840851751212,-0.012382176200675186,0.04732981400222531,0.032964028075300744,0.005291147560306683,0.07904542128175644,0.021465271180044612,0.03307774000532762,0.05262690074046647,-0.020750085030713444,0.021088265316381957,0.003389907178408087,0.07625980983796067,0.029851292704526546,0.028149577322907366,-0.012106419868891272,0.06664998631561583,-0.00494438633773617,-0.02249038557395767,0.12176772808105771,0.0747148598540037,0.14029254378302694,0.16005253329674715,0.155795942761238,0.07169782972375438,-0.027558487751839333,0.12166444836626651,0.1585398732807559,0.0434988509281761,0.03142225792247629,0.11767651301511883,0.0801671674693739,0.045626477846416644,0.09258123796866415,0.11826559846128133,0.03362674801885612,0.059229144198004104,0.03785400677639345,0.0518536556530402,0.014274600886217731,0.026252926185104834,0.08173961420070855,0.1375070914978935,0.007910326852766311,-0.06262550733086948,0.06898487939288289,0.0768732398650605,0.016414302157515742,-0.03329441662796649,-0.05065105762174814,-0.02221259780865095,-0.07709028099960094,-0.07588153142162338,-0.10347172747004071,1.0,0.8086107185677569,0.7606724768783545,0.5710474346579889,0.599936987970865,0.47394243502995764,0.7910775096036955,0.628582672037221,0.14153047894934745,0.19960995349606472,0.18965661299030884,0.12999576534974405,0.13587973039836623,0.1162871429069313,0.20202348393117808,0.20944663372965486,-0.02422285982689756,-0.06309801132026534,-0.05424668714381313,-0.0072285090237072915,-0.033474880229380825,0.02392862093047337,0.007341351360612214,-0.0617785011978047,-0.04337139434206442,-0.04011295263189878,-0.015678041025461352,-0.012509212959894806,0.00726664458947149,0.0636391821854034,-0.06757409035745629,0.03516151622371204,0.071376372725154,-0.00169713063142957,-0.06156885254655416,0.0386407911659255,0.0584603001172907,0.018705031983536822,-0.11784728645078343,-0.12929175656574463
C4 GM left intermediate zone,0.01752120907351564,0.02002342201044178,-0.029607898776453118,0.07858649368770457,0.0583986232386384,0.07437496321443482,0.08115401197930304,0.1320442795254407,0.17978591327217494,0.08358164115033205,0.04173329748781311,0.04021956080939613,0.07050518654648746,0.009576156800476287,-0.028477408651863607,0.026384323683671752,0.0068986785167203316,-0.029944422472458113,0.024068540429504397,0.006849345176006303,0.0011745679335947985,0.049511575785382886,-0.02989911612242729,0.003499118162857692,0.02161057046128062,-0.0556277586995108,-0.018165649072960623,-0.021601671639502502,0.033513474529780075,0.004644028314110796,0.02503447192007314,-0.036754431651980564,0.040388360379363886,-0.04564250195313523,-0.07501872504843564,0.0856317363457658,0.04210653286557102,0.08242949801362484,0.14157775854853355,0.10340676598139141,0.047694414142490205,-0.0326001292033736,0.08420185881693557,0.14290605963898426,0.027179801368230717,0.01708555926758944,0.08367059802302328,0.05642072608126198,0.027364751830680233,0.07210828581864727,0.10740530649623325,-0.004441915925033588,-0.00032651143190901954,0.026864586682891888,0.02464995736597817,-0.026254544699134016,0.010495208129592795,0.04612166580216374,0.12387472266059588,-0.03654477600312942,-0.06166138025268632,0.034729945245635344,0.09425501655257229,0.03508757977557655,-0.0038213596280720526,-0.03593228416901414,-0.008707926031239571,-0.06696507265812938,-0.02653011352124904,-0.07049930613080224,0.8086107185677569,1.0,0.8973426886985139,0.6325787971721698,0.7739954532542853,0.6582595660008361,0.772726363288998,0.8135846452042653,0.1462178443845924,0.22534967027831126,0.20927041577774558,0.17465269655407395,0.16721147139295087,0.16548353076977412,0.24082171588878515,0.26957348486559657,-0.077978265727809,-0.10910207191515893,-0.12401130343856963,-0.05660365877676002,-0.08616742212183788,-0.04577148346673695,-0.052794714346105456,-0.12208295443932621,-0.028495503515245352,-0.0573606246014985,-0.005955529695325686,0.00036249842190465124,-0.021034565451590374,0.05768606990085447,-0.03331845079958475,0.03219982126755745,0.10694889111205577,0.03413636892573591,-0.04915767696910121,0.007473913183448175,0.039024246704330426,0.004925982560450162,-0.0821149001234856,-0.11222970219431104
C4 GM left ventral horn,-0.013283266043247324,-0.020123098616070787,-0.049713079441412227,0.03744231641772364,0.0319322012256482,0.06374804938478522,0.06620340406238703,0.11610809122186601,0.1636777683246749,0.06948617084850868,0.031372630112295595,0.009221967947132825,0.05962900907019075,0.0010132076568393198,-0.01904374373701026,0.008585768027026429,0.007358922648109982,-0.04438749795587805,0.02592397647132329,-0.016741632253833322,0.013032615597586075,0.05193641726131276,-0.02497081840317239,0.0017278072642557243,0.010526372626822964,-0.0560885400667303,-0.01786116273528501,-0.037389406489187,0.02163983935254256,0.003463082918749909,0.022239576970705593,-0.028538465828907022,0.03317990534959716,-0.0701709813728337,-0.0888127392006086,0.05098720232259796,0.032576431061653206,0.06395306126525477,0.11614117359477301,0.0857017090317166,0.04071960730518716,-0.035577271730111756,0.07247930564732194,0.12023696086120503,0.006037014884624249,-0.0028019043846511673,0.06656662957484534,0.02944794555612695,0.00396782756590571,0.05091270306667543,0.0925924070798629,-0.0030219791567041555,-0.02754338235446526,0.025317155776064682,0.037331547707855045,-0.020409306948651836,0.0024707642571402174,0.043259334246545676,0.1204834144779754,-0.056453816869089034,-0.0774963051840449,0.03115363369698282,0.09561106922563418,0.041808735600657086,-0.005297821485022276,-0.028147752753103362,0.0053778397497330965,-0.056196693945183944,-0.019883496299613054,-0.06381507641486547,0.7606724768783545,0.8973426886985139,1.0,0.5903521367113125,0.7102445346104242,0.6030266766842561,0.7665289642946244,0.82478957136663,0.18270339193159896,0.23429525799146772,0.2148368431143124,0.18776726445208716,0.17426025222645528,0.1815928655714292,0.27803308282798667,0.28941240750289404,-0.08091436207284357,-0.11415068340096701,-0.12685842910073789,-0.057808434705436444,-0.09544499215446035,-0.05420164686362678,-0.06250683715707653,-0.1313752074710307,-0.013223711457252551,-0.059074731563018054,0.007621361340573689,-0.002933523764366595,-0.024177138147346632,0.04312156165573483,-0.03527588605692313,0.03314387493782532,0.12726324625551186,0.05190584744934379,-0.028742240148082,0.001481185476105193,0.024862809410719534,-0.014853430926223925,-0.06189520000111506,-0.09707387363110337
C4 GM right dorsal horn,-0.025677934427346834,0.0072840396509605485,-0.03580602771797594,0.0313286236013705,0.05904944945229383,0.06667961839021054,0.0861768304939906,0.07167084105447727,0.09357945620493363,0.06074714347404059,0.027687920261495812,0.020222419422639634,0.04269729910282282,0.029384438493567436,-0.034744297772746416,-0.011742531689441279,0.017394525249997385,-0.08231620214873805,0.011702104669709562,-0.03340594344146704,-0.022570512465739708,0.013540277747938295,-0.03325344045487298,-0.020009526362115077,-0.027898058232813456,-0.069362263144647,-0.015240822549876527,-0.045045342150465774,0.009995875291022529,0.004375215170879404,0.04704233387371377,-0.04924764621500608,0.024112604275293416,-0.05784512384401075,-0.1029441611960439,0.006324268816394382,0.07059070322019521,0.08153578477274287,0.0873268351976691,0.07996968369176187,-0.01223150173346906,-0.07113722170936648,0.07064121088026162,0.038672368801202846,0.013021622063901334,-0.04450057688259226,0.05320795720642511,0.01312138969739151,-0.01635092059428582,-0.02038354029849977,0.0702632383789004,-0.04547706636352197,-0.052469496254187814,-0.02492141885093305,-0.03052449272482347,-0.028850062955477145,-0.03815829182958454,0.02788221066807279,0.12752626728302843,-0.1062367601621594,-0.08719227542737736,0.004645047409200885,0.08416113662742432,0.025673155599006032,-0.030940797136885016,0.0041781552069928,0.03471199552004921,-0.012836714587059336,0.02131167957388753,-0.01475513825680152,0.5710474346579889,0.6325787971721698,0.5903521367113125,1.0,0.8276512581246651,0.7462694870985077,0.795522818752913,0.7087240100263127,0.16006978154260057,0.18255658188656582,0.19495933169346194,0.15462938708024257,0.11614567771085103,0.100422867246464,0.2819249269818204,0.20915570615654605,-0.04683392428068728,-0.11895428284846084,-0.1363357619975222,-0.04339467810626744,-0.08026591983356568,-0.03607343899968216,-0.0009864347505004702,-0.12870169942226622,-0.08906339280729564,-0.02080248367076022,0.000994554543813325,0.0662738850135676,0.052085709008877365,0.13486934896703134,0.0016924139379865296,0.07525826908665784,0.08844884893995279,-0.0002900506472173395,-0.026260827561942045,0.03469686025344651,0.023013459663244168,0.018294279872714023,-0.03885864558377735,-0.07389665678392027
C4 GM right intermediate zone,-0.012234791193912572,0.00160275793857895,-0.02803936892990577,0.03976951901863492,0.049867313011310234,0.05372074011536772,0.06751909533423364,0.07459780445390181,0.10997595995177538,0.05896671457556912,0.01907464869333829,0.02764174483671707,0.04203456710008721,0.023325516982671615,-0.02744626889345041,0.015136562865830048,0.017949490440733584,-0.070725342794271,0.014806395814757914,-0.03556531367438325,-0.0007029242387930857,0.009636300293938369,-0.08272215782368023,-0.017218890818093857,-0.020331217032044487,-0.07315088592785275,-0.039769681271758714,-0.034578112533416264,0.007212328144867076,-0.001762814637500312,0.0634139575139946,-0.049495425204852325,0.028270780835377998,-0.07396235032154035,-0.09008120427621101,0.03846313963445165,0.0299045677580198,0.07536762917314371,0.11306426701480123,0.08108009008467634,0.0012920439661689765,-0.03834719621176109,0.07446569434822256,0.0805490841395329,0.008466608707331251,-0.02217095881311547,0.059620959664766444,0.02811104700112305,-0.0033805870558487948,0.00714408043015067,0.08960673058773541,-0.04582713745015108,-0.06801880490239821,-0.007968706431986144,-0.02172417615817966,-0.038934812270982194,-0.02518469873782869,0.007071923095062138,0.10670031578784601,-0.09510945420381227,-0.07852532505497957,-0.0011672337439667748,0.09789483762360673,0.03787000189250775,-0.014554510388622915,0.009300088738124851,0.03447705495917136,-0.014407985043995373,0.03715187953223961,-0.010601142910403686,0.599936987970865,0.7739954532542853,0.7102445346104242,0.8276512581246651,1.0,0.8975172010828194,0.7754560244966839,0.8341047319628971,0.10712767281106991,0.15599420418714693,0.15984751515169351,0.1343315705202389,0.10679094715402218,0.10855528480187064,0.22713768181257663,0.2115151168425399,-0.09705025451580888,-0.12085532835962268,-0.16745798757723915,-0.04783597169205588,-0.07912300248920996,-0.05921057773213116,-0.05230731187051342,-0.14133386416738866,-0.05376314196780884,-0.0171590520657168,0.019381677043549025,0.05472689247636822,0.018698890480698636,0.0970132444344175,-0.0018809252936042961,0.0737557427225886,0.11315182331476825,0.017877072883516035,-0.02431735566573458,0.007522257311883809,0.01537209349830722,0.009291236653860554,-0.06324424049985321,-0.09871726865087167
C4 GM right ventral horn,-0.02321637755426711,-0.007540999401396189,-0.018601367062892907,0.02045293934207045,0.03929119604629509,0.04447982807518209,0.04774895138842941,0.05709850525393811,0.08124423821360105,0.04895462358789267,0.041784099296416806,0.0031018070728450952,0.03175404096987014,0.029901863524508653,0.007651747226549825,0.04360928535262119,0.0377110350256947,-0.05787695297507858,0.022706445669947853,-0.04187323089295423,0.028654706463068055,0.009817349703200579,-0.08625095381928924,-0.003354010435355418,-0.009141120037959463,-0.041971656772420055,-0.015990672789430876,-0.022195135639832917,0.009815246144208575,0.02475206629530563,0.0788476299711155,-0.03617396525235506,0.02041270838675713,-0.07925112771206497,-0.07931775700963312,0.024519792044568507,0.021674493639005116,0.07396947763778308,0.10100028274570069,0.08652430729606617,0.005933194558379658,0.0029663902080285186,0.08189884392788757,0.07379340821058943,0.010695422982044683,-0.012662243253031676,0.05689782908060693,0.027046162020839298,-0.00047927312727233455,-0.005745694278260566,0.08799623726279551,-0.030687200739560345,-0.07069050317256964,0.00852216566692735,-0.0012538922012637714,-0.014111525400907779,-0.025002366185274093,0.00045332765164238383,0.086633251498146,-0.0854507085267206,-0.06591766813861492,0.013122362287318943,0.08891399381968373,0.0412945750320667,-0.006590386491906565,0.037384172298250334,0.05270288909330505,0.01427736971272205,0.057633451203599015,0.01828022684715873,0.47394243502995764,0.6582595660008361,0.6030266766842561,0.7462694870985077,0.8975172010828194,1.0,0.6919563743897164,0.7995017923803818,0.0696256852555278,0.0892484570615628,0.10151238502633247,0.08183691809286259,0.055480680636456836,0.06999265984052803,0.1770737581108212,0.15903025193610648,-0.1081866035406888,-0.10931023247503811,-0.17222846334332434,-0.028192901815093405,-0.058332295654564714,-0.05997743185438588,-0.05660955277774878,-0.129117751406084,-0.038379922294624995,-0.0009153911477669262,0.03637444394408726,0.06236389390574476,0.012563879182795737,0.07787033547851872,0.006432835333595182,0.0809735335881136,0.11890705229304692,0.015324843676722419,-0.005501311717858259,0.015599542644550875,-0.0021304945144193536,0.0052237628108918145,-0.05947936827470538,-0.09655217141677805
C4 WM ascending,0.0014745353756110274,0.04163081459945051,-0.027554632258384438,0.09350762215133117,0.09036660841530508,0.08559802614519024,0.12302754912476879,0.12856009899333484,0.18565846319660465,0.12478497835081072,0.0876112264001777,0.037246872223563196,0.0693695398234691,0.035798365546688235,0.0076850807600896,0.03717318324028921,0.060239884804457966,-0.021367538501963063,0.05985706875046279,0.005596750121944701,0.04373430876967332,0.06435123390548567,0.0011249872925755593,0.05184337149966486,0.023133515617365243,-0.014518491210491395,0.040242481320888514,-0.0026623226666808238,0.05031416176380044,0.06066623589457142,0.041520378039587975,-0.019738280701498908,0.041784026347066024,-0.025704939334194633,-0.06174135037462441,0.07995676398300379,0.06916216076900983,0.1342990351954697,0.11329748133157352,0.1420535774124765,0.037418453590391615,-0.053354925620828386,0.13396523288693007,0.1272083534413514,0.039743330431873204,0.004490414475594641,0.10999389495418542,0.06361787323455889,0.023591268705349853,0.056290902162065996,0.1242022634443452,0.0254293482834791,0.011089808237603003,0.016128018167896586,0.05726108755217869,0.02664494819435357,0.008184928814390997,0.06546950465731863,0.13349204899344616,-0.04059436358053851,-0.08241236257796174,0.062476684637629634,0.09968096567683378,0.020018956306957936,-0.052601953456693856,-0.01109632730170137,0.013576038172701832,-0.05411249279952117,-0.0032220990167575597,-0.07621916735078466,0.7910775096036955,0.772726363288998,0.7665289642946244,0.795522818752913,0.7754560244966839,0.6919563743897164,1.0,0.7887537016175573,0.18313151037538072,0.2210528417344105,0.21106262704350037,0.1522606582095789,0.14324874896675574,0.12501437239361687,0.2958846375982611,0.24973157320476738,-0.03769883194577459,-0.09017445474370604,-0.09916638522046207,0.0042776906509080165,-0.051690961661464856,-0.011007398212352271,0.012708218506568605,-0.11095359854084998,-0.048276007427574034,-0.022679092552970993,0.01282607157065066,0.04107229551871923,0.03032937006459325,0.09970809188038836,-0.029314064052873214,0.06620896017440325,0.10546969778129699,0.018272290536135223,-0.030884473208043224,0.055387786846500094,0.05849092916797979,0.035674741212674596,-0.054567497380616184,-0.09403561300943868
C4 WM descending,-0.005304960191032965,0.004796140973508287,-0.025962566054488267,0.036261799643190686,0.04720319913135447,0.048827138806023,0.04448733278674671,0.09471622250737902,0.13837217447228162,0.05553435969549969,0.06993334201801416,-0.0009773310561545941,0.06081221031157424,0.05904524395265326,0.030817241710482637,0.032975478781709575,0.03569316871736163,-0.030221096512772317,0.0613785584091885,-0.010138410388815145,0.05599754850546569,0.06694239782732703,-0.03364966607493556,0.0276039086937923,0.024509554351176775,-0.0235476734414519,0.020681725545633852,-0.008878021119721616,0.03761604202101082,0.04685034016371968,0.05496319853083268,-0.02796871088689088,0.04405799664859988,-0.048708636629006596,-0.08250146688802172,0.0485700276395089,0.04903620768196199,0.07095470490267268,0.14094037090226189,0.08518634054260807,0.0461968797125947,-9.487254439605187e-05,0.1048594192707286,0.11444187653898294,0.04265041230894008,0.02223511487229394,0.10874667506655705,0.06625932328813669,0.03800274872648801,0.05845596718920084,0.13708385669760687,-0.002279384997840445,-0.01112655818568726,0.05536636185440989,0.03975089787788028,0.00596275926599907,0.023676315499751716,0.051211791845094085,0.13841284716798108,-0.04074340272572166,-0.07978825521422057,0.07067224697535467,0.1230551578806064,0.06796985853071169,0.019389011078918123,0.04058815474695197,0.06185125866776921,0.0019574288577355117,0.05148036300776407,-0.009790647573091409,0.628582672037221,0.8135846452042653,0.82478957136663,0.7087240100263127,0.8341047319628971,0.7995017923803818,0.7887537016175573,1.0,0.11371294112943131,0.15415646205562739,0.14595950885267706,0.15884645481007809,0.12713431655622817,0.14788990399928661,0.2553580807730948,0.23775201840933782,-0.09881751850813403,-0.12029039617269437,-0.16917892275679375,-0.0021094474339124186,-0.05470757130414071,-0.023611741542234402,-0.027840258056852578,-0.12294493345886684,-0.029227917942473015,-0.020955895628576734,0.039423961293243506,0.015215001567090266,-0.00726722809734591,0.05643196699673621,-0.017326783631691243,0.0731367207153987,0.14049617922815358,0.05162573995897391,-0.02423342791937517,-0.0013107808292586959,0.017336506759313957,-0.016980282835696536,-0.053506510432734265,-0.10385316892742485
C5 GM left dorsal horn,0.04382022655849029,-0.0746639875790231,-0.017727582244939904,-0.09696143980396241,-0.013350610345520925,-0.04052594589944895,-0.011064597863623248,-0.038887179153314515,-0.1392443438157033,-0.045904532045211145,0.06578642022119316,-0.08369051093309235,-0.07360877146938768,-0.08485202915474888,0.009722086920715954,0.00024725274075333665,0.00339273215299265,-0.0635498872143793,-0.0698774089419418,-0.07805635735878291,-0.004855529803735327,-0.017562571275899736,-0.021442699110916882,0.02158393756582953,0.02645344230874815,0.06602335929028165,0.051357556539355934,-0.01688935353800583,0.030783489752385734,0.05796546706771027,0.02133843423147727,0.021674780542035893,-0.025455573144608966,-0.027214136341488886,-0.05540802503230536,-0.01654607152213425,0.04165960017029091,-0.04786491951286938,-0.030442032054712482,-0.04462121357018479,-0.02146974777819345,0.03974764534334268,-0.06115399049336791,-0.04526421721683816,-0.05730329712320819,-0.04689414736041858,-0.04399480537043257,-0.08854982093608137,-0.029385086871429583,-0.028075780330457503,-0.02438521374837892,0.051636814057823686,-0.05223457901232558,-0.00019323570897215506,0.08517211763180071,0.06312279563893629,-0.008329155942316256,0.10774570746499015,0.01793694498913893,-0.01194772833328091,-0.031080688333398693,0.036384800194432985,0.04697658018613025,0.04091928260629055,0.02564318070600323,0.11998032021949144,0.10186154159228046,0.1003372539945546,0.0966120224719848,0.06754008476941652,0.14153047894934745,0.1462178443845924,0.18270339193159896,0.16006978154260057,0.10712767281106991,0.0696256852555278,0.18313151037538072,0.11371294112943131,1.0,0.7066673873140222,0.6737729104618148,0.25863012175292305,0.33640883198648364,0.2665189186811454,0.6658290385973686,0.5286175156683667,0.11858675519972679,0.03357348549142697,0.03905194633047577,0.10371235242974157,0.024559144455700493,0.02076760360262969,0.049559128453401734,-0.02449230994835729,-0.11745011656929161,-0.0829193995578491,-0.054097169890030765,-0.0069772456490223445,0.003465247219313646,0.07196936804402967,-0.09707784279531934,0.01907316384360953,0.08850300494027294,0.11556977705958948,0.0856923360865443,0.011896545338136742,0.12369875994717879,0.09029407939868989,0.04606673819034736,0.1057317340330857
C5 GM left intermediate zone,0.01622056404388585,-0.0363769609727122,-0.05132745663669398,-0.013227582816640191,-0.030645243620480298,0.0037617505807532384,0.07690009477183277,0.004366612819523299,-0.02057407743667399,-0.00046450351234462317,-0.024224680568782905,-0.0642836076149111,-0.048301363065598825,-0.10517903379858277,-0.07976732946563689,-0.08343128468436492,-0.07802279494448415,-0.06450509877661834,-0.09184023000457017,-0.04067884101900708,-0.08028239701338025,-0.05444017132772664,-0.05156955262634851,-0.04638349222340818,-0.03888982251060565,-0.02701586467559148,-0.023539574181650383,-0.08354922481178967,-0.0789072027989927,-0.04520749300299152,-0.02813140563805783,-0.03484401166500548,-0.06853546705173018,-0.042687645167769725,-0.09895543362490729,0.013738909478529926,-0.0021824372838373856,-0.003186432287543924,-0.028226192171695762,0.02061314999086961,-0.05145407227973112,-0.03665759196857004,-0.0243836342405098,0.018806585542387316,-0.06679579967951522,-0.06549896483066432,-0.072696842098414,-0.11308684994566352,-0.10095372321058335,-0.03898059177999001,-0.11575565683741654,-0.02694330572881534,-0.05930224664099687,-0.08059137243084595,-0.04466062800026553,-0.06345856269303055,-0.062277864723817467,-0.012454097860872156,-0.033173405311774005,-0.014603367182450163,-0.05404063095830302,-0.05428103109116809,0.053783653405515434,0.033902557596277166,-0.020712699291719726,0.022685065182416267,0.04263265875738241,0.009523468267630852,0.04510836794391564,-0.004495734276946911,0.19960995349606472,0.22534967027831126,0.23429525799146772,0.18255658188656582,0.15599420418714693,0.0892484570615628,0.2210528417344105,0.15415646205562739,0.7066673873140222,1.0,0.8323337790946166,0.40748117542469375,0.6043621858235215,0.4535881724063122,0.629858472650916,0.7401512161827393,0.07179904440219387,0.05895416799140479,0.0577286514798897,0.10626818033294907,0.047191576141285864,0.02366832250406438,0.03855939003125063,-0.012080284629674622,-0.13613705339602683,-0.09846160314158686,-0.0659927480974978,0.022234934706503014,0.018426022330733084,0.09429154750364584,-0.04101679182369316,0.013374311697885524,0.09497303732220778,0.09320037080744166,0.09333225494315366,0.01173706458352602,0.114243960360753,0.08734762367700719,0.05126537015380506,0.11211256958579807
C5 GM left ventral horn,0.04403363266448497,-0.0032306223724129475,-0.012760449158568454,0.010047875809255966,0.007387966964369599,0.016093301840479385,0.07064561032353203,0.005710912351387357,0.01357754726313651,0.017698200174184584,-0.007117031408131617,-0.04047880924070214,-0.031430955087642265,-0.07017374337130619,-0.0620736768512855,-0.053950841841419024,-0.05122787047517886,-0.031872128581081315,-0.07744922831472288,-0.017009676697012262,-0.05712873329051509,-0.038849202581594404,-0.03246014631071985,-0.025592319172638288,-0.011047806972233584,0.02046224769186768,0.028175775028539785,-0.04366790951369035,-0.0339173342833361,0.006396057761199255,0.009700798878828928,-0.010559774915645024,-0.0029158749779137154,-0.004055792815990061,-0.08939208065330549,0.03608133433105618,0.023784667278609267,0.022232747017109165,-0.023403380155181362,0.015542095223145935,-0.04369982289636776,0.007429349860088818,-0.002142960525363053,0.04700514133582226,-0.02545086185922257,-0.026980378074773104,-0.031387029870812745,-0.059432450644774086,-0.03841849361190513,-0.004000956853065472,-0.05507043368364103,0.010601032047825537,-0.015415101761924592,-0.05069159939029466,0.00378917409417542,-0.018217357996638584,-0.037808064803584014,0.03140135150123126,-0.028746182924880848,-0.0033647131194324328,-0.005920603250613873,-0.02903007296567631,0.05139612850053029,0.01283716949837812,-0.0312991217734335,0.04030186317565091,0.0506556386086772,0.022470666211238416,0.03168310001001254,-0.011059756477521962,0.18965661299030884,0.20927041577774558,0.2148368431143124,0.19495933169346194,0.15984751515169351,0.10151238502633247,0.21106262704350037,0.14595950885267706,0.6737729104618148,0.8323337790946166,1.0,0.3069363795000284,0.4361836729934312,0.3315690628769765,0.6371715842307986,0.7069722615947438,0.06275905490462434,-0.0027021090012325673,0.036938703579861426,0.02924066938179823,-0.04581945890781969,-0.044117296487251975,-0.010687040922997937,-0.08846602466700773,-0.14141007616969226,-0.06720735205348327,-0.03604341053000092,-0.0013696573528906807,0.018679155131796868,0.08277120192044761,-0.025148030340560325,0.04647057822491586,0.06988118569322983,0.081680689585471,0.06252204013462424,0.009742332316777891,0.10573048520503771,0.09319386942466562,0.06335529447501613,0.11816820820836488
C5 GM right dorsal horn,0.0008319854613246044,-0.03807710882020106,-0.0791705716970005,-0.03968318214411094,0.004724365935344544,-0.04406596732714235,0.03522721094026989,0.02049384096951387,0.03573365471730574,0.022985401436846173,-0.08426842488639065,-0.0253780569342309,-0.0011408896241805599,-0.06863151114174648,-0.05887188511138453,-0.1191923596144715,-0.0999425448104647,0.012704903937566658,-0.11930846632424054,-0.06604812056308496,-0.07652110990595351,-0.08413603434498562,-0.016297279627984294,-0.005865945406545096,-0.09710154281295176,-0.05098129416602668,-0.023418002347405965,-0.029521190583389815,-0.10048079754689994,-0.06377381744303723,-0.015739753646613425,-0.04043640345651361,0.01295314309118211,0.007440990628559098,-0.13799242421386262,0.01573231438271372,0.02625821669964374,0.05164345084535901,0.04352953873084175,0.038296587575135654,-0.009288517922443925,-0.12524497128770104,0.01380036115632629,0.03680858965548856,-0.0906818677659022,-0.03454150555768243,-0.10335091580143979,-0.09161600381245777,-0.09201663325411451,-0.050476594380791856,-0.07797830999629439,-0.06217316424533018,-0.06971154174607042,-0.16037956111972132,-0.029671300058751526,-0.06322461129605927,-0.06778682433135187,0.019237636633456047,-0.11494945734594639,-0.057007353528885245,-0.05017005671477679,-0.10996093884400045,0.045042423059280516,0.05111155373232327,0.02251534179210529,0.057817854065608305,0.09400090561108294,0.0651293906370026,0.06862292351305882,0.014446005604966613,0.12999576534974405,0.17465269655407395,0.18776726445208716,0.15462938708024257,0.1343315705202389,0.08183691809286259,0.1522606582095789,0.15884645481007809,0.25863012175292305,0.40748117542469375,0.3069363795000284,1.0,0.7924476061019045,0.7468286265406523,0.6636421916570174,0.6153282953131657,0.12011664592673804,0.13072832626561703,0.08822268028584081,0.13941730748696635,0.1227031490231419,0.09694501059091551,0.09234855044098172,0.09999600522971075,0.0187294205990458,-0.08549479092964558,0.018686135229958118,0.05575818705669848,-0.034151706550159054,0.11673658434235584,0.08964581200586659,0.06308251792244182,0.08208935922729019,0.04265676263025503,0.06928038429072428,-0.07324237069731009,-0.03453516609025841,-0.05050807765666952,0.044868942745685876,0.02961504903756912
C5 GM right intermediate zone,-0.00717556299414021,-0.05226023839149828,-0.09993828355531027,-0.02183318238771767,-0.025433566976957738,-0.02681830496551925,0.08139705552648359,0.025749573729421812,0.03883640242549181,0.014034252934535692,-0.13249124289914446,-0.05993591024750495,-0.03796336965779213,-0.1136835767331899,-0.10102706408170907,-0.16601895370409223,-0.13568464191983523,-0.03480618151000197,-0.1355715282241844,-0.05259772580532154,-0.11620131492161785,-0.09662565701659241,-0.04971011370696807,-0.05180827365886085,-0.12027888325787392,-0.0911102751149936,-0.07354606585999277,-0.10116451135529861,-0.14488430450182982,-0.11395254092226564,-0.060371775624533726,-0.04846774208601924,-0.06128949806710084,-0.018977979840955388,-0.15852674576803727,0.008293624183451066,0.007456137054861598,0.03601152110632284,0.017041273247749004,0.05986036164796233,-0.009187881916328699,-0.1467770263760751,-0.020004215990201007,0.02055469916214971,-0.11002561545438055,-0.08620808079793012,-0.12883043160269844,-0.12749511224938742,-0.15755631626487182,-0.08851145623734198,-0.14557187039219313,-0.09266485163152294,-0.09691218902166088,-0.17921892509108184,-0.08853308213911386,-0.11637173296696911,-0.10416281780145989,-0.05457879160489827,-0.08121739105275357,-0.04552294218282591,-0.06553097152439924,-0.12618440771653097,0.06120335596742557,0.08817804912540624,0.03571695613283058,0.07357567983598924,0.11320687471079786,0.07786331764196108,0.08537541610672138,0.04430166485847163,0.13587973039836623,0.16721147139295087,0.17426025222645528,0.11614567771085103,0.10679094715402218,0.055480680636456836,0.14324874896675574,0.12713431655622817,0.33640883198648364,0.6043621858235215,0.4361836729934312,0.7924476061019045,1.0,0.8675431425536583,0.6062925706844764,0.7551807978989177,0.1415755506018891,0.15300839189209783,0.12452079738063426,0.18206506020447347,0.15425399479356047,0.14911868558628033,0.12774575400987495,0.12902690769871145,0.028848652548238412,-0.030931406136071662,0.04168154862615699,0.028311450102299768,-0.019334762849850907,0.10062676812531632,0.11599067940986559,0.08420214867452482,0.07958989487011967,0.04925399856450609,0.09006599969455961,-0.0310422793799014,0.03844171473530012,0.022093881110732357,0.07015829936262068,0.0785146901110742
C5 GM right ventral horn,0.04843984732353278,-0.005150602073907944,-0.030014714076598184,0.004930820597162739,-0.017871870715584756,-0.05210835848810495,0.054961214457132236,0.03231905592740775,0.043867891251070504,0.011253663158511897,-0.08669644510900457,-0.06793948287820202,-0.007145670501001219,-0.0539697098584459,-0.05072882220464232,-0.12587536135997768,-0.08036867252717732,0.04749430344820899,-0.09415862536606677,0.004099619264229501,-0.06837173514253268,-0.04052255780430506,0.01334117673407403,-0.000966517100520387,-0.07215223613460436,-0.04427993234680404,-0.02140908213443631,-0.05569110171715664,-0.08890947695791925,-0.08635840680614058,-0.025550213346723402,0.019207882459571102,-0.04411615204259428,0.05498204961607973,-0.13838871387386056,0.050400658794827656,0.08385748380431943,0.04755264903796838,0.0038543006082771662,0.05993284011458978,0.016789463057606348,-0.08479188489469096,-0.001643341209427581,0.06320679308406958,-0.05738717106796418,-0.02279628749765237,-0.09004633545494241,-0.07103519506273512,-0.10186103451541544,-0.03131803508845071,-0.07766700376043474,-0.0355784972779531,-0.02515503606032981,-0.14038167909342927,-0.017269035945999708,-0.06557997682138808,-0.053911006977550024,-0.0030642449893114893,-0.06124575549306097,-0.0006578121463672603,-0.0389033158352313,-0.09299959538102678,0.08046848076904375,0.12324608353400496,0.06794225978715583,0.14309393267913847,0.181792476289306,0.15368117863694056,0.1338704234569495,0.10327807038555185,0.1162871429069313,0.16548353076977412,0.1815928655714292,0.100422867246464,0.10855528480187064,0.06999265984052803,0.12501437239361687,0.14788990399928661,0.2665189186811454,0.4535881724063122,0.3315690628769765,0.7468286265406523,0.8675431425536583,1.0,0.5950027725331882,0.7353388729330499,0.16002135910557294,0.1388514533482574,0.14607884510461056,0.15285929584899852,0.11258375259143588,0.13740236765704406,0.14136400096000046,0.1204634120745242,0.07884815727838985,-0.008022234569693516,0.06660535517079656,0.01753265180236186,-0.032540597153039794,0.07307722705900324,0.15062643844431717,0.08428769975194493,0.080234517987035,0.04770875901171827,0.0979084928355419,-0.042300036621012414,0.036088912528426144,0.04467617429681613,0.10948690904952155,0.10224776109643723
C5 WM ascending,0.058893887495660345,-0.03804306136333404,-0.019871998677388786,-0.03662264644405549,-0.009743455740948839,-0.05667489968164485,-0.007494332792264718,-0.0199361726028528,-0.04791774106800227,-0.004004196094598763,0.007955084032391209,-0.038101418745939496,-0.01740489196370878,-0.017167811766908157,-0.014733246571679428,-0.03552961141824055,-0.012037324354961802,0.01389804925346873,-0.07705899295967032,-0.018175037662704504,-0.01447655520406973,-0.02720355713650785,0.009497667690326986,0.036087060383247584,0.011013611694651195,0.057763155001252814,0.0824644511648601,0.008110034820219882,0.00710747816339018,0.03600862951145085,0.018211620303634705,0.0035633534171843166,0.015299056395225687,0.034104029271539486,-0.14996343970962364,0.04322162272905197,0.08914206817003012,0.020920439180111872,-0.0010911241396894258,0.0050418259440663795,-0.034116817870606504,-0.03354092256797655,0.00043053819656501806,0.046049857106946805,-0.03014494770296424,0.00812889959844718,-0.04930517185779075,-0.05248071706061507,-0.026128420425921353,-0.002789087340114478,-0.011636305141410648,0.03681899789225337,-0.007656721650157247,-0.05678870408778243,0.0848792612397488,0.03319114054923756,-0.01129948265164022,0.0997075003126331,-0.019665853953794606,0.004833660399529822,-0.0058135110240634365,-0.018671347221950324,0.04126722197244263,0.029284355048844406,-0.016016915996835007,0.12999580597780327,0.1284729872422293,0.11345910866433179,0.08488990848695123,0.022181334536874,0.20202348393117808,0.24082171588878515,0.27803308282798667,0.2819249269818204,0.22713768181257663,0.1770737581108212,0.2958846375982611,0.2553580807730948,0.6658290385973686,0.629858472650916,0.6371715842307986,0.6636421916570174,0.6062925706844764,0.5950027725331882,1.0,0.7132100676047821,0.16064125960034828,0.09564056133271222,0.08068850632971923,0.12958018311122116,0.0717796603889653,0.07944723563357915,0.12197087945325755,0.051662492970354953,-0.08721324612935036,-0.10392309035744637,-0.034912713105613905,-0.000479430707473227,-0.04822085881951002,0.0777414427294772,-0.018323421202212607,0.033565703341043786,0.09360687793711406,0.07317171095917999,0.07030882159605502,-0.04566301750838644,0.03869772254194509,0.028619369694272728,0.05575011575185324,0.08100139393734994
C5 WM descending,0.04079513366361656,-0.012086473080618231,-0.042055060832208474,0.009901803779556542,-0.0018269928138271972,-0.013127778624684594,0.07281376651220844,0.04600059415025953,0.07161168083966211,0.013615018981769153,-0.06037597623886684,-0.05664630803612843,-0.038397542016809706,-0.04303643079996867,-0.08077477953625278,-0.11853650222692079,-0.08863457429008388,0.0005232650002228343,-0.10356794564116395,0.0020488931005645528,-0.06473389830291515,-0.028985569121621445,-0.012258442857134908,-0.01481798151937955,-0.0578905015520389,-0.05274380776763502,-0.01754429511145037,-0.07719024036283328,-0.09008300262685925,-0.07885013830414098,-0.015765924172110136,-0.017290215128538514,-0.03291275681184963,0.010303700678603481,-0.1512385960804776,0.05099987317555495,0.06414554031520739,0.02392067151292562,0.0025266736945041583,0.03597741823699428,-0.00039276593574068063,-0.09462703178835054,-0.02360751432910042,0.05179866864698158,-0.03908765421456624,-0.05263606024021049,-0.039111685922926416,-0.06603273788043011,-0.07123970638683805,-0.0022032164460446327,-0.04914169543553087,-0.0390318317199653,-0.03075107356297039,-0.12421584627855956,-0.03517592254576262,-0.08938302014127701,-0.0536462615141003,0.013968804215635905,-0.0419507459408447,-0.014737631983303946,-0.06238732687152397,-0.08114127457351085,0.07700793001471638,0.07821586950125196,0.004214544831206087,0.10871214911088857,0.13247550463119082,0.0985576416058221,0.08463413110935514,0.049579168118109286,0.20944663372965486,0.26957348486559657,0.28941240750289404,0.20915570615654605,0.2115151168425399,0.15903025193610648,0.24973157320476738,0.23775201840933782,0.5286175156683667,0.7401512161827393,0.7069722615947438,0.6153282953131657,0.7551807978989177,0.7353388729330499,0.7132100676047821,1.0,0.1554339096638104,0.10443901436682387,0.13344197003747776,0.09570478496166636,0.044167744667914254,0.05627748421597597,0.10309208472185465,0.047216765714285264,-0.04959505622422239,-0.06021057505977892,0.010955265977158696,0.03401899914561769,0.007013105327639333,0.10663473729432171,0.05704521119815597,0.057425143344454865,0.14167162391747784,0.09986266476373439,0.10296500705080772,-0.011235438637588349,0.10204622003245051,0.0804819478212602,0.1316316626090692,0.1235911187886302
C6 GM left dorsal horn,-0.09335124219895924,-0.07961323311106387,-0.09801218551400155,-0.11753170316777424,-0.07003721657645216,-0.002498644408972429,-0.012163071673052977,-0.011702831712507392,-0.0576675337597544,-0.041813822913192786,-0.0614454921050296,-0.07803349744523752,-0.05683408200179708,-0.049841665944059636,-0.11086704931572884,-0.11131411255103153,-0.04093623601318608,-0.08994312797755429,-0.10963433194091331,0.009008364690583682,-0.071076848134938,-0.01673777930478991,0.015559664540514478,-0.023563492369682904,-0.021970121536847517,0.02367307840251342,-0.0036582075926563434,-0.07892103465349679,-0.016123643621295824,0.010927211288649714,-0.1784102973786832,-0.06401716495905624,-0.16266462975715104,0.013255932059031009,-0.13224337398844857,-0.0049552434661839385,-0.043969069986099646,-0.02242350693324016,-0.03948897450520379,-0.007397417645273782,-0.008521581285181065,-0.04035643563099102,-0.04374873305680085,-0.08428520741583857,-0.027833235252661525,-0.03780639936598711,-0.029667875054079234,-0.054624950789440054,-0.0646697593337044,-0.00141325610005688,-0.0309040062285391,0.001201211867425251,-0.04517891186716122,-0.038993937989673835,0.0017817043836750727,-0.021133556782588162,0.016792349006216956,-0.020396045722698847,0.06742994628244063,0.06065145888795105,0.01553874766589455,0.037233882126024485,0.013591345263840919,0.019525114455964093,0.029645780660603634,0.027211908398180332,0.0062406721840713155,0.023073624431932893,-0.017297733703601933,0.0374844031170241,-0.02422285982689756,-0.077978265727809,-0.08091436207284357,-0.04683392428068728,-0.09705025451580888,-0.1081866035406888,-0.03769883194577459,-0.09881751850813403,0.11858675519972679,0.07179904440219387,0.06275905490462434,0.12011664592673804,0.1415755506018891,0.16002135910557294,0.16064125960034828,0.1554339096638104,1.0,0.7382448945543599,0.7481826235664966,0.1365963178158107,0.28459473577245825,0.1640974375833678,0.5639579171804676,0.47031114454979034,0.07838811639773349,-0.010099351491736814,0.06141345311560117,-0.05620925978643799,-0.10447862068455037,-0.08296455060323463,-0.03895651069688063,-0.08532214015615244,0.026380703210622386,-0.05464608943783928,-0.040977464026787126,-0.08345522407788554,-0.11415445192657267,-0.12386912399420416,-0.04703545789263331,-0.09517536470430013
C6 GM left intermediate zone,-0.12480420449520367,-0.0969034278696573,-0.13058194958900848,-0.10242247237076224,-0.04162809321165857,0.04446569504728842,-0.00013039742875698644,0.034264319253276526,-0.054303604202816116,-0.019491528603048296,-0.08847597649589056,-0.10287848199222076,-0.07299300800673744,-0.07729916288688253,-0.12594087544564536,-0.08557021421416902,-0.0862969468710681,-0.12824019394948866,-0.10182833832421617,-0.026084881808673577,-0.08306542237558619,-0.02785133352265059,-0.009786979742072176,-0.0629502284296301,-0.05752367920055927,-0.027346413076110052,-0.06522359615374611,-0.11477472335710444,-0.0743785238162542,-0.0143266852222428,-0.16852861770279481,-0.08627878619487755,-0.19528761026433922,-0.03136581234256272,-0.06920283109979648,-0.004154562837206499,-0.06597318334317134,-0.007011254126396453,0.06433830718490434,0.009702992137537338,0.010962773713000858,-0.031851070465004246,-0.045320751934231705,-0.08606219147240822,-0.11821204033918307,-0.0896107426859583,-0.11585884814967463,-0.15651241423366904,-0.1196506905599472,-0.039423518927745684,-0.09870867182955076,-0.05724869894257593,-0.09292484032535495,-0.04379954875483287,-0.0301145329853204,-0.05448043546803294,-0.027112187605482466,-0.03360044586528979,0.0046048149641682344,-0.017240701217256474,-0.068508343452946,0.002595499923674394,-0.020761784381908076,0.024251828901886388,0.027688747497397526,0.033264809421564276,0.019888539092563565,0.03986400711577205,0.0197379871014577,0.025585568001139113,-0.06309801132026534,-0.10910207191515893,-0.11415068340096701,-0.11895428284846084,-0.12085532835962268,-0.10931023247503811,-0.09017445474370604,-0.12029039617269437,0.03357348549142697,0.05895416799140479,-0.0027021090012325673,0.13072832626561703,0.15300839189209783,0.1388514533482574,0.09564056133271222,0.10443901436682387,0.7382448945543599,1.0,0.7764844568269885,0.36064093175624723,0.6489886652959274,0.41237871564115963,0.56340531954666,0.7443923237426032,0.07088986277642212,0.03501274254981878,0.0548020646740776,-0.04733075663218013,-0.03744637658314857,-0.026501284313353152,-0.08215088595234193,-0.010460269223162422,0.047360097983627884,-0.061949770005567464,-0.012250355601039193,-0.07464786933212333,-0.1256247617230171,-0.14857448675262516,-0.04112244997160905,-0.09105728436744953
C6 GM left ventral horn,-0.025864996898520665,-0.018039461721471552,-0.06498146022362422,-0.0444547304555324,0.005870769237717779,0.04939595094973235,0.032083248015468475,0.058693105422924996,0.009942978681363691,0.007046461116527964,-0.08615270572369754,-0.06734951585370225,-0.03891975262008411,-0.030740273993854268,-0.10609239049227198,-0.0917317655154274,-0.04814957171966201,-0.03841124637933547,-0.05903228402735855,0.008457149721272662,-0.03819771566831906,0.0010315101884552163,0.020776294835500274,-0.02105866568752158,-0.035305375882357035,0.013884954269285476,-0.03391661641701782,-0.09384329249606024,-0.02356068638756086,-0.004263950504522052,-0.1113998462202555,-0.04189918607319542,-0.138750883040266,0.007557187144372654,-0.017158254341033043,0.010142506837841495,-0.0465505193302136,0.014653210066722266,0.01909794603516938,0.007478652412806978,0.04978239298285572,-0.014010946363618163,-0.0314843952093941,-0.03808923619757829,-0.05311453157154329,-0.030459306381793474,-0.0806090156333503,-0.0867460196686547,-0.0758178414932951,-0.010795473841030313,-0.05208838381282079,-0.01886204702077535,-0.022288765425204176,-0.06895153301624328,-0.020930584452664786,-0.05599540448024104,-0.013319866632862713,-0.015926282803908353,-0.010802302916929794,-0.01176441719393329,-0.00701481831146765,-0.045163193666807884,0.027446480842181376,0.02447471765623123,0.029375874464801204,0.008429823882040008,-0.0060529119965810705,0.011842563749622018,0.01882098080674287,0.02317439340470782,-0.05424668714381313,-0.12401130343856963,-0.12685842910073789,-0.1363357619975222,-0.16745798757723915,-0.17222846334332434,-0.09916638522046207,-0.16917892275679375,0.03905194633047577,0.0577286514798897,0.036938703579861426,0.08822268028584081,0.12452079738063426,0.14607884510461056,0.08068850632971923,0.13344197003747776,0.7481826235664966,0.7764844568269885,1.0,0.11851686326551383,0.3147672036888703,0.20195931509808696,0.5254554502835314,0.6243469849313705,0.0803094632984837,0.029428439111427885,0.059070658283532446,-0.06585717161091754,-0.06378602072533911,-0.05554362746839981,-0.05080499650005111,-0.06584508497197568,0.04661741164712236,-0.03379145460305646,0.0028166416682446644,-0.10651561657956049,-0.10652356162982289,-0.14629810282413805,-0.01918919651670453,-0.060123466821069435
C6 GM right dorsal horn,-0.07936968371466975,-0.055164009640644954,-0.08355996369189361,-0.06798268900639615,0.022768715856633422,0.07009495690924897,0.061456095038131445,0.044248951256818686,0.0552251945243686,0.03435813889183715,0.035293881357567516,-0.05893585152213954,0.011206079157560297,0.009373527478485931,0.04073558001919681,0.00018684914135750705,-0.011026409087608088,-0.08061927921202436,0.04564623245616439,-0.0029270321836971356,0.040666181687341096,0.045166008994650564,0.0029261548459588085,0.018028580352910904,0.032251621642783806,0.04761469749023795,0.05979116185415206,-0.024686308201158417,0.0015996228323897203,0.05395727578324368,-0.06917889640293914,-0.035674572774065785,-0.11361897106047751,0.002787208679136153,-0.0662995623755585,0.019725574884446415,-0.054304508078305704,0.03860737107821922,0.1278385805895245,0.06092246607601246,0.006958063669017054,0.004465656021356386,0.047994351607112,-0.0330398169069839,-0.10968430332049119,-0.061072878494510305,-0.062010585825893985,-0.12450327494931124,-0.06735222827877867,0.037503862464945636,-0.04450870484742437,0.004897543667312019,-0.047702942750709514,0.06598976167477055,0.022823236221192728,0.060326064445804656,0.016403190418692884,0.03958400429536388,0.08258009386832606,0.07018994015664405,-0.08691980020821717,0.12495829624389294,-0.12786057880562596,-0.031012934324606993,-0.031953782879709666,-0.011400055473947603,-0.008150215583805171,-0.010863788872260513,-0.05215956308474958,-0.052484648123933775,-0.0072285090237072915,-0.05660365877676002,-0.057808434705436444,-0.04339467810626744,-0.04783597169205588,-0.028192901815093405,0.0042776906509080165,-0.0021094474339124186,0.10371235242974157,0.10626818033294907,0.02924066938179823,0.13941730748696635,0.18206506020447347,0.15285929584899852,0.12958018311122116,0.09570478496166636,0.1365963178158107,0.36064093175624723,0.11851686326551383,1.0,0.7836113846418062,0.7768267951206625,0.5793570756078472,0.5342720937249478,-0.013477980272613092,0.05497587166731505,0.06392637930823171,-0.02089718414282088,0.014903750318488453,0.024457921637085742,0.036739855121064015,0.13685337345656706,0.12245669188155998,0.05679976060401104,0.11349453520841649,0.023162305006054495,0.034427028913215627,-0.013936995153816863,0.042771293488184405,0.040280281941818166
C6 GM right intermediate zone,-0.1317076656591214,-0.09947374262289645,-0.12043935510886415,-0.0842472179506174,-0.014160533973735507,0.06583063263318017,0.012019206936279815,0.033117017375586,-0.017084078015675887,-0.0005378553442605739,-0.03655421059832166,-0.08848364991926366,-0.06443809389582053,-0.06366536080654121,-0.04329504817719013,-0.03160258320373198,-0.08411336222467614,-0.14195506484537354,-0.03965155861473607,-0.046269562590571876,-0.03289025849745182,-0.000792343782086784,-0.01073605783812833,-0.0380943980926785,-0.0197104748614955,-0.025722082260083906,-0.011729082242309515,-0.0859812496757053,-0.0635995973678451,0.01119893206023932,-0.11497967054154212,-0.07838194691538368,-0.14416839816691468,-0.03841205693854291,-0.06220872525893817,-0.01651592341881283,-0.09284529455461553,0.0029720468153486296,0.12134816009232584,0.023494357130432138,-0.0006587095284250089,-0.025752405049987513,0.0030326600729542468,-0.07587003817146316,-0.14227277020761034,-0.10077344613761492,-0.10631552100995509,-0.17524215733519263,-0.10685102961146783,-0.025347307176141132,-0.0883155472942049,-0.05690664848706061,-0.09364384843936446,0.021654466630578222,-0.021331883840159924,0.0042605905109434255,-0.03290102464092132,0.02443205420835937,0.04450569051926217,-0.012152989622829086,-0.11903536918067872,0.07111085793608951,-0.1113643227485275,-0.0006865426465675581,0.0035423639047892364,0.03584913050343427,0.03169223961648013,0.04065211315274643,-0.0019272379335314948,-0.00825738701960817,-0.033474880229380825,-0.08616742212183788,-0.09544499215446035,-0.08026591983356568,-0.07912300248920996,-0.058332295654564714,-0.051690961661464856,-0.05470757130414071,0.024559144455700493,0.047191576141285864,-0.04581945890781969,0.1227031490231419,0.15425399479356047,0.11258375259143588,0.0717796603889653,0.044167744667914254,0.28459473577245825,0.6489886652959274,0.3147672036888703,0.7836113846418062,1.0,0.8154881018333883,0.5525770410981847,0.7560513077866478,0.02331815764994374,0.06884894561433746,0.05063610596868475,-0.021189826753915796,0.04399985440703989,0.04717508594385666,-0.039153945994158605,0.11557327618220717,0.11999711823239093,0.017594512386844834,0.06672860190058454,0.016997814427226227,-0.009052675077231677,-0.039930294858163407,0.009626299171345193,-0.008554659819051721
C6 GM right ventral horn,-0.05082969886625041,-0.055425369239950784,-0.05862066987529775,-0.04503560914233931,-0.0028318688627801338,0.047869741711581204,0.011446047636472988,0.023891606761321776,0.025001300521340458,-0.005223788417655276,-0.021307200586167425,-0.0587018205952658,-0.058924906316825836,-0.013303176515184487,-0.02984696769411258,-0.027811298092094427,-0.07773205402738227,-0.11456533332635052,-0.01648956360184941,-0.01046323723972637,-0.012134087138045882,0.03141622078632941,0.0014662423941068509,-0.021569373394842755,0.022198202545173892,-0.008462995484425624,0.011776874949340124,-0.06041371476033474,0.0023511911958909236,0.014073250521296762,-0.09036385687961418,-0.034637749842674204,-0.10995486029361379,-0.0023033247535225224,-0.06692028502625742,-0.008614749218652216,-0.07672504951041736,-0.005013265598521016,0.0933222350804323,-0.0066493337865591055,-0.013283611551414887,-0.03699248302764224,-0.0006335862503649811,-0.059739675524836326,-0.08587565391241742,-0.0693470379204496,-0.044213870986161016,-0.10868037313677296,-0.04698020383455737,0.029223150636731483,-0.013012046925577125,-0.03080759134119443,-0.04167019384857071,0.045054936699263644,-0.012177606706182858,0.02978120697949242,-0.01014784102977257,0.06942611856418897,0.1007885155324527,-0.007166345655435891,-0.09339709971297827,0.05718002910165384,-0.1506935895663955,-0.04279983221630249,-0.043707490728595616,0.009446762465393664,0.010164022789180096,0.02206456071367666,-0.05441265304261551,-0.03944125533674966,0.02392862093047337,-0.04577148346673695,-0.05420164686362678,-0.03607343899968216,-0.05921057773213116,-0.05997743185438588,-0.011007398212352271,-0.023611741542234402,0.02076760360262969,0.02366832250406438,-0.044117296487251975,0.09694501059091551,0.14911868558628033,0.13740236765704406,0.07944723563357915,0.05627748421597597,0.1640974375833678,0.41237871564115963,0.20195931509808696,0.7768267951206625,0.8154881018333883,1.0,0.5265517879069681,0.6807248840058385,0.007080597786888633,0.08738866416521221,0.042962341024106177,-0.06448312159060664,0.03380860069960941,0.03482878950449255,-0.011723310536146113,0.10304327734460862,0.1610247003340278,0.10401153839295416,0.12476018497664895,0.0476593049069133,0.06660754173328719,0.0172256781478472,0.055947922853437894,0.060191418490624614
C6 WM ascending,-0.0852794015325479,-0.041792329795251465,-0.06609505433268949,-0.03260443261628879,0.023370046097125206,0.058208517674756724,0.0623768136912957,0.03044731392683973,0.019609426494266707,0.034287082725728286,-0.019903215802409804,-0.016745101880036188,0.013290671741650944,-0.0001720334089719502,-0.051306459518998294,-0.04339837421228966,0.01336920582319381,-0.0598876996637073,-0.005885097276130844,0.020738044350651418,-0.009481745556688126,-0.00015295618535685786,0.023834197744810433,0.0034640055143382,0.029682676033012834,0.08821612574415996,0.037317926504297404,-0.02830735594712567,-0.005359292400400337,0.07935729321023327,-0.1261233457774359,-0.043231875251409285,-0.0980466574120951,0.024744014027085925,-0.07055093516860599,0.053469282092756816,0.021683528153730623,0.06385647166700324,0.05251059982235709,0.07606124789561243,0.049401415241089784,-0.04739391842013742,0.05327084459122156,-0.03437777340675976,-0.03888309362494298,-0.047010820959328285,-0.03600241286589873,-0.06919033092978312,-0.06447840261693091,0.008778093546695552,-0.027331055875244984,0.01121164839112287,-0.03727678750919246,0.0493426446849827,0.030527202334863276,0.03486622207917954,0.02402971140599374,0.024698901176998855,0.08635124422549277,0.09555963666610368,0.017392352485464977,0.10567765305502469,-0.057692441658932225,-0.00782030804983391,0.013089166525582861,-0.0024136473662537848,-0.03196037498205508,-0.0174067961668663,-0.044656531487317026,-0.016778851428298693,0.007341351360612214,-0.052794714346105456,-0.06250683715707653,-0.0009864347505004702,-0.05230731187051342,-0.05660955277774878,0.012708218506568605,-0.027840258056852578,0.049559128453401734,0.03855939003125063,-0.010687040922997937,0.09234855044098172,0.12774575400987495,0.14136400096000046,0.12197087945325755,0.10309208472185465,0.5639579171804676,0.56340531954666,0.5254554502835314,0.5793570756078472,0.5525770410981847,0.5265517879069681,1.0,0.640962401108703,0.02275315554356507,0.06353594715899946,0.10471538346769646,-0.08136262260200695,-0.030609980729732526,-0.04082029563983916,0.01631827676482046,0.05050006644605157,0.17581630862585337,0.032732050891148036,0.09222594576470522,-0.018225438096116604,-0.007471623045447808,-0.0520788943251551,0.029916115094663548,-0.02828417138422331
C6 WM descending,-0.08230206518918526,-0.05500545935030622,-0.0918324888698895,-0.04475855970863557,0.0010387178296724002,0.07803270922137868,0.021649067850217703,0.057034778883202776,-0.02638458987268514,0.012359974876080298,-0.07438684536765801,-0.0513057302555657,-0.057229451554625506,-0.02727470599010292,-0.09783030576199184,-0.03972142968769806,-0.07609457293501179,-0.1052470793915733,-0.055217649090231136,-0.010055180057002126,-0.061400726802855646,-0.033947828546311676,-0.02263016563972444,-0.046607509325045225,0.019809669134627443,0.014923653626907632,-0.03664168665018803,-0.08902144063651261,-0.04770068418304175,0.012592549532071009,-0.08416073200139275,-0.05376863026516621,-0.09808634949277203,-0.005194662897111258,-0.03659932097839291,0.025543974056133862,-0.1101932818120452,0.027424672100423667,0.0938457573818775,0.021105021792685134,0.026504034607637696,-0.004637512604765645,0.013400494964414788,-0.0494455262914823,-0.06994339608448139,-0.08770688588379108,-0.10338021375990251,-0.1417538952308183,-0.08002646665829406,-0.008303563443155236,-0.07716547571838608,-0.041171608649064495,-0.06062100348837744,0.03221151572235956,-0.0131801258866164,-0.02441684643836873,-0.0016001318384600192,0.015073868485318396,0.03818045364661161,0.021318643697439278,-0.05414867674859036,0.06424810182485018,-0.06887748770454637,0.01077016285386691,0.022578277368005387,0.0003658865503161427,-0.011339585556838713,0.017417206090249014,-0.02630501584742217,0.011942403180529913,-0.0617785011978047,-0.12208295443932621,-0.1313752074710307,-0.12870169942226622,-0.14133386416738866,-0.129117751406084,-0.11095359854084998,-0.12294493345886684,-0.02449230994835729,-0.012080284629674622,-0.08846602466700773,0.09999600522971075,0.12902690769871145,0.1204634120745242,0.051662492970354953,0.047216765714285264,0.47031114454979034,0.7443923237426032,0.6243469849313705,0.5342720937249478,0.7560513077866478,0.6807248840058385,0.640962401108703,1.0,0.055189822828389835,0.07414792836713226,0.055831715017024566,-0.05055980050004796,-0.0014367553685544281,-0.017405943886549494,-0.0390775572621535,0.06231078512563475,0.10748532953646128,-0.009963290023758304,0.036691977668310415,-0.037693413101620964,-0.08079409325267602,-0.1356410841898323,-0.026328839041562264,-0.07211212729986934
C7 GM left dorsal horn,0.07222825150374272,0.02359656984009687,0.09857169564986536,0.009287381938529111,-0.03543523887023406,-0.043511189762560125,-0.024320576745605945,-0.02247380042998647,-0.015892689259376307,0.020411283604281592,-0.009633845906719968,0.044786223861257544,0.05732396384540898,0.031765408888520946,0.09618478586650232,0.08141380764602064,0.09131707788233769,0.06733721631444782,0.07079189638768275,0.05836716555438521,0.08942524444901633,0.020694288038311276,0.05897963433641923,0.12354889886728905,0.08525221117619898,0.06073039278432797,0.11569735043981412,0.09541421635301876,0.09316612816845944,0.09716173514685417,-0.05523649496919727,0.11814600952302651,-0.05176498258737898,0.09390765658187257,0.06367974939619603,0.042285397800232195,0.019698216821323253,0.043684793708432465,-0.03571416370798048,0.07535050150271605,-0.024042628600467346,0.0893677240453985,0.02138171183243447,0.055799633859748766,0.034034670237302854,0.06535017883387212,-0.07056362159470052,0.044556909654040765,0.04176139065074659,0.034907350950698565,0.036751069997206995,0.11329418093695948,0.027564527828837823,0.009326037329116967,0.10391967190700659,0.10563241783449862,0.06976071164438598,0.08077382576223018,-0.01162548062342862,0.041839192643257195,0.14779235923856626,0.03185917263970404,-0.07281181264873503,-0.1214154684738041,-0.12380374157682673,-0.05934904944132512,-0.07816398966066666,-0.0741743183700397,-0.041897153314074634,-0.09476361069855466,-0.04337139434206442,-0.028495503515245352,-0.013223711457252551,-0.08906339280729564,-0.05376314196780884,-0.038379922294624995,-0.048276007427574034,-0.029227917942473015,-0.11745011656929161,-0.13613705339602683,-0.14141007616969226,0.0187294205990458,0.028848652548238412,0.07884815727838985,-0.08721324612935036,-0.04959505622422239,0.07838811639773349,0.07088986277642212,0.0803094632984837,-0.013477980272613092,0.02331815764994374,0.007080597786888633,0.02275315554356507,0.055189822828389835,1.0,0.590391699020532,0.669454500869441,-0.04712103226970904,-0.029859474418281975,-0.08765097249651879,0.3904153697261959,0.28711082222433776,0.11241130065692301,0.08132266954418284,0.13919619786108703,-0.024727476203826284,-0.05804543779862698,-0.014024349009514466,0.12319672671354225,0.06933025625412248
C7 GM left intermediate zone,0.06885959808624102,0.01103762421403327,0.08938254179660611,0.018769802354946415,-0.0034291955436809816,-0.08886171375469049,-0.03233383483265241,-0.07751423030546317,-0.0713998995409107,-0.053219140952315176,-0.021842502875082798,0.01075408015786459,0.010105520887167915,-0.00867539143732802,0.041836544928181146,0.07144692069239615,0.06652235861870003,0.024353208518821837,0.09655223667036225,0.00962502967247913,0.07814981316697209,0.015234024863556139,0.07826741744134835,0.09400504413575198,0.04190948543580669,0.025517783787827732,0.05474458569218511,0.0441279945508504,0.04821495941832189,0.020109013455726837,0.013467500861184062,0.09506630915737069,-0.02356296273113033,0.04729090154672697,0.09335532684597363,0.011825220805331065,0.059639868491954746,-0.0005574478690233495,-0.03337940771251915,-0.013282840610895656,-0.08808475689702176,-0.0036003998519358164,-0.0449056363488882,0.02047048396652692,0.010712945224288947,0.006813442886102162,-0.02392524998572174,0.052969165413459855,0.02361280746085103,0.020457770077131694,0.0654844441286958,0.0351848694690166,0.03278777945869684,0.018160498296959048,0.05187781069090625,0.058008975835740745,0.04828216865125458,0.10153713629928487,0.05446360182032074,-0.0022648905048761065,0.05101200394326505,0.03679373731576884,0.004400062971935139,0.005741295983845087,-0.023496971007637587,0.050696948371800714,0.0513145239566411,0.038396139464386816,0.05414764148279512,0.011139319005151393,-0.04011295263189878,-0.0573606246014985,-0.059074731563018054,-0.02080248367076022,-0.0171590520657168,-0.0009153911477669262,-0.022679092552970993,-0.020955895628576734,-0.0829193995578491,-0.09846160314158686,-0.06720735205348327,-0.08549479092964558,-0.030931406136071662,-0.008022234569693516,-0.10392309035744637,-0.06021057505977892,-0.010099351491736814,0.03501274254981878,0.029428439111427885,0.05497587166731505,0.06884894561433746,0.08738866416521221,0.06353594715899946,0.07414792836713226,0.590391699020532,1.0,0.7385455678059107,0.021417392825325968,0.4139040039442335,0.17219057187172812,0.46536174063184316,0.6093487288037533,0.01691290993984238,0.03894546900029659,0.06456081264548122,-0.008782193298715912,0.029881218780204468,0.012557439284251027,0.03939218397299268,0.058409397131507224
C7 GM left ventral horn,0.030167205284017666,-0.006138976932471771,0.05178053361243686,-0.016450798924581463,0.023537550468496427,-0.027147384827148412,0.023029942030319914,-0.05500230991980486,-0.015368230527359939,-0.0055438694516087616,-0.019460722564394607,-0.014346137070172184,0.013328329807174563,-0.013155130837753177,0.033478496271602126,0.015204011772663445,0.044184146460886004,-0.01806712552281848,0.04032372669176356,-0.02556628177784092,0.037697987830837984,-0.0201663679511592,0.02762965140850296,0.0632008299021137,0.04790990347546135,0.056734721582030065,0.07282126659388884,0.006054965580165126,0.022265080499062288,0.052085248862457696,0.006813549007910707,0.0734378055851026,-0.006242146519371047,0.05605868332931943,0.06806115438358161,0.024165662075895614,0.01343786957908884,0.0527192144740775,0.021711810038108115,0.042026406231775455,-0.04318866491658607,0.0503372586566165,-0.010916837697091949,0.020858033517725433,-0.035019080192116955,0.001809540728309887,-0.057107531627824754,-0.0037261934065179244,-0.017055563307598987,0.002341875388984643,-0.005484496182828342,0.046587750600997346,-0.001033415827950327,0.03453823281723163,0.05436511922595342,0.05265795673979187,0.03870324662999527,0.0693752062178929,0.061720186141692716,0.012855779059134258,0.0683738495287858,0.045241992989451224,0.016477299077013723,0.00617690776685653,-0.011392680383903486,0.052413923513934556,0.040966914864338635,0.023025944006548425,0.04857303367801592,0.007977050281789353,-0.015678041025461352,-0.005955529695325686,0.007621361340573689,0.000994554543813325,0.019381677043549025,0.03637444394408726,0.01282607157065066,0.039423961293243506,-0.054097169890030765,-0.0659927480974978,-0.03604341053000092,0.018686135229958118,0.04168154862615699,0.06660535517079656,-0.034912713105613905,0.010955265977158696,0.06141345311560117,0.0548020646740776,0.059070658283532446,0.06392637930823171,0.05063610596868475,0.042962341024106177,0.10471538346769646,0.055831715017024566,0.669454500869441,0.7385455678059107,1.0,-0.03814880176890553,0.152341419965505,0.10909539489756963,0.5077884821685626,0.6393705135336374,0.03766361497538395,-0.012204683313523909,0.0798286372286747,-0.06449412281234565,-0.07301082063683109,-0.04944938101351234,0.05685879275296838,0.02249063460689549
C7 GM right dorsal horn,-0.06046139531459957,-0.03919922094582226,-0.08017943537818269,-0.08982658877100116,-0.022507302449708402,0.011745112164343416,0.06394968100115664,0.014552315674855099,0.04489386255749257,0.015626095783846092,-0.06491991852593003,-0.01038846849539672,0.045209441908909034,-0.02323032759149486,-0.11590206504867738,-0.028703383988541137,-0.03642011178371122,-0.005144212745272086,-0.11235919665401874,-0.0013406115457205866,-0.06804913696634127,-0.0995301739288926,-0.000995067526005197,-0.015849097080670692,-0.08021428552457265,-0.07751280904432711,-0.007443306131989327,-0.06313625466877763,-0.08379352038602049,-0.04114152226176775,-0.010508349653842576,-0.10203928786769784,-0.025602785926106826,-0.037749420811369575,-0.09338304179207421,0.020175416101382588,-0.02145813037664322,0.02469180453420317,0.06577252410516074,0.06754835363531841,0.02792100078677252,-0.039275348328664146,0.01652616668376385,0.048780258519889076,-0.09364915326190626,-0.04151062962854761,-0.1422140681931762,-0.10705285097742684,-0.13900322004281,-0.04968278703092015,-0.136098373881771,-0.0320539921171879,-0.0456819591351699,-0.11840523651796368,-0.038592923454693465,-0.08418307101411177,-0.04718097134829146,0.043983269067890886,-0.05618706434012629,0.03695853213211857,0.03647668654146373,-0.06259172516202355,-0.11051347838833787,-0.059600324148366204,-0.06377466295804333,-0.046020147794676475,-0.029404543840828322,-0.040695898282602845,-0.05924453939622089,-0.05038227486867261,-0.012509212959894806,0.00036249842190465124,-0.002933523764366595,0.0662738850135676,0.05472689247636822,0.06236389390574476,0.04107229551871923,0.015215001567090266,-0.0069772456490223445,0.022234934706503014,-0.0013696573528906807,0.05575818705669848,0.028311450102299768,0.01753265180236186,-0.000479430707473227,0.03401899914561769,-0.05620925978643799,-0.04733075663218013,-0.06585717161091754,-0.02089718414282088,-0.021189826753915796,-0.06448312159060664,-0.08136262260200695,-0.05055980050004796,-0.04712103226970904,0.021417392825325968,-0.03814880176890553,1.0,0.6239301262834646,0.652078903646524,0.4375557185930782,0.25399471644727484,-0.006026178563462735,-0.027618729516880963,-0.0009893806078852866,0.11957222483354286,0.030609110590622348,0.07503261769625627,0.11521909412561519,0.05225239035728367
C7 GM right intermediate zone,-0.08866539139967472,-0.06699730571661054,-0.04921884015616052,-0.07746879014530672,-0.026333563350444338,-0.022740248247501767,0.006236673072296079,-0.02556233806037736,-0.039897200796393494,-0.08002721756653357,-0.07558714452652072,-0.009710518467101564,-0.03725839199726968,-0.07361195878017826,-0.12852908283307987,-0.07026225432102494,-0.058726159999396794,-0.0488945416410484,-0.06979595114334296,-0.06427048129604025,-0.06229867379696244,-0.0794052055595095,0.04221407955022002,-0.054436405059976385,-0.0987051951296462,-0.10594984940221332,-0.053170431478514184,-0.12313058143719786,-0.07830217820356031,-0.11489926842984778,0.02249582771102756,-0.08962327551099275,-0.03286519812089382,-0.08923736554253295,-0.019075109888481632,-0.037853050419968615,0.06242545858929557,-0.05184184024592969,0.03187196099146579,-0.04058040031108994,-0.050064403309458765,-0.11401715556518432,-0.08745976929928384,-0.046449747474023494,-0.10141716667790934,-0.10216676586539875,-0.10209654894931222,-0.08179590492818449,-0.15622548938462774,-0.08969933400847938,-0.09507513723007263,-0.10104316675490814,-0.054215208399969586,-0.10331919587174365,-0.10581822529164825,-0.12930826588544722,-0.08501253131532484,0.08208092175564348,0.038485521292098965,-0.05522730642076902,-0.03634863333079812,-0.07164067938386008,-0.03286887075556024,0.026165500201931317,0.015112784928210636,0.04923968233641009,0.0626594075141364,0.04962399503673232,0.04574658702635606,0.0382687316760486,0.00726664458947149,-0.021034565451590374,-0.024177138147346632,0.052085709008877365,0.018698890480698636,0.012563879182795737,0.03032937006459325,-0.00726722809734591,0.003465247219313646,0.018426022330733084,0.018679155131796868,-0.034151706550159054,-0.019334762849850907,-0.032540597153039794,-0.04822085881951002,0.007013105327639333,-0.10447862068455037,-0.03744637658314857,-0.06378602072533911,0.014903750318488453,0.04399985440703989,0.03380860069960941,-0.030609980729732526,-0.0014367553685544281,-0.029859474418281975,0.4139040039442335,0.152341419965505,0.6239301262834646,1.0,0.7527028949392831,0.4233173579423723,0.5473498480530907,-0.05982081848541278,-0.028884276807960033,-0.04677442742643119,0.08975998766771796,0.13662651729922484,0.10996292986558348,0.03595346265196974,0.06391381425691443
C7 GM right ventral horn,-0.1215847106199718,-0.09136351186254354,-0.07283761314606331,-0.1110379421792718,-0.013579326058079553,0.0075832327827091385,0.017793699048636015,-0.01412215455716372,-0.014904555968480946,-0.03710782906654711,-0.0825103662719998,0.031681957143285235,-0.04570218850727492,-0.06587405731746722,-0.14992871991947707,-0.10712933280697946,-0.10795262452321949,-0.06640277858942091,-0.15142819893784562,-0.09084801591749801,-0.13305931294574144,-0.15238568594132545,-0.007032535054975025,-0.11299015550253518,-0.12393322813497036,-0.11169044806238272,-0.07090138881520529,-0.1585134345921263,-0.1023643253823576,-0.11767925286021062,-0.005794767871487764,-0.1158716714401272,0.02517110274515497,-0.12303562818354283,-0.08889075979873243,-0.051934347348782904,0.024060771395671553,-0.026122765967041196,0.047076002206261985,-0.020535844697106235,-0.01288102119646268,-0.09379554078092898,-0.08375238748358539,-0.04733316728831998,-0.12861383528889778,-0.11155247607158494,-0.13826617279879863,-0.12463359544201932,-0.17230575977256157,-0.12677862437484896,-0.1507658553305232,-0.11386928027533207,-0.06640303259794247,-0.11771922699060844,-0.10897057559549744,-0.12224346092126195,-0.11404316373898066,0.048937416230005706,-0.009361851753934225,-0.08644135456167988,-0.027760873000081756,-0.0839393646967229,-0.024928098789612604,0.057182042206042484,0.06212427208922064,0.09755119699511522,0.08594243027037966,0.057446016371212966,0.07662388720987572,0.04117741245907735,0.0636391821854034,0.05768606990085447,0.04312156165573483,0.13486934896703134,0.0970132444344175,0.07787033547851872,0.09970809188038836,0.05643196699673621,0.07196936804402967,0.09429154750364584,0.08277120192044761,0.11673658434235584,0.10062676812531632,0.07307722705900324,0.0777414427294772,0.10663473729432171,-0.08296455060323463,-0.026501284313353152,-0.05554362746839981,0.024457921637085742,0.04717508594385666,0.03482878950449255,-0.04082029563983916,-0.017405943886549494,-0.08765097249651879,0.17219057187172812,0.10909539489756963,0.652078903646524,0.7527028949392831,1.0,0.4625026493631471,0.5586991380899758,-0.05955562489883278,-0.07516095576133555,-0.06276314921271303,0.03522612638862291,0.03241868732442415,0.0602262841028704,0.04302963951847898,0.02706543448656269
C7 WM ascending,0.063192095116275,0.06394821594599756,0.06246446021036773,0.02745949558160196,-0.005153958479458728,-0.04527127078647842,0.058266966122299785,-0.018621486463665866,0.0666279907143502,0.05376061957781572,-0.08124502002712243,0.04760665160494602,0.07152932655764951,0.04903743130170269,-0.05187826685454998,-0.02587357220665955,0.006715620612853984,0.061510584860375694,-0.07555533443608577,0.0810536131684911,-0.08387013300840201,-0.11462762781316337,-0.00910911544304153,-0.0024723642722447535,0.03340148284358096,0.08598803581109765,0.05168673875021462,0.005016705317233902,0.00617403664329439,0.03384141169281519,0.04834868789008581,0.0496212372492364,0.03984508636698023,0.11351055887639087,-0.012281177434241349,0.12235137998923416,-0.005006229159022808,0.08737931332877945,0.003191946870556151,0.08867857740936035,0.031244827752323553,0.01379931026607545,0.08745381747962193,0.13311929978418452,0.04839108269289609,0.02847552896576838,-0.04428354128354422,0.056411675181700364,-0.010501878613559286,0.056501661469087805,-0.029693095784605775,0.059935383327284035,0.05310499660322444,0.03047301947099428,0.06331041895422261,0.020743605413401943,0.07974685943129979,0.014065512899188264,-0.029142100648367697,0.15894663903132145,0.15668512207789378,0.03894414414749117,-0.006192997150057835,0.05359485381741798,0.06833396865297248,0.06490247522563175,0.05824295303136827,0.0301202335397399,0.043550135368870604,0.031148568180791907,-0.06757409035745629,-0.03331845079958475,-0.03527588605692313,0.0016924139379865296,-0.0018809252936042961,0.006432835333595182,-0.029314064052873214,-0.017326783631691243,-0.09707784279531934,-0.04101679182369316,-0.025148030340560325,0.08964581200586659,0.11599067940986559,0.15062643844431717,-0.018323421202212607,0.05704521119815597,-0.03895651069688063,-0.08215088595234193,-0.05080499650005111,0.036739855121064015,-0.039153945994158605,-0.011723310536146113,0.01631827676482046,-0.0390775572621535,0.3904153697261959,0.46536174063184316,0.5077884821685626,0.4375557185930782,0.4233173579423723,0.4625026493631471,1.0,0.6570149572346521,-0.0393955600366626,-0.039529460939471316,0.05318491846511434,0.024706349071933902,-0.04359626540365588,0.02313787261814351,0.12445531781127085,0.0928229594219664
C7 WM descending,-0.021914123896239875,-0.04067456907466515,0.009854583803404421,-0.019090566066359175,0.03716499238671163,-0.021593092752370074,0.026284675466021146,-0.03849613935492984,-0.007236462485544961,-0.024127056406583674,-0.04228485782215564,-0.025528149291535625,-0.024561077711549393,-0.03410300800399186,-0.05494290036350979,-0.08280835309252546,-0.04057660894279475,-0.0418854350554137,-0.0597186837888775,-0.06665625110297344,-0.05778266579077576,-0.11489224320029644,-0.014277875394773452,-0.041250583318843445,-0.016693548392586147,0.012705905514307432,0.017819277528187065,-0.07380713123931769,-0.029643254527771848,0.004827316438167854,0.08777158188819058,0.002797429433186157,0.06023820964094284,-0.015126184318031565,0.050951539303626066,0.008435475621068306,0.03515709445789556,0.00032969139065621995,0.07750858831840303,-0.0008111190015779301,-0.023135452834307072,-0.017773992844304462,-0.04873034375236276,-0.022752483932952344,-0.10062257840724573,-0.041881518467300365,-0.07566047371404586,-0.06857437777626268,-0.09682553144052998,-0.02796049096082582,-0.06133500753073942,-0.025350478915223577,-0.049025875765697086,0.03183178424473814,-0.011858195715313284,-0.01264154912883554,-0.008415010017676543,0.0745549142500207,0.08882347946343316,0.005952097959532462,0.00794528947195621,0.06544084741419355,0.08358652499783177,0.16599309178820776,0.1528215201561558,0.1894035956717323,0.19477922005468595,0.15182707046419278,0.1430204980122361,0.12277885414953056,0.03516151622371204,0.03219982126755745,0.03314387493782532,0.07525826908665784,0.0737557427225886,0.0809735335881136,0.06620896017440325,0.0731367207153987,0.01907316384360953,0.013374311697885524,0.04647057822491586,0.06308251792244182,0.08420214867452482,0.08428769975194493,0.033565703341043786,0.057425143344454865,-0.08532214015615244,-0.010460269223162422,-0.06584508497197568,0.13685337345656706,0.11557327618220717,0.10304327734460862,0.05050006644605157,0.06231078512563475,0.28711082222433776,0.6093487288037533,0.6393705135336374,0.25399471644727484,0.5473498480530907,0.5586991380899758,0.6570149572346521,1.0,-0.0003233978494916539,-0.009809327249927627,0.05720475995597023,0.0022329436527149128,0.00868200483533247,0.004056504511734477,0.06633508410417428,0.07382476076744113
C8 GM left dorsal horn,-0.05876835164146878,-0.10186075606238518,-0.07431534499831291,-0.07736657447468658,-0.12638337158662535,-0.10078240156577421,-0.03108322459624793,-0.10128827872343946,0.009969346997163306,-0.018260565172245374,-0.0834746950210121,-0.006334943875945279,-0.05082725076505999,-0.07263144623588971,-0.03670472187956961,-0.12792835927615745,-0.0963980412877988,-0.08327707442344076,-0.030580753668479555,-0.09474436775347306,-0.0022495365056097636,-0.013864198070533497,0.0005246042643928889,-0.07431852502739608,-0.07343638731183294,-0.09728007376477153,-0.051982672564166055,-0.07407692453330811,-0.009712618457281623,-0.050439488855258285,-0.15405640733688228,-0.07093001782897398,-0.14105304697857066,-0.09257134056598157,-0.1100005178384273,-0.040858524692938034,-0.02202458502188196,-0.048612798687474555,-0.0872207694112386,-0.010154383681265767,-0.08370696527320953,-0.13033435735299814,-0.05389409813004327,-0.0807171080891061,-0.07819204525912742,-0.07322966303703296,-0.032787618609280936,-0.09773911453194617,-0.11352127837017273,-0.050157625122542585,-0.03954936709410245,-0.07628831473633516,-0.08867935661885326,-0.1083900425681282,-0.05949527692956017,-0.05103350234333929,-0.08121624394783863,0.10675137360032055,0.014959036939666444,-0.13720133427456868,-0.06455033582200481,-0.04884802638493356,-0.06128139274733771,-0.045656095087758364,-0.04415859651684849,0.02509068014754238,0.01692675013899288,0.002358642912705937,-0.010723076832771787,-0.025663798656239828,0.071376372725154,0.10694889111205577,0.12726324625551186,0.08844884893995279,0.11315182331476825,0.11890705229304692,0.10546969778129699,0.14049617922815358,0.08850300494027294,0.09497303732220778,0.06988118569322983,0.08208935922729019,0.07958989487011967,0.080234517987035,0.09360687793711406,0.14167162391747784,0.026380703210622386,0.047360097983627884,0.04661741164712236,0.12245669188155998,0.11999711823239093,0.1610247003340278,0.17581630862585337,0.10748532953646128,0.11241130065692301,0.01691290993984238,0.03766361497538395,-0.006026178563462735,-0.05982081848541278,-0.05955562489883278,-0.0393955600366626,-0.0003233978494916539,1.0,0.6645454334772292,0.6376792465204325,0.09745193612185389,0.16401568606979025,0.10879136554041297,0.3919329918925402,0.3241059626551546
C8 GM left intermediate zone,0.08335140755229245,0.01088271327669508,0.01672695565975192,0.022051914965763017,-0.056401804645159356,-0.08309752345895581,0.02107754958478968,-0.04694970791364466,0.04763261190048444,0.016190699341626178,-0.04801312913333874,0.015471076837756573,0.03825337301045197,0.00448174459677012,0.002820713575586645,-0.0888376933827678,-0.051676892749043614,0.023319961652694225,0.005394613442452695,0.0048487183803908596,0.014077217825971024,-0.023922486982546613,0.01323582772176219,0.005882954197053447,-0.021777946712154272,-0.029825906647303828,0.0008982316442507006,0.010016284035587039,0.0068749091861863565,-0.008415344921940975,-0.04571750596061101,0.030891153469145193,-0.052613151079799754,-0.0056044828484761505,-0.03564244199628984,0.039009290299222336,0.03359954378782254,-0.011354533045666956,-0.0431875508021197,-0.0013738261462659805,-0.048151002679343205,-0.07085627967658274,-0.04531926666792571,-0.020888976115674456,-0.04471651821300247,0.03598388500887695,-0.045361883866580285,-0.05919553121268187,-0.024541197946957742,-0.0022326817318199356,-0.003689431149744972,-0.013678696198248647,-0.03921213337197284,-0.09120465258511888,0.006273560151796536,-0.0009241019963520287,-0.02732410915420309,0.1376324808204895,-0.04011162300391395,-0.10058275379391707,-0.009224032833020597,-0.06460089415944946,-0.07821506308373428,-0.03188801822978885,-0.02730423440081212,0.05093267315352075,0.06453653931041077,0.07136659457332382,0.02679778794186255,0.02299789673660166,-0.00169713063142957,0.03413636892573591,0.05190584744934379,-0.0002900506472173395,0.017877072883516035,0.015324843676722419,0.018272290536135223,0.05162573995897391,0.11556977705958948,0.09320037080744166,0.081680689585471,0.04265676263025503,0.04925399856450609,0.04770875901171827,0.07317171095917999,0.09986266476373439,-0.05464608943783928,-0.061949770005567464,-0.03379145460305646,0.05679976060401104,0.017594512386844834,0.10401153839295416,0.032732050891148036,-0.009963290023758304,0.08132266954418284,0.03894546900029659,-0.012204683313523909,-0.027618729516880963,-0.028884276807960033,-0.07516095576133555,-0.039529460939471316,-0.009809327249927627,0.6645454334772292,1.0,0.7303055325535361,0.0976379856420044,0.43501673820246173,0.25084957223434673,0.5041606320167041,0.5680033267325625
C8 GM left ventral horn,0.0004909177522833417,-0.018869257462012155,-0.030930967818405267,-0.032918719806532715,-0.09377069435413819,-0.16712217933098938,-0.05236268715849614,-0.1358051772035988,-0.029389410664625335,-0.056136716645496694,-0.08437847814129193,-0.047411319418231006,-0.00044502550043627916,-0.024234091607456373,-0.002207580792853148,-0.07729716064821877,-0.04750365614003539,0.02228482592829511,0.006715995361147746,0.03021477245443987,0.023410973836313763,-0.03344873743614631,0.004374349766371847,0.008280008278832497,-0.02244663462631164,-0.017711934238859754,-0.011503433040682347,-5.738385257130315e-05,-0.014233785220789913,0.012721761420469201,-0.0793599027849748,0.026911225622716046,-0.1191233431123635,0.0510386499919386,0.01239297095439805,0.02118881684972676,0.09240506895096748,-0.074804810892407,-0.09393540535855517,-0.035198622229917854,-0.10075420523007214,-0.01696905190731824,-0.059464465020126,-0.04315825708971975,-0.07181094701542004,0.020999051425023868,-0.07135093151818893,-0.11358037526601596,-0.04898921017986138,0.008893359688964994,-0.03645730595189398,-0.01224881026442443,-0.04935887643833156,-0.023700642978903504,-0.009218222960299104,0.010971251373098241,0.009192208940160592,0.06259149121317116,-0.055465083912126956,-0.024171017472287813,0.0019939905187532072,0.004350480406552412,-0.10762872181171167,-0.05257585945196043,-0.041636394375904696,0.020065181817255237,0.052731907008143605,0.05826965071241352,-0.03908126146972712,-0.018142573953453166,-0.06156885254655416,-0.04915767696910121,-0.028742240148082,-0.026260827561942045,-0.02431735566573458,-0.005501311717858259,-0.030884473208043224,-0.02423342791937517,0.0856923360865443,0.09333225494315366,0.06252204013462424,0.06928038429072428,0.09006599969455961,0.0979084928355419,0.07030882159605502,0.10296500705080772,-0.040977464026787126,-0.012250355601039193,0.0028166416682446644,0.11349453520841649,0.06672860190058454,0.12476018497664895,0.09222594576470522,0.036691977668310415,0.13919619786108703,0.06456081264548122,0.0798286372286747,-0.0009893806078852866,-0.04677442742643119,-0.06276314921271303,0.05318491846511434,0.05720475995597023,0.6376792465204325,0.7303055325535361,1.0,0.028521019964310883,0.2186246787811829,0.22427372277006266,0.5510676618989333,0.6595786250974807
C8 GM right dorsal horn,0.01678881875804207,-0.025001909763254285,0.009790256467814293,-0.009174381992253415,0.005873552243197055,0.03516667317656399,0.02546247336770431,0.022328959705717157,-0.029179794145780567,-0.02572862784617667,0.056516794389771356,-0.08036894905260972,-0.05875457824214849,-0.041965162921446975,-0.024185198702940395,-0.05050733567526486,-0.04522658575373229,-0.0011602427876964182,-0.06706671329934952,-0.021571644861612706,-0.044791660472687796,-0.03245178441650623,0.03247069986872115,-0.03821489234309873,0.013532260474021245,0.02514293546232575,-0.0035290475813425206,-0.05520671232298065,-0.013278423707123116,0.021380317741191278,-0.01066337063337999,0.03702847245552772,-0.05174115041461013,-0.02430421095228905,0.03909618298666735,-0.01116937233586852,0.07957810287653189,0.008356566595068466,0.010089802376744566,0.04436602960990896,0.05149133291745449,-0.02014728216926358,0.013682548461717113,-0.033543415137490595,0.026263333930663595,-0.01104079032453648,0.061521008729451265,0.01910072386603143,-0.025691069708987744,-0.006109679793331157,0.011753826342895164,-0.006089150670804014,0.021647177915524615,0.025475539630704588,0.01667204422613768,0.014858141546053815,-0.03767063857983722,0.06947948985504118,0.018138823128392923,0.006157068310031738,-0.054765993602208636,0.036119005799752815,-0.06561342686223207,-0.11582684262950067,-0.1393573087919739,-0.11416095661671528,-0.1100241953426391,-0.10941413208152939,-0.10166901192986083,-0.1123031663316555,0.0386407911659255,0.007473913183448175,0.001481185476105193,0.03469686025344651,0.007522257311883809,0.015599542644550875,0.055387786846500094,-0.0013107808292586959,0.011896545338136742,0.01173706458352602,0.009742332316777891,-0.07324237069731009,-0.0310422793799014,-0.042300036621012414,-0.04566301750838644,-0.011235438637588349,-0.08345522407788554,-0.07464786933212333,-0.10651561657956049,0.023162305006054495,0.016997814427226227,0.0476593049069133,-0.018225438096116604,-0.037693413101620964,-0.024727476203826284,-0.008782193298715912,-0.06449412281234565,0.11957222483354286,0.08975998766771796,0.03522612638862291,0.024706349071933902,0.0022329436527149128,0.09745193612185389,0.0976379856420044,0.028521019964310883,1.0,0.6112411478376252,0.6434826301979273,0.3903709070352861,0.22682234272211146
C8 GM right intermediate zone,0.11782031798904732,0.028583448619030102,0.08802566893045796,0.03427496972386686,0.05079730177467028,-0.02550277379565087,0.04836627614701222,0.019142643592921175,-0.014558231407285403,-0.013145285545266835,0.05052049088220157,-0.015753056186173942,-0.020323691263273935,-0.005903394528876264,0.002712543947397315,-0.05808351467865791,-0.04066066198575154,0.034793021659330785,-0.03451631880857851,0.02186521889045038,-0.025313665290454687,-0.03309316537106223,0.01106095234012343,0.005103585647378041,0.020615695065735438,0.00696105997694849,-0.015041570404428288,-0.012585826365322439,-0.024247635604465113,-0.009720619580846052,0.048768632044861926,0.08736324008669154,-0.04262176127583331,0.008880347052439196,0.040832259254190394,0.033072792803855416,0.05768669208766577,0.0027793269480233963,-0.003517971829698798,0.0060000160274860355,0.045567619809388095,-0.030668613903856105,-0.03065430240293369,-0.01502037808986245,0.008942821731105607,0.029870928270052877,0.022517764197297317,0.00851906993306636,0.0043860421892324515,0.008138492082814629,0.03503936531893937,-0.011456904347316233,0.00499969281434739,-0.02878968811136642,-0.02037815730364322,0.003972374066609517,-0.019989067173478533,0.07471564841113562,-0.007166829771645961,-0.0365711556577956,-0.07052298394463799,-0.008633115419519404,-0.10902778770610412,-0.10686077903907677,-0.134694316184079,-0.02619734353250194,-0.040373919301440665,-0.035979088140595375,-0.04322908329807098,-0.0920050279441513,0.0584603001172907,0.039024246704330426,0.024862809410719534,0.023013459663244168,0.01537209349830722,-0.0021304945144193536,0.05849092916797979,0.017336506759313957,0.12369875994717879,0.114243960360753,0.10573048520503771,-0.03453516609025841,0.03844171473530012,0.036088912528426144,0.03869772254194509,0.10204622003245051,-0.11415445192657267,-0.1256247617230171,-0.10652356162982289,0.034427028913215627,-0.009052675077231677,0.06660754173328719,-0.007471623045447808,-0.08079409325267602,-0.05804543779862698,0.029881218780204468,-0.07301082063683109,0.030609110590622348,0.13662651729922484,0.03241868732442415,-0.04359626540365588,0.00868200483533247,0.16401568606979025,0.43501673820246173,0.2186246787811829,0.6112411478376252,1.0,0.7879027348507038,0.5100178001814949,0.5145219551931682
C8 GM right ventral horn,0.05007124116799177,-0.02477412196902203,0.03479847877065491,-0.051209657540348806,-0.04122583652715918,-0.0927620407308997,-0.035988892598931704,-0.03199823914221651,-0.08007240413060651,-0.07778982214270294,0.002754842843115223,-0.07871731353321064,-0.09937812522066586,-0.06362786137829118,-0.05415359862448573,-0.06880175209632983,-0.05954174743086349,0.02844470329590128,-0.11021194986677899,5.7265224066437986e-05,-0.0874790100971944,-0.09499491703096646,0.002278038016348272,-0.026307606516925038,-0.0010531605035217085,0.014481705839445143,-0.00855111764811123,-0.04862632382934693,-0.05463404069763135,-0.006429141120989956,0.012336517109453823,0.026099931049026175,-0.11086886874842149,0.0006031503549230915,0.01542015201050267,-0.0030727431479797046,0.057293018496044436,-0.04928102869959228,-0.07093684432633804,-0.027735419991091068,0.003987478435474113,0.014525145246442868,-0.053313439231384444,-0.046921861936387824,0.015974190841501725,0.019638514338578505,0.015347183970407385,-0.006708080647652035,-0.035600671784709756,-0.03412610358433609,0.0004732889572146662,-0.014029083772821664,-0.00502617508722453,-0.03657402221618107,-0.012556035064338578,0.006533045967383458,-0.052380105576149555,0.049350689975581744,-0.05031145326929357,-0.027177338434978125,-0.03929742543675231,-0.019793195008844234,-0.13977164862587402,-0.14669028409134374,-0.16896411930276967,-0.05652623037802691,-0.07738337279502522,-0.07981142509727203,-0.10681747451854569,-0.13106982489041819,0.018705031983536822,0.004925982560450162,-0.014853430926223925,0.018294279872714023,0.009291236653860554,0.0052237628108918145,0.035674741212674596,-0.016980282835696536,0.09029407939868989,0.08734762367700719,0.09319386942466562,-0.05050807765666952,0.022093881110732357,0.04467617429681613,0.028619369694272728,0.0804819478212602,-0.12386912399420416,-0.14857448675262516,-0.14629810282413805,-0.013936995153816863,-0.039930294858163407,0.0172256781478472,-0.0520788943251551,-0.1356410841898323,-0.014024349009514466,0.012557439284251027,-0.04944938101351234,0.07503261769625627,0.10996292986558348,0.0602262841028704,0.02313787261814351,0.004056504511734477,0.10879136554041297,0.25084957223434673,0.22427372277006266,0.6434826301979273,0.7879027348507038,1.0,0.5766454353738468,0.6132561052533104
C8 WM ascending,0.017099382962710904,-0.030178328429635432,-0.01631595268016817,-0.07862807814477499,-0.06955903332007088,-0.07979822900047694,-0.03346878307898262,-0.0435478154251853,-0.007651817801487136,-0.027220057512135677,-0.05054503713027988,-0.0565101151353847,-0.01584679023270372,-0.008655863260624834,-0.06379754438804386,-0.08090591065409201,-0.09152130099554444,0.041173692989568245,-0.10853985313103068,0.0262627159469997,-0.09268059430155544,-0.08099194560708038,-0.015610434236936345,-0.04444401923914043,0.0006350707590317896,0.016225844909146223,-0.004700622904002753,-0.03208977127872211,-0.03869430963258218,0.02947421727226447,-0.03743818519146896,0.04561693746917837,-0.09990607841229583,0.027896585688924936,-0.005227211044346955,0.022962660694997927,0.11707773387238672,-0.04023398783780356,-0.014222469083935834,0.0035775110341993814,0.02443393672042243,-0.020967384905291053,-0.05405346549031142,-0.04728246290745102,-0.03579766040701577,0.018373132655628444,-0.0895726943625505,-0.07536692793170796,-0.026684135029014736,0.019080401486917635,-0.034184737445667066,0.007044953158678065,-0.04891375074081224,-0.019984745741781388,0.02465668862145493,0.03428916831190693,0.02077748001315197,0.07362518358244578,-0.04258415695983227,0.021431768814750084,0.0807780705244878,-0.013983673499141163,-0.14905534083500716,-0.09758372009316972,-0.09826827456417976,-0.010050472727501323,-0.007576463429627985,0.007958343201633208,-0.05339914050093493,-0.03844749078224745,-0.11784728645078343,-0.0821149001234856,-0.06189520000111506,-0.03885864558377735,-0.06324424049985321,-0.05947936827470538,-0.054567497380616184,-0.053506510432734265,0.04606673819034736,0.05126537015380506,0.06335529447501613,0.044868942745685876,0.07015829936262068,0.10948690904952155,0.05575011575185324,0.1316316626090692,-0.04703545789263331,-0.04112244997160905,-0.01918919651670453,0.042771293488184405,0.009626299171345193,0.055947922853437894,0.029916115094663548,-0.026328839041562264,0.12319672671354225,0.03939218397299268,0.05685879275296838,0.11521909412561519,0.03595346265196974,0.04302963951847898,0.12445531781127085,0.06633508410417428,0.3919329918925402,0.5041606320167041,0.5510676618989333,0.3903709070352861,0.5100178001814949,0.5766454353738468,1.0,0.7377120132283306
C8 WM descending,0.030324743641076866,-0.036940462593460906,-0.017163102961543462,-0.09774865108160793,-0.10987417232556247,-0.14893870436163814,-0.07234574645476727,-0.09651281594147658,-0.0759883633118637,-0.08063535799329458,-0.11085075241823898,-0.06317486137350825,-0.04918423874055202,-0.0266966216696038,-0.05655135951238818,-0.11019145954342117,-0.11212059219589958,-0.0007081795443362538,-0.07725549720040871,0.043233621934095676,-0.08055582960686586,-0.08680752376887778,-0.008772417692604319,-0.039084782251555705,-0.01929886757736554,-0.008151100981934736,0.0037504475807080447,-0.03723259106129639,-0.03658349401792502,-0.0070908196620206925,-0.0035503398243217424,-0.006702226417992449,-0.1209968372501992,0.037518608880695026,0.007531512817182371,0.007508931348107511,0.06473146867801025,-0.0849474403978804,-0.06766730953477018,-0.06234418121005471,-0.06734313839460858,-0.0285094384164206,-0.09895229196513618,-0.08453705478706407,-0.0491567673260161,0.0033664620286674996,-0.08188398425924003,-0.09294415856331306,-0.049310284398773,0.002721296739051172,-0.05532338770368787,-0.028027088156977915,-0.03686831647465624,-0.046086858304696623,-0.024415563930560588,-0.008599126362077531,-0.0036760378227847284,0.0825487121976711,-0.08424497906302694,-0.008778247140440731,0.02546011654337676,-0.04003712058613036,-0.16865705849713775,-0.09572147606011412,-0.09066189655978708,-0.0021385954061172267,0.008827731219710663,0.020268561654505687,-0.0973140831247106,-0.049186927683931916,-0.12929175656574463,-0.11222970219431104,-0.09707387363110337,-0.07389665678392027,-0.09871726865087167,-0.09655217141677805,-0.09403561300943868,-0.10385316892742485,0.1057317340330857,0.11211256958579807,0.11816820820836488,0.02961504903756912,0.0785146901110742,0.10224776109643723,0.08100139393734994,0.1235911187886302,-0.09517536470430013,-0.09105728436744953,-0.060123466821069435,0.040280281941818166,-0.008554659819051721,0.060191418490624614,-0.02828417138422331,-0.07211212729986934,0.06933025625412248,0.058409397131507224,0.02249063460689549,0.05225239035728367,0.06391381425691443,0.02706543448656269,0.0928229594219664,0.07382476076744113,0.3241059626551546,0.5680033267325625,0.6595786250974807,0.22682234272211146,0.5145219551931682,0.6132561052533104,0.7377120132283306,1.0
