,7Networks_LH_SomMot_8,7Networks_LH_SomMot_9,7Networks_LH_SomMot_10,7Networks_LH_SomMot_11,7Networks_LH_SomMot_12,7Networks_LH_SomMot_13,7Networks_LH_SomMot_14,7Networks_LH_SomMot_15,7Networks_LH_SomMot_16,7Networks_LH_SomMot_17,7Networks_LH_SomMot_18,7Networks_LH_SomMot_19,7Networks_LH_SomMot_20,7Networks_LH_SomMot_21,7Networks_LH_SomMot_22,7Networks_LH_SomMot_23,7Networks_LH_SomMot_24,7Networks_LH_SomMot_25,7Networks_LH_SomMot_26,7Networks_LH_SomMot_27,7Networks_LH_SomMot_28,7Networks_LH_SomMot_29,7Networks_LH_SomMot_30,7Networks_LH_SomMot_31,7Networks_LH_SomMot_32,7Networks_LH_SomMot_33,7Networks_LH_SomMot_34,7Networks_LH_SomMot_35,7Networks_LH_SomMot_36,7Networks_LH_SomMot_37,7Networks_RH_SomMot_9,7Networks_RH_SomMot_10,7Networks_RH_SomMot_11,7Networks_RH_SomMot_12,7Networks_RH_SomMot_13,7Networks_RH_SomMot_14,7Networks_RH_SomMot_15,7Networks_RH_SomMot_16,7Networks_RH_SomMot_17,7Networks_RH_SomMot_18,7Networks_RH_SomMot_19,7Networks_RH_SomMot_20,7Networks_RH_SomMot_21,7Networks_RH_SomMot_22,7Networks_RH_SomMot_23,7Networks_RH_SomMot_24,7Networks_RH_SomMot_25,7Networks_RH_SomMot_26,7Networks_RH_SomMot_27,7Networks_RH_SomMot_28,7Networks_RH_SomMot_29,7Networks_RH_SomMot_30,7Networks_RH_SomMot_31,7Networks_RH_SomMot_32,7Networks_RH_SomMot_33,7Networks_RH_SomMot_34,7Networks_RH_SomMot_35,7Networks_RH_SomMot_36,7Networks_RH_SomMot_37,7Networks_RH_SomMot_38,7Networks_RH_SomMot_39,7Networks_RH_SomMot_40,C3 GM left dorsal horn,C3 GM left intermediate zone,C3 GM left ventral horn,C3 GM right dorsal horn,C3 GM right intermediate zone,C3 GM right ventral horn,C3 WM ascending,C3 WM descending,C4 GM left dorsal horn,C4 GM left intermediate zone,C4 GM left ventral horn,C4 GM right dorsal horn,C4 GM right intermediate zone,C4 GM right ventral horn,C4 WM ascending,C4 WM descending,C5 GM left dorsal horn,C5 GM left intermediate zone,C5 GM left ventral horn,C5 GM right dorsal horn,C5 GM right intermediate zone,C5 GM right ventral horn,C5 WM ascending,C5 WM descending,C6 GM left dorsal horn,C6 GM left intermediate zone,C6 GM left ventral horn,C6 GM right dorsal horn,C6 GM right intermediate zone,C6 GM right ventral horn,C6 WM ascending,C6 WM descending,C7 GM left dorsal horn,C7 GM left intermediate zone,C7 GM left ventral horn,C7 GM right dorsal horn,C7 GM right intermediate zone,C7 GM right ventral horn,C7 WM ascending,C7 WM descending,C8 GM left dorsal horn,C8 GM left intermediate zone,C8 GM left ventral horn,C8 GM right dorsal horn,C8 GM right intermediate zone,C8 GM right ventral horn,C8 WM ascending,C8 WM descending
7Networks_LH_SomMot_8,1.0,0.31044431174590414,0.5224417099596385,0.49665590438083407,0.3812080396851058,0.3134710821131737,0.46584779010541805,0.35076878830641456,0.3360318076445811,0.36855535120441724,0.3937536000765851,0.4175813093787129,0.1494141060806435,0.2857084255584025,0.24558376253384703,0.23309551203846138,0.32750775765720447,0.38815162430460404,0.229832080999827,0.08658470603958353,0.2518373634422871,0.32474652548154426,0.329124939718631,0.4067530595309716,0.2121037805518409,0.34263366652781174,0.3125345964286594,0.41484561813607523,0.170735162775288,0.3379104613277538,0.3734779759537184,0.4251450734633222,0.4964563048287492,0.3249527233357751,0.5132032930951336,0.5671477926071614,0.1153552613770515,0.3961688186016637,0.28663005308487394,0.26907519401147056,0.24446125222271528,0.32242738360820106,0.43307907797554474,0.4489148001659217,0.1655186549969234,0.3898971839477124,0.3004880235384368,0.488129099683266,0.25613630101744744,0.23636493507579562,0.26156746852341767,0.2484473161063984,0.21061081025539302,0.2718203170716295,0.48025258792949116,0.31171226121611767,0.3217533825187623,0.15031255654339304,0.11161818238086278,0.3907356707148845,0.3988587265168746,0.13017575801588596,-0.13187546374653764,-0.15758935855355558,-0.09970795723420596,-0.10157714783819463,-0.1497791227582809,-0.11707969715719291,-0.09655389030210541,-0.09625743208619829,-0.07447174677010605,-0.16902845337647252,-0.09880363676914379,-0.17144513453654134,-0.19278307448882473,-0.1419654361446795,-0.09523706108573544,-0.10442475573297683,-0.009947451869483145,0.01709110170543846,0.010597329377151661,-0.07238191374726528,-0.037609957523798025,-0.05484224729415508,-0.0689821019274591,-0.043438574477983875,-0.11629323408395717,-0.09870920247912736,-0.031517928210715467,-0.0676347388367284,-0.059623456889228585,-0.037944180101099644,-0.1303052267192621,-0.07775596386634459,0.005883425850747269,0.05043228524466019,0.07137676498963835,-0.03593340716771154,-0.008195177786002223,0.002635919421358482,0.01422659050097005,-0.02192825045361232,0.08688500562927425,-0.039897554045074474,-0.041808150190220855,-0.03983726272846862,-0.08426415365760381,-0.12164643128913773,-0.01325115833750569,-0.15178073759364402
7Networks_LH_SomMot_9,0.31044431174590414,1.0,0.4702123840535773,0.34857906850372594,0.43524958956089627,0.1561168092236702,0.2136853302765119,0.3374044867221112,0.4075175166274183,0.23218531684038024,0.4329957333688721,0.4457940152579132,0.15957502326319617,0.3265496338624791,0.22137933260372952,0.37913152519404136,0.3548483099397102,0.48135221576321674,0.22729442646951967,0.14874530335825822,0.27149955176363444,0.433829732954043,0.4731246958002361,0.3541345873371377,0.18325967200409185,0.3382583414218525,0.3555155840932854,0.4149115173053128,0.3180326138931674,0.3066994863271301,0.19977724041634162,0.3435245874977137,0.43159566652851644,0.3419620781368632,0.46032247206379495,0.4338323117079565,0.1280844689380305,0.31288003666336167,0.2553005933310533,0.2394158676612901,0.21876552623278428,0.33601239573277136,0.3204152524951478,0.4276051192450169,0.12084150020719144,0.4515145677874871,0.1990935758595473,0.3857114527325985,0.21137671997867766,0.43896273265870994,0.14129631295956568,0.44090887499866543,0.22861915279164877,0.34289133670158567,0.4158569119573801,0.2656360401889394,0.30319361185625143,0.3418748335882419,0.2037527263547625,0.4779152194267678,0.32704452540548007,0.27083407929747405,-0.011565479538894837,-0.04930639580544484,-0.020405997563141254,-0.06649690421786314,-0.04562375646353416,-0.05021782279197796,-0.011330468733105092,-0.04140389976659111,-0.09847757613660472,-0.12530853249396312,-0.07315320724330515,-0.1261875709341091,-0.13627983453595782,-0.10706439195505683,-0.07373080587016871,-0.06399076317228519,-0.10146347938878081,0.019956138367356772,-0.03971797583676762,-0.049813264484257685,0.021289499759676363,0.0036275062710598095,-0.06916204431296279,-0.026061464939222186,-0.057116537304882566,-0.03368664063946301,-0.019682759083278305,-0.0324638639227012,-0.019734850900677947,-0.017763483715930638,-0.05777760710979681,-0.022792407144067835,0.0516221831327154,0.08907878104579345,0.15450002598332818,-0.03542546694702185,-0.011758503878127269,0.004017245960235648,0.040621872665495655,0.07433410597727617,-0.04487863800172365,-0.07428487211237383,-0.043048857766086066,0.008171064944352139,-0.054024977320409916,-0.06869510531846985,-0.06849697459378891,-0.07507556031518627
7Networks_LH_SomMot_10,0.5224417099596385,0.4702123840535773,1.0,0.4840216292515336,0.3633902131415748,0.20281519250368113,0.28274191253610736,0.41463433944316463,0.3828356026330695,0.29983567373897696,0.45890124659442016,0.46411092461446657,0.2505895906007259,0.4534346493709475,0.30035646459018817,0.37327077579708867,0.39201026710166703,0.5121808876367947,0.2948054331573896,0.23843685086550073,0.32437133097783094,0.5067495188323766,0.49805475737955285,0.44397004155405395,0.3345220845872245,0.43067573181327967,0.2878885032637492,0.4740844919920135,0.23721080769471473,0.32422900161166796,0.250778136825598,0.4656935037048092,0.5362151048630363,0.4160139930739471,0.5849669571236961,0.5316586058214389,0.1292908088236171,0.30450573955450355,0.23837794735037302,0.2243170158708356,0.19544640431718452,0.44797076864499463,0.3542859312227331,0.4498663910210989,0.08338467762795711,0.44092515388906817,0.21042994122928638,0.45674487114062917,0.23364149256259376,0.3021912705851843,0.2476128614531444,0.32737390361324664,0.14889394743980636,0.2865364083313616,0.4443791120353467,0.19320620348448025,0.28610868193126504,0.2621428784182524,0.22274843437756187,0.47523206652441813,0.40449671019150785,0.12761207794221538,-0.16655866214486628,-0.2190800747811379,-0.19960872732203694,-0.17046232076881618,-0.18486487493491371,-0.15478779483934116,-0.16236765970889244,-0.15758786616655968,-0.14454985041037954,-0.19856049173884668,-0.12680843833487604,-0.2400375333131676,-0.2367395502745427,-0.17512523920130685,-0.1387843087884425,-0.10039830383533657,-0.0401241258274584,0.024641397032943362,0.016000279446798434,0.004350743452624392,0.06810873340399265,0.06854898619084897,0.001961695452598672,0.07491396073031066,-0.1853994788580748,-0.1584205857500122,-0.14853057301118155,-0.12234599027080355,-0.11849746364260617,-0.1346975116951083,-0.2746734933543887,-0.16369379541107598,-0.0031507911353506005,0.036548298799129304,0.05543050270390654,-0.055200367997880063,-0.02164076209258644,-0.05490443155634145,-0.016650824943579483,-0.03181127965935881,0.0940144906931141,-0.009811538925497295,-0.006716511036056988,-0.066702230871652,-0.08878687649046622,-0.09466868599696117,-0.043232719106342334,-0.062134630559198795
7Networks_LH_SomMot_11,0.49665590438083407,0.34857906850372594,0.4840216292515336,1.0,0.48419652349341813,0.566789233866955,0.5698121277340468,0.5554040677489983,0.4383290155042977,0.5334777282465669,0.3682060580042912,0.3023593597715796,0.16682680697185437,0.4073914891850177,0.1983031973005271,0.247751020495888,0.3344888060778555,0.4136389760293259,0.14126125660642386,0.10414020229394697,0.081909090462445,0.36993158842885365,0.3090003029343232,0.4686898119779329,0.22781232679077726,0.359631226207657,0.31631527118236435,0.3987753353641838,0.19301836468682892,0.326859812003379,0.25996118174892674,0.3014051032111866,0.47837900403480843,0.16047304279928148,0.46741484490931695,0.5698676911123083,0.04292194649786253,0.5210651519980187,0.4711572996277239,0.35565466484589037,0.36857649659166813,0.2764995068733156,0.47575397520959967,0.43065355878060113,0.03522671738674067,0.3014681024543087,0.21744137968297259,0.4819539883220355,0.1856119382727844,0.26919352000121105,0.2188699600073352,0.312628663722235,0.13137293413627696,0.25790498794999367,0.4164970653159827,0.1536383039780199,0.2245883347466849,0.24433184679294068,0.1841347795206884,0.43349075480691485,0.3572770973703591,0.1122683014668644,-0.2237746995906106,-0.19088856237021162,-0.15124277228725516,-0.17054744279136336,-0.15517927430317852,-0.11659704918340115,-0.18123084967866263,-0.13712052873853614,-0.11443250951945193,-0.21582409997184207,-0.1645558394856762,-0.21182634071667747,-0.2420461503071576,-0.19508050119490497,-0.1363853889068601,-0.1730607505857555,-0.1502066958937459,-0.08780224061559501,-0.10762063984031035,-0.15423293356092493,-0.12701098745462,-0.13302470569859648,-0.22447679123976996,-0.13410227900757427,-0.08168824120431836,-0.09594230333983518,-0.014353510218329832,-0.07812000550307896,-0.10810810568607862,-0.10922275423458996,-0.1416804207322856,-0.08649351548253145,0.023869239695103277,0.07633614320783318,0.09990261863704604,-0.06872838430799935,-0.04375574751810866,-0.09080759602941771,-0.037264061610193806,-0.026307870350153004,0.034491179699974055,-0.04754947587441114,-0.057488855440350206,0.04115699981975251,-0.013423669457474545,-0.02434912566766841,-0.041081771393230423,-0.030947779068049592
7Networks_LH_SomMot_12,0.3812080396851058,0.43524958956089627,0.3633902131415748,0.48419652349341813,1.0,0.48759711271282874,0.45406263817304254,0.3647544485841835,0.47682188579641716,0.4120712403435254,0.38301356709619944,0.47692106064207623,0.2512539769622107,0.28217130929454703,0.19938446271732418,0.1727266501928283,0.3001855292440129,0.4217733032035897,0.24693088201392263,0.0027071035423527766,0.1462566479331373,0.338705883971165,0.368898752448112,0.4536233103882089,0.013075603593594573,0.21521077206601075,0.3384248544116478,0.36787923771924885,0.08015735828924497,0.22982408574448748,0.32649595825453503,0.2770237910368293,0.3830813738314464,0.21045904837936744,0.4418873058595827,0.45426542202578024,0.011572932345261695,0.35135842356405933,0.3007668365753141,0.39738042246667615,0.3182176516997769,0.3658460414366849,0.42181424362416775,0.44299258374776174,0.20047454106843624,0.367704638795413,0.20958134553815255,0.4182933210628489,0.178702061038613,0.24470592544762676,0.16416886560688027,0.2949463361809779,0.19063226075613054,0.20211707313362304,0.35504184047447845,0.1595623756828071,0.20805832187208056,0.16539228910184225,0.016923065996140914,0.3853151896551947,0.2967937739788545,0.1442289499839001,-0.05185578253125346,-0.06162305562769665,-0.012342078670846121,-0.05640141677604055,-0.04443904045701267,-0.006403646559094921,-0.028073235970938422,-0.004540317455284425,-0.10297414425899112,-0.19649575574311898,-0.16566168630253902,-0.14620237070954914,-0.18963301175162714,-0.13707096745009964,-0.09839073840109372,-0.13795809892428837,-0.1741925730023959,-0.08663789739168684,-0.09657170624093687,-0.11114848831927358,-0.05940065641021329,-0.03697749863298928,-0.15131139881667788,-0.0738913216483696,-0.053803298025780065,-0.11865415960157243,-0.039048745519475986,-0.06155845467727689,-0.10073013280614894,-0.08094596584182398,-0.09107072507373358,-0.07146445092123843,-0.08099844332090025,-0.030202464637181563,-0.002071213383278902,-0.08741322341987458,-0.06031419543622277,-0.06370933942250577,-0.06780313504195534,-0.11830656711760305,-0.009219045582130046,-0.09581342810591208,-0.09737312863498919,-0.004725256951887498,-0.05565031831298995,-0.07586624835945141,-0.11336478460228792,-0.1394198464168952
7Networks_LH_SomMot_13,0.3134710821131737,0.1561168092236702,0.20281519250368113,0.566789233866955,0.48759711271282874,1.0,0.6054219643178174,0.3994507991073859,0.2965285432497904,0.5346804406559909,0.16980076370212235,0.19736444528065436,0.20077580531805583,0.2504622276428573,0.20328790737300156,0.08540652040605376,0.19988491668551828,0.2594935631625206,0.21201242868426304,0.028022511587199424,0.13041608195954535,0.21376009727866974,0.15348132328856628,0.436898358103844,0.05323436692410722,0.17681164884431402,0.28179443880107685,0.24464475238069222,0.13396751772538612,0.17305036459890027,0.3110937956428752,0.2153662671282251,0.20031732069322813,-0.04025302406049305,0.30088634581369333,0.35581631461596425,-0.17084586650741657,0.3952356145711967,0.41631922592278237,0.30563438526460895,0.24749155403023618,0.1231179838356916,0.37335765586026126,0.2714253547134865,0.11493892689869606,0.1784206834916067,0.18316145766264455,0.3387805075910693,0.013382352161229604,0.12193927560082445,0.13147216001999398,0.13295362036018243,0.1441077154644812,0.11360069230156794,0.29895004439598727,0.0800020025792437,0.05685629356866289,0.08355048554059959,0.03832118134885001,0.24678033167236169,0.19849321919562962,0.07973830641916396,-0.12015448112635381,-0.08216241343666335,-0.024590889320555764,-0.08882544343063208,-0.06757612253082307,0.005518196493488913,-0.05731342940522873,0.007561090502797822,-0.12515077343140035,-0.22201225194802163,-0.19777497486490772,-0.14362385763050875,-0.21832101730634404,-0.17822063812401384,-0.11512940740224516,-0.19604055933675066,-0.12922828103704692,-0.09930223442407979,-0.06396643858565773,-0.09813286907032621,-0.13881562371407552,-0.141472523318699,-0.16240194249605097,-0.11752569635964039,0.01189896855602951,-0.06417953192035189,0.007042389594202429,-0.1283123160504538,-0.15647309544583463,-0.1863249572739519,-0.15477728969573076,-0.12279807032995528,0.008802496660682979,0.055599894500356094,0.05443133160534139,0.020412490335024784,0.006673444565618086,-0.06550228780868807,0.017489678672141566,-0.019811487214746713,-0.04746757462723431,-0.15135278249345824,-0.1685713771089616,0.09555304366431788,-0.02689082314092519,-0.014359370872107584,-0.060141465642759365,-0.1609382356922097
7Networks_LH_SomMot_14,0.46584779010541805,0.2136853302765119,0.28274191253610736,0.5698121277340468,0.45406263817304254,0.6054219643178174,1.0,0.5348709194141574,0.5050945758776691,0.7450516279495696,0.317637003543295,0.3204981870300415,0.15059509894276632,0.31385223768490433,0.24566862008080328,0.19673937627703897,0.39933658297996494,0.4161850190451101,0.2132384041319073,0.09122706529919994,0.2246304999948513,0.3071097434019786,0.2240178479569863,0.4725403646899575,0.15785346043750376,0.31374111203895894,0.2886581165745504,0.3905895375096849,0.1417986221987999,0.3280609761941605,0.38711531625999834,0.32692058717503203,0.3011732287430577,0.15164631055023067,0.4146981424618266,0.5782666274163536,0.051798925301363,0.7227667618459602,0.5603494233504706,0.4549796756115996,0.4013116725278688,0.24398581474030553,0.6055598284661705,0.49509325329976833,0.14888023738089975,0.32373431446954665,0.31071631879090994,0.5271845960940357,0.2100626140500925,0.21635126905270982,0.26996700145122227,0.28987679949735895,0.17677925215247722,0.21136641634988995,0.5055055621794826,0.23631029402205414,0.2089209272317857,0.11348175369937935,0.15683478524304412,0.38561509244929226,0.30668498608236977,0.14215935421708426,-0.11168655186688374,-0.11280532936044592,-0.02756092829722931,-0.10216700828149121,-0.11943579433265505,-0.052429407693879916,-0.0741252898435417,-0.03971587650998709,-0.12125872262235139,-0.253735337279117,-0.1998181110655929,-0.17391081547712478,-0.23414936040201986,-0.17524326327086526,-0.1231979967404739,-0.21194970943229718,-0.10251038398176818,-0.040632686860208204,-0.04086305392917687,-0.09546934105573497,-0.07199620966163801,-0.06636949105188614,-0.13618367487352842,-0.07585244821538392,-0.09268255309601542,-0.16516161074477156,-0.06971667489035654,-0.09946337092297727,-0.16937524937577964,-0.13890470214407344,-0.15217936879595867,-0.1453914264514789,-0.031686480792718755,0.03098125483349188,0.08204364832553765,-0.06903349978489735,-0.05480020224722753,-0.05370884389903001,-0.04002586185299774,0.011104756825624137,-0.021109906044257287,-0.038474718672237576,-0.08665206682306523,0.07020677907849669,0.029219877661375276,-0.002694469269203736,-0.010699843740747573,-0.07461154677120192
7Networks_LH_SomMot_15,0.35076878830641456,0.3374044867221112,0.41463433944316463,0.5554040677489983,0.3647544485841835,0.3994507991073859,0.5348709194141574,1.0,0.41874041013729735,0.6389971069103865,0.4079937971570629,0.26768792850804946,0.18956396166746897,0.6078882623365086,0.3734545769477633,0.3763403275794009,0.34337327014647884,0.4765334418135382,0.33651999138372235,0.37393225783508843,0.26669847258276014,0.6172877980096751,0.39827728341335816,0.4961223762006873,0.36492747837410094,0.45728824045919164,0.3187962367286202,0.5239858969790354,0.2938369778756557,0.30174460077948767,0.23141860321693217,0.3433058496387877,0.33985279580901745,0.21783306709445052,0.4612366002364174,0.44905999988546486,0.1276970007638375,0.6114508151784824,0.5658001003735278,0.4366025928923457,0.42091445819746165,0.3208454182031265,0.48000599343867084,0.4616880997267084,0.14667616817188148,0.34680697700041346,0.22929584505784822,0.5160864433815453,0.16606889320543522,0.39845921283094055,0.2593868477497316,0.3379572415856779,0.2346577801678404,0.30965038119086163,0.4065686526340954,0.14470212886292552,0.2690418151092226,0.31265198718058285,0.3806705328566335,0.45970975299204675,0.37911225901091966,0.1757603317493659,-0.09498948994748445,-0.12354060625388175,-0.06887440003038954,-0.11229885068068556,-0.09093947292915276,-0.036257451616837584,-0.058219022957723396,-0.048454274928801465,-0.1501320890491242,-0.2331218182107585,-0.2020771091208653,-0.20165911702600472,-0.21800331077981958,-0.13910089687054006,-0.13890389846072057,-0.14640128411616352,-0.19202412052959208,-0.12071351509122612,-0.1319186259525486,-0.09934749025732452,-0.07185437327692334,-0.05935406459179255,-0.20034704699885103,-0.09046128799713564,-0.09756962704209975,-0.1856496359189292,-0.07916684169023179,-0.15581805527517636,-0.20351823561683327,-0.19601344544866967,-0.19046747264378874,-0.1335359762125539,-0.04731772393001108,-0.047377264223204305,0.007065598554273007,-0.0997684076775441,-0.09516249407894134,-0.06388658630734456,-0.0643086137285894,-0.01042312659225123,0.020888685981751243,0.0488559514992435,-0.013219583902038338,0.07394403782694887,0.06671501391199197,0.023868556534063317,-0.007618737804436698,-0.021235721534705564
7Networks_LH_SomMot_16,0.3360318076445811,0.4075175166274183,0.3828356026330695,0.4383290155042977,0.47682188579641716,0.2965285432497904,0.5050945758776691,0.41874041013729735,1.0,0.5729085885795279,0.4434544221610722,0.5888651330962527,0.23301504543086077,0.2834339207981818,0.20891555251189128,0.2448328965301177,0.3745698540525131,0.469742913369705,0.21956048053350474,0.05816884110960528,0.24449687745011012,0.3465480195474951,0.46151822794601943,0.3819346266148301,-0.010699695698512306,0.1976858747411797,0.3634927532730743,0.40742771795900157,0.16483978628380733,0.2888735241976853,0.2820502055383517,0.26612117019118153,0.38576601249362247,0.2488303358649197,0.32502512675916284,0.45687318915949515,0.11994236186743971,0.5346862433986466,0.41950478632022276,0.5092769177176125,0.4099959010852345,0.46421163904431684,0.5467949403263008,0.6376325212471015,0.12485068956785315,0.5336469304515441,0.23009214866647099,0.4383973933775206,0.34339560925570906,0.34012263690173666,0.15583672122241954,0.34463440511722376,0.2735493987806693,0.18966841931317616,0.45318083225708716,0.3287704080138775,0.3471141609570844,0.32118029712229296,0.010687607403501014,0.40579478072367725,0.31321826231385436,0.20290258723124482,-0.014605566708898938,-0.051977212397633255,0.00024150850379238835,-0.09803206100521354,-0.06971850656205239,-0.04046623840260061,-0.04403671941803761,-0.029176184790887384,-0.02848979875857312,-0.11020684174666674,-0.07524037247924771,-0.09991878663372152,-0.12196393694101051,-0.09891448186892406,-0.023639990618393624,-0.09345213547114045,-0.02868085504955204,0.04058984158100694,0.02717599722466267,-0.09879438872434973,-0.03546565174233756,-0.0553124021566968,-0.10952334664343724,-0.00571524254082832,-0.014484676047128183,-0.03757373576387265,0.05649549480563358,-0.09971991042803419,-0.11094957443105352,-0.08918590799288519,-0.07001362535874293,-0.06590940421329668,-0.02611674872733894,0.026800399715761074,0.06143761459251055,-0.1679718813130235,-0.027187864248679177,-0.06242579925446303,-0.05314029310410044,-0.040818337284362106,-0.07177857772376257,-0.08250134333359832,-0.06299962133780698,0.0015807196300312639,-0.04072569039706448,-0.039346001083313355,-0.097798811314718,-0.09243885976296388
7Networks_LH_SomMot_17,0.36855535120441724,0.23218531684038024,0.29983567373897696,0.5334777282465669,0.4120712403435254,0.5346804406559909,0.7450516279495696,0.6389971069103865,0.5729085885795279,1.0,0.329839246109422,0.35807474883176654,0.2743427450205481,0.38964541440842043,0.3512552304639407,0.2619732628329096,0.3484853311199135,0.3894623367414871,0.3392129295569711,0.16057608910209106,0.3079416244946539,0.3826876811466814,0.2735644561804684,0.47057222880095756,0.21937281420022492,0.34181365334167074,0.3321025900849431,0.43281055782023053,0.21313841185803897,0.27768818036528914,0.3094480119745916,0.26358315683313677,0.28291751748351046,0.14653878082674987,0.3975789713766745,0.5437379969287307,0.07677497136331625,0.7064807681766178,0.5876194273072701,0.4988377692153833,0.43324592615457197,0.2877347863481541,0.6451975392178346,0.5519238536150426,0.20473397600919488,0.317924535470008,0.31324826981900433,0.5680757528349576,0.2541590900975625,0.2750013665775731,0.2508975383346249,0.28572121482360774,0.23819776234751733,0.2588866452756839,0.4923189966842752,0.2426769578319519,0.28244890319607613,0.15930378324374206,0.21724103366951353,0.39152228194717287,0.37382128470581133,0.16225482896638435,-0.0898573427675616,-0.06912246590540083,0.001144762960750785,-0.07350747292778186,-0.058375070324902474,-0.001347312126722125,-0.03531254289019476,-0.005821724432034995,-0.10053865563094021,-0.19541395710485188,-0.15548221609254662,-0.14519573570661445,-0.18016579499519172,-0.13790627655831544,-0.10359565758591366,-0.16045115764471168,-0.06766732586238448,-0.0028053941522874068,0.0020642196052913357,-0.08918186298680096,-0.05712833501542645,-0.054571933386013204,-0.11465059360963732,-0.01643853620500282,-0.10872106395485034,-0.16659080787305874,-0.09033993061541694,-0.0795037759854499,-0.1532370290601666,-0.13191979417733526,-0.15191056894092042,-0.13595310246067668,-0.04113478502078565,-0.0009859559620453797,0.029588364409927296,-0.07002741144851854,-0.05581298846831882,-0.07892272557131122,-0.03188007763819822,-0.0037679577534322946,-0.047805631151601816,-0.028620159341068444,-0.09202574968804632,0.09454831149427237,0.05138655894798227,0.006219344231652445,-0.039226789583932456,-0.05276584529853799
7Networks_LH_SomMot_18,0.3937536000765851,0.4329957333688721,0.45890124659442016,0.3682060580042912,0.38301356709619944,0.16980076370212235,0.317637003543295,0.4079937971570629,0.4434544221610722,0.329839246109422,1.0,0.4620060669508876,0.08425504364213258,0.3813605104968384,0.31504793497355743,0.4767137498296083,0.5521688673529639,0.5445077772173545,0.24696462082074688,0.2632132421298479,0.3236207514997714,0.5292977570678312,0.48580220023795506,0.43231081617628603,0.2842661585056534,0.43917889589147874,0.3811082574398115,0.5055528440436987,0.29031882326185227,0.38219269808952216,0.1876711256341818,0.3024937044397914,0.33986308544208566,0.3103262995034086,0.3903287862742596,0.4295347912161638,0.020974020850617846,0.3934938866878214,0.2671235407121863,0.3697880435138671,0.20363315854312702,0.4924628709535901,0.40843405741217664,0.45654662329990986,0.02761544996675206,0.5731143758340758,0.2386219198794571,0.39025825376387807,0.25410016263589263,0.37132948312003333,0.17761159719869005,0.4424908268384833,0.19974999444579905,0.37408371259403383,0.42425331186403537,0.29083952077909814,0.37466975986077516,0.3767941921464109,0.20510486136135753,0.5415911893720919,0.4034451098664418,0.21965920740492462,0.036974067360236104,0.014759734993595414,0.0566247337511077,0.0061987908191413555,0.02745992793784043,0.06393424996424923,0.08421900997054842,0.08663698417254935,0.02737996521641331,-0.09015851770665538,-0.06721307213936653,-0.07714450501087387,-0.10344065374041068,-0.05945360178180129,0.008710268351721201,-0.07123229243881689,-0.018850350542202368,0.02382512157738962,-0.015378864468487938,-0.03712533673091141,0.04363752028779558,0.041272535028405874,-0.03715572141095611,0.025240155736994566,-0.1379267292001776,-0.11709698769648429,-0.05069053473002204,-0.08700900461439832,-0.09797326776127616,-0.0772683176672378,-0.0978597368279292,-0.09048981056778027,-0.09815461347699136,0.01879883508959009,0.059863865286552444,-0.05555533894367409,0.05239550675029506,0.07578231415314444,0.05097885885171909,0.024923434911755454,-0.029120735746909227,-0.09843706205681378,-0.05759216377924453,-0.06866441205162659,-0.10304342705452535,-0.08726834879146461,-0.07857206909170791,-0.11154563273030335
7Networks_LH_SomMot_19,0.4175813093787129,0.4457940152579132,0.46411092461446657,0.3023593597715796,0.47692106064207623,0.19736444528065436,0.3204981870300415,0.26768792850804946,0.5888651330962527,0.35807474883176654,0.4620060669508876,1.0,0.4619087448293897,0.3534966539982236,0.38307661868566273,0.24413512699451265,0.33515643209840434,0.5176747920097938,0.32644707161422776,0.04336237336550792,0.30297661597359965,0.37348447856508715,0.4710207640701973,0.3423774503414761,0.02667207699563755,0.23579027604233777,0.3629255983235204,0.4206099591307981,0.08757186199053153,0.2682192944103356,0.3345423203200444,0.3620448979248017,0.4531065791232019,0.34152007758126335,0.40853672403330965,0.4811733640238139,0.17573090875389993,0.34643472436880723,0.26364142583078765,0.381651575063071,0.2521795298357448,0.5571511220543441,0.4620743556137536,0.6375605188084613,0.11676016629269018,0.49962133560657923,0.32412737543712944,0.5004396104389133,0.40581057706229656,0.2898692850067043,0.2694907651341541,0.35183301124913025,0.2974685614331133,0.22192008140061556,0.48815886371099804,0.30953505318879043,0.3419840011350632,0.2337163018663371,-0.0314201287598856,0.42702347577664823,0.3297435918738687,0.20103590410314917,0.029553804790518664,-0.015383101769499094,0.02972086125230585,-0.02105324268082824,-0.02932191808347828,-0.026038369296658048,0.02637902543638106,0.009689610275349434,0.07058342380461462,-0.002286908980910694,0.016220595987498157,-0.009423856547828048,-0.03650931842363823,-0.02448274306241308,0.07902726673251995,0.008719389344002028,-0.0435048000108688,0.04557802155800219,0.010903185108008412,-0.03562053619123498,0.026371960793782297,0.006331955586458867,-0.020316477336155752,-7.002240043063933e-05,-0.04653649036918816,-0.051075445256678134,0.014691027645862977,-0.05573108174943463,-0.0892296935326292,-0.08130929662109693,-0.08498822023475,-0.08619805420570964,-0.04954491671712636,0.06392274261759791,0.10521938818581751,-0.13080209136210716,-0.015212298656228862,-0.06126853867086358,-0.05563487331176933,-0.056652439949439394,-0.06556708475295711,-0.17072179990468742,-0.08224788912370713,-0.1305752235838447,-0.19741019693565212,-0.1729978756164831,-0.16608393576817998,-0.1971903308539332
7Networks_LH_SomMot_20,0.1494141060806435,0.15957502326319617,0.2505895906007259,0.16682680697185437,0.2512539769622107,0.20077580531805583,0.15059509894276632,0.18956396166746897,0.23301504543086077,0.2743427450205481,0.08425504364213258,0.4619087448293897,1.0,0.4923279029853689,0.41689480881910385,0.1601219768956385,0.10435559201958339,0.23625479757041137,0.31548149199946124,-0.014596792369503052,0.17405035936452865,0.16223842890113113,0.20585163317717298,0.13781465561921138,-0.06161147510694721,0.07580063154034654,0.11943262010963673,0.12797409667634127,-0.05760387381345669,-0.009416450937821837,0.2069992173994032,0.19131058465204528,0.18125797256816728,0.11445506905465,0.2334378159515622,0.21439089406901038,0.04379115559812521,0.10573116577028152,0.11874272471356351,0.22727913889600532,0.2965098641576139,0.2719668303179654,0.29127571775970607,0.25021851727083066,0.12120422533682775,0.2741479111737856,0.26494610834130233,0.347462184270127,0.25168597638510287,0.1551454156057471,0.2883889561048069,0.16864674367982915,0.20423831253938513,0.07060754533934285,0.19604606704401148,0.028393931537574774,0.03659446058177385,0.07934515693410804,-0.05306192384698261,0.19108676070080285,0.19308691559621086,0.10660838440507468,-0.043136372593017,-0.04672220721111026,-0.007343253209017556,-0.014015351445150842,-0.04849959378562983,-0.03543040723821289,-0.034404566867349676,-0.019245804604715987,0.030271633622981704,0.04620617919519049,0.04880619918379582,0.04365283302223311,0.018511384047265468,0.009654672506699869,0.08158154025072988,0.04287711437654884,-0.02899189348325078,0.057254397789548495,0.0704204338996258,0.028878965541999382,0.020707422839810603,-0.01277322712174465,0.06750156258792048,0.0686747114599491,0.0463076813338274,-0.025153931617256552,0.014089727438637225,0.08594870095170294,0.019719362516381223,0.01202370027082751,0.046983206618074494,0.010979941622987384,-0.051477461697182335,0.06481000041089324,0.10253783649492003,0.014330835601763812,0.0618770796483497,0.015311712927289589,0.026660142561595126,0.017010365584816483,0.08717403433511878,0.016353589918448746,0.040426839919639926,-0.03903419235695206,-0.01612054014535464,-0.006724642083855959,-0.009720147840599009,-0.008018239153261195
7Networks_LH_SomMot_21,0.2857084255584025,0.3265496338624791,0.4534346493709475,0.4073914891850177,0.28217130929454703,0.2504622276428573,0.31385223768490433,0.6078882623365086,0.2834339207981818,0.38964541440842043,0.3813605104968384,0.3534966539982236,0.4923279029853689,1.0,0.4478966118071007,0.3621815314098678,0.2681719202351986,0.46442202073856587,0.3320041513440483,0.35144365418595547,0.27434931987839994,0.5484276177447202,0.4007375579152894,0.3418043292522645,0.35916689858008294,0.43145655798988636,0.23504578777135407,0.45655774853828085,0.29599829990603616,0.22741265757585558,0.1888181050795342,0.3249811464238284,0.3498877370344688,0.23733915961785007,0.4323922406572817,0.34612299345503705,0.14076285096902472,0.36964787934616095,0.32315853483144136,0.31254882295128483,0.35045191146942584,0.3215958839803133,0.37257039177212914,0.31482289243508416,0.06277408997151392,0.3946195097713257,0.23784257995219477,0.4172152117107932,0.18230559946313254,0.3683529091455531,0.244861890036437,0.31421553557519033,0.20248908858446465,0.27491092251553484,0.3187698020847943,0.06430819849632531,0.12086868697919383,0.33190844803425074,0.33496847504058913,0.4117611137152266,0.31843482657304073,0.17235227638388864,-0.11972103028467367,-0.13889311530646045,-0.09503108334734224,-0.09241044818869101,-0.09993585124634885,-0.06208934550478319,-0.07101515641737804,-0.06434460674113861,-0.08648745340344138,-0.1265106232162366,-0.10125675025929266,-0.11843806990605857,-0.13555795966575399,-0.08886589769902538,-0.03254837063563951,-0.07439196894372062,-0.11469192955875414,-0.04034921030309372,-0.05185901401341824,-0.0357256594174989,0.0002875327238514727,-0.009020149101564212,-0.045819927495246354,0.0032493439174212406,-0.04808635735576126,-0.1414999790507603,-0.07331515748763713,-0.07491531311178178,-0.13724448173239914,-0.16394245465731067,-0.1180679294728822,-0.1113952428670034,0.04660144636327123,0.12217265626608859,0.19409220870185984,-0.08632045062087958,-0.022111787649649536,-0.05461625119001007,-0.01019899882730185,0.03128354644708348,0.1200141748739671,0.0730677729754441,0.12006604623241755,-0.028846947735531796,-0.04776245356471541,-0.06131143582732329,0.0008369572726469795,-0.01712000496766716
7Networks_LH_SomMot_22,0.24558376253384703,0.22137933260372952,0.30035646459018817,0.1983031973005271,0.19938446271732418,0.20328790737300156,0.24566862008080328,0.3734545769477633,0.20891555251189128,0.3512552304639407,0.31504793497355743,0.38307661868566273,0.41689480881910385,0.4478966118071007,1.0,0.32205518715673653,0.2816598487927199,0.37054341353233783,0.5954308840577592,0.31992811965223245,0.4626671753318628,0.4469778748169365,0.3489864484872857,0.30813976388411435,0.17913532741025823,0.36799218358442387,0.2077054339634456,0.37354329660443863,0.1613088242712868,0.24056174938836583,0.17524950084887697,0.21628175037293773,0.2367941849551516,0.1965261365958382,0.27578527719866663,0.3300644151182066,0.0812079348895011,0.2847711218961368,0.2505520835090443,0.19105225163988027,0.17487168447893267,0.29743441329059533,0.34499152816069656,0.307011415508205,0.3190542399340647,0.30767803057326387,0.3296929936622374,0.4311716977735401,0.2520099833148347,0.2720453630895072,0.3219559042241755,0.24426119007434224,0.24740886070199591,0.2135516755077015,0.33140375789948917,0.17725571220205694,0.21319754421148548,0.1882920099688432,0.21778715860474976,0.3826642769025211,0.27045870253212206,0.19751838394875737,-0.02826553315349454,-0.08628897215268487,-0.004506971772651089,-0.11773413071040544,-0.12676761299565384,-0.0848101910647594,-0.056588289009311094,-0.0291318512215611,-0.07263203080383804,-0.08862136654499868,-0.08366692160354654,-0.11668637587989326,-0.09692501047294308,-0.07481678078652583,-0.07528236206645902,-0.07730333165844634,-0.09262267397546542,-0.07605016142055013,-0.060027104951558975,-0.08431337811376421,-0.08136882853198951,-0.0850042751369379,-0.08911193596843016,-0.03751530944637618,-0.17140201867592028,-0.19837779038800324,-0.13351332570182703,-0.06261449939777666,-0.12973258975708993,-0.08121478160009202,-0.1196428535890224,-0.08950116489161501,-0.10407451099767634,-0.052911688256724675,0.006859030946770151,0.0072987455243688285,-0.0058510835701203485,0.05516495203471308,0.018675616984635712,0.041074526607155305,-0.004659769261120094,-0.03863990431369185,-0.034152925482624226,0.05208176953915297,-0.024352280434623272,-0.06576767167493495,0.019219090793626763,-0.09057794401013348
7Networks_LH_SomMot_23,0.23309551203846138,0.37913152519404136,0.37327077579708867,0.247751020495888,0.1727266501928283,0.08540652040605376,0.19673937627703897,0.3763403275794009,0.2448328965301177,0.2619732628329096,0.4767137498296083,0.24413512699451265,0.1601219768956385,0.3621815314098678,0.32205518715673653,1.0,0.5525148416915986,0.4948690073848861,0.22713327859947216,0.3652742232894743,0.31039863167798115,0.5078437023657332,0.4105536444259752,0.2776647657731179,0.4414369238980655,0.5467984806611684,0.26781676689220985,0.4086955135284458,0.3612234531094442,0.251243166190869,0.14600011927946027,0.26041267953912256,0.24038825590611404,0.2239158893265979,0.31056787377653705,0.3638839428006533,0.07648034189400167,0.26464842170095104,0.27762565882231804,0.21483721771038058,0.24140759420514823,0.36477361752272663,0.31112419048145046,0.32937069903077737,0.15379049419008645,0.45982888113975645,0.25853413394545854,0.3892839202575196,0.24188086669989045,0.43726442964200163,0.26543640147092085,0.5108268985644167,0.09233216105543181,0.43618340898991637,0.33185480087106745,0.17306968711275733,0.29101224815849264,0.36253263667854563,0.3703960291577961,0.5073519888249012,0.41544066885184633,0.3258283023909179,-0.00381866695147345,-0.008168543505852256,0.058341837611891614,-0.05109887862418113,-0.008142942534263313,0.03398786618227081,0.0014299771623927898,0.043452813419091886,-0.05639010445090589,-0.10707297847188761,-0.07676957156776483,-0.11545193435201513,-0.1330708961634217,-0.11772131822687508,-0.06310518406285957,-0.10371819669884,0.02829701898301387,0.12232055742089655,0.05546383098027997,0.01904803501030733,0.09227997419825998,0.04159627073911272,0.03688819906786661,0.1145094128637037,-0.10691633738276618,-0.08361312753676348,-0.09076369147293034,-0.08008282019656585,-0.058173715273590484,-0.06951435132886527,-0.10033739560905121,-0.08305230478815134,-0.00043413918539617763,0.04809902611642676,0.05052224318011673,0.06627107108439768,0.0802521404787767,0.07715235373992187,0.10619028641550544,0.06600958167610613,0.004945947543382332,0.06541283110257058,0.06366744412999999,0.005996779287453572,0.030178033394277954,0.0052424572198306275,0.01828625243663492,0.029453982602204488
7Networks_LH_SomMot_24,0.32750775765720447,0.3548483099397102,0.39201026710166703,0.3344888060778555,0.3001855292440129,0.19988491668551828,0.39933658297996494,0.34337327014647884,0.3745698540525131,0.3484853311199135,0.5521688673529639,0.33515643209840434,0.10435559201958339,0.2681719202351986,0.2816598487927199,0.5525148416915986,1.0,0.5564965969545146,0.26234982157983827,0.23380287676298542,0.2835252813183744,0.4178395168994939,0.34081098629014617,0.41536086392831184,0.27395112831093954,0.5236842736189204,0.3488602321065819,0.38601527574058714,0.14691163897793377,0.43424148101316673,0.20430559870138748,0.31144172260034325,0.33828754102257175,0.20725011186476242,0.3707690573819918,0.45163944625348246,0.07203218958475366,0.35147764259191655,0.2800553610132896,0.2972611218024871,0.21694275227067683,0.43113179995641393,0.40765771262898837,0.4502883930142753,0.13652452958720143,0.5360818295829699,0.2892733394288668,0.44437116240578506,0.24106050566148485,0.27125558212034767,0.2833681679691959,0.5852718332967203,0.21344167167698463,0.40183698678913043,0.4856086860762773,0.2629784354906211,0.24580809224838562,0.18383764090063484,0.14352166545269304,0.5800591620858107,0.4498213730695498,0.32744218435503325,-0.0007879216535707557,-0.03893339820375063,0.014644664781867489,-0.06336858303103175,-0.048380346327767956,-0.01136901201483006,-0.007788368236506108,0.00041826640541548686,-0.062491485349210854,-0.17266061736941504,-0.1444135630330616,-0.07390215857182732,-0.13571722471330283,-0.11435158148089017,-0.07139218783112987,-0.15724817507406263,-0.038344617174782776,0.03039631571520201,0.01937125995518381,0.0012635588483881975,0.06503466450494218,0.059893339674437565,0.007244519858336352,0.08296307948022993,-0.11225141810791064,-0.09971566934565489,-0.055933736887005266,-0.048172064244751726,-0.09016182644459528,-0.09261305526894102,-0.10926376869096005,-0.08529066867280768,-0.06293482250977363,0.04963302811488872,0.0749932009825709,-0.07497518185802972,0.04077087653387952,0.0613732434707443,0.0193654493240445,0.049173979387772807,-0.01347545372111738,-0.0757473745158405,-0.06923313533492038,-0.0588044973524753,-0.09992033821961134,-0.09836855661204433,-0.02272452926174637,-0.11849031063384131
7Networks_LH_SomMot_25,0.38815162430460404,0.48135221576321674,0.5121808876367947,0.4136389760293259,0.4217733032035897,0.2594935631625206,0.4161850190451101,0.4765334418135382,0.469742913369705,0.3894623367414871,0.5445077772173545,0.5176747920097938,0.23625479757041137,0.46442202073856587,0.37054341353233783,0.4948690073848861,0.5564965969545146,1.0,0.3420516963360906,0.35369808102560485,0.2659273284268394,0.5761177613378241,0.5645286827589049,0.4980269998536655,0.36153889100747105,0.6095067981665618,0.3793919538530034,0.4636805286172545,0.23985825956324186,0.33473893446109376,0.22862331478533224,0.4035896420509905,0.4045465193806581,0.29834115716094084,0.4633039257086454,0.5293482492887762,0.09425698834222469,0.45680319946361647,0.35793041700075295,0.39198420776185955,0.3532229399522977,0.47241693128713763,0.47367427899975084,0.547768207495205,0.15360173766147087,0.5744268687366044,0.20763802854046606,0.49561220293835573,0.2844763478334011,0.41484732570329275,0.24374927662294477,0.5513817081388739,0.24329490296534803,0.39337542843924606,0.5319135490709049,0.2555271702116746,0.31510141331625247,0.41055602877813613,0.2938419574492557,0.6942049687869999,0.451759655456717,0.3430005921298555,-0.06794972337642935,-0.09548492255940022,-0.03796627540036569,-0.06714885274454614,-0.08244438859100561,-0.04180454138645924,-0.03169145259893491,-0.026453733422628745,-0.04340301844528333,-0.16046767185060581,-0.11442800118633503,-0.13841249415104878,-0.16383326361667236,-0.11376169941151444,-0.05246202175795068,-0.11248520033154126,-0.1123242158225172,-0.03590483351948801,-0.06396357417612905,-0.08629589042198345,-0.041065922499687976,-0.04437535892896477,-0.09583100019029858,-0.023932248374589467,-0.13473479425760845,-0.13334110967454557,-0.07039623659337896,-0.07460896489742375,-0.10219179857181541,-0.058448243774045415,-0.08947327787673223,-0.06517354334353631,0.010795808154467266,0.09368438207215196,0.12265146605643999,-0.12125659499354013,0.028143214452295354,0.003933771483104302,0.026900803177931584,0.06459129088837004,0.023386132438901728,-0.0028765739705106947,0.0041230291233645125,-0.05788119579598035,-0.07881477101797062,-0.10191066614528854,-0.020634764008103105,-0.06317520306221781
7Networks_LH_SomMot_26,0.229832080999827,0.22729442646951967,0.2948054331573896,0.14126125660642386,0.24693088201392263,0.21201242868426304,0.2132384041319073,0.33651999138372235,0.21956048053350474,0.3392129295569711,0.24696462082074688,0.32644707161422776,0.31548149199946124,0.3320041513440483,0.5954308840577592,0.22713327859947216,0.26234982157983827,0.3420516963360906,1.0,0.3285906330244361,0.6196654678607204,0.5318664278562939,0.44194569688851065,0.4004600406074243,0.23007450659030967,0.3445201553674772,0.325734988514189,0.375693852611915,0.2696934555833163,0.21855979960678334,0.15805681014471076,0.23941620478651723,0.20155403383515785,0.2200987875388553,0.3013570706346427,0.2974615440791387,0.04593848522632395,0.24998248526774364,0.2524384762015179,0.20751623346720346,0.16718952450773616,0.3279960452677478,0.3587063387772759,0.3351762590209399,0.5774061304779081,0.3114116708077577,0.3888259750187743,0.5184840144233769,0.282033792739678,0.3514397214519403,0.30770664757532334,0.20870506103568415,0.3031659331189213,0.21407793527564214,0.4036925966000427,0.20527021227950681,0.23661000813018068,0.18623224002504765,0.17587705675294993,0.35273549619059086,0.3295096304746394,0.21193908415964138,0.05423063348139834,0.020442347591207225,0.08395516774753536,-0.009168861517091722,-0.006341056909715127,0.036672356101856776,0.07354762090605504,0.08814198368311235,-0.003462601628117843,-0.00234639679323022,-0.02627981565442907,0.00024408555548725331,0.028820866783957615,0.032345733378738105,-0.008162207131462026,0.00655619822504402,-0.06896068692387719,-0.04699088448387336,-0.014784762739486236,0.012035106661929251,-0.005394339785723883,-0.001571446382393767,-0.053697278513022,-0.0051773272815778286,-0.10148208344538491,-0.11494442203289972,-0.09894560628107411,-0.00684045965869953,-0.07171424604433935,-0.06501907862899345,-0.1181285302970575,-0.0724177118904874,-0.06405364373930263,-0.03939878872661788,0.023516139313547905,-0.0077528358470225255,-0.014236582457183107,0.015960285315686787,0.06555972613570749,0.07931018311907724,-0.03846754452417633,-0.07623397764780647,-0.07079161505541914,2.8770769439870418e-05,-0.06321366102991431,-0.07936558617430893,-0.09381016103902577,-0.14475172611753398
7Networks_LH_SomMot_27,0.08658470603958353,0.14874530335825822,0.23843685086550073,0.10414020229394697,0.0027071035423527766,0.028022511587199424,0.09122706529919994,0.37393225783508843,0.05816884110960528,0.16057608910209106,0.2632132421298479,0.04336237336550792,-0.014596792369503052,0.35144365418595547,0.31992811965223245,0.3652742232894743,0.23380287676298542,0.35369808102560485,0.3285906330244361,1.0,0.2690631769023627,0.5900010793061371,0.3118205068258602,0.21645068024069927,0.5664748305840315,0.5154576404613781,0.1817936077936271,0.402374241803298,0.4314009164683871,0.2349398280319222,0.005045253987850152,0.09439157925344605,0.1199438340177377,0.21736857738440682,0.2548243836801484,0.22210183332569097,0.14418307261297295,0.25390551274738604,0.2416721268463418,0.08745552474036797,0.1598485124884128,0.24509886224589136,0.17216769051083106,0.22871523700845636,0.17642760143094569,0.23377297462263827,0.037706483906543915,0.22450564280140012,0.20410713904957703,0.3431416180134028,0.12560103780694903,0.19340430374487566,0.11771321680934319,0.3112180954254372,0.17074914321850523,0.04862937367302752,0.24687783990899184,0.3816142055319586,0.5376938961096261,0.4509859004194518,0.23979169973520215,0.17137186624094625,-0.029267762266812093,-0.07418056070640104,-0.03627952626170739,-0.05624162484221215,-0.0525792453580662,-0.016696379100790255,-0.005181526154569777,-0.03518888746342269,-0.07632735710557631,-0.09981914632205922,-0.09130871648031591,-0.05931284028392893,-0.05906137383589348,-0.024598397993320833,-0.05217086735167494,-0.053159045735468875,-0.10005223751069434,-0.08032097068058959,-0.0943702104499374,0.04298285743377677,0.0413293275862193,0.05576583080758412,-0.04389486527136903,0.03229523713713243,-0.12357229299564111,-0.0670105340563664,-0.113121767991697,-0.060440952196461756,-0.012745771140097813,-0.029702816500015914,-0.06819429350367132,-0.014765522147546383,0.009187973494656282,-0.06469019193700569,-0.015288550138359386,-0.07474190059287904,-0.0811114328561354,-0.023021783614891236,0.02387656612211303,0.009030634938514777,-0.061439117803504376,0.008050216092603273,-0.01598890128296004,-0.01854807771300412,0.004350598534120098,0.016415573177545887,-0.04517453591212894,0.021606519271867887
7Networks_LH_SomMot_28,0.2518373634422871,0.27149955176363444,0.32437133097783094,0.081909090462445,0.1462566479331373,0.13041608195954535,0.2246304999948513,0.26669847258276014,0.24449687745011012,0.3079416244946539,0.3236207514997714,0.30297661597359965,0.17405035936452865,0.27434931987839994,0.4626671753318628,0.31039863167798115,0.2835252813183744,0.2659273284268394,0.6196654678607204,0.2690631769023627,1.0,0.4584874018566251,0.414638307748353,0.37591465659187673,0.35041252652594007,0.36844523087177133,0.3158973690740373,0.4852883415436015,0.4502119231042182,0.3235441058396799,0.11934538533489988,0.19148276351728208,0.1574167670785252,0.295648769569288,0.2460673404686286,0.29913179681620805,0.1447388459518396,0.2850805999242325,0.24861406913195205,0.1875512132616611,0.101047755448057,0.34912389921038195,0.3065183082866411,0.3282989358063982,0.3199196338763532,0.28022468780103865,0.3689007787458354,0.42089857950130755,0.2483692178548829,0.4685393193901311,0.16034948151604136,0.2455161378806829,0.18296297339390544,0.2841023206925057,0.3995566131715381,0.2742412917387493,0.193615182026276,0.24498735246184367,0.28095848256764805,0.3703320314163682,0.362751038672489,0.2623435135432025,0.08969174949611905,0.05140931203499516,0.10952384238041973,-0.04227436934115364,-0.01553513619073738,0.008730774169378053,0.08434632307516984,0.11312470799235289,0.0077224738075946184,0.004327421927492305,0.025154075332539348,0.008328162319651845,0.02110691065692639,0.03931194838872381,0.05385951908190248,0.05002014813642758,0.06689694678748764,0.07505275563549871,0.11875017025956067,0.025269487133495222,0.06811923845147526,0.05663889370838483,0.03907223408399624,0.13173620242856954,-0.13902187284338777,-0.13298424787154398,-0.19498483951574339,-0.050380022193793665,-0.0809795164200859,-0.10941671178475319,-0.1891480096428803,-0.1678110027176158,-0.011239812345247574,-0.08035549484620386,-0.0455941823321046,0.005979488459620389,-0.04832924183085288,0.006020013399991328,0.06886486590591323,0.027871380082455384,-0.07768352934607488,-0.09271154968806873,-0.07205642571498634,-0.0028537771492317576,-0.05576718857816663,-0.0332227527929489,-0.06561890752247847,-0.10874797503287614
7Networks_LH_SomMot_29,0.32474652548154426,0.433829732954043,0.5067495188323766,0.36993158842885365,0.338705883971165,0.21376009727866974,0.3071097434019786,0.6172877980096751,0.3465480195474951,0.3826876811466814,0.5292977570678312,0.37348447856508715,0.16223842890113113,0.5484276177447202,0.4469778748169365,0.5078437023657332,0.4178395168994939,0.5761177613378241,0.5318664278562939,0.5900010793061371,0.4584874018566251,1.0,0.5725834320437626,0.5143328821652248,0.5115354473147539,0.6140700884776206,0.40981887564149116,0.6589649108831005,0.4645687397934689,0.38074729662135665,0.1692906983626113,0.34874834033020613,0.38999875867332684,0.32801930005495195,0.4903052824055358,0.44769586652906207,0.12738660612441674,0.4166520107573551,0.375071274906579,0.31021660916755683,0.3230906272913431,0.4661332363220599,0.43476303352713513,0.4714387524970209,0.28060291200347376,0.47214569795274003,0.27275358484463286,0.5394521962497583,0.29641171221464674,0.5348261430705311,0.24944327287066728,0.39837190154693064,0.2437526981543095,0.38628312672977483,0.4338345841021274,0.19589911250372954,0.3814020448173705,0.47614391778998005,0.4640473453041117,0.5986678662743137,0.4675341690886041,0.3115225706857733,-0.011606007450947297,-0.04625667892784462,0.008406967742779176,-0.06298584262531365,-0.03620140968219009,0.0022481574779105212,0.028033807310668173,0.02328295783277055,-0.04295730518394772,-0.1278490226394112,-0.10410510617541684,-0.11151729413280309,-0.12383646514443429,-0.07754335530971702,-0.03771958573776311,-0.07773558280155574,-0.14408192369410341,-0.05609537853013439,-0.09624107386691125,-0.04675874388504918,-0.00047789194795493035,0.0009512441311466033,-0.12236488941439877,-0.02920587893910808,-0.12120201743011863,-0.12077237238419732,-0.0861015426523384,-0.15010353637239618,-0.13308602824987048,-0.12928779861138653,-0.1536035609410868,-0.1033345060090835,-0.01671247105783033,-0.004583712684596389,0.08196682626429086,-0.11886116675342004,-0.09393405522012285,-0.018507651382663314,0.012997149421176713,0.07722431809060556,-0.017615818269422566,0.0027948615496934397,0.003284878150997353,-0.02608617114228134,-0.023840503617993728,-0.03486163576637586,-0.07918075784881791,-0.040460026623813206
7Networks_LH_SomMot_30,0.329124939718631,0.4731246958002361,0.49805475737955285,0.3090003029343232,0.368898752448112,0.15348132328856628,0.2240178479569863,0.39827728341335816,0.46151822794601943,0.2735644561804684,0.48580220023795506,0.4710207640701973,0.20585163317717298,0.4007375579152894,0.3489864484872857,0.4105536444259752,0.34081098629014617,0.5645286827589049,0.44194569688851065,0.3118205068258602,0.414638307748353,0.5725834320437626,1.0,0.5511165962497365,0.26426008203881646,0.35943318291063864,0.5131915707131953,0.5490197078116179,0.425290753177652,0.3727166186694244,0.15115313370405992,0.32268292040646396,0.3362198207197133,0.3362390907357733,0.348407635178218,0.3483978628880793,0.127011913745121,0.322818806505801,0.29861278353721005,0.33375875684379624,0.2509796570750403,0.4424721844977189,0.2927266420678259,0.4114850358498825,0.19730284783027596,0.4927886941991864,0.2703465863606451,0.4577681901167477,0.349350064012271,0.512515092103587,0.25082669724188666,0.3673218182092024,0.3647388756232841,0.3260385214854259,0.4522808422513711,0.32074536193589936,0.3859390798381883,0.4770590879726121,0.2213228326952762,0.48599672490615203,0.3427048181410767,0.28061569085140076,0.0041774837279537425,-0.06898672229740291,-0.016301162366524704,-0.06939073640130693,-0.05678126883890212,-0.018781077854558386,-0.013984575986125762,0.0005649942236150272,-0.010549300433674089,-0.060948723893001815,-0.045973181996277916,-0.05623009567790108,-0.06328655317412402,-0.04060216763912432,-0.008467984831100452,-0.023505228598681354,-0.0621205113731111,0.009506646875918285,-0.022516676029922963,-0.05327333228180301,-0.011198176706017235,-0.03442320323803672,-0.04651708001228447,-0.004767273304191155,-0.117746856880124,-0.11398590412438635,-0.10358625201780196,-0.16183310334778184,-0.11389196563902923,-0.1167298401451572,-0.1941117142760571,-0.1565297788403144,0.03917408403844688,0.02912818981417272,0.05868139325223478,-0.0412127465156128,0.01771465572856486,0.039367411427821124,0.09989106504344779,0.06188752293093725,-0.01574427757940252,-0.03139862988167785,0.016724067463857517,-0.06300238236327944,-0.0530018686030518,-0.03848968374720842,-0.06098629175901581,-0.0457620201858269
7Networks_LH_SomMot_31,0.4067530595309716,0.3541345873371377,0.44397004155405395,0.4686898119779329,0.4536233103882089,0.436898358103844,0.4725403646899575,0.4961223762006873,0.3819346266148301,0.47057222880095756,0.43231081617628603,0.3423774503414761,0.13781465561921138,0.3418043292522645,0.30813976388411435,0.2776647657731179,0.41536086392831184,0.4980269998536655,0.4004600406074243,0.21645068024069927,0.37591465659187673,0.5143328821652248,0.5511165962497365,1.0,0.2575927769340685,0.39305907715556593,0.5419989828563665,0.602277974349839,0.35457757150928626,0.5051690766270253,0.2697159726876743,0.39417856301063764,0.35807442299429076,0.18971664673730376,0.44926925344777263,0.4543284965473232,0.021193735783199046,0.4310230351522546,0.3952842430317144,0.3466887746935553,0.24247348097305665,0.3331993165091229,0.409864344106648,0.40956270547108153,0.18909515369209098,0.38741772643033995,0.23555867826303067,0.49208354615237193,0.24248875980293777,0.38821905013681146,0.2991637764349367,0.38442230078070544,0.3914210858338628,0.4009527267916959,0.5604263427551917,0.36311978423207736,0.3426680581245082,0.27205870524137143,0.19855816306845667,0.4893344372282775,0.39872596794557624,0.27534835155662674,-0.0011975360085324902,-0.05473823291605485,0.014516312775869903,-0.043581155303746705,-0.03253246412515957,0.02813323734799375,0.03406555869601345,0.034864091976185285,-0.027548547764848833,-0.1507123428060305,-0.10794888683490432,-0.13035777347340238,-0.15916157479183793,-0.09450024729617458,-0.03284365764064849,-0.06653213759016074,-0.10436291583554914,-0.021429479698581808,-0.0040469833140357025,-0.10216984303386815,-0.0636565058337538,-0.0755774964401743,-0.1380678234986354,-0.016770383670199597,-0.10470767353632596,-0.15029809847924586,-0.08304130515744282,-0.12269430825998805,-0.13674894564673015,-0.12249867695835552,-0.20882956588038054,-0.15025013584471542,0.011567859748298914,0.03772496378356407,0.0498043834088362,-0.04130176016046222,0.014058665091340487,0.04278599931432629,0.05729610321884282,0.0706043784531623,-0.018802070509092147,-0.08382824100203701,-0.1339693468514759,0.024462596303182167,-0.01582288781807379,-0.025589310148707717,-0.033865416945799635,-0.11141724930812019
7Networks_LH_SomMot_32,0.2121037805518409,0.18325967200409185,0.3345220845872245,0.22781232679077726,0.013075603593594573,0.05323436692410722,0.15785346043750376,0.36492747837410094,-0.010699695698512306,0.21937281420022492,0.2842661585056534,0.02667207699563755,-0.06161147510694721,0.35916689858008294,0.17913532741025823,0.4414369238980655,0.27395112831093954,0.36153889100747105,0.23007450659030967,0.5664748305840315,0.35041252652594007,0.5115354473147539,0.26426008203881646,0.2575927769340685,1.0,0.7297486055806911,0.17853564134865274,0.5039523218509648,0.5464243535865873,0.35742534587896774,-0.0500221005193377,0.17857385309259022,0.15158593092421238,0.23858607384280137,0.2817701185712927,0.3065367035778615,0.12141134837096126,0.3057830462505512,0.27016471912461765,0.09778688924590734,0.07830071337067944,0.2422569367682529,0.20054736481567306,0.1989496591458106,0.019225911246588727,0.16234231569009425,0.09868891647392296,0.29438071918131214,0.12937280589538325,0.3791437247632303,0.04290032599985143,0.2537587362713569,-0.007881190826650106,0.4296299909824113,0.2712345930372362,0.09524424433736153,0.19915394822051014,0.3379746438828928,0.6500709295034877,0.4987238481203385,0.38964845591973396,0.19109894027986485,-0.08792686845959945,-0.1021069592092056,-0.07240866323265878,-0.08363859370799824,-0.0807311336708138,-0.051628854757471185,-0.031722315031880985,-0.051706121040089,-0.08023734611527769,-0.10432945106277632,-0.07816536714679145,-0.12627926666736963,-0.10041596232998543,-0.04864300061687754,-0.06870649072025155,-0.044184985349372416,-0.08767698111379238,-0.08550124580179523,-0.11121046770337807,0.03565116070806119,0.057582604650437054,0.077165921149337,-0.065014343877154,0.0011547456640080308,-0.17963605072773114,-0.08741797359510281,-0.17836213045804586,-0.016372772578228514,0.021418845609559072,-0.003283203935790539,-0.1357162055262817,-0.0675654365591698,0.01602373143631178,-0.059240482530197626,0.019600164157848095,-0.046421457322983334,-0.1373224347964563,-0.07009428692372102,0.0347019387770234,0.02996044965761764,-0.06099102355067797,-0.004043911625671876,-0.006083995512601423,-0.01607532065343344,-0.027081245310162264,-0.01166772701205474,-0.028193125754907115,-0.018613210396576225
7Networks_LH_SomMot_33,0.34263366652781174,0.3382583414218525,0.43067573181327967,0.359631226207657,0.21521077206601075,0.17681164884431402,0.31374111203895894,0.45728824045919164,0.1976858747411797,0.34181365334167074,0.43917889589147874,0.23579027604233777,0.07580063154034654,0.43145655798988636,0.36799218358442387,0.5467984806611684,0.5236842736189204,0.6095067981665618,0.3445201553674772,0.5154576404613781,0.36844523087177133,0.6140700884776206,0.35943318291063864,0.39305907715556593,0.7297486055806911,1.0,0.30175827587243415,0.5886537316186266,0.4063875287595797,0.5018787928633927,0.05186681063472752,0.2244026527548495,0.30178680295582655,0.2404393558024,0.4128965341047154,0.48027802698720967,0.16421600649759566,0.42726007012890077,0.35956398994288513,0.23908064596854234,0.26281460634707887,0.3603154779090111,0.4021950183230831,0.38474898803134505,0.13622579871804968,0.37982128861428166,0.22633012646296358,0.4963004469813938,0.28926781086185155,0.48123512882110314,0.24324963906134378,0.43507857718256543,0.17060135958295747,0.5417828659437712,0.46738814405019996,0.2333548007383258,0.34884404307428346,0.42193603719751915,0.6339392017567956,0.7336141923006169,0.5807438217073629,0.4333288482956396,-0.12879136485645537,-0.14460249060852512,-0.09702302266098638,-0.10154881105009948,-0.10902260009156618,-0.06694011097389296,-0.0705953725550632,-0.05683647468434878,-0.11768152713958978,-0.1656119321395948,-0.12756833080908334,-0.15400752822390837,-0.1494072884847799,-0.1017124436954296,-0.1178724227302931,-0.11383427282059772,-0.08794459234447442,-0.054664286548641,-0.07840011760170647,-0.04133474589964191,0.011029250366039946,0.022680230075223223,-0.09152448038976299,0.003950697012907353,-0.15397709078258812,-0.08917373308728661,-0.11632585290221695,-0.0608823358760601,-0.022718836657257182,-0.012251646425871414,-0.09631952550343752,-0.03390343306721864,0.008640639665683627,0.0012673225294669605,0.06306297445526574,-0.10957551489915363,-0.09246851543792817,-0.0422849018960267,0.007025339637933063,0.03927884571573858,0.008083924773134197,0.026427432136471335,0.023445012131461617,-0.019330790338698275,-0.04271344318284723,-0.0743845451968095,0.026510971862923866,-0.036502652371097476
7Networks_LH_SomMot_34,0.3125345964286594,0.3555155840932854,0.2878885032637492,0.31631527118236435,0.3384248544116478,0.28179443880107685,0.2886581165745504,0.3187962367286202,0.3634927532730743,0.3321025900849431,0.3811082574398115,0.3629255983235204,0.11943262010963673,0.23504578777135407,0.2077054339634456,0.26781676689220985,0.3488602321065819,0.3793919538530034,0.325734988514189,0.1817936077936271,0.3158973690740373,0.40981887564149116,0.5131915707131953,0.5419989828563665,0.17853564134865274,0.30175827587243415,1.0,0.5219095339280275,0.4034402822405595,0.5580491935733471,0.21689562444699434,0.3035559087116744,0.28008633373443753,0.24892590323723454,0.32456647882939976,0.3899816659548749,0.04757996535043408,0.3090151222342586,0.2652186995005195,0.33740769341348603,0.16385390551752185,0.32471965513525397,0.33609714924621287,0.3741579132780954,0.18285087587073307,0.37015439171493036,0.2693498917540586,0.3834013892190443,0.28943911559372687,0.39261280742665117,0.17912780568877967,0.3565336357209591,0.5457943255298849,0.5467753357560292,0.5950274858593605,0.5549397704686067,0.4531507131313599,0.47904366717447344,0.1627171645567,0.5097103403151165,0.5113524928198706,0.39237464827816926,0.026792552236913143,0.02279135984754045,0.07351646995558694,0.014085128593286474,0.0393788247957215,0.07634217048827513,0.058603579513289206,0.07382520232425772,-0.0015179373134053353,-0.021690434753267058,-0.045780808733708815,0.010763132368603786,-0.0107296131592166,-0.017354330060156554,0.021654793021853077,-0.03597301592848464,-0.058296541157202335,0.014281580717647038,-0.03902398159965399,-0.0902583520576496,-0.0748394159301111,-0.11723249278374857,-0.12679775731096612,-0.06688134776501872,0.018323046601755162,0.03576894928968042,0.04205931229838381,-0.055369642916887556,-0.03233890306966617,-0.06023265872781093,-0.07478165334985876,-0.009333951752781556,0.013493561643010889,0.040567583220122445,0.05583446001951723,-0.027981326312784292,0.035823516293009276,0.04540608640940814,0.09686598182564478,0.051644530486575906,-0.09619319614269475,-0.11129154836988753,-0.0949396399083635,-0.08333811181385781,-0.09356726566816202,-0.06452530574346171,-0.0950810779386043,-0.12822912916465032
7Networks_LH_SomMot_35,0.41484561813607523,0.4149115173053128,0.4740844919920135,0.3987753353641838,0.36787923771924885,0.24464475238069222,0.3905895375096849,0.5239858969790354,0.40742771795900157,0.43281055782023053,0.5055528440436987,0.4206099591307981,0.12797409667634127,0.45655774853828085,0.37354329660443863,0.4086955135284458,0.38601527574058714,0.4636805286172545,0.375693852611915,0.402374241803298,0.4852883415436015,0.6589649108831005,0.5490197078116179,0.602277974349839,0.5039523218509648,0.5886537316186266,0.5219095339280275,1.0,0.5566189731832609,0.6014161215883967,0.2056320634000477,0.34886442509563254,0.3764412020177995,0.28984714246081944,0.4456786606727272,0.4670902825642704,0.06574819093219424,0.4493935805635933,0.3923562846939996,0.3338918182072078,0.30164735410184196,0.3918735221867532,0.41480596172424417,0.4945656507847169,0.1341450971270309,0.40779116654858194,0.3665494678116691,0.5537920128260514,0.3973787446151865,0.6010510258795576,0.28635245105935786,0.3370148414498472,0.3169224080492457,0.5026304094478954,0.559609206243606,0.37016508561783196,0.4922315279778107,0.43078571523842857,0.4740673851322955,0.5902759614765338,0.49200481224625636,0.39255070370214484,0.018126192537947252,-0.02746311565537381,0.03254855192863429,-0.02730261739521713,-0.01486894531916263,0.02774442818961594,0.06931587268473756,0.0653166230851788,-0.04713945078045978,-0.08200396915097598,-0.045905804277052986,-0.06169428436227808,-0.06354035337784365,-0.0064463504259349,0.013433651517678303,0.0038575483502393685,-0.11469779529054537,-0.04887660373771747,-0.08064809829320226,-0.0878178430688504,-0.054558281390219135,-0.060889085758463114,-0.11364521436272526,-0.0740686738938836,-0.07551371934530143,-0.10248321257802807,-0.070378896979415,-0.16691805004301422,-0.13900838356033782,-0.1467575111860798,-0.15776656490182334,-0.11193391645648328,0.0459277104306777,-0.010340491499657574,0.058747719271095004,-0.08709251272819486,-0.10767737315175639,-0.041121251453868114,0.02972821717156077,0.04561398685571469,-0.1070677402712978,-0.06693845674947327,-0.05707896387095584,-0.018086448234413327,-0.045523061556861324,-0.05006105786654792,-0.07561273113861791,-0.10226497409320337
7Networks_LH_SomMot_36,0.170735162775288,0.3180326138931674,0.23721080769471473,0.19301836468682892,0.08015735828924497,0.13396751772538612,0.1417986221987999,0.2938369778756557,0.16483978628380733,0.21313841185803897,0.29031882326185227,0.08757186199053153,-0.05760387381345669,0.29599829990603616,0.1613088242712868,0.3612234531094442,0.14691163897793377,0.23985825956324186,0.2696934555833163,0.4314009164683871,0.4502119231042182,0.4645687397934689,0.425290753177652,0.35457757150928626,0.5464243535865873,0.4063875287595797,0.4034402822405595,0.5566189731832609,1.0,0.3530942135235611,-0.012408464450180692,0.07196925806434548,0.11394126553915411,0.14378327333414465,0.17248683977149265,0.1936953565343598,0.05392755949047104,0.29160941180286015,0.2724958986110792,0.21890191438755488,0.16167382491933432,0.19849477995522846,0.19878774475686575,0.18871917405267027,0.07977412699216807,0.16015163139526034,0.22751946951783292,0.2763167010313877,0.17673572762749826,0.5918250297824978,-0.00414047249896896,0.15448566594340496,0.17713743024539877,0.3800450504367199,0.2748321857063465,0.22572986034027473,0.2743881643633035,0.41134645623609756,0.46011318508124915,0.3736876179262348,0.27552144937732137,0.2677091211447925,0.036526317603237136,0.04252384430597825,0.09456137979829533,-0.007455753828939187,0.04418587044558599,0.08369572268113865,0.07902111264821175,0.10875045046554775,-0.05995945824272606,-0.0893597528658114,-0.07914066706544956,-0.016277983885718467,-0.029040645231338744,0.012443518759972355,0.0016807903447721615,-0.024111569108796676,-0.021255340704911984,0.03263513369802105,-0.0024631177536756158,0.027165174096660236,0.07313513836657358,0.04797228344103235,-0.04715144611608928,0.042004052458404405,-0.13117776404020273,-0.07495364310538573,-0.11870915844647242,-0.12079397947660699,-0.05411396853214269,-0.0865449926282405,-0.15659771831189565,-0.09221053604396066,0.05645258619239029,-0.04500131469758507,-0.004542144907823188,0.01780659682934257,-0.06760238807193168,-0.007377003103103627,0.0770778274355737,0.03523545565578241,-0.15333462186975255,-0.05166569019911108,-0.04508136922210769,0.009747559936323445,-0.009981022962777619,-0.019901154052209144,-0.08837890819935305,-0.0859826713636152
7Networks_LH_SomMot_37,0.3379104613277538,0.3066994863271301,0.32422900161166796,0.326859812003379,0.22982408574448748,0.17305036459890027,0.3280609761941605,0.30174460077948767,0.2888735241976853,0.27768818036528914,0.38219269808952216,0.2682192944103356,-0.009416450937821837,0.22741265757585558,0.24056174938836583,0.251243166190869,0.43424148101316673,0.33473893446109376,0.21855979960678334,0.2349398280319222,0.3235441058396799,0.38074729662135665,0.3727166186694244,0.5051690766270253,0.35742534587896774,0.5018787928633927,0.5580491935733471,0.6014161215883967,0.3530942135235611,1.0,0.16766855127920924,0.2636911067619493,0.33350881480658967,0.27991979608986695,0.36424675545880947,0.4476446752498587,0.1869450857942255,0.38545772621662694,0.2954369117063289,0.2972527806848388,0.09911428185627943,0.334301698948417,0.2917639804410184,0.32478473165148763,0.03724044042950018,0.3047269608295672,0.25617432621163794,0.36648715620538086,0.2906935569065536,0.3976148765188905,0.20702083571277632,0.3314963262732913,0.3881169903662812,0.587583058458926,0.6027252648861349,0.5832065161705869,0.4056441418335792,0.3879255688030599,0.32725643467007676,0.5358333054303287,0.46626313226900185,0.4391742127711562,-0.100020476687775,-0.16767954874972205,-0.09383647144957277,-0.18825900226270254,-0.1891459289846025,-0.1572557500076676,-0.09718670351462448,-0.10647513500412943,-0.08100840342353818,-0.1338445329174467,-0.1131163307525223,-0.13477798625027468,-0.12283753553337425,-0.06996691713968388,-0.06841409451767437,-0.07669810690439265,-0.09645214558393864,-0.05665778083434043,-0.07857988871776193,-0.12399324495106909,-0.08924503872148187,-0.10745622494567561,-0.17145325823530225,-0.09225479400414824,-0.14557185515579635,-0.08369423524768442,-0.1018171493503545,-0.09520270863978132,-0.0723111871926797,-0.10261274335234778,-0.18714846471615967,-0.10433713664132054,0.021751367592781467,-0.031177928497497058,0.020896645037821383,-0.09319446964645849,-0.09582174314996454,-0.02935739086474079,0.0006340869868441568,0.031161405572109366,-0.07460204903037988,-0.07295057782140314,-0.09399579766719383,-0.04451200645672616,-0.06460011967689085,-0.04477544233505148,-0.014959409841150498,-0.05954424307281633
7Networks_RH_SomMot_9,0.3734779759537184,0.19977724041634162,0.250778136825598,0.25996118174892674,0.32649595825453503,0.3110937956428752,0.38711531625999834,0.23141860321693217,0.2820502055383517,0.3094480119745916,0.1876711256341818,0.3345423203200444,0.2069992173994032,0.1888181050795342,0.17524950084887697,0.14600011927946027,0.20430559870138748,0.22862331478533224,0.15805681014471076,0.005045253987850152,0.11934538533489988,0.1692906983626113,0.15115313370405992,0.2697159726876743,-0.0500221005193377,0.05186681063472752,0.21689562444699434,0.2056320634000477,-0.012408464450180692,0.16766855127920924,1.0,0.5043377674558404,0.43398532225567726,0.1597897093204297,0.37049501535607154,0.35413595130372894,0.003927609036748407,0.28492255405441086,0.19988882121491292,0.22267809885796574,0.1139241530419736,0.17363381928216515,0.347666949434342,0.32802708438515205,0.1160479390409606,0.24795841834567386,0.2172080628199121,0.30551198495704834,0.17407258058982913,0.0805437221624429,0.19972678494858012,0.19198820643167588,0.12410802138875991,0.10991555945620445,0.32997224468044395,0.18088330834790614,0.14895298034137147,0.009613768263722835,-0.09902481203842324,0.13507252296373326,0.12948580791133027,0.02409084599595248,-0.07225124869226626,-0.051608277772062616,-0.022661757410541144,-0.04482315761125384,-0.054072311216080436,-0.03520215524551214,-0.04672331355259643,-0.033675455188835385,-0.008426198956189738,-0.03573119994154122,-0.003128972232640231,0.011696596425834755,-0.02915446802014365,-0.0019361001723042892,0.001611704057128106,-0.013105546267063428,-0.11123058713972137,-0.08316213945967417,-0.07652732569629654,-0.05644639248874034,-0.0792442095656525,-0.08011882993461394,-0.09432432317604054,-0.10594281772956068,0.0075595142648749725,-0.07292589241441182,-0.030346524062159593,-0.065068663420699,-0.12091503556506311,-0.1295930898867273,-0.10265198764891646,-0.12807601967988075,-0.12363227306718974,-0.032572886551275076,0.020518850135152956,-0.023921563608442793,-0.014705383685370194,-0.00420809305630464,-0.053782712205164285,-0.045063098009697225,-0.03882522123224291,-0.1542379216159717,-0.13247507605002196,-0.020814567186944657,-0.11293244014998421,-0.11135546583364389,-0.0662957383769097,-0.18058398142167761
7Networks_RH_SomMot_10,0.4251450734633222,0.3435245874977137,0.4656935037048092,0.3014051032111866,0.2770237910368293,0.2153662671282251,0.32692058717503203,0.3433058496387877,0.26612117019118153,0.26358315683313677,0.3024937044397914,0.3620448979248017,0.19131058465204528,0.3249811464238284,0.21628175037293773,0.26041267953912256,0.31144172260034325,0.4035896420509905,0.23941620478651723,0.09439157925344605,0.19148276351728208,0.34874834033020613,0.32268292040646396,0.39417856301063764,0.17857385309259022,0.2244026527548495,0.3035559087116744,0.34886442509563254,0.07196925806434548,0.2636911067619493,0.5043377674558404,1.0,0.5507426947447448,0.33606937334526793,0.5884379793160788,0.48377635152616716,-0.014252996700997922,0.2717917083159011,0.16551628616471897,0.14597320158157348,0.12268720918648696,0.2710908342180607,0.33420893665503115,0.37700778424644976,0.1373837629602907,0.4313962021508799,0.24313313830291663,0.41952408339012015,0.2382722650970476,0.16281780448894934,0.26692134935269496,0.3218720992637027,0.20640649944067033,0.2272691920373082,0.4524911260402475,0.2196966435912395,0.2612875806654151,0.11281168884897277,0.017327155785991432,0.2828148912241254,0.23276349432169677,0.0606536615102216,-0.11106992546922585,-0.13763499245004465,-0.10782092397811685,-0.12596402025703887,-0.1252318705355271,-0.10375235285787135,-0.11940237382079538,-0.12152718657238085,-0.10931890565166989,-0.11693157213883683,-0.09694587858096244,-0.12582498780302262,-0.1109632641467505,-0.06002258640638752,-0.08592631067992997,-0.04856812445218631,-0.15147353316815132,-0.13376962470900727,-0.1082627355157899,-0.09163248236321553,-0.11329398266963253,-0.09899000787279202,-0.12118211382425713,-0.1233799448554119,-0.051254163497179574,-0.12677462542133397,-0.09912539505486102,-0.0705567631453842,-0.13650057217489578,-0.1429486209240778,-0.1908690884631411,-0.1761835455884276,-0.01743084588977223,0.05057002068445458,0.10193654151207883,-0.07654462782064253,-0.021990540809682758,-0.03364414513198655,-0.061578799046143724,0.04544142128750708,-0.010025781039651892,-0.10749289360119671,-0.10470912140079461,0.0044272102612122315,-0.0832825576419378,-0.06825700398084454,-0.03859622758267987,-0.13131223440501488
7Networks_RH_SomMot_11,0.4964563048287492,0.43159566652851644,0.5362151048630363,0.47837900403480843,0.3830813738314464,0.20031732069322813,0.3011732287430577,0.33985279580901745,0.38576601249362247,0.28291751748351046,0.33986308544208566,0.4531065791232019,0.18125797256816728,0.3498877370344688,0.2367941849551516,0.24038825590611404,0.33828754102257175,0.4045465193806581,0.20155403383515785,0.1199438340177377,0.1574167670785252,0.38999875867332684,0.3362198207197133,0.35807442299429076,0.15158593092421238,0.30178680295582655,0.28008633373443753,0.3764412020177995,0.11394126553915411,0.33350881480658967,0.43398532225567726,0.5507426947447448,1.0,0.379207749343831,0.6174774316101641,0.5908128683015909,0.17412815619661817,0.35341773607467064,0.24718749628856318,0.21508273673340123,0.22582026969025507,0.36527857732792146,0.41166378538807263,0.4821482211420713,0.07281391401711662,0.4189320028699102,0.2171936503867399,0.4477299573358395,0.24067190503620067,0.19715075773980065,0.21854013565848515,0.31294778748200447,0.17731299930861455,0.24571525746209802,0.41879497476316746,0.2242251706439327,0.29169639939424513,0.14039391369541576,0.04438384613986547,0.360277285030774,0.30322517544398164,0.05630030979860787,-0.16728215071405753,-0.1809266156594776,-0.158536063343662,-0.16220294566553953,-0.16677845997481786,-0.15571540632619388,-0.18801647270078511,-0.15280633029854915,-0.036664946084301625,-0.12785620486680643,-0.06433443465045706,-0.17427041011728092,-0.19672365187411092,-0.1724089787249935,-0.08110084202234075,-0.09478648396371075,-0.03308319472554427,-0.002497972484251541,-0.0008775461985012324,-0.08288909953617378,-0.012199917670260725,0.00491403305310447,-0.053513203256907574,-0.02617848352210709,-0.06548990118510471,-0.055888238340009416,-0.004158206260724141,-0.06026540889813857,-0.058046442903676845,-0.07170974305171691,-0.15848446772131528,-0.06478996510772282,-0.010531772016439404,0.10719085921486551,0.10850221748850604,-0.061290361655742455,0.05005710463110488,0.014588061645064543,-0.04643330232361921,0.003017701131803436,0.05594810464225979,-0.031485562672625665,-0.03561902740802611,-0.07704910389615142,-0.10849006261617293,-0.157032359608904,-0.05588855547717196,-0.13244006318245802
7Networks_RH_SomMot_12,0.3249527233357751,0.3419620781368632,0.4160139930739471,0.16047304279928148,0.21045904837936744,-0.04025302406049305,0.15164631055023067,0.21783306709445052,0.2488303358649197,0.14653878082674987,0.3103262995034086,0.34152007758126335,0.11445506905465,0.23733915961785007,0.1965261365958382,0.2239158893265979,0.20725011186476242,0.29834115716094084,0.2200987875388553,0.21736857738440682,0.295648769569288,0.32801930005495195,0.3362390907357733,0.18971664673730376,0.23858607384280137,0.2404393558024,0.24892590323723454,0.28984714246081944,0.14378327333414465,0.27991979608986695,0.1597897093204297,0.33606937334526793,0.379207749343831,1.0,0.3721596524418756,0.4704128918678436,0.39056410573366734,0.29553030195899505,0.196660862169903,0.1464512002867087,0.04211224488189118,0.3553062651216671,0.25616440173499905,0.3520559149115397,0.060980947940687535,0.3535906585756421,0.21305696556863749,0.29855009330795856,0.2362301735877825,0.21339953705635706,0.16420236794224222,0.27427515256213475,0.17856960742724282,0.23903814429818673,0.30477617505079746,0.21445882432404692,0.23613987223779984,0.22772875657252867,0.14342136662361832,0.36138452061909493,0.28996695739149153,0.08659025921547427,-0.009973004220930308,-0.11894420779446237,-0.056098079041438764,-0.13738625279925692,-0.16778158740268956,-0.1729164638341998,-0.08843970968216255,-0.12031375601394052,-0.01745614651998493,-0.09170602103724036,-0.023657057350148964,-0.1805697840508684,-0.15832402569385481,-0.1177545218735934,-0.05771606775236787,-0.04401777757237638,-0.04838508284147351,-0.04672892043633303,-0.0703907090359964,-0.00952465854996692,0.01692780466418685,0.03816605629664036,-0.021500342669059105,-0.0041040923365339025,-0.09956196456452171,-0.020272777591816664,-0.08768394279915974,-0.013892275410039602,0.03305535932490474,-0.021185216752083753,-0.15459902366015996,-0.07033928490602345,-0.05179812979299462,-0.004637596114276577,0.013910339563461181,-0.11403787628821203,-0.026747864037857092,-0.053698594810467015,-0.1063729258680672,-0.03686068260171275,0.0911990233271968,0.02574777755552626,0.05256278931978315,-0.09793668556684368,-0.08541636647922499,-0.06928872101804032,-0.021219849820235302,-0.02074793695683559
7Networks_RH_SomMot_13,0.5132032930951336,0.46032247206379495,0.5849669571236961,0.46741484490931695,0.4418873058595827,0.30088634581369333,0.4146981424618266,0.4612366002364174,0.32502512675916284,0.3975789713766745,0.3903287862742596,0.40853672403330965,0.2334378159515622,0.4323922406572817,0.27578527719866663,0.31056787377653705,0.3707690573819918,0.4633039257086454,0.3013570706346427,0.2548243836801484,0.2460673404686286,0.4903052824055358,0.348407635178218,0.44926925344777263,0.2817701185712927,0.4128965341047154,0.32456647882939976,0.4456786606727272,0.17248683977149265,0.36424675545880947,0.37049501535607154,0.5884379793160788,0.6174774316101641,0.3721596524418756,1.0,0.6540384460513231,0.04498587653897224,0.3995042301216795,0.2809248321892328,0.2856508902618858,0.27224669822429554,0.3768478664863175,0.46691783322270936,0.5175827169661107,0.17800477980392604,0.4664128119859984,0.2869788217559674,0.5623817121881814,0.2673687198771663,0.2687258554700489,0.2935837672123288,0.325890665224415,0.2289433031129707,0.2896964929338801,0.4818788099183155,0.19651432637074687,0.3160941859700137,0.20622870420413653,0.1775764949535579,0.4853456521084095,0.41801812344812966,0.152871840367527,-0.1268959481319089,-0.1513142656731379,-0.09572730202324192,-0.12380345694413822,-0.12014459532453296,-0.08105773995532527,-0.10851623377768997,-0.10385661362557072,-0.14847984801660266,-0.19196909601221987,-0.1460978216727361,-0.20305608020004132,-0.2068556806765778,-0.13414158665332931,-0.11230878847957688,-0.09881771629003512,-0.0475306667379725,-0.03192093923401038,-0.035897471706624245,-0.02741971876236667,-0.011541731449671475,0.0029814952463293604,-0.024765617637471017,-0.039693990031729534,-0.014947896470659108,-0.06661311513544568,-0.042193626698334784,-0.06517332200214483,-0.06244396524560407,-0.04698324924610231,-0.0938643075742236,-0.05632692921466695,-0.07787546165147988,0.03303727444359706,0.09613805002169937,-0.08923609137862883,-0.022499607593037325,-0.011391785964048442,-0.06271344074000672,-0.007608335408071908,0.016758345171985198,-0.020977659493117223,-0.058441229297288934,0.008537550805646844,-0.03906044882517296,-0.0751087942481154,-0.01570990360512685,-0.04201828104739532
7Networks_RH_SomMot_14,0.5671477926071614,0.4338323117079565,0.5316586058214389,0.5698676911123083,0.45426542202578024,0.35581631461596425,0.5782666274163536,0.44905999988546486,0.45687318915949515,0.5437379969287307,0.4295347912161638,0.4811733640238139,0.21439089406901038,0.34612299345503705,0.3300644151182066,0.3638839428006533,0.45163944625348246,0.5293482492887762,0.2974615440791387,0.22210183332569097,0.29913179681620805,0.44769586652906207,0.3483978628880793,0.4543284965473232,0.3065367035778615,0.48027802698720967,0.3899816659548749,0.4670902825642704,0.1936953565343598,0.4476446752498587,0.35413595130372894,0.48377635152616716,0.5908128683015909,0.4704128918678436,0.6540384460513231,1.0,0.19013415432059863,0.5933008367807562,0.4933611115223589,0.3575916382824526,0.33586403108341717,0.4270062000162905,0.6032680806756594,0.6072962128777646,0.1908386286259301,0.4895915922756627,0.3578931235102708,0.6522191610637553,0.3636617606093349,0.35000993594831664,0.32587620506838877,0.39428998646235924,0.26922800045932604,0.38281120900721466,0.6119247884432821,0.3411990495533144,0.423517474815044,0.24956721939747858,0.22584104081132225,0.5658698438586882,0.4890563277226477,0.2081265419404569,-0.14912596589156535,-0.18895546498698382,-0.11900444683785151,-0.1602732884083818,-0.20052827682976793,-0.1652471108368499,-0.13918331520863542,-0.14214184656493448,-0.11786268228549791,-0.22539871469945336,-0.15501088203258917,-0.21950591367408095,-0.24397509552032248,-0.18478396528319788,-0.12854941446057921,-0.14783737033709787,-0.0842153225668235,-0.03892511073084988,-0.024936211485143762,-0.07413651604053745,-0.06723183552485443,-0.06918962137999138,-0.12157815903173752,-0.049990453329397666,-0.13906869551426115,-0.12543780438389215,-0.10216638042059917,-0.043766809485445264,-0.0703201477497381,-0.06775691231556058,-0.16784333224398543,-0.11260603630737738,-0.07282817868245724,0.04941203488021796,0.08958255960611375,-0.09281089503398526,0.008467992176251611,-0.006585301595463331,-0.050378007435846944,-0.0006614669908018752,0.0035334751499372296,-0.02500471221375191,-0.08376550678139369,0.008128576667128944,-0.02337958123605767,-0.08317338907728085,-0.060808908782300976,-0.08380078716945773
7Networks_RH_SomMot_15,0.1153552613770515,0.1280844689380305,0.1292908088236171,0.04292194649786253,0.011572932345261695,-0.17084586650741657,0.051798925301363,0.1276970007638375,0.11994236186743971,0.07677497136331625,0.020974020850617846,0.17573090875389993,0.04379115559812521,0.14076285096902472,0.0812079348895011,0.07648034189400167,0.07203218958475366,0.09425698834222469,0.04593848522632395,0.14418307261297295,0.1447388459518396,0.12738660612441674,0.127011913745121,0.021193735783199046,0.12141134837096126,0.16421600649759566,0.04757996535043408,0.06574819093219424,0.05392755949047104,0.1869450857942255,0.003927609036748407,-0.014252996700997922,0.17412815619661817,0.39056410573366734,0.04498587653897224,0.19013415432059863,1.0,0.2977134057069362,0.2210266551131231,0.13536923868351766,0.11753315904677396,0.17242891128016372,0.16110779204917683,0.13540632714335382,0.03273823234155541,0.043033540166457954,0.007120872805697704,0.06238134000971063,0.09261676611699506,0.1620355529340962,-0.06272675742565745,0.07703739935206541,0.0702024952479329,0.05310601780330675,0.07411562090244823,0.12413299899399816,0.08797956742560104,0.13942036932337934,0.11654981802107844,0.16705606662224248,0.1107364295891342,0.08307478358430907,-0.029323913733136992,-0.08799458012337748,-0.07605128609692184,-0.13386800904126514,-0.09996045270636277,-0.10453047263872255,-0.10325481065703437,-0.097005832368082,-0.059115549403942196,-0.05927445765974721,-0.025920015170921736,-0.1517615586344567,-0.11362922727159463,-0.10688053589354522,-0.1203661719848025,-0.05205615484156792,-0.05891302113826337,-0.05854265837343281,-0.0816588037632022,0.010386111634763648,0.01905913074787527,0.04382747415079435,-0.06353074220325562,0.0012901272027378132,-0.14276313448731298,-0.10819711412711354,-0.13175938825321648,-0.04899365093460667,-0.03394365346180496,-0.049170258124816776,-0.16317085212961085,-0.09759266510230638,-0.13153453674275326,-0.11394397814093779,-0.11551752458198877,-0.14906311957667337,-0.09768043195347458,-0.09233166767441808,-0.18921557756111784,-0.10478613378133314,0.08269984202224524,0.015118922920612446,0.05849720803463997,-0.15031927808914636,-0.13803037325914053,-0.12753303980444466,-0.01277742602040698,-0.045859821541162256
7Networks_RH_SomMot_16,0.3961688186016637,0.31288003666336167,0.30450573955450355,0.5210651519980187,0.35135842356405933,0.3952356145711967,0.7227667618459602,0.6114508151784824,0.5346862433986466,0.7064807681766178,0.3934938866878214,0.34643472436880723,0.10573116577028152,0.36964787934616095,0.2847711218961368,0.26464842170095104,0.35147764259191655,0.45680319946361647,0.24998248526774364,0.25390551274738604,0.2850805999242325,0.4166520107573551,0.322818806505801,0.4310230351522546,0.3057830462505512,0.42726007012890077,0.3090151222342586,0.4493935805635933,0.29160941180286015,0.38545772621662694,0.28492255405441086,0.2717917083159011,0.35341773607467064,0.29553030195899505,0.3995042301216795,0.5933008367807562,0.2977134057069362,1.0,0.6784270409255782,0.5857645556651996,0.4796472315551072,0.3434173796931735,0.6488200435450802,0.5696298814866596,0.1187432284301394,0.36632458082960107,0.25493817657929574,0.5283576677944966,0.2695561060461651,0.36513563074150857,0.14697234218692345,0.3226574483798301,0.23027435438847885,0.30169150403620176,0.48489864088519186,0.258257163787693,0.32380508773882605,0.2848179518243866,0.30819958905681544,0.4861121695519807,0.3663221136441802,0.195425719298024,-0.11672401275301335,-0.15114175640733182,-0.06572173361775578,-0.14012885118189405,-0.15220650585092965,-0.09629870939669566,-0.09477471611978386,-0.08518674765689391,-0.1666686184401793,-0.30131639519946474,-0.250228325925801,-0.252557580815038,-0.2793732955490511,-0.23156209002472442,-0.18517733418872503,-0.2628883921504852,-0.1344233083846421,-0.06628054934199988,-0.08798266330506255,-0.08412176542156136,-0.06680629476870276,-0.05926303999159991,-0.18450078003837078,-0.1027075143120107,-0.14268590719317303,-0.14401384520188315,-0.08948964227463733,-0.04892293945044252,-0.09753680926249007,-0.07204732215819618,-0.14315461963181783,-0.11135346561492543,-0.038044924725103645,-0.027747546188670407,0.04661378629702534,-0.15322730639821866,-0.12460682850842168,-0.08922575768036729,-0.07700148619071803,0.00275189208560284,-0.038763964180096665,0.009046425510500196,-0.05187880432371931,0.04098370006913655,0.03709761864638782,-0.018702049721088486,-0.022025905986975663,-0.04927887791106204
7Networks_RH_SomMot_17,0.28663005308487394,0.2553005933310533,0.23837794735037302,0.4711572996277239,0.3007668365753141,0.41631922592278237,0.5603494233504706,0.5658001003735278,0.41950478632022276,0.5876194273072701,0.2671235407121863,0.26364142583078765,0.11874272471356351,0.32315853483144136,0.2505520835090443,0.27762565882231804,0.2800553610132896,0.35793041700075295,0.2524384762015179,0.2416721268463418,0.24861406913195205,0.375071274906579,0.29861278353721005,0.3952842430317144,0.27016471912461765,0.35956398994288513,0.2652186995005195,0.3923562846939996,0.2724958986110792,0.2954369117063289,0.19988882121491292,0.16551628616471897,0.24718749628856318,0.196660862169903,0.2809248321892328,0.4933611115223589,0.2210266551131231,0.6784270409255782,1.0,0.4316141306516399,0.4284347484758061,0.3301565565490778,0.5041033688806625,0.4275435743811716,0.18188302833160155,0.2577760256578568,0.2636710556343464,0.4669743021672457,0.22564677345480158,0.38770507422739003,0.16099826151469424,0.2818068350302102,0.24507242683072494,0.28939200768083934,0.3933081304878441,0.254579444436865,0.23020751779623974,0.21891619692722097,0.26609633207074074,0.42133567769526103,0.3254398164675661,0.21138051418109885,-0.05050872828305881,-0.0989722170309541,-0.03600309605917957,-0.09583406108545373,-0.1061749866281384,-0.057157292718179493,-0.06579556130529833,-0.05363034340355434,-0.13126180020036537,-0.2501479982128444,-0.1930921789873633,-0.2545186194490774,-0.2758555789692136,-0.232398653828639,-0.17847778626657915,-0.22557564744708172,-0.210657833845808,-0.1449807799990577,-0.1546452543767368,-0.06990826883819533,-0.1210636707513072,-0.11080855931658053,-0.2395611151320286,-0.1510891409903474,-0.06574611777265173,-0.06036666882682224,-0.03702934717866738,-0.0070757805313071045,-0.0603622939572002,-0.08390478382110396,-0.13014343460213176,-0.07572063323632962,-0.02272888226980283,0.0009185375390338616,0.02866128690770589,-0.08447811376803928,-0.04465901171321172,-0.052910414292354165,-0.019373146945928253,0.016704970686806864,0.014656304299742063,0.05571290757582825,0.018532297931074214,0.0798620669335597,0.07244907176205385,0.04227237807354434,0.008736907864477745,-0.013662488227685517
7Networks_RH_SomMot_18,0.26907519401147056,0.2394158676612901,0.2243170158708356,0.35565466484589037,0.39738042246667615,0.30563438526460895,0.4549796756115996,0.4366025928923457,0.5092769177176125,0.4988377692153833,0.3697880435138671,0.381651575063071,0.22727913889600532,0.31254882295128483,0.19105225163988027,0.21483721771038058,0.2972611218024871,0.39198420776185955,0.20751623346720346,0.08745552474036797,0.1875512132616611,0.31021660916755683,0.33375875684379624,0.3466887746935553,0.09778688924590734,0.23908064596854234,0.33740769341348603,0.3338918182072078,0.21890191438755488,0.2972527806848388,0.22267809885796574,0.14597320158157348,0.21508273673340123,0.1464512002867087,0.2856508902618858,0.3575916382824526,0.13536923868351766,0.5857645556651996,0.4316141306516399,1.0,0.48815394882568774,0.35022990677356014,0.5325543370180288,0.4903839721775997,0.06589511904261426,0.35535873141008,0.2203914601939539,0.38755117408024625,0.28061848284243424,0.33021577099640487,0.08680475378264121,0.2572258711078521,0.2990546319948984,0.2732337747567404,0.37429210363051013,0.2954407520641094,0.2726449653096347,0.298670904411985,0.09283601140967988,0.3913552030450701,0.3375095626703056,0.2505673060263259,-0.08603412868221562,-0.101367903306253,-0.03568041080603715,-0.07223504645081945,-0.08100164164740763,-0.03254167966588903,-0.04089876710681407,-0.03878355614939141,-0.01528894222398238,-0.1113663796952976,-0.08246679315671318,-0.07038695374403926,-0.10154783998945521,-0.06177056139330044,0.008269989388579634,-0.07136625081013466,-0.09117229416959709,-0.013627437509119218,-0.005482922899890775,-0.02404408308319186,-0.004188587122341121,-0.021122545598548394,-0.09739186408588507,-0.02603597542593758,-0.09130711619278539,-0.0899388984180136,0.0003318476979385566,0.024480496575296978,-0.00836878819753712,0.03845559012632239,-0.030207469266959976,0.008950000673184017,-0.03764591156906219,-0.007716126378095135,0.061125167799831404,-0.13120075227237307,-0.08346729780488919,-0.07052146326813327,-0.06458932424347061,-0.036374505663952686,0.008942496149939637,0.06127883402044215,0.024995734139688412,-0.05786286485708061,0.016420357222499012,-0.037444371746837464,-0.040355853786565685,-0.018893856207859876
7Networks_RH_SomMot_19,0.24446125222271528,0.21876552623278428,0.19544640431718452,0.36857649659166813,0.3182176516997769,0.24749155403023618,0.4013116725278688,0.42091445819746165,0.4099959010852345,0.43324592615457197,0.20363315854312702,0.2521795298357448,0.2965098641576139,0.35045191146942584,0.17487168447893267,0.24140759420514823,0.21694275227067683,0.3532229399522977,0.16718952450773616,0.1598485124884128,0.101047755448057,0.3230906272913431,0.2509796570750403,0.24247348097305665,0.07830071337067944,0.26281460634707887,0.16385390551752185,0.30164735410184196,0.16167382491933432,0.09911428185627943,0.1139241530419736,0.12268720918648696,0.22582026969025507,0.04211224488189118,0.27224669822429554,0.33586403108341717,0.11753315904677396,0.4796472315551072,0.4284347484758061,0.48815394882568774,1.0,0.22194967876189417,0.5659011220444252,0.4450910052003565,0.23606959067244107,0.32574582127181645,0.2652622008364244,0.46306424027382215,0.3574185808473051,0.3547098974435952,0.2058825653509544,0.23897184064126303,0.20530724852372342,0.17012853229880254,0.30316924633059855,0.1283785892316485,0.24021135893375348,0.21549861775718313,0.18797747871695417,0.36784346644124855,0.3208191117633785,0.21957386753418293,-0.14722426438478195,-0.1407912723588822,-0.09498252123118145,-0.09784315139137398,-0.08424779110780428,-0.025698625072166748,-0.12835909120467098,-0.08474281060867175,-0.07029688107754664,-0.12335089699760055,-0.06275377852895705,-0.09975674246036355,-0.10444767990846253,-0.09301753660531913,-0.06764582313878813,-0.08927143161348672,-0.09885496432027252,-0.019702699392097702,-0.026614253530386184,-0.07472257293690183,-0.049326590401697006,-0.05039177067262279,-0.08094355243014753,-0.03630159408358709,-0.002684996435333378,-0.0268899503426965,0.021813979886680525,-0.053436419090183845,-0.03165259588797478,-0.018072797380806353,-0.006681710181283374,-0.005345258355836904,0.051112605074140144,0.05360980374513102,0.08919887975578272,-0.01653724992017055,0.013045363140137626,0.030075974772940373,0.07426042070198874,0.06128683889796954,0.043311884748638,0.17236457876617842,0.08741365725043199,0.0024717479094038724,0.1387257777584507,0.058422440546158,0.06867296166441372,0.13301423344771807
7Networks_RH_SomMot_20,0.32242738360820106,0.33601239573277136,0.44797076864499463,0.2764995068733156,0.3658460414366849,0.1231179838356916,0.24398581474030553,0.3208454182031265,0.46421163904431684,0.2877347863481541,0.4924628709535901,0.5571511220543441,0.2719668303179654,0.3215958839803133,0.29743441329059533,0.36477361752272663,0.43113179995641393,0.47241693128713763,0.3279960452677478,0.24509886224589136,0.34912389921038195,0.4661332363220599,0.4424721844977189,0.3331993165091229,0.2422569367682529,0.3603154779090111,0.32471965513525397,0.3918735221867532,0.19849477995522846,0.334301698948417,0.17363381928216515,0.2710908342180607,0.36527857732792146,0.3553062651216671,0.3768478664863175,0.4270062000162905,0.17242891128016372,0.3434173796931735,0.3301565565490778,0.35022990677356014,0.22194967876189417,1.0,0.397479336184513,0.5425148706216028,0.14285075155848453,0.5353716226558631,0.29430686151686214,0.4724969301461316,0.31014711629789615,0.3236308919466482,0.2669604060635657,0.37935916239218753,0.22967394598826368,0.30645245879510813,0.46879449266247397,0.2993674461461807,0.26025255519064117,0.26696650331625127,0.1099958554096389,0.5187243981519928,0.40554131140175054,0.16596216563030655,-0.03610602195561929,-0.07633045859199702,-0.05429505113814291,-0.1283520976561306,-0.09980565116764582,-0.08954675288590144,-0.08394690714040941,-0.07474121808079873,0.02289142626570091,-0.09895877007062055,-0.10134232583737576,-0.13423375276217575,-0.16575373008215008,-0.1725963063649469,-0.06537232754188708,-0.15910640873585222,-0.07618370338179888,-0.029711963361226314,-0.06047970580078193,0.04455718182243602,0.06508670790164087,0.07000071251853818,-0.04816415095788493,0.028319454074548615,-0.1269581694154932,-0.11134177568095542,-0.052972744712056465,-0.06908152952214085,-0.07837460846158932,-0.06119313958190267,-0.1411656091959245,-0.07418013269495327,-0.09021089543541473,-0.03177656048685232,0.014593803055888014,-0.14542085952529005,-0.047246073499866315,-0.07207393288032427,-0.04310994759616375,-0.04306482053832371,-0.025857338977360273,-0.0641502335680972,-0.0490602203830665,-0.07826329009722956,-0.0917481369337625,-0.0775720065542282,-0.09904694478557254,-0.09062167608292361
7Networks_RH_SomMot_21,0.43307907797554474,0.3204152524951478,0.3542859312227331,0.47575397520959967,0.42181424362416775,0.37335765586026126,0.6055598284661705,0.48000599343867084,0.5467949403263008,0.6451975392178346,0.40843405741217664,0.4620743556137536,0.29127571775970607,0.37257039177212914,0.34499152816069656,0.31112419048145046,0.40765771262898837,0.47367427899975084,0.3587063387772759,0.17216769051083106,0.3065183082866411,0.43476303352713513,0.2927266420678259,0.409864344106648,0.20054736481567306,0.4021950183230831,0.33609714924621287,0.41480596172424417,0.19878774475686575,0.2917639804410184,0.347666949434342,0.33420893665503115,0.41166378538807263,0.25616440173499905,0.46691783322270936,0.6032680806756594,0.16110779204917683,0.6488200435450802,0.5041033688806625,0.5325543370180288,0.5659011220444252,0.397479336184513,1.0,0.6947552644306225,0.2853982682649229,0.45313977350579115,0.46241868346368675,0.6674600231475739,0.43450345063398627,0.35464722064888543,0.30899581160649137,0.2913715535718174,0.3044392571147632,0.284620460796092,0.5670624158149794,0.312730366375776,0.3315206703320105,0.1981301072974213,0.1802411497919336,0.4770410194320276,0.4718160230111926,0.1981629245778433,-0.07956720858550691,-0.0838709464820472,-0.01794663047384481,-0.0896556071554581,-0.08411368725228248,-0.046149315238627656,-0.06071991483997992,-0.04274003255250204,-0.033983032943323055,-0.12073056580411125,-0.07096872429254512,-0.09909811127846571,-0.12290099746091,-0.11946933692211915,-0.03223087329734651,-0.11834827705900126,-0.10471945590958257,-0.00397918600688882,-0.04609199755882092,-0.08260618435591872,-0.04122833135539979,-0.04538696406198385,-0.1386157220229966,-0.058147335306901485,-0.028171032405530243,-0.04023315732903018,-0.0028673114119769946,0.014283893616305436,-0.002976648351346795,0.020590577635563746,-0.024053286522255385,-0.010188550571277037,-0.04883125739749355,0.06638398745182289,0.13475124082042517,-0.09068678013483483,-0.010355252738560517,0.030286705334111277,-0.0036596860560280916,0.04349083981341961,-0.07061392762971754,-0.006625844870138401,-0.08741342474002424,0.02504739871905415,0.02213322526609513,-0.0629687972800716,-0.048370326255002864,-0.07681966627071284
7Networks_RH_SomMot_22,0.4489148001659217,0.4276051192450169,0.4498663910210989,0.43065355878060113,0.44299258374776174,0.2714253547134865,0.49509325329976833,0.4616880997267084,0.6376325212471015,0.5519238536150426,0.45654662329990986,0.6375605188084613,0.25021851727083066,0.31482289243508416,0.307011415508205,0.32937069903077737,0.4502883930142753,0.547768207495205,0.3351762590209399,0.22871523700845636,0.3282989358063982,0.4714387524970209,0.4114850358498825,0.40956270547108153,0.1989496591458106,0.38474898803134505,0.3741579132780954,0.4945656507847169,0.18871917405267027,0.32478473165148763,0.32802708438515205,0.37700778424644976,0.4821482211420713,0.3520559149115397,0.5175827169661107,0.6072962128777646,0.13540632714335382,0.5696298814866596,0.4275435743811716,0.4903839721775997,0.4450910052003565,0.5425148706216028,0.6947552644306225,1.0,0.21899900099636105,0.5324692051146749,0.44637360344523147,0.6613138018846654,0.47205939974927386,0.38421490004075975,0.2891846298226994,0.33270285333549293,0.2904177485129607,0.2695058314241303,0.595051429974004,0.3076486527822144,0.37869841128633447,0.27106691500891683,0.14178994403948791,0.5342490331602551,0.47920122581097174,0.19120370627132055,0.009355819416863307,-0.04905992230025507,0.015728451566668782,-0.05434732493290509,-0.05563716228820313,-0.02808613670457209,0.007530200568079048,-0.010155530452135256,-0.019918905161255093,-0.10611097686494123,-0.055261002962673236,-0.10442660443101812,-0.11448222141776486,-0.08023461770084654,-0.008580705117025935,-0.05519010625298305,-0.10561329976337398,0.01746623856407366,-0.021289220311807498,-0.10326822225518242,-0.025200066083009526,-0.025926182413438387,-0.1133720475897302,-0.039128433348291816,-0.0744601125855862,-0.04049583963970971,0.015199318987242376,-0.027875423716098024,-0.021723905922501004,0.023455006158713272,-0.04457411183646697,0.006618352401507698,-0.06036238067666375,0.02275953119269368,0.0602090686342634,-0.10226391451424176,0.004341562288954769,-0.002449001300631652,-0.01840190434359849,0.009314253625783203,-0.14309562881919757,-0.07669319566099264,-0.11651670238348344,-0.06161901608652536,-0.052709669059565346,-0.09771125792402448,-0.1574806038172105,-0.1268720857922437
7Networks_RH_SomMot_23,0.1655186549969234,0.12084150020719144,0.08338467762795711,0.03522671738674067,0.20047454106843624,0.11493892689869606,0.14888023738089975,0.14667616817188148,0.12485068956785315,0.20473397600919488,0.02761544996675206,0.11676016629269018,0.12120422533682775,0.06277408997151392,0.3190542399340647,0.15379049419008645,0.13652452958720143,0.15360173766147087,0.5774061304779081,0.17642760143094569,0.3199196338763532,0.28060291200347376,0.19730284783027596,0.18909515369209098,0.019225911246588727,0.13622579871804968,0.18285087587073307,0.1341450971270309,0.07977412699216807,0.03724044042950018,0.1160479390409606,0.1373837629602907,0.07281391401711662,0.060980947940687535,0.17800477980392604,0.1908386286259301,0.03273823234155541,0.1187432284301394,0.18188302833160155,0.06589511904261426,0.23606959067244107,0.14285075155848453,0.2853982682649229,0.21899900099636105,1.0,0.18840192423722807,0.41315373391795046,0.42485047072180704,0.2956815938128442,0.2592892328224594,0.4200724430334275,0.12126442697787627,0.3031662918932087,0.08449244694634472,0.28900186605874256,0.15068114245235206,0.09655127927543768,0.06696720066464837,0.04475083425034767,0.17392055972557915,0.2489208707744605,0.16713317447288814,0.08272380483428864,0.06902975364447302,0.10187641639723229,0.05454718918898163,0.057168349618732496,0.08043472340450171,0.06732305919393995,0.06846008757051826,-0.08672639745080363,-0.019969608270678816,-0.045587708671538926,0.039245771239784975,0.06550318924703917,0.04980278758063716,-0.05046374016864252,-0.014891220253415615,-0.12167781946201332,-0.061749845027920254,-0.058641323325106305,-0.0026654337021993356,-0.029686289130312557,-0.032932246972697275,-0.07511012482887582,-0.04029262812551739,-0.11700829662162462,-0.13022488211898842,-0.12147508297996162,-0.011035267080230024,-0.0660798036612154,-0.05201102188894565,-0.09948974532109713,-0.07969158958935796,0.005880664914618822,0.05277150702797279,0.015117641568721071,0.11798204748270343,0.1470314345552268,0.15921169846487804,0.17197808490437425,0.14966374477418076,-0.047827980104067684,0.007489459795926769,-0.03291649563235575,0.027214553696466068,0.0351274237937398,-0.01938822173606449,-0.09227676001482696,-0.06214183312470232
7Networks_RH_SomMot_24,0.3898971839477124,0.4515145677874871,0.44092515388906817,0.3014681024543087,0.367704638795413,0.1784206834916067,0.32373431446954665,0.34680697700041346,0.5336469304515441,0.317924535470008,0.5731143758340758,0.49962133560657923,0.2741479111737856,0.3946195097713257,0.30767803057326387,0.45982888113975645,0.5360818295829699,0.5744268687366044,0.3114116708077577,0.23377297462263827,0.28022468780103865,0.47214569795274003,0.4927886941991864,0.38741772643033995,0.16234231569009425,0.37982128861428166,0.37015439171493036,0.40779116654858194,0.16015163139526034,0.3047269608295672,0.24795841834567386,0.4313962021508799,0.4189320028699102,0.3535906585756421,0.4664128119859984,0.4895915922756627,0.043033540166457954,0.36632458082960107,0.2577760256578568,0.35535873141008,0.32574582127181645,0.5353716226558631,0.45313977350579115,0.5324692051146749,0.18840192423722807,1.0,0.30357709575928693,0.48773802979741737,0.3660438714237409,0.35277576314682985,0.3184277207102917,0.5301621432197988,0.3199793941982281,0.312413713392836,0.4893714297737539,0.2793126185729729,0.3275195802425751,0.3682220368293312,0.09517138639133162,0.5292733275569478,0.4141300486400182,0.2202619702581768,-0.0071481288919685495,-0.06353110897946956,-0.008103519872981541,-0.04005951526566673,-0.06618571406110929,-0.047023517046003487,-0.028130063937156523,-0.03049478095029358,0.01564491952941058,-0.09272970846899488,-0.08563602957431551,-0.054691831627710526,-0.09655277827791511,-0.0915108725074641,-0.0012024494648313236,-0.10883371263166007,0.005262732507992448,0.0415471965640305,0.021701404230306743,-0.002877239612858994,0.025806561483714137,-0.005397321528971817,-0.011300323802048639,0.0438031004856984,-0.03823145146759744,-0.0012242021071014306,0.06225656428746439,-0.028344793549140736,-0.013985416686307546,0.0062868083244089976,-0.00694411760149988,0.016908953128112195,-0.001696996455521741,0.08798569637276907,0.12431908113607168,-0.09818344207944993,0.0543923159482314,0.036953161522082216,0.04305254676014605,0.045497172354520665,0.018231507666410216,-0.01976403932009427,-0.03281969718285353,-0.055314914742663764,-0.03384633517588577,-0.02259452989311154,-0.029400515659509,-0.02007090020418881
7Networks_RH_SomMot_25,0.3004880235384368,0.1990935758595473,0.21042994122928638,0.21744137968297259,0.20958134553815255,0.18316145766264455,0.31071631879090994,0.22929584505784822,0.23009214866647099,0.31324826981900433,0.2386219198794571,0.32412737543712944,0.26494610834130233,0.23784257995219477,0.3296929936622374,0.25853413394545854,0.2892733394288668,0.20763802854046606,0.3888259750187743,0.037706483906543915,0.3689007787458354,0.27275358484463286,0.2703465863606451,0.23555867826303067,0.09868891647392296,0.22633012646296358,0.2693498917540586,0.3665494678116691,0.22751946951783292,0.25617432621163794,0.2172080628199121,0.24313313830291663,0.2171936503867399,0.21305696556863749,0.2869788217559674,0.3578931235102708,0.007120872805697704,0.25493817657929574,0.2636710556343464,0.2203914601939539,0.2652622008364244,0.29430686151686214,0.46241868346368675,0.44637360344523147,0.41315373391795046,0.30357709575928693,1.0,0.6614492707971168,0.3583272544443795,0.372520693588376,0.5431646159972653,0.17419405166569119,0.3502366925917984,0.17514089116328146,0.5143889571608478,0.2956770173766883,0.09068645651688123,0.10569864208437448,0.08312693407651105,0.2624813531727476,0.3608583102195765,0.1959586999657215,0.03553863036594294,0.05346003967487042,0.11830353312557974,-0.00013366095192241518,0.010009852277932404,0.04521705099507722,0.06435046483920889,0.10462653010929336,-0.0029821577013259236,0.01635106890680847,-0.002761841816574604,0.07727739581256386,0.06221228767284526,0.041389789182516346,0.03785052764919813,0.004268422436704466,-0.140609272369075,-0.035890764127243124,-0.05373374739720097,-0.1575275290580383,-0.11439567969224836,-0.11522255584854929,-0.12095615451130262,-0.12387872270077069,-0.02356466360034692,-0.03727736111703396,-0.006094847143732775,-0.028436789013942303,-0.021267979246262583,-0.02178697316564465,-0.06348777404950684,-0.018754571101357385,0.009997341117670259,0.09963123708471978,0.1337488937406405,0.10041613737728534,0.1035608213616759,0.15496643905698768,0.1783641494642227,0.16356765946892535,-0.04522123228927185,0.03551706676819161,0.005995244905719465,-0.03478310926577243,0.001027378733152291,-0.06181758878838921,-0.028946454137233957,-0.07721916599742167
7Networks_RH_SomMot_26,0.488129099683266,0.3857114527325985,0.45674487114062917,0.4819539883220355,0.4182933210628489,0.3387805075910693,0.5271845960940357,0.5160864433815453,0.4383973933775206,0.5680757528349576,0.39025825376387807,0.5004396104389133,0.347462184270127,0.4172152117107932,0.4311716977735401,0.3892839202575196,0.44437116240578506,0.49561220293835573,0.5184840144233769,0.22450564280140012,0.42089857950130755,0.5394521962497583,0.4577681901167477,0.49208354615237193,0.29438071918131214,0.4963004469813938,0.3834013892190443,0.5537920128260514,0.2763167010313877,0.36648715620538086,0.30551198495704834,0.41952408339012015,0.4477299573358395,0.29855009330795856,0.5623817121881814,0.6522191610637553,0.06238134000971063,0.5283576677944966,0.4669743021672457,0.38755117408024625,0.46306424027382215,0.4724969301461316,0.6674600231475739,0.6613138018846654,0.42485047072180704,0.48773802979741737,0.6614492707971168,1.0,0.4835546759576855,0.5014712211680942,0.6031036497270023,0.32821485980279563,0.40110147377250566,0.33114659012478825,0.6778691495577533,0.2968027602623092,0.36523824949425454,0.24533250049330627,0.2880462188792233,0.5481271148224297,0.5508302051723679,0.2305537127658005,-0.07512242636766317,-0.09155683971808462,-0.0260725967437154,-0.06719273153891701,-0.07745702532924492,-0.03440980084928318,-0.036590857682206414,-0.02539665717063242,-0.05424411688053266,-0.0929353549014068,-0.05658806461466221,-0.036398605865048964,-0.05317921146468877,-0.024684947541762287,-0.017761641687837344,-0.03680242124290504,-0.1328668367398822,-0.05619782245960972,-0.05957491184572349,-0.10375899362499978,-0.08335636301645129,-0.0759621459579339,-0.11573146683924533,-0.102372815658997,-0.06822297691137826,-0.10739103822965497,-0.07484831563327157,-0.07782333094148203,-0.10259570814098112,-0.09943731078276247,-0.1363999779821585,-0.11826320202018704,0.004180116008407294,0.0849889094279153,0.14895862599862678,-0.010695654503193552,0.029857214350762894,0.06264865864930895,0.09704132545579083,0.13341071587846612,-0.05663796588390816,0.007278827066266361,-0.06080905708057061,0.018805553507432078,0.030363992753048054,-0.03249301898286363,-0.06298647981771967,-0.0689286260219247
7Networks_RH_SomMot_27,0.25613630101744744,0.21137671997867766,0.23364149256259376,0.1856119382727844,0.178702061038613,0.013382352161229604,0.2100626140500925,0.16606889320543522,0.34339560925570906,0.2541590900975625,0.25410016263589263,0.40581057706229656,0.25168597638510287,0.18230559946313254,0.2520099833148347,0.24188086669989045,0.24106050566148485,0.2844763478334011,0.282033792739678,0.20410713904957703,0.2483692178548829,0.29641171221464674,0.349350064012271,0.24248875980293777,0.12937280589538325,0.28926781086185155,0.28943911559372687,0.3973787446151865,0.17673572762749826,0.2906935569065536,0.17407258058982913,0.2382722650970476,0.24067190503620067,0.2362301735877825,0.2673687198771663,0.3636617606093349,0.09261676611699506,0.2695561060461651,0.22564677345480158,0.28061848284243424,0.3574185808473051,0.31014711629789615,0.43450345063398627,0.47205939974927386,0.2956815938128442,0.3660438714237409,0.3583272544443795,0.4835546759576855,1.0,0.4549316969929331,0.3778060860883918,0.16394235357157785,0.41536400851663413,0.3460148912439201,0.4030624163399634,0.31092388154261724,0.5691799951684079,0.32215374613549036,0.2019400406079326,0.39054910517911245,0.3929452133474177,0.3368748069758238,-0.00038349658140498155,-0.03619109129843307,0.0031909968616158995,-0.009759629718119795,-0.023243246797316753,-0.0004165241687687669,0.006967438271813613,0.0009906005796987707,0.03348014230683646,0.05904368750751484,0.09147980847016823,0.043631087473860325,0.06737614993599736,0.07025833330490498,0.07745476191139668,0.10980093989287033,-0.0638856353390491,-0.023848629152225995,0.00966685458258405,-0.051569551313064815,-0.06043991354994034,-0.06006534182811681,-0.0298245845963711,-0.0029119674885316996,-0.03745854804618715,-0.02077869938026812,-0.017704070409013853,-0.018767122462213355,0.008855860454087717,0.03628472158810089,-0.0057627599858254075,-0.02074611283947419,0.038404642471595044,0.06332200212712068,0.07637837561686361,-0.049087700565699596,0.029773740436994652,0.0460959781779673,0.04426951198374615,0.050958267372455734,-0.054658405331761584,-0.022996525960491614,0.009035951117142185,-0.08080915909336256,-0.030448407374598488,-0.01848483159612768,-0.04359111634527645,0.034610148924264394
7Networks_RH_SomMot_28,0.23636493507579562,0.43896273265870994,0.3021912705851843,0.26919352000121105,0.24470592544762676,0.12193927560082445,0.21635126905270982,0.39845921283094055,0.34012263690173666,0.2750013665775731,0.37132948312003333,0.2898692850067043,0.1551454156057471,0.3683529091455531,0.2720453630895072,0.43726442964200163,0.27125558212034767,0.41484732570329275,0.3514397214519403,0.3431416180134028,0.4685393193901311,0.5348261430705311,0.512515092103587,0.38821905013681146,0.3791437247632303,0.48123512882110314,0.39261280742665117,0.6010510258795576,0.5918250297824978,0.3976148765188905,0.0805437221624429,0.16281780448894934,0.19715075773980065,0.21339953705635706,0.2687258554700489,0.35000993594831664,0.1620355529340962,0.36513563074150857,0.38770507422739003,0.33021577099640487,0.3547098974435952,0.3236308919466482,0.35464722064888543,0.38421490004075975,0.2592892328224594,0.35277576314682985,0.372520693588376,0.5014712211680942,0.4549316969929331,1.0,0.2112563953943049,0.29074693018430153,0.31134522140198734,0.44751383286749896,0.40036817948686204,0.29182308899826853,0.423411519450982,0.517517485165146,0.49277506112468306,0.5289693672797376,0.40301019016377915,0.4667049249731584,0.07651967151791782,0.03658985887873775,0.09564795803157655,-0.014650569615999188,0.01917288782200734,0.043786526943990316,0.08393378678507062,0.10727980132800166,-0.09699664932573679,-0.07868464553400874,-0.041447436876304145,-0.04337793491513599,-0.03718900859020716,-0.0071948183641904456,-0.02105264036648914,-0.007163794259794096,-0.11015935083760779,-0.011793164226429195,-0.03477095049287627,0.019355678772243774,0.012524827464331438,-0.015226477496806199,-0.05100310403045466,-0.009423234998577211,-0.08656881227673831,-0.07345348661489626,-0.07895069433140849,-0.10043102779076298,-0.06472699175892903,-0.08081491021029123,-0.09762572751395196,-0.1084947075391713,0.000689993315339394,-0.05669311924872062,-0.0008467934638631687,-0.028274150765639623,-0.07450898936910201,-0.01219080644996087,0.039148730419827804,0.019106346876016735,-0.10446111488686512,-0.03562953833756113,-0.006475914024166342,-0.07833400820395349,-0.04243623555429392,-0.04461219886208331,-0.10820712992774936,-0.05605036808871322
7Networks_RH_SomMot_29,0.26156746852341767,0.14129631295956568,0.2476128614531444,0.2188699600073352,0.16416886560688027,0.13147216001999398,0.26996700145122227,0.2593868477497316,0.15583672122241954,0.2508975383346249,0.17761159719869005,0.2694907651341541,0.2883889561048069,0.244861890036437,0.3219559042241755,0.26543640147092085,0.2833681679691959,0.24374927662294477,0.30770664757532334,0.12560103780694903,0.16034948151604136,0.24944327287066728,0.25082669724188666,0.2991637764349367,0.04290032599985143,0.24324963906134378,0.17912780568877967,0.28635245105935786,-0.00414047249896896,0.20702083571277632,0.19972678494858012,0.26692134935269496,0.21854013565848515,0.16420236794224222,0.2935837672123288,0.32587620506838877,-0.06272675742565745,0.14697234218692345,0.16099826151469424,0.08680475378264121,0.2058825653509544,0.2669604060635657,0.30899581160649137,0.2891846298226994,0.4200724430334275,0.3184277207102917,0.5431646159972653,0.6031036497270023,0.3778060860883918,0.2112563953943049,1.0,0.2207299443108046,0.3253692301024756,0.1984497062948706,0.4748139869591018,0.2153839050597258,0.1943805768665769,0.04745999004338162,0.13168766634152282,0.268571547326871,0.26702897580376184,0.1381168274510029,-0.044597853355446526,-0.03930258907286463,-0.00915962205316475,0.009015838137026841,-0.027647004025431923,-0.0017969109875244768,-0.021086848505642575,-0.009702956419511802,-0.04452494970618213,-0.058099591855323866,-0.0640240165132701,0.003039741627552188,-0.04423867630495524,-0.04616973457268942,-0.027185338793846665,-0.07609494761918305,-0.09189221281118826,-0.0073881004890987085,-0.018953953087921083,-0.08563777473944911,-0.07343907862719286,-0.08318034262012357,-0.026208343708574947,-0.06249936363604815,-0.0031850387920225012,-0.04892876556463988,-0.02772344670069844,-0.02221867762866435,-0.04342119478795575,-0.061730590893054056,-0.06770372227901476,-0.06022244728358352,0.04633647944510878,0.151093846708988,0.14208128729402175,0.11004639730109299,0.15208527113339182,0.1727820605737989,0.13936482861165236,0.16761263010773922,0.019675669904423015,0.04072451969837385,-0.0074037700954196475,0.046956314207171015,0.07109638752290982,0.041961610626073904,0.02872455625071786,0.03014927950710905
7Networks_RH_SomMot_30,0.2484473161063984,0.44090887499866543,0.32737390361324664,0.312628663722235,0.2949463361809779,0.13295362036018243,0.28987679949735895,0.3379572415856779,0.34463440511722376,0.28572121482360774,0.4424908268384833,0.35183301124913025,0.16864674367982915,0.31421553557519033,0.24426119007434224,0.5108268985644167,0.5852718332967203,0.5513817081388739,0.20870506103568415,0.19340430374487566,0.2455161378806829,0.39837190154693064,0.3673218182092024,0.38442230078070544,0.2537587362713569,0.43507857718256543,0.3565336357209591,0.3370148414498472,0.15448566594340496,0.3314963262732913,0.19198820643167588,0.3218720992637027,0.31294778748200447,0.27427515256213475,0.325890665224415,0.39428998646235924,0.07703739935206541,0.3226574483798301,0.2818068350302102,0.2572258711078521,0.23897184064126303,0.37935916239218753,0.2913715535718174,0.33270285333549293,0.12126442697787627,0.5301621432197988,0.17419405166569119,0.32821485980279563,0.16394235357157785,0.29074693018430153,0.2207299443108046,1.0,0.2200265349135902,0.44582587931522233,0.4608311115362962,0.3103267290246878,0.15986949397146225,0.2701235793248767,0.13417283001677136,0.5101817658112678,0.36827979931642607,0.3454226676305108,-0.05419763033538919,-0.08285824598339592,-0.05513184650748007,-0.07969088084240483,-0.08427581172394943,-0.07173746545363066,-0.06598639522544947,-0.0742071876885765,-0.054337023138488504,-0.14979726262973297,-0.11323651968012,-0.12334537420990675,-0.1727417969557801,-0.15941316835434186,-0.09270357257169207,-0.15302146505101152,-0.06418382029115187,0.005476982537419615,-0.024597765454377318,-0.05182514722068358,0.0013735999546208434,-0.025871727846646736,-0.10177928866777959,0.012338565309657096,-0.04861875128418843,-0.010496398765662069,0.020285950372416966,0.06806255270154701,0.01141412123873799,0.00396474470343141,-0.027148991015741846,-0.013562079190992662,0.013903234281391126,0.10352821077790228,0.10916600824194138,-0.015261849007784154,0.065735585793745,0.0041558413746156835,0.06136058887349541,0.023877018828154004,-0.03128739253357826,-0.018578353598213554,-0.023607614515966345,-0.047951283179882884,-0.015964182457527218,0.005807288843097216,-0.016110765982071843,-0.009643633251973436
7Networks_RH_SomMot_31,0.21061081025539302,0.22861915279164877,0.14889394743980636,0.13137293413627696,0.19063226075613054,0.1441077154644812,0.17677925215247722,0.2346577801678404,0.2735493987806693,0.23819776234751733,0.19974999444579905,0.2974685614331133,0.20423831253938513,0.20248908858446465,0.24740886070199591,0.09233216105543181,0.21344167167698463,0.24329490296534803,0.3031659331189213,0.11771321680934319,0.18296297339390544,0.2437526981543095,0.3647388756232841,0.3914210858338628,-0.007881190826650106,0.17060135958295747,0.5457943255298849,0.3169224080492457,0.17713743024539877,0.3881169903662812,0.12410802138875991,0.20640649944067033,0.17731299930861455,0.17856960742724282,0.2289433031129707,0.26922800045932604,0.0702024952479329,0.23027435438847885,0.24507242683072494,0.2990546319948984,0.20530724852372342,0.22967394598826368,0.3044392571147632,0.2904177485129607,0.3031662918932087,0.3199793941982281,0.3502366925917984,0.40110147377250566,0.41536400851663413,0.31134522140198734,0.3253692301024756,0.2200265349135902,1.0,0.4041071344848558,0.5436673596264086,0.5056410792321586,0.3921848396466628,0.3683831775770164,0.09914296298516456,0.26273849289994666,0.3692656073929848,0.3561077977678304,-0.021835587140074813,-0.04116670632050732,-0.007898407518567001,-0.05687771298055164,-0.03903197958756915,-0.02107735215676893,-0.03839189776555827,-0.04279476740482412,0.009318309921698844,0.04717350465028384,0.021039512926606725,0.06561259977417948,0.07507283579587416,0.050828835728787713,0.04365118897065124,0.03976809594679013,-0.13091212989435996,-0.06326209282987268,-0.04558461907025803,-0.0709776827866092,-0.07855660755273258,-0.07520253535379327,-0.09679835950028785,-0.06410399221813344,-0.004301286213849534,-0.010841186830227636,0.01636646877219335,-0.06987720189205586,-0.06638810340541806,-0.09286626659049742,-0.0896417494481483,-0.023812384231734568,0.07815615828361518,0.1340889230133687,0.10125487725923592,0.058380720853740034,0.1646468095533765,0.16997704944584188,0.1257111479087327,0.16069334489793044,0.01657451925053787,0.03488327274357335,0.015267201226496486,-0.01751645615134557,0.016927648730873088,0.002982389433361699,0.028427191988223906,-0.013222711538124562
7Networks_RH_SomMot_32,0.2718203170716295,0.34289133670158567,0.2865364083313616,0.25790498794999367,0.20211707313362304,0.11360069230156794,0.21136641634988995,0.30965038119086163,0.18966841931317616,0.2588866452756839,0.37408371259403383,0.22192008140061556,0.07060754533934285,0.27491092251553484,0.2135516755077015,0.43618340898991637,0.40183698678913043,0.39337542843924606,0.21407793527564214,0.3112180954254372,0.2841023206925057,0.38628312672977483,0.3260385214854259,0.4009527267916959,0.4296299909824113,0.5417828659437712,0.5467753357560292,0.5026304094478954,0.3800450504367199,0.587583058458926,0.10991555945620445,0.2272691920373082,0.24571525746209802,0.23903814429818673,0.2896964929338801,0.38281120900721466,0.05310601780330675,0.30169150403620176,0.28939200768083934,0.2732337747567404,0.17012853229880254,0.30645245879510813,0.284620460796092,0.2695058314241303,0.08449244694634472,0.312413713392836,0.17514089116328146,0.33114659012478825,0.3460148912439201,0.44751383286749896,0.1984497062948706,0.44582587931522233,0.4041071344848558,1.0,0.5491832182121515,0.5550702818959621,0.5054734481649762,0.49686270266927246,0.46693423173055615,0.5821155305375663,0.5480362836221553,0.5531525229346848,-0.0995471617217924,-0.11375842022823286,-0.07901913375307358,-0.11488355675133537,-0.10625814255557903,-0.08281038873051197,-0.07553641742150358,-0.09467423446840564,-0.07419277277134696,-0.09035565414250443,-0.07825992325327745,-0.07288881390661822,-0.07652650329731848,-0.05600802392150877,-0.0463940658720375,-0.06056594874572651,-0.06053625064201267,0.009144795990671127,0.007899525495290532,-0.03604091808883344,0.008616315899205118,0.00010779908811182387,-0.05547067101625182,0.0466621513078083,-0.08506023509902971,-0.053290315880440725,-0.04713645037365411,-0.022334320021575982,-0.021963848585683846,-0.021717034835741805,-0.06144439215903046,-0.0025737018821865476,0.07711095238739653,0.051732605648441225,0.05005122493740089,-0.040907470988252065,-0.013123866605952935,-0.02114275430275159,0.03347485301088191,-0.004875645948342721,-0.025374982114263762,0.005789836599782128,0.0025569120381999833,-0.03981923952887242,-0.005648403854530218,-0.005768068172957953,0.01954106052011634,0.004824238725119153
7Networks_RH_SomMot_33,0.48025258792949116,0.4158569119573801,0.4443791120353467,0.4164970653159827,0.35504184047447845,0.29895004439598727,0.5055055621794826,0.4065686526340954,0.45318083225708716,0.4923189966842752,0.42425331186403537,0.48815886371099804,0.19604606704401148,0.3187698020847943,0.33140375789948917,0.33185480087106745,0.4856086860762773,0.5319135490709049,0.4036925966000427,0.17074914321850523,0.3995566131715381,0.4338345841021274,0.4522808422513711,0.5604263427551917,0.2712345930372362,0.46738814405019996,0.5950274858593605,0.559609206243606,0.2748321857063465,0.6027252648861349,0.32997224468044395,0.4524911260402475,0.41879497476316746,0.30477617505079746,0.4818788099183155,0.6119247884432821,0.07411562090244823,0.48489864088519186,0.3933081304878441,0.37429210363051013,0.30316924633059855,0.46879449266247397,0.5670624158149794,0.595051429974004,0.28900186605874256,0.4893714297737539,0.5143889571608478,0.6778691495577533,0.4030624163399634,0.40036817948686204,0.4748139869591018,0.4608311115362962,0.5436673596264086,0.5491832182121515,1.0,0.6541705267981031,0.40132452259935353,0.33766482689020866,0.24003656189219713,0.5573140748352536,0.5648768827162577,0.40143774427377793,-0.06854932614480842,-0.07559011788565995,-0.03074901012554653,-0.0803240338891695,-0.07208625878697866,-0.030627980471827212,-0.035754982855158025,-0.03715247273517829,-0.05095281864754149,-0.11293795826718293,-0.10194900247024341,-0.05392335627282626,-0.07384939293808494,-0.06076139086302937,-0.046930304825414625,-0.09161927791947433,-0.0414475185218031,0.06224562109827913,0.041702349851433486,-0.1064691780310712,-0.04488679885988068,-0.07313492444003644,-0.09812585268484054,-0.008621833533362233,-0.10000362494335595,-0.08878512167182223,-0.05476688082182685,-0.04867960525730747,-0.097147183256648,-0.10346220971861719,-0.14939900367117498,-0.09844459127925739,0.05084824589599859,0.12020368354062344,0.15213445933907183,-0.01767728030866062,0.045153342208462094,0.061903149778048124,0.09167568480406071,0.13207121909806255,-0.05497576716923418,-0.023210386054026262,-0.06621412784812059,-0.05350809313943897,-0.05171730038005536,-0.08987376174823607,-0.034763245894479794,-0.08935440544781127
7Networks_RH_SomMot_34,0.31171226121611767,0.2656360401889394,0.19320620348448025,0.1536383039780199,0.1595623756828071,0.0800020025792437,0.23631029402205414,0.14470212886292552,0.3287704080138775,0.2426769578319519,0.29083952077909814,0.30953505318879043,0.028393931537574774,0.06430819849632531,0.17725571220205694,0.17306968711275733,0.2629784354906211,0.2555271702116746,0.20527021227950681,0.04862937367302752,0.2742412917387493,0.19589911250372954,0.32074536193589936,0.36311978423207736,0.09524424433736153,0.2333548007383258,0.5549397704686067,0.37016508561783196,0.22572986034027473,0.5832065161705869,0.18088330834790614,0.2196966435912395,0.2242251706439327,0.21445882432404692,0.19651432637074687,0.3411990495533144,0.12413299899399816,0.258257163787693,0.254579444436865,0.2954407520641094,0.1283785892316485,0.2993674461461807,0.312730366375776,0.3076486527822144,0.15068114245235206,0.2793126185729729,0.2956770173766883,0.2968027602623092,0.31092388154261724,0.29182308899826853,0.2153839050597258,0.3103267290246878,0.5056410792321586,0.5550702818959621,0.6541705267981031,1.0,0.40086163561796595,0.3050722301130082,0.09089930298157457,0.34153902584738766,0.40671239230821266,0.4567621350404313,-0.02405646935312697,-0.028821416027335827,-0.008475884020739448,-0.08754058483500035,-0.06474459528338626,-0.06101208997891446,-0.029838007317949233,-0.05997282090630064,0.00908292910491108,-0.02162522936056944,-0.033791492683662286,-0.034190238456319626,-0.03455500081622843,-0.05904693391343307,-0.020076790096704347,-0.06651550026968411,0.023287118753638814,0.10936023475337106,0.09473313717443554,-0.04465711466891141,-0.013805236591185318,-0.07351330009597726,-0.06795533414247015,0.01852002270240371,-0.06376532126116277,-0.007515380970257065,0.029328117820348342,0.012870717981400548,-0.0029098242235101996,0.01991280825581982,-0.05078518971406354,0.03568157274382409,0.049978620482965044,0.10797832924163797,0.07838843185904874,-0.01836613598114792,0.0937590838955069,0.09556699291997912,0.07111350039049405,0.09279942913077276,-0.05605337556745746,0.02208147935657644,-0.02840538280493777,-0.0011373376093431952,0.04629424776893419,0.035447406067230534,0.04370536662211638,0.020737713201778467
7Networks_RH_SomMot_35,0.3217533825187623,0.30319361185625143,0.28610868193126504,0.2245883347466849,0.20805832187208056,0.05685629356866289,0.2089209272317857,0.2690418151092226,0.3471141609570844,0.28244890319607613,0.37466975986077516,0.3419840011350632,0.03659446058177385,0.12086868697919383,0.21319754421148548,0.29101224815849264,0.24580809224838562,0.31510141331625247,0.23661000813018068,0.24687783990899184,0.193615182026276,0.3814020448173705,0.3859390798381883,0.3426680581245082,0.19915394822051014,0.34884404307428346,0.4531507131313599,0.4922315279778107,0.2743881643633035,0.4056441418335792,0.14895298034137147,0.2612875806654151,0.29169639939424513,0.23613987223779984,0.3160941859700137,0.423517474815044,0.08797956742560104,0.32380508773882605,0.23020751779623974,0.2726449653096347,0.24021135893375348,0.26025255519064117,0.3315206703320105,0.37869841128633447,0.09655127927543768,0.3275195802425751,0.09068645651688123,0.36523824949425454,0.5691799951684079,0.423411519450982,0.1943805768665769,0.15986949397146225,0.3921848396466628,0.5054734481649762,0.40132452259935353,0.40086163561796595,1.0,0.43937650409613666,0.35561640888888213,0.43084889909145035,0.4153805019205321,0.3716234077930712,0.029386147257429943,0.014102321464147145,0.04051531604487422,0.028285883423045523,0.024917590002783062,0.033893310983381254,0.0706150901040176,0.05422559647127619,0.043389727873092705,0.026809844710386537,0.039561901366994896,0.0022760959572360987,0.029007482720088337,0.06809525650192885,0.06695302519185754,0.07524982194862806,0.009828766940811577,0.05853890944166502,0.04947577400441515,-2.468437568014841e-05,0.014703466251347478,-0.0014338205598224806,0.02176934002523748,0.016576652711331696,-0.013000703251034841,-0.01780119833549579,-0.001075528513524464,-0.11675062501570724,-0.06708135313639134,-0.04638640840509733,-0.03959783142397416,-0.03250357863353254,0.0074064794487072256,0.0072133385921277745,-0.0028146012783858637,-0.09368467733256826,-0.002126687142548075,0.009167869554967272,-0.02411398229940644,-0.0119247167149328,-0.10466982383048971,-0.08600650121888233,-0.08735240476686988,-0.01275363116103083,0.004275320688714979,0.01923954189107284,-0.03241128613713317,-0.010303787652189117
7Networks_RH_SomMot_36,0.15031255654339304,0.3418748335882419,0.2621428784182524,0.24433184679294068,0.16539228910184225,0.08355048554059959,0.11348175369937935,0.31265198718058285,0.32118029712229296,0.15930378324374206,0.3767941921464109,0.2337163018663371,0.07934515693410804,0.33190844803425074,0.1882920099688432,0.36253263667854563,0.18383764090063484,0.41055602877813613,0.18623224002504765,0.3816142055319586,0.24498735246184367,0.47614391778998005,0.4770590879726121,0.27205870524137143,0.3379746438828928,0.42193603719751915,0.47904366717447344,0.43078571523842857,0.41134645623609756,0.3879255688030599,0.009613768263722835,0.11281168884897277,0.14039391369541576,0.22772875657252867,0.20622870420413653,0.24956721939747858,0.13942036932337934,0.2848179518243866,0.21891619692722097,0.298670904411985,0.21549861775718313,0.26696650331625127,0.1981301072974213,0.27106691500891683,0.06696720066464837,0.3682220368293312,0.10569864208437448,0.24533250049330627,0.32215374613549036,0.517517485165146,0.04745999004338162,0.2701235793248767,0.3683831775770164,0.49686270266927246,0.33766482689020866,0.3050722301130082,0.43937650409613666,1.0,0.44284750808905776,0.5458625610998038,0.505185767113862,0.46440642314545016,-0.04089384656478472,-0.049251609672052804,-0.010739145850833609,-0.10807224846794394,-0.06725180614912346,-0.0479892157114496,-0.0437087794637144,-0.018890641054689794,-0.09319772523313001,-0.056792554202838755,-0.03901838388266859,-0.0768534461577544,-0.05521623767632377,-0.03319245687607032,-0.031758381668911574,-0.019024196822729534,-0.10499489623995491,-0.03462473412987975,-0.06197699608156467,-0.07324856391510721,-0.042363926602466025,-0.06467087185875735,-0.11426172156441698,-0.052322854125244234,-0.08421389228333703,-0.06284502025285622,-0.04153653665051003,-0.16769253697426545,-0.11902944310613006,-0.11497600198945798,-0.089519565182862,-0.06545530866228341,-0.0010479156856915142,-0.06712806320246426,-0.003679856978384445,-0.08750785166471388,-0.09087005082148168,-0.06892204644835662,0.002363820149487334,-0.02277049836327178,-0.03785082919828699,0.01220966797304896,0.029212734702823498,-0.09870710863883932,-0.055626398189484526,-0.04129315677649308,0.009479425857881344,0.029322941054251473
7Networks_RH_SomMot_37,0.11161818238086278,0.2037527263547625,0.22274843437756187,0.1841347795206884,0.016923065996140914,0.03832118134885001,0.15683478524304412,0.3806705328566335,0.010687607403501014,0.21724103366951353,0.20510486136135753,-0.0314201287598856,-0.05306192384698261,0.33496847504058913,0.21778715860474976,0.3703960291577961,0.14352166545269304,0.2938419574492557,0.17587705675294993,0.5376938961096261,0.28095848256764805,0.4640473453041117,0.2213228326952762,0.19855816306845667,0.6500709295034877,0.6339392017567956,0.1627171645567,0.4740673851322955,0.46011318508124915,0.32725643467007676,-0.09902481203842324,0.017327155785991432,0.04438384613986547,0.14342136662361832,0.1775764949535579,0.22584104081132225,0.11654981802107844,0.30819958905681544,0.26609633207074074,0.09283601140967988,0.18797747871695417,0.1099958554096389,0.1802411497919336,0.14178994403948791,0.04475083425034767,0.09517138639133162,0.08312693407651105,0.2880462188792233,0.2019400406079326,0.49277506112468306,0.13168766634152282,0.13417283001677136,0.09914296298516456,0.46693423173055615,0.24003656189219713,0.09089930298157457,0.35561640888888213,0.44284750808905776,1.0,0.4455741133361091,0.3578481448692578,0.3135717150120633,-0.11313432736192659,-0.13969149241258583,-0.1079071176520092,-0.09591579996297625,-0.11357518867844914,-0.0846714847844854,-0.08059078950886601,-0.09718863043903038,-0.1633942712253774,-0.1529568714197329,-0.12847862064333224,-0.11799962798111861,-0.10263770420442637,-0.045333769961267915,-0.12088642127196983,-0.0873189791255045,-0.07571368948924738,-0.025208308634687593,-0.06380904243336279,-0.05541381592602062,0.006395853128012742,0.026330478595644392,-0.0611031800074445,-0.015683295398281685,-0.147853058433226,-0.11022272323332857,-0.1956364752305401,-0.1272821947510409,-0.07710026883946276,-0.10316436934300671,-0.10906330518874888,-0.11480808133485725,0.06534112301020192,-0.09503475548887717,-0.04387510760912303,0.008687405714119809,-0.14072518384537766,-0.05404707163782658,0.04925321753946111,0.030059864231245324,-0.030200014955184595,0.11046588798379135,0.047799751142839006,0.0702553938115644,0.12262850215374645,0.08789302610493532,0.07925637908751912,0.114400418897692
7Networks_RH_SomMot_38,0.3907356707148845,0.4779152194267678,0.47523206652441813,0.43349075480691485,0.3853151896551947,0.24678033167236169,0.38561509244929226,0.45970975299204675,0.40579478072367725,0.39152228194717287,0.5415911893720919,0.42702347577664823,0.19108676070080285,0.4117611137152266,0.3826642769025211,0.5073519888249012,0.5800591620858107,0.6942049687869999,0.35273549619059086,0.4509859004194518,0.3703320314163682,0.5986678662743137,0.48599672490615203,0.4893344372282775,0.4987238481203385,0.7336141923006169,0.5097103403151165,0.5902759614765338,0.3736876179262348,0.5358333054303287,0.13507252296373326,0.2828148912241254,0.360277285030774,0.36138452061909493,0.4853456521084095,0.5658698438586882,0.16705606662224248,0.4861121695519807,0.42133567769526103,0.3913552030450701,0.36784346644124855,0.5187243981519928,0.4770410194320276,0.5342490331602551,0.17392055972557915,0.5292733275569478,0.2624813531727476,0.5481271148224297,0.39054910517911245,0.5289693672797376,0.268571547326871,0.5101817658112678,0.26273849289994666,0.5821155305375663,0.5573140748352536,0.34153902584738766,0.43084889909145035,0.5458625610998038,0.4455741133361091,1.0,0.679611886010787,0.4918839199827211,-0.0670969617583086,-0.1108949964688518,-0.05600592256449738,-0.09447728883539054,-0.10141476090407961,-0.06789264559301665,-0.061418012981024846,-0.05346088406052961,-0.06926754615186437,-0.14877624730577038,-0.08870516238712775,-0.15302445154603062,-0.16319913368013414,-0.11802715423759315,-0.05415590127972935,-0.09367423718747613,-0.13349173067561776,-0.06600691390309554,-0.1012235700023314,-0.03606024528552104,-0.02129538203992402,-0.025658960423315565,-0.09837656028807716,-0.011316475119380796,-0.12389634892989665,-0.07502181378960365,-0.06652613004203187,-0.02990000512625082,-0.008450261655543207,0.0182517678837349,-0.05999252800339794,-0.00806143108085092,-0.05102089382179013,-0.03850846824740784,0.021519655287152988,-0.1567831830644173,-0.07800972930805126,-0.059098931965552416,-0.034180458758933566,-0.028928870387731797,0.022629281350540816,-0.01839298762045444,-0.024926142149687063,-0.06688016596682893,-0.07957273005791778,-0.08611769284019853,-0.0017483749115988908,-0.07284276928597062
7Networks_RH_SomMot_39,0.3988587265168746,0.32704452540548007,0.40449671019150785,0.3572770973703591,0.2967937739788545,0.19849321919562962,0.30668498608236977,0.37911225901091966,0.31321826231385436,0.37382128470581133,0.4034451098664418,0.3297435918738687,0.19308691559621086,0.31843482657304073,0.27045870253212206,0.41544066885184633,0.4498213730695498,0.451759655456717,0.3295096304746394,0.23979169973520215,0.362751038672489,0.4675341690886041,0.3427048181410767,0.39872596794557624,0.38964845591973396,0.5807438217073629,0.5113524928198706,0.49200481224625636,0.27552144937732137,0.46626313226900185,0.12948580791133027,0.23276349432169677,0.30322517544398164,0.28996695739149153,0.41801812344812966,0.4890563277226477,0.1107364295891342,0.3663221136441802,0.3254398164675661,0.3375095626703056,0.3208191117633785,0.40554131140175054,0.4718160230111926,0.47920122581097174,0.2489208707744605,0.4141300486400182,0.3608583102195765,0.5508302051723679,0.3929452133474177,0.40301019016377915,0.26702897580376184,0.36827979931642607,0.3692656073929848,0.5480362836221553,0.5648768827162577,0.40671239230821266,0.4153805019205321,0.505185767113862,0.3578481448692578,0.679611886010787,1.0,0.49853684752409166,-0.05115479004738902,-0.07220193757108231,-0.032099796011523116,-0.03636639236011485,-0.05585894078642199,-0.024423349365613353,-0.01640126339495336,-0.026782798461342176,-0.07007003895823248,-0.07846977260036578,-0.03590767606867201,-0.08651705519485235,-0.06506691617350184,-0.021818164788692654,-0.012308633351458846,-0.004605597286889426,-0.08563420445549214,-0.007749431706493944,-0.03342136461614726,-0.055872997810339324,-0.024187549174395702,-0.039542563629014475,-0.0945171889029451,0.01053898314183129,-0.05400684670535082,-0.059601902344728175,-0.04215323727264315,-0.08685929179112337,-0.06802758733726619,-0.040224072153335996,-0.0728808985711566,0.005823096681249147,0.02168687754056545,0.008743389240415334,0.0192067970258565,-0.06954492675113876,-0.03285239615987701,-0.04206387895392298,0.04251510718322666,-0.02660029912529897,0.01136700508033765,0.021040896901404742,-0.03123007025773411,-0.07216599159559278,-0.039963670517038426,-0.09343496444815157,-0.013043867509831657,-0.06730052639974395
7Networks_RH_SomMot_40,0.13017575801588596,0.27083407929747405,0.12761207794221538,0.1122683014668644,0.1442289499839001,0.07973830641916396,0.14215935421708426,0.1757603317493659,0.20290258723124482,0.16225482896638435,0.21965920740492462,0.20103590410314917,0.10660838440507468,0.17235227638388864,0.19751838394875737,0.3258283023909179,0.32744218435503325,0.3430005921298555,0.21193908415964138,0.17137186624094625,0.2623435135432025,0.3115225706857733,0.28061569085140076,0.27534835155662674,0.19109894027986485,0.4333288482956396,0.39237464827816926,0.39255070370214484,0.2677091211447925,0.4391742127711562,0.02409084599595248,0.0606536615102216,0.05630030979860787,0.08659025921547427,0.152871840367527,0.2081265419404569,0.08307478358430907,0.195425719298024,0.21138051418109885,0.2505673060263259,0.21957386753418293,0.16596216563030655,0.1981629245778433,0.19120370627132055,0.16713317447288814,0.2202619702581768,0.1959586999657215,0.2305537127658005,0.3368748069758238,0.4667049249731584,0.1381168274510029,0.3454226676305108,0.3561077977678304,0.5531525229346848,0.40143774427377793,0.4567621350404313,0.3716234077930712,0.46440642314545016,0.3135717150120633,0.4918839199827211,0.49853684752409166,1.0,-0.03500350834033174,-0.048247022972030325,-0.02300524251597738,-0.029938781413651493,-0.03197641953412914,-0.012490191225028492,-0.008460130348006032,-0.0088692759622676,-0.07953964587203696,-0.01730427643004248,-0.019393029908108844,-0.020909561976714904,0.01835118221200198,0.030794794415737525,-0.024868644876273924,0.0004353041966581973,-0.050059335311061805,0.07000952121435741,0.06805952436056592,-0.042106484093028695,-0.0016755220291482485,-0.0168416540201509,-0.0009295766355037252,0.11595539512759524,-0.04116728135071834,-0.04538569513157046,-0.061123187466891854,-0.05357311541404483,-0.040951614615221434,-0.023325753074539685,0.01495934574809999,0.004304648969842848,0.021307867523353584,-0.02674936347837261,-0.00858079751235451,-0.10231977160612193,-0.07620760630279257,-0.05871016777278116,-0.041726092475685025,-0.0630851900459106,0.022800075202691384,0.07598476325090807,0.10569195291765146,-0.017718687054936517,0.01864994365717381,-0.002002512870794233,0.10590002469743308,0.03911855288456637
C3 GM left dorsal horn,-0.13187546374653764,-0.011565479538894837,-0.16655866214486628,-0.2237746995906106,-0.05185578253125346,-0.12015448112635381,-0.11168655186688374,-0.09498948994748445,-0.014605566708898938,-0.0898573427675616,0.036974067360236104,0.029553804790518664,-0.043136372593017,-0.11972103028467367,-0.02826553315349454,-0.00381866695147345,-0.0007879216535707557,-0.06794972337642935,0.05423063348139834,-0.029267762266812093,0.08969174949611905,-0.011606007450947297,0.0041774837279537425,-0.0011975360085324902,-0.08792686845959945,-0.12879136485645537,0.026792552236913143,0.018126192537947252,0.036526317603237136,-0.100020476687775,-0.07225124869226626,-0.11106992546922585,-0.16728215071405753,-0.009973004220930308,-0.1268959481319089,-0.14912596589156535,-0.029323913733136992,-0.11672401275301335,-0.05050872828305881,-0.08603412868221562,-0.14722426438478195,-0.03610602195561929,-0.07956720858550691,0.009355819416863307,0.08272380483428864,-0.0071481288919685495,0.03553863036594294,-0.07512242636766317,-0.00038349658140498155,0.07651967151791782,-0.044597853355446526,-0.05419763033538919,-0.021835587140074813,-0.0995471617217924,-0.06854932614480842,-0.02405646935312697,0.029386147257429943,-0.04089384656478472,-0.11313432736192659,-0.0670969617583086,-0.05115479004738902,-0.03500350834033174,1.0,0.7991397919440424,0.8002096999787658,0.6120983850168167,0.6630875573785437,0.59532356755697,0.801866682630699,0.6627985876434517,0.3505626232072826,0.3400839231398597,0.28435406456394663,0.30136244999804085,0.2794048382478169,0.19431126902207915,0.3349836443790546,0.21061097502235565,0.16920135799438313,0.21435022711814372,0.13807033542361108,0.15012566538471137,0.15287464262835732,0.07398581865572275,0.14322931299984215,0.11010089547342652,0.1364049694523836,0.12444581799325796,0.13236428995233518,0.04203437524671407,0.05732552187448639,0.05925011148826819,0.1103342424865621,0.06436858696467947,-0.1255211575001834,-0.052866961844545694,-0.04423684627147017,0.04411698239184445,0.06250792243915176,0.1120948649641917,0.060178321519634245,0.03383086419807913,-0.10176928752362187,-0.07818018893572576,-0.032249591560002885,-0.01822313487590118,0.002060646130002739,0.008395574056478412,-0.08658108770385656,-0.10999706747201436
C3 GM left intermediate zone,-0.15758935855355558,-0.04930639580544484,-0.2190800747811379,-0.19088856237021162,-0.06162305562769665,-0.08216241343666335,-0.11280532936044592,-0.12354060625388175,-0.051977212397633255,-0.06912246590540083,0.014759734993595414,-0.015383101769499094,-0.04672220721111026,-0.13889311530646045,-0.08628897215268487,-0.008168543505852256,-0.03893339820375063,-0.09548492255940022,0.020442347591207225,-0.07418056070640104,0.05140931203499516,-0.04625667892784462,-0.06898672229740291,-0.05473823291605485,-0.1021069592092056,-0.14460249060852512,0.02279135984754045,-0.02746311565537381,0.04252384430597825,-0.16767954874972205,-0.051608277772062616,-0.13763499245004465,-0.1809266156594776,-0.11894420779446237,-0.1513142656731379,-0.18895546498698382,-0.08799458012337748,-0.15114175640733182,-0.0989722170309541,-0.101367903306253,-0.1407912723588822,-0.07633045859199702,-0.0838709464820472,-0.04905992230025507,0.06902975364447302,-0.06353110897946956,0.05346003967487042,-0.09155683971808462,-0.03619109129843307,0.03658985887873775,-0.03930258907286463,-0.08285824598339592,-0.04116670632050732,-0.11375842022823286,-0.07559011788565995,-0.028821416027335827,0.014102321464147145,-0.049251609672052804,-0.13969149241258583,-0.1108949964688518,-0.07220193757108231,-0.048247022972030325,0.7991397919440424,1.0,0.8721632171684423,0.6865536399508068,0.8253700229011854,0.7410150448168583,0.8123992948453568,0.8057975706535228,0.36411348214727324,0.3926194610043452,0.3034593105343816,0.41141311639545397,0.38321426981689255,0.2875924114293768,0.3914816379737907,0.247116188330636,0.15352298924480423,0.20251594578297794,0.1287096862326514,0.16293311178260325,0.15077861889445202,0.0701042010582152,0.09417581438282008,0.08197716381657387,0.18225743558646465,0.16593467015911623,0.19738089498021272,0.0725184322749144,0.0756460912628856,0.09248163469004275,0.19181369411349977,0.12987023042906115,-0.10763364937683804,0.009555844072032025,-0.003587755514258279,0.11867435284962967,0.130939907568386,0.16608560269465508,0.09858251034050289,0.06599808016334917,-0.08817646852841063,-0.06676438873954049,0.0043095638603653005,-0.047352298739095584,-0.017584736794077804,-0.011745428909515437,-0.09441404204626115,-0.08987399013183259
C3 GM left ventral horn,-0.09970795723420596,-0.020405997563141254,-0.19960872732203694,-0.15124277228725516,-0.012342078670846121,-0.024590889320555764,-0.02756092829722931,-0.06887440003038954,0.00024150850379238835,0.001144762960750785,0.0566247337511077,0.02972086125230585,-0.007343253209017556,-0.09503108334734224,-0.004506971772651089,0.058341837611891614,0.014644664781867489,-0.03796627540036569,0.08395516774753536,-0.03627952626170739,0.10952384238041973,0.008406967742779176,-0.016301162366524704,0.014516312775869903,-0.07240866323265878,-0.09702302266098638,0.07351646995558694,0.03254855192863429,0.09456137979829533,-0.09383647144957277,-0.022661757410541144,-0.10782092397811685,-0.158536063343662,-0.056098079041438764,-0.09572730202324192,-0.11900444683785151,-0.07605128609692184,-0.06572173361775578,-0.03600309605917957,-0.03568041080603715,-0.09498252123118145,-0.05429505113814291,-0.01794663047384481,0.015728451566668782,0.10187641639723229,-0.008103519872981541,0.11830353312557974,-0.0260725967437154,0.0031909968616158995,0.09564795803157655,-0.00915962205316475,-0.05513184650748007,-0.007898407518567001,-0.07901913375307358,-0.03074901012554653,-0.008475884020739448,0.04051531604487422,-0.010739145850833609,-0.1079071176520092,-0.05600592256449738,-0.032099796011523116,-0.02300524251597738,0.8002096999787658,0.8721632171684423,1.0,0.5895935006623957,0.7243961530894181,0.693228158718552,0.7997543809984614,0.8195174675681333,0.34011872371203317,0.3206180176887141,0.25654081425721087,0.32840401407365827,0.28727657108163823,0.19956940170016776,0.34055377659949493,0.18714039454368733,0.15147828978349118,0.20649268403023072,0.12883590851840435,0.11820292748642396,0.11713854536769919,0.022407062733904592,0.08064223632566374,0.0789380150998121,0.15070740304038135,0.14467294022658705,0.1618261289317524,0.04383838805718279,0.05534994570498998,0.0662466420856239,0.15375715021595357,0.09619663871345314,-0.13284640742426335,-0.024789558491884117,-0.019025256083176678,0.07686187050578602,0.10650377684147837,0.16861755846027732,0.08812392617890101,0.06623351562933735,-0.10135261556233403,-0.06384003547284534,-0.004018258897491543,-0.047277204264871746,-0.019334570687748562,-0.01739503229687837,-0.09568211483422333,-0.10818120046100178
C3 GM right dorsal horn,-0.10157714783819463,-0.06649690421786314,-0.17046232076881618,-0.17054744279136336,-0.05640141677604055,-0.08882544343063208,-0.10216700828149121,-0.11229885068068556,-0.09803206100521354,-0.07350747292778186,0.0061987908191413555,-0.02105324268082824,-0.014015351445150842,-0.09241044818869101,-0.11773413071040544,-0.05109887862418113,-0.06336858303103175,-0.06714885274454614,-0.009168861517091722,-0.05624162484221215,-0.04227436934115364,-0.06298584262531365,-0.06939073640130693,-0.043581155303746705,-0.08363859370799824,-0.10154881105009948,0.014085128593286474,-0.02730261739521713,-0.007455753828939187,-0.18825900226270254,-0.04482315761125384,-0.12596402025703887,-0.16220294566553953,-0.13738625279925692,-0.12380345694413822,-0.1602732884083818,-0.13386800904126514,-0.14012885118189405,-0.09583406108545373,-0.07223504645081945,-0.09784315139137398,-0.1283520976561306,-0.0896556071554581,-0.05434732493290509,0.05454718918898163,-0.04005951526566673,-0.00013366095192241518,-0.06719273153891701,-0.009759629718119795,-0.014650569615999188,0.009015838137026841,-0.07969088084240483,-0.05687771298055164,-0.11488355675133537,-0.0803240338891695,-0.08754058483500035,0.028285883423045523,-0.10807224846794394,-0.09591579996297625,-0.09447728883539054,-0.03636639236011485,-0.029938781413651493,0.6120983850168167,0.6865536399508068,0.5895935006623957,1.0,0.8363146033547042,0.7904219622333996,0.7925076067398665,0.6842249922112785,0.34754818759791795,0.37715173246489897,0.29434713703313276,0.4328030972692397,0.42070673761708693,0.366342831048051,0.4184588392081007,0.311178874510148,0.1199077212690685,0.1870214820577817,0.12328900749426133,0.14383077719209272,0.12895021577475002,0.06424206121149291,0.09298066179288791,0.06742590693181878,0.20271851293762108,0.1847748046684384,0.19331233534067233,0.11817539796236079,0.12818891325115966,0.15544133411494648,0.23626233584750012,0.16945996567996588,0.021565711212271587,0.09367610587212256,0.055173741172991904,0.0757457703921998,0.10583934343818874,0.11357285058571587,0.10303849189144378,0.0522688173351958,-0.08211616587135477,-0.041742052517582284,-0.009011050166288835,-0.05729287488136349,0.008185685217298832,-0.020240665711940584,-0.13479116398394692,-0.0911224705511739
C3 GM right intermediate zone,-0.1497791227582809,-0.04562375646353416,-0.18486487493491371,-0.15517927430317852,-0.04443904045701267,-0.06757612253082307,-0.11943579433265505,-0.09093947292915276,-0.06971850656205239,-0.058375070324902474,0.02745992793784043,-0.02932191808347828,-0.04849959378562983,-0.09993585124634885,-0.12676761299565384,-0.008142942534263313,-0.048380346327767956,-0.08244438859100561,-0.006341056909715127,-0.0525792453580662,-0.01553513619073738,-0.03620140968219009,-0.05678126883890212,-0.03253246412515957,-0.0807311336708138,-0.10902260009156618,0.0393788247957215,-0.01486894531916263,0.04418587044558599,-0.1891459289846025,-0.054072311216080436,-0.1252318705355271,-0.16677845997481786,-0.16778158740268956,-0.12014459532453296,-0.20052827682976793,-0.09996045270636277,-0.15220650585092965,-0.1061749866281384,-0.08100164164740763,-0.08424779110780428,-0.09980565116764582,-0.08411368725228248,-0.05563716228820313,0.057168349618732496,-0.06618571406110929,0.010009852277932404,-0.07745702532924492,-0.023243246797316753,0.01917288782200734,-0.027647004025431923,-0.08427581172394943,-0.03903197958756915,-0.10625814255557903,-0.07208625878697866,-0.06474459528338626,0.024917590002783062,-0.06725180614912346,-0.11357518867844914,-0.10141476090407961,-0.05585894078642199,-0.03197641953412914,0.6630875573785437,0.8253700229011854,0.7243961530894181,0.8363146033547042,1.0,0.8863068039696649,0.8096720214762932,0.8022725661295195,0.33816343999385357,0.38724563578980864,0.29348963539120676,0.44407564707473196,0.44021460854649874,0.3710558929374321,0.40456328266466735,0.30171469195329687,0.11034642097455624,0.17243330102271257,0.11923221570562192,0.149521732153924,0.1466592345423869,0.08722703677789681,0.06853957420254198,0.07564994886031495,0.2214774747030834,0.18515655774295464,0.2245116739068699,0.09139761451769246,0.10066703568770946,0.12326846399464852,0.21657091731072212,0.1545213162247145,-0.04431769119509532,0.053793270253033695,0.025865628070486552,0.09565684796429408,0.11031645684892107,0.12130412124428085,0.08088702478040151,0.04149228839900258,-0.08319672161526719,-0.06726174207568104,-0.002447660928944279,-0.07736069152870953,-0.044419625111799727,-0.05885736548992865,-0.12466160787003902,-0.12249970744979347
C3 GM right ventral horn,-0.11707969715719291,-0.05021782279197796,-0.15478779483934116,-0.11659704918340115,-0.006403646559094921,0.005518196493488913,-0.052429407693879916,-0.036257451616837584,-0.04046623840260061,-0.001347312126722125,0.06393424996424923,-0.026038369296658048,-0.03543040723821289,-0.06208934550478319,-0.0848101910647594,0.03398786618227081,-0.01136901201483006,-0.04180454138645924,0.036672356101856776,-0.016696379100790255,0.008730774169378053,0.0022481574779105212,-0.018781077854558386,0.02813323734799375,-0.051628854757471185,-0.06694011097389296,0.07634217048827513,0.02774442818961594,0.08369572268113865,-0.1572557500076676,-0.03520215524551214,-0.10375235285787135,-0.15571540632619388,-0.1729164638341998,-0.08105773995532527,-0.1652471108368499,-0.10453047263872255,-0.09629870939669566,-0.057157292718179493,-0.03254167966588903,-0.025698625072166748,-0.08954675288590144,-0.046149315238627656,-0.02808613670457209,0.08043472340450171,-0.047023517046003487,0.04521705099507722,-0.03440980084928318,-0.0004165241687687669,0.043786526943990316,-0.0017969109875244768,-0.07173746545363066,-0.02107735215676893,-0.08281038873051197,-0.030627980471827212,-0.06101208997891446,0.033893310983381254,-0.0479892157114496,-0.0846714847844854,-0.06789264559301665,-0.024423349365613353,-0.012490191225028492,0.59532356755697,0.7410150448168583,0.693228158718552,0.7904219622333996,0.8863068039696649,1.0,0.7805797012862445,0.8104097832756769,0.2716636399023114,0.29565004633812864,0.2149467478477015,0.36011417414518404,0.35251536837036523,0.30085572168007996,0.32244915685099884,0.2356688632417345,0.06930369460508887,0.1462398592680001,0.10433212051510624,0.0996380685528422,0.10919343098924471,0.0538067299222836,0.02255816726595454,0.0638532736610565,0.20801953176753704,0.14907449330917533,0.19387349732201326,0.04123357064792151,0.052181141784892845,0.07938375139307183,0.1653606325134356,0.11407181162454141,-0.02901908553328057,0.045125613160699234,0.02264257429893222,0.051794853282332215,0.0793682121768914,0.08970384769767847,0.07015854384248314,0.03395415621700829,-0.11048908260303433,-0.08302652103000806,-0.026772063032888795,-0.09438448649018487,-0.06969686958409352,-0.0853490117529813,-0.1384550154132532,-0.1582106547815254
C3 WM ascending,-0.09655389030210541,-0.011330468733105092,-0.16236765970889244,-0.18123084967866263,-0.028073235970938422,-0.05731342940522873,-0.0741252898435417,-0.058219022957723396,-0.04403671941803761,-0.03531254289019476,0.08421900997054842,0.02637902543638106,-0.034404566867349676,-0.07101515641737804,-0.056588289009311094,0.0014299771623927898,-0.007788368236506108,-0.03169145259893491,0.07354762090605504,-0.005181526154569777,0.08434632307516984,0.028033807310668173,-0.013984575986125762,0.03406555869601345,-0.031722315031880985,-0.0705953725550632,0.058603579513289206,0.06931587268473756,0.07902111264821175,-0.09718670351462448,-0.04672331355259643,-0.11940237382079538,-0.18801647270078511,-0.08843970968216255,-0.10851623377768997,-0.13918331520863542,-0.10325481065703437,-0.09477471611978386,-0.06579556130529833,-0.04089876710681407,-0.12835909120467098,-0.08394690714040941,-0.06071991483997992,0.007530200568079048,0.06732305919393995,-0.028130063937156523,0.06435046483920889,-0.036590857682206414,0.006967438271813613,0.08393378678507062,-0.021086848505642575,-0.06598639522544947,-0.03839189776555827,-0.07553641742150358,-0.035754982855158025,-0.029838007317949233,0.0706150901040176,-0.0437087794637144,-0.08059078950886601,-0.061418012981024846,-0.01640126339495336,-0.008460130348006032,0.801866682630699,0.8123992948453568,0.7997543809984614,0.7925076067398665,0.8096720214762932,0.7805797012862445,1.0,0.8098156846445378,0.35665320244469606,0.3586792761785888,0.29399163928516575,0.393495268220885,0.3701571142068125,0.31321514378663096,0.41945593695077177,0.29099173611840584,0.13582107457319229,0.20118302882539413,0.141347856201017,0.13767931665069766,0.1389755073942415,0.07060171589458918,0.11186837787626469,0.09130934556248875,0.2134591609695345,0.18296372340088005,0.19484122689416136,0.07284516935995868,0.09594877692242657,0.11469114497175419,0.1994461984129505,0.14680705651583173,-0.057830430814248726,0.014202343217268232,0.003351002546543906,0.025449808846151733,0.07354856777303737,0.1230472473244944,0.06556338286358562,0.04563917400518958,-0.12667800097921367,-0.09038443406941538,-0.03997793445440365,-0.06438657347020685,-0.022102429674133475,-0.029623837127086192,-0.1492216064140531,-0.1371322254127218
C3 WM descending,-0.09625743208619829,-0.04140389976659111,-0.15758786616655968,-0.13712052873853614,-0.004540317455284425,0.007561090502797822,-0.03971587650998709,-0.048454274928801465,-0.029176184790887384,-0.005821724432034995,0.08663698417254935,0.009689610275349434,-0.019245804604715987,-0.06434460674113861,-0.0291318512215611,0.043452813419091886,0.00041826640541548686,-0.026453733422628745,0.08814198368311235,-0.03518888746342269,0.11312470799235289,0.02328295783277055,0.0005649942236150272,0.034864091976185285,-0.051706121040089,-0.05683647468434878,0.07382520232425772,0.0653166230851788,0.10875045046554775,-0.10647513500412943,-0.033675455188835385,-0.12152718657238085,-0.15280633029854915,-0.12031375601394052,-0.10385661362557072,-0.14214184656493448,-0.097005832368082,-0.08518674765689391,-0.05363034340355434,-0.03878355614939141,-0.08474281060867175,-0.07474121808079873,-0.04274003255250204,-0.010155530452135256,0.06846008757051826,-0.03049478095029358,0.10462653010929336,-0.02539665717063242,0.0009906005796987707,0.10727980132800166,-0.009702956419511802,-0.0742071876885765,-0.04279476740482412,-0.09467423446840564,-0.03715247273517829,-0.05997282090630064,0.05422559647127619,-0.018890641054689794,-0.09718863043903038,-0.05346088406052961,-0.026782798461342176,-0.0088692759622676,0.6627985876434517,0.8057975706535228,0.8195174675681333,0.6842249922112785,0.8022725661295195,0.8104097832756769,0.8098156846445378,1.0,0.34527181347055064,0.3264673519618678,0.2779240674786647,0.3846639406560365,0.34161013530928436,0.2921665499585931,0.4098090473615698,0.27654072955009446,0.11000834520630645,0.19168330563806327,0.14503098245033932,0.08206164408570964,0.11782519879036012,0.058920713140625414,0.057956605269352646,0.09508869074387498,0.17941074167319093,0.14102210553245906,0.19391149187780063,0.006030100199065158,0.016696711164624563,0.04056030567403252,0.15806913703634715,0.10664842686850813,-0.06235909230900927,0.02046843215413704,0.018818915998498036,0.04442164900272631,0.0739938817975819,0.11339431377855289,0.06655096048988908,0.0460964977116544,-0.08930095074485862,-0.07875343132907842,-0.004182788600954378,-0.08883876755095721,-0.07615628894841425,-0.08033112880861899,-0.12208709404244336,-0.15354661621239005
C4 GM left dorsal horn,-0.07447174677010605,-0.09847757613660472,-0.14454985041037954,-0.11443250951945193,-0.10297414425899112,-0.12515077343140035,-0.12125872262235139,-0.1501320890491242,-0.02848979875857312,-0.10053865563094021,0.02737996521641331,0.07058342380461462,0.030271633622981704,-0.08648745340344138,-0.07263203080383804,-0.05639010445090589,-0.062491485349210854,-0.04340301844528333,-0.003462601628117843,-0.07632735710557631,0.0077224738075946184,-0.04295730518394772,-0.010549300433674089,-0.027548547764848833,-0.08023734611527769,-0.11768152713958978,-0.0015179373134053353,-0.04713945078045978,-0.05995945824272606,-0.08100840342353818,-0.008426198956189738,-0.10931890565166989,-0.036664946084301625,-0.01745614651998493,-0.14847984801660266,-0.11786268228549791,-0.059115549403942196,-0.1666686184401793,-0.13126180020036537,-0.01528894222398238,-0.07029688107754664,0.02289142626570091,-0.033983032943323055,-0.019918905161255093,-0.08672639745080363,0.01564491952941058,-0.0029821577013259236,-0.05424411688053266,0.03348014230683646,-0.09699664932573679,-0.04452494970618213,-0.054337023138488504,0.009318309921698844,-0.07419277277134696,-0.05095281864754149,0.00908292910491108,0.043389727873092705,-0.09319772523313001,-0.1633942712253774,-0.06926754615186437,-0.07007003895823248,-0.07953964587203696,0.3505626232072826,0.36411348214727324,0.34011872371203317,0.34754818759791795,0.33816343999385357,0.2716636399023114,0.35665320244469606,0.34527181347055064,1.0,0.749258390772422,0.725777447188638,0.48649497394324964,0.4678851920652805,0.33268874286634437,0.7384182357992507,0.5089576655860027,0.16259160849617527,0.1426722695860321,0.1423788573224076,0.08012331354263703,0.07877409496105264,0.06639323215107393,0.1677499764675827,0.15739322371481398,0.1598189820520402,0.20997695964429264,0.1883848842202565,0.049775980614670354,0.12651359976507437,0.10585068032725357,0.14566180416474528,0.15257603583424337,-0.0086207777969427,0.05213192865493766,0.05520063346099412,0.03814273115266768,0.09421972358250623,0.10862898222141225,0.0884373212740526,0.0911229308407698,0.08385673854965214,0.044202469325618964,0.08190204832757128,0.03408094844107341,0.07618076746765134,0.10107219527170491,0.021072006232848665,0.04244197177679227
C4 GM left intermediate zone,-0.16902845337647252,-0.12530853249396312,-0.19856049173884668,-0.21582409997184207,-0.19649575574311898,-0.22201225194802163,-0.253735337279117,-0.2331218182107585,-0.11020684174666674,-0.19541395710485188,-0.09015851770665538,-0.002286908980910694,0.04620617919519049,-0.1265106232162366,-0.08862136654499868,-0.10707297847188761,-0.17266061736941504,-0.16046767185060581,-0.00234639679323022,-0.09981914632205922,0.004327421927492305,-0.1278490226394112,-0.060948723893001815,-0.1507123428060305,-0.10432945106277632,-0.1656119321395948,-0.021690434753267058,-0.08200396915097598,-0.0893597528658114,-0.1338445329174467,-0.03573119994154122,-0.11693157213883683,-0.12785620486680643,-0.09170602103724036,-0.19196909601221987,-0.22539871469945336,-0.05927445765974721,-0.30131639519946474,-0.2501479982128444,-0.1113663796952976,-0.12335089699760055,-0.09895877007062055,-0.12073056580411125,-0.10611097686494123,-0.019969608270678816,-0.09272970846899488,0.01635106890680847,-0.0929353549014068,0.05904368750751484,-0.07868464553400874,-0.058099591855323866,-0.14979726262973297,0.04717350465028384,-0.09035565414250443,-0.11293795826718293,-0.02162522936056944,0.026809844710386537,-0.056792554202838755,-0.1529568714197329,-0.14877624730577038,-0.07846977260036578,-0.01730427643004248,0.3400839231398597,0.3926194610043452,0.3206180176887141,0.37715173246489897,0.38724563578980864,0.29565004633812864,0.3586792761785888,0.3264673519618678,0.749258390772422,1.0,0.8594788117248993,0.6117172611804494,0.7199696539995372,0.5797480976926759,0.7471205162373932,0.7455609555315531,0.13688887976257746,0.10210817159881176,0.09413378931923884,0.12797108208959104,0.1084913094517886,0.09804497606424097,0.18442582980514063,0.12460418267762059,0.20101604088407715,0.19462338902850143,0.15493574361743295,0.10049473062137755,0.15618552979063693,0.14466528158171352,0.18902990757166174,0.14183705823565798,0.03906010328020519,0.05229543732239194,0.056016950144162116,0.08391197468094871,0.08147578997074578,0.09553073062395612,0.11237180035401316,0.06029062583552025,0.07083749263796185,0.040371925424635455,0.09413512299034676,-0.006227953457977231,0.04869351438118319,0.07071687062625365,0.02533963554479679,0.03719468919030719
C4 GM left ventral horn,-0.09880363676914379,-0.07315320724330515,-0.12680843833487604,-0.1645558394856762,-0.16566168630253902,-0.19777497486490772,-0.1998181110655929,-0.2020771091208653,-0.07524037247924771,-0.15548221609254662,-0.06721307213936653,0.016220595987498157,0.04880619918379582,-0.10125675025929266,-0.08366692160354654,-0.07676957156776483,-0.1444135630330616,-0.11442800118633503,-0.02627981565442907,-0.09130871648031591,0.025154075332539348,-0.10410510617541684,-0.045973181996277916,-0.10794888683490432,-0.07816536714679145,-0.12756833080908334,-0.045780808733708815,-0.045905804277052986,-0.07914066706544956,-0.1131163307525223,-0.003128972232640231,-0.09694587858096244,-0.06433443465045706,-0.023657057350148964,-0.1460978216727361,-0.15501088203258917,-0.025920015170921736,-0.250228325925801,-0.1930921789873633,-0.08246679315671318,-0.06275377852895705,-0.10134232583737576,-0.07096872429254512,-0.055261002962673236,-0.045587708671538926,-0.08563602957431551,-0.002761841816574604,-0.05658806461466221,0.09147980847016823,-0.041447436876304145,-0.0640240165132701,-0.11323651968012,0.021039512926606725,-0.07825992325327745,-0.10194900247024341,-0.033791492683662286,0.039561901366994896,-0.03901838388266859,-0.12847862064333224,-0.08870516238712775,-0.03590767606867201,-0.019393029908108844,0.28435406456394663,0.3034593105343816,0.25654081425721087,0.29434713703313276,0.29348963539120676,0.2149467478477015,0.29399163928516575,0.2779240674786647,0.725777447188638,0.8594788117248993,1.0,0.4680128661799882,0.5744316540075661,0.4797327251846666,0.7336506105513414,0.789679772062987,0.14789039677146887,0.09522787006743731,0.1179526945905155,0.1170746264085001,0.11797916825863569,0.12898714722009014,0.21135911126629423,0.15189822336438805,0.18558132678809927,0.1918480501016084,0.14148179391185411,0.11526348576969876,0.15520736504092453,0.13243349338765134,0.16158989619600267,0.12048954944280675,0.012068153149955605,0.051318156792790004,0.05858261284392808,0.06542072069883732,0.07922789162263581,0.08711710289445353,0.07586902096112776,0.048008378859204844,0.09942532980420953,0.045915525071918144,0.06768149223910999,-0.005226967255660689,0.03491520119078642,0.03218557259060835,0.024487874739971483,0.025284751191500004
C4 GM right dorsal horn,-0.17144513453654134,-0.1261875709341091,-0.2400375333131676,-0.21182634071667747,-0.14620237070954914,-0.14362385763050875,-0.17391081547712478,-0.20165911702600472,-0.09991878663372152,-0.14519573570661445,-0.07714450501087387,-0.009423856547828048,0.04365283302223311,-0.11843806990605857,-0.11668637587989326,-0.11545193435201513,-0.07390215857182732,-0.13841249415104878,0.00024408555548725331,-0.05931284028392893,0.008328162319651845,-0.11151729413280309,-0.05623009567790108,-0.13035777347340238,-0.12627926666736963,-0.15400752822390837,0.010763132368603786,-0.06169428436227808,-0.016277983885718467,-0.13477798625027468,0.011696596425834755,-0.12582498780302262,-0.17427041011728092,-0.1805697840508684,-0.20305608020004132,-0.21950591367408095,-0.1517615586344567,-0.252557580815038,-0.2545186194490774,-0.07038695374403926,-0.09975674246036355,-0.13423375276217575,-0.09909811127846571,-0.10442660443101812,0.039245771239784975,-0.054691831627710526,0.07727739581256386,-0.036398605865048964,0.043631087473860325,-0.04337793491513599,0.003039741627552188,-0.12334537420990675,0.06561259977417948,-0.07288881390661822,-0.05392335627282626,-0.034190238456319626,0.0022760959572360987,-0.0768534461577544,-0.11799962798111861,-0.15302445154603062,-0.08651705519485235,-0.020909561976714904,0.30136244999804085,0.41141311639545397,0.32840401407365827,0.4328030972692397,0.44407564707473196,0.36011417414518404,0.393495268220885,0.3846639406560365,0.48649497394324964,0.6117172611804494,0.4680128661799882,1.0,0.8509354407585931,0.7668184980239114,0.7147562372731345,0.566916537448475,0.0888037301460048,0.11743272751624585,0.119126217933805,0.169305386919793,0.15918533813513255,0.14873529236720112,0.18632279311156422,0.14705620442518308,0.2128355562573065,0.19516876779143483,0.1495154312219137,0.08322265900008873,0.11398755328650058,0.08774049298297319,0.2303204671611717,0.1100180934987065,0.06497523647089175,0.07613339093640158,0.06240365777428141,0.05738706108175716,0.07715434033871452,0.07368827973936273,0.10922636992703719,0.048350622658007644,-0.08393069584915841,-0.047873367247582975,-0.0043704207521146,0.027895498595915006,0.05387532691724736,0.10293750863873836,0.003406314659194273,0.012691024912055584
C4 GM right intermediate zone,-0.19278307448882473,-0.13627983453595782,-0.2367395502745427,-0.2420461503071576,-0.18963301175162714,-0.21832101730634404,-0.23414936040201986,-0.21800331077981958,-0.12196393694101051,-0.18016579499519172,-0.10344065374041068,-0.03650931842363823,0.018511384047265468,-0.13555795966575399,-0.09692501047294308,-0.1330708961634217,-0.13571722471330283,-0.16383326361667236,0.028820866783957615,-0.05906137383589348,0.02110691065692639,-0.12383646514443429,-0.06328655317412402,-0.15916157479183793,-0.10041596232998543,-0.1494072884847799,-0.0107296131592166,-0.06354035337784365,-0.029040645231338744,-0.12283753553337425,-0.02915446802014365,-0.1109632641467505,-0.19672365187411092,-0.15832402569385481,-0.2068556806765778,-0.24397509552032248,-0.11362922727159463,-0.2793732955490511,-0.2758555789692136,-0.10154783998945521,-0.10444767990846253,-0.16575373008215008,-0.12290099746091,-0.11448222141776486,0.06550318924703917,-0.09655277827791511,0.06221228767284526,-0.05317921146468877,0.06737614993599736,-0.03718900859020716,-0.04423867630495524,-0.1727417969557801,0.07507283579587416,-0.07652650329731848,-0.07384939293808494,-0.03455500081622843,0.029007482720088337,-0.05521623767632377,-0.10263770420442637,-0.16319913368013414,-0.06506691617350184,0.01835118221200198,0.2794048382478169,0.38321426981689255,0.28727657108163823,0.42070673761708693,0.44021460854649874,0.35251536837036523,0.3701571142068125,0.34161013530928436,0.4678851920652805,0.7199696539995372,0.5744316540075661,0.8509354407585931,1.0,0.8656690605828614,0.6974216172892289,0.7086549438406133,0.08098326119605095,0.09516241895577152,0.09134205315121222,0.14633170445334887,0.14669839063004383,0.14717480833636418,0.15607806093820556,0.13618120930673489,0.1739768216310285,0.15410079460581785,0.09296293609148633,0.1054521097598501,0.13175112306495804,0.11410857402067612,0.20135970030093941,0.0877047272331353,0.07362034493458113,0.03476827541471509,0.022404542975199514,0.06854990330524086,0.04529634355415829,0.054736326844114475,0.10324687444304037,0.019510022589055157,-0.026062286876569727,-0.020191472100682104,0.040670748231034635,-0.018445266417425492,0.01719342701290446,0.053810354983886574,0.01156715514090166,0.005021956643100042
C4 GM right ventral horn,-0.1419654361446795,-0.10706439195505683,-0.17512523920130685,-0.19508050119490497,-0.13707096745009964,-0.17822063812401384,-0.17524326327086526,-0.13910089687054006,-0.09891448186892406,-0.13790627655831544,-0.05945360178180129,-0.02448274306241308,0.009654672506699869,-0.08886589769902538,-0.07481678078652583,-0.11772131822687508,-0.11435158148089017,-0.11376169941151444,0.032345733378738105,-0.024598397993320833,0.03931194838872381,-0.07754335530971702,-0.04060216763912432,-0.09450024729617458,-0.04864300061687754,-0.1017124436954296,-0.017354330060156554,-0.0064463504259349,0.012443518759972355,-0.06996691713968388,-0.0019361001723042892,-0.06002258640638752,-0.1724089787249935,-0.1177545218735934,-0.13414158665332931,-0.18478396528319788,-0.10688053589354522,-0.23156209002472442,-0.232398653828639,-0.06177056139330044,-0.09301753660531913,-0.1725963063649469,-0.11946933692211915,-0.08023461770084654,0.04980278758063716,-0.0915108725074641,0.041389789182516346,-0.024684947541762287,0.07025833330490498,-0.0071948183641904456,-0.04616973457268942,-0.15941316835434186,0.050828835728787713,-0.05600802392150877,-0.06076139086302937,-0.05904693391343307,0.06809525650192885,-0.03319245687607032,-0.045333769961267915,-0.11802715423759315,-0.021818164788692654,0.030794794415737525,0.19431126902207915,0.2875924114293768,0.19956940170016776,0.366342831048051,0.3710558929374321,0.30085572168007996,0.31321514378663096,0.2921665499585931,0.33268874286634437,0.5797480976926759,0.4797327251846666,0.7668184980239114,0.8656690605828614,1.0,0.6502541020419684,0.7422986048345366,0.03274545093484825,0.04552207733191761,0.060138335516883065,0.12050699064975272,0.13010537907772127,0.15665990250461034,0.12008696606656637,0.12071193704253191,0.14703862306887147,0.09713680876921303,0.028179878152729026,0.08034040873869844,0.08771952455500313,0.07370472665567383,0.16580935124282412,0.03618593107123607,0.09017986211833663,0.024338316275413847,-0.001627232162500147,0.03256128340581932,0.02535262179859083,0.022065712272093568,0.077059281455138,-0.016193095921554813,-0.018134663539104475,-0.034951151475107904,0.022168001336790723,-0.008968255525655897,3.7024949152628255e-05,0.03875409275492254,0.017706396811854846,-0.006675688096154994
C4 WM ascending,-0.09523706108573544,-0.07373080587016871,-0.1387843087884425,-0.1363853889068601,-0.09839073840109372,-0.11512940740224516,-0.1231979967404739,-0.13890389846072057,-0.023639990618393624,-0.10359565758591366,0.008710268351721201,0.07902726673251995,0.08158154025072988,-0.03254837063563951,-0.07528236206645902,-0.06310518406285957,-0.07139218783112987,-0.05246202175795068,-0.008162207131462026,-0.05217086735167494,0.05385951908190248,-0.03771958573776311,-0.008467984831100452,-0.03284365764064849,-0.06870649072025155,-0.1178724227302931,0.021654793021853077,0.013433651517678303,0.0016807903447721615,-0.06841409451767437,0.001611704057128106,-0.08592631067992997,-0.08110084202234075,-0.05771606775236787,-0.11230878847957688,-0.12854941446057921,-0.1203661719848025,-0.18517733418872503,-0.17847778626657915,0.008269989388579634,-0.06764582313878813,-0.06537232754188708,-0.03223087329734651,-0.008580705117025935,-0.05046374016864252,-0.0012024494648313236,0.03785052764919813,-0.017761641687837344,0.07745476191139668,-0.02105264036648914,-0.027185338793846665,-0.09270357257169207,0.04365118897065124,-0.0463940658720375,-0.046930304825414625,-0.020076790096704347,0.06695302519185754,-0.031758381668911574,-0.12088642127196983,-0.05415590127972935,-0.012308633351458846,-0.024868644876273924,0.3349836443790546,0.3914816379737907,0.34055377659949493,0.4184588392081007,0.40456328266466735,0.32244915685099884,0.41945593695077177,0.4098090473615698,0.7384182357992507,0.7471205162373932,0.7336506105513414,0.7147562372731345,0.6974216172892289,0.6502541020419684,1.0,0.7250670353378463,0.13196951200491827,0.13486861666779898,0.15612322249825142,0.14224516290811065,0.1510222734504157,0.16037793094177888,0.22580798638303495,0.1895319008676518,0.23366314783205902,0.2200407309286082,0.1715661212316013,0.07337515505887392,0.11434153377247522,0.08670063721173486,0.2064425415969928,0.1359313682611903,0.03772915138941263,0.06811957943424973,0.06480509145497824,0.01496869662268508,0.07012981223038223,0.07332640337082413,0.07392652227385274,0.02956364261885457,0.038246708909546796,-0.005036326189640696,0.027060569662642676,0.03509556037200855,0.04572310436851323,0.07531857496610057,0.005140135468963175,0.005345312455133297
C4 WM descending,-0.10442475573297683,-0.06399076317228519,-0.10039830383533657,-0.1730607505857555,-0.13795809892428837,-0.19604055933675066,-0.21194970943229718,-0.14640128411616352,-0.09345213547114045,-0.16045115764471168,-0.07123229243881689,0.008719389344002028,0.04287711437654884,-0.07439196894372062,-0.07730333165844634,-0.10371819669884,-0.15724817507406263,-0.11248520033154126,0.00655619822504402,-0.053159045735468875,0.05002014813642758,-0.07773558280155574,-0.023505228598681354,-0.06653213759016074,-0.044184985349372416,-0.11383427282059772,-0.03597301592848464,0.0038575483502393685,-0.024111569108796676,-0.07669810690439265,-0.013105546267063428,-0.04856812445218631,-0.09478648396371075,-0.04401777757237638,-0.09881771629003512,-0.14783737033709787,-0.05205615484156792,-0.2628883921504852,-0.22557564744708172,-0.07136625081013466,-0.08927143161348672,-0.15910640873585222,-0.11834827705900126,-0.05519010625298305,-0.014891220253415615,-0.10883371263166007,0.004268422436704466,-0.03680242124290504,0.10980093989287033,-0.007163794259794096,-0.07609494761918305,-0.15302146505101152,0.03976809594679013,-0.06056594874572651,-0.09161927791947433,-0.06651550026968411,0.07524982194862806,-0.019024196822729534,-0.0873189791255045,-0.09367423718747613,-0.004605597286889426,0.0004353041966581973,0.21061097502235565,0.247116188330636,0.18714039454368733,0.311178874510148,0.30171469195329687,0.2356688632417345,0.29099173611840584,0.27654072955009446,0.5089576655860027,0.7455609555315531,0.789679772062987,0.566916537448475,0.7086549438406133,0.7422986048345366,0.7250670353378463,1.0,0.080017804596235,0.04753088321139275,0.0901037760881033,0.10909059717472509,0.1278929790020244,0.16321879809138487,0.16509862292724367,0.1494881572769662,0.16644307013464202,0.13313330504362225,0.07563808603360553,0.1251288827619828,0.13184164727568456,0.1194380479208046,0.15353361748338512,0.08048406705121909,0.06973080480199374,0.05756767352037578,0.051292720178951354,0.027098740244128706,0.041117306658154155,0.028937456077422978,0.06620164794550626,0.003997256710704276,0.07393736221746498,0.021876930148460812,0.04901264309898289,-0.012045565810093622,0.009378615642573732,0.017282946667407647,0.01809634180405517,0.01073688045966102
C5 GM left dorsal horn,-0.009947451869483145,-0.10146347938878081,-0.0401241258274584,-0.1502066958937459,-0.1741925730023959,-0.12922828103704692,-0.10251038398176818,-0.19202412052959208,-0.02868085504955204,-0.06766732586238448,-0.018850350542202368,-0.0435048000108688,-0.02899189348325078,-0.11469192955875414,-0.09262267397546542,0.02829701898301387,-0.038344617174782776,-0.1123242158225172,-0.06896068692387719,-0.10005223751069434,0.06689694678748764,-0.14408192369410341,-0.0621205113731111,-0.10436291583554914,-0.08767698111379238,-0.08794459234447442,-0.058296541157202335,-0.11469779529054537,-0.021255340704911984,-0.09645214558393864,-0.11123058713972137,-0.15147353316815132,-0.03308319472554427,-0.04838508284147351,-0.0475306667379725,-0.0842153225668235,-0.05891302113826337,-0.1344233083846421,-0.210657833845808,-0.09117229416959709,-0.09885496432027252,-0.07618370338179888,-0.10471945590958257,-0.10561329976337398,-0.12167781946201332,0.005262732507992448,-0.140609272369075,-0.1328668367398822,-0.0638856353390491,-0.11015935083760779,-0.09189221281118826,-0.06418382029115187,-0.13091212989435996,-0.06053625064201267,-0.0414475185218031,0.023287118753638814,0.009828766940811577,-0.10499489623995491,-0.07571368948924738,-0.13349173067561776,-0.08563420445549214,-0.050059335311061805,0.16920135799438313,0.15352298924480423,0.15147828978349118,0.1199077212690685,0.11034642097455624,0.06930369460508887,0.13582107457319229,0.11000834520630645,0.16259160849617527,0.13688887976257746,0.14789039677146887,0.0888037301460048,0.08098326119605095,0.03274545093484825,0.13196951200491827,0.080017804596235,1.0,0.704008105811588,0.7399367249292946,0.22184131831082174,0.3735893331352567,0.23735586798237895,0.6134276623880043,0.550582194465671,0.1043482318736381,0.16905963060349194,0.14240621465717082,0.08988924198813274,0.12095008508121355,0.10228175479182094,0.1619438583895921,0.1022369525254314,-0.07460969846564082,0.024216422769615338,-0.008300449733697594,0.1121501571727652,0.11689721019638821,0.08890790077092253,0.04917103849651161,-0.027799570228718033,0.04819852552113715,0.01637668332717191,0.03060945761941295,0.006976887852230642,0.04962612479136168,0.030719723113802472,0.01270403702137337,0.058024219693391485
C5 GM left intermediate zone,0.01709110170543846,0.019956138367356772,0.024641397032943362,-0.08780224061559501,-0.08663789739168684,-0.09930223442407979,-0.040632686860208204,-0.12071351509122612,0.04058984158100694,-0.0028053941522874068,0.02382512157738962,0.04557802155800219,0.057254397789548495,-0.04034921030309372,-0.07605016142055013,0.12232055742089655,0.03039631571520201,-0.03590483351948801,-0.04699088448387336,-0.08032097068058959,0.07505275563549871,-0.05609537853013439,0.009506646875918285,-0.021429479698581808,-0.08550124580179523,-0.054664286548641,0.014281580717647038,-0.04887660373771747,0.03263513369802105,-0.05665778083434043,-0.08316213945967417,-0.13376962470900727,-0.002497972484251541,-0.04672892043633303,-0.03192093923401038,-0.03892511073084988,-0.05854265837343281,-0.06628054934199988,-0.1449807799990577,-0.013627437509119218,-0.019702699392097702,-0.029711963361226314,-0.00397918600688882,0.01746623856407366,-0.061749845027920254,0.0415471965640305,-0.035890764127243124,-0.05619782245960972,-0.023848629152225995,-0.011793164226429195,-0.0073881004890987085,0.005476982537419615,-0.06326209282987268,0.009144795990671127,0.06224562109827913,0.10936023475337106,0.05853890944166502,-0.03462473412987975,-0.025208308634687593,-0.06600691390309554,-0.007749431706493944,0.07000952121435741,0.21435022711814372,0.20251594578297794,0.20649268403023072,0.1870214820577817,0.17243330102271257,0.1462398592680001,0.20118302882539413,0.19168330563806327,0.1426722695860321,0.10210817159881176,0.09522787006743731,0.11743272751624585,0.09516241895577152,0.04552207733191761,0.13486861666779898,0.04753088321139275,0.704008105811588,1.0,0.8037939559665594,0.24538175125882494,0.5847812068815422,0.40079573610045294,0.543157395193889,0.6901391181125578,0.07286356410555647,0.15139609334055287,0.12541816589035704,0.075842354292844,0.13017542831506904,0.11467619110925033,0.17251082141909074,0.1088049809092771,-0.014859313796560383,0.026934043116949295,-0.01620773060440106,0.07046277377985113,0.06950822088323676,0.08424157327808934,0.04993498526598335,-0.03161411377282097,-0.013797198435732218,0.015504736954777092,0.027064473594697918,-0.02346570144374138,0.05361533622407113,0.0440545301553115,-0.004279315480491269,0.060000796122190135
C5 GM left ventral horn,0.010597329377151661,-0.03971797583676762,0.016000279446798434,-0.10762063984031035,-0.09657170624093687,-0.06396643858565773,-0.04086305392917687,-0.1319186259525486,0.02717599722466267,0.0020642196052913357,-0.015378864468487938,0.010903185108008412,0.0704204338996258,-0.05185901401341824,-0.060027104951558975,0.05546383098027997,0.01937125995518381,-0.06396357417612905,-0.014784762739486236,-0.0943702104499374,0.11875017025956067,-0.09624107386691125,-0.022516676029922963,-0.0040469833140357025,-0.11121046770337807,-0.07840011760170647,-0.03902398159965399,-0.08064809829320226,-0.0024631177536756158,-0.07857988871776193,-0.07652732569629654,-0.1082627355157899,-0.0008775461985012324,-0.0703907090359964,-0.035897471706624245,-0.024936211485143762,-0.0816588037632022,-0.08798266330506255,-0.1546452543767368,-0.005482922899890775,-0.026614253530386184,-0.06047970580078193,-0.04609199755882092,-0.021289220311807498,-0.058641323325106305,0.021701404230306743,-0.05373374739720097,-0.05957491184572349,0.00966685458258405,-0.03477095049287627,-0.018953953087921083,-0.024597765454377318,-0.04558461907025803,0.007899525495290532,0.041702349851433486,0.09473313717443554,0.04947577400441515,-0.06197699608156467,-0.06380904243336279,-0.1012235700023314,-0.03342136461614726,0.06805952436056592,0.13807033542361108,0.1287096862326514,0.12883590851840435,0.12328900749426133,0.11923221570562192,0.10433212051510624,0.141347856201017,0.14503098245033932,0.1423788573224076,0.09413378931923884,0.1179526945905155,0.119126217933805,0.09134205315121222,0.060138335516883065,0.15612322249825142,0.0901037760881033,0.7399367249292946,0.8037939559665594,1.0,0.13811770677236798,0.4498098200720004,0.3552741210317169,0.5623371965903279,0.7329754024351951,0.0669603044042859,0.11566791579406165,0.11110777765473091,0.06801409967344933,0.09848127438876825,0.07581975621790096,0.10842837310874041,0.0737681382791072,-0.01283535981502138,0.0236167997583718,-0.03188082998046431,0.09229485420980231,0.08817886676113629,0.06752169874627373,0.030068873225313427,-0.047525491036017276,0.05011441570711081,-0.025367999914005325,0.012591032584344701,-0.032870644666302275,0.00944750606658931,0.026181153867746734,-0.005960399485207773,0.02403934970230915
C5 GM right dorsal horn,-0.07238191374726528,-0.049813264484257685,0.004350743452624392,-0.15423293356092493,-0.11114848831927358,-0.09813286907032621,-0.09546934105573497,-0.09934749025732452,-0.09879438872434973,-0.08918186298680096,-0.03712533673091141,-0.03562053619123498,0.028878965541999382,-0.0357256594174989,-0.08431337811376421,0.01904803501030733,0.0012635588483881975,-0.08629589042198345,0.012035106661929251,0.04298285743377677,0.025269487133495222,-0.04675874388504918,-0.05327333228180301,-0.10216984303386815,0.03565116070806119,-0.04133474589964191,-0.0902583520576496,-0.0878178430688504,0.027165174096660236,-0.12399324495106909,-0.05644639248874034,-0.09163248236321553,-0.08288909953617378,-0.00952465854996692,-0.02741971876236667,-0.07413651604053745,0.010386111634763648,-0.08412176542156136,-0.06990826883819533,-0.02404408308319186,-0.07472257293690183,0.04455718182243602,-0.08260618435591872,-0.10326822225518242,-0.0026654337021993356,-0.002877239612858994,-0.1575275290580383,-0.10375899362499978,-0.051569551313064815,0.019355678772243774,-0.08563777473944911,-0.05182514722068358,-0.0709776827866092,-0.03604091808883344,-0.1064691780310712,-0.04465711466891141,-2.468437568014841e-05,-0.07324856391510721,-0.05541381592602062,-0.03606024528552104,-0.055872997810339324,-0.042106484093028695,0.15012566538471137,0.16293311178260325,0.11820292748642396,0.14383077719209272,0.149521732153924,0.0996380685528422,0.13767931665069766,0.08206164408570964,0.08012331354263703,0.12797108208959104,0.1170746264085001,0.169305386919793,0.14633170445334887,0.12050699064975272,0.14224516290811065,0.10909059717472509,0.22184131831082174,0.24538175125882494,0.13811770677236798,1.0,0.7176483921192225,0.6266130416323881,0.5996992339061509,0.39750760669821983,0.13099555735139248,0.18314442479417364,0.13223366015976956,0.2500291996309293,0.2496323649000331,0.20114453127987336,0.20275408960850558,0.15998079951838717,-0.12289271119635237,-0.012358177803734318,-0.016968161406541084,-0.05159330755814274,-0.0008775628679780167,-0.03389719989588084,-0.10323066395209582,-0.11364030082329625,0.06115231095835612,0.04543136852455987,0.02456659264673656,-0.1006060577326475,-0.018087283683105086,-0.05575879024338738,-0.04388492867394498,0.02322521820957499
C5 GM right intermediate zone,-0.037609957523798025,0.021289499759676363,0.06810873340399265,-0.12701098745462,-0.05940065641021329,-0.13881562371407552,-0.07199620966163801,-0.07185437327692334,-0.03546565174233756,-0.05712833501542645,0.04363752028779558,0.026371960793782297,0.020707422839810603,0.0002875327238514727,-0.08136882853198951,0.09227997419825998,0.06503466450494218,-0.041065922499687976,-0.005394339785723883,0.0413293275862193,0.06811923845147526,-0.00047789194795493035,-0.011198176706017235,-0.0636565058337538,0.057582604650437054,0.011029250366039946,-0.0748394159301111,-0.054558281390219135,0.07313513836657358,-0.08924503872148187,-0.0792442095656525,-0.11329398266963253,-0.012199917670260725,0.01692780466418685,-0.011541731449671475,-0.06723183552485443,0.01905913074787527,-0.06680629476870276,-0.1210636707513072,-0.004188587122341121,-0.049326590401697006,0.06508670790164087,-0.04122833135539979,-0.025200066083009526,-0.029686289130312557,0.025806561483714137,-0.11439567969224836,-0.08335636301645129,-0.06043991354994034,0.012524827464331438,-0.07343907862719286,0.0013735999546208434,-0.07855660755273258,0.008616315899205118,-0.04488679885988068,-0.013805236591185318,0.014703466251347478,-0.042363926602466025,0.006395853128012742,-0.02129538203992402,-0.024187549174395702,-0.0016755220291482485,0.15287464262835732,0.15077861889445202,0.11713854536769919,0.12895021577475002,0.1466592345423869,0.10919343098924471,0.1389755073942415,0.11782519879036012,0.07877409496105264,0.1084913094517886,0.11797916825863569,0.15918533813513255,0.14669839063004383,0.13010537907772127,0.1510222734504157,0.1278929790020244,0.3735893331352567,0.5847812068815422,0.4498098200720004,0.7176483921192225,1.0,0.8577447606152595,0.612388517651426,0.6891217328248623,0.0226314969559381,0.10361600712751737,0.055398340780474946,0.18583531372540088,0.20487761886757141,0.15539693968897145,0.11801867586935086,0.0963440888092293,-0.05852910069735543,-0.0013609348570684774,-0.02409381099503847,0.006219394957857507,-0.004770159893384246,-0.013582995769085891,-0.05432969202116064,-0.11372879029632975,0.044191350881061145,0.019982936187426584,0.022407518169056558,-0.11367236229200503,-0.03792313634057395,-0.06323672191586897,-0.042785463127973586,0.01000543608883077
C5 GM right ventral horn,-0.05484224729415508,0.0036275062710598095,0.06854898619084897,-0.13302470569859648,-0.03697749863298928,-0.141472523318699,-0.06636949105188614,-0.05935406459179255,-0.0553124021566968,-0.054571933386013204,0.041272535028405874,0.006331955586458867,-0.01277322712174465,-0.009020149101564212,-0.0850042751369379,0.04159627073911272,0.059893339674437565,-0.04437535892896477,-0.001571446382393767,0.05576583080758412,0.05663889370838483,0.0009512441311466033,-0.03442320323803672,-0.0755774964401743,0.077165921149337,0.022680230075223223,-0.11723249278374857,-0.060889085758463114,0.04797228344103235,-0.10745622494567561,-0.08011882993461394,-0.09899000787279202,0.00491403305310447,0.03816605629664036,0.0029814952463293604,-0.06918962137999138,0.04382747415079435,-0.05926303999159991,-0.11080855931658053,-0.021122545598548394,-0.05039177067262279,0.07000071251853818,-0.04538696406198385,-0.025926182413438387,-0.032932246972697275,-0.005397321528971817,-0.11522255584854929,-0.0759621459579339,-0.06006534182811681,-0.015226477496806199,-0.08318034262012357,-0.025871727846646736,-0.07520253535379327,0.00010779908811182387,-0.07313492444003644,-0.07351330009597726,-0.0014338205598224806,-0.06467087185875735,0.026330478595644392,-0.025658960423315565,-0.039542563629014475,-0.0168416540201509,0.07398581865572275,0.0701042010582152,0.022407062733904592,0.06424206121149291,0.08722703677789681,0.0538067299222836,0.07060171589458918,0.058920713140625414,0.06639323215107393,0.09804497606424097,0.12898714722009014,0.14873529236720112,0.14717480833636418,0.15665990250461034,0.16037793094177888,0.16321879809138487,0.23735586798237895,0.40079573610045294,0.3552741210317169,0.6266130416323881,0.8577447606152595,1.0,0.5739580696325961,0.6673603282348124,-0.017689344620238728,0.03775583190801987,-0.013945780931038071,0.1589253832796576,0.1614743518364757,0.12286070626036243,0.06284238747122745,0.05946430674656307,-0.05665761985530384,-0.020734416812803722,-0.03392302853211895,-0.004324606972925985,-0.041046763995717495,-0.050132211704579994,-0.09378277601514906,-0.13318248261326837,0.0837793303879479,-0.002345827623847648,0.022892410710609025,-0.12554864715290626,-0.08425236512943095,-0.10019136808120348,-0.047500295638242276,-0.015667453607273958
C5 WM ascending,-0.0689821019274591,-0.06916204431296279,0.001961695452598672,-0.22447679123976996,-0.15131139881667788,-0.16240194249605097,-0.13618367487352842,-0.20034704699885103,-0.10952334664343724,-0.11465059360963732,-0.03715572141095611,-0.020316477336155752,0.06750156258792048,-0.045819927495246354,-0.08911193596843016,0.03688819906786661,0.007244519858336352,-0.09583100019029858,-0.053697278513022,-0.04389486527136903,0.03907223408399624,-0.12236488941439877,-0.04651708001228447,-0.1380678234986354,-0.065014343877154,-0.09152448038976299,-0.12679775731096612,-0.11364521436272526,-0.04715144611608928,-0.17145325823530225,-0.09432432317604054,-0.12118211382425713,-0.053513203256907574,-0.021500342669059105,-0.024765617637471017,-0.12157815903173752,-0.06353074220325562,-0.18450078003837078,-0.2395611151320286,-0.09739186408588507,-0.08094355243014753,-0.04816415095788493,-0.1386157220229966,-0.1133720475897302,-0.07511012482887582,-0.011300323802048639,-0.12095615451130262,-0.11573146683924533,-0.0298245845963711,-0.05100310403045466,-0.026208343708574947,-0.10177928866777959,-0.09679835950028785,-0.05547067101625182,-0.09812585268484054,-0.06795533414247015,0.02176934002523748,-0.11426172156441698,-0.0611031800074445,-0.09837656028807716,-0.0945171889029451,-0.0009295766355037252,0.14322931299984215,0.09417581438282008,0.08064223632566374,0.09298066179288791,0.06853957420254198,0.02255816726595454,0.11186837787626469,0.057956605269352646,0.1677499764675827,0.18442582980514063,0.21135911126629423,0.18632279311156422,0.15607806093820556,0.12008696606656637,0.22580798638303495,0.16509862292724367,0.6134276623880043,0.543157395193889,0.5623371965903279,0.5996992339061509,0.612388517651426,0.5739580696325961,1.0,0.6584591588292376,0.14079952862099024,0.16665612546930395,0.0858917781959175,0.1422614381640173,0.16730786192303454,0.12003151295304372,0.2096002731371194,0.10021531552543785,-0.09220473859040805,0.00313694142839653,-0.03342080630374015,0.009174929125951855,0.06271262952167193,0.04137286921151716,-0.06659658639635706,-0.10660094971711193,0.11165732658558361,0.008033325597787015,0.07328039608417725,-0.1108214217099589,-0.06273514646396533,-0.05927645854828984,-0.022635290759257003,0.02954598333568918
C5 WM descending,-0.043438574477983875,-0.026061464939222186,0.07491396073031066,-0.13410227900757427,-0.0738913216483696,-0.11752569635964039,-0.07585244821538392,-0.09046128799713564,-0.00571524254082832,-0.01643853620500282,0.025240155736994566,-7.002240043063933e-05,0.0686747114599491,0.0032493439174212406,-0.03751530944637618,0.1145094128637037,0.08296307948022993,-0.023932248374589467,-0.0051773272815778286,0.03229523713713243,0.13173620242856954,-0.02920587893910808,-0.004767273304191155,-0.016770383670199597,0.0011547456640080308,0.003950697012907353,-0.06688134776501872,-0.0740686738938836,0.042004052458404405,-0.09225479400414824,-0.10594281772956068,-0.1233799448554119,-0.02617848352210709,-0.0041040923365339025,-0.039693990031729534,-0.049990453329397666,0.0012901272027378132,-0.1027075143120107,-0.1510891409903474,-0.02603597542593758,-0.03630159408358709,0.028319454074548615,-0.058147335306901485,-0.039128433348291816,-0.04029262812551739,0.0438031004856984,-0.12387872270077069,-0.102372815658997,-0.0029119674885316996,-0.009423234998577211,-0.06249936363604815,0.012338565309657096,-0.06410399221813344,0.0466621513078083,-0.008621833533362233,0.01852002270240371,0.016576652711331696,-0.052322854125244234,-0.015683295398281685,-0.011316475119380796,0.01053898314183129,0.11595539512759524,0.11010089547342652,0.08197716381657387,0.0789380150998121,0.06742590693181878,0.07564994886031495,0.0638532736610565,0.09130934556248875,0.09508869074387498,0.15739322371481398,0.12460418267762059,0.15189822336438805,0.14705620442518308,0.13618120930673489,0.12071193704253191,0.1895319008676518,0.1494881572769662,0.550582194465671,0.6901391181125578,0.7329754024351951,0.39750760669821983,0.6891217328248623,0.6673603282348124,0.6584591588292376,1.0,-0.001678334121034865,0.052015151274394454,-0.017762747617584916,0.0856878123937604,0.12017233101796927,0.08047391605202814,0.06361206693947744,0.05596782098290322,-0.04904177143412153,-0.0410607736173232,-0.09326635815912677,0.001749828137370406,0.003857555176178356,-0.018923821359726208,-0.0674526997654729,-0.12826460193740652,0.11179425592172773,0.011119380211845472,0.07785097241993974,-0.10109077866963084,-0.055305072281990324,-0.04502092789369059,-0.015360823004926168,0.03734865262242493
C6 GM left dorsal horn,-0.11629323408395717,-0.057116537304882566,-0.1853994788580748,-0.08168824120431836,-0.053803298025780065,0.01189896855602951,-0.09268255309601542,-0.09756962704209975,-0.014484676047128183,-0.10872106395485034,-0.1379267292001776,-0.04653649036918816,0.0463076813338274,-0.04808635735576126,-0.17140201867592028,-0.10691633738276618,-0.11225141810791064,-0.13473479425760845,-0.10148208344538491,-0.12357229299564111,-0.13902187284338777,-0.12120201743011863,-0.117746856880124,-0.10470767353632596,-0.17963605072773114,-0.15397709078258812,0.018323046601755162,-0.07551371934530143,-0.13117776404020273,-0.14557185515579635,0.0075595142648749725,-0.051254163497179574,-0.06548990118510471,-0.09956196456452171,-0.014947896470659108,-0.13906869551426115,-0.14276313448731298,-0.14268590719317303,-0.06574611777265173,-0.09130711619278539,-0.002684996435333378,-0.1269581694154932,-0.028171032405530243,-0.0744601125855862,-0.11700829662162462,-0.03823145146759744,-0.02356466360034692,-0.06822297691137826,-0.03745854804618715,-0.08656881227673831,-0.0031850387920225012,-0.04861875128418843,-0.004301286213849534,-0.08506023509902971,-0.10000362494335595,-0.06376532126116277,-0.013000703251034841,-0.08421389228333703,-0.147853058433226,-0.12389634892989665,-0.05400684670535082,-0.04116728135071834,0.1364049694523836,0.18225743558646465,0.15070740304038135,0.20271851293762108,0.2214774747030834,0.20801953176753704,0.2134591609695345,0.17941074167319093,0.1598189820520402,0.20101604088407715,0.18558132678809927,0.2128355562573065,0.1739768216310285,0.14703862306887147,0.23366314783205902,0.16644307013464202,0.1043482318736381,0.07286356410555647,0.0669603044042859,0.13099555735139248,0.0226314969559381,-0.017689344620238728,0.14079952862099024,-0.001678334121034865,1.0,0.7473628113230416,0.7121986381896204,0.223361460418493,0.34255768956083144,0.24104284235663426,0.6138052286217789,0.4869449060189304,-0.013080622429216456,0.07154594695547381,0.06151990947603945,-0.07408516273361457,0.029464393033820046,0.015549175291820786,-0.06995414403286135,-0.01883367559459858,-0.05012141151132111,0.0007747859155896008,0.01027927831755955,0.061575458070584684,0.08490427798863819,0.08052682653138801,-0.03805450481307007,0.04541310149114542
C6 GM left intermediate zone,-0.09870920247912736,-0.03368664063946301,-0.1584205857500122,-0.09594230333983518,-0.11865415960157243,-0.06417953192035189,-0.16516161074477156,-0.1856496359189292,-0.03757373576387265,-0.16659080787305874,-0.11709698769648429,-0.051075445256678134,-0.025153931617256552,-0.1414999790507603,-0.19837779038800324,-0.08361312753676348,-0.09971566934565489,-0.13334110967454557,-0.11494442203289972,-0.0670105340563664,-0.13298424787154398,-0.12077237238419732,-0.11398590412438635,-0.15029809847924586,-0.08741797359510281,-0.08917373308728661,0.03576894928968042,-0.10248321257802807,-0.07495364310538573,-0.08369423524768442,-0.07292589241441182,-0.12677462542133397,-0.055888238340009416,-0.020272777591816664,-0.06661311513544568,-0.12543780438389215,-0.10819711412711354,-0.14401384520188315,-0.06036666882682224,-0.0899388984180136,-0.0268899503426965,-0.11134177568095542,-0.04023315732903018,-0.04049583963970971,-0.13022488211898842,-0.0012242021071014306,-0.03727736111703396,-0.10739103822965497,-0.02077869938026812,-0.07345348661489626,-0.04892876556463988,-0.010496398765662069,-0.010841186830227636,-0.053290315880440725,-0.08878512167182223,-0.007515380970257065,-0.01780119833549579,-0.06284502025285622,-0.11022272323332857,-0.07502181378960365,-0.059601902344728175,-0.04538569513157046,0.12444581799325796,0.16593467015911623,0.14467294022658705,0.1847748046684384,0.18515655774295464,0.14907449330917533,0.18296372340088005,0.14102210553245906,0.20997695964429264,0.19462338902850143,0.1918480501016084,0.19516876779143483,0.15410079460581785,0.09713680876921303,0.2200407309286082,0.13313330504362225,0.16905963060349194,0.15139609334055287,0.11566791579406165,0.18314442479417364,0.10361600712751737,0.03775583190801987,0.16665612546930395,0.052015151274394454,0.7473628113230416,1.0,0.7721662009941032,0.38657525151065425,0.6343207649357803,0.46518100677396157,0.6271943355798472,0.665265559298079,-0.05439765281621426,0.07186462106594699,0.06555618223412872,-0.025347689754281345,0.07923891751937952,0.0940014886688733,-0.04593578678540259,0.027610646836406485,-0.06683064671932788,0.05768670141769953,0.034151642606108416,0.03825834066228953,0.1252145200359053,0.10050971314467959,-0.013765794002704843,0.09532404406412902
C6 GM left ventral horn,-0.031517928210715467,-0.019682759083278305,-0.14853057301118155,-0.014353510218329832,-0.039048745519475986,0.007042389594202429,-0.06971667489035654,-0.07916684169023179,0.05649549480563358,-0.09033993061541694,-0.05069053473002204,0.014691027645862977,0.014089727438637225,-0.07331515748763713,-0.13351332570182703,-0.09076369147293034,-0.055933736887005266,-0.07039623659337896,-0.09894560628107411,-0.113121767991697,-0.19498483951574339,-0.0861015426523384,-0.10358625201780196,-0.08304130515744282,-0.17836213045804586,-0.11632585290221695,0.04205931229838381,-0.070378896979415,-0.11870915844647242,-0.1018171493503545,-0.030346524062159593,-0.09912539505486102,-0.004158206260724141,-0.08768394279915974,-0.042193626698334784,-0.10216638042059917,-0.13175938825321648,-0.08948964227463733,-0.03702934717866738,0.0003318476979385566,0.021813979886680525,-0.052972744712056465,-0.0028673114119769946,0.015199318987242376,-0.12147508297996162,0.06225656428746439,-0.006094847143732775,-0.07484831563327157,-0.017704070409013853,-0.07895069433140849,-0.02772344670069844,0.020285950372416966,0.01636646877219335,-0.04713645037365411,-0.05476688082182685,0.029328117820348342,-0.001075528513524464,-0.04153653665051003,-0.1956364752305401,-0.06652613004203187,-0.04215323727264315,-0.061123187466891854,0.13236428995233518,0.19738089498021272,0.1618261289317524,0.19331233534067233,0.2245116739068699,0.19387349732201326,0.19484122689416136,0.19391149187780063,0.1883848842202565,0.15493574361743295,0.14148179391185411,0.1495154312219137,0.09296293609148633,0.028179878152729026,0.1715661212316013,0.07563808603360553,0.14240621465717082,0.12541816589035704,0.11110777765473091,0.13223366015976956,0.055398340780474946,-0.013945780931038071,0.0858917781959175,-0.017762747617584916,0.7121986381896204,0.7721662009941032,1.0,0.2569023387145709,0.41846180502251373,0.3910914887310448,0.6257927206412168,0.6844764861783729,-0.04446980761072771,0.1554355596735754,0.1909995808635088,-0.017337653824013644,0.10448254308859999,0.10762546678976466,0.00032926416673103123,0.08206028817422112,-0.041145951836125585,0.04733272126268725,0.021345983511679555,0.015580085808590978,0.09377978982907813,0.04866205690694213,-0.0457320290218251,0.04426370429589167
C6 GM right dorsal horn,-0.0676347388367284,-0.0324638639227012,-0.12234599027080355,-0.07812000550307896,-0.06155845467727689,-0.1283123160504538,-0.09946337092297727,-0.15581805527517636,-0.09971991042803419,-0.0795037759854499,-0.08700900461439832,-0.05573108174943463,0.08594870095170294,-0.07491531311178178,-0.06261449939777666,-0.08008282019656585,-0.048172064244751726,-0.07460896489742375,-0.00684045965869953,-0.060440952196461756,-0.050380022193793665,-0.15010353637239618,-0.16183310334778184,-0.12269430825998805,-0.016372772578228514,-0.0608823358760601,-0.055369642916887556,-0.16691805004301422,-0.12079397947660699,-0.09520270863978132,-0.065068663420699,-0.0705567631453842,-0.06026540889813857,-0.013892275410039602,-0.06517332200214483,-0.043766809485445264,-0.04899365093460667,-0.04892293945044252,-0.0070757805313071045,0.024480496575296978,-0.053436419090183845,-0.06908152952214085,0.014283893616305436,-0.027875423716098024,-0.011035267080230024,-0.028344793549140736,-0.028436789013942303,-0.07782333094148203,-0.018767122462213355,-0.10043102779076298,-0.02221867762866435,0.06806255270154701,-0.06987720189205586,-0.022334320021575982,-0.04867960525730747,0.012870717981400548,-0.11675062501570724,-0.16769253697426545,-0.1272821947510409,-0.02990000512625082,-0.08685929179112337,-0.05357311541404483,0.04203437524671407,0.0725184322749144,0.04383838805718279,0.11817539796236079,0.09139761451769246,0.04123357064792151,0.07284516935995868,0.006030100199065158,0.049775980614670354,0.10049473062137755,0.11526348576969876,0.08322265900008873,0.1054521097598501,0.08034040873869844,0.07337515505887392,0.1251288827619828,0.08988924198813274,0.075842354292844,0.06801409967344933,0.2500291996309293,0.18583531372540088,0.1589253832796576,0.1422614381640173,0.0856878123937604,0.223361460418493,0.38657525151065425,0.2569023387145709,1.0,0.7756129909148817,0.7209857648743123,0.58499812338861,0.5168885130442752,0.038850906037403245,0.1257117137117647,0.13921922854147847,-0.06368990408268828,0.042261413077048456,0.03502827508867005,-0.012463540090817576,0.00825285430522755,-0.03821057922705737,-0.00786365702475482,-0.0822618337276524,-0.06164551941445766,-0.013622793672646584,-0.05205158828672634,-0.103728786904921,-0.055234125639253735
C6 GM right intermediate zone,-0.059623456889228585,-0.019734850900677947,-0.11849746364260617,-0.10810810568607862,-0.10073013280614894,-0.15647309544583463,-0.16937524937577964,-0.20351823561683327,-0.11094957443105352,-0.1532370290601666,-0.09797326776127616,-0.0892296935326292,0.019719362516381223,-0.13724448173239914,-0.12973258975708993,-0.058173715273590484,-0.09016182644459528,-0.10219179857181541,-0.07171424604433935,-0.012745771140097813,-0.0809795164200859,-0.13308602824987048,-0.11389196563902923,-0.13674894564673015,0.021418845609559072,-0.022718836657257182,-0.03233890306966617,-0.13900838356033782,-0.05411396853214269,-0.0723111871926797,-0.12091503556506311,-0.13650057217489578,-0.058046442903676845,0.03305535932490474,-0.06244396524560407,-0.0703201477497381,-0.03394365346180496,-0.09753680926249007,-0.0603622939572002,-0.00836878819753712,-0.03165259588797478,-0.07837460846158932,-0.002976648351346795,-0.021723905922501004,-0.0660798036612154,-0.013985416686307546,-0.021267979246262583,-0.10259570814098112,0.008855860454087717,-0.06472699175892903,-0.04342119478795575,0.01141412123873799,-0.06638810340541806,-0.021963848585683846,-0.097147183256648,-0.0029098242235101996,-0.06708135313639134,-0.11902944310613006,-0.07710026883946276,-0.008450261655543207,-0.06802758733726619,-0.040951614615221434,0.05732552187448639,0.0756460912628856,0.05534994570498998,0.12818891325115966,0.10066703568770946,0.052181141784892845,0.09594877692242657,0.016696711164624563,0.12651359976507437,0.15618552979063693,0.15520736504092453,0.11398755328650058,0.13175112306495804,0.08771952455500313,0.11434153377247522,0.13184164727568456,0.12095008508121355,0.13017542831506904,0.09848127438876825,0.2496323649000331,0.20487761886757141,0.1614743518364757,0.16730786192303454,0.12017233101796927,0.34255768956083144,0.6343207649357803,0.41846180502251373,0.7756129909148817,1.0,0.8294161585566067,0.6062509770393069,0.6785072671337974,-0.026158997759437704,0.0616627458653815,0.060960393075585956,-0.03175970546572085,0.05591560027713081,0.08285106917949879,-0.038845749421224714,0.02423820163874998,-0.0015391359506825603,0.11877992330772184,0.038923994318025394,-0.037498795661433916,0.09149276204673525,0.022146374100811283,-0.008692624298353675,0.08834536064763102
C6 GM right ventral horn,-0.037944180101099644,-0.017763483715930638,-0.1346975116951083,-0.10922275423458996,-0.08094596584182398,-0.1863249572739519,-0.13890470214407344,-0.19601344544866967,-0.08918590799288519,-0.13191979417733526,-0.0772683176672378,-0.08130929662109693,0.01202370027082751,-0.16394245465731067,-0.08121478160009202,-0.06951435132886527,-0.09261305526894102,-0.058448243774045415,-0.06501907862899345,-0.029702816500015914,-0.10941671178475319,-0.12928779861138653,-0.1167298401451572,-0.12249867695835552,-0.003283203935790539,-0.012251646425871414,-0.06023265872781093,-0.1467575111860798,-0.0865449926282405,-0.10261274335234778,-0.1295930898867273,-0.1429486209240778,-0.07170974305171691,-0.021185216752083753,-0.04698324924610231,-0.06775691231556058,-0.049170258124816776,-0.07204732215819618,-0.08390478382110396,0.03845559012632239,-0.018072797380806353,-0.06119313958190267,0.020590577635563746,0.023455006158713272,-0.05201102188894565,0.0062868083244089976,-0.02178697316564465,-0.09943731078276247,0.03628472158810089,-0.08081491021029123,-0.061730590893054056,0.00396474470343141,-0.09286626659049742,-0.021717034835741805,-0.10346220971861719,0.01991280825581982,-0.04638640840509733,-0.11497600198945798,-0.10316436934300671,0.0182517678837349,-0.040224072153335996,-0.023325753074539685,0.05925011148826819,0.09248163469004275,0.0662466420856239,0.15544133411494648,0.12326846399464852,0.07938375139307183,0.11469114497175419,0.04056030567403252,0.10585068032725357,0.14466528158171352,0.13243349338765134,0.08774049298297319,0.11410857402067612,0.07370472665567383,0.08670063721173486,0.1194380479208046,0.10228175479182094,0.11467619110925033,0.07581975621790096,0.20114453127987336,0.15539693968897145,0.12286070626036243,0.12003151295304372,0.08047391605202814,0.24104284235663426,0.46518100677396157,0.3910914887310448,0.7209857648743123,0.8294161585566067,1.0,0.6542121633494167,0.7329895630116448,-0.029259122935361075,0.07026610146370224,0.0858749466050399,-0.04794279987946644,0.05156924514132162,0.0909172193205139,-0.021538517651837955,0.03270559510735945,0.001534829389734387,0.16328134002825245,0.05844998886269744,-0.02198941311649016,0.14053741530483674,0.033145328888562274,-0.01009404656384743,0.12970726264716365
C6 WM ascending,-0.1303052267192621,-0.05777760710979681,-0.2746734933543887,-0.1416804207322856,-0.09107072507373358,-0.15477728969573076,-0.15217936879595867,-0.19046747264378874,-0.07001362535874293,-0.15191056894092042,-0.0978597368279292,-0.08498822023475,0.046983206618074494,-0.1180679294728822,-0.1196428535890224,-0.10033739560905121,-0.10926376869096005,-0.08947327787673223,-0.1181285302970575,-0.06819429350367132,-0.1891480096428803,-0.1536035609410868,-0.1941117142760571,-0.20882956588038054,-0.1357162055262817,-0.09631952550343752,-0.07478165334985876,-0.15776656490182334,-0.15659771831189565,-0.18714846471615967,-0.10265198764891646,-0.1908690884631411,-0.15848446772131528,-0.15459902366015996,-0.0938643075742236,-0.16784333224398543,-0.16317085212961085,-0.14315461963181783,-0.13014343460213176,-0.030207469266959976,-0.006681710181283374,-0.1411656091959245,-0.024053286522255385,-0.04457411183646697,-0.09948974532109713,-0.00694411760149988,-0.06348777404950684,-0.1363999779821585,-0.0057627599858254075,-0.09762572751395196,-0.06770372227901476,-0.027148991015741846,-0.0896417494481483,-0.06144439215903046,-0.14939900367117498,-0.05078518971406354,-0.03959783142397416,-0.089519565182862,-0.10906330518874888,-0.05999252800339794,-0.0728808985711566,0.01495934574809999,0.1103342424865621,0.19181369411349977,0.15375715021595357,0.23626233584750012,0.21657091731072212,0.1653606325134356,0.1994461984129505,0.15806913703634715,0.14566180416474528,0.18902990757166174,0.16158989619600267,0.2303204671611717,0.20135970030093941,0.16580935124282412,0.2064425415969928,0.15353361748338512,0.1619438583895921,0.17251082141909074,0.10842837310874041,0.20275408960850558,0.11801867586935086,0.06284238747122745,0.2096002731371194,0.06361206693947744,0.6138052286217789,0.6271943355798472,0.6257927206412168,0.58499812338861,0.6062509770393069,0.6542121633494167,1.0,0.7366383876752461,-0.0047184207148803815,0.10933988313653276,0.10829113196892996,-0.07522148602191008,0.07736436524943179,0.10479708282499378,-0.008181338689489535,0.00516033352279348,-0.07689720433096918,0.04902351069674732,0.022864293187763403,0.015448199261343712,0.11405543178928498,0.07088338715263834,-0.042454378646642775,0.09582953931454873
C6 WM descending,-0.07775596386634459,-0.022792407144067835,-0.16369379541107598,-0.08649351548253145,-0.07146445092123843,-0.12279807032995528,-0.1453914264514789,-0.1335359762125539,-0.06590940421329668,-0.13595310246067668,-0.09048981056778027,-0.08619805420570964,0.010979941622987384,-0.1113952428670034,-0.08950116489161501,-0.08305230478815134,-0.08529066867280768,-0.06517354334353631,-0.0724177118904874,-0.014765522147546383,-0.1678110027176158,-0.1033345060090835,-0.1565297788403144,-0.15025013584471542,-0.0675654365591698,-0.03390343306721864,-0.009333951752781556,-0.11193391645648328,-0.09221053604396066,-0.10433713664132054,-0.12807601967988075,-0.1761835455884276,-0.06478996510772282,-0.07033928490602345,-0.05632692921466695,-0.11260603630737738,-0.09759266510230638,-0.11135346561492543,-0.07572063323632962,0.008950000673184017,-0.005345258355836904,-0.07418013269495327,-0.010188550571277037,0.006618352401507698,-0.07969158958935796,0.016908953128112195,-0.018754571101357385,-0.11826320202018704,-0.02074611283947419,-0.1084947075391713,-0.06022244728358352,-0.013562079190992662,-0.023812384231734568,-0.0025737018821865476,-0.09844459127925739,0.03568157274382409,-0.03250357863353254,-0.06545530866228341,-0.11480808133485725,-0.00806143108085092,0.005823096681249147,0.004304648969842848,0.06436858696467947,0.12987023042906115,0.09619663871345314,0.16945996567996588,0.1545213162247145,0.11407181162454141,0.14680705651583173,0.10664842686850813,0.15257603583424337,0.14183705823565798,0.12048954944280675,0.1100180934987065,0.0877047272331353,0.03618593107123607,0.1359313682611903,0.08048406705121909,0.1022369525254314,0.1088049809092771,0.0737681382791072,0.15998079951838717,0.0963440888092293,0.05946430674656307,0.10021531552543785,0.05596782098290322,0.4869449060189304,0.665265559298079,0.6844764861783729,0.5168885130442752,0.6785072671337974,0.7329895630116448,0.7366383876752461,1.0,-0.028270036113459417,0.08615047832441385,0.08930814099579827,-0.03522542066739028,0.09040828687408066,0.1451096308831135,-0.011662401118288314,0.08041654536709282,0.0012535321984793381,0.1613742417619731,0.08119279553809382,0.057126821703975136,0.1836846997913154,0.09010087870034751,0.03395706078307267,0.14981832760987682
C7 GM left dorsal horn,0.005883425850747269,0.0516221831327154,-0.0031507911353506005,0.023869239695103277,-0.08099844332090025,0.008802496660682979,-0.031686480792718755,-0.04731772393001108,-0.02611674872733894,-0.04113478502078565,-0.09815461347699136,-0.04954491671712636,-0.051477461697182335,0.04660144636327123,-0.10407451099767634,-0.00043413918539617763,-0.06293482250977363,0.010795808154467266,-0.06405364373930263,0.009187973494656282,-0.011239812345247574,-0.01671247105783033,0.03917408403844688,0.011567859748298914,0.01602373143631178,0.008640639665683627,0.013493561643010889,0.0459277104306777,0.05645258619239029,0.021751367592781467,-0.12363227306718974,-0.01743084588977223,-0.010531772016439404,-0.05179812979299462,-0.07787546165147988,-0.07282817868245724,-0.13153453674275326,-0.038044924725103645,-0.02272888226980283,-0.03764591156906219,0.051112605074140144,-0.09021089543541473,-0.04883125739749355,-0.06036238067666375,0.005880664914618822,-0.001696996455521741,0.009997341117670259,0.004180116008407294,0.038404642471595044,0.000689993315339394,0.04633647944510878,0.013903234281391126,0.07815615828361518,0.07711095238739653,0.05084824589599859,0.049978620482965044,0.0074064794487072256,-0.0010479156856915142,0.06534112301020192,-0.05102089382179013,0.02168687754056545,0.021307867523353584,-0.1255211575001834,-0.10763364937683804,-0.13284640742426335,0.021565711212271587,-0.04431769119509532,-0.02901908553328057,-0.057830430814248726,-0.06235909230900927,-0.0086207777969427,0.03906010328020519,0.012068153149955605,0.06497523647089175,0.07362034493458113,0.09017986211833663,0.03772915138941263,0.06973080480199374,-0.07460969846564082,-0.014859313796560383,-0.01283535981502138,-0.12289271119635237,-0.05852910069735543,-0.05665761985530384,-0.09220473859040805,-0.04904177143412153,-0.013080622429216456,-0.05439765281621426,-0.04446980761072771,0.038850906037403245,-0.026158997759437704,-0.029259122935361075,-0.0047184207148803815,-0.028270036113459417,1.0,0.653630901573581,0.5129155722803805,0.13490293141672327,0.17211871650909724,0.08947850885714438,0.47613628030440197,0.364735705154172,0.040889655892384,0.040390928117093716,0.033096504137688554,-0.016587688905719798,0.022774605995039172,0.03386739095879797,-0.06434883882549482,0.04194571658857119
C7 GM left intermediate zone,0.05043228524466019,0.08907878104579345,0.036548298799129304,0.07633614320783318,-0.030202464637181563,0.055599894500356094,0.03098125483349188,-0.047377264223204305,0.026800399715761074,-0.0009859559620453797,0.01879883508959009,0.06392274261759791,0.06481000041089324,0.12217265626608859,-0.052911688256724675,0.04809902611642676,0.04963302811488872,0.09368438207215196,-0.03939878872661788,-0.06469019193700569,-0.08035549484620386,-0.004583712684596389,0.02912818981417272,0.03772496378356407,-0.059240482530197626,0.0012673225294669605,0.040567583220122445,-0.010340491499657574,-0.04500131469758507,-0.031177928497497058,-0.032572886551275076,0.05057002068445458,0.10719085921486551,-0.004637596114276577,0.03303727444359706,0.04941203488021796,-0.11394397814093779,-0.027747546188670407,0.0009185375390338616,-0.007716126378095135,0.05360980374513102,-0.03177656048685232,0.06638398745182289,0.02275953119269368,0.05277150702797279,0.08798569637276907,0.09963123708471978,0.0849889094279153,0.06332200212712068,-0.05669311924872062,0.151093846708988,0.10352821077790228,0.1340889230133687,0.051732605648441225,0.12020368354062344,0.10797832924163797,0.0072133385921277745,-0.06712806320246426,-0.09503475548887717,-0.03850846824740784,0.008743389240415334,-0.02674936347837261,-0.052866961844545694,0.009555844072032025,-0.024789558491884117,0.09367610587212256,0.053793270253033695,0.045125613160699234,0.014202343217268232,0.02046843215413704,0.05213192865493766,0.05229543732239194,0.051318156792790004,0.07613339093640158,0.03476827541471509,0.024338316275413847,0.06811957943424973,0.05756767352037578,0.024216422769615338,0.026934043116949295,0.0236167997583718,-0.012358177803734318,-0.0013609348570684774,-0.020734416812803722,0.00313694142839653,-0.0410607736173232,0.07154594695547381,0.07186462106594699,0.1554355596735754,0.1257117137117647,0.0616627458653815,0.07026610146370224,0.10933988313653276,0.08615047832441385,0.653630901573581,1.0,0.7827902748547472,0.2103704630832522,0.5586416355859837,0.3790623061697373,0.4863281103331837,0.5942451597782262,0.0436367948108912,0.10337981142969338,0.10038916557700824,-0.016376228433580296,0.04751964297573765,0.001963278784790412,-0.058476360057106,0.07300985614482067
C7 GM left ventral horn,0.07137676498963835,0.15450002598332818,0.05543050270390654,0.09990261863704604,-0.002071213383278902,0.05443133160534139,0.08204364832553765,0.007065598554273007,0.06143761459251055,0.029588364409927296,0.059863865286552444,0.10521938818581751,0.10253783649492003,0.19409220870185984,0.006859030946770151,0.05052224318011673,0.0749932009825709,0.12265146605643999,0.023516139313547905,-0.015288550138359386,-0.0455941823321046,0.08196682626429086,0.05868139325223478,0.0498043834088362,0.019600164157848095,0.06306297445526574,0.05583446001951723,0.058747719271095004,-0.004542144907823188,0.020896645037821383,0.020518850135152956,0.10193654151207883,0.10850221748850604,0.013910339563461181,0.09613805002169937,0.08958255960611375,-0.11551752458198877,0.04661378629702534,0.02866128690770589,0.061125167799831404,0.08919887975578272,0.014593803055888014,0.13475124082042517,0.0602090686342634,0.015117641568721071,0.12431908113607168,0.1337488937406405,0.14895862599862678,0.07637837561686361,-0.0008467934638631687,0.14208128729402175,0.10916600824194138,0.10125487725923592,0.05005122493740089,0.15213445933907183,0.07838843185904874,-0.0028146012783858637,-0.003679856978384445,-0.04387510760912303,0.021519655287152988,0.0192067970258565,-0.00858079751235451,-0.04423684627147017,-0.003587755514258279,-0.019025256083176678,0.055173741172991904,0.025865628070486552,0.02264257429893222,0.003351002546543906,0.018818915998498036,0.05520063346099412,0.056016950144162116,0.05858261284392808,0.06240365777428141,0.022404542975199514,-0.001627232162500147,0.06480509145497824,0.051292720178951354,-0.008300449733697594,-0.01620773060440106,-0.03188082998046431,-0.016968161406541084,-0.02409381099503847,-0.03392302853211895,-0.03342080630374015,-0.09326635815912677,0.06151990947603945,0.06555618223412872,0.1909995808635088,0.13921922854147847,0.060960393075585956,0.0858749466050399,0.10829113196892996,0.08930814099579827,0.5129155722803805,0.7827902748547472,1.0,0.046783181759094565,0.2300279613832775,0.18007263611645913,0.4014318191319732,0.5809109011864023,-0.011599585809734268,0.0657920811510204,0.08071913629285131,-0.0035582190979881524,0.019084525378968105,-0.013454265901469037,-0.0437704206823899,0.07053503457282725
C7 GM right dorsal horn,-0.03593340716771154,-0.03542546694702185,-0.055200367997880063,-0.06872838430799935,-0.08741322341987458,0.020412490335024784,-0.06903349978489735,-0.0997684076775441,-0.1679718813130235,-0.07002741144851854,-0.05555533894367409,-0.13080209136210716,0.014330835601763812,-0.08632045062087958,0.0072987455243688285,0.06627107108439768,-0.07497518185802972,-0.12125659499354013,-0.0077528358470225255,-0.07474190059287904,0.005979488459620389,-0.11886116675342004,-0.0412127465156128,-0.04130176016046222,-0.046421457322983334,-0.10957551489915363,-0.027981326312784292,-0.08709251272819486,0.01780659682934257,-0.09319446964645849,-0.023921563608442793,-0.07654462782064253,-0.061290361655742455,-0.11403787628821203,-0.08923609137862883,-0.09281089503398526,-0.14906311957667337,-0.15322730639821866,-0.08447811376803928,-0.13120075227237307,-0.01653724992017055,-0.14542085952529005,-0.09068678013483483,-0.10226391451424176,0.11798204748270343,-0.09818344207944993,0.10041613737728534,-0.010695654503193552,-0.049087700565699596,-0.028274150765639623,0.11004639730109299,-0.015261849007784154,0.058380720853740034,-0.040907470988252065,-0.01767728030866062,-0.01836613598114792,-0.09368467733256826,-0.08750785166471388,0.008687405714119809,-0.1567831830644173,-0.06954492675113876,-0.10231977160612193,0.04411698239184445,0.11867435284962967,0.07686187050578602,0.0757457703921998,0.09565684796429408,0.051794853282332215,0.025449808846151733,0.04442164900272631,0.03814273115266768,0.08391197468094871,0.06542072069883732,0.05738706108175716,0.06854990330524086,0.03256128340581932,0.01496869662268508,0.027098740244128706,0.1121501571727652,0.07046277377985113,0.09229485420980231,-0.05159330755814274,0.006219394957857507,-0.004324606972925985,0.009174929125951855,0.001749828137370406,-0.07408516273361457,-0.025347689754281345,-0.017337653824013644,-0.06368990408268828,-0.03175970546572085,-0.04794279987946644,-0.07522148602191008,-0.03522542066739028,0.13490293141672327,0.2103704630832522,0.046783181759094565,1.0,0.5741762383658549,0.5649680718226157,0.6283297688016828,0.32572768409631286,0.05886635107330107,0.1264976933666735,0.11126695870011759,0.10975497323236062,0.161276869045927,0.12435735029405787,0.06768494142510789,0.11965618777269653
C7 GM right intermediate zone,-0.008195177786002223,-0.011758503878127269,-0.02164076209258644,-0.04375574751810866,-0.06031419543622277,0.006673444565618086,-0.05480020224722753,-0.09516249407894134,-0.027187864248679177,-0.05581298846831882,0.05239550675029506,-0.015212298656228862,0.0618770796483497,-0.022111787649649536,-0.0058510835701203485,0.0802521404787767,0.04077087653387952,0.028143214452295354,-0.014236582457183107,-0.0811114328561354,-0.04832924183085288,-0.09393405522012285,0.01771465572856486,0.014058665091340487,-0.1373224347964563,-0.09246851543792817,0.035823516293009276,-0.10767737315175639,-0.06760238807193168,-0.09582174314996454,-0.014705383685370194,-0.021990540809682758,0.05005710463110488,-0.026747864037857092,-0.022499607593037325,0.008467992176251611,-0.09768043195347458,-0.12460682850842168,-0.04465901171321172,-0.08346729780488919,0.013045363140137626,-0.047246073499866315,-0.010355252738560517,0.004341562288954769,0.1470314345552268,0.0543923159482314,0.1035608213616759,0.029857214350762894,0.029773740436994652,-0.07450898936910201,0.15208527113339182,0.065735585793745,0.1646468095533765,-0.013123866605952935,0.045153342208462094,0.0937590838955069,-0.002126687142548075,-0.09087005082148168,-0.14072518384537766,-0.07800972930805126,-0.03285239615987701,-0.07620760630279257,0.06250792243915176,0.130939907568386,0.10650377684147837,0.10583934343818874,0.11031645684892107,0.0793682121768914,0.07354856777303737,0.0739938817975819,0.09421972358250623,0.08147578997074578,0.07922789162263581,0.07715434033871452,0.04529634355415829,0.02535262179859083,0.07012981223038223,0.041117306658154155,0.11689721019638821,0.06950822088323676,0.08817886676113629,-0.0008775628679780167,-0.004770159893384246,-0.041046763995717495,0.06271262952167193,0.003857555176178356,0.029464393033820046,0.07923891751937952,0.10448254308859999,0.042261413077048456,0.05591560027713081,0.05156924514132162,0.07736436524943179,0.09040828687408066,0.17211871650909724,0.5586416355859837,0.2300279613832775,0.5741762383658549,1.0,0.7760162223784903,0.5482079173478976,0.5303807352250796,0.07031665388047607,0.15898013833780242,0.14948670911873715,0.02220934055500071,0.12470377139412567,0.062410429560013296,0.023612604338852042,0.10567820714786713
C7 GM right ventral horn,0.002635919421358482,0.004017245960235648,-0.05490443155634145,-0.09080759602941771,-0.06370933942250577,-0.06550228780868807,-0.05370884389903001,-0.06388658630734456,-0.06242579925446303,-0.07892272557131122,0.07578231415314444,-0.06126853867086358,0.015311712927289589,-0.05461625119001007,0.05516495203471308,0.07715235373992187,0.0613732434707443,0.003933771483104302,0.015960285315686787,-0.023021783614891236,0.006020013399991328,-0.018507651382663314,0.039367411427821124,0.04278599931432629,-0.07009428692372102,-0.0422849018960267,0.04540608640940814,-0.041121251453868114,-0.007377003103103627,-0.02935739086474079,-0.00420809305630464,-0.03364414513198655,0.014588061645064543,-0.053698594810467015,-0.011391785964048442,-0.006585301595463331,-0.09233166767441808,-0.08922575768036729,-0.052910414292354165,-0.07052146326813327,0.030075974772940373,-0.07207393288032427,0.030286705334111277,-0.002449001300631652,0.15921169846487804,0.036953161522082216,0.15496643905698768,0.06264865864930895,0.0460959781779673,-0.01219080644996087,0.1727820605737989,0.0041558413746156835,0.16997704944584188,-0.02114275430275159,0.061903149778048124,0.09556699291997912,0.009167869554967272,-0.06892204644835662,-0.05404707163782658,-0.059098931965552416,-0.04206387895392298,-0.05871016777278116,0.1120948649641917,0.16608560269465508,0.16861755846027732,0.11357285058571587,0.12130412124428085,0.08970384769767847,0.1230472473244944,0.11339431377855289,0.10862898222141225,0.09553073062395612,0.08711710289445353,0.07368827973936273,0.054736326844114475,0.022065712272093568,0.07332640337082413,0.028937456077422978,0.08890790077092253,0.08424157327808934,0.06752169874627373,-0.03389719989588084,-0.013582995769085891,-0.050132211704579994,0.04137286921151716,-0.018923821359726208,0.015549175291820786,0.0940014886688733,0.10762546678976466,0.03502827508867005,0.08285106917949879,0.0909172193205139,0.10479708282499378,0.1451096308831135,0.08947850885714438,0.3790623061697373,0.18007263611645913,0.5649680718226157,0.7760162223784903,1.0,0.5571388568991944,0.6009079465611724,0.054524479628780965,0.17241600036462337,0.15563849092537632,0.04550319887142416,0.15174975687960793,0.08046524373855297,0.06917714213259132,0.11980677631344304
C7 WM ascending,0.01422659050097005,0.040621872665495655,-0.016650824943579483,-0.037264061610193806,-0.06780313504195534,0.017489678672141566,-0.04002586185299774,-0.0643086137285894,-0.05314029310410044,-0.03188007763819822,0.05097885885171909,-0.05563487331176933,0.026660142561595126,-0.01019899882730185,0.018675616984635712,0.10619028641550544,0.0193654493240445,0.026900803177931584,0.06555972613570749,0.02387656612211303,0.06886486590591323,0.012997149421176713,0.09989106504344779,0.05729610321884282,0.0347019387770234,0.007025339637933063,0.09686598182564478,0.02972821717156077,0.0770778274355737,0.0006340869868441568,-0.053782712205164285,-0.061578799046143724,-0.04643330232361921,-0.1063729258680672,-0.06271344074000672,-0.050378007435846944,-0.18921557756111784,-0.07700148619071803,-0.019373146945928253,-0.06458932424347061,0.07426042070198874,-0.04310994759616375,-0.0036596860560280916,-0.01840190434359849,0.17197808490437425,0.04305254676014605,0.1783641494642227,0.09704132545579083,0.04426951198374615,0.039148730419827804,0.13936482861165236,0.06136058887349541,0.1257111479087327,0.03347485301088191,0.09167568480406071,0.07111350039049405,-0.02411398229940644,0.002363820149487334,0.04925321753946111,-0.034180458758933566,0.04251510718322666,-0.041726092475685025,0.060178321519634245,0.09858251034050289,0.08812392617890101,0.10303849189144378,0.08088702478040151,0.07015854384248314,0.06556338286358562,0.06655096048988908,0.0884373212740526,0.11237180035401316,0.07586902096112776,0.10922636992703719,0.10324687444304037,0.077059281455138,0.07392652227385274,0.06620164794550626,0.04917103849651161,0.04993498526598335,0.030068873225313427,-0.10323066395209582,-0.05432969202116064,-0.09378277601514906,-0.06659658639635706,-0.0674526997654729,-0.06995414403286135,-0.04593578678540259,0.00032926416673103123,-0.012463540090817576,-0.038845749421224714,-0.021538517651837955,-0.008181338689489535,-0.011662401118288314,0.47613628030440197,0.4863281103331837,0.4014318191319732,0.6283297688016828,0.5482079173478976,0.5571388568991944,1.0,0.5929633146763675,0.008083991527230985,0.09631662431863991,0.10830166737693181,0.02094040277121284,0.08834749628176124,0.07065560281255474,0.003655584798410774,0.09016113672531348
C7 WM descending,-0.02192825045361232,0.07433410597727617,-0.03181127965935881,-0.026307870350153004,-0.11830656711760305,-0.019811487214746713,0.011104756825624137,-0.01042312659225123,-0.040818337284362106,-0.0037679577534322946,0.024923434911755454,-0.056652439949439394,0.017010365584816483,0.03128354644708348,0.041074526607155305,0.06600958167610613,0.049173979387772807,0.06459129088837004,0.07931018311907724,0.009030634938514777,0.027871380082455384,0.07722431809060556,0.06188752293093725,0.0706043784531623,0.02996044965761764,0.03927884571573858,0.051644530486575906,0.04561398685571469,0.03523545565578241,0.031161405572109366,-0.045063098009697225,0.04544142128750708,0.003017701131803436,-0.03686068260171275,-0.007608335408071908,-0.0006614669908018752,-0.10478613378133314,0.00275189208560284,0.016704970686806864,-0.036374505663952686,0.06128683889796954,-0.04306482053832371,0.04349083981341961,0.009314253625783203,0.14966374477418076,0.045497172354520665,0.16356765946892535,0.13341071587846612,0.050958267372455734,0.019106346876016735,0.16761263010773922,0.023877018828154004,0.16069334489793044,-0.004875645948342721,0.13207121909806255,0.09279942913077276,-0.0119247167149328,-0.02277049836327178,0.030059864231245324,-0.028928870387731797,-0.02660029912529897,-0.0630851900459106,0.03383086419807913,0.06599808016334917,0.06623351562933735,0.0522688173351958,0.04149228839900258,0.03395415621700829,0.04563917400518958,0.0460964977116544,0.0911229308407698,0.06029062583552025,0.048008378859204844,0.048350622658007644,0.019510022589055157,-0.016193095921554813,0.02956364261885457,0.003997256710704276,-0.027799570228718033,-0.03161411377282097,-0.047525491036017276,-0.11364030082329625,-0.11372879029632975,-0.13318248261326837,-0.10660094971711193,-0.12826460193740652,-0.01883367559459858,0.027610646836406485,0.08206028817422112,0.00825285430522755,0.02423820163874998,0.03270559510735945,0.00516033352279348,0.08041654536709282,0.364735705154172,0.5942451597782262,0.5809109011864023,0.32572768409631286,0.5303807352250796,0.6009079465611724,0.5929633146763675,1.0,-0.0019494737180201858,0.1752147697669057,0.16100512886952126,0.06093745224625006,0.13060105322228457,0.07402746979027246,0.058777587385917304,0.20047967347107037
C8 GM left dorsal horn,0.08688500562927425,-0.04487863800172365,0.0940144906931141,0.034491179699974055,-0.009219045582130046,-0.04746757462723431,-0.021109906044257287,0.020888685981751243,-0.07177857772376257,-0.047805631151601816,-0.029120735746909227,-0.06556708475295711,0.08717403433511878,0.1200141748739671,-0.004659769261120094,0.004945947543382332,-0.01347545372111738,0.023386132438901728,-0.03846754452417633,-0.061439117803504376,-0.07768352934607488,-0.017615818269422566,-0.01574427757940252,-0.018802070509092147,-0.06099102355067797,0.008083924773134197,-0.09619319614269475,-0.1070677402712978,-0.15333462186975255,-0.07460204903037988,-0.03882522123224291,-0.010025781039651892,0.05594810464225979,0.0911990233271968,0.016758345171985198,0.0035334751499372296,0.08269984202224524,-0.038763964180096665,0.014656304299742063,0.008942496149939637,0.043311884748638,-0.025857338977360273,-0.07061392762971754,-0.14309562881919757,-0.047827980104067684,0.018231507666410216,-0.04522123228927185,-0.05663796588390816,-0.054658405331761584,-0.10446111488686512,0.019675669904423015,-0.03128739253357826,0.01657451925053787,-0.025374982114263762,-0.05497576716923418,-0.05605337556745746,-0.10466982383048971,-0.03785082919828699,-0.030200014955184595,0.022629281350540816,0.01136700508033765,0.022800075202691384,-0.10176928752362187,-0.08817646852841063,-0.10135261556233403,-0.08211616587135477,-0.08319672161526719,-0.11048908260303433,-0.12667800097921367,-0.08930095074485862,0.08385673854965214,0.07083749263796185,0.09942532980420953,-0.08393069584915841,-0.026062286876569727,-0.018134663539104475,0.038246708909546796,0.07393736221746498,0.04819852552113715,-0.013797198435732218,0.05011441570711081,0.06115231095835612,0.044191350881061145,0.0837793303879479,0.11165732658558361,0.11179425592172773,-0.05012141151132111,-0.06683064671932788,-0.041145951836125585,-0.03821057922705737,-0.0015391359506825603,0.001534829389734387,-0.07689720433096918,0.0012535321984793381,0.040889655892384,0.0436367948108912,-0.011599585809734268,0.05886635107330107,0.07031665388047607,0.054524479628780965,0.008083991527230985,-0.0019494737180201858,1.0,0.5450111590613902,0.6302987427765497,-0.04913459977033035,0.010626588586036911,-0.11403165243500885,0.4718669459944986,0.2284366549703745
C8 GM left intermediate zone,-0.039897554045074474,-0.07428487211237383,-0.009811538925497295,-0.04754947587441114,-0.09581342810591208,-0.15135278249345824,-0.038474718672237576,0.0488559514992435,-0.08250134333359832,-0.028620159341068444,-0.09843706205681378,-0.17072179990468742,0.016353589918448746,0.0730677729754441,-0.03863990431369185,0.06541283110257058,-0.0757473745158405,-0.0028765739705106947,-0.07623397764780647,0.008050216092603273,-0.09271154968806873,0.0027948615496934397,-0.03139862988167785,-0.08382824100203701,-0.004043911625671876,0.026427432136471335,-0.11129154836988753,-0.06693845674947327,-0.05166569019911108,-0.07295057782140314,-0.1542379216159717,-0.10749289360119671,-0.031485562672625665,0.02574777755552626,-0.020977659493117223,-0.02500471221375191,0.015118922920612446,0.009046425510500196,0.05571290757582825,0.06127883402044215,0.17236457876617842,-0.0641502335680972,-0.006625844870138401,-0.07669319566099264,0.007489459795926769,-0.01976403932009427,0.03551706676819161,0.007278827066266361,-0.022996525960491614,-0.03562953833756113,0.04072451969837385,-0.018578353598213554,0.03488327274357335,0.005789836599782128,-0.023210386054026262,0.02208147935657644,-0.08600650121888233,0.01220966797304896,0.11046588798379135,-0.01839298762045444,0.021040896901404742,0.07598476325090807,-0.07818018893572576,-0.06676438873954049,-0.06384003547284534,-0.041742052517582284,-0.06726174207568104,-0.08302652103000806,-0.09038443406941538,-0.07875343132907842,0.044202469325618964,0.040371925424635455,0.045915525071918144,-0.047873367247582975,-0.020191472100682104,-0.034951151475107904,-0.005036326189640696,0.021876930148460812,0.01637668332717191,0.015504736954777092,-0.025367999914005325,0.04543136852455987,0.019982936187426584,-0.002345827623847648,0.008033325597787015,0.011119380211845472,0.0007747859155896008,0.05768670141769953,0.04733272126268725,-0.00786365702475482,0.11877992330772184,0.16328134002825245,0.04902351069674732,0.1613742417619731,0.040390928117093716,0.10337981142969338,0.0657920811510204,0.1264976933666735,0.15898013833780242,0.17241600036462337,0.09631662431863991,0.1752147697669057,0.5450111590613902,1.0,0.7338609597863032,0.19512526720518242,0.5447715640593902,0.23020989156783267,0.5557075301632791,0.6509537676283267
C8 GM left ventral horn,-0.041808150190220855,-0.043048857766086066,-0.006716511036056988,-0.057488855440350206,-0.09737312863498919,-0.1685713771089616,-0.08665206682306523,-0.013219583902038338,-0.06299962133780698,-0.09202574968804632,-0.05759216377924453,-0.08224788912370713,0.040426839919639926,0.12006604623241755,-0.034152925482624226,0.06366744412999999,-0.06923313533492038,0.0041230291233645125,-0.07079161505541914,-0.01598890128296004,-0.07205642571498634,0.003284878150997353,0.016724067463857517,-0.1339693468514759,-0.006083995512601423,0.023445012131461617,-0.0949396399083635,-0.05707896387095584,-0.04508136922210769,-0.09399579766719383,-0.13247507605002196,-0.10470912140079461,-0.03561902740802611,0.05256278931978315,-0.058441229297288934,-0.08376550678139369,0.05849720803463997,-0.05187880432371931,0.018532297931074214,0.024995734139688412,0.08741365725043199,-0.0490602203830665,-0.08741342474002424,-0.11651670238348344,-0.03291649563235575,-0.03281969718285353,0.005995244905719465,-0.06080905708057061,0.009035951117142185,-0.006475914024166342,-0.0074037700954196475,-0.023607614515966345,0.015267201226496486,0.0025569120381999833,-0.06621412784812059,-0.02840538280493777,-0.08735240476686988,0.029212734702823498,0.047799751142839006,-0.024926142149687063,-0.03123007025773411,0.10569195291765146,-0.032249591560002885,0.0043095638603653005,-0.004018258897491543,-0.009011050166288835,-0.002447660928944279,-0.026772063032888795,-0.03997793445440365,-0.004182788600954378,0.08190204832757128,0.09413512299034676,0.06768149223910999,-0.0043704207521146,0.040670748231034635,0.022168001336790723,0.027060569662642676,0.04901264309898289,0.03060945761941295,0.027064473594697918,0.012591032584344701,0.02456659264673656,0.022407518169056558,0.022892410710609025,0.07328039608417725,0.07785097241993974,0.01027927831755955,0.034151642606108416,0.021345983511679555,-0.0822618337276524,0.038923994318025394,0.05844998886269744,0.022864293187763403,0.08119279553809382,0.033096504137688554,0.10038916557700824,0.08071913629285131,0.11126695870011759,0.14948670911873715,0.15563849092537632,0.10830166737693181,0.16100512886952126,0.6302987427765497,0.7338609597863032,1.0,-0.007911596205990998,0.2051284679190609,0.08333073390183984,0.4849381210127786,0.5410179491750584
C8 GM right dorsal horn,-0.03983726272846862,0.008171064944352139,-0.066702230871652,0.04115699981975251,-0.004725256951887498,0.09555304366431788,0.07020677907849669,0.07394403782694887,0.0015807196300312639,0.09454831149427237,-0.06866441205162659,-0.1305752235838447,-0.03903419235695206,-0.028846947735531796,0.05208176953915297,0.005996779287453572,-0.0588044973524753,-0.05788119579598035,2.8770769439870418e-05,-0.01854807771300412,-0.0028537771492317576,-0.02608617114228134,-0.06300238236327944,0.024462596303182167,-0.01607532065343344,-0.019330790338698275,-0.08333811181385781,-0.018086448234413327,0.009747559936323445,-0.04451200645672616,-0.020814567186944657,0.0044272102612122315,-0.07704910389615142,-0.09793668556684368,0.008537550805646844,0.008128576667128944,-0.15031927808914636,0.04098370006913655,0.0798620669335597,-0.05786286485708061,0.0024717479094038724,-0.07826329009722956,0.02504739871905415,-0.06161901608652536,0.027214553696466068,-0.055314914742663764,-0.03478310926577243,0.018805553507432078,-0.08080915909336256,-0.07833400820395349,0.046956314207171015,-0.047951283179882884,-0.01751645615134557,-0.03981923952887242,-0.05350809313943897,-0.0011373376093431952,-0.01275363116103083,-0.09870710863883932,0.0702553938115644,-0.06688016596682893,-0.07216599159559278,-0.017718687054936517,-0.01822313487590118,-0.047352298739095584,-0.047277204264871746,-0.05729287488136349,-0.07736069152870953,-0.09438448649018487,-0.06438657347020685,-0.08883876755095721,0.03408094844107341,-0.006227953457977231,-0.005226967255660689,0.027895498595915006,-0.018445266417425492,-0.008968255525655897,0.03509556037200855,-0.012045565810093622,0.006976887852230642,-0.02346570144374138,-0.032870644666302275,-0.1006060577326475,-0.11367236229200503,-0.12554864715290626,-0.1108214217099589,-0.10109077866963084,0.061575458070584684,0.03825834066228953,0.015580085808590978,-0.06164551941445766,-0.037498795661433916,-0.02198941311649016,0.015448199261343712,0.057126821703975136,-0.016587688905719798,-0.016376228433580296,-0.0035582190979881524,0.10975497323236062,0.02220934055500071,0.04550319887142416,0.02094040277121284,0.06093745224625006,-0.04913459977033035,0.19512526720518242,-0.007911596205990998,1.0,0.7342982162802032,0.7119576551676144,0.46402060715381127,0.4063071848991231
C8 GM right intermediate zone,-0.08426415365760381,-0.054024977320409916,-0.08878687649046622,-0.013423669457474545,-0.05565031831298995,-0.02689082314092519,0.029219877661375276,0.06671501391199197,-0.04072569039706448,0.05138655894798227,-0.10304342705452535,-0.19741019693565212,-0.01612054014535464,-0.04776245356471541,-0.024352280434623272,0.030178033394277954,-0.09992033821961134,-0.07881477101797062,-0.06321366102991431,0.004350598534120098,-0.05576718857816663,-0.023840503617993728,-0.0530018686030518,-0.01582288781807379,-0.027081245310162264,-0.04271344318284723,-0.09356726566816202,-0.045523061556861324,-0.009981022962777619,-0.06460011967689085,-0.11293244014998421,-0.0832825576419378,-0.10849006261617293,-0.08541636647922499,-0.03906044882517296,-0.02337958123605767,-0.13803037325914053,0.03709761864638782,0.07244907176205385,0.016420357222499012,0.1387257777584507,-0.0917481369337625,0.02213322526609513,-0.052709669059565346,0.0351274237937398,-0.03384633517588577,0.001027378733152291,0.030363992753048054,-0.030448407374598488,-0.04243623555429392,0.07109638752290982,-0.015964182457527218,0.016927648730873088,-0.005648403854530218,-0.05171730038005536,0.04629424776893419,0.004275320688714979,-0.055626398189484526,0.12262850215374645,-0.07957273005791778,-0.039963670517038426,0.01864994365717381,0.002060646130002739,-0.017584736794077804,-0.019334570687748562,0.008185685217298832,-0.044419625111799727,-0.06969686958409352,-0.022102429674133475,-0.07615628894841425,0.07618076746765134,0.04869351438118319,0.03491520119078642,0.05387532691724736,0.01719342701290446,3.7024949152628255e-05,0.04572310436851323,0.009378615642573732,0.04962612479136168,0.05361533622407113,0.00944750606658931,-0.018087283683105086,-0.03792313634057395,-0.08425236512943095,-0.06273514646396533,-0.055305072281990324,0.08490427798863819,0.1252145200359053,0.09377978982907813,-0.013622793672646584,0.09149276204673525,0.14053741530483674,0.11405543178928498,0.1836846997913154,0.022774605995039172,0.04751964297573765,0.019084525378968105,0.161276869045927,0.12470377139412567,0.15174975687960793,0.08834749628176124,0.13060105322228457,0.010626588586036911,0.5447715640593902,0.2051284679190609,0.7342982162802032,1.0,0.7863565825312997,0.4892607921176981,0.679302070013975
C8 GM right ventral horn,-0.12164643128913773,-0.06869510531846985,-0.09466868599696117,-0.02434912566766841,-0.07586624835945141,-0.014359370872107584,-0.002694469269203736,0.023868556534063317,-0.039346001083313355,0.006219344231652445,-0.08726834879146461,-0.1729978756164831,-0.006724642083855959,-0.06131143582732329,-0.06576767167493495,0.0052424572198306275,-0.09836855661204433,-0.10191066614528854,-0.07936558617430893,0.016415573177545887,-0.0332227527929489,-0.03486163576637586,-0.03848968374720842,-0.025589310148707717,-0.01166772701205474,-0.0743845451968095,-0.06452530574346171,-0.05006105786654792,-0.019901154052209144,-0.04477544233505148,-0.11135546583364389,-0.06825700398084454,-0.157032359608904,-0.06928872101804032,-0.0751087942481154,-0.08317338907728085,-0.12753303980444466,-0.018702049721088486,0.04227237807354434,-0.037444371746837464,0.058422440546158,-0.0775720065542282,-0.0629687972800716,-0.09771125792402448,-0.01938822173606449,-0.02259452989311154,-0.06181758878838921,-0.03249301898286363,-0.01848483159612768,-0.04461219886208331,0.041961610626073904,0.005807288843097216,0.002982389433361699,-0.005768068172957953,-0.08987376174823607,0.035447406067230534,0.01923954189107284,-0.04129315677649308,0.08789302610493532,-0.08611769284019853,-0.09343496444815157,-0.002002512870794233,0.008395574056478412,-0.011745428909515437,-0.01739503229687837,-0.020240665711940584,-0.05885736548992865,-0.0853490117529813,-0.029623837127086192,-0.08033112880861899,0.10107219527170491,0.07071687062625365,0.03218557259060835,0.10293750863873836,0.053810354983886574,0.03875409275492254,0.07531857496610057,0.017282946667407647,0.030719723113802472,0.0440545301553115,0.026181153867746734,-0.05575879024338738,-0.06323672191586897,-0.10019136808120348,-0.05927645854828984,-0.04502092789369059,0.08052682653138801,0.10050971314467959,0.04866205690694213,-0.05205158828672634,0.022146374100811283,0.033145328888562274,0.07088338715263834,0.09010087870034751,0.03386739095879797,0.001963278784790412,-0.013454265901469037,0.12435735029405787,0.062410429560013296,0.08046524373855297,0.07065560281255474,0.07402746979027246,-0.11403165243500885,0.23020989156783267,0.08333073390183984,0.7119576551676144,0.7863565825312997,1.0,0.4277781775959723,0.6239737841204186
C8 WM ascending,-0.01325115833750569,-0.06849697459378891,-0.043232719106342334,-0.041081771393230423,-0.11336478460228792,-0.060141465642759365,-0.010699843740747573,-0.007618737804436698,-0.097798811314718,-0.039226789583932456,-0.07857206909170791,-0.16608393576817998,-0.009720147840599009,0.0008369572726469795,0.019219090793626763,0.01828625243663492,-0.02272452926174637,-0.020634764008103105,-0.09381016103902577,-0.04517453591212894,-0.06561890752247847,-0.07918075784881791,-0.06098629175901581,-0.033865416945799635,-0.028193125754907115,0.026510971862923866,-0.0950810779386043,-0.07561273113861791,-0.08837890819935305,-0.014959409841150498,-0.0662957383769097,-0.03859622758267987,-0.05588855547717196,-0.021219849820235302,-0.01570990360512685,-0.060808908782300976,-0.01277742602040698,-0.022025905986975663,0.008736907864477745,-0.040355853786565685,0.06867296166441372,-0.09904694478557254,-0.048370326255002864,-0.1574806038172105,-0.09227676001482696,-0.029400515659509,-0.028946454137233957,-0.06298647981771967,-0.04359111634527645,-0.10820712992774936,0.02872455625071786,-0.016110765982071843,0.028427191988223906,0.01954106052011634,-0.034763245894479794,0.04370536662211638,-0.03241128613713317,0.009479425857881344,0.07925637908751912,-0.0017483749115988908,-0.013043867509831657,0.10590002469743308,-0.08658108770385656,-0.09441404204626115,-0.09568211483422333,-0.13479116398394692,-0.12466160787003902,-0.1384550154132532,-0.1492216064140531,-0.12208709404244336,0.021072006232848665,0.02533963554479679,0.024487874739971483,0.003406314659194273,0.01156715514090166,0.017706396811854846,0.005140135468963175,0.01809634180405517,0.01270403702137337,-0.004279315480491269,-0.005960399485207773,-0.04388492867394498,-0.042785463127973586,-0.047500295638242276,-0.022635290759257003,-0.015360823004926168,-0.03805450481307007,-0.013765794002704843,-0.0457320290218251,-0.103728786904921,-0.008692624298353675,-0.01009404656384743,-0.042454378646642775,0.03395706078307267,-0.06434883882549482,-0.058476360057106,-0.0437704206823899,0.06768494142510789,0.023612604338852042,0.06917714213259132,0.003655584798410774,0.058777587385917304,0.4718669459944986,0.5557075301632791,0.4849381210127786,0.46402060715381127,0.4892607921176981,0.4277781775959723,1.0,0.5845346416539784
C8 WM descending,-0.15178073759364402,-0.07507556031518627,-0.062134630559198795,-0.030947779068049592,-0.1394198464168952,-0.1609382356922097,-0.07461154677120192,-0.021235721534705564,-0.09243885976296388,-0.05276584529853799,-0.11154563273030335,-0.1971903308539332,-0.008018239153261195,-0.01712000496766716,-0.09057794401013348,0.029453982602204488,-0.11849031063384131,-0.06317520306221781,-0.14475172611753398,0.021606519271867887,-0.10874797503287614,-0.040460026623813206,-0.0457620201858269,-0.11141724930812019,-0.018613210396576225,-0.036502652371097476,-0.12822912916465032,-0.10226497409320337,-0.0859826713636152,-0.05954424307281633,-0.18058398142167761,-0.13131223440501488,-0.13244006318245802,-0.02074793695683559,-0.04201828104739532,-0.08380078716945773,-0.045859821541162256,-0.04927887791106204,-0.013662488227685517,-0.018893856207859876,0.13301423344771807,-0.09062167608292361,-0.07681966627071284,-0.1268720857922437,-0.06214183312470232,-0.02007090020418881,-0.07721916599742167,-0.0689286260219247,0.034610148924264394,-0.05605036808871322,0.03014927950710905,-0.009643633251973436,-0.013222711538124562,0.004824238725119153,-0.08935440544781127,0.020737713201778467,-0.010303787652189117,0.029322941054251473,0.114400418897692,-0.07284276928597062,-0.06730052639974395,0.03911855288456637,-0.10999706747201436,-0.08987399013183259,-0.10818120046100178,-0.0911224705511739,-0.12249970744979347,-0.1582106547815254,-0.1371322254127218,-0.15354661621239005,0.04244197177679227,0.03719468919030719,0.025284751191500004,0.012691024912055584,0.005021956643100042,-0.006675688096154994,0.005345312455133297,0.01073688045966102,0.058024219693391485,0.060000796122190135,0.02403934970230915,0.02322521820957499,0.01000543608883077,-0.015667453607273958,0.02954598333568918,0.03734865262242493,0.04541310149114542,0.09532404406412902,0.04426370429589167,-0.055234125639253735,0.08834536064763102,0.12970726264716365,0.09582953931454873,0.14981832760987682,0.04194571658857119,0.07300985614482067,0.07053503457282725,0.11965618777269653,0.10567820714786713,0.11980677631344304,0.09016113672531348,0.20047967347107037,0.2284366549703745,0.6509537676283267,0.5410179491750584,0.4063071848991231,0.679302070013975,0.6239737841204186,0.5845346416539784,1.0
