,7Networks_LH_SomMot_8,7Networks_LH_SomMot_9,7Networks_LH_SomMot_10,7Networks_LH_SomMot_11,7Networks_LH_SomMot_12,7Networks_LH_SomMot_13,7Networks_LH_SomMot_14,7Networks_LH_SomMot_15,7Networks_LH_SomMot_16,7Networks_LH_SomMot_17,7Networks_LH_SomMot_18,7Networks_LH_SomMot_19,7Networks_LH_SomMot_20,7Networks_LH_SomMot_21,7Networks_LH_SomMot_22,7Networks_LH_SomMot_23,7Networks_LH_SomMot_24,7Networks_LH_SomMot_25,7Networks_LH_SomMot_26,7Networks_LH_SomMot_27,7Networks_LH_SomMot_28,7Networks_LH_SomMot_29,7Networks_LH_SomMot_30,7Networks_LH_SomMot_31,7Networks_LH_SomMot_32,7Networks_LH_SomMot_33,7Networks_LH_SomMot_34,7Networks_LH_SomMot_35,7Networks_LH_SomMot_36,7Networks_LH_SomMot_37,7Networks_RH_SomMot_9,7Networks_RH_SomMot_10,7Networks_RH_SomMot_11,7Networks_RH_SomMot_12,7Networks_RH_SomMot_13,7Networks_RH_SomMot_14,7Networks_RH_SomMot_15,7Networks_RH_SomMot_16,7Networks_RH_SomMot_17,7Networks_RH_SomMot_18,7Networks_RH_SomMot_19,7Networks_RH_SomMot_20,7Networks_RH_SomMot_21,7Networks_RH_SomMot_22,7Networks_RH_SomMot_23,7Networks_RH_SomMot_24,7Networks_RH_SomMot_25,7Networks_RH_SomMot_26,7Networks_RH_SomMot_27,7Networks_RH_SomMot_28,7Networks_RH_SomMot_29,7Networks_RH_SomMot_30,7Networks_RH_SomMot_31,7Networks_RH_SomMot_32,7Networks_RH_SomMot_33,7Networks_RH_SomMot_34,7Networks_RH_SomMot_35,7Networks_RH_SomMot_36,7Networks_RH_SomMot_37,7Networks_RH_SomMot_38,7Networks_RH_SomMot_39,7Networks_RH_SomMot_40,C3 GM left dorsal horn,C3 GM left intermediate zone,C3 GM left ventral horn,C3 GM right dorsal horn,C3 GM right intermediate zone,C3 GM right ventral horn,C3 WM ascending,C3 WM descending,C4 GM left dorsal horn,C4 GM left intermediate zone,C4 GM left ventral horn,C4 GM right dorsal horn,C4 GM right intermediate zone,C4 GM right ventral horn,C4 WM ascending,C4 WM descending,C5 GM left dorsal horn,C5 GM left intermediate zone,C5 GM left ventral horn,C5 GM right dorsal horn,C5 GM right intermediate zone,C5 GM right ventral horn,C5 WM ascending,C5 WM descending,C6 GM left dorsal horn,C6 GM left intermediate zone,C6 GM left ventral horn,C6 GM right dorsal horn,C6 GM right intermediate zone,C6 GM right ventral horn,C6 WM ascending,C6 WM descending,C7 GM left dorsal horn,C7 GM left intermediate zone,C7 GM left ventral horn,C7 GM right dorsal horn,C7 GM right intermediate zone,C7 GM right ventral horn,C7 WM ascending,C7 WM descending,C8 GM left dorsal horn,C8 GM left intermediate zone,C8 GM left ventral horn,C8 GM right dorsal horn,C8 GM right intermediate zone,C8 GM right ventral horn,C8 WM ascending,C8 WM descending
7Networks_LH_SomMot_8,1.0,0.7914563605040753,0.7245345590422765,0.8057294768450749,0.6872112012423249,0.5981734620630663,0.5379202023253471,0.5413028959174825,0.5514700640343317,0.6014574629794568,0.6146480429531923,0.5819557237661824,0.28860740438146126,0.49592217367181823,0.527890838930896,0.553283126220564,0.6185003118961958,0.6297021046480329,0.4986064484540751,0.6972104613796621,0.2934590046742846,0.43381765060338356,0.6454355747191736,0.1631173539001507,0.7088462147590561,0.7328041639984499,0.1237851778577224,0.5451341674728623,0.5611222267110447,0.7044266464719843,0.7954990378610796,0.6687259426237355,0.7897854988778987,0.7344613046973745,0.7441434178467178,0.8481642843614313,0.049760022964526564,0.6527136280495394,0.4945494241026368,0.5524782030313323,0.4493571046315568,0.517741626321306,0.5839927982903849,0.5382700579367387,0.5079062249011773,0.6555639064115427,0.4854575965930395,0.4240205979414033,0.6415119387484919,0.6924170485453127,0.5639725491267203,0.5795514596917553,0.5898678999985747,0.7053283267271343,0.40276208040204764,0.3481116516434351,0.6820811749793023,0.5379957712469676,0.6489982934258534,0.5878094379254531,0.3501796703955824,0.6980039144591185,0.014930734103108674,-0.040383230766763256,-0.004358352013896103,-0.07236349856457697,-0.034564875035731815,-0.036898198536171566,0.09002119241520722,0.037251925066408925,-0.10175502634446264,-0.10603743193554689,-0.07958361518759462,-0.08762382371056726,-0.12094689610341496,-0.09558193318385341,-0.03727554276689379,-0.045878228116141596,-0.06820387477169451,-0.06320643670153614,0.008942811279857243,0.014743853242072806,0.046625694541937296,0.0318433403838644,-0.02770662907145202,0.03408428570368788,0.020251144326823428,-0.03322756624512608,-0.006519342628130531,0.011630623874506982,0.01659239501285244,0.01629907380670924,0.025327819113762785,0.010637222034006069,-0.011770840926340464,-0.02673735708174157,0.002682952244896272,-0.03925648968448673,0.0018365101385660432,-0.012683247763762298,-0.016869062981552697,0.022395327186562484,-0.007811294989874363,0.06066344538486107,-0.010050909329421839,0.14907963848542174,0.140675877755783,0.07180977906729301,0.08874383396898397,0.03471829065070129
7Networks_LH_SomMot_9,0.7914563605040753,1.0,0.6682243406640109,0.7711077659879938,0.6643896166512824,0.5393974931724982,0.4829328460669475,0.44586595332738405,0.4980573764581817,0.5045732666323021,0.5615256526995368,0.5511454035767201,0.24525665477707842,0.45230567189866233,0.4678752061931357,0.5161957165751957,0.573820893887412,0.6495212983545406,0.46344869595295274,0.6497963192980288,0.2555694428246014,0.3578875145823014,0.6417748918857994,0.16720175904558338,0.6756374372409105,0.7223347212083302,0.16827648374191576,0.42924036865541526,0.4971559744670851,0.663270069590915,0.7149516135018366,0.622424219350724,0.7007760681162664,0.6981078001717416,0.6761685035295981,0.8031282320353567,-0.058397361460531726,0.5221988633534328,0.3191079421894922,0.5156161354036943,0.4685456849431722,0.49672969530601224,0.5528903274462311,0.5059149615377785,0.4520582792160706,0.612782287613723,0.4209564023382431,0.379241781048402,0.5822013574888624,0.6208652401550488,0.4752944616075114,0.5412205326192566,0.6365946689706119,0.6218939037541008,0.35338780625699584,0.26398148992599296,0.6170636111108624,0.5634398152411659,0.5706436412966541,0.5598990010605474,0.32541994441572486,0.6377764829299757,0.00022909318029045762,-0.06687310337230397,-0.028735606580550698,-0.019871917854396983,-0.02470161817958131,-0.020076791623608488,0.09539767845196541,0.022594880705757155,-0.11300606519493185,-0.07631355824107981,-0.05931399233380056,-0.06091326613766945,-0.06122558933300453,-0.04029652337292532,-0.04910153976788049,0.004122940028699101,-0.0812562885110354,-0.05784735529737999,0.016536811062877323,0.073623192608472,0.043713528492370805,0.048645289160958664,0.019468869706320797,0.04324637179395368,0.025370629833008147,-0.03816759111498969,-0.009245657722287418,0.007327705193768868,-0.009498020121355952,-0.011065265494168522,0.03602222411726209,-0.007798551295524717,0.023560037000244154,0.039598373304030765,0.06617567265879663,-0.022485975123527374,0.03674875144717268,0.03622834752097501,0.0197744191312323,0.07894145831934514,-0.009572841284614678,0.05132262453406093,-0.011431000736763642,0.14972930348004124,0.15125697329698432,0.12646994285193114,0.16410613762895612,0.09203143227322357
7Networks_LH_SomMot_10,0.7245345590422765,0.6682243406640109,1.0,0.7338183035066125,0.5153318727863839,0.5146907949429158,0.4632919153740674,0.49029880578531426,0.40681513326027335,0.4877234407948303,0.48962660428681903,0.4784914518530604,0.2516674412290752,0.434841754190338,0.4209288043158536,0.4618353990064214,0.5071610882233302,0.5385560428327124,0.4009693474663176,0.5537716623243676,0.2392002255238319,0.3542019858971197,0.6076634735285508,0.1824993989802815,0.5919599205553571,0.5983784496030242,0.1555060474401816,0.4820642024729356,0.42917116171900627,0.555715706655718,0.6385183167962993,0.6366377412788242,0.7729052778471117,0.6825649971766397,0.689550419417959,0.725927110131363,0.10797073132597013,0.5548658440345933,0.4025995183494832,0.43140464059788175,0.37649714472674223,0.4280129008895736,0.45593600599948786,0.3941461858125966,0.4240750719713537,0.5510376940579186,0.4352861969278758,0.34671306090563786,0.5007345555861035,0.5428886886462629,0.42790242881603063,0.45324234229930876,0.5522757577501665,0.5357538403304721,0.39486047527420726,0.27871100445874486,0.5523580282283076,0.5172636083686236,0.4576703446162327,0.4178337697550174,0.2589085848118875,0.49992849012831236,0.038420962790248314,0.0008600719241232595,0.04328578360193466,0.0140092981905863,0.028629174141755684,0.047762322875377884,0.1396215276570254,0.11610990438958937,-0.14315488257078138,-0.12626032369386078,-0.08755334851545342,0.0012181391308001951,-0.05885884373128162,-0.015141101043893589,0.01168890864016916,-0.002277571217615414,0.025927199339271463,0.025429087834230618,0.04667856978456774,0.1351598220481776,0.17031753427320534,0.17449405053009748,0.0977031427140368,0.11182244507998244,0.009424577376066319,0.010750398121755224,0.009222229450448398,0.005326766198139535,0.04183251507129395,0.041447159380358714,0.009678479073620289,0.03862931584490346,-0.05485778730164129,-0.07046115635364476,-0.04643934049859865,-0.06659700043578386,-0.07983976533144609,-0.0998986191161884,-0.07749290239771907,-0.016676658191027635,-0.048908064032262895,-0.001618383056160229,-0.06939219193803393,0.0790539276078056,0.08725131358093552,0.0624373247699627,0.028319151657385414,-0.0069586808012319255
7Networks_LH_SomMot_11,0.8057294768450749,0.7711077659879938,0.7338183035066125,1.0,0.7375860883896911,0.7169005697396784,0.612176245034705,0.625388391429533,0.5855041146775504,0.6728275013548501,0.6361969478158808,0.6159705485247586,0.3444264682978148,0.6292670305415873,0.5914192693095081,0.5598185234330845,0.6450002778714442,0.5996010794782415,0.6215973658959502,0.7386599562508668,0.4309626090278285,0.5315154184315215,0.7512903907604712,0.19789670534452986,0.7589829425009961,0.7567163669669126,0.23181286348296898,0.5915825772775296,0.6344341896254877,0.6892707052638115,0.7630386835169063,0.642087934287275,0.7673198371708406,0.7081486511625895,0.7139207074529791,0.8504023246727606,0.052689413075808295,0.7361761101574841,0.550440165216928,0.5740764664253838,0.4934080363199204,0.5151675521641739,0.6346628215091473,0.48312453656005516,0.5939692489175479,0.6583428538461767,0.5676791653485931,0.5025709886263815,0.7074958858441199,0.7445008342633815,0.632105457821466,0.6063340683989853,0.6347105666352381,0.6717937103694044,0.46735624728358877,0.37346001068837004,0.7583834100605296,0.5617439543071104,0.6853870984488059,0.6316011183028221,0.4183745690145343,0.6797696751301091,0.04777403900737083,0.035135564712786,0.06781300111452514,0.02833116870560648,0.06316046018805094,0.07228461665182785,0.16904560981928668,0.1271929681377107,-0.1023004641620531,-0.10925651228941088,-0.10474575491317925,-0.06985997919265424,-0.09554719356993635,-0.06361118403094672,-0.01819182542660798,-0.016068937593807266,-0.07470741054874985,-0.05335378238584661,-0.021749894233415598,0.03887647721141945,0.0987169341637809,0.06638493410169474,-0.008381275474589422,0.045676232438940825,0.036736974289648144,0.007657996711361238,0.0028223959344150502,0.015957990576173788,0.03423308843399978,0.01615276160537216,0.02755154400649912,0.026273238945379997,0.06212011413829098,0.02910086141000487,0.050365126108916976,-0.019590024434687405,0.01188428076549194,-0.00216091490549368,0.05148172209591654,0.05058014552882983,0.01650268756261707,0.0675055991153105,0.00905839654924369,0.10080936493959743,0.12139452420651566,0.07204093877870717,0.0984026416231857,0.058249631486455046
7Networks_LH_SomMot_12,0.6872112012423249,0.6643896166512824,0.5153318727863839,0.7375860883896911,1.0,0.7679059779766975,0.6266410558514272,0.6108228820274408,0.6972103895119509,0.7021662129948029,0.6469488735479585,0.6311762919928049,0.4349915607924275,0.6271885105886628,0.5727697977684675,0.5463457843722059,0.6589933727809819,0.5811542725615313,0.6878244094971043,0.6804793212468213,0.5404955439043803,0.5933057810239456,0.7030859026072517,0.18657289834982357,0.7203717368047898,0.7396135659985513,0.35566908123492597,0.5302019577642948,0.6430738976020886,0.6262475633656204,0.6775236035460115,0.5622367983040472,0.5955851704328844,0.5888518471227283,0.5746493384832271,0.7150216004052108,0.11565997465835957,0.7145100400903934,0.5453280298101576,0.5935422961183922,0.6016315903855327,0.5236888694804346,0.6795171830632496,0.45754093638018134,0.5857471324727355,0.6721801021713915,0.563836504849756,0.6173553480166901,0.6747651138287658,0.7074130546570875,0.6741083554532343,0.6295805189976668,0.6376229751477397,0.5975866055412408,0.4296422190073831,0.3991128519127178,0.6978274153982807,0.579048460726322,0.67037421048322,0.6663902669964537,0.5534217215551348,0.5875707678195129,0.012550442007422854,-0.002099363977583221,0.029853568411248137,0.02184389386608131,0.06701922111434773,0.08508752472964924,0.1561507299984145,0.11700923423828481,-0.05385105745946699,-0.06965268419903503,-0.03485923974940364,-0.053724041719874965,-0.08447684945858609,-0.05464511465552399,0.009843577487948492,0.04108618421054533,-0.07235923205018079,-0.0770122778439451,-0.02492274533290108,0.002421775977689418,0.008848324135673014,-0.03018090850003402,-0.04037707857174806,-0.0072863467650361195,-0.008419748701636517,-0.04552477369178207,-0.03647137772596623,0.012291324361947579,-0.0019385405604190299,-0.006587966492627931,-0.009157400728472594,0.006075715396112237,0.04697382029193808,0.009369010936481239,0.07183441350661343,-0.06058154401504933,-0.001548231202670802,0.03133241322071898,0.04826316858646302,0.07348334706507804,0.015670643320282566,0.05169655532222567,0.0376830768674745,0.10633985248443431,0.09848318884866551,0.061901042990699526,0.11242482782748174,0.03528465349742287
7Networks_LH_SomMot_13,0.5981734620630663,0.5393974931724982,0.5146907949429158,0.7169005697396784,0.7679059779766975,1.0,0.6560359336709918,0.693544049310263,0.6509838227926332,0.696799828993316,0.5957232348776174,0.5895855021859463,0.4884025336109944,0.6957403141486701,0.613278163252039,0.5398638641512425,0.6157881831552202,0.5261488257471171,0.7195298183654141,0.6589055508516216,0.5730010911317078,0.6558574295041647,0.6713074613806922,0.2802951285788395,0.6539534106849281,0.6559693302215568,0.302341396590944,0.5920828619563663,0.6230916977413605,0.5420506069306249,0.5620612989012572,0.47710323473073,0.536868529518769,0.47918172681211296,0.47698011006877333,0.6302040331411565,0.20434539373583674,0.7130369326576722,0.575170292688077,0.5946417058357655,0.5812799053289586,0.44415536118149246,0.6277992968721066,0.40077809690615,0.644569357103658,0.6384577669783271,0.636195808897171,0.6203397337848414,0.6607721883717943,0.6911883990519404,0.6649124624654191,0.6449860767406037,0.5674153459177486,0.5541550960659658,0.5059889468414102,0.48625490752801065,0.6788296676982959,0.45674813957155364,0.6140380045021926,0.5734609331429935,0.5115407813362194,0.521380287626639,0.049249092629694964,0.03812311440145154,0.07881816838485585,0.03248742592860808,0.047506619741553034,0.07588682992321531,0.15040050351792333,0.13235934151886103,-0.03764491867776508,-0.05261733590812829,-0.018609617883256598,0.0025578005177182123,-0.03746775026424865,-0.002770864605768492,0.03438512048916726,0.04917226830212965,-0.004164106848118829,0.01960319143820037,0.04048980848442029,-0.028156829627101438,0.07272338961413473,0.026816264690711914,-0.025184669267584614,0.049693064475940345,0.06488645049423139,0.04033651076582533,0.026702158388084443,0.0012806691096611971,0.01488659055666895,-0.014604791855108925,0.013995324987758092,0.04782404298334936,0.05406464361824171,0.01918228344158693,0.05856513693737443,-0.05794801454911764,0.021040305601087855,-0.00046633398565994996,0.05180890234464153,0.060287398041012526,0.08533045328982274,0.10070918101629472,0.0991654413206789,0.06047661378217761,0.08304552152509453,0.02600000999525996,0.09774610803893442,0.061025394051489094
7Networks_LH_SomMot_14,0.5379202023253471,0.4829328460669475,0.4632919153740674,0.612176245034705,0.6266410558514272,0.6560359336709918,1.0,0.6633698712820654,0.5693916193673134,0.6801264405288654,0.572051946755972,0.5248502635839744,0.3184407347714316,0.5853822514145866,0.6342792137053282,0.5209127816945912,0.5779002172007229,0.5469042968003628,0.6111455914781029,0.6215638739644734,0.44639799175839556,0.5210456643330994,0.6180591965436206,0.2922884941602261,0.6237973946528482,0.6299556831411158,0.17996499522982817,0.606056105690772,0.5688822169309279,0.5516193973473947,0.5239465563643868,0.4562982681124705,0.4641253473250215,0.455867242229278,0.4538222125674154,0.5637253809499807,0.19696548077650625,0.6743355757530411,0.5970279656665015,0.5404841581824138,0.5067428709699346,0.47798062963216875,0.6044325119228178,0.3952377254072392,0.5622718422820143,0.6232514627296716,0.6275779348982288,0.4874643987888478,0.6250372533600109,0.6804711147942519,0.5911712378171833,0.5878227167675656,0.5083640186570294,0.5533254937646376,0.513040320475769,0.4393606274188351,0.6710917323874774,0.40918063250631925,0.5100142119226295,0.5226341164672476,0.39667560455877493,0.5266182124152065,0.094990220777581,0.07554459039657788,0.10362692410008202,0.05320510431400161,0.06015009485010742,0.05681666454759699,0.16329826069677886,0.12396323856039819,-0.085879533741863,-0.10932064287126211,-0.08324807757226779,0.02288264256806999,-0.033722087501132265,0.01902412682554384,0.023768508218571897,0.044312128264615155,-0.021198033784849402,-0.027844909131955434,-0.012065133261198253,0.00896811846873066,0.025720176113125826,0.03280893707656666,-0.04608081767039512,-0.023959967842288724,0.10365586765592368,0.11791276644418083,0.06546608837699802,0.09313830423138948,0.1079323787296002,0.07123526135970566,0.09535128228918048,0.0978775140039346,0.18825694342444507,0.12678827720682662,0.14431457948782303,-0.011600769649850082,0.04507486818855545,0.0494079206613399,0.13935539346677067,0.1042305989729074,0.0755302484979164,0.1225887012353488,0.08385805313854683,0.09367376149464214,0.135749582776057,0.1039498742728267,0.0937367676074971,0.09050801424359185
7Networks_LH_SomMot_15,0.5413028959174825,0.44586595332738405,0.49029880578531426,0.625388391429533,0.6108228820274408,0.693544049310263,0.6633698712820654,1.0,0.6012547509037313,0.7421527517283993,0.5912661350241338,0.5228415700052579,0.3719231956700395,0.6917510394829447,0.6258026681616902,0.4696041088320191,0.6008900069400368,0.48092037915863883,0.6814476402226574,0.6621519434195129,0.5556799607381462,0.6273708961424588,0.6318528271192375,0.2716907679789511,0.6690394049069782,0.6498702714150426,0.2813885623358842,0.5895158012809186,0.641235480344327,0.5762294276508032,0.5731883086809223,0.43858546138883386,0.4660195599032434,0.41344711549619567,0.45375123435279785,0.5892875986791001,0.22721717900359084,0.7160433011884944,0.63701475498621,0.5839276337607702,0.5721104298936256,0.46614569433043507,0.6326955977187522,0.39974846309097994,0.6466074180284058,0.61603912189904,0.631147330701074,0.5527670861944025,0.6936574254317319,0.7022137632370701,0.6794328563802157,0.5823316833340297,0.46562197224052687,0.5651223620830318,0.4652717666648432,0.4592386231283843,0.70167058873803,0.4286444461834397,0.6196661610216511,0.6185828283769699,0.4752958332255029,0.5535902804975391,0.07346189261445478,0.06864207061150318,0.10088677329611001,-0.00393389625639,0.04158078290106891,0.03799099106304845,0.13717808572187745,0.1432698786474589,0.015091311926938746,-0.08192523269574872,-0.06591838500092362,0.05059673766145752,-0.043482366355412985,-0.012089819058162242,0.08448007996767014,0.0005739249667426606,-0.05199385436770907,-0.06238715266733235,-0.02190137253349916,-0.00570233793975049,0.05108681439561401,0.025095945619655145,-0.035710217078575586,0.0028049921701681084,0.004459056522305887,-0.012585909411313254,-0.061434660651957344,0.021848791600312195,0.02709782460791196,-0.006061942882258686,0.0016849414245075434,-0.004878250165393241,0.03273603197116005,-0.02485165627741128,0.019648357912481592,-0.06771387394622014,-0.04348777590561672,-0.029135304877676134,0.02594889244377732,0.008503918546760067,0.06481109902889082,0.09104837911563535,0.09088253395923782,0.037957313452350844,0.039975727033063846,-0.0036113080906521886,0.05464074833408107,0.024026296651851565
7Networks_LH_SomMot_16,0.5514700640343317,0.4980573764581817,0.40681513326027335,0.5855041146775504,0.6972103895119509,0.6509838227926332,0.5693916193673134,0.6012547509037313,1.0,0.7418193091873868,0.6785987914358237,0.645056144324898,0.5062311295774343,0.6855852843706945,0.5590040999052078,0.5816314286155049,0.6459688738250879,0.5174297728264252,0.7191256415081857,0.6811731120288517,0.6261899594773191,0.6933617292120805,0.6580041281217357,0.2151300381565614,0.6935817280592224,0.7232196043876715,0.4956781400621901,0.5118510459503539,0.6840709150545885,0.599432939225914,0.5801081022895892,0.41622529140530046,0.43404822940822263,0.4013349599297558,0.4208201298859782,0.5847730248491986,0.2785400886604152,0.6711116007968114,0.5448833348491109,0.6593892935412662,0.6259798147276415,0.473622974055215,0.724329421324362,0.460858856498518,0.6218741648298156,0.6478091100666811,0.5623634121513823,0.6416159063544492,0.6825555542612175,0.6902167403986059,0.7129687251799296,0.6244590533940898,0.5996639589639833,0.58042301420735,0.45389775571799135,0.4415699536226115,0.6610430580210417,0.5946755585678019,0.6754951277881344,0.6852287800968462,0.667317398108747,0.5098742491155522,0.026790816036996814,-0.02556055246160622,0.0338070565039356,-0.013252283313106877,-0.010178128806240886,-0.005679060534972495,0.08801479717870649,0.053054967498222916,0.011009674508088207,-0.07495079381240646,-0.062070809392088595,0.01030976247744343,-0.0731507654390204,-0.05917029468625958,0.020795411160317228,-0.009552837688010123,-0.06276620004184545,-0.036175664394274415,0.045852142614006684,-0.1054077025283975,-0.05109064229753315,-0.09429952644614055,-0.12246736158622767,0.004619171379836108,0.00993155973988514,-0.03760552820739381,-0.02070362572811737,-0.008766396755122455,-0.016701868798319534,0.00120011193260453,0.013707416999697918,0.03321367279811015,0.008593466022306812,0.0034538495598300085,0.04191924493852658,-0.07092302501335727,0.01061834091940924,0.02411499876638253,0.018285963390777097,0.026874886363803013,0.04861846489126207,0.12056219968144655,0.05135806984707935,0.0740862104495227,0.13266496876881095,0.06245454166162718,0.11237140657547301,0.0525424075522706
7Networks_LH_SomMot_17,0.6014574629794568,0.5045732666323021,0.4877234407948303,0.6728275013548501,0.7021662129948029,0.696799828993316,0.6801264405288654,0.7421527517283993,0.7418193091873868,1.0,0.6982668134058476,0.6724540126339917,0.44073489174414665,0.6929535379315056,0.6406553296110532,0.5794716656110617,0.7449834718398433,0.5417155139894876,0.7418210897575511,0.7177304659442341,0.6096052936626639,0.6896909164512042,0.6813771830099326,0.25090735348894844,0.7376723772362672,0.741928604464672,0.37124177622291904,0.6406230551454613,0.7248955848994774,0.627178041578023,0.6427979271597721,0.5135356071399118,0.5191367688874508,0.49016267401508506,0.5115254632683641,0.6293356203173205,0.24095901035166473,0.8010394804572658,0.64734201605824,0.6856305297791904,0.590560092814277,0.5336847829773824,0.7212916008516992,0.4303532545444371,0.6387248295112556,0.6925267285223484,0.6578734376411772,0.6233934828239299,0.7532017555469381,0.7779761782360691,0.7383102849354573,0.6925195188702195,0.5361879265268088,0.616717577752502,0.5515406478699111,0.5144242058206295,0.7799230683411797,0.5053795081402327,0.6707997547290658,0.7037632486744728,0.5792299308732702,0.5959793733221314,0.04076953240112065,0.031027187991805802,0.050977212595811845,0.012724669927162868,0.043366058464899264,0.039370492173513474,0.12244353007702373,0.09203546412528404,0.005585526284362956,-0.0587834530714152,-0.05259317637079018,-0.01255883377007443,-0.04555199091963933,-0.01153928910388357,0.06063145111374439,0.010376935058419122,-0.058281867866137683,-0.06850633983591865,0.009520453094355279,-0.0667801262101291,-0.03417579114189287,-0.08460516718381371,-0.09750183073381946,-0.058038596682515105,0.04660041079491754,0.007558566281995756,-0.012796905548455011,0.06456897558159384,0.05584566647833768,0.04903906316489921,0.07428306983443818,0.07022465126693737,0.060330305474373874,0.04225805559584209,0.06744472430524952,-0.04451332793446679,0.027774042565373715,0.030414438267080703,0.03655306887070973,0.05135452200811745,0.06836994037432319,0.1331114362564134,0.046032178402498035,0.09603466615011157,0.15709539923422983,0.07881918079805364,0.08290415146769678,0.06468129068278207
7Networks_LH_SomMot_18,0.6146480429531923,0.5615256526995368,0.48962660428681903,0.6361969478158808,0.6469488735479585,0.5957232348776174,0.572051946755972,0.5912661350241338,0.6785987914358237,0.6982668134058476,1.0,0.6360339394694695,0.34199835425006087,0.6476999943607888,0.61792758336716,0.5948765846118771,0.7438788366487679,0.6585301954010867,0.6509468836497962,0.7150325957027549,0.5340369330686235,0.6160623311120245,0.6908836659911484,0.2375965806066031,0.7210617342636646,0.7611422579485921,0.3234301611893417,0.5683792759847396,0.6463780990995931,0.6694728539092041,0.6175318293098285,0.5152852958905633,0.5464519819399506,0.5317387701332699,0.5100006466263548,0.6509689171312747,0.19397761338862282,0.7135083328000655,0.5725846584102766,0.6064102105220364,0.5618407928926535,0.5674781202552374,0.6512884451386806,0.4653770491819833,0.5534025097485702,0.6915732554775494,0.5778632433275358,0.5347276049993918,0.6801695317793314,0.7266756777338561,0.6324335765189563,0.6647263837681094,0.5743105288725059,0.6924593404739108,0.48143546908832624,0.434220982347579,0.707934027359603,0.5588143815285289,0.6438535774041421,0.687481262755729,0.5046240231906106,0.6382935916349984,-0.04320249624089825,-0.07936410230856952,-0.05561522926510809,-0.07143511840917507,-0.048325461165772285,-0.05215938435599017,0.03690203976474306,0.006096641797215792,-0.005181021869578774,-0.07198465627140506,-0.07578599262780865,0.03618554666677689,-0.03653313670485914,-0.005773426328565832,0.06903768873543427,0.003566231318079984,-0.05298430580046476,-0.07675288294454516,-0.02280601310018848,0.00825041156629242,0.045229948274008704,-1.5233294855312085e-05,-0.022848020650053983,0.022666074121033337,0.007715988432136898,-0.057980970462038844,-0.037475387433712114,0.0011513878525490418,-0.021435871023647277,-0.028439986587109674,0.0036082801284513387,-0.0032354532708671812,-0.005124732515391931,0.01569897845673658,0.026439338756864827,-0.023662367979161134,0.054833872833136885,0.047957503760807534,0.011575928865790728,0.04424674124554847,0.0653382634333316,0.06457338115569174,0.0030404445995879867,0.0655622203297105,0.07038592623064013,-0.00973680613944853,0.018644697890888823,-0.026852774675191517
7Networks_LH_SomMot_19,0.5819557237661824,0.5511454035767201,0.4784914518530604,0.6159705485247586,0.6311762919928049,0.5895855021859463,0.5248502635839744,0.5228415700052579,0.645056144324898,0.6724540126339917,0.6360339394694695,1.0,0.5016251739238068,0.6331799643151056,0.573549159623238,0.5966085940825209,0.6297630132813524,0.5694145462575018,0.6835913331758671,0.6691659619509162,0.533790310218014,0.5986924533285214,0.6818964093884411,0.1881671444623083,0.700394190653665,0.708474997965502,0.3358566823685921,0.5470382414769693,0.6153084991985257,0.5912142091611843,0.5752852901705041,0.45184434667194695,0.5124077155584877,0.569515872325169,0.4919935194085559,0.6186372353257404,0.19856066880739387,0.6525732731428815,0.4965547781046922,0.572117766347189,0.5383216331475813,0.4529463238630208,0.6544066460878389,0.4154386337205656,0.5626089683135989,0.6304515117429347,0.5689314969663809,0.5345382124356274,0.6421657432426326,0.6708333732996343,0.6244853718829259,0.6416828572842541,0.63390135276355,0.5697143263963494,0.505525333826441,0.4220928646892267,0.6760799093465666,0.560883929956322,0.5862548484054521,0.6296190754224761,0.5062914446174476,0.5452267450174163,0.1107322014130645,0.050113668494817167,0.07448220113555343,0.04367743238825106,0.05557130081262965,0.05000357808679366,0.14209021085074922,0.08293906669324864,-0.008947961540572338,-0.040147971106342766,-0.046779174550372594,-0.037433195390871234,-0.06062042362542641,-0.0341409715438471,0.006707140098911512,-0.006494366737437689,-0.06072562016676397,-0.034075261873725504,0.030653343887649346,-0.029678375183999905,-0.01307729113660088,-0.04206218437442316,-0.059652092231326066,-0.014015368986496739,0.06689123381590009,0.03162208153482982,0.029957613795815092,0.012675341107354333,0.0364938476718428,0.045227505184891215,0.016765335782484965,0.059148796409305655,0.020576495092177998,-0.005428652352842259,0.016765867718514838,0.03130036111467856,0.047794900214121847,0.07965282755381065,0.0548569056654552,0.05660509525516357,0.05598900614723439,0.1028227648880736,0.03280756715916478,0.11881462936259711,0.21267854918390194,0.1544559346985361,0.18686546262572454,0.1486914853475562
7Networks_LH_SomMot_20,0.28860740438146126,0.24525665477707842,0.2516674412290752,0.3444264682978148,0.4349915607924275,0.4884025336109944,0.3184407347714316,0.3719231956700395,0.5062311295774343,0.44073489174414665,0.34199835425006087,0.5016251739238068,1.0,0.5827690828733431,0.43733063672009653,0.36701550455280996,0.3768128767888706,0.34263329653688296,0.5596566977687494,0.46645066927074585,0.40619548138794437,0.555329720802195,0.4686956360500474,0.3745913537586669,0.35053280448009605,0.36096425660470643,0.24512324027565316,0.5131427337402653,0.46571073101739136,0.372946517240612,0.24624505080016917,0.19792742859762466,0.18403948316807603,0.21326101488016413,0.21168845455833019,0.30472338588489045,0.3827156150389124,0.3902588452663532,0.3765096109252802,0.4208293738492573,0.4305234140165414,0.20113476974910988,0.4549097642522053,0.3778899122370477,0.5291617873483392,0.44628838486174727,0.5126830084768078,0.5724159785175345,0.406993324160673,0.4652333070130279,0.5140144686744413,0.4393568296999085,0.39390533764393465,0.35587937545085313,0.4585929495559716,0.5012965015591286,0.4308000492661161,0.26906406697964813,0.4145343882597063,0.34125278365025946,0.4130295196937571,0.3299730737434706,0.0073877998385914485,0.010973859986543285,0.03850486272943029,0.04471400658445734,0.04306346459511541,0.029496495903963003,0.05227350075865228,0.05765287297520598,0.06057011704917927,0.03194026889290006,0.05379044260994283,0.08138938730919697,0.02841156500444044,0.0274036079625103,0.07364990288012058,0.06455262035350642,0.04835285303827118,0.05679893760224268,0.10600702751073231,-0.020590299572675223,-0.001149890618122768,-0.05524815094958812,0.016552296838408986,0.016039814079407834,0.08668386094707164,0.07318597815957059,0.039430936580618525,0.11408420852420018,0.1092594811238773,0.1071079929455866,0.07274271792272093,0.10279380800711684,-0.041437639864741964,-0.01929661814310322,-0.017025146717662254,-0.03665390858711008,-0.002812147099111879,-0.0028146679558804432,-0.08159232414644503,-0.014846002038628167,0.09885849967567092,0.12015274036391362,0.10105445808511178,-0.035378010799440494,0.07002041977381487,0.006471031054182774,0.09911504339642621,0.09761752349609974
7Networks_LH_SomMot_21,0.49592217367181823,0.45230567189866233,0.434841754190338,0.6292670305415873,0.6271885105886628,0.6957403141486701,0.5853822514145866,0.6917510394829447,0.6855852843706945,0.6929535379315056,0.6476999943607888,0.6331799643151056,0.5827690828733431,1.0,0.7296046092643942,0.5366261796879134,0.630996312801527,0.5466447330723672,0.8671114359932812,0.7845591488300838,0.6970785493293938,0.7901761575651278,0.7769425100267828,0.4003236720845928,0.7009939608291945,0.6868352229594464,0.332908969747217,0.6993859764072363,0.7244575531981162,0.6440726793274382,0.5325266826615548,0.37818415567229596,0.4067783690824225,0.4370559527982379,0.3857257873965367,0.5712532589032963,0.33995407285923795,0.6944657999206155,0.5733077250381191,0.6229819440362975,0.6171029782863108,0.3859989278548681,0.6825341117360878,0.44212800392253115,0.7596570089651364,0.610000723340228,0.7618123364559565,0.706200917253126,0.7359062840133661,0.7562442343824418,0.7757346504594068,0.6810389605827641,0.6073568247563459,0.6415640144077416,0.6424696641156113,0.6530530999151073,0.7634395187320684,0.4703535967659711,0.665521416371067,0.6502071199961834,0.5518877019071576,0.6144651108069318,0.025548640408088432,-0.0008170846919936976,0.033366614330772884,0.05535871619239799,0.042200248280597596,0.042545680863576824,0.1260113485108968,0.07887764922847892,-0.05197469586236895,-0.10891549307146382,-0.1039604891510152,-0.026050846586203963,-0.07473528453066165,-0.037275431690548366,-0.03066089403575582,-0.03050585442561985,0.003007079702739364,0.037708193252925744,0.06409578019078452,0.010240005653694317,0.08443347667013963,0.004569032084749661,0.007614590916681394,0.05427904211295678,0.08568703968538559,0.05075136925431232,0.008376110508518473,0.12667378261670315,0.09723232390167681,0.08265187581866172,0.08304888441607482,0.0570829387706896,0.08275086463679487,0.06122276232785662,0.07753862586176376,0.014591026389267065,0.0506981839149731,0.04842428467781123,0.10404729889155222,0.07375430963074128,0.0725051458423711,0.10458219187377302,0.04508854584748072,0.032347216827357105,0.07208341602371728,0.00012938087733513476,0.06232201097145992,0.028181649603327075
7Networks_LH_SomMot_22,0.527890838930896,0.4678752061931357,0.4209288043158536,0.5914192693095081,0.5727697977684675,0.613278163252039,0.6342792137053282,0.6258026681616902,0.5590040999052078,0.6406553296110532,0.61792758336716,0.573549159623238,0.43733063672009653,0.7296046092643942,1.0,0.5307711287244299,0.6582265236514268,0.5517382067751625,0.7357915174667861,0.7027868927507438,0.5658973889019755,0.6497135814882792,0.6944099764306412,0.40654850462972003,0.638647146437913,0.6536934196107679,0.16941605265703952,0.7119731723323354,0.6070294258182827,0.6318320761717253,0.5096461143395519,0.37550787742267855,0.43079192249398446,0.4785506995343289,0.41469785434617806,0.5762107731845514,0.2335777192290425,0.6293170446140947,0.5453404906710385,0.5708323828697329,0.5561911862999067,0.419822965901355,0.6426719662003665,0.46791943094544647,0.6238225781441586,0.6054356972463314,0.6500452768819506,0.5569577501529809,0.6844529375142169,0.7238251500972566,0.6593906044288371,0.6656976543299248,0.5427905938735055,0.6239009201083318,0.6103640080904849,0.5792441340908582,0.7302699648353355,0.4021227856704924,0.5712668266326176,0.5926479840371925,0.4223578993323176,0.6047853332061071,0.061844782131155476,0.031304392548721416,0.042204685783607136,0.01810249228098389,0.029139406058665433,0.03520991127957695,0.11631946500802343,0.09415326457013543,-0.01443490502402982,-0.0127268740808347,-0.014972631787359376,0.0031938134212923966,-0.012730394570853008,-0.004547981738913524,-0.00047210165454521664,0.03814415649862247,0.012427094700559157,0.036368121583756706,0.051685485335335755,0.04995513852455297,0.0611286003472235,-0.05244118089457202,0.03019447137380535,0.014905157444289907,0.03294473238163043,-0.017550618453430367,-0.03854247720086412,0.08329034089078637,0.06664190216697766,0.047551283537572334,0.020055553736794546,0.01881101127158649,0.14089899956404725,0.08542189142985357,0.08223893315919929,0.020966092985082414,0.02927019075821857,0.03131431414255477,0.10426837681923141,0.058490737133769996,0.10824347004839699,0.15616712313981373,0.09091600408240266,0.07224719859365389,0.12741204620372223,0.05552685318859531,0.08879751721601692,0.0812770794167469
7Networks_LH_SomMot_23,0.553283126220564,0.5161957165751957,0.4618353990064214,0.5598185234330845,0.5463457843722059,0.5398638641512425,0.5209127816945912,0.4696041088320191,0.5816314286155049,0.5794716656110617,0.5948765846118771,0.5966085940825209,0.36701550455280996,0.5366261796879134,0.5307711287244299,1.0,0.6641603849782692,0.5422159643490977,0.5543755551044965,0.6521215203892136,0.35761756307489095,0.5202171093762774,0.6213749153268542,0.2449757438331373,0.6487504254624121,0.6308875461939429,0.18964561325843443,0.6144989307847462,0.5185159958325241,0.5644232505387666,0.5073543386380197,0.426071462887017,0.49431930852786626,0.43974596356145984,0.5063338412208086,0.5787010887858649,0.21616123982074592,0.5949534220498406,0.4444775354465645,0.5494106929086996,0.45040174338828015,0.4860117319285972,0.5019306096832481,0.45959788965709036,0.4966425777393148,0.640430231007297,0.5697848827821819,0.498225307444837,0.5600057792372459,0.6355102105177383,0.5339069965582968,0.6151745776199341,0.581557909779416,0.6128177610107814,0.49668689341504885,0.4750168580813593,0.5914900233123356,0.4665979455734803,0.4893459347883428,0.4760996522110639,0.37558585494817875,0.5388460504007181,0.06989949823678511,0.025633661969553256,0.046791146654975496,0.027047334846789773,0.06160508177828224,0.06639585433608636,0.16547200444936527,0.11517440992103935,-0.006156716826996627,-0.07315869419978464,-0.05989367479687792,-0.01317945508883276,-0.05630582471166685,-0.032349762300436055,0.060952644989145856,0.013357128552965456,-0.052933059141414975,-0.015400319345450336,0.04020650807237105,0.019609843125436933,0.029250990768503078,-0.007547915451591236,-0.01610946992473036,0.0077620231586735975,0.10024208506562224,0.07414829967422282,0.07658862246669651,0.021147444987686486,0.043946982968958624,0.019535628554238637,0.07760860033750279,0.08948969962595134,0.05370238331820353,0.05486779206370507,0.04696461669626936,-0.014180369874204292,0.04528553252903661,0.05445710091084771,0.03812895395496101,0.08501022462047617,0.017300043219749255,0.058540465448368086,-0.008418634036304664,0.09830438958667802,0.13720440799164182,0.11748089648414853,0.08321450728565671,0.07531755038273738
7Networks_LH_SomMot_24,0.6185003118961958,0.573820893887412,0.5071610882233302,0.6450002778714442,0.6589933727809819,0.6157881831552202,0.5779002172007229,0.6008900069400368,0.6459688738250879,0.7449834718398433,0.7438788366487679,0.6297630132813524,0.3768128767888706,0.630996312801527,0.6582265236514268,0.6641603849782692,1.0,0.6363539891544912,0.6799573184154161,0.70232735610624,0.5327679472137153,0.6441235072552958,0.709443376786549,0.2834572797198056,0.7390408427260329,0.7696298585582452,0.34865914806119264,0.6560360012578051,0.646694121485618,0.6636008293038996,0.6228362265369144,0.5477473734321396,0.5564614860270878,0.5378015418201282,0.562330923227651,0.6445596870428165,0.18049441103411934,0.6863270480694302,0.5396257245625891,0.6087012187043652,0.5270087766200444,0.5244252564629567,0.6496701110779336,0.41094498886392056,0.5683337180359405,0.7270353186235504,0.60947448865434,0.5883352533853191,0.6963848666337471,0.7517442640647586,0.6703243419872803,0.7740474508287679,0.6306442566770812,0.65977300014777,0.5314904910385172,0.49644454150037104,0.7436513838368036,0.570983357713313,0.6295732674738971,0.6623406340305686,0.5448814313003884,0.5915829098984853,0.08964262539792116,0.018137973970690363,0.03780182794659513,0.026578247246569146,0.048221247112461896,0.05152486535442849,0.16014914986388276,0.09893415373575713,-0.021926548788170366,-0.10369721707119299,-0.09354374821019128,-0.038699048133972756,-0.10445648638406357,-0.07335867066432547,0.04038943810076814,-0.04707545460761212,-0.08979781277282432,-0.07348642056049999,0.002529980590189676,-0.033102963026012205,0.004022836034565006,-0.03170250041314444,-0.04568703818802739,0.0034188626876906613,0.004387674742581595,-0.05462930082979285,-0.04840795978184215,-0.00426658145464129,-0.00571779572778037,-0.001731710570893453,0.02033535121577916,0.0019119773063475793,0.059479555841931896,0.03269748664307776,0.033753250362551196,-0.015162227290690574,0.02436945596255011,0.0034604952724394916,0.010819463321871893,0.02490560935393072,0.07569240593399568,0.10916786794085813,0.02880189744233868,0.09603255888043821,0.11848497773460889,0.039267322051748134,0.08187581652917844,0.0407982946886718
7Networks_LH_SomMot_25,0.6297021046480329,0.6495212983545406,0.5385560428327124,0.5996010794782415,0.5811542725615313,0.5261488257471171,0.5469042968003628,0.48092037915863883,0.5174297728264252,0.5417155139894876,0.6585301954010867,0.5694145462575018,0.34263329653688296,0.5466447330723672,0.5517382067751625,0.5422159643490977,0.6363539891544912,1.0,0.563752812035394,0.6642869065369725,0.3290377488242006,0.4821890976676166,0.7166880323658015,0.2757487134606241,0.6533453779160278,0.7363281905579129,0.18117660537643945,0.5793585371098884,0.5280156659972414,0.6659077008711574,0.5733371619294428,0.5334230323566305,0.5280746131350302,0.5359770793586023,0.5296792153909471,0.6373411204870933,0.10938736780808817,0.557447329580667,0.41951923178794726,0.5712040807858577,0.5280294825943356,0.4958278241708536,0.6087460725240952,0.5558111339537901,0.507280827229084,0.7049101233563342,0.5098200809230097,0.4467328574383369,0.5890773292089657,0.6873464112585186,0.5326159206377618,0.6137686974533675,0.6753885311368876,0.6645749678603599,0.5408225652609054,0.4475830972858926,0.6574067910166647,0.540927084460671,0.545983041091349,0.569027901395612,0.40744528647648026,0.641668804562604,0.019802033283533006,-0.0431980153719154,-0.02856680010664218,-0.03086580658229963,-0.037686614805026955,-0.07705805303555766,0.04910938963670861,-0.023676151759236555,-0.03230341638426104,-0.053760006159558775,-0.04647703719561929,-0.005754222519921616,-0.0544512551477293,-0.03820289320734804,0.062239656976395864,0.017408646137119052,0.005122298490518468,-0.0005639135425671294,0.07355752673329263,0.08134789489665863,0.027957174143003527,-0.012373833202090737,0.08291541107011145,0.05240772162832272,0.03696425881906175,0.013136981520019046,-0.006124131447083954,0.08628501420054345,0.09381282974692225,0.0879778141401688,0.08426432055595239,0.06724126082301066,0.03283086978798056,0.07080991250002572,0.08127475419861258,-0.0013958465031981494,0.04595210734870683,0.051683147610415044,0.0014895387471216181,0.04081400914009621,0.0830262500748523,0.0837884263312358,0.038018447109690705,0.039254126890325265,0.06886342686339185,-0.004386009863050341,0.053191131981614695,0.0031034968219831958
7Networks_LH_SomMot_26,0.4986064484540751,0.46344869595295274,0.4009693474663176,0.6215973658959502,0.6878244094971043,0.7195298183654141,0.6111455914781029,0.6814476402226574,0.7191256415081857,0.7418210897575511,0.6509468836497962,0.6835913331758671,0.5596566977687494,0.8671114359932812,0.7357915174667861,0.5543755551044965,0.6799573184154161,0.563752812035394,1.0,0.7643005938542472,0.7704585659657958,0.8318307308852492,0.8016457978408883,0.32849436234960194,0.7480392072993879,0.7394160924270555,0.45516986499999273,0.7014497679502555,0.7468433207229227,0.6525328175941596,0.5357557647580263,0.3737807322129106,0.40497304376329935,0.4365881690171578,0.385363368649762,0.5774425990786257,0.3103799323312474,0.7210840522949713,0.6026642949337555,0.640466400517206,0.6531245128361632,0.4113997179699127,0.7302134562282555,0.4282879785825933,0.7480573440184679,0.6346243663397872,0.740661403184008,0.7581254103225766,0.7756074578428087,0.7859945351551612,0.8174260561589346,0.7286258698262067,0.6513257848514223,0.6038150298274629,0.6248057094132025,0.624474910075083,0.7871964554199151,0.5150086944357518,0.7114557399006256,0.7052972658812469,0.6734319860416907,0.599412977356204,0.08818611890516483,0.05848333360103618,0.08659752018811528,0.054419076716012954,0.05932214046911216,0.05797439561780704,0.13926987368358132,0.10794066604812208,-0.029445091259505916,-0.09768739884145215,-0.09122985888341083,-0.010362468261851596,-0.06329559469315069,-0.01460401278651041,-0.015322680129945887,-0.00991870683990633,-0.029457901254059123,-0.002417172830496227,0.036947229757064846,0.010683205145419091,0.047581048801895155,-0.026950995149112856,-0.012792509082738955,0.016755592034154852,0.030424290657151194,-0.014212327176434931,-0.025491053217160543,0.0490057222099385,0.026532826045081632,0.04303516569019659,0.018351732823530028,0.03142968012499479,0.07851742101655623,0.03626248670999905,0.057829724595003046,0.008721286438112215,0.03644722014376343,0.040740044885556916,0.10155828622763526,0.051968848267583814,0.08853205114506828,0.1425980173096583,0.07835715449163234,0.09032408525623872,0.12692254606790007,0.06117828113185047,0.11139410482791187,0.08536035934461354
7Networks_LH_SomMot_27,0.6972104613796621,0.6497963192980288,0.5537716623243676,0.7386599562508668,0.6804793212468213,0.6589055508516216,0.6215638739644734,0.6621519434195129,0.6811731120288517,0.7177304659442341,0.7150325957027549,0.6691659619509162,0.46645066927074585,0.7845591488300838,0.7027868927507438,0.6521215203892136,0.70232735610624,0.6642869065369725,0.7643005938542472,1.0,0.524660069861267,0.7402944792636089,0.8212448478633584,0.3537645283737677,0.8138443315242333,0.8038769945832857,0.22227209080496965,0.7271450973038818,0.7724762451848254,0.7913174677085949,0.7026280308756242,0.5395093139885475,0.5737645500219909,0.5796380409469508,0.584752474617375,0.7278165625829512,0.1972046957277599,0.7387614138229404,0.5611967558935532,0.6854467375278259,0.6083551368064296,0.5212030291884855,0.751923852008526,0.6311680946695399,0.7199404036385467,0.7079189701288037,0.7140901422465361,0.6293573941847062,0.8061611893693019,0.8573544293918349,0.7477149151194061,0.7166612539620967,0.6880367286914558,0.7945546208327711,0.643167720824734,0.6026482825380627,0.8532020600460525,0.5490582093376875,0.771900975687922,0.7314766233268728,0.5297433066444349,0.7752108268371073,0.006172440589740925,-0.05654860482351743,-0.012361594901373708,-0.025345507663507242,-0.022139097735548972,-0.025052840770790067,0.11235768480744475,0.0210219548761818,-0.015348256808481066,-0.0717854697326752,-0.06834508609354051,0.008705862883737302,-0.04386017183234381,-0.015067004831662404,0.010601258200638456,0.012583574325711503,-0.04145904477358151,0.0016615128527156591,0.04909724479190978,0.07730639313454497,0.11404177608169914,0.04862829106737537,0.040518173566407086,0.08779567371357168,0.05654256990867749,0.02175822149055431,-0.013495201012549689,0.07961880572635363,0.08449826634105766,0.07629290910498007,0.06576813433808001,0.06771617830913211,0.03944227449349884,0.04288624358698681,0.07596303870232263,0.0010556116911348249,0.036786216636675806,0.0380803092588275,0.06341516167943784,0.061112863409449485,0.011660109963961229,0.07589628780098696,0.02117828022227684,0.08813213561518674,0.11964110210244462,0.05755298914295079,0.07990413219326872,0.044673065835335375
7Networks_LH_SomMot_28,0.2934590046742846,0.2555694428246014,0.2392002255238319,0.4309626090278285,0.5404955439043803,0.5730010911317078,0.44639799175839556,0.5556799607381462,0.6261899594773191,0.6096052936626639,0.5340369330686235,0.533790310218014,0.40619548138794437,0.6970785493293938,0.5658973889019755,0.35761756307489095,0.5327679472137153,0.3290377488242006,0.7704585659657958,0.524660069861267,1.0,0.7276379520445909,0.5411170422059329,0.1845561007131581,0.6007952143982449,0.5765887608410757,0.5744502783890398,0.45212420824147104,0.638547305802847,0.41804650433213664,0.39337811737581013,0.27113760080050975,0.25205148616483913,0.2698115891791015,0.2647620865122969,0.3772227975878819,0.2887086439640127,0.6066245852447751,0.5290354864576983,0.4920480501758285,0.5429703292551334,0.31948293900926494,0.5780409746644753,0.20150444983470672,0.5840269435285578,0.4626036406908603,0.5208103415985225,0.6158354957814196,0.6128628203166745,0.569107466207376,0.6880238734746067,0.610186845842017,0.45697378355659135,0.39674601073634264,0.4504501022652413,0.45951465454945867,0.5966667171961674,0.45263495842898765,0.5941738888103398,0.6488578055047666,0.6904342709092078,0.33488927813122643,0.12909502006212345,0.1227053736572248,0.13662538429546578,0.08875151237684993,0.10611926551561862,0.1139859859572497,0.17870858962075212,0.1589775817004875,0.010387174509725256,-0.03260095360187645,-0.026491981441581235,-0.0315963558658535,-0.055930590478720454,-0.05192201895742062,-0.0104988967567602,-0.013636346965303761,-0.007441697325165129,-0.02484022549722783,0.02191943101476048,-0.005733269371924417,0.017964479155038005,-0.03140579613575017,-0.04451366307132844,-0.02137201013221404,0.007814908825192651,-0.04236107468546719,-0.046405104912250555,0.006544203382632536,-0.015222809236429906,-0.01205466093608546,-0.012414125861397661,-0.028146879342468224,0.1066697376442278,0.04797774204980889,0.050803651331207594,0.011457401431737242,0.03794946603137271,0.03560074993787992,0.11879875511654382,0.04319712563039076,0.07424695751065287,0.11793146700652159,0.04952119911133891,0.05006992779786207,0.06725346797919882,-0.012984547833314196,0.05081435699042396,0.023141063646439877
7Networks_LH_SomMot_29,0.43381765060338356,0.3578875145823014,0.3542019858971197,0.5315154184315215,0.5933057810239456,0.6558574295041647,0.5210456643330994,0.6273708961424588,0.6933617292120805,0.6896909164512042,0.6160623311120245,0.5986924533285214,0.555329720802195,0.7901761575651278,0.6497135814882792,0.5202171093762774,0.6441235072552958,0.4821890976676166,0.8318307308852492,0.7402944792636089,0.7276379520445909,1.0,0.692888080981164,0.3466903909239724,0.6840303876429222,0.6491959157867028,0.4627017309187124,0.633463823497185,0.7249730849577359,0.5488919881808877,0.4635852672461803,0.36920269246213083,0.3457761017421072,0.36019193395167426,0.3656022972523069,0.48523651820273717,0.3601781644958204,0.6676789418614157,0.5665164139478321,0.62239771852845,0.6433567984676958,0.3606830709530705,0.6789601401331897,0.4305183225840826,0.6874591177943347,0.6112314668994944,0.6688142992314958,0.7173693732423333,0.7155942062199002,0.7312009732933848,0.765352093059657,0.7086766396482206,0.5874412198704033,0.5375124609397973,0.5934767200850176,0.6007256205701098,0.7168642096790865,0.4736656129724433,0.6652953208111649,0.6410674916598572,0.6576434650119402,0.4866778993517081,0.017319900994225836,-0.0027865606483155614,0.05415627284919845,-0.0024036977195905,-0.004064722006806982,0.02186581704589023,0.10240360545359342,0.07651587398552122,-0.010965134148220429,-0.10002718074907822,-0.07676100302915621,-0.0069898738821107045,-0.09592129271122542,-0.06514644949894224,-0.00621537481380244,-0.03722429130516232,-0.0766226281134222,-0.03982983780834037,0.037155363581143686,-0.017322235310885337,0.038856101715673066,-0.012397483917101956,-0.03002834640889764,0.03687262148699108,0.02159063670153036,-0.02381254848583501,-0.032963955461099655,-0.01579331607836077,-0.01610969749378608,-0.024642973261690314,-0.014939804707055979,-0.0027308207012729023,0.03707473763920859,0.017753307840509137,0.032462189104767655,-0.038267380953693225,-0.0027736755405895945,-0.00637315027303911,0.06244527246314103,0.014723505554898302,0.05794872088424358,0.09486172519805379,0.029572554576779597,0.03315326476357205,0.07273557464788181,-0.00924819545496868,0.04134349539393355,0.016376074790483374
7Networks_LH_SomMot_30,0.6454355747191736,0.6417748918857994,0.6076634735285508,0.7512903907604712,0.7030859026072517,0.6713074613806922,0.6180591965436206,0.6318528271192375,0.6580041281217357,0.6813771830099326,0.6908836659911484,0.6818964093884411,0.4686956360500474,0.7769425100267828,0.6944099764306412,0.6213749153268542,0.709443376786549,0.7166880323658015,0.8016457978408883,0.8212448478633584,0.5411170422059329,0.692888080981164,1.0,0.34897476578787434,0.7915619512845582,0.8044432118354637,0.33207630831848595,0.7173756750819617,0.6869035440604172,0.7844034710464792,0.6369552370706978,0.5063075096326409,0.5737686195298133,0.5741316963323824,0.551211646075602,0.708815740735696,0.20128701814611408,0.6938926161511609,0.5413121795554627,0.6033795815233629,0.6058898714429302,0.4776010512933085,0.6872444057285887,0.4835228013949782,0.6882855296163561,0.6759274864193596,0.7006129252472023,0.6639156044151512,0.7388200341706666,0.7778825468285232,0.7187433142361593,0.6787142269718428,0.7966179141002723,0.7118148654360857,0.6411486644285438,0.5717182534601993,0.793674970719574,0.6542924982200008,0.6818339942170936,0.6676767822297252,0.5546852223407496,0.7072332989240158,0.02235634907903051,-0.009387445569777608,0.017095069019515158,0.03197195425502917,0.0434452278040578,0.03547872208677833,0.13175609093610555,0.07648107288385757,-0.041950344547285225,-0.08583901567394242,-0.06732635588994014,0.01678205945194075,-0.050357481442836846,-0.003927375645129908,0.030919562854981875,0.01948247845275858,-0.009091776389842694,0.028424054158246215,0.07392966351845377,0.08349476303519392,0.10493463111181467,0.024821606823666808,0.06457524985675461,0.0886839085070345,0.07452099255490013,0.040761454655188,0.03446974131347327,0.07079841013164506,0.06622906752268722,0.07542863203155808,0.0814296263603879,0.07862867583933361,0.08231854136715253,0.05557958121918905,0.09385639433339328,-0.017833679091481553,0.012338042370511107,0.021455980745119438,0.06814528963194097,0.062373609932434786,0.06290070888184761,0.07414486069550118,0.01193040850015077,0.062078657415208835,0.11508133440634165,0.07784176158883593,0.08940636463771431,0.04894695351158106
7Networks_LH_SomMot_31,0.1631173539001507,0.16720175904558338,0.1824993989802815,0.19789670534452986,0.18657289834982357,0.2802951285788395,0.2922884941602261,0.2716907679789511,0.2151300381565614,0.25090735348894844,0.2375965806066031,0.1881671444623083,0.3745913537586669,0.4003236720845928,0.40654850462972003,0.2449757438331373,0.2834572797198056,0.2757487134606241,0.32849436234960194,0.3537645283737677,0.1845561007131581,0.3466903909239724,0.34897476578787434,1.0,0.17097686004376092,0.20247094260768347,-0.04796360373827454,0.5593933241189222,0.26798138158653084,0.3919726810958372,0.11663324703592191,0.12901023790349372,0.03628663912069343,0.09799587088586403,0.10558379705666902,0.11741111724505936,0.18812862938932115,0.20607428457150387,0.17534525389731764,0.261081452222857,0.19652518654365098,0.11756669988945463,0.2597721899028368,0.2679670015193737,0.33894389105596456,0.3450929706026724,0.4219663868382133,0.31148333107651094,0.248811386058916,0.29985671541886544,0.2835986435157499,0.33336967922644245,0.19222152605319007,0.33944117495954057,0.5371407603103799,0.5307061272596489,0.3346464990914169,0.0018808353198677115,0.15280433634758814,0.20441660836439685,0.17741202166018313,0.36547532811947836,-0.019193002337670736,-0.058045325803219826,-0.0686805825786562,-0.01799629482724383,-0.049210925657782886,-0.07447817110547819,-0.009581996461715833,-0.06875953175772195,0.06043641962064194,0.044389430116315014,0.07169110672834736,-0.00784478019860335,-0.0023626051387088684,-0.018165908657915918,0.01171246916861746,0.019023140128903365,0.06208624131261127,0.07934542198547306,0.07575660443086095,0.07307095599453049,0.05376285139593538,-0.021753791444156054,0.13654581857454048,0.05304519242369158,0.13802910808015964,0.11752054905359981,0.05981567808262114,0.100824300485106,0.11286651958382508,0.018274759571781166,0.14071270968006075,0.07438980021494167,0.1473770554634224,0.1813463209361068,0.13128226421602807,0.024177382076581124,0.06622199474988834,0.022627466862387986,0.0570184850416261,0.10566037178479855,0.04181576907321315,-0.05167750625970162,-0.07910199595483253,-0.05502119623645451,-0.05946194703876179,-0.09117511224083184,-0.13064743770660225,-0.14972764561600657
7Networks_LH_SomMot_32,0.7088462147590561,0.6756374372409105,0.5919599205553571,0.7589829425009961,0.7203717368047898,0.6539534106849281,0.6237973946528482,0.6690394049069782,0.6935817280592224,0.7376723772362672,0.7210617342636646,0.700394190653665,0.35053280448009605,0.7009939608291945,0.638647146437913,0.6487504254624121,0.7390408427260329,0.6533453779160278,0.7480392072993879,0.8138443315242333,0.6007952143982449,0.6840303876429222,0.7915619512845582,0.17097686004376092,1.0,0.8951929164578515,0.37049436048986023,0.6380207683590412,0.7924398075627015,0.7872637015360104,0.7557196451063751,0.6180977932939543,0.6711302289412635,0.635065595330004,0.6491729583858465,0.7847228200022276,0.14841139443090984,0.7750319089102291,0.5923829128576814,0.6529292382658664,0.5797955229057326,0.6048714459977214,0.7290145692689022,0.5055695887641504,0.675650010835634,0.7209706075691704,0.6378029826003376,0.5968925220523769,0.8329185614263532,0.8384031346431894,0.7474667660679795,0.7114990686764076,0.7310432439585595,0.7476658157606648,0.5234028470955953,0.44449633560633106,0.8442164479408928,0.6696526773451393,0.8152518926528579,0.7986415758724345,0.5838096379465705,0.7431378521330508,0.06225622920844529,0.04073520077312046,0.08638121243572569,0.04008232113511804,0.07806520241860673,0.0961609019727688,0.18863472123638972,0.16509255502675713,-0.05405912085169764,-0.12491810133860214,-0.10909930737592755,-0.01906165875390933,-0.08602775938523168,-0.04901351938081095,0.028871295460473404,-0.024628538784858656,-0.07376518874812124,-0.03961458064337603,0.0213739148596353,0.06976473886973363,0.08793684568671475,0.028168461362085864,-0.014105964706785493,0.03540981233160979,0.0007123406052418309,-0.03229485860149832,-0.0589558306738705,-0.0035676076799115355,0.01061297286164455,0.015533959022725611,-0.0026980330149136227,-0.009753424903133079,0.07207612818427825,0.010836789799027703,0.06825642559284428,-0.046405212655672705,-0.0189292107237151,-0.025843361586929056,0.06750768377268035,0.0201845514218438,0.039768647727248564,0.09794769486842761,0.04363292217163616,0.11203238304209748,0.12826829136309104,0.0777243645552548,0.12095086939275704,0.07240159354274983
7Networks_LH_SomMot_33,0.7328041639984499,0.7223347212083302,0.5983784496030242,0.7567163669669126,0.7396135659985513,0.6559693302215568,0.6299556831411158,0.6498702714150426,0.7232196043876715,0.741928604464672,0.7611422579485921,0.708474997965502,0.36096425660470643,0.6868352229594464,0.6536934196107679,0.6308875461939429,0.7696298585582452,0.7363281905579129,0.7394160924270555,0.8038769945832857,0.5765887608410757,0.6491959157867028,0.8044432118354637,0.20247094260768347,0.8951929164578515,1.0,0.41035204484500515,0.6338978977341547,0.7477285313997789,0.8160913589165417,0.7668183179216764,0.6120156570099355,0.6677838849197215,0.6518103570896795,0.6462469483235864,0.7905991194350787,0.1542738846074211,0.766284065265942,0.5805133922790283,0.6636517991391558,0.6054941085839483,0.6062656359032784,0.7522642655754151,0.5221638237351128,0.6433872830237848,0.7478834875654413,0.608324469893024,0.5833328770076487,0.8102162031202992,0.8301889221818527,0.7187431122660761,0.7445921971132022,0.7418286783323413,0.7555006586200965,0.5356082467439072,0.45357006031254243,0.842128615233018,0.7097541359936707,0.7890980729945383,0.8314284201914462,0.6309654417017464,0.7386566121323721,0.056392569904215976,0.0011317713446973993,0.04887207572348696,-0.007682771544105759,0.019737602504568286,0.03728396691209811,0.1556142896587692,0.10196249923491711,-0.02559736830236187,-0.09059924048621658,-0.08736219514440786,-0.0017469762815624367,-0.05960213728991485,-0.03157627346874429,0.03743357527561486,-0.013371971569990312,-0.06632077890855964,-0.062352831349611997,0.0008541875084390386,0.03499730015848784,0.042603927915330075,-0.006640787584743844,-0.022408832650586068,0.0037318935148618593,0.023191358438805775,-0.012716606844977012,-0.007344374830406459,0.030790603745073516,0.03928456812327977,0.057907186577375376,0.046023416434106554,0.06133176101527729,0.04627419797977976,0.014628150589053198,0.06015307876878517,-0.035058825310585115,0.006040080159623934,0.002190636043095347,0.03985394397684587,0.01611041960141172,0.05950068098209533,0.10191730352543463,0.04075322533235465,0.10662479906900571,0.11953750986237902,0.05636160969041919,0.13779021305998462,0.04628712479705273
7Networks_LH_SomMot_34,0.1237851778577224,0.16827648374191576,0.1555060474401816,0.23181286348296898,0.35566908123492597,0.302341396590944,0.17996499522982817,0.2813885623358842,0.4956781400621901,0.37124177622291904,0.3234301611893417,0.3358566823685921,0.24512324027565316,0.332908969747217,0.16941605265703952,0.18964561325843443,0.34865914806119264,0.18117660537643945,0.45516986499999273,0.22227209080496965,0.5744502783890398,0.4627017309187124,0.33207630831848595,-0.04796360373827454,0.37049436048986023,0.41035204484500515,1.0,0.08272160207500603,0.3940967492623887,0.1626198896721831,0.24845722216576077,0.16200476097333844,0.15077243876162957,0.1496396870428561,0.14671916173878674,0.21324672788806212,0.19679581370129193,0.3665156961193603,0.31279585780467745,0.3091501553661929,0.4483358766716115,0.21049721599895332,0.380928292187494,0.04250695613135548,0.317606428459481,0.2559499006116813,0.18376898103196634,0.4304024101485377,0.3478280583332088,0.26251433072795033,0.4252354360726007,0.3654342583677023,0.3400595354904863,0.06518531872790262,0.11714348380328204,0.095136710728706,0.28906722497088144,0.5174409028179208,0.40104998874580666,0.48905387944191075,0.7218334778189613,0.0006540730613981439,0.10846037420256313,0.10006100121174903,0.16734005787192244,0.009505303463334804,0.0282119128045048,0.06319726583926939,0.12656442826498615,0.12735189723324716,0.03810716685138557,-0.019561167578332938,-0.0014085184984135202,-0.03347919562289632,-0.06255553479420468,-0.03280959001732606,0.04181736018312239,0.02143900221623759,-0.08366762682740908,-0.08276163679885637,-0.023914574487700728,-0.09079548565189532,-0.07094748011205952,-0.10219734743707413,-0.07191285597221797,-0.058830723899502405,-0.08633106651558957,-0.14581975489385693,-0.09192510830669531,-0.11204261535775033,-0.11959841844193608,-0.04972200491823944,-0.08356291282288623,-0.07760653605379708,-0.013356733635286522,-0.033031741047716785,0.0097521131012165,-0.0700886146403276,-0.04656556828120249,-0.027071360334533563,-0.027757576355293394,-0.02801701176349503,0.12329435946128242,0.10624756385872815,0.09244288937953363,0.02074937484398303,0.025071354213794934,0.014328619226650696,0.10430045758999708,0.044814664977458674
7Networks_LH_SomMot_35,0.5451341674728623,0.42924036865541526,0.4820642024729356,0.5915825772775296,0.5302019577642948,0.5920828619563663,0.606056105690772,0.5895158012809186,0.5118510459503539,0.6406230551454613,0.5683792759847396,0.5470382414769693,0.5131427337402653,0.6993859764072363,0.7119731723323354,0.6144989307847462,0.6560360012578051,0.5793585371098884,0.7014497679502555,0.7271450973038818,0.45212420824147104,0.633463823497185,0.7173756750819617,0.5593933241189222,0.6380207683590412,0.6338978977341547,0.08272160207500603,1.0,0.6452856117775536,0.7326964883282842,0.5022224681811814,0.43530839561717094,0.45578965351662987,0.45715478759844197,0.4596285830953599,0.5542686506831587,0.30626177991339054,0.6353103676268629,0.5373216447188013,0.6007673081254085,0.4789626800746445,0.4369352437727247,0.6073632598300546,0.4893256326575911,0.6795400212816733,0.6708473575931282,0.7114314225022261,0.5857963811518939,0.6699133451113201,0.7325650551669237,0.6561804877536258,0.6860119923551617,0.562442917579057,0.6913276763187413,0.7266336141893829,0.7421014401019799,0.7760218453669668,0.3614072504619346,0.5532401884023024,0.5304033538546472,0.440001422535198,0.7143633111384253,0.06000548999358293,0.014698318319226678,0.019934455651762873,0.023356483345688277,0.033639854674154895,0.02192777243415736,0.12467709343557157,0.06305725777666335,0.04166280629013761,-0.022786887787800515,-0.023513042943946297,0.006630853152417948,-0.02300382614122521,0.00020958344919014938,0.06233216730449638,0.022930150130812055,0.03267089832466235,0.05893738310420238,0.06733158355627619,0.10853251836860513,0.14475400505689864,0.06893701122720718,0.08643084512312897,0.07736519361235576,0.1056871256126151,0.0761646641602977,0.02758413217982452,0.07499603203789809,0.08786495972424592,0.052651920108125395,0.08295574149970539,0.06679843942137899,0.14748690479231405,0.12836912044131998,0.10789461744289855,0.04548599502410004,0.05872721537766952,0.0496076512739882,0.09343724562561975,0.0833646937890043,0.10341084682717507,0.099829977571999,0.06410075833154892,0.033666958883440894,0.067688216177239,0.027974771346537197,0.051907395460170626,0.02715952019155735
7Networks_LH_SomMot_36,0.5611222267110447,0.4971559744670851,0.42917116171900627,0.6344341896254877,0.6430738976020886,0.6230916977413605,0.5688822169309279,0.641235480344327,0.6840709150545885,0.7248955848994774,0.6463780990995931,0.6153084991985257,0.46571073101739136,0.7244575531981162,0.6070294258182827,0.5185159958325241,0.646694121485618,0.5280156659972414,0.7468433207229227,0.7724762451848254,0.638547305802847,0.7249730849577359,0.6869035440604172,0.26798138158653084,0.7924398075627015,0.7477285313997789,0.3940967492623887,0.6452856117775536,1.0,0.696259240941323,0.6360423401111184,0.5060579341872288,0.5249341202426762,0.5171127249245207,0.4870646202791035,0.6392668138380595,0.25323613956474783,0.7424093894536632,0.607122667036608,0.622186097230042,0.5766499913077254,0.5075361261098593,0.7216774712182821,0.474883819152335,0.7114263183047147,0.6665098340623566,0.6090666889923091,0.6465290448816094,0.8014271418891955,0.7781790727450922,0.7651155213944089,0.6883184135829491,0.5827000331759677,0.6769454478563063,0.576144183713025,0.5631311997158888,0.8417829189385141,0.523577319905908,0.8229250059128428,0.7826475423153403,0.6684423768352378,0.6779529214841228,0.013139374962489351,0.019353266649326878,0.05586658469146758,0.010199954018099294,0.04350857349491904,0.04454004270184743,0.10240523917449654,0.0816004664412071,-0.05122605719449662,-0.1273310676562666,-0.11963115891454462,-0.00601564741541257,-0.07407686511309586,-0.03289377000929392,-0.01919707431937727,-0.06051410382478,-0.05673604915522193,-0.03727123962437435,-0.003944454017684947,0.01749155267175313,0.06504621622951055,-0.025432392593004716,-0.04384296796937437,0.0026294220297598393,0.002435741963857121,-0.03895100514629204,-0.08781769588253482,0.013190524566131803,0.015393632293966541,0.00939791396660388,0.0004901232136473669,-0.00632585331656222,0.05534009620589792,0.023786506290492435,0.08951036787829905,-0.04819615584393968,-0.006555065714670322,-0.02470971251680621,0.04431504961414404,0.015908578288956532,0.038844236455999756,0.10147580317484703,0.0442700959564024,0.05671463093048362,0.11577362804117629,0.03842903157623376,0.06526949287588771,0.029468173740224757
7Networks_LH_SomMot_37,0.7044266464719843,0.663270069590915,0.555715706655718,0.6892707052638115,0.6262475633656204,0.5420506069306249,0.5516193973473947,0.5762294276508032,0.599432939225914,0.627178041578023,0.6694728539092041,0.5912142091611843,0.372946517240612,0.6440726793274382,0.6318320761717253,0.5644232505387666,0.6636008293038996,0.6659077008711574,0.6525328175941596,0.7913174677085949,0.41804650433213664,0.5488919881808877,0.7844034710464792,0.3919726810958372,0.7872637015360104,0.8160913589165417,0.1626198896721831,0.7326964883282842,0.696259240941323,1.0,0.6846836873957655,0.5511015057067792,0.5862919496992249,0.595438572799965,0.569594702220294,0.7144784731258889,0.1370599572419555,0.6355213668698357,0.47304728725985884,0.5744376088498685,0.47817952470391584,0.5245457154126345,0.6351407281735465,0.5402317253449797,0.614303909919365,0.676861447908575,0.6157591991666939,0.5299784409760151,0.7303430105652012,0.7635375437419368,0.6564985631951576,0.6425533363063609,0.6660348919966498,0.7794078881600887,0.603667971829061,0.5372773765964113,0.790117232052455,0.5455450076404448,0.7068361544431251,0.7236446856660438,0.47326396982527,0.8489255629341451,0.012929955737580033,-0.04424655022892642,-0.013693797598008654,-0.032753838704498744,-0.017623513319210665,-0.029599677581037924,0.0762620998730515,0.008020969119663955,-0.013168694581503914,-0.08987931171131067,-0.06728512389243962,0.03600363805346383,-0.03768701988956343,-0.003783302853119923,0.03217083188831524,-0.017889751482242897,0.01371224268767569,0.03268792328174867,0.06793213495191291,0.10913096299397762,0.10283408592649633,0.029113113974349458,0.07549234703293542,0.09865145039901606,0.07790464791124468,0.02636716556320172,0.016238287400616877,0.059888716500760567,0.055901964619622914,0.04975275102827185,0.10228844233877568,0.0709657223531898,0.1279036812183595,0.08901777844035476,0.11909066702912016,-0.04522449895858808,0.01145786148524579,-0.012901273259801938,0.04223861681526371,0.04138789380765109,0.049674784424145114,0.08138881633112388,0.01974549128860979,0.07641274534755656,0.09908682277659146,0.05283831329169782,0.0685745914088936,0.04206238041108134
7Networks_RH_SomMot_9,0.7954990378610796,0.7149516135018366,0.6385183167962993,0.7630386835169063,0.6775236035460115,0.5620612989012572,0.5239465563643868,0.5731883086809223,0.5801081022895892,0.6427979271597721,0.6175318293098285,0.5752852901705041,0.24624505080016917,0.5325266826615548,0.5096461143395519,0.5073543386380197,0.6228362265369144,0.5733371619294428,0.5357557647580263,0.7026280308756242,0.39337811737581013,0.4635852672461803,0.6369552370706978,0.11663324703592191,0.7557196451063751,0.7668183179216764,0.24845722216576077,0.5022224681811814,0.6360423401111184,0.6846836873957655,1.0,0.6779260210592652,0.7558131448186387,0.7047400524055353,0.7620228040657834,0.8389554896309721,0.02779812106718423,0.7144432455078847,0.5101570446943697,0.5645065719968888,0.4845423649342661,0.572401055931041,0.6312918295981225,0.4792201355622791,0.5431558700514812,0.6334348573418065,0.46334594308018967,0.4051978780872517,0.7133069492389623,0.7092287924083021,0.5957474501177079,0.5763406291488872,0.553788304637986,0.6448554267576666,0.381880285370369,0.30498723863003946,0.7213719999744068,0.5295317369374559,0.7059803941868623,0.687671139192299,0.43622317378672043,0.6752721152511065,-0.005054639307042797,-0.016857885899866854,0.025465380310629827,-0.03948831542875497,0.0018651490789754377,0.020407822880468145,0.09659911121362948,0.07765290660062259,-0.06325133261496246,-0.09253618509072024,-0.0729547493512687,-0.06406460451115904,-0.10148563165458722,-0.06700389312569732,-0.02146585498693011,-0.021239151815017166,-0.03575642154994224,0.006248412844402314,0.0314885266503585,0.04924800762634264,0.09167172139655355,0.021361418113463933,-0.00631130541438505,0.05562256653714783,0.0014630894057506788,-0.020547835212735323,-0.012237409211927943,0.028523918430617846,0.037179270797435965,0.04236268851436902,0.03177351191800127,0.04031667602708354,0.007244695840789778,0.00039050253235942443,0.039736951333766174,-0.032964818657888036,0.008109473441211865,-0.0035481880328517195,0.016348686242074365,0.0317062159392007,-0.03960069175762819,0.02788875395252958,-0.025571044041111542,0.12441393412183174,0.09779565098850228,0.06263378212296195,0.10582263761023693,0.0002773866073355636
7Networks_RH_SomMot_10,0.6687259426237355,0.622424219350724,0.6366377412788242,0.642087934287275,0.5622367983040472,0.47710323473073,0.4562982681124705,0.43858546138883386,0.41622529140530046,0.5135356071399118,0.5152852958905633,0.45184434667194695,0.19792742859762466,0.37818415567229596,0.37550787742267855,0.426071462887017,0.5477473734321396,0.5334230323566305,0.3737807322129106,0.5395093139885475,0.27113760080050975,0.36920269246213083,0.5063075096326409,0.12901023790349372,0.6180977932939543,0.6120156570099355,0.16200476097333844,0.43530839561717094,0.5060579341872288,0.5511015057067792,0.6779260210592652,1.0,0.7039197059637067,0.653244727106217,0.7524396824856484,0.7047434993241339,0.025511133824950287,0.56402705974095,0.3955234881939742,0.45613766407589956,0.3964365043947215,0.5140866684894567,0.4848176478025471,0.36876084903244377,0.3893918856210949,0.5742032346984792,0.3926318137003697,0.3486233283149774,0.5331713387280004,0.5487876746703706,0.46266956752709065,0.5146257486447667,0.504634108742947,0.5642370436925346,0.3859010664107158,0.2759103964156563,0.5925404220006993,0.45491428498342157,0.5605386247106301,0.5283151096455267,0.2986289131655976,0.540292686720682,-0.02133181461511135,-0.019870602702904427,0.01300137880216124,0.0434197349520126,0.05787536034251808,0.06468455087827074,0.11863670127626628,0.1044180270298802,-0.08516024412298218,-0.1489392411889799,-0.11601568520701314,-0.014482052714440866,-0.11293588561847222,-0.07022363690128261,0.02932750230875779,-0.06255237393107912,-0.010084930596871228,0.00542071313923186,0.07932752371709817,0.08457928791651353,0.09684953376492579,0.08535551073078392,0.05939938804168825,0.11168527398866103,0.07404236447009477,0.036534047650099905,0.06156142481401295,-0.0007858047695991565,0.007390731786775024,0.017712377752116926,0.028904997315713464,0.05430470619678486,0.04560811293034713,0.01598036208853582,0.05389597129511386,-0.03608478133895338,-0.025802741256091995,-0.03191328429769341,-0.012840936135032344,0.007268272561105679,-0.019961169639433347,0.05595016993747684,0.023351104913513505,0.15203780893814647,0.1350252377502365,0.08870025572025327,0.12611838793824182,0.04801868285475744
7Networks_RH_SomMot_11,0.7897854988778987,0.7007760681162664,0.7729052778471117,0.7673198371708406,0.5955851704328844,0.536868529518769,0.4641253473250215,0.4660195599032434,0.43404822940822263,0.5191367688874508,0.5464519819399506,0.5124077155584877,0.18403948316807603,0.4067783690824225,0.43079192249398446,0.49431930852786626,0.5564614860270878,0.5280746131350302,0.40497304376329935,0.5737645500219909,0.25205148616483913,0.3457761017421072,0.5737686195298133,0.03628663912069343,0.6711302289412635,0.6677838849197215,0.15077243876162957,0.45578965351662987,0.5249341202426762,0.5862919496992249,0.7558131448186387,0.7039197059637067,1.0,0.7993881518547542,0.8247033117843336,0.8454507440575307,0.09166116861169064,0.6302452240014956,0.452805936748403,0.4596598527597212,0.37531511464089196,0.5227362328656349,0.5009470500820224,0.41931759231464516,0.4378717384754585,0.5831060847584524,0.40670873878906094,0.3566207254402123,0.5729346341159639,0.5986843320994656,0.4555208281540339,0.49352322375150953,0.5883271008741778,0.5878801071886101,0.3209662544366919,0.2205714790190821,0.6220727506543858,0.5485307213429061,0.5765455208746104,0.49509183606472945,0.2606311277381532,0.57932029972037,0.018622650323683605,0.02295287142684342,0.05034672450849314,0.035724451467108564,0.0793020677829971,0.11787227527108277,0.1770882174569243,0.1653910447891812,-0.13190709834013098,-0.13325785259035366,-0.11211352511847535,-0.033951773902544224,-0.09210451909721629,-0.060233777168957225,-0.0013227579138909696,-0.04446705205657606,-0.009172920927451988,-0.007533343405085663,0.033068594037877805,0.08561702028962885,0.11587326655478912,0.103224304039048,0.05639189078671422,0.07663424561507794,0.011579925783075014,-0.0192615775274526,0.010245934820197202,-0.012422965453113674,0.006785495350547634,0.01608268421830465,0.014345856676779489,0.01036367661723868,-0.012187413883536474,-0.039169354489160244,0.028746517198740964,-0.05413708321855799,-0.04353443523071728,-0.058547846429963864,-0.011959770359034817,0.0112620892920672,0.005173729247238191,0.05502723646045062,0.013848985882747928,0.10645421953494459,0.10385988867063112,0.0393983120088653,0.09481064228923335,0.010007535654195638
7Networks_RH_SomMot_12,0.7344613046973745,0.6981078001717416,0.6825649971766397,0.7081486511625895,0.5888518471227283,0.47918172681211296,0.455867242229278,0.41344711549619567,0.4013349599297558,0.49016267401508506,0.5317387701332699,0.569515872325169,0.21326101488016413,0.4370559527982379,0.4785506995343289,0.43974596356145984,0.5378015418201282,0.5359770793586023,0.4365881690171578,0.5796380409469508,0.2698115891791015,0.36019193395167426,0.5741316963323824,0.09799587088586403,0.635065595330004,0.6518103570896795,0.1496396870428561,0.45715478759844197,0.5171127249245207,0.595438572799965,0.7047400524055353,0.653244727106217,0.7993881518547542,1.0,0.7156854332027383,0.8017230928004603,0.18936473010322072,0.6166195950388793,0.43065109523111883,0.45011000900065823,0.41311571551899123,0.4723403486826695,0.5315749297721526,0.4749506228459062,0.3979828469999933,0.5647128864451066,0.43311328488528406,0.37276213450525336,0.5633930174026186,0.594794780459307,0.45421728124818744,0.5265058321766233,0.5899381128418388,0.5760805043342129,0.334962424151614,0.25081679112795957,0.6307957915009927,0.5272235620022117,0.5543793081759074,0.5412964207605179,0.2961536427223312,0.5930124273520231,0.013485072747846263,-0.004339230800077085,0.03263463085824982,0.03081137830125862,0.03005045235151441,0.07308497732154864,0.15701010326063874,0.11995203779898171,-0.13836901901533513,-0.10810676800818779,-0.09329393996576443,-0.05824679053068406,-0.08484631540015107,-0.055011406845426,-0.022968923183318314,-0.01983788280091554,-0.008700580446915152,-0.014945185823692957,0.015164021956688794,0.06640521377260657,0.07265442916878369,0.07498228540614521,0.022996866643729328,0.04993652809705224,-0.00039027097598902605,-0.041576359336189174,-0.0030480630973000727,-0.015708004142871514,-0.02121556053571762,0.0004244739987308416,-0.012060022656970391,0.006934775503638192,0.012889965897618788,-0.008591429639094258,0.01880316369783658,0.00017794164296754797,-0.01998297486632956,-0.025459464515170855,0.026161845357487955,0.028492319598337992,-0.008414112378443665,0.036042868668236375,-0.002177268979254184,0.15690092649313092,0.12018468239814527,0.0761842028436564,0.1272145173291139,0.021464729032228635
7Networks_RH_SomMot_13,0.7441434178467178,0.6761685035295981,0.689550419417959,0.7139207074529791,0.5746493384832271,0.47698011006877333,0.4538222125674154,0.45375123435279785,0.4208201298859782,0.5115254632683641,0.5100006466263548,0.4919935194085559,0.21168845455833019,0.3857257873965367,0.41469785434617806,0.5063338412208086,0.562330923227651,0.5296792153909471,0.385363368649762,0.584752474617375,0.2647620865122969,0.3656022972523069,0.551211646075602,0.10558379705666902,0.6491729583858465,0.6462469483235864,0.14671916173878674,0.4596285830953599,0.4870646202791035,0.569594702220294,0.7620228040657834,0.7524396824856484,0.8247033117843336,0.7156854332027383,1.0,0.7865118424127608,0.08318535476335763,0.5999327896764448,0.4337093837837924,0.464564771454509,0.37439376072872055,0.5193798027382135,0.5177213924543507,0.43540265311578163,0.456589645078503,0.5955914888216217,0.41001501769621196,0.34422850497235513,0.5537829705303001,0.5994521880969974,0.47260359415481057,0.5218164640627909,0.5545921662500084,0.5951119233599514,0.3601929683975032,0.28288262995138735,0.6250306901966357,0.48009465280723496,0.5637899906241899,0.5219169412047745,0.2893205763195535,0.5714248070029033,0.02112673695227403,0.02790094502515201,0.05021402571926592,0.027341851669555238,0.08248940920215288,0.09553318331024152,0.16717238401494297,0.1290585397252671,-0.039202273840058276,-0.046899369993455814,-0.039213433638927396,-0.030440240768744364,-0.03986972858992846,-0.016723329651464024,0.057418329821153975,0.01037105485691064,-0.019075015597192227,-0.007240750859887815,0.04999691243554769,0.05204053271262437,0.08093124384994639,0.06242931491242184,0.0520543848796978,0.08438918327599189,0.04898411873439856,0.011015827759348331,0.04620711665401399,-0.005190491669406704,0.010760660952964619,0.031457522720155534,0.035676916290130804,0.023060056590348637,0.043101599534270674,0.01206332026230061,0.034975946013210406,0.00026915207183416355,-0.003135023550705818,0.007300632178059526,0.015098460360972583,0.027417305772568564,0.0293328115955985,0.07735436373166796,0.035789388065563546,0.11273176431221724,0.10696100997800756,0.08141243121903885,0.1339170564963274,0.03397873181986749
7Networks_RH_SomMot_14,0.8481642843614313,0.8031282320353567,0.725927110131363,0.8504023246727606,0.7150216004052108,0.6302040331411565,0.5637253809499807,0.5892875986791001,0.5847730248491986,0.6293356203173205,0.6509689171312747,0.6186372353257404,0.30472338588489045,0.5712532589032963,0.5762107731845514,0.5787010887858649,0.6445596870428165,0.6373411204870933,0.5774425990786257,0.7278165625829512,0.3772227975878819,0.48523651820273717,0.708815740735696,0.11741111724505936,0.7847228200022276,0.7905991194350787,0.21324672788806212,0.5542686506831587,0.6392668138380595,0.7144784731258889,0.8389554896309721,0.7047434993241339,0.8454507440575307,0.8017230928004603,0.7865118424127608,1.0,0.11480012925998066,0.7376110709516746,0.5490747661987335,0.5924572820699895,0.4987796648322648,0.5708540343537556,0.6619930555943334,0.5486150443904951,0.5835048112962357,0.6756073762266103,0.5355832344449286,0.4736396251577262,0.703637620626402,0.7492358333704054,0.6118384225652564,0.5961808098006264,0.6623395722490864,0.7053502683122007,0.41342913468784376,0.3345445107929805,0.748608070894419,0.6105954776702153,0.7221373470466423,0.6549540477426636,0.4004635289433416,0.722658152713958,0.03225359537197034,0.006582641871994845,0.03169078616214572,0.021345233011931513,0.05561662940960557,0.0721867583771702,0.16305056153354922,0.11627092329176793,-0.12214462499915966,-0.11763298608905351,-0.10846044352861492,-0.043273931304677105,-0.07870354967209314,-0.04424223511652696,-0.022288290232435174,-0.02217450372600225,-0.034762252924604074,-0.00465897908772822,0.026589596938022465,0.053109143634688424,0.10693020714141968,0.06432200139256136,-0.0027333208311264194,0.0739985486982538,0.0083996076645455,-0.026015474512454194,-0.0013467680320679769,0.012544514246936539,0.021018221721302376,0.033301396987583574,0.01744061484607449,0.031105015560237544,0.03229282920597967,-0.003966188553776325,0.05727002489999347,-0.06180872609385087,-0.03141797806958023,-0.030285216726296957,0.017076041259127064,0.02953049102380408,0.0067669208258924396,0.07127135418404336,0.031797541824397896,0.1315022139308193,0.13455324325854512,0.08353487606087046,0.14225140212089019,0.06680458367921305
7Networks_RH_SomMot_15,0.049760022964526564,-0.058397361460531726,0.10797073132597013,0.052689413075808295,0.11565997465835957,0.20434539373583674,0.19696548077650625,0.22721717900359084,0.2785400886604152,0.24095901035166473,0.19397761338862282,0.19856066880739387,0.3827156150389124,0.33995407285923795,0.2335777192290425,0.21616123982074592,0.18049441103411934,0.10938736780808817,0.3103799323312474,0.1972046957277599,0.2887086439640127,0.3601781644958204,0.20128701814611408,0.18812862938932115,0.14841139443090984,0.1542738846074211,0.19679581370129193,0.30626177991339054,0.25323613956474783,0.1370599572419555,0.02779812106718423,0.025511133824950287,0.09166116861169064,0.18936473010322072,0.08318535476335763,0.11480012925998066,1.0,0.34192301439226025,0.3960540941943978,0.26753627217827275,0.2883723230585889,0.11358789769732357,0.2218473558647439,0.15213548680092426,0.31859378917115294,0.24709456253630602,0.33440085998066993,0.3523145159515101,0.19029038758687214,0.2301513317878808,0.33401001668800057,0.23425471487439892,0.2270751060782224,0.18380047219034665,0.28788234992091494,0.40186723241409106,0.20976047575383966,0.1535306112003995,0.20851817076565976,0.157758822008442,0.2579951504986136,0.13681411358518927,0.031408816850895346,0.07981219537184599,0.07614364351137741,0.06917156378593924,0.0658241520300149,0.07616523272935039,0.09776573061005853,0.10370345721228437,-0.05488079345950929,-0.057665519249154064,-0.02891414339703701,-0.00044363879758645586,-0.017655981103117755,0.006653968674278885,0.04200325695056316,0.03872033777159723,0.03730095626322246,-0.005494485159790305,0.027680098004243443,-0.05604875604848696,-0.03706556073316142,-0.030161959366697653,-0.04518676243782243,-0.04345756782264851,0.051518437836955575,0.031092429856061126,0.030786453147004483,0.06687463327390729,0.036278710566196304,0.09784136737237564,0.04836683988973122,0.06001474615801329,-0.0021711808896063777,0.03244893318830787,0.044250463260211176,0.003127445356756224,-0.013432749741894937,0.00226863451691421,-0.004856335276115681,0.03542540697007035,0.035505301498251346,0.04042955887787767,-0.023103029873957553,0.0425629767234462,0.06913372255086787,0.02608636108715404,0.01628446514621396,-0.03527601278249113
7Networks_RH_SomMot_16,0.6527136280495394,0.5221988633534328,0.5548658440345933,0.7361761101574841,0.7145100400903934,0.7130369326576722,0.6743355757530411,0.7160433011884944,0.6711116007968114,0.8010394804572658,0.7135083328000655,0.6525732731428815,0.3902588452663532,0.6944657999206155,0.6293170446140947,0.5949534220498406,0.6863270480694302,0.557447329580667,0.7210840522949713,0.7387614138229404,0.6066245852447751,0.6676789418614157,0.6938926161511609,0.20607428457150387,0.7750319089102291,0.766284065265942,0.3665156961193603,0.6353103676268629,0.7424093894536632,0.6355213668698357,0.7144432455078847,0.56402705974095,0.6302452240014956,0.6166195950388793,0.5999327896764448,0.7376110709516746,0.34192301439226025,1.0,0.7784074750392568,0.6839441892398084,0.621934116896583,0.5713561157256486,0.7346063519561001,0.47533021975704065,0.6706396306683652,0.694241405294094,0.6463233716175172,0.5826902462301078,0.7684623679346919,0.7934974547159883,0.7345803140559843,0.675338741625967,0.5625287283005984,0.6479038569763328,0.48927810166321584,0.48545597686083497,0.802351300932604,0.5222080310544913,0.7390739145470192,0.7130590205482371,0.5791693436588377,0.6462923490521486,0.0561992146114568,0.06555235463998307,0.08933375427985572,0.0019467020507697376,0.053197670155080465,0.06451081682841749,0.16925841459573807,0.13099743001935646,-0.025353885172934444,-0.08646207056686972,-0.0815444270983113,-0.001005021549526774,-0.05434708301659116,-0.022126500813996867,0.0710568720685877,0.02114396355723036,-0.0848897492292647,-0.056577591683567525,-0.013753704943754453,-0.04376848236547494,0.03457498357094531,-0.0019248506273688683,-0.0821986998421913,-0.007037514306223502,-0.010145439854360857,-0.03384168705218685,-0.035808653971179105,0.002908526250062741,0.0011030486433076165,0.014141325274426771,-0.01224954229686829,0.015563730770965355,0.0429796056643597,0.016070662918321117,0.06624705461330063,-0.03619629971944888,0.005667528250225884,0.006930191393868598,0.0747350238474939,0.031705048823557555,0.022223185558882766,0.07059256409142596,0.01718933857942847,0.09994902642741811,0.13168943256711893,0.06713471668603173,0.07937596568281384,0.011516402514898405
7Networks_RH_SomMot_17,0.4945494241026368,0.3191079421894922,0.4025995183494832,0.550440165216928,0.5453280298101576,0.575170292688077,0.5970279656665015,0.63701475498621,0.5448833348491109,0.64734201605824,0.5725846584102766,0.4965547781046922,0.3765096109252802,0.5733077250381191,0.5453404906710385,0.4444775354465645,0.5396257245625891,0.41951923178794726,0.6026642949337555,0.5611967558935532,0.5290354864576983,0.5665164139478321,0.5413121795554627,0.17534525389731764,0.5923829128576814,0.5805133922790283,0.31279585780467745,0.5373216447188013,0.607122667036608,0.47304728725985884,0.5101570446943697,0.3955234881939742,0.452805936748403,0.43065109523111883,0.4337093837837924,0.5490747661987335,0.3960540941943978,0.7784074750392568,1.0,0.5261808568484947,0.5344764089250715,0.3944099655163591,0.5910664773395596,0.3568361032934372,0.5701990570766489,0.581401326537875,0.565795379324313,0.49658277951193436,0.5909334937460975,0.6295647973822451,0.6297315018326275,0.5354397541061285,0.43293737289427053,0.5333260620241094,0.4288850451576889,0.4432484063512924,0.6350391516652127,0.3991941019047907,0.600752570780464,0.5539579752928373,0.47496438081674974,0.4989769725208183,0.03814182035569386,0.07461160468317787,0.09239171234951851,-0.019507853251757287,0.03590633827190505,0.04640883167226467,0.11297995982196361,0.1238984719905186,-0.016747001498586017,-0.06431681708551872,-0.05165259164737025,-0.03885007860065973,-0.0825631241606021,-0.05264081530402644,0.025423920316541695,-0.0016687711727016296,-0.06180585988665566,-0.06135416123548904,-0.0023008607161420364,-0.022196717334088074,0.045196203114355966,0.061494341298359304,-0.025383836704571814,0.011659689087298647,-0.0054499712361317475,-0.022700771522735492,-0.04054830797275202,0.0021196071782942534,0.0178934369964376,0.006473429512369868,-0.029809185445914873,-0.007485748756511075,0.04228769815074379,-0.00601058196981768,0.042750059650509174,-0.0769190371665413,-0.05969670982257285,-0.06886814281964625,0.038263440374678485,0.0049007943129334396,0.07871351365495724,0.10095171442348093,0.08106164144440953,0.04041862327289236,0.07027743980043008,0.00414054651444917,0.04931960136497874,0.025041022298717325
7Networks_RH_SomMot_18,0.5524782030313323,0.5156161354036943,0.43140464059788175,0.5740764664253838,0.5935422961183922,0.5946417058357655,0.5404841581824138,0.5839276337607702,0.6593892935412662,0.6856305297791904,0.6064102105220364,0.572117766347189,0.4208293738492573,0.6229819440362975,0.5708323828697329,0.5494106929086996,0.6087012187043652,0.5712040807858577,0.640466400517206,0.6854467375278259,0.4920480501758285,0.62239771852845,0.6033795815233629,0.261081452222857,0.6529292382658664,0.6636517991391558,0.3091501553661929,0.6007673081254085,0.622186097230042,0.5744376088498685,0.5645065719968888,0.45613766407589956,0.4596598527597212,0.45011000900065823,0.464564771454509,0.5924572820699895,0.26753627217827275,0.6839441892398084,0.5261808568484947,1.0,0.6723597514440647,0.4815930294374128,0.7500265984466599,0.6120724989858766,0.6730381492308268,0.6522111097278038,0.6082126306183471,0.5422607614433056,0.670012692511596,0.7226388187729977,0.6056813379606799,0.6439717537478216,0.5378062953343712,0.5789588522505329,0.5015636630940558,0.4792404626777208,0.6926686122955826,0.46925202758081297,0.628483465643836,0.6148601479377811,0.5265051216831712,0.5423983241725219,0.10334034768337397,0.02958045329034745,0.07378571649236682,0.03114523718716297,-0.0005773583709218912,-0.015385552620215985,0.1563060023826087,0.05186794143753009,0.036645089880263625,0.001334603407276067,0.014882204987629714,0.039423516158622975,0.010588458054950888,0.02986872986705468,0.11496301032283587,0.08161940534162364,-0.0067041230241624995,-0.005530481533555987,0.03643519268414408,0.07799408914430404,0.06569037221314204,0.01842445428039355,0.038250343739752696,0.033217940333196444,0.023121679773317475,-0.002078906202862376,-0.016460284756703778,0.04444593210660321,0.037363137692890576,0.04629119531007694,0.04111395584615931,0.03592159436096907,0.02278281704969952,0.055025325470829896,0.07494901433755503,0.006540945657961915,0.04904247658296693,0.07102720434331028,0.03204027878575982,0.060421762873126394,0.05371700895202874,0.06402531303544134,0.03433428806449828,0.11461576571784006,0.10883175079997562,0.08719091973509704,0.12185844520708665,0.050729664722459725
7Networks_RH_SomMot_19,0.4493571046315568,0.4685456849431722,0.37649714472674223,0.4934080363199204,0.6016315903855327,0.5812799053289586,0.5067428709699346,0.5721104298936256,0.6259798147276415,0.590560092814277,0.5618407928926535,0.5383216331475813,0.4305234140165414,0.6171029782863108,0.5561911862999067,0.45040174338828015,0.5270087766200444,0.5280294825943356,0.6531245128361632,0.6083551368064296,0.5429703292551334,0.6433567984676958,0.6058898714429302,0.19652518654365098,0.5797955229057326,0.6054941085839483,0.4483358766716115,0.4789626800746445,0.5766499913077254,0.47817952470391584,0.4845423649342661,0.3964365043947215,0.37531511464089196,0.41311571551899123,0.37439376072872055,0.4987796648322648,0.2883723230585889,0.621934116896583,0.5344764089250715,0.6723597514440647,1.0,0.36981255976229965,0.691710234075216,0.4757784124659362,0.5712407436025835,0.5978349034188355,0.5128336238225482,0.555479271797491,0.6042139907675016,0.6133609044405406,0.5980833265393344,0.5766339891009282,0.5435185509053893,0.4654937239800156,0.4513536711507524,0.44977827892576117,0.6235600944555897,0.49372074703641977,0.5694817027237332,0.5856532891590494,0.5942644669954221,0.435256585751342,0.039033736739654525,-0.005204303307010826,0.063915280862284,-0.042729268275150764,-0.049493543316110326,-0.04095849858594348,0.05999749450438918,0.05385288262428359,0.052796177658298506,-0.01956042886919203,0.01301099569995677,0.029232162044909762,-0.04171402044175976,-0.025954035852847848,0.04495287911207481,0.031989900791579914,-0.03689920816085021,-0.01476304322145728,0.045486674251434045,0.05165207203406802,0.034082149183610584,-0.015194629131870738,0.024943598178134588,0.002883904712249388,-0.005160751800200027,-0.03373434580454395,-0.032494733701518785,0.022027283649866662,0.023485418899736932,0.026387004264202995,-0.021328000079941616,0.007699539342062237,-0.023397891858378036,-0.02623627474244695,-0.0014712171709982064,0.018427644940835486,0.043443759668690754,0.08024414743702887,0.09003881733932045,0.06507006519851857,0.03391871782405621,0.042472556763625276,0.05462852829667139,0.06266544526857452,0.031156620833224173,0.06256092639775518,0.11580678299825722,0.04199892236152404
7Networks_RH_SomMot_20,0.517741626321306,0.49672969530601224,0.4280129008895736,0.5151675521641739,0.5236888694804346,0.44415536118149246,0.47798062963216875,0.46614569433043507,0.473622974055215,0.5336847829773824,0.5674781202552374,0.4529463238630208,0.20113476974910988,0.3859989278548681,0.419822965901355,0.4860117319285972,0.5244252564629567,0.4958278241708536,0.4113997179699127,0.5212030291884855,0.31948293900926494,0.3606830709530705,0.4776010512933085,0.11756669988945463,0.6048714459977214,0.6062656359032784,0.21049721599895332,0.4369352437727247,0.5075361261098593,0.5245457154126345,0.572401055931041,0.5140866684894567,0.5227362328656349,0.4723403486826695,0.5193798027382135,0.5708540343537556,0.11358789769732357,0.5713561157256486,0.3944099655163591,0.4815930294374128,0.36981255976229965,1.0,0.49784318861098764,0.3516078334721915,0.4436481406349209,0.602311277571205,0.37754544570176385,0.3573363144314431,0.5517310453434302,0.5510999775538721,0.4589198796271073,0.48617085697887696,0.4671465137142335,0.4774195880525663,0.30033726895210194,0.2364858205644148,0.5426545405589149,0.456857028579434,0.5347156757243832,0.5228433789803395,0.346575256314292,0.4956586463334482,0.04612552507627257,0.021680032142009267,0.05344907400725924,0.012530009180419705,0.03538333010118412,0.02388301092719179,0.1378961466525966,0.0715243925120501,0.07868447721471142,0.05146433432181145,0.04722403770538662,0.02006514218953317,0.027988444646938164,0.012335683279149929,0.11112908174406311,0.06732651905614025,-0.03484820583783588,-0.06731045610216414,-0.020331463335781376,-0.008774181868990896,0.004133719681153074,-0.026399729071393586,-0.06627744117712658,-0.03855178346855841,0.04411042698546736,-0.0014163074424159846,-0.021169020003868336,0.010499214780501528,0.032259817961991455,0.030328627833265433,0.012993733118911069,0.02743461903429702,0.09731948063800852,0.03698171262844335,0.054480956278855075,0.030311290396460872,0.06930207340005756,0.10517472820366239,0.07675160038717273,0.058818785093202125,0.09623455543281723,0.0944213274062373,0.08168853000142763,0.0685420753442876,0.06910996995212842,0.03129461398396703,0.08969954911845117,0.01987265919995501
7Networks_RH_SomMot_21,0.5839927982903849,0.5528903274462311,0.45593600599948786,0.6346628215091473,0.6795171830632496,0.6277992968721066,0.6044325119228178,0.6326955977187522,0.724329421324362,0.7212916008516992,0.6512884451386806,0.6544066460878389,0.4549097642522053,0.6825341117360878,0.6426719662003665,0.5019306096832481,0.6496701110779336,0.6087460725240952,0.7302134562282555,0.751923852008526,0.5780409746644753,0.6789601401331897,0.6872444057285887,0.2597721899028368,0.7290145692689022,0.7522642655754151,0.380928292187494,0.6073632598300546,0.7216774712182821,0.6351407281735465,0.6312918295981225,0.4848176478025471,0.5009470500820224,0.5315749297721526,0.5177213924543507,0.6619930555943334,0.2218473558647439,0.7346063519561001,0.5910664773395596,0.7500265984466599,0.691710234075216,0.49784318861098764,1.0,0.6528831924216828,0.7191418430345493,0.6663315651863303,0.6349930421027853,0.6119272686273409,0.7571879660585458,0.7932725875005525,0.6668284731229767,0.6763162046118276,0.6160722024636753,0.630759985541507,0.5272028163742014,0.5128393075306097,0.788836621989108,0.5614544560691972,0.7145036107558171,0.7391961160820798,0.6530350476202263,0.6035935149632045,0.03552200515970192,0.014755482872146725,0.05494342396596539,0.009903975134807152,0.026331486395328806,0.03437638087607276,0.1089433733146025,0.09070613115828045,0.017977555751175,-0.020699629727241736,-0.03886502045683365,-0.01174228327596499,-0.041287104257087225,-0.04226819900547188,0.020075179272868046,0.004573666059591291,-0.047542102599925994,-0.001521045122845932,0.032982636126489266,-0.016398195878433018,0.01718678647159063,-0.04887152402225596,-0.028243296905656058,0.030508757867005014,0.015178485614080136,-0.0007418264084449451,-0.02830656362435937,0.025900456284415667,0.03417803726621821,0.04850097413010619,0.01868186254691778,0.05696463160178953,0.03069565803253553,0.017967800863852634,0.04893752475497562,-0.009519303869789605,0.023158049437565872,0.030048106666092377,0.06350728545857298,0.024107952324639435,0.077270330056995,0.14120840012568708,0.09784158187135679,0.11554759507620938,0.14702692288702557,0.07503719987137414,0.13574059073202524,0.0786929638418651
7Networks_RH_SomMot_22,0.5382700579367387,0.5059149615377785,0.3941461858125966,0.48312453656005516,0.45754093638018134,0.40077809690615,0.3952377254072392,0.39974846309097994,0.460858856498518,0.4303532545444371,0.4653770491819833,0.4154386337205656,0.3778899122370477,0.44212800392253115,0.46791943094544647,0.45959788965709036,0.41094498886392056,0.5558111339537901,0.4282879785825933,0.6311680946695399,0.20150444983470672,0.4305183225840826,0.4835228013949782,0.2679670015193737,0.5055695887641504,0.5221638237351128,0.04250695613135548,0.4893256326575911,0.474883819152335,0.5402317253449797,0.4792201355622791,0.36876084903244377,0.41931759231464516,0.4749506228459062,0.43540265311578163,0.5486150443904951,0.15213548680092426,0.47533021975704065,0.3568361032934372,0.6120724989858766,0.4757784124659362,0.3516078334721915,0.6528831924216828,1.0,0.49826041766443996,0.56019387501227,0.4889208997053106,0.4049350192919421,0.4936358590234129,0.5984036104604851,0.3879074122940126,0.41983589338078553,0.46864997100480904,0.5867718309353362,0.41493094481475046,0.3831363546478839,0.547524034047993,0.35420724366218465,0.47823555539354595,0.44303301899228975,0.3043192486009762,0.549919686618374,-0.0610914229748162,-0.11330134366171095,-0.09967215304747308,-0.025526885632208327,-0.04679845958661464,-0.051057011470164365,0.01776743425657368,-0.04727332152524434,-0.039354096691833436,-0.05979077619766551,-0.053447640746870494,-0.05695447591371193,-0.08193432083911557,-0.07539790199222184,-0.03816294434590503,-0.019213344650828672,0.06985081668155568,0.08029189008501787,0.10389645467115102,0.037428692080918174,0.05610688265427446,0.0005944364114188917,0.04681746841732517,0.08051269687869245,0.0842073603656416,0.059543168440268586,0.01969229155238593,0.07254410055866588,0.08831377399461435,0.05174431649724894,0.10279899048137986,0.09571977984538474,-0.0922205467557831,-0.014041697043420384,-0.008868241992141139,0.012470119785275187,0.039953750457818786,0.04699997641059446,-0.030264008206468154,0.01566682901412533,-0.03930292326195145,0.004402680712729977,0.004073255368371252,0.07935450573005012,0.08716588108711892,0.054010411572298495,0.02793957401945376,0.014351170083928454
7Networks_RH_SomMot_23,0.5079062249011773,0.4520582792160706,0.4240750719713537,0.5939692489175479,0.5857471324727355,0.644569357103658,0.5622718422820143,0.6466074180284058,0.6218741648298156,0.6387248295112556,0.5534025097485702,0.5626089683135989,0.5291617873483392,0.7596570089651364,0.6238225781441586,0.4966425777393148,0.5683337180359405,0.507280827229084,0.7480573440184679,0.7199404036385467,0.5840269435285578,0.6874591177943347,0.6882855296163561,0.33894389105596456,0.675650010835634,0.6433872830237848,0.317606428459481,0.6795400212816733,0.7114263183047147,0.614303909919365,0.5431558700514812,0.3893918856210949,0.4378717384754585,0.3979828469999933,0.456589645078503,0.5835048112962357,0.31859378917115294,0.6706396306683652,0.5701990570766489,0.6730381492308268,0.5712407436025835,0.4436481406349209,0.7191418430345493,0.49826041766443996,1.0,0.6147999850966919,0.7653342178540469,0.740880332411893,0.7458318098119017,0.7743966238215314,0.7746285131261046,0.6336768253213219,0.5883612828481866,0.6161088327672501,0.5887493017021852,0.6125211526453466,0.7546582142516248,0.4541492791907188,0.703338046745834,0.6290113984804699,0.5873815607898774,0.6191335906438689,0.06649211691443117,0.0409373328330999,0.08043817797916503,0.008301599475128232,0.02501066007837482,0.00948362008368895,0.11677176193790118,0.059882928209399715,-0.004984061650290556,-0.03387901253330192,-0.027218921783130748,0.002205723338877744,-0.00018654295157603126,0.034045067439100095,0.018790189781781604,0.03455489103518608,-0.028583884762223694,0.0068812731778711824,0.0222434312759893,0.022467573253902907,0.08114892951612795,0.06515485551737826,-0.014163774030949906,0.07808498603686821,0.043386580070096444,0.046474724940229487,-0.028833480954099912,0.07019337297519464,0.08215630057735605,0.06738397675993849,0.03278738707622452,0.04097682567968332,0.08669132741069237,0.08154701904447731,0.11609776543580551,0.03382691500721657,0.0716614994114457,0.05894510234721136,0.11223081540640158,0.09568315770653907,0.08372637831881238,0.10868283837200096,0.0823238185230509,0.06792847039594702,0.10711043116928162,0.0732783143189998,0.1218531122661569,0.07809813705874591
7Networks_RH_SomMot_24,0.6555639064115427,0.612782287613723,0.5510376940579186,0.6583428538461767,0.6721801021713915,0.6384577669783271,0.6232514627296716,0.61603912189904,0.6478091100666811,0.6925267285223484,0.6915732554775494,0.6304515117429347,0.44628838486174727,0.610000723340228,0.6054356972463314,0.640430231007297,0.7270353186235504,0.7049101233563342,0.6346243663397872,0.7079189701288037,0.4626036406908603,0.6112314668994944,0.6759274864193596,0.3450929706026724,0.7209706075691704,0.7478834875654413,0.2559499006116813,0.6708473575931282,0.6665098340623566,0.676861447908575,0.6334348573418065,0.5742032346984792,0.5831060847584524,0.5647128864451066,0.5955914888216217,0.6756073762266103,0.24709456253630602,0.694241405294094,0.581401326537875,0.6522111097278038,0.5978349034188355,0.602311277571205,0.6663315651863303,0.56019387501227,0.6147999850966919,1.0,0.6015033030947593,0.5820468016656876,0.6706609703004454,0.745417662646357,0.647688845712999,0.7325060944268529,0.6593654086639811,0.690943248691217,0.5547794462539667,0.5023448664358855,0.7243228775829142,0.5251216043031652,0.6530026255644445,0.6393409198973994,0.4971123906762065,0.6466705031498589,0.04776810650641214,0.013824629035824921,0.04528267412095424,0.04027652418159922,0.062052703440205616,0.061348180893151354,0.15760494174591383,0.10627250236874704,-0.00411965414801807,-0.052207272432325445,-0.043626695082614894,0.015903752195970837,-0.030135974827025156,-0.014995656296625514,0.08113544199648964,0.02426073766457717,-0.026969122848745482,-0.04767315967905422,0.017803957407620172,0.016476961421886167,0.03477417307738407,0.00710505228714393,-0.0057748533037434826,0.00607868815872205,0.04658075939700587,0.00040154549773434593,-0.04986345988620243,0.029745099920880463,0.04257198601768604,0.013214972048722162,0.04453561396417949,0.01795121313912167,0.05793256207818454,0.058013722314831956,0.06272872610114205,-0.011410706946232483,0.05654271215240644,0.043886579843228066,0.05334509030624488,0.07419295612910728,0.03981282699280166,0.09860735518601554,0.045350281662946794,0.08686998121075105,0.10304869809240459,0.040213646457973234,0.07845133945514222,0.03152531238685555
7Networks_RH_SomMot_25,0.4854575965930395,0.4209564023382431,0.4352861969278758,0.5676791653485931,0.563836504849756,0.636195808897171,0.6275779348982288,0.631147330701074,0.5623634121513823,0.6578734376411772,0.5778632433275358,0.5689314969663809,0.5126830084768078,0.7618123364559565,0.6500452768819506,0.5697848827821819,0.60947448865434,0.5098200809230097,0.740661403184008,0.7140901422465361,0.5208103415985225,0.6688142992314958,0.7006129252472023,0.4219663868382133,0.6378029826003376,0.608324469893024,0.18376898103196634,0.7114314225022261,0.6090666889923091,0.6157591991666939,0.46334594308018967,0.3926318137003697,0.40670873878906094,0.43311328488528406,0.41001501769621196,0.5355832344449286,0.33440085998066993,0.6463233716175172,0.565795379324313,0.6082126306183471,0.5128336238225482,0.37754544570176385,0.6349930421027853,0.4889208997053106,0.7653342178540469,0.6015033030947593,1.0,0.7380329762315753,0.6856535670449498,0.7342656720143983,0.7367458249878504,0.6398699605402429,0.5450922478304516,0.6613228894966601,0.6253088952907637,0.6248216184862175,0.7107949643921238,0.3723543719507878,0.5897343212913778,0.5579546983558619,0.4398155927534999,0.6224875001262244,0.054796006594848665,0.021238787338349784,0.03300617468479916,0.047730957829005646,0.05498001413231784,0.05245702505965561,0.12034634111308257,0.07567424012886367,-0.0374503441389077,-0.09799355786048629,-0.08108252942317903,-0.007875041666057849,-0.03390918296399469,0.026751427134629278,0.007422683093772127,0.01919757573083836,-0.03178198900953716,-0.012681142909753931,0.009873372209211613,0.03025532663769027,0.04375827346518297,0.02385963072595098,-0.022573675414694596,0.013774122032168198,0.08584703148079025,0.07290537233935411,0.03692860227377974,0.14744517560436007,0.1147136792957285,0.10761223590981596,0.11600082472511752,0.09482545752880978,0.06330357422672767,0.05258638090594688,0.07422576874182808,-0.027091878274104607,0.008513833389615758,-0.023228892097443592,0.01674698675391236,0.0486470275307922,0.022941839470347624,0.055008311242400416,0.02224531749528775,0.07944505751177802,0.1249439379257576,0.09291775445017963,0.04396397804750278,0.09374081316019275
7Networks_RH_SomMot_26,0.4240205979414033,0.379241781048402,0.34671306090563786,0.5025709886263815,0.6173553480166901,0.6203397337848414,0.4874643987888478,0.5527670861944025,0.6416159063544492,0.6233934828239299,0.5347276049993918,0.5345382124356274,0.5724159785175345,0.706200917253126,0.5569577501529809,0.498225307444837,0.5883352533853191,0.4467328574383369,0.7581254103225766,0.6293573941847062,0.6158354957814196,0.7173693732423333,0.6639156044151512,0.31148333107651094,0.5968925220523769,0.5833328770076487,0.4304024101485377,0.5857963811518939,0.6465290448816094,0.5299784409760151,0.4051978780872517,0.3486233283149774,0.3566207254402123,0.37276213450525336,0.34422850497235513,0.4736396251577262,0.3523145159515101,0.5826902462301078,0.49658277951193436,0.5422607614433056,0.555479271797491,0.3573363144314431,0.6119272686273409,0.4049350192919421,0.740880332411893,0.5820468016656876,0.7380329762315753,1.0,0.6360426570398114,0.650077203599841,0.7602183682883135,0.6138031445994365,0.661110958515922,0.5308703817017407,0.5680854709181108,0.5723028756975074,0.629637812710143,0.49872717876771,0.6618813416836468,0.5764927378764806,0.6514400905223099,0.4848536505973689,0.050152003434568465,0.03038909924452405,0.05154818245563714,0.007731385889202448,0.04026246054947645,0.04955996962487961,0.1008698412640969,0.07647184729431776,-0.019626361223792157,-0.08201778745697044,-0.07015765086310212,0.03764318857454775,-0.0031521521535866274,0.04304414254708552,0.008943421445378916,0.01224878272802551,-0.04610998404705029,-0.029590200289671773,0.022893828796114415,-0.017940073093703972,-0.011214412221196755,-0.02245813267058653,-0.0748750501519073,0.01552662114987197,0.04288078552334158,0.024427248460092716,-0.018380248071497563,0.046162430829163346,0.052224131011480344,0.06287382334023003,0.025171920618191894,0.04983035761015618,-0.016875090413204622,-0.045184427908337564,-0.0005133108776655053,-0.04984543952854625,-0.028917337415743892,-0.032787222745335125,-0.024241736364458456,-0.02410951307207348,0.03526209925615623,0.05862040948966588,0.026071964032622984,0.06900658197674138,0.10035440379719658,0.05597344688682762,0.07615456894248375,0.06846706593914305
7Networks_RH_SomMot_27,0.6415119387484919,0.5822013574888624,0.5007345555861035,0.7074958858441199,0.6747651138287658,0.6607721883717943,0.6250372533600109,0.6936574254317319,0.6825555542612175,0.7532017555469381,0.6801695317793314,0.6421657432426326,0.406993324160673,0.7359062840133661,0.6844529375142169,0.5600057792372459,0.6963848666337471,0.5890773292089657,0.7756074578428087,0.8061611893693019,0.6128628203166745,0.7155942062199002,0.7388200341706666,0.248811386058916,0.8329185614263532,0.8102162031202992,0.3478280583332088,0.6699133451113201,0.8014271418891955,0.7303430105652012,0.7133069492389623,0.5331713387280004,0.5729346341159639,0.5633930174026186,0.5537829705303001,0.703637620626402,0.19029038758687214,0.7684623679346919,0.5909334937460975,0.670012692511596,0.6042139907675016,0.5517310453434302,0.7571879660585458,0.4936358590234129,0.7458318098119017,0.6706609703004454,0.6856535670449498,0.6360426570398114,1.0,0.8660356356329478,0.8118480287820983,0.723906460667954,0.6081883205042825,0.7027472939343972,0.5724509899419855,0.5178002028523326,0.871403781410666,0.531785086465645,0.8173116100674426,0.7876767015830717,0.6109755080724947,0.7211598266140987,0.031018566748919146,0.016459158484590477,0.060120841251765464,-0.03405989986487716,0.0020083912504497412,0.009264104955767358,0.10004975270542225,0.06675624388843258,-0.06558161148533141,-0.13261317892786,-0.1309511778266292,-0.040313321529253945,-0.0821650962676561,-0.02385559513776164,-0.02021035510431178,-0.04715868952095953,-0.05542133820801419,-0.03339625158428491,-0.009870043219343363,0.028392028594094884,0.04083361753236018,-0.03720366834254656,-0.06292105261562674,-0.015108193558292833,-0.02844235301216209,-0.049629089193278034,-0.08306663879477791,-0.005828195952063221,0.0016001986549496112,0.004407099097745589,-0.024294042502448064,-0.006337875941448929,0.051818952856074574,0.021595070065029736,0.07044216379441866,-0.04150554153582076,0.003516839107830169,-0.011509984188463345,0.07247929154617296,0.05021266680842012,0.06884229202708006,0.13553462561108012,0.09077191472493319,0.09888795353410783,0.11395428169719488,0.05555846863670351,0.139215976770063,0.06765574990698212
7Networks_RH_SomMot_28,0.6924170485453127,0.6208652401550488,0.5428886886462629,0.7445008342633815,0.7074130546570875,0.6911883990519404,0.6804711147942519,0.7022137632370701,0.6902167403986059,0.7779761782360691,0.7266756777338561,0.6708333732996343,0.4652333070130279,0.7562442343824418,0.7238251500972566,0.6355102105177383,0.7517442640647586,0.6873464112585186,0.7859945351551612,0.8573544293918349,0.569107466207376,0.7312009732933848,0.7778825468285232,0.29985671541886544,0.8384031346431894,0.8301889221818527,0.26251433072795033,0.7325650551669237,0.7781790727450922,0.7635375437419368,0.7092287924083021,0.5487876746703706,0.5986843320994656,0.594794780459307,0.5994521880969974,0.7492358333704054,0.2301513317878808,0.7934974547159883,0.6295647973822451,0.7226388187729977,0.6133609044405406,0.5510999775538721,0.7932725875005525,0.5984036104604851,0.7743966238215314,0.745417662646357,0.7342656720143983,0.650077203599841,0.8660356356329478,1.0,0.7929726293769365,0.7454967184600545,0.6678537825563344,0.7654958550233576,0.6193264864572732,0.5687329375349434,0.8918747671326394,0.5341890105019453,0.7975187731476754,0.762278234253566,0.5851469401023988,0.7646364116033606,0.05326183774923052,-0.00021440405360803206,0.030808395368377955,-0.0004498448721136981,0.011244756078346674,0.016226001623514792,0.13749962511348038,0.06919074628343154,-0.03124649931835155,-0.07415742131734485,-0.0712810411793498,-0.021993660029477814,-0.048027136048655515,-0.0077108991096061594,0.024833997041612096,0.01305816371273007,-0.05188050509192187,-0.030312208205371807,-0.005177394005224802,0.06388999864552858,0.09157954864442937,0.028393497107684497,-0.012011397894693191,0.01876749945081241,0.0032141132567868164,-0.023255799147057263,-0.06952896149946314,0.03931881413026345,0.05184256040019034,0.04526677994867452,0.023745200503778117,0.025683770618674738,0.06919182671769519,0.05258907771933327,0.071349181189913,-0.027929266105576934,0.019051581135794363,0.007979290972370701,0.06654869356889145,0.05253607954250432,0.08313349262530387,0.14791913358959619,0.07923205769523106,0.09047027976989637,0.12602789653877566,0.04984947022154617,0.11029037016702227,0.07103397826905589
7Networks_RH_SomMot_29,0.5639725491267203,0.4752944616075114,0.42790242881603063,0.632105457821466,0.6741083554532343,0.6649124624654191,0.5911712378171833,0.6794328563802157,0.7129687251799296,0.7383102849354573,0.6324335765189563,0.6244853718829259,0.5140144686744413,0.7757346504594068,0.6593906044288371,0.5339069965582968,0.6703243419872803,0.5326159206377618,0.8174260561589346,0.7477149151194061,0.6880238734746067,0.765352093059657,0.7187433142361593,0.2835986435157499,0.7474667660679795,0.7187431122660761,0.4252354360726007,0.6561804877536258,0.7651155213944089,0.6564985631951576,0.5957474501177079,0.46266956752709065,0.4555208281540339,0.45421728124818744,0.47260359415481057,0.6118384225652564,0.33401001668800057,0.7345803140559843,0.6297315018326275,0.6056813379606799,0.5980833265393344,0.4589198796271073,0.6668284731229767,0.3879074122940126,0.7746285131261046,0.647688845712999,0.7367458249878504,0.7602183682883135,0.8118480287820983,0.7929726293769365,1.0,0.7044582870138096,0.6071905063919477,0.6526159559774041,0.592201840056772,0.605254300557453,0.7823492081179658,0.5088815107946046,0.7837599403694195,0.7406188191990393,0.6603397087974369,0.6490983075722508,0.07243128915173944,0.04538655718016577,0.07717098437501324,-0.010365095232628995,0.03111481311001146,0.022443862910671308,0.1015486561236434,0.07298265711372626,-0.019602335628588364,-0.09153860512649173,-0.07010286146978248,0.0010511555074753712,-0.05181873101528565,-0.00823951473563134,0.02037849072454938,-0.008522775686899282,-0.07151889173694287,-0.03230990519040778,0.011525018873967204,-0.03790349690959049,0.018706637806288874,-0.039190858631219856,-0.09494447725712549,0.017522834190869647,0.024354693731515647,-0.01054116428292592,-0.040820673723702516,0.05207732556328684,0.049168148242799505,0.058462426448089425,0.024456243954684483,0.02908682100305122,0.059609093837254164,0.019541655384224553,0.07425841156043249,-0.06352257432578497,-0.01615597910613071,-0.01962332523652706,0.04817483940147403,0.026504879928665917,0.0673318358269519,0.12523468833377785,0.05898082788343132,0.06040094473030535,0.12299413195238929,0.051429861812911745,0.08833780234504564,0.08122929075664369
7Networks_RH_SomMot_30,0.5795514596917553,0.5412205326192566,0.45324234229930876,0.6063340683989853,0.6295805189976668,0.6449860767406037,0.5878227167675656,0.5823316833340297,0.6244590533940898,0.6925195188702195,0.6647263837681094,0.6416828572842541,0.4393568296999085,0.6810389605827641,0.6656976543299248,0.6151745776199341,0.7740474508287679,0.6137686974533675,0.7286258698262067,0.7166612539620967,0.610186845842017,0.7086766396482206,0.6787142269718428,0.33336967922644245,0.7114990686764076,0.7445921971132022,0.3654342583677023,0.6860119923551617,0.6883184135829491,0.6425533363063609,0.5763406291488872,0.5146257486447667,0.49352322375150953,0.5265058321766233,0.5218164640627909,0.5961808098006264,0.23425471487439892,0.675338741625967,0.5354397541061285,0.6439717537478216,0.5766339891009282,0.48617085697887696,0.6763162046118276,0.41983589338078553,0.6336768253213219,0.7325060944268529,0.6398699605402429,0.6138031445994365,0.723906460667954,0.7454967184600545,0.7044582870138096,1.0,0.5996026666950712,0.6414999681174737,0.609867330654348,0.5766977942559084,0.7610069095021333,0.4840946588854667,0.655181103536565,0.7048874632468164,0.585430112306667,0.5911624385001742,0.08940776437533718,0.025950672308618406,0.06768227977794969,0.005127709417585809,0.013569025697798968,0.0349718752213463,0.14514043167712468,0.08498089974452534,0.04518286708686377,-0.015656834959939015,-0.01306942978737804,-0.04130459118040294,-0.05829538117619356,-0.05914567386048937,0.05624983214874353,0.011113659506718278,-0.08737908247801834,-0.08870395482907814,-0.025039902526844703,-0.027902088908116608,0.00015488696595467114,-0.019409341498063122,-0.03970920787624313,-0.027618934410298997,0.03983569534106564,-0.046207618647244444,-0.03842937237522043,-0.02714784532646726,-0.030700116499089877,-0.015041334672299225,-0.002621483965040972,-0.006866930237810859,0.03396737071405213,0.00965308306623229,0.005408095873765296,0.008235073786979373,0.034827374511837365,0.040023902550771845,0.00806595706148488,0.018409380612735348,0.06574156403961988,0.13713517992853078,0.03552995275243037,0.09976106317359197,0.159068323358716,0.04207548863798317,0.07660431077076352,0.03815504482973129
7Networks_RH_SomMot_31,0.5898678999985747,0.6365946689706119,0.5522757577501665,0.6347105666352381,0.6376229751477397,0.5674153459177486,0.5083640186570294,0.46562197224052687,0.5996639589639833,0.5361879265268088,0.5743105288725059,0.63390135276355,0.39390533764393465,0.6073568247563459,0.5427905938735055,0.581557909779416,0.6306442566770812,0.6753885311368876,0.6513257848514223,0.6880367286914558,0.45697378355659135,0.5874412198704033,0.7966179141002723,0.19222152605319007,0.7310432439585595,0.7418286783323413,0.3400595354904863,0.562442917579057,0.5827000331759677,0.6660348919966498,0.553788304637986,0.504634108742947,0.5883271008741778,0.5899381128418388,0.5545921662500084,0.6623395722490864,0.2270751060782224,0.5625287283005984,0.43293737289427053,0.5378062953343712,0.5435185509053893,0.4671465137142335,0.6160722024636753,0.46864997100480904,0.5883612828481866,0.6593654086639811,0.5450922478304516,0.661110958515922,0.6081883205042825,0.6678537825563344,0.6071905063919477,0.5996026666950712,1.0,0.6160580073089347,0.5032469745725843,0.45711641165659633,0.6556758061395299,0.7647786608006192,0.6245392185266506,0.5686160373850434,0.5390271770674983,0.5623630289617009,0.025353059645710378,-0.0028874887363540785,0.022112930777269453,0.05025450162004272,0.05015281732097822,0.06263941379163027,0.15866792578495098,0.09145424417239112,-0.05979596013987493,-0.07350038808019747,-0.058153288060961275,0.017534516349462646,-0.04089099486707693,-0.020973503321343272,0.021549199966770828,0.017862429103382448,-0.019136051596749557,0.011587205208257635,0.09035382009253808,0.07019775742784916,0.06841572508466186,0.051113738770834666,0.046867042832409285,0.1070540075490674,0.02786524171287131,0.004790331125387331,-0.013719898186290783,-0.0024498939983073178,0.029604079043959626,0.041564729851270674,0.030218891871493597,0.03276485862143623,0.029043285914271747,0.026877814315998796,0.06599269751397586,0.0218950661243075,0.038821748570856705,0.06782602617062002,0.07424285373486837,0.07368369417262631,0.02805863656130434,0.023080019898850154,-0.015204257395669269,0.12414770463475132,0.10127813124832354,0.08919394216751049,0.1336871782550531,0.05397088455873777
7Networks_RH_SomMot_32,0.7053283267271343,0.6218939037541008,0.5357538403304721,0.6717937103694044,0.5975866055412408,0.5541550960659658,0.5533254937646376,0.5651223620830318,0.58042301420735,0.616717577752502,0.6924593404739108,0.5697143263963494,0.35587937545085313,0.6415640144077416,0.6239009201083318,0.6128177610107814,0.65977300014777,0.6645749678603599,0.6038150298274629,0.7945546208327711,0.39674601073634264,0.5375124609397973,0.7118148654360857,0.33944117495954057,0.7476658157606648,0.7555006586200965,0.06518531872790262,0.6913276763187413,0.6769454478563063,0.7794078881600887,0.6448554267576666,0.5642370436925346,0.5878801071886101,0.5760805043342129,0.5951119233599514,0.7053502683122007,0.18380047219034665,0.6479038569763328,0.5333260620241094,0.5789588522505329,0.4654937239800156,0.4774195880525663,0.630759985541507,0.5867718309353362,0.6161088327672501,0.690943248691217,0.6613228894966601,0.5308703817017407,0.7027472939343972,0.7654958550233576,0.6526159559774041,0.6414999681174737,0.6160580073089347,1.0,0.5907361963490421,0.5737828468430506,0.7684739908850196,0.5004306483146775,0.7150475859998756,0.6733237095032393,0.3981149505410554,0.8281644783805003,-0.013101208185244472,-0.07667827738536076,-0.08378955323236575,-0.023509902162065457,0.011269720915711837,-0.0029091701959712965,0.08032325922196369,0.007400935354002377,-0.055517272207804176,-0.07753088887852974,-0.09113705194581467,-0.03232467151557898,-0.04403901905570801,-0.012269584213745783,-0.0011274696025967976,-0.021623307388229658,-0.04170847159365452,-0.017547253286196093,0.03210499286525512,0.08079426282215656,0.11701017233481038,0.0578839191102027,0.025949613227792073,0.06950868668899282,0.09643382639464841,0.04731697791517612,0.01140541572289162,0.11421676736511531,0.11302176133488985,0.08148111075581015,0.12798549001343323,0.08330057481820485,0.043824423084017655,0.06229608515426753,0.11720604823057167,-0.01402593795052948,0.030957480798717654,0.010148646816650083,0.05236995192618045,0.0809619057329455,0.027800869987370587,0.0765115331791514,0.0014375895980491416,0.09520994186075336,0.13924459375961246,0.054758222964146515,0.06462718319622703,0.03144361141920115
7Networks_RH_SomMot_33,0.40276208040204764,0.35338780625699584,0.39486047527420726,0.46735624728358877,0.4296422190073831,0.5059889468414102,0.513040320475769,0.4652717666648432,0.45389775571799135,0.5515406478699111,0.48143546908832624,0.505525333826441,0.4585929495559716,0.6424696641156113,0.6103640080904849,0.49668689341504885,0.5314904910385172,0.5408225652609054,0.6248057094132025,0.643167720824734,0.4504501022652413,0.5934767200850176,0.6411486644285438,0.5371407603103799,0.5234028470955953,0.5356082467439072,0.11714348380328204,0.7266336141893829,0.576144183713025,0.603667971829061,0.381880285370369,0.3859010664107158,0.3209662544366919,0.334962424151614,0.3601929683975032,0.41342913468784376,0.28788234992091494,0.48927810166321584,0.4288850451576889,0.5015636630940558,0.4513536711507524,0.30033726895210194,0.5272028163742014,0.41493094481475046,0.5887493017021852,0.5547794462539667,0.6253088952907637,0.5680854709181108,0.5724509899419855,0.6193264864572732,0.592201840056772,0.609867330654348,0.5032469745725843,0.5907361963490421,1.0,0.7278164162416837,0.657137754188695,0.2946669748017487,0.47101469283312036,0.4942222483147927,0.4001148819046446,0.5684134419072063,-0.008620167875303095,-0.03705067992754174,-0.02675306995092898,0.06896706269647421,0.04968184582378714,0.05006108215104464,0.09024673409783587,0.04573208649950013,-0.016331876298418112,-0.05388680292760025,-0.05457118003049987,0.04142534872054507,0.013805921744613597,0.06072047270654363,0.028560895325335425,0.015653923769274145,0.04441944927003774,0.0882233486243972,0.15277896056504384,0.12943574769164698,0.1307948739105699,0.06973875234796552,0.12055998032749067,0.10922967275664433,0.2283422517255641,0.20419326496344156,0.11844060275066726,0.18995464326112305,0.216472373601877,0.17581635272257543,0.19648399363571883,0.17181162256175403,0.1358409229572631,0.14920333513774814,0.11164824547156507,0.0789921427654885,0.0646477080602922,0.046011450226444095,0.1000544417622783,0.10036225676707207,0.06459084939142788,0.07618451221783562,0.0027055714306338076,0.04011460358659585,0.12179981626618504,0.04794954597441542,0.014310515104622458,0.047239410911220685
7Networks_RH_SomMot_34,0.3481116516434351,0.26398148992599296,0.27871100445874486,0.37346001068837004,0.3991128519127178,0.48625490752801065,0.4393606274188351,0.4592386231283843,0.4415699536226115,0.5144242058206295,0.434220982347579,0.4220928646892267,0.5012965015591286,0.6530530999151073,0.5792441340908582,0.4750168580813593,0.49644454150037104,0.4475830972858926,0.624474910075083,0.6026482825380627,0.45951465454945867,0.6007256205701098,0.5717182534601993,0.5307061272596489,0.44449633560633106,0.45357006031254243,0.095136710728706,0.7421014401019799,0.5631311997158888,0.5372773765964113,0.30498723863003946,0.2759103964156563,0.2205714790190821,0.25081679112795957,0.28288262995138735,0.3345445107929805,0.40186723241409106,0.48545597686083497,0.4432484063512924,0.4792404626777208,0.44977827892576117,0.2364858205644148,0.5128393075306097,0.3831363546478839,0.6125211526453466,0.5023448664358855,0.6248216184862175,0.5723028756975074,0.5178002028523326,0.5687329375349434,0.605254300557453,0.5766977942559084,0.45711641165659633,0.5737828468430506,0.7278164162416837,1.0,0.6408892884081694,0.24226757886768696,0.43838217371283983,0.4188032886455586,0.4429019147231987,0.5357538900857166,0.03763534136678053,0.0077001757793447355,-0.0054370340144771654,-0.0019314878768556768,0.012544113309411535,-0.015550985197470167,0.048378185426149856,0.0076147877152970425,0.04801898509826364,-0.018876251142151974,-0.006549571399678485,-0.011904660069405302,-0.03343982414209566,-0.014673546785767624,0.036276047449954496,-0.01310186596693127,0.07855257562981315,0.11433300856779867,0.14605702556443867,0.035408701129472246,0.07786477362602767,-0.014102715129009864,0.10145519868562809,0.12049861129006953,0.15934039024869623,0.1143676233606621,0.04558951993931368,0.14438013313202122,0.13975770866183668,0.11756004554983936,0.15446930936603206,0.09241719425141214,0.0955689499700468,0.11547386294110872,0.12247449285228196,0.044605019294325234,0.06167226139572841,0.06113180772040855,0.07042280397034577,0.08856800043317001,0.032865001090221266,0.04522575542523349,-0.024097967842309744,0.049653377516206174,0.0846111142941119,0.0272359976379075,-0.004968047580246902,-0.02394182012504028
7Networks_RH_SomMot_35,0.6820811749793023,0.6170636111108624,0.5523580282283076,0.7583834100605296,0.6978274153982807,0.6788296676982959,0.6710917323874774,0.70167058873803,0.6610430580210417,0.7799230683411797,0.707934027359603,0.6760799093465666,0.4308000492661161,0.7634395187320684,0.7302699648353355,0.5914900233123356,0.7436513838368036,0.6574067910166647,0.7871964554199151,0.8532020600460525,0.5966667171961674,0.7168642096790865,0.793674970719574,0.3346464990914169,0.8442164479408928,0.842128615233018,0.28906722497088144,0.7760218453669668,0.8417829189385141,0.790117232052455,0.7213719999744068,0.5925404220006993,0.6220727506543858,0.6307957915009927,0.6250306901966357,0.748608070894419,0.20976047575383966,0.802351300932604,0.6350391516652127,0.6926686122955826,0.6235600944555897,0.5426545405589149,0.788836621989108,0.547524034047993,0.7546582142516248,0.7243228775829142,0.7107949643921238,0.629637812710143,0.871403781410666,0.8918747671326394,0.7823492081179658,0.7610069095021333,0.6556758061395299,0.7684739908850196,0.657137754188695,0.6408892884081694,1.0,0.5430970769536942,0.8050198306789575,0.7938943888537632,0.6096315556821608,0.7857773111140984,0.027869040535446272,-0.016353283158380957,0.01858470229791041,-0.02339480472585384,-0.0005871145613241603,0.003839380701035709,0.11634711114929581,0.05194645472577678,-0.02521993766405259,-0.08905674859112327,-0.08869603818131043,-0.03985899235869354,-0.07686120445760772,-0.04019316117969969,0.006992318755439286,-0.03448689003603261,-0.018520312371888514,-0.008059142936384076,0.027175876891199584,0.07264986745784496,0.09423625840447235,0.018678316498166442,0.02601025812039741,0.041926556251874685,0.027966452284287447,-0.011548164585881607,-0.054924667995355454,0.02288810664406084,0.03953080679318542,0.03821748821840923,0.025983163086402295,0.029200620504010354,0.10117902038139218,0.056045594818062254,0.08831518863409206,-0.002475730309057654,0.016623722045448888,0.010290193385840753,0.09252663600954308,0.05149843797939035,0.0893768054620909,0.14462777830390183,0.08636586898556749,0.08899157627819808,0.12732239649359267,0.06128323950603217,0.12061105240600793,0.06337267334813323
7Networks_RH_SomMot_36,0.5379957712469676,0.5634398152411659,0.5172636083686236,0.5617439543071104,0.579048460726322,0.45674813957155364,0.40918063250631925,0.4286444461834397,0.5946755585678019,0.5053795081402327,0.5588143815285289,0.560883929956322,0.26906406697964813,0.4703535967659711,0.4021227856704924,0.4665979455734803,0.570983357713313,0.540927084460671,0.5150086944357518,0.5490582093376875,0.45263495842898765,0.4736656129724433,0.6542924982200008,0.0018808353198677115,0.6696526773451393,0.7097541359936707,0.5174409028179208,0.3614072504619346,0.523577319905908,0.5455450076404448,0.5295317369374559,0.45491428498342157,0.5485307213429061,0.5272235620022117,0.48009465280723496,0.6105954776702153,0.1535306112003995,0.5222080310544913,0.3991941019047907,0.46925202758081297,0.49372074703641977,0.456857028579434,0.5614544560691972,0.35420724366218465,0.4541492791907188,0.5251216043031652,0.3723543719507878,0.49872717876771,0.531785086465645,0.5341890105019453,0.5088815107946046,0.4840946588854667,0.7647786608006192,0.5004306483146775,0.2946669748017487,0.24226757886768696,0.5430970769536942,1.0,0.5631507572368737,0.5899798825125384,0.6003325974027243,0.4024569409297151,0.06286707214874898,0.034007458751582446,0.0622584222098999,0.0693328508124236,0.08183050022980476,0.08428379695448325,0.20792588354998237,0.11218204321523077,-0.06004493860186643,-0.06039415918650578,-0.059750807770698244,-0.012140429301205279,-0.05081402858791633,-0.02518535311168179,0.013559897014799512,0.02305508240965306,-0.08043695331546874,-0.06282826866268497,0.02111991188518888,-0.03974325707119977,-0.02194057166351975,-0.014530032212083691,-0.0694580828845564,0.021060689810007204,-0.040104692806618505,-0.06980761377500196,-0.053297359378735774,-0.005057131849201243,-0.00026803193862712704,0.0381478190544841,0.03917367275178616,0.00929821055797467,-0.025866083213748337,-0.012737219275312852,0.057034331749762864,-0.050558815869536526,-0.003463039204211959,0.04026589283692213,0.016008651651215844,0.0464048024260639,0.036068850705210986,0.028672889635441342,0.004005067937104568,0.10486632714761399,0.09591009942960244,0.06936637875928983,0.1597927346507243,0.05139690218638379
7Networks_RH_SomMot_37,0.6489982934258534,0.5706436412966541,0.4576703446162327,0.6853870984488059,0.67037421048322,0.6140380045021926,0.5100142119226295,0.6196661610216511,0.6754951277881344,0.6707997547290658,0.6438535774041421,0.5862548484054521,0.4145343882597063,0.665521416371067,0.5712668266326176,0.4893459347883428,0.6295732674738971,0.545983041091349,0.7114557399006256,0.771900975687922,0.5941738888103398,0.6652953208111649,0.6818339942170936,0.15280433634758814,0.8152518926528579,0.7890980729945383,0.40104998874580666,0.5532401884023024,0.8229250059128428,0.7068361544431251,0.7059803941868623,0.5605386247106301,0.5765455208746104,0.5543793081759074,0.5637899906241899,0.7221373470466423,0.20851817076565976,0.7390739145470192,0.600752570780464,0.628483465643836,0.5694817027237332,0.5347156757243832,0.7145036107558171,0.47823555539354595,0.703338046745834,0.6530026255644445,0.5897343212913778,0.6618813416836468,0.8173116100674426,0.7975187731476754,0.7837599403694195,0.655181103536565,0.6245392185266506,0.7150475859998756,0.47101469283312036,0.43838217371283983,0.8050198306789575,0.5631507572368737,1.0,0.8088922384506504,0.6399534876413631,0.7136759641734617,0.02429650123778503,0.0074906256772817,0.042491675421183636,-0.023043758110453824,0.023944906292872617,0.01956333480123046,0.10619147392576393,0.06295474544147577,-0.030926839996772825,-0.10547653236140674,-0.09399043503589963,-0.007433757314751742,-0.0654096621651343,-0.03500687190049753,-0.004124572750668143,-0.04281442344782096,-0.07332062677672627,-0.05921778181670959,-0.014124400260339407,0.038698495490059145,0.05946465896166736,-0.001608423596146593,-0.0488751929553409,0.00871674074340872,-0.014336429947430741,-0.05471533594220961,-0.09276029023917784,0.004214665894661575,0.014962284269739029,0.04218391325912313,-0.02587719014102344,-0.003182316073145061,0.001056648728343989,-0.059990778179528935,0.03335016648391163,-0.08889522679060667,-0.05261254536275084,-0.061904844042696625,-0.004929109443816909,-0.028080240729957403,0.07624776869297356,0.12522828806711994,0.08941704577118653,0.10870202931165188,0.12454740455067756,0.0497311094421415,0.14012706413262094,0.06939092627536607
7Networks_RH_SomMot_38,0.5878094379254531,0.5598990010605474,0.4178337697550174,0.6316011183028221,0.6663902669964537,0.5734609331429935,0.5226341164672476,0.6185828283769699,0.6852287800968462,0.7037632486744728,0.687481262755729,0.6296190754224761,0.34125278365025946,0.6502071199961834,0.5926479840371925,0.4760996522110639,0.6623406340305686,0.569027901395612,0.7052972658812469,0.7314766233268728,0.6488578055047666,0.6410674916598572,0.6676767822297252,0.20441660836439685,0.7986415758724345,0.8314284201914462,0.48905387944191075,0.5304033538546472,0.7826475423153403,0.7236446856660438,0.687671139192299,0.5283151096455267,0.49509183606472945,0.5412964207605179,0.5219169412047745,0.6549540477426636,0.157758822008442,0.7130590205482371,0.5539579752928373,0.6148601479377811,0.5856532891590494,0.5228433789803395,0.7391961160820798,0.44303301899228975,0.6290113984804699,0.6393409198973994,0.5579546983558619,0.5764927378764806,0.7876767015830717,0.762278234253566,0.7406188191990393,0.7048874632468164,0.5686160373850434,0.6733237095032393,0.4942222483147927,0.4188032886455586,0.7938943888537632,0.5899798825125384,0.8088922384506504,1.0,0.7107267202094155,0.6899817922457735,0.013232717593071253,-0.012464946007750069,0.03560105475196592,-0.06017736295675136,-0.015868266547527793,-0.012609057332710647,0.08445585813264654,0.03804744805472298,0.010140847678787205,-0.04112846317386598,-0.05410715453803586,0.019633420065962064,-0.018373941996019053,-0.012143484570950245,0.0419096632773431,-0.0004800201542133181,-0.10902202375376781,-0.09089407062363587,-0.05532796124813409,-0.03394304443233969,-0.0201241815323888,-0.06535600378940838,-0.09013084763233496,-0.04671803815433286,0.03106087721130677,-0.022025893185214366,-0.04488494768905752,0.020892936352084522,0.03196620051611894,0.05950219753079554,0.03652586058474027,0.056387911117518626,0.08391160883516884,0.039132846752775896,0.07757869774813742,-0.06140062371125236,-0.008392891794112388,-0.016995581045570862,0.023730144503747885,0.006625357888505247,0.10319405987251556,0.14234087043437213,0.07912792119805712,0.09036140548758455,0.13493253947084602,0.06499212952327808,0.12758486791079673,0.08094951888457522
7Networks_RH_SomMot_39,0.3501796703955824,0.32541994441572486,0.2589085848118875,0.4183745690145343,0.5534217215551348,0.5115407813362194,0.39667560455877493,0.4752958332255029,0.667317398108747,0.5792299308732702,0.5046240231906106,0.5062914446174476,0.4130295196937571,0.5518877019071576,0.4223578993323176,0.37558585494817875,0.5448814313003884,0.40744528647648026,0.6734319860416907,0.5297433066444349,0.6904342709092078,0.6576434650119402,0.5546852223407496,0.17741202166018313,0.5838096379465705,0.6309654417017464,0.7218334778189613,0.440001422535198,0.6684423768352378,0.47326396982527,0.43622317378672043,0.2986289131655976,0.2606311277381532,0.2961536427223312,0.2893205763195535,0.4004635289433416,0.2579951504986136,0.5791693436588377,0.47496438081674974,0.5265051216831712,0.5942644669954221,0.346575256314292,0.6530350476202263,0.3043192486009762,0.5873815607898774,0.4971123906762065,0.4398155927534999,0.6514400905223099,0.6109755080724947,0.5851469401023988,0.6603397087974369,0.585430112306667,0.5390271770674983,0.3981149505410554,0.4001148819046446,0.4429019147231987,0.6096315556821608,0.6003325974027243,0.6399534876413631,0.7107267202094155,1.0,0.367456815580258,0.10439400780382496,0.07561148591779263,0.1297770854493529,-0.042947108028723,0.004324662262198863,0.010320192971015942,0.1004996229474782,0.06903015765848833,0.026831571270910702,-0.043716213336898735,-0.03543478376155232,-0.027861166260697023,-0.0601560449892996,-0.02651957473977625,0.011652438658307979,-0.004797497406133819,-0.08275904505143605,-0.047063749822588694,-0.019896031225709557,-0.07678608406561695,-0.032613186009774975,-0.08179422404750682,-0.10469101530371845,-0.01742391085628413,-0.07219535727251566,-0.12505622587376886,-0.11671976238284512,-0.10738558810677638,-0.10315486796852787,-0.047823974441588986,-0.06342423292811296,-0.056878399612456436,0.05791267536969268,0.049266295003397,0.07826134013459296,-0.05458847315080569,0.02483427632470935,0.019462216356622607,0.03852317118033133,0.01826445957950265,0.07024672222212754,0.08103448845699998,0.04128670143583603,0.05590268684737705,0.0744497467658762,0.041141072007259714,0.10106084292289273,0.011235051202418578
7Networks_RH_SomMot_40,0.6980039144591185,0.6377764829299757,0.49992849012831236,0.6797696751301091,0.5875707678195129,0.521380287626639,0.5266182124152065,0.5535902804975391,0.5098742491155522,0.5959793733221314,0.6382935916349984,0.5452267450174163,0.3299730737434706,0.6144651108069318,0.6047853332061071,0.5388460504007181,0.5915829098984853,0.641668804562604,0.599412977356204,0.7752108268371073,0.33488927813122643,0.4866778993517081,0.7072332989240158,0.36547532811947836,0.7431378521330508,0.7386566121323721,0.0006540730613981439,0.7143633111384253,0.6779529214841228,0.8489255629341451,0.6752721152511065,0.540292686720682,0.57932029972037,0.5930124273520231,0.5714248070029033,0.722658152713958,0.13681411358518927,0.6462923490521486,0.4989769725208183,0.5423983241725219,0.435256585751342,0.4956586463334482,0.6035935149632045,0.549919686618374,0.6191335906438689,0.6466705031498589,0.6224875001262244,0.4848536505973689,0.7211598266140987,0.7646364116033606,0.6490983075722508,0.5911624385001742,0.5623630289617009,0.8281644783805003,0.5684134419072063,0.5357538900857166,0.7857773111140984,0.4024569409297151,0.7136759641734617,0.6899817922457735,0.367456815580258,1.0,-0.0460152901576807,-0.07214548453486352,-0.06606245452531173,-0.06330298667369591,-0.02883878490355898,-0.04487716258082221,0.024863035461245176,-0.027585106066337756,-0.06697708385635215,-0.10622380619671788,-0.10232511231995976,-0.0075601060774054705,-0.041570601620277356,-0.003921865730330851,-0.028338118340401786,-0.03710804183028608,-0.019645240098059433,0.016255713255455852,0.03259879189733775,0.10278665930317558,0.12309355242040103,0.05552374693812402,0.03707925193904681,0.08492665769812373,0.08166686815382662,0.03483633576333112,9.219028945263457e-05,0.06679944712144159,0.06731883883035558,0.0375856764323084,0.07728903843302147,0.04385713232597282,0.11334513663382127,0.08270131294608608,0.136496962513767,-0.04027285418488757,0.0072218904721815715,-0.0074475393017229725,0.062490460832616015,0.05304978742863097,-0.004115089057318944,0.0416274681950423,-0.011781616224579197,0.09041010203088692,0.11666429621614373,0.06718271687532588,0.03643757035495694,0.014216793076711672
C3 GM left dorsal horn,0.014930734103108674,0.00022909318029045762,0.038420962790248314,0.04777403900737083,0.012550442007422854,0.049249092629694964,0.094990220777581,0.07346189261445478,0.026790816036996814,0.04076953240112065,-0.04320249624089825,0.1107322014130645,0.0073877998385914485,0.025548640408088432,0.061844782131155476,0.06989949823678511,0.08964262539792116,0.019802033283533006,0.08818611890516483,0.006172440589740925,0.12909502006212345,0.017319900994225836,0.02235634907903051,-0.019193002337670736,0.06225622920844529,0.056392569904215976,0.10846037420256313,0.06000548999358293,0.013139374962489351,0.012929955737580033,-0.005054639307042797,-0.02133181461511135,0.018622650323683605,0.013485072747846263,0.02112673695227403,0.03225359537197034,0.031408816850895346,0.0561992146114568,0.03814182035569386,0.10334034768337397,0.039033736739654525,0.04612552507627257,0.03552200515970192,-0.0610914229748162,0.06649211691443117,0.04776810650641214,0.054796006594848665,0.050152003434568465,0.031018566748919146,0.05326183774923052,0.07243128915173944,0.08940776437533718,0.025353059645710378,-0.013101208185244472,-0.008620167875303095,0.03763534136678053,0.027869040535446272,0.06286707214874898,0.02429650123778503,0.013232717593071253,0.10439400780382496,-0.0460152901576807,1.0,0.8097289373612017,0.7799989150544298,0.4116499788309483,0.49209701881017315,0.4010096199803761,0.664186007248604,0.5792456069737744,0.1809461448697737,0.15951105333050858,0.14267120730506958,0.0407168981039843,0.13048352075376687,0.14228592577991936,0.14605265389974775,0.16881256829241167,0.048661438096433814,0.056058082113625465,0.04445261025971734,0.10200982768749337,0.07804514527619902,0.05005708881095245,0.09450175966930525,0.005591505052167301,0.0009719008527441132,0.029598853960554956,0.0334990561387129,0.07390735635627056,0.07879550442184663,0.09319543230493076,0.07784688405849843,0.024313426779307746,0.14784358271585898,0.047102542481979606,0.02000472154538613,0.06615159706402991,0.019435500932792563,-0.0269286005969925,0.003763532499468301,-0.03281066910454312,-0.03310076747278265,-0.01845375012194387,-0.014034777776099877,0.006580300936849058,0.005492787393189351,0.04939083740390089,0.0317028265027027,0.03940535516023577
C3 GM left intermediate zone,-0.040383230766763256,-0.06687310337230397,0.0008600719241232595,0.035135564712786,-0.002099363977583221,0.03812311440145154,0.07554459039657788,0.06864207061150318,-0.02556055246160622,0.031027187991805802,-0.07936410230856952,0.050113668494817167,0.010973859986543285,-0.0008170846919936976,0.031304392548721416,0.025633661969553256,0.018137973970690363,-0.0431980153719154,0.05848333360103618,-0.05654860482351743,0.1227053736572248,-0.0027865606483155614,-0.009387445569777608,-0.058045325803219826,0.04073520077312046,0.0011317713446973993,0.10006100121174903,0.014698318319226678,0.019353266649326878,-0.04424655022892642,-0.016857885899866854,-0.019870602702904427,0.02295287142684342,-0.004339230800077085,0.02790094502515201,0.006582641871994845,0.07981219537184599,0.06555235463998307,0.07461160468317787,0.02958045329034745,-0.005204303307010826,0.021680032142009267,0.014755482872146725,-0.11330134366171095,0.0409373328330999,0.013824629035824921,0.021238787338349784,0.03038909924452405,0.016459158484590477,-0.00021440405360803206,0.04538655718016577,0.025950672308618406,-0.0028874887363540785,-0.07667827738536076,-0.03705067992754174,0.0077001757793447355,-0.016353283158380957,0.034007458751582446,0.0074906256772817,-0.012464946007750069,0.07561148591779263,-0.07214548453486352,0.8097289373612017,1.0,0.8989791753961462,0.5416026631783148,0.7160650243415736,0.6206526680318972,0.6938299138836076,0.7603191771692811,0.1064404685275661,0.12544231771311493,0.09162932505344124,0.07224249012228283,0.1458686130477116,0.14792920012599753,0.1441051209474459,0.15850077419749842,0.03041455254268455,0.07816582663400874,0.056809635559937746,0.016891527096746014,0.025479593576945566,-0.023144661071408983,0.03322071135213016,0.001828448746417308,0.0004149084371946325,0.034196017454050556,0.038769651661668285,0.031842024710816125,0.03455337713693091,0.04931866273929788,0.043180931016629585,-0.010503034427013438,0.11586210382949992,0.0033610454708856,0.0021956130612259287,0.021656577419979575,-0.04971413257310914,-0.08703294514158563,-0.011071340497753851,-0.10405091601571143,-0.10976093224452815,-0.07381607671849928,-0.07155640870955039,-0.057982458149660354,-0.03794368255562641,-0.0026198175254647923,-0.06843104014618272,-0.03541254554343037
C3 GM left ventral horn,-0.004358352013896103,-0.028735606580550698,0.04328578360193466,0.06781300111452514,0.029853568411248137,0.07881816838485585,0.10362692410008202,0.10088677329611001,0.0338070565039356,0.050977212595811845,-0.05561522926510809,0.07448220113555343,0.03850486272943029,0.033366614330772884,0.042204685783607136,0.046791146654975496,0.03780182794659513,-0.02856680010664218,0.08659752018811528,-0.012361594901373708,0.13662538429546578,0.05415627284919845,0.017095069019515158,-0.0686805825786562,0.08638121243572569,0.04887207572348696,0.16734005787192244,0.019934455651762873,0.05586658469146758,-0.013693797598008654,0.025465380310629827,0.01300137880216124,0.05034672450849314,0.03263463085824982,0.05021402571926592,0.03169078616214572,0.07614364351137741,0.08933375427985572,0.09239171234951851,0.07378571649236682,0.063915280862284,0.05344907400725924,0.05494342396596539,-0.09967215304747308,0.08043817797916503,0.04528267412095424,0.03300617468479916,0.05154818245563714,0.060120841251765464,0.030808395368377955,0.07717098437501324,0.06768227977794969,0.022112930777269453,-0.08378955323236575,-0.02675306995092898,-0.0054370340144771654,0.01858470229791041,0.0622584222098999,0.042491675421183636,0.03560105475196592,0.1297770854493529,-0.06606245452531173,0.7799989150544298,0.8989791753961462,1.0,0.4653484402331563,0.6020893686365294,0.5546526620787032,0.6817661785984954,0.7815648246427426,0.09259547775505624,0.08582764754233013,0.07605620908692708,0.08594885916834756,0.11896973366868875,0.12238234459117968,0.14280127293785602,0.13894577399775895,-0.012053600905962993,0.05640647188913006,0.04063144059112518,0.023932427861557724,0.03188840571716557,0.0011111970444154557,0.02400034568561498,0.015476637619290707,0.0032275373554748977,0.028108558860122715,0.04039976404323625,0.006245639231485131,0.015053738130256542,0.0299503672077698,0.030345603204872423,-0.011374250139173599,0.1086743229407526,-0.014942164599834943,-0.011865721667626459,0.001850980340172943,-0.06879752904856393,-0.10329421087358186,-0.014450341950144427,-0.11134328601315148,-0.10659239368102637,-0.05388607809791973,-0.05184853449874287,-0.02484717148273888,-0.021784008981529303,0.028115953472687923,-0.02945913588980009,-0.008825279913518794
C3 GM right dorsal horn,-0.07236349856457697,-0.019871917854396983,0.0140092981905863,0.02833116870560648,0.02184389386608131,0.03248742592860808,0.05320510431400161,-0.00393389625639,-0.013252283313106877,0.012724669927162868,-0.07143511840917507,0.04367743238825106,0.04471400658445734,0.05535871619239799,0.01810249228098389,0.027047334846789773,0.026578247246569146,-0.03086580658229963,0.054419076716012954,-0.025345507663507242,0.08875151237684993,-0.0024036977195905,0.03197195425502917,-0.01799629482724383,0.04008232113511804,-0.007682771544105759,0.009505303463334804,0.023356483345688277,0.010199954018099294,-0.032753838704498744,-0.03948831542875497,0.0434197349520126,0.035724451467108564,0.03081137830125862,0.027341851669555238,0.021345233011931513,0.06917156378593924,0.0019467020507697376,-0.019507853251757287,0.03114523718716297,-0.042729268275150764,0.012530009180419705,0.009903975134807152,-0.025526885632208327,0.008301599475128232,0.04027652418159922,0.047730957829005646,0.007731385889202448,-0.03405989986487716,-0.0004498448721136981,-0.010365095232628995,0.005127709417585809,0.05025450162004272,-0.023509902162065457,0.06896706269647421,-0.0019314878768556768,-0.02339480472585384,0.0693328508124236,-0.023043758110453824,-0.06017736295675136,-0.042947108028723,-0.06330298667369591,0.4116499788309483,0.5416026631783148,0.4653484402331563,1.0,0.8475777907231071,0.806710472523257,0.7351040148391168,0.6449152603749273,0.052766604047079155,0.1261810981517769,0.06487541563456269,0.19051582177953358,0.2607515835301667,0.2702360242003437,0.19955432773441473,0.23466843951362304,0.022024846984869548,0.09138205269779213,0.0948710918673886,-0.018555439498627813,0.021076375539643286,-0.014422418933694463,-0.0064858499120553905,0.02141774103305669,0.07023600049580939,0.06467637325153895,0.03448236974871399,0.0881866466994665,0.061683016818185145,0.09216002940582371,0.07629578485691955,-0.003531326292146028,0.13654957786884453,0.016083590663729413,0.032091620332284625,-0.04261401772709168,-0.15404469137245477,-0.10675934287945149,-0.03215460531520069,-0.08662457402486194,-0.09560775900864373,-0.07664213725472188,-0.03838312613846259,-0.015719133142989995,-0.0568657613754604,-0.03703056049640876,0.002076762428985775,-0.013519986896925155
C3 GM right intermediate zone,-0.034564875035731815,-0.02470161817958131,0.028629174141755684,0.06316046018805094,0.06701922111434773,0.047506619741553034,0.06015009485010742,0.04158078290106891,-0.010178128806240886,0.043366058464899264,-0.048325461165772285,0.05557130081262965,0.04306346459511541,0.042200248280597596,0.029139406058665433,0.06160508177828224,0.048221247112461896,-0.037686614805026955,0.05932214046911216,-0.022139097735548972,0.10611926551561862,-0.004064722006806982,0.0434452278040578,-0.049210925657782886,0.07806520241860673,0.019737602504568286,0.0282119128045048,0.033639854674154895,0.04350857349491904,-0.017623513319210665,0.0018651490789754377,0.05787536034251808,0.0793020677829971,0.03005045235151441,0.08248940920215288,0.05561662940960557,0.0658241520300149,0.053197670155080465,0.03590633827190505,-0.0005773583709218912,-0.049493543316110326,0.03538333010118412,0.026331486395328806,-0.04679845958661464,0.02501066007837482,0.062052703440205616,0.05498001413231784,0.04026246054947645,0.0020083912504497412,0.011244756078346674,0.03111481311001146,0.013569025697798968,0.05015281732097822,0.011269720915711837,0.04968184582378714,0.012544113309411535,-0.0005871145613241603,0.08183050022980476,0.023944906292872617,-0.015868266547527793,0.004324662262198863,-0.02883878490355898,0.49209701881017315,0.7160650243415736,0.6020893686365294,0.8475777907231071,1.0,0.9003677188904656,0.7488620171762286,0.7763607092671858,0.05881304387868187,0.10593999899494258,0.053349479268313994,0.14280907614913335,0.20838813188793734,0.22381777526555266,0.19432500100024763,0.19878390193505413,0.024807975842371155,0.09988185927353925,0.09014039166840869,-0.039182187836305296,0.010941825614729932,-0.05333457169065268,-0.018014840425327562,0.020699252741848483,0.07495550412893176,0.08948748675187997,0.05820679668066054,0.06536885351367373,0.07377268709754776,0.08694523106136126,0.0745937926791225,0.015173632435112296,0.10733413295426714,-0.012143040656502756,-0.001907040782229468,-0.0014965732311773637,-0.10569712384805552,-0.08926353691948724,-0.02037971333034407,-0.10111802469370289,-0.13015910632213448,-0.11456893094518687,-0.0818353663517635,-0.043794985104364643,-0.05976402323269361,-0.038080695898857334,-0.056297400305228305,-0.04990749098537295
C3 GM right ventral horn,-0.036898198536171566,-0.020076791623608488,0.047762322875377884,0.07228461665182785,0.08508752472964924,0.07588682992321531,0.05681666454759699,0.03799099106304845,-0.005679060534972495,0.039370492173513474,-0.05215938435599017,0.05000357808679366,0.029496495903963003,0.042545680863576824,0.03520991127957695,0.06639585433608636,0.05152486535442849,-0.07705805303555766,0.05797439561780704,-0.025052840770790067,0.1139859859572497,0.02186581704589023,0.03547872208677833,-0.07447817110547819,0.0961609019727688,0.03728396691209811,0.06319726583926939,0.02192777243415736,0.04454004270184743,-0.029599677581037924,0.020407822880468145,0.06468455087827074,0.11787227527108277,0.07308497732154864,0.09553318331024152,0.0721867583771702,0.07616523272935039,0.06451081682841749,0.04640883167226467,-0.015385552620215985,-0.04095849858594348,0.02388301092719179,0.03437638087607276,-0.051057011470164365,0.00948362008368895,0.061348180893151354,0.05245702505965561,0.04955996962487961,0.009264104955767358,0.016226001623514792,0.022443862910671308,0.0349718752213463,0.06263941379163027,-0.0029091701959712965,0.05006108215104464,-0.015550985197470167,0.003839380701035709,0.08428379695448325,0.01956333480123046,-0.012609057332710647,0.010320192971015942,-0.04487716258082221,0.4010096199803761,0.6206526680318972,0.5546526620787032,0.806710472523257,0.9003677188904656,1.0,0.7413672432242199,0.8278368494650181,0.054206419208353826,0.09722112533267005,0.05984008011470079,0.12218153464347122,0.1810957760135756,0.20174223228720314,0.21142378274308693,0.21808486507845268,0.02014852464369355,0.09259219057324211,0.08544406327936105,-0.022969767668245503,0.021644089740553943,-0.027153964952878917,-0.02767763493951184,0.01601579260018523,0.066314686469019,0.07348713285097132,0.05584209120849428,0.02722749464100907,0.03957332042999551,0.06515785036915239,0.03941858256112887,0.014994420100354438,0.07839522023532484,-0.04771347317025561,-0.029485611599990868,-0.04574645036441733,-0.1562230848444444,-0.128955633009457,-0.03879436955031945,-0.1254623208754144,-0.1242732503056849,-0.11363557317860537,-0.07040033184304706,-0.03771351630693413,-0.08029856152387009,-0.046920463100757426,-0.04803776017846552,-0.049626870449614696
C3 WM ascending,0.09002119241520722,0.09539767845196541,0.1396215276570254,0.16904560981928668,0.1561507299984145,0.15040050351792333,0.16329826069677886,0.13717808572187745,0.08801479717870649,0.12244353007702373,0.03690203976474306,0.14209021085074922,0.05227350075865228,0.1260113485108968,0.11631946500802343,0.16547200444936527,0.16014914986388276,0.04910938963670861,0.13926987368358132,0.11235768480744475,0.17870858962075212,0.10240360545359342,0.13175609093610555,-0.009581996461715833,0.18863472123638972,0.1556142896587692,0.12656442826498615,0.12467709343557157,0.10240523917449654,0.0762620998730515,0.09659911121362948,0.11863670127626628,0.1770882174569243,0.15701010326063874,0.16717238401494297,0.16305056153354922,0.09776573061005853,0.16925841459573807,0.11297995982196361,0.1563060023826087,0.05999749450438918,0.1378961466525966,0.1089433733146025,0.01776743425657368,0.11677176193790118,0.15760494174591383,0.12034634111308257,0.1008698412640969,0.10004975270542225,0.13749962511348038,0.1015486561236434,0.14514043167712468,0.15866792578495098,0.08032325922196369,0.09024673409783587,0.048378185426149856,0.11634711114929581,0.20792588354998237,0.10619147392576393,0.08445585813264654,0.1004996229474782,0.024863035461245176,0.664186007248604,0.6938299138836076,0.6817661785984954,0.7351040148391168,0.7488620171762286,0.7413672432242199,1.0,0.7791358657865299,0.09635736208394255,0.1373012988963598,0.1039850001133546,0.12373278065393058,0.20515069699262714,0.21939788885538253,0.25857514737580983,0.2537494355671437,-0.007742551527443222,0.056821501673589965,0.08301364229811696,0.04138873286059217,0.07081247380049034,0.06412831211841824,0.04956876943622536,0.05994331665825609,0.06040836007638086,0.0582258158967579,0.03452244792784709,0.06459198587086729,0.07217562526343789,0.08598656347099143,0.07543267183435545,0.014893904666339568,0.1274209263959501,-0.014376553241692885,-0.011029811602570331,-0.014184617302432688,-0.12336456000790103,-0.0972587047530415,-0.00617037360767375,-0.08883020314117335,-0.06877661388414912,-0.09404595002384149,-0.033038662300955625,-0.03379582699140157,-0.09094812764596778,-0.05521333237632751,-0.02067192291273658,-0.05824010743353401
C3 WM descending,0.037251925066408925,0.022594880705757155,0.11610990438958937,0.1271929681377107,0.11700923423828481,0.13235934151886103,0.12396323856039819,0.1432698786474589,0.053054967498222916,0.09203546412528404,0.006096641797215792,0.08293906669324864,0.05765287297520598,0.07887764922847892,0.09415326457013543,0.11517440992103935,0.09893415373575713,-0.023676151759236555,0.10794066604812208,0.0210219548761818,0.1589775817004875,0.07651587398552122,0.07648107288385757,-0.06875953175772195,0.16509255502675713,0.10196249923491711,0.12735189723324716,0.06305725777666335,0.0816004664412071,0.008020969119663955,0.07765290660062259,0.1044180270298802,0.1653910447891812,0.11995203779898171,0.1290585397252671,0.11627092329176793,0.10370345721228437,0.13099743001935646,0.1238984719905186,0.05186794143753009,0.05385288262428359,0.0715243925120501,0.09070613115828045,-0.04727332152524434,0.059882928209399715,0.10627250236874704,0.07567424012886367,0.07647184729431776,0.06675624388843258,0.06919074628343154,0.07298265711372626,0.08498089974452534,0.09145424417239112,0.007400935354002377,0.04573208649950013,0.0076147877152970425,0.05194645472577678,0.11218204321523077,0.06295474544147577,0.03804744805472298,0.06903015765848833,-0.027585106066337756,0.5792456069737744,0.7603191771692811,0.7815648246427426,0.6449152603749273,0.7763607092671858,0.8278368494650181,0.7791358657865299,1.0,0.08124148187580364,0.08921184085007537,0.06887824915725613,0.11391650274650915,0.1443124894527878,0.1546830478445393,0.22652207634091656,0.20377055069524985,0.02166149513823509,0.1086744973093246,0.11415379970608398,0.07582993696561324,0.1080015247953926,0.0511800635199292,0.054178816691474896,0.0742631269086557,0.04313410990967187,0.06888285276227812,0.0688179032878679,0.03272155439834279,0.053933481875268294,0.06260668302832798,0.033912434378393884,0.030710173028370785,0.0712420095620702,-0.04967127210147887,-0.03575791212096121,-0.03892539345700824,-0.1447641182616404,-0.15229348946083343,-0.026186298291337822,-0.12780836665859188,-0.11931282899633806,-0.07066967095525291,-0.04195525803208436,-0.019359722167013056,-0.05242741932071301,-0.011908059205406324,-0.04004386692896658,-0.026185417161650085
C4 GM left dorsal horn,-0.10175502634446264,-0.11300606519493185,-0.14315488257078138,-0.1023004641620531,-0.05385105745946699,-0.03764491867776508,-0.085879533741863,0.015091311926938746,0.011009674508088207,0.005585526284362956,-0.005181021869578774,-0.008947961540572338,0.06057011704917927,-0.05197469586236895,-0.01443490502402982,-0.006156716826996627,-0.021926548788170366,-0.03230341638426104,-0.029445091259505916,-0.015348256808481066,0.010387174509725256,-0.010965134148220429,-0.041950344547285225,0.06043641962064194,-0.05405912085169764,-0.02559736830236187,0.03810716685138557,0.04166280629013761,-0.05122605719449662,-0.013168694581503914,-0.06325133261496246,-0.08516024412298218,-0.13190709834013098,-0.13836901901533513,-0.039202273840058276,-0.12214462499915966,-0.05488079345950929,-0.025353885172934444,-0.016747001498586017,0.036645089880263625,0.052796177658298506,0.07868447721471142,0.017977555751175,-0.039354096691833436,-0.004984061650290556,-0.00411965414801807,-0.0374503441389077,-0.019626361223792157,-0.06558161148533141,-0.03124649931835155,-0.019602335628588364,0.04518286708686377,-0.05979596013987493,-0.055517272207804176,-0.016331876298418112,0.04801898509826364,-0.02521993766405259,-0.06004493860186643,-0.030926839996772825,0.010140847678787205,0.026831571270910702,-0.06697708385635215,0.1809461448697737,0.1064404685275661,0.09259547775505624,0.052766604047079155,0.05881304387868187,0.054206419208353826,0.09635736208394255,0.08124148187580364,1.0,0.7514713491801165,0.7173781032526357,0.2704842153780368,0.38868831102835305,0.2335306286461917,0.6317469083475867,0.500065388223052,0.17865862031082924,0.08866244463398017,0.07210214090482313,0.07166093688936512,0.05887430487927269,0.04515235900397816,0.13448849416148886,0.04662334846085984,0.02352546082924673,-0.00571518587425767,-0.002437019111287537,-0.029676724373184957,-0.013724379788751845,0.012794449408516248,-0.01258037743531137,0.020034633413993107,-0.01057970635228985,-0.035496477855642694,-0.047193561623810214,-0.05492801434161092,-0.009788143399891685,0.03402538293592235,-0.04610992832685363,-0.04088420517059676,0.04246628997914999,-0.02220128936388952,0.025326092238556006,-0.010012773624732064,-0.034384057919218586,0.007218669499780258,0.013847849000087457,-0.05316498345738846
C4 GM left intermediate zone,-0.10603743193554689,-0.07631355824107981,-0.12626032369386078,-0.10925651228941088,-0.06965268419903503,-0.05261733590812829,-0.10932064287126211,-0.08192523269574872,-0.07495079381240646,-0.0587834530714152,-0.07198465627140506,-0.040147971106342766,0.03194026889290006,-0.10891549307146382,-0.0127268740808347,-0.07315869419978464,-0.10369721707119299,-0.053760006159558775,-0.09768739884145215,-0.0717854697326752,-0.03260095360187645,-0.10002718074907822,-0.08583901567394242,0.044389430116315014,-0.12491810133860214,-0.09059924048621658,-0.019561167578332938,-0.022786887787800515,-0.1273310676562666,-0.08987931171131067,-0.09253618509072024,-0.1489392411889799,-0.13325785259035366,-0.10810676800818779,-0.046899369993455814,-0.11763298608905351,-0.057665519249154064,-0.08646207056686972,-0.06431681708551872,0.001334603407276067,-0.01956042886919203,0.05146433432181145,-0.020699629727241736,-0.05979077619766551,-0.03387901253330192,-0.052207272432325445,-0.09799355786048629,-0.08201778745697044,-0.13261317892786,-0.07415742131734485,-0.09153860512649173,-0.015656834959939015,-0.07350038808019747,-0.07753088887852974,-0.05388680292760025,-0.018876251142151974,-0.08905674859112327,-0.06039415918650578,-0.10547653236140674,-0.04112846317386598,-0.043716213336898735,-0.10622380619671788,0.15951105333050858,0.12544231771311493,0.08582764754233013,0.1261810981517769,0.10593999899494258,0.09722112533267005,0.1373012988963598,0.08921184085007537,0.7514713491801165,1.0,0.8725409753157569,0.2599551465040089,0.6037424282517843,0.41457627816640086,0.5888444471472138,0.7412497511336815,0.09466631970885413,0.08697174100503471,0.07599846389772644,0.018768626888641282,-0.005079999365552501,-0.0061573607891850166,0.06310427966248433,0.02487005416220464,0.09221147004000525,0.06991933214217151,0.047290483803805794,0.03299444205205799,0.06062452522400671,0.06063334101846715,0.05435805501090274,0.07626027381691788,0.01688113145679041,0.02497767377137766,-0.011807178088609087,-0.013653297725708908,0.009346882212156129,0.052003973228877697,-0.011374705213653911,0.03267481161308186,0.0703396653891275,0.0544167236094802,0.046764150738504436,0.027172921765549807,0.03862716066300167,0.021239227073321584,0.042674895154780866,0.02377869054669677
C4 GM left ventral horn,-0.07958361518759462,-0.05931399233380056,-0.08755334851545342,-0.10474575491317925,-0.03485923974940364,-0.018609617883256598,-0.08324807757226779,-0.06591838500092362,-0.062070809392088595,-0.05259317637079018,-0.07578599262780865,-0.046779174550372594,0.05379044260994283,-0.1039604891510152,-0.014972631787359376,-0.05989367479687792,-0.09354374821019128,-0.04647703719561929,-0.09122985888341083,-0.06834508609354051,-0.026491981441581235,-0.07676100302915621,-0.06732635588994014,0.07169110672834736,-0.10909930737592755,-0.08736219514440786,-0.0014085184984135202,-0.023513042943946297,-0.11963115891454462,-0.06728512389243962,-0.0729547493512687,-0.11601568520701314,-0.11211352511847535,-0.09329393996576443,-0.039213433638927396,-0.10846044352861492,-0.02891414339703701,-0.0815444270983113,-0.05165259164737025,0.014882204987629714,0.01301099569995677,0.04722403770538662,-0.03886502045683365,-0.053447640746870494,-0.027218921783130748,-0.043626695082614894,-0.08108252942317903,-0.07015765086310212,-0.1309511778266292,-0.0712810411793498,-0.07010286146978248,-0.01306942978737804,-0.058153288060961275,-0.09113705194581467,-0.05457118003049987,-0.006549571399678485,-0.08869603818131043,-0.059750807770698244,-0.09399043503589963,-0.05410715453803586,-0.03543478376155232,-0.10232511231995976,0.14267120730506958,0.09162932505344124,0.07605620908692708,0.06487541563456269,0.053349479268313994,0.05984008011470079,0.1039850001133546,0.06887824915725613,0.7173781032526357,0.8725409753157569,1.0,0.1571517052089316,0.4319500851238106,0.3052614965549125,0.5550576149846614,0.7453586537872458,0.1061705685447516,0.06893735238349859,0.05573233676761162,0.05690590106759814,-0.005557291257123986,0.010371014545570684,0.09262922057195808,0.02323580236919077,0.0735575636377451,0.05999945438963373,0.05904032273779557,0.0074275385658187365,0.04236098725544095,0.03989358789736645,0.04651012407186456,0.07988877544706356,-0.019676208967246152,-0.04007633486800189,-0.0452190558950774,-0.07032174831569347,-0.030858256155414612,0.009103857368848799,-0.05661440363546999,-0.008246672668929996,0.03792992670646856,0.03598013342517011,0.01959583899254004,0.01825405364576998,0.04507496650390108,0.023369530020838133,0.01277365924820267,0.0012308375202607148
C4 GM right dorsal horn,-0.08762382371056726,-0.06091326613766945,0.0012181391308001951,-0.06985997919265424,-0.053724041719874965,0.0025578005177182123,0.02288264256806999,0.05059673766145752,0.01030976247744343,-0.01255883377007443,0.03618554666677689,-0.037433195390871234,0.08138938730919697,-0.026050846586203963,0.0031938134212923966,-0.01317945508883276,-0.038699048133972756,-0.005754222519921616,-0.010362468261851596,0.008705862883737302,-0.0315963558658535,-0.0069898738821107045,0.01678205945194075,-0.00784478019860335,-0.01906165875390933,-0.0017469762815624367,-0.03347919562289632,0.006630853152417948,-0.00601564741541257,0.03600363805346383,-0.06406460451115904,-0.014482052714440866,-0.033951773902544224,-0.05824679053068406,-0.030440240768744364,-0.043273931304677105,-0.00044363879758645586,-0.001005021549526774,-0.03885007860065973,0.039423516158622975,0.029232162044909762,0.02006514218953317,-0.01174228327596499,-0.05695447591371193,0.002205723338877744,0.015903752195970837,-0.007875041666057849,0.03764318857454775,-0.040313321529253945,-0.021993660029477814,0.0010511555074753712,-0.04130459118040294,0.017534516349462646,-0.03232467151557898,0.04142534872054507,-0.011904660069405302,-0.03985899235869354,-0.012140429301205279,-0.007433757314751742,0.019633420065962064,-0.027861166260697023,-0.0075601060774054705,0.0407168981039843,0.07224249012228283,0.08594885916834756,0.19051582177953358,0.14280907614913335,0.12218153464347122,0.12373278065393058,0.11391650274650915,0.2704842153780368,0.2599551465040089,0.1571517052089316,1.0,0.770753655466999,0.7044719638883274,0.6377486345037378,0.3941491055791523,0.0651874084951671,0.07317132835338508,0.06990449202098765,-0.015390632945280952,0.014427295717508505,0.009972653526606166,0.009958010992410147,0.06714853626920526,-0.0024528383676831055,0.019217985488892617,0.04500326290106948,0.01274973414427255,0.01411292397143232,0.05872053571992953,-0.015947463416878763,0.07825120932620892,0.07135996571112269,0.05835619279566022,0.004549460500955889,-0.10689335477861797,-0.04965063036974519,-0.09584110967900665,-0.10822390411615573,-0.06401391135443155,0.017330904054462304,0.03576439605133062,0.07206621569937094,0.02346748626925069,0.034737253367887556,0.0429128821950344,0.09363420110553734,0.08393473936410699
C4 GM right intermediate zone,-0.12094689610341496,-0.06122558933300453,-0.05885884373128162,-0.09554719356993635,-0.08447684945858609,-0.03746775026424865,-0.033722087501132265,-0.043482366355412985,-0.0731507654390204,-0.04555199091963933,-0.03653313670485914,-0.06062042362542641,0.02841156500444044,-0.07473528453066165,-0.012730394570853008,-0.05630582471166685,-0.10445648638406357,-0.0544512551477293,-0.06329559469315069,-0.04386017183234381,-0.055930590478720454,-0.09592129271122542,-0.050357481442836846,-0.0023626051387088684,-0.08602775938523168,-0.05960213728991485,-0.06255553479420468,-0.02300382614122521,-0.07407686511309586,-0.03768701988956343,-0.10148563165458722,-0.11293588561847222,-0.09210451909721629,-0.08484631540015107,-0.03986972858992846,-0.07870354967209314,-0.017655981103117755,-0.05434708301659116,-0.0825631241606021,0.010588458054950888,-0.04171402044175976,0.027988444646938164,-0.041287104257087225,-0.08193432083911557,-0.00018654295157603126,-0.030135974827025156,-0.03390918296399469,-0.0031521521535866274,-0.0821650962676561,-0.048027136048655515,-0.05181873101528565,-0.05829538117619356,-0.04089099486707693,-0.04403901905570801,0.013805921744613597,-0.03343982414209566,-0.07686120445760772,-0.05081402858791633,-0.0654096621651343,-0.018373941996019053,-0.0601560449892996,-0.041570601620277356,0.13048352075376687,0.1458686130477116,0.11896973366868875,0.2607515835301667,0.20838813188793734,0.1810957760135756,0.20515069699262714,0.1443124894527878,0.38868831102835305,0.6037424282517843,0.4319500851238106,0.770753655466999,1.0,0.8850257238278922,0.6563081974249482,0.688516560140815,0.03498629177267989,0.08351615646700412,0.06013506120637505,-0.029325728665350614,0.0066308191537683,-0.0056684918513123,-0.033869093133559035,0.03885998638116551,0.05241409950478132,0.06988376950038376,0.06046326328875117,0.06644483768901759,0.07973315890761142,0.10160809223915442,0.03230085345049714,0.0996543020104019,0.12296753596171023,0.11985345679778449,0.06429409233690438,-0.03285062810349109,-0.0025699757891272483,-0.010975292249660097,-0.023691614037494604,0.04130752020883695,0.08083244563973008,0.10665315592179964,0.10884605105665923,0.024641256607358178,0.05872152354855547,0.03029172746247113,0.11744462386917127,0.10218483162391323
C4 GM right ventral horn,-0.09558193318385341,-0.04029652337292532,-0.015141101043893589,-0.06361118403094672,-0.05464511465552399,-0.002770864605768492,0.01902412682554384,-0.012089819058162242,-0.05917029468625958,-0.01153928910388357,-0.005773426328565832,-0.0341409715438471,0.0274036079625103,-0.037275431690548366,-0.004547981738913524,-0.032349762300436055,-0.07335867066432547,-0.03820289320734804,-0.01460401278651041,-0.015067004831662404,-0.05192201895742062,-0.06514644949894224,-0.003927375645129908,-0.018165908657915918,-0.04901351938081095,-0.03157627346874429,-0.03280959001732606,0.00020958344919014938,-0.03289377000929392,-0.003783302853119923,-0.06700389312569732,-0.07022363690128261,-0.060233777168957225,-0.055011406845426,-0.016723329651464024,-0.04424223511652696,0.006653968674278885,-0.022126500813996867,-0.05264081530402644,0.02986872986705468,-0.025954035852847848,0.012335683279149929,-0.04226819900547188,-0.07539790199222184,0.034045067439100095,-0.014995656296625514,0.026751427134629278,0.04304414254708552,-0.02385559513776164,-0.0077108991096061594,-0.00823951473563134,-0.05914567386048937,-0.020973503321343272,-0.012269584213745783,0.06072047270654363,-0.014673546785767624,-0.04019316117969969,-0.02518535311168179,-0.03500687190049753,-0.012143484570950245,-0.02651957473977625,-0.003921865730330851,0.14228592577991936,0.14792920012599753,0.12238234459117968,0.2702360242003437,0.22381777526555266,0.20174223228720314,0.21939788885538253,0.1546830478445393,0.2335306286461917,0.41457627816640086,0.3052614965549125,0.7044719638883274,0.8850257238278922,1.0,0.580873429862288,0.6796688540694444,0.022708438229383492,0.0695911432480694,0.04466892172982443,-0.019538454330832462,0.01450316769469243,-0.007274549401427004,-0.05930415777099172,0.04112958754246401,0.05410176383876506,0.07727751010257272,0.08474627128471098,0.07192008568010101,0.07812932394461476,0.09790031402005452,0.0306306121533575,0.1046925389523882,0.14525416287086027,0.1277656689519519,0.10428148778728054,-0.04459165468622076,-0.01807376290160878,-0.030589295625053116,0.0008773343297229395,0.057470270853255276,0.08232401184944471,0.120523015975667,0.12261620479415132,0.007833440244358027,0.0606943119625585,0.027379808439355512,0.12390522937608173,0.10561099576004081
C4 WM ascending,-0.03727554276689379,-0.04910153976788049,0.01168890864016916,-0.01819182542660798,0.009843577487948492,0.03438512048916726,0.023768508218571897,0.08448007996767014,0.020795411160317228,0.06063145111374439,0.06903768873543427,0.006707140098911512,0.07364990288012058,-0.03066089403575582,-0.00047210165454521664,0.060952644989145856,0.04038943810076814,0.062239656976395864,-0.015322680129945887,0.010601258200638456,-0.0104988967567602,-0.00621537481380244,0.030919562854981875,0.01171246916861746,0.028871295460473404,0.03743357527561486,0.04181736018312239,0.06233216730449638,-0.01919707431937727,0.03217083188831524,-0.02146585498693011,0.02932750230875779,-0.0013227579138909696,-0.022968923183318314,0.057418329821153975,-0.022288290232435174,0.04200325695056316,0.0710568720685877,0.025423920316541695,0.11496301032283587,0.04495287911207481,0.11112908174406311,0.020075179272868046,-0.03816294434590503,0.018790189781781604,0.08113544199648964,0.007422683093772127,0.008943421445378916,-0.02021035510431178,0.024833997041612096,0.02037849072454938,0.05624983214874353,0.021549199966770828,-0.0011274696025967976,0.028560895325335425,0.036276047449954496,0.006992318755439286,0.013559897014799512,-0.004124572750668143,0.0419096632773431,0.011652438658307979,-0.028338118340401786,0.14605265389974775,0.1441051209474459,0.14280127293785602,0.19955432773441473,0.19432500100024763,0.21142378274308693,0.25857514737580983,0.22652207634091656,0.6317469083475867,0.5888444471472138,0.5550576149846614,0.6377486345037378,0.6563081974249482,0.580873429862288,1.0,0.6587062646505031,0.10622939308651277,0.06271529433657858,0.0724624992978617,0.015502475317703724,-0.003388293453711059,0.014433754076508657,0.06361906247282607,0.06213410806516619,0.03705005691828106,0.029402573875726867,0.041260612792811555,0.028582221299344675,0.05670876557849335,0.10893234935431458,0.037525995912038194,0.09915562980211676,0.044293280379063334,0.010635830325157303,-0.018924747848208176,-0.10226291050730238,-0.08291056711829187,-0.055548100306407173,-0.10600442119789727,-0.0701715961474888,0.07006973055143396,0.06561844243846245,0.09503531803179463,0.030656364510696536,0.03464188731452231,0.0440560191982727,0.09717265898363249,0.030818301156320674
C4 WM descending,-0.045878228116141596,0.004122940028699101,-0.002277571217615414,-0.016068937593807266,0.04108618421054533,0.04917226830212965,0.044312128264615155,0.0005739249667426606,-0.009552837688010123,0.010376935058419122,0.003566231318079984,-0.006494366737437689,0.06455262035350642,-0.03050585442561985,0.03814415649862247,0.013357128552965456,-0.04707545460761212,0.017408646137119052,-0.00991870683990633,0.012583574325711503,-0.013636346965303761,-0.03722429130516232,0.01948247845275858,0.019023140128903365,-0.024628538784858656,-0.013371971569990312,0.02143900221623759,0.022930150130812055,-0.06051410382478,-0.017889751482242897,-0.021239151815017166,-0.06255237393107912,-0.04446705205657606,-0.01983788280091554,0.01037105485691064,-0.02217450372600225,0.03872033777159723,0.02114396355723036,-0.0016687711727016296,0.08161940534162364,0.031989900791579914,0.06732651905614025,0.004573666059591291,-0.019213344650828672,0.03455489103518608,0.02426073766457717,0.01919757573083836,0.01224878272802551,-0.04715868952095953,0.01305816371273007,-0.008522775686899282,0.011113659506718278,0.017862429103382448,-0.021623307388229658,0.015653923769274145,-0.01310186596693127,-0.03448689003603261,0.02305508240965306,-0.04281442344782096,-0.0004800201542133181,-0.004797497406133819,-0.03710804183028608,0.16881256829241167,0.15850077419749842,0.13894577399775895,0.23466843951362304,0.19878390193505413,0.21808486507845268,0.2537494355671437,0.20377055069524985,0.500065388223052,0.7412497511336815,0.7453586537872458,0.3941491055791523,0.688516560140815,0.6796688540694444,0.6587062646505031,1.0,-0.006863339334806723,0.009676440208590563,0.0090994642416385,-0.0012605845072816185,-0.0577891708009429,-0.04129588954839939,-0.05225864461601845,-0.022579172871237188,0.06140672628003222,0.04294825077672069,0.051923905736962934,0.03966458604360888,0.03779901377449036,0.05067609349221113,0.038377838418999236,0.06445620708972119,0.062258850930427385,0.055196862323015565,0.03450397834497341,-0.07255806104165397,-0.02533194976884071,0.01006958504252085,-0.04179320198339136,0.04384807806174841,0.04120022815840547,0.08970274822527785,0.05943920109169431,0.04118275605634642,0.10569687757595334,0.06415162171072407,0.0579343616745414,0.07784138787851888
C5 GM left dorsal horn,-0.06820387477169451,-0.0812562885110354,0.025927199339271463,-0.07470741054874985,-0.07235923205018079,-0.004164106848118829,-0.021198033784849402,-0.05199385436770907,-0.06276620004184545,-0.058281867866137683,-0.05298430580046476,-0.06072562016676397,0.04835285303827118,0.003007079702739364,0.012427094700559157,-0.052933059141414975,-0.08979781277282432,0.005122298490518468,-0.029457901254059123,-0.04145904477358151,-0.007441697325165129,-0.0766226281134222,-0.009091776389842694,0.06208624131261127,-0.07376518874812124,-0.06632077890855964,-0.08366762682740908,0.03267089832466235,-0.05673604915522193,0.01371224268767569,-0.03575642154994224,-0.010084930596871228,-0.009172920927451988,-0.008700580446915152,-0.019075015597192227,-0.034762252924604074,0.03730095626322246,-0.0848897492292647,-0.06180585988665566,-0.0067041230241624995,-0.03689920816085021,-0.03484820583783588,-0.047542102599925994,0.06985081668155568,-0.028583884762223694,-0.026969122848745482,-0.03178198900953716,-0.04610998404705029,-0.05542133820801419,-0.05188050509192187,-0.07151889173694287,-0.08737908247801834,-0.019136051596749557,-0.04170847159365452,0.04441944927003774,0.07855257562981315,-0.018520312371888514,-0.08043695331546874,-0.07332062677672627,-0.10902202375376781,-0.08275904505143605,-0.019645240098059433,0.048661438096433814,0.03041455254268455,-0.012053600905962993,0.022024846984869548,0.024807975842371155,0.02014852464369355,-0.007742551527443222,0.02166149513823509,0.17865862031082924,0.09466631970885413,0.1061705685447516,0.0651874084951671,0.03498629177267989,0.022708438229383492,0.10622939308651277,-0.006863339334806723,1.0,0.7093360705242537,0.5694062454396828,0.38804377082282715,0.42017828538873153,0.22464617111225776,0.6171760087757892,0.3698814153525917,0.1362293022215254,0.16788845250961684,0.13884527050006149,0.1598252393001641,0.17460909729541002,0.16720444978915344,0.16732344098765262,0.16648011416554787,0.012837007627067543,0.014760690646448233,0.015108065348365313,0.028396695612126484,0.016129838424654874,0.0770540387616401,0.02131542039595015,0.03247282160048918,0.13698683373514425,0.060095495482139674,0.10443112285152584,-0.04755339324598086,-0.09600174344643891,-0.07354609046230047,0.04811796810077491,-0.015184528559708886
C5 GM left intermediate zone,-0.06320643670153614,-0.05784735529737999,0.025429087834230618,-0.05335378238584661,-0.0770122778439451,0.01960319143820037,-0.027844909131955434,-0.06238715266733235,-0.036175664394274415,-0.06850633983591865,-0.07675288294454516,-0.034075261873725504,0.05679893760224268,0.037708193252925744,0.036368121583756706,-0.015400319345450336,-0.07348642056049999,-0.0005639135425671294,-0.002417172830496227,0.0016615128527156591,-0.02484022549722783,-0.03982983780834037,0.028424054158246215,0.07934542198547306,-0.03961458064337603,-0.062352831349611997,-0.08276163679885637,0.05893738310420238,-0.03727123962437435,0.03268792328174867,0.006248412844402314,0.00542071313923186,-0.007533343405085663,-0.014945185823692957,-0.007240750859887815,-0.00465897908772822,-0.005494485159790305,-0.056577591683567525,-0.06135416123548904,-0.005530481533555987,-0.01476304322145728,-0.06731045610216414,-0.001521045122845932,0.08029189008501787,0.0068812731778711824,-0.04767315967905422,-0.012681142909753931,-0.029590200289671773,-0.03339625158428491,-0.030312208205371807,-0.03230990519040778,-0.08870395482907814,0.011587205208257635,-0.017547253286196093,0.0882233486243972,0.11433300856779867,-0.008059142936384076,-0.06282826866268497,-0.05921778181670959,-0.09089407062363587,-0.047063749822588694,0.016255713255455852,0.056058082113625465,0.07816582663400874,0.05640647188913006,0.09138205269779213,0.09988185927353925,0.09259219057324211,0.056821501673589965,0.1086744973093246,0.08866244463398017,0.08697174100503471,0.06893735238349859,0.07317132835338508,0.08351615646700412,0.0695911432480694,0.06271529433657858,0.009676440208590563,0.7093360705242537,1.0,0.808222715517402,0.2876168569443687,0.540327013834479,0.24456562451666933,0.5152189665368588,0.6830705998694587,0.20173293129242448,0.2772020308188127,0.2879716958988338,0.1600944189923204,0.21200000744121708,0.18797421815463466,0.18165395167966936,0.27080143951639374,0.0389298562623545,0.07098323095269858,0.07990279324624734,0.05400083624422801,-0.005099236456237735,0.0044287472356803305,0.05404923525511935,0.03290043712561477,0.07648060813206987,0.03800016733394877,0.06285576866372614,0.04566972780357998,0.007530143885925603,0.03007831864931997,0.09449037196271383,0.09491153125468123
C5 GM left ventral horn,0.008942811279857243,0.016536811062877323,0.04667856978456774,-0.021749894233415598,-0.02492274533290108,0.04048980848442029,-0.012065133261198253,-0.02190137253349916,0.045852142614006684,0.009520453094355279,-0.02280601310018848,0.030653343887649346,0.10600702751073231,0.06409578019078452,0.051685485335335755,0.04020650807237105,0.002529980590189676,0.07355752673329263,0.036947229757064846,0.04909724479190978,0.02191943101476048,0.037155363581143686,0.07392966351845377,0.07575660443086095,0.0213739148596353,0.0008541875084390386,-0.023914574487700728,0.06733158355627619,-0.003944454017684947,0.06793213495191291,0.0314885266503585,0.07932752371709817,0.033068594037877805,0.015164021956688794,0.04999691243554769,0.026589596938022465,0.027680098004243443,-0.013753704943754453,-0.0023008607161420364,0.03643519268414408,0.045486674251434045,-0.020331463335781376,0.032982636126489266,0.10389645467115102,0.0222434312759893,0.017803957407620172,0.009873372209211613,0.022893828796114415,-0.009870043219343363,-0.005177394005224802,0.011525018873967204,-0.025039902526844703,0.09035382009253808,0.03210499286525512,0.15277896056504384,0.14605702556443867,0.027175876891199584,0.02111991188518888,-0.014124400260339407,-0.05532796124813409,-0.019896031225709557,0.03259879189733775,0.04445261025971734,0.056809635559937746,0.04063144059112518,0.0948710918673886,0.09014039166840869,0.08544406327936105,0.08301364229811696,0.11415379970608398,0.07210214090482313,0.07599846389772644,0.05573233676761162,0.06990449202098765,0.06013506120637505,0.04466892172982443,0.0724624992978617,0.0090994642416385,0.5694062454396828,0.808222715517402,1.0,0.23154677517362932,0.3824198731269055,0.18768667671163003,0.5065002274582379,0.6997475487486962,0.24719696653263187,0.3117602664868935,0.3393549140558245,0.1861813434667371,0.24296098170351618,0.21885968742429812,0.24966434598856496,0.3153373987540642,0.05237234673323383,0.11490039421200686,0.12376112771506873,0.08526824041041428,0.04119205592176066,0.05798136644924798,0.09586070978038481,0.08779081502662067,0.0840904187349531,0.08215007113023005,0.08195662926251647,0.07785367619987515,0.08386341858677714,0.07667386266597469,0.09721045371232515,0.16373311087500936
C5 GM right dorsal horn,0.014743853242072806,0.073623192608472,0.1351598220481776,0.03887647721141945,0.002421775977689418,-0.028156829627101438,0.00896811846873066,-0.00570233793975049,-0.1054077025283975,-0.0667801262101291,0.00825041156629242,-0.029678375183999905,-0.020590299572675223,0.010240005653694317,0.04995513852455297,0.019609843125436933,-0.033102963026012205,0.08134789489665863,0.010683205145419091,0.07730639313454497,-0.005733269371924417,-0.017322235310885337,0.08349476303519392,0.07307095599453049,0.06976473886973363,0.03499730015848784,-0.09079548565189532,0.10853251836860513,0.01749155267175313,0.10913096299397762,0.04924800762634264,0.08457928791651353,0.08561702028962885,0.06640521377260657,0.05204053271262437,0.053109143634688424,-0.05604875604848696,-0.04376848236547494,-0.022196717334088074,0.07799408914430404,0.05165207203406802,-0.008774181868990896,-0.016398195878433018,0.037428692080918174,0.022467573253902907,0.016476961421886167,0.03025532663769027,-0.017940073093703972,0.028392028594094884,0.06388999864552858,-0.03790349690959049,-0.027902088908116608,0.07019775742784916,0.08079426282215656,0.12943574769164698,0.035408701129472246,0.07264986745784496,-0.03974325707119977,0.038698495490059145,-0.03394304443233969,-0.07678608406561695,0.10278665930317558,0.10200982768749337,0.016891527096746014,0.023932427861557724,-0.018555439498627813,-0.039182187836305296,-0.022969767668245503,0.04138873286059217,0.07582993696561324,0.07166093688936512,0.018768626888641282,0.05690590106759814,-0.015390632945280952,-0.029325728665350614,-0.019538454330832462,0.015502475317703724,-0.0012605845072816185,0.38804377082282715,0.2876168569443687,0.23154677517362932,1.0,0.6986062626428361,0.5441297884466243,0.759489134211643,0.28488443498520305,0.039949074617354655,0.12232425093677392,0.0521047571563012,0.1633644474163306,0.19233392804873112,0.1391643401604091,0.08809217450348965,0.06706687455689668,0.02769618786108824,0.02708659824611161,0.0160826406751681,0.019550117471153407,-0.028525909673192268,-0.0682288108781695,0.005287417677224878,0.04407416911745814,0.06875114172199745,0.06606044888838176,0.09171626742392859,0.0328798140189312,-0.01980082767454051,0.025749709843683754,0.054581316868771816,0.06309912175144004
C5 GM right intermediate zone,0.046625694541937296,0.043713528492370805,0.17031753427320534,0.0987169341637809,0.008848324135673014,0.07272338961413473,0.025720176113125826,0.05108681439561401,-0.05109064229753315,-0.03417579114189287,0.045229948274008704,-0.01307729113660088,-0.001149890618122768,0.08443347667013963,0.0611286003472235,0.029250990768503078,0.004022836034565006,0.027957174143003527,0.047581048801895155,0.11404177608169914,0.017964479155038005,0.038856101715673066,0.10493463111181467,0.05376285139593538,0.08793684568671475,0.042603927915330075,-0.07094748011205952,0.14475400505689864,0.06504621622951055,0.10283408592649633,0.09167172139655355,0.09684953376492579,0.11587326655478912,0.07265442916878369,0.08093124384994639,0.10693020714141968,-0.03706556073316142,0.03457498357094531,0.045196203114355966,0.06569037221314204,0.034082149183610584,0.004133719681153074,0.01718678647159063,0.05610688265427446,0.08114892951612795,0.03477417307738407,0.04375827346518297,-0.011214412221196755,0.04083361753236018,0.09157954864442937,0.018706637806288874,0.00015488696595467114,0.06841572508466186,0.11701017233481038,0.1307948739105699,0.07786477362602767,0.09423625840447235,-0.02194057166351975,0.05946465896166736,-0.0201241815323888,-0.032613186009774975,0.12309355242040103,0.07804514527619902,0.025479593576945566,0.03188840571716557,0.021076375539643286,0.010941825614729932,0.021644089740553943,0.07081247380049034,0.1080015247953926,0.05887430487927269,-0.005079999365552501,-0.005557291257123986,0.014427295717508505,0.0066308191537683,0.01450316769469243,-0.003388293453711059,-0.0577891708009429,0.42017828538873153,0.540327013834479,0.3824198731269055,0.6986062626428361,1.0,0.7597304406122115,0.6355866880087513,0.63986810952766,0.10223318420663438,0.1874859722192298,0.15861488307309532,0.1670646387542178,0.1995806335617148,0.14337144502299515,0.12986905903161058,0.155749929829423,-0.030545435816248717,-0.006138205467538051,0.04704719014615646,0.025261023982670442,-0.04486138140651708,-0.06452724275644729,0.044952986228016266,0.029498898745159888,0.056563569952505076,0.02545149120436676,0.09893713807009606,-0.023780493221987466,-0.08303844708036916,-0.06943594365359335,0.023100221761133504,0.0053128182884562385
C5 GM right ventral horn,0.0318433403838644,0.048645289160958664,0.17449405053009748,0.06638493410169474,-0.03018090850003402,0.026816264690711914,0.03280893707656666,0.025095945619655145,-0.09429952644614055,-0.08460516718381371,-1.5233294855312085e-05,-0.04206218437442316,-0.05524815094958812,0.004569032084749661,-0.05244118089457202,-0.007547915451591236,-0.03170250041314444,-0.012373833202090737,-0.026950995149112856,0.04862829106737537,-0.03140579613575017,-0.012397483917101956,0.024821606823666808,-0.021753791444156054,0.028168461362085864,-0.006640787584743844,-0.10219734743707413,0.06893701122720718,-0.025432392593004716,0.029113113974349458,0.021361418113463933,0.08535551073078392,0.103224304039048,0.07498228540614521,0.06242931491242184,0.06432200139256136,-0.030161959366697653,-0.0019248506273688683,0.061494341298359304,0.01842445428039355,-0.015194629131870738,-0.026399729071393586,-0.04887152402225596,0.0005944364114188917,0.06515485551737826,0.00710505228714393,0.02385963072595098,-0.02245813267058653,-0.03720366834254656,0.028393497107684497,-0.039190858631219856,-0.019409341498063122,0.051113738770834666,0.0578839191102027,0.06973875234796552,-0.014102715129009864,0.018678316498166442,-0.014530032212083691,-0.001608423596146593,-0.06535600378940838,-0.08179422404750682,0.05552374693812402,0.05005708881095245,-0.023144661071408983,0.0011111970444154557,-0.014422418933694463,-0.05333457169065268,-0.027153964952878917,0.06412831211841824,0.0511800635199292,0.04515235900397816,-0.0061573607891850166,0.010371014545570684,0.009972653526606166,-0.0056684918513123,-0.007274549401427004,0.014433754076508657,-0.04129588954839939,0.22464617111225776,0.24456562451666933,0.18768667671163003,0.5441297884466243,0.7597304406122115,1.0,0.46709987303640754,0.574779078819738,0.09890646973994242,0.19755525774885732,0.16698829337519042,0.14155989925491305,0.18686226709741355,0.16821295995613333,0.1364653845425503,0.16692967244047208,-0.04646721855570976,-0.03416155452494275,-0.0063894280623818635,0.03575595695102486,-0.03387030760102394,-0.030123944936351746,0.04002511293988373,0.01874563499716674,-0.004232800084303751,-0.015895569571985957,0.07399399768807427,-0.05907398238280143,-0.11110461417585661,-0.09443208624993663,-0.04161546861341941,-0.008239772286009335
C5 WM ascending,-0.02770662907145202,0.019468869706320797,0.0977031427140368,-0.008381275474589422,-0.04037707857174806,-0.025184669267584614,-0.04608081767039512,-0.035710217078575586,-0.12246736158622767,-0.09750183073381946,-0.022848020650053983,-0.059652092231326066,0.016552296838408986,0.007614590916681394,0.03019447137380535,-0.01610946992473036,-0.04568703818802739,0.08291541107011145,-0.012792509082738955,0.040518173566407086,-0.04451366307132844,-0.03002834640889764,0.06457524985675461,0.13654581857454048,-0.014105964706785493,-0.022408832650586068,-0.07191285597221797,0.08643084512312897,-0.04384296796937437,0.07549234703293542,-0.00631130541438505,0.05939938804168825,0.05639189078671422,0.022996866643729328,0.0520543848796978,-0.0027333208311264194,-0.04518676243782243,-0.0821986998421913,-0.025383836704571814,0.038250343739752696,0.024943598178134588,-0.06627744117712658,-0.028243296905656058,0.04681746841732517,-0.014163774030949906,-0.0057748533037434826,-0.022573675414694596,-0.0748750501519073,-0.06292105261562674,-0.012011397894693191,-0.09494447725712549,-0.03970920787624313,0.046867042832409285,0.025949613227792073,0.12055998032749067,0.10145519868562809,0.02601025812039741,-0.0694580828845564,-0.0488751929553409,-0.09013084763233496,-0.10469101530371845,0.03707925193904681,0.09450175966930525,0.03322071135213016,0.02400034568561498,-0.0064858499120553905,-0.018014840425327562,-0.02767763493951184,0.04956876943622536,0.054178816691474896,0.13448849416148886,0.06310427966248433,0.09262922057195808,0.009958010992410147,-0.033869093133559035,-0.05930415777099172,0.06361906247282607,-0.05225864461601845,0.6171760087757892,0.5152189665368588,0.5065002274582379,0.759489134211643,0.6355866880087513,0.46709987303640754,1.0,0.470461404407371,0.08802255663286117,0.14959621555473185,0.11086252323955345,0.1504481407570077,0.1864779303304565,0.16100717815784898,0.12908695142109766,0.10399353034231383,0.052229554486736024,0.051090562511358,0.03593380292964331,0.06661880637597282,0.0030604538670074974,0.015425668737356096,0.046612964870355114,0.05562852835933359,0.1412622467974176,0.08745913438566426,0.10933425005957945,0.006043251335141259,-0.049290719340615435,-0.031335680930589534,0.040129815896079946,0.026577731633832938
C5 WM descending,0.03408428570368788,0.04324637179395368,0.11182244507998244,0.045676232438940825,-0.0072863467650361195,0.049693064475940345,-0.023959967842288724,0.0028049921701681084,0.004619171379836108,-0.058038596682515105,0.022666074121033337,-0.014015368986496739,0.016039814079407834,0.05427904211295678,0.014905157444289907,0.0077620231586735975,0.0034188626876906613,0.05240772162832272,0.016755592034154852,0.08779567371357168,-0.02137201013221404,0.03687262148699108,0.0886839085070345,0.05304519242369158,0.03540981233160979,0.0037318935148618593,-0.058830723899502405,0.07736519361235576,0.0026294220297598393,0.09865145039901606,0.05562256653714783,0.11168527398866103,0.07663424561507794,0.04993652809705224,0.08438918327599189,0.0739985486982538,-0.04345756782264851,-0.007037514306223502,0.011659689087298647,0.033217940333196444,0.002883904712249388,-0.03855178346855841,0.030508757867005014,0.08051269687869245,0.07808498603686821,0.00607868815872205,0.013774122032168198,0.01552662114987197,-0.015108193558292833,0.01876749945081241,0.017522834190869647,-0.027618934410298997,0.1070540075490674,0.06950868668899282,0.10922967275664433,0.12049861129006953,0.041926556251874685,0.021060689810007204,0.00871674074340872,-0.04671803815433286,-0.01742391085628413,0.08492665769812373,0.005591505052167301,0.001828448746417308,0.015476637619290707,0.02141774103305669,0.020699252741848483,0.01601579260018523,0.05994331665825609,0.0742631269086557,0.04662334846085984,0.02487005416220464,0.02323580236919077,0.06714853626920526,0.03885998638116551,0.04112958754246401,0.06213410806516619,-0.022579172871237188,0.3698814153525917,0.6830705998694587,0.6997475487486962,0.28488443498520305,0.63986810952766,0.574779078819738,0.470461404407371,1.0,0.16302793393698495,0.2600628070565673,0.2838212393321366,0.1386686494916723,0.20317353369827995,0.17142899496892372,0.17042202965501824,0.2693137990545516,-0.010425983453717855,0.052887966589784646,0.11498892663275366,0.05646084073095034,0.00504321950963159,0.008930527587053667,0.088325475043962,0.0546724844686121,-0.006528778920964051,-0.03427474045614551,0.022632167670752212,0.03780900608212982,-0.02446727717447007,-0.0210127628093717,0.007851084651911866,0.017477951359612647
C6 GM left dorsal horn,0.020251144326823428,0.025370629833008147,0.009424577376066319,0.036736974289648144,-0.008419748701636517,0.06488645049423139,0.10365586765592368,0.004459056522305887,0.00993155973988514,0.04660041079491754,0.007715988432136898,0.06689123381590009,0.08668386094707164,0.08568703968538559,0.03294473238163043,0.10024208506562224,0.004387674742581595,0.03696425881906175,0.030424290657151194,0.05654256990867749,0.007814908825192651,0.02159063670153036,0.07452099255490013,0.13802910808015964,0.0007123406052418309,0.023191358438805775,-0.08633106651558957,0.1056871256126151,0.002435741963857121,0.07790464791124468,0.0014630894057506788,0.07404236447009477,0.011579925783075014,-0.00039027097598902605,0.04898411873439856,0.0083996076645455,0.051518437836955575,-0.010145439854360857,-0.0054499712361317475,0.023121679773317475,-0.005160751800200027,0.04411042698546736,0.015178485614080136,0.0842073603656416,0.043386580070096444,0.04658075939700587,0.08584703148079025,0.04288078552334158,-0.02844235301216209,0.0032141132567868164,0.024354693731515647,0.03983569534106564,0.02786524171287131,0.09643382639464841,0.2283422517255641,0.15934039024869623,0.027966452284287447,-0.040104692806618505,-0.014336429947430741,0.03106087721130677,-0.07219535727251566,0.08166686815382662,0.0009719008527441132,0.0004149084371946325,0.0032275373554748977,0.07023600049580939,0.07495550412893176,0.066314686469019,0.06040836007638086,0.04313410990967187,0.02352546082924673,0.09221147004000525,0.0735575636377451,-0.0024528383676831055,0.05241409950478132,0.05410176383876506,0.03705005691828106,0.06140672628003222,0.1362293022215254,0.20173293129242448,0.24719696653263187,0.039949074617354655,0.10223318420663438,0.09890646973994242,0.08802255663286117,0.16302793393698495,1.0,0.8348287460171933,0.7886701469042674,0.46150058670517613,0.48708815664405286,0.3936848801223646,0.7011752864832257,0.6166027444764607,0.1770799659549807,0.1966508058312522,0.14707775027437892,0.1390973014575277,0.14276194708411138,0.1019949856005087,0.1552417833476279,0.1286887620893134,0.06242260933184833,0.051182458458404835,0.030347513799339865,0.07662408407673542,0.10181976173063598,0.08326119749486967,0.07467652815814184,0.09982804550829011
C6 GM left intermediate zone,-0.03322756624512608,-0.03816759111498969,0.010750398121755224,0.007657996711361238,-0.04552477369178207,0.04033651076582533,0.11791276644418083,-0.012585909411313254,-0.03760552820739381,0.007558566281995756,-0.057980970462038844,0.03162208153482982,0.07318597815957059,0.05075136925431232,-0.017550618453430367,0.07414829967422282,-0.05462930082979285,0.013136981520019046,-0.014212327176434931,0.02175822149055431,-0.04236107468546719,-0.02381254848583501,0.040761454655188,0.11752054905359981,-0.03229485860149832,-0.012716606844977012,-0.14581975489385693,0.0761646641602977,-0.03895100514629204,0.02636716556320172,-0.020547835212735323,0.036534047650099905,-0.0192615775274526,-0.041576359336189174,0.011015827759348331,-0.026015474512454194,0.031092429856061126,-0.03384168705218685,-0.022700771522735492,-0.002078906202862376,-0.03373434580454395,-0.0014163074424159846,-0.0007418264084449451,0.059543168440268586,0.046474724940229487,0.00040154549773434593,0.07290537233935411,0.024427248460092716,-0.049629089193278034,-0.023255799147057263,-0.01054116428292592,-0.046207618647244444,0.004790331125387331,0.04731697791517612,0.20419326496344156,0.1143676233606621,-0.011548164585881607,-0.06980761377500196,-0.05471533594220961,-0.022025893185214366,-0.12505622587376886,0.03483633576333112,0.029598853960554956,0.034196017454050556,0.028108558860122715,0.06467637325153895,0.08948748675187997,0.07348713285097132,0.0582258158967579,0.06888285276227812,-0.00571518587425767,0.06991933214217151,0.05999945438963373,0.019217985488892617,0.06988376950038376,0.07727751010257272,0.029402573875726867,0.04294825077672069,0.16788845250961684,0.2772020308188127,0.3117602664868935,0.12232425093677392,0.1874859722192298,0.19755525774885732,0.14959621555473185,0.2600628070565673,0.8348287460171933,1.0,0.8501162396988096,0.5454240696375448,0.6712130075559326,0.5027956940222619,0.6926641027008958,0.7687308155021885,0.13551061751691743,0.17123589777011322,0.1370716979932939,0.12527904139399057,0.11905997952387071,0.06529015788953425,0.1557716242245376,0.1114935517116175,0.05626207123811181,0.02317854704922499,0.04381589909045631,0.034420032181829756,0.058594529020087355,0.0772598339046128,0.07396832162001041,0.11401328840921877
C6 GM left ventral horn,-0.006519342628130531,-0.009245657722287418,0.009222229450448398,0.0028223959344150502,-0.03647137772596623,0.026702158388084443,0.06546608837699802,-0.061434660651957344,-0.02070362572811737,-0.012796905548455011,-0.037475387433712114,0.029957613795815092,0.039430936580618525,0.008376110508518473,-0.03854247720086412,0.07658862246669651,-0.04840795978184215,-0.006124131447083954,-0.025491053217160543,-0.013495201012549689,-0.046405104912250555,-0.032963955461099655,0.03446974131347327,0.05981567808262114,-0.0589558306738705,-0.007344374830406459,-0.09192510830669531,0.02758413217982452,-0.08781769588253482,0.016238287400616877,-0.012237409211927943,0.06156142481401295,0.010245934820197202,-0.0030480630973000727,0.04620711665401399,-0.0013467680320679769,0.030786453147004483,-0.035808653971179105,-0.04054830797275202,-0.016460284756703778,-0.032494733701518785,-0.021169020003868336,-0.02830656362435937,0.01969229155238593,-0.028833480954099912,-0.04986345988620243,0.03692860227377974,-0.018380248071497563,-0.08306663879477791,-0.06952896149946314,-0.040820673723702516,-0.03842937237522043,-0.013719898186290783,0.01140541572289162,0.11844060275066726,0.04558951993931368,-0.054924667995355454,-0.053297359378735774,-0.09276029023917784,-0.04488494768905752,-0.11671976238284512,9.219028945263457e-05,0.0334990561387129,0.038769651661668285,0.04039976404323625,0.03448236974871399,0.05820679668066054,0.05584209120849428,0.03452244792784709,0.0688179032878679,-0.002437019111287537,0.047290483803805794,0.05904032273779557,0.04500326290106948,0.06046326328875117,0.08474627128471098,0.041260612792811555,0.051923905736962934,0.13884527050006149,0.2879716958988338,0.3393549140558245,0.0521047571563012,0.15861488307309532,0.16698829337519042,0.11086252323955345,0.2838212393321366,0.7886701469042674,0.8501162396988096,1.0,0.4069093677431377,0.4714408104431522,0.3847422800485518,0.6437814386111537,0.7433186183084458,0.11146306027791276,0.16512545274742815,0.14716489724379075,0.09768348507187605,0.10962036828583652,0.0685024938205072,0.143470343512864,0.10723955577539786,0.037900232687028496,0.030069616116969476,0.03001121170002214,0.04461057922710576,0.08765414359809934,0.08265683972737906,0.09232674117677629,0.13101453821133602
C6 GM right dorsal horn,0.011630623874506982,0.007327705193768868,0.005326766198139535,0.015957990576173788,0.012291324361947579,0.0012806691096611971,0.09313830423138948,0.021848791600312195,-0.008766396755122455,0.06456897558159384,0.0011513878525490418,0.012675341107354333,0.11408420852420018,0.12667378261670315,0.08329034089078637,0.021147444987686486,-0.00426658145464129,0.08628501420054345,0.0490057222099385,0.07961880572635363,0.006544203382632536,-0.01579331607836077,0.07079841013164506,0.100824300485106,-0.0035676076799115355,0.030790603745073516,-0.11204261535775033,0.07499603203789809,0.013190524566131803,0.059888716500760567,0.028523918430617846,-0.0007858047695991565,-0.012422965453113674,-0.015708004142871514,-0.005190491669406704,0.012544514246936539,0.06687463327390729,0.002908526250062741,0.0021196071782942534,0.04444593210660321,0.022027283649866662,0.010499214780501528,0.025900456284415667,0.07254410055866588,0.07019337297519464,0.029745099920880463,0.14744517560436007,0.046162430829163346,-0.005828195952063221,0.03931881413026345,0.05207732556328684,-0.02714784532646726,-0.0024498939983073178,0.11421676736511531,0.18995464326112305,0.14438013313202122,0.02288810664406084,-0.005057131849201243,0.004214665894661575,0.020892936352084522,-0.10738558810677638,0.06679944712144159,0.07390735635627056,0.031842024710816125,0.006245639231485131,0.0881866466994665,0.06536885351367373,0.02722749464100907,0.06459198587086729,0.03272155439834279,-0.029676724373184957,0.03299444205205799,0.0074275385658187365,0.01274973414427255,0.06644483768901759,0.07192008568010101,0.028582221299344675,0.03966458604360888,0.1598252393001641,0.1600944189923204,0.1861813434667371,0.1633644474163306,0.1670646387542178,0.14155989925491305,0.1504481407570077,0.1386686494916723,0.46150058670517613,0.5454240696375448,0.4069093677431377,1.0,0.8601593588820136,0.8095824221849961,0.7247219074640122,0.6327521440763768,0.07964646712128971,0.18184220841985135,0.16340045387532154,0.15148478373797256,0.17974378882867767,0.15086552052014768,0.12674780099527036,0.18546266425972285,0.028120025105039945,0.028607710494858773,0.018158988941069643,0.05766455633662154,0.08583873487046245,0.07167813492608598,0.028091582011179755,0.10370259050024773
C6 GM right intermediate zone,0.01659239501285244,-0.009498020121355952,0.04183251507129395,0.03423308843399978,-0.0019385405604190299,0.01488659055666895,0.1079323787296002,0.02709782460791196,-0.016701868798319534,0.05584566647833768,-0.021435871023647277,0.0364938476718428,0.1092594811238773,0.09723232390167681,0.06664190216697766,0.043946982968958624,-0.00571779572778037,0.09381282974692225,0.026532826045081632,0.08449826634105766,-0.015222809236429906,-0.01610969749378608,0.06622906752268722,0.11286651958382508,0.01061297286164455,0.03928456812327977,-0.11959841844193608,0.08786495972424592,0.015393632293966541,0.055901964619622914,0.037179270797435965,0.007390731786775024,0.006785495350547634,-0.02121556053571762,0.010760660952964619,0.021018221721302376,0.036278710566196304,0.0011030486433076165,0.0178934369964376,0.037363137692890576,0.023485418899736932,0.032259817961991455,0.03417803726621821,0.08831377399461435,0.08215630057735605,0.04257198601768604,0.1147136792957285,0.052224131011480344,0.0016001986549496112,0.05184256040019034,0.049168148242799505,-0.030700116499089877,0.029604079043959626,0.11302176133488985,0.216472373601877,0.13975770866183668,0.03953080679318542,-0.00026803193862712704,0.014962284269739029,0.03196620051611894,-0.10315486796852787,0.06731883883035558,0.07879550442184663,0.03455337713693091,0.015053738130256542,0.061683016818185145,0.07377268709754776,0.03957332042999551,0.07217562526343789,0.053933481875268294,-0.013724379788751845,0.06062452522400671,0.04236098725544095,0.01411292397143232,0.07973315890761142,0.07812932394461476,0.05670876557849335,0.03779901377449036,0.17460909729541002,0.21200000744121708,0.24296098170351618,0.19233392804873112,0.1995806335617148,0.18686226709741355,0.1864779303304565,0.20317353369827995,0.48708815664405286,0.6712130075559326,0.4714408104431522,0.8601593588820136,1.0,0.8469412234941154,0.7027983717839223,0.7545930990726921,0.06476238941446019,0.14846789727998877,0.10380260016635709,0.17903389889890883,0.1796672728364532,0.13327318856962586,0.14608524751641047,0.15438011865534537,0.037717714683463945,0.029281988012322586,0.04813818960246316,0.04441442113008906,0.05694871443749727,0.05228141064914759,0.03448881104965008,0.1016235986888932
C6 GM right ventral horn,0.01629907380670924,-0.011065265494168522,0.041447159380358714,0.01615276160537216,-0.006587966492627931,-0.014604791855108925,0.07123526135970566,-0.006061942882258686,0.00120011193260453,0.04903906316489921,-0.028439986587109674,0.045227505184891215,0.1071079929455866,0.08265187581866172,0.047551283537572334,0.019535628554238637,-0.001731710570893453,0.0879778141401688,0.04303516569019659,0.07629290910498007,-0.01205466093608546,-0.024642973261690314,0.07542863203155808,0.018274759571781166,0.015533959022725611,0.057907186577375376,-0.04972200491823944,0.052651920108125395,0.00939791396660388,0.04975275102827185,0.04236268851436902,0.017712377752116926,0.01608268421830465,0.0004244739987308416,0.031457522720155534,0.033301396987583574,0.09784136737237564,0.014141325274426771,0.006473429512369868,0.04629119531007694,0.026387004264202995,0.030328627833265433,0.04850097413010619,0.05174431649724894,0.06738397675993849,0.013214972048722162,0.10761223590981596,0.06287382334023003,0.004407099097745589,0.04526677994867452,0.058462426448089425,-0.015041334672299225,0.041564729851270674,0.08148111075581015,0.17581635272257543,0.11756004554983936,0.03821748821840923,0.0381478190544841,0.04218391325912313,0.05950219753079554,-0.047823974441588986,0.0375856764323084,0.09319543230493076,0.04931866273929788,0.0299503672077698,0.09216002940582371,0.08694523106136126,0.06515785036915239,0.08598656347099143,0.06260668302832798,0.012794449408516248,0.06063334101846715,0.03989358789736645,0.05872053571992953,0.10160809223915442,0.09790031402005452,0.10893234935431458,0.05067609349221113,0.16720444978915344,0.18797421815463466,0.21885968742429812,0.1391643401604091,0.14337144502299515,0.16821295995613333,0.16100717815784898,0.17142899496892372,0.3936848801223646,0.5027956940222619,0.3847422800485518,0.8095824221849961,0.8469412234941154,1.0,0.6660184829286379,0.7359572770501006,0.05139324918950726,0.11473413396334683,0.08641220645681835,0.13306262117147177,0.13615946665640483,0.11216452606908939,0.08358910805900423,0.09827969112729622,0.05343354621994617,0.08620208386760335,0.07154165067782763,0.07053610111482934,0.11090309429596659,0.08326692331124941,0.09767154289837629,0.14865258085676095
C6 WM ascending,0.025327819113762785,0.03602222411726209,0.009678479073620289,0.02755154400649912,-0.009157400728472594,0.013995324987758092,0.09535128228918048,0.0016849414245075434,0.013707416999697918,0.07428306983443818,0.0036082801284513387,0.016765335782484965,0.07274271792272093,0.08304888441607482,0.020055553736794546,0.07760860033750279,0.02033535121577916,0.08426432055595239,0.018351732823530028,0.06576813433808001,-0.012414125861397661,-0.014939804707055979,0.0814296263603879,0.14071270968006075,-0.0026980330149136227,0.046023416434106554,-0.08356291282288623,0.08295574149970539,0.0004901232136473669,0.10228844233877568,0.03177351191800127,0.028904997315713464,0.014345856676779489,-0.012060022656970391,0.035676916290130804,0.01744061484607449,0.04836683988973122,-0.01224954229686829,-0.029809185445914873,0.04111395584615931,-0.021328000079941616,0.012993733118911069,0.01868186254691778,0.10279899048137986,0.03278738707622452,0.04453561396417949,0.11600082472511752,0.025171920618191894,-0.024294042502448064,0.023745200503778117,0.024456243954684483,-0.002621483965040972,0.030218891871493597,0.12798549001343323,0.19648399363571883,0.15446930936603206,0.025983163086402295,0.03917367275178616,-0.02587719014102344,0.03652586058474027,-0.06342423292811296,0.07728903843302147,0.07784688405849843,0.043180931016629585,0.030345603204872423,0.07629578485691955,0.0745937926791225,0.03941858256112887,0.07543267183435545,0.033912434378393884,-0.01258037743531137,0.05435805501090274,0.04651012407186456,-0.015947463416878763,0.03230085345049714,0.0306306121533575,0.037525995912038194,0.038377838418999236,0.16732344098765262,0.18165395167966936,0.24966434598856496,0.08809217450348965,0.12986905903161058,0.1364653845425503,0.12908695142109766,0.17042202965501824,0.7011752864832257,0.6926641027008958,0.6437814386111537,0.7247219074640122,0.7027983717839223,0.6660184829286379,1.0,0.7384271806651849,0.13874492002840755,0.24229334850666243,0.23373142721548595,0.10428052165652636,0.18968427329325444,0.15553474740386647,0.170136660302469,0.19533533486467491,0.07946169758544652,0.04935401020157155,0.020714750228440645,0.02303788785124215,0.0557007999813987,0.018067778921218726,0.03437720140532557,0.05643274861157641
C6 WM descending,0.010637222034006069,-0.007798551295524717,0.03862931584490346,0.026273238945379997,0.006075715396112237,0.04782404298334936,0.0978775140039346,-0.004878250165393241,0.03321367279811015,0.07022465126693737,-0.0032354532708671812,0.059148796409305655,0.10279380800711684,0.0570829387706896,0.01881101127158649,0.08948969962595134,0.0019119773063475793,0.06724126082301066,0.03142968012499479,0.06771617830913211,-0.028146879342468224,-0.0027308207012729023,0.07862867583933361,0.07438980021494167,-0.009753424903133079,0.06133176101527729,-0.07760653605379708,0.06679843942137899,-0.00632585331656222,0.0709657223531898,0.04031667602708354,0.05430470619678486,0.01036367661723868,0.006934775503638192,0.023060056590348637,0.031105015560237544,0.06001474615801329,0.015563730770965355,-0.007485748756511075,0.03592159436096907,0.007699539342062237,0.02743461903429702,0.05696463160178953,0.09571977984538474,0.04097682567968332,0.01795121313912167,0.09482545752880978,0.04983035761015618,-0.006337875941448929,0.025683770618674738,0.02908682100305122,-0.006866930237810859,0.03276485862143623,0.08330057481820485,0.17181162256175403,0.09241719425141214,0.029200620504010354,0.00929821055797467,-0.003182316073145061,0.056387911117518626,-0.056878399612456436,0.04385713232597282,0.024313426779307746,-0.010503034427013438,-0.011374250139173599,-0.003531326292146028,0.015173632435112296,0.014994420100354438,0.014893904666339568,0.030710173028370785,0.020034633413993107,0.07626027381691788,0.07988877544706356,0.07825120932620892,0.0996543020104019,0.1046925389523882,0.09915562980211676,0.06445620708972119,0.16648011416554787,0.27080143951639374,0.3153373987540642,0.06706687455689668,0.155749929829423,0.16692967244047208,0.10399353034231383,0.2693137990545516,0.6166027444764607,0.7687308155021885,0.7433186183084458,0.6327521440763768,0.7545930990726921,0.7359572770501006,0.7384271806651849,1.0,0.031217050904007084,0.12299600954802098,0.10124545273359346,0.10716441062150489,0.13652038714711956,0.08836026311874652,0.10936801985864256,0.11348582792290557,0.06793394009898715,0.09879558580382845,0.09490007005756002,0.04919444167357237,0.11613271005361897,0.07415303381839593,0.11813962136436765,0.1566705180039665
C7 GM left dorsal horn,-0.011770840926340464,0.023560037000244154,-0.05485778730164129,0.06212011413829098,0.04697382029193808,0.05406464361824171,0.18825694342444507,0.03273603197116005,0.008593466022306812,0.060330305474373874,-0.005124732515391931,0.020576495092177998,-0.041437639864741964,0.08275086463679487,0.14089899956404725,0.05370238331820353,0.059479555841931896,0.03283086978798056,0.07851742101655623,0.03944227449349884,0.1066697376442278,0.03707473763920859,0.08231854136715253,0.1473770554634224,0.07207612818427825,0.04627419797977976,-0.013356733635286522,0.14748690479231405,0.05534009620589792,0.1279036812183595,0.007244695840789778,0.04560811293034713,-0.012187413883536474,0.012889965897618788,0.043101599534270674,0.03229282920597967,-0.0021711808896063777,0.0429796056643597,0.04228769815074379,0.02278281704969952,-0.023397891858378036,0.09731948063800852,0.03069565803253553,-0.0922205467557831,0.08669132741069237,0.05793256207818454,0.06330357422672767,-0.016875090413204622,0.051818952856074574,0.06919182671769519,0.059609093837254164,0.03396737071405213,0.029043285914271747,0.043824423084017655,0.1358409229572631,0.0955689499700468,0.10117902038139218,-0.025866083213748337,0.001056648728343989,0.08391160883516884,0.05791267536969268,0.11334513663382127,0.14784358271585898,0.11586210382949992,0.1086743229407526,0.13654957786884453,0.10733413295426714,0.07839522023532484,0.1274209263959501,0.0712420095620702,-0.01057970635228985,0.01688113145679041,-0.019676208967246152,0.07135996571112269,0.12296753596171023,0.14525416287086027,0.044293280379063334,0.062258850930427385,0.012837007627067543,0.0389298562623545,0.05237234673323383,0.02769618786108824,-0.030545435816248717,-0.04646721855570976,0.052229554486736024,-0.010425983453717855,0.1770799659549807,0.13551061751691743,0.11146306027791276,0.07964646712128971,0.06476238941446019,0.05139324918950726,0.13874492002840755,0.031217050904007084,1.0,0.7659511074269091,0.6679897738437839,0.13417410038019514,0.25847871414354656,0.18607954840419227,0.5553019153383598,0.4546904616672256,0.21089577655756664,0.17408239712871035,0.1497118550195007,0.02415339299578062,0.01893787080868524,0.017783465991789652,0.1298325446469915,0.13144698405640617
C7 GM left intermediate zone,-0.02673735708174157,0.039598373304030765,-0.07046115635364476,0.02910086141000487,0.009369010936481239,0.01918228344158693,0.12678827720682662,-0.02485165627741128,0.0034538495598300085,0.04225805559584209,0.01569897845673658,-0.005428652352842259,-0.01929661814310322,0.06122276232785662,0.08542189142985357,0.05486779206370507,0.03269748664307776,0.07080991250002572,0.03626248670999905,0.04288624358698681,0.04797774204980889,0.017753307840509137,0.05557958121918905,0.1813463209361068,0.010836789799027703,0.014628150589053198,-0.033031741047716785,0.12836912044131998,0.023786506290492435,0.08901777844035476,0.00039050253235942443,0.01598036208853582,-0.039169354489160244,-0.008591429639094258,0.01206332026230061,-0.003966188553776325,0.03244893318830787,0.016070662918321117,-0.00601058196981768,0.055025325470829896,-0.02623627474244695,0.03698171262844335,0.017967800863852634,-0.014041697043420384,0.08154701904447731,0.058013722314831956,0.05258638090594688,-0.045184427908337564,0.021595070065029736,0.05258907771933327,0.019541655384224553,0.00965308306623229,0.026877814315998796,0.06229608515426753,0.14920333513774814,0.11547386294110872,0.056045594818062254,-0.012737219275312852,-0.059990778179528935,0.039132846752775896,0.049266295003397,0.08270131294608608,0.047102542481979606,0.0033610454708856,-0.014942164599834943,0.016083590663729413,-0.012143040656502756,-0.04771347317025561,-0.014376553241692885,-0.04967127210147887,-0.035496477855642694,0.02497767377137766,-0.04007633486800189,0.05835619279566022,0.11985345679778449,0.1277656689519519,0.010635830325157303,0.055196862323015565,0.014760690646448233,0.07098323095269858,0.11490039421200686,0.02708659824611161,-0.006138205467538051,-0.03416155452494275,0.051090562511358,0.052887966589784646,0.1966508058312522,0.17123589777011322,0.16512545274742815,0.18184220841985135,0.14846789727998877,0.11473413396334683,0.24229334850666243,0.12299600954802098,0.7659511074269091,1.0,0.8076302935747163,0.2982620202136091,0.5891224151692137,0.44627974866467374,0.59457935281977,0.7259591281701808,0.18279136151396697,0.1351888361417348,0.09790604203554112,0.11618361389977785,0.08603048938139062,0.07514545497628196,0.15237513682741394,0.115084375809604
C7 GM left ventral horn,0.002682952244896272,0.06617567265879663,-0.04643934049859865,0.050365126108916976,0.07183441350661343,0.05856513693737443,0.14431457948782303,0.019648357912481592,0.04191924493852658,0.06744472430524952,0.026439338756864827,0.016765867718514838,-0.017025146717662254,0.07753862586176376,0.08223893315919929,0.04696461669626936,0.033753250362551196,0.08127475419861258,0.057829724595003046,0.07596303870232263,0.050803651331207594,0.032462189104767655,0.09385639433339328,0.13128226421602807,0.06825642559284428,0.06015307876878517,0.0097521131012165,0.10789461744289855,0.08951036787829905,0.11909066702912016,0.039736951333766174,0.05389597129511386,0.028746517198740964,0.01880316369783658,0.034975946013210406,0.05727002489999347,0.044250463260211176,0.06624705461330063,0.042750059650509174,0.07494901433755503,-0.0014712171709982064,0.054480956278855075,0.04893752475497562,-0.008868241992141139,0.11609776543580551,0.06272872610114205,0.07422576874182808,-0.0005133108776655053,0.07044216379441866,0.071349181189913,0.07425841156043249,0.005408095873765296,0.06599269751397586,0.11720604823057167,0.11164824547156507,0.12247449285228196,0.08831518863409206,0.057034331749762864,0.03335016648391163,0.07757869774813742,0.07826134013459296,0.136496962513767,0.02000472154538613,0.0021956130612259287,-0.011865721667626459,0.032091620332284625,-0.001907040782229468,-0.029485611599990868,-0.011029811602570331,-0.03575791212096121,-0.047193561623810214,-0.011807178088609087,-0.0452190558950774,0.004549460500955889,0.06429409233690438,0.10428148778728054,-0.018924747848208176,0.03450397834497341,0.015108065348365313,0.07990279324624734,0.12376112771506873,0.0160826406751681,0.04704719014615646,-0.0063894280623818635,0.03593380292964331,0.11498892663275366,0.14707775027437892,0.1370716979932939,0.14716489724379075,0.16340045387532154,0.10380260016635709,0.08641220645681835,0.23373142721548595,0.10124545273359346,0.6679897738437839,0.8076302935747163,1.0,0.11240122733763079,0.34567709259983187,0.3042174479272293,0.5566524380651529,0.6698352460360064,0.16887445451581692,0.09508314421642272,0.08826041935572382,0.09539212114822525,0.045043264673130454,0.02503357593190986,0.16576994970867653,0.04939953223685696
C7 GM right dorsal horn,-0.03925648968448673,-0.022485975123527374,-0.06659700043578386,-0.019590024434687405,-0.06058154401504933,-0.05794801454911764,-0.011600769649850082,-0.06771387394622014,-0.07092302501335727,-0.04451332793446679,-0.023662367979161134,0.03130036111467856,-0.03665390858711008,0.014591026389267065,0.020966092985082414,-0.014180369874204292,-0.015162227290690574,-0.0013958465031981494,0.008721286438112215,0.0010556116911348249,0.011457401431737242,-0.038267380953693225,-0.017833679091481553,0.024177382076581124,-0.046405212655672705,-0.035058825310585115,-0.0700886146403276,0.04548599502410004,-0.04819615584393968,-0.04522449895858808,-0.032964818657888036,-0.03608478133895338,-0.05413708321855799,0.00017794164296754797,0.00026915207183416355,-0.06180872609385087,0.003127445356756224,-0.03619629971944888,-0.0769190371665413,0.006540945657961915,0.018427644940835486,0.030311290396460872,-0.009519303869789605,0.012470119785275187,0.03382691500721657,-0.011410706946232483,-0.027091878274104607,-0.04984543952854625,-0.04150554153582076,-0.027929266105576934,-0.06352257432578497,0.008235073786979373,0.0218950661243075,-0.01402593795052948,0.0789921427654885,0.044605019294325234,-0.002475730309057654,-0.050558815869536526,-0.08889522679060667,-0.06140062371125236,-0.05458847315080569,-0.04027285418488757,0.06615159706402991,0.021656577419979575,0.001850980340172943,-0.04261401772709168,-0.0014965732311773637,-0.04574645036441733,-0.014184617302432688,-0.03892539345700824,-0.05492801434161092,-0.013653297725708908,-0.07032174831569347,-0.10689335477861797,-0.03285062810349109,-0.04459165468622076,-0.10226291050730238,-0.07255806104165397,0.028396695612126484,0.05400083624422801,0.08526824041041428,0.019550117471153407,0.025261023982670442,0.03575595695102486,0.06661880637597282,0.05646084073095034,0.1390973014575277,0.12527904139399057,0.09768348507187605,0.15148478373797256,0.17903389889890883,0.13306262117147177,0.10428052165652636,0.10716441062150489,0.13417410038019514,0.2982620202136091,0.11240122733763079,1.0,0.7358252588920693,0.7371809977934478,0.5667958806392112,0.5137195631780754,0.11912212283062662,0.09861947187177406,0.0953286847969786,0.1852418519682791,0.18038022753666846,0.2054954923892226,0.20162965940570798,0.19213840789816494
C7 GM right intermediate zone,0.0018365101385660432,0.03674875144717268,-0.07983976533144609,0.01188428076549194,-0.001548231202670802,0.021040305601087855,0.04507486818855545,-0.04348777590561672,0.01061834091940924,0.027774042565373715,0.054833872833136885,0.047794900214121847,-0.002812147099111879,0.0506981839149731,0.02927019075821857,0.04528553252903661,0.02436945596255011,0.04595210734870683,0.03644722014376343,0.036786216636675806,0.03794946603137271,-0.0027736755405895945,0.012338042370511107,0.06622199474988834,-0.0189292107237151,0.006040080159623934,-0.04656556828120249,0.05872721537766952,-0.006555065714670322,0.01145786148524579,0.008109473441211865,-0.025802741256091995,-0.04353443523071728,-0.01998297486632956,-0.003135023550705818,-0.03141797806958023,-0.013432749741894937,0.005667528250225884,-0.05969670982257285,0.04904247658296693,0.043443759668690754,0.06930207340005756,0.023158049437565872,0.039953750457818786,0.0716614994114457,0.05654271215240644,0.008513833389615758,-0.028917337415743892,0.003516839107830169,0.019051581135794363,-0.01615597910613071,0.034827374511837365,0.038821748570856705,0.030957480798717654,0.0646477080602922,0.06167226139572841,0.016623722045448888,-0.003463039204211959,-0.05261254536275084,-0.008392891794112388,0.02483427632470935,0.0072218904721815715,0.019435500932792563,-0.04971413257310914,-0.06879752904856393,-0.15404469137245477,-0.10569712384805552,-0.1562230848444444,-0.12336456000790103,-0.1447641182616404,-0.009788143399891685,0.009346882212156129,-0.030858256155414612,-0.04965063036974519,-0.0025699757891272483,-0.01807376290160878,-0.08291056711829187,-0.02533194976884071,0.016129838424654874,-0.005099236456237735,0.04119205592176066,-0.028525909673192268,-0.04486138140651708,-0.03387030760102394,0.0030604538670074974,0.00504321950963159,0.14276194708411138,0.11905997952387071,0.10962036828583652,0.17974378882867767,0.1796672728364532,0.13615946665640483,0.18968427329325444,0.13652038714711956,0.25847871414354656,0.5891224151692137,0.34567709259983187,0.7358252588920693,1.0,0.8318053260337084,0.5826157131133781,0.7409088575596278,0.1434510818810176,0.07427484866195548,0.05893881270079812,0.13753082444922238,0.14601793973962754,0.13654256199534046,0.1440360010085082,0.10796289066456884
C7 GM right ventral horn,-0.012683247763762298,0.03622834752097501,-0.0998986191161884,-0.00216091490549368,0.03133241322071898,-0.00046633398565994996,0.0494079206613399,-0.029135304877676134,0.02411499876638253,0.030414438267080703,0.047957503760807534,0.07965282755381065,-0.0028146679558804432,0.04842428467781123,0.03131431414255477,0.05445710091084771,0.0034604952724394916,0.051683147610415044,0.040740044885556916,0.0380803092588275,0.03560074993787992,-0.00637315027303911,0.021455980745119438,0.022627466862387986,-0.025843361586929056,0.002190636043095347,-0.027071360334533563,0.0496076512739882,-0.02470971251680621,-0.012901273259801938,-0.0035481880328517195,-0.03191328429769341,-0.058547846429963864,-0.025459464515170855,0.007300632178059526,-0.030285216726296957,0.00226863451691421,0.006930191393868598,-0.06886814281964625,0.07102720434331028,0.08024414743702887,0.10517472820366239,0.030048106666092377,0.04699997641059446,0.05894510234721136,0.043886579843228066,-0.023228892097443592,-0.032787222745335125,-0.011509984188463345,0.007979290972370701,-0.01962332523652706,0.040023902550771845,0.06782602617062002,0.010148646816650083,0.046011450226444095,0.06113180772040855,0.010290193385840753,0.04026589283692213,-0.061904844042696625,-0.016995581045570862,0.019462216356622607,-0.0074475393017229725,-0.0269286005969925,-0.08703294514158563,-0.10329421087358186,-0.10675934287945149,-0.08926353691948724,-0.128955633009457,-0.0972587047530415,-0.15229348946083343,0.03402538293592235,0.052003973228877697,0.009103857368848799,-0.09584110967900665,-0.010975292249660097,-0.030589295625053116,-0.055548100306407173,0.01006958504252085,0.0770540387616401,0.0044287472356803305,0.05798136644924798,-0.0682288108781695,-0.06452724275644729,-0.030123944936351746,0.015425668737356096,0.008930527587053667,0.1019949856005087,0.06529015788953425,0.0685024938205072,0.15086552052014768,0.13327318856962586,0.11216452606908939,0.15553474740386647,0.08836026311874652,0.18607954840419227,0.44627974866467374,0.3042174479272293,0.7371809977934478,0.8318053260337084,1.0,0.5908377403344692,0.7291568201939538,0.14154918493744004,0.060016444051131004,0.04431772808120003,0.16324983247883937,0.15972896309413495,0.18336315684274437,0.17921920027106866,0.13653367539337238
C7 WM ascending,-0.016869062981552697,0.0197744191312323,-0.07749290239771907,0.05148172209591654,0.04826316858646302,0.05180890234464153,0.13935539346677067,0.02594889244377732,0.018285963390777097,0.03655306887070973,0.011575928865790728,0.0548569056654552,-0.08159232414644503,0.10404729889155222,0.10426837681923141,0.03812895395496101,0.010819463321871893,0.0014895387471216181,0.10155828622763526,0.06341516167943784,0.11879875511654382,0.06244527246314103,0.06814528963194097,0.0570184850416261,0.06750768377268035,0.03985394397684587,-0.027757576355293394,0.09343724562561975,0.04431504961414404,0.04223861681526371,0.016348686242074365,-0.012840936135032344,-0.011959770359034817,0.026161845357487955,0.015098460360972583,0.017076041259127064,-0.004856335276115681,0.0747350238474939,0.038263440374678485,0.03204027878575982,0.09003881733932045,0.07675160038717273,0.06350728545857298,-0.030264008206468154,0.11223081540640158,0.05334509030624488,0.01674698675391236,-0.024241736364458456,0.07247929154617296,0.06654869356889145,0.04817483940147403,0.00806595706148488,0.07424285373486837,0.05236995192618045,0.1000544417622783,0.07042280397034577,0.09252663600954308,0.016008651651215844,-0.004929109443816909,0.023730144503747885,0.03852317118033133,0.062490460832616015,0.003763532499468301,-0.011071340497753851,-0.014450341950144427,-0.03215460531520069,-0.02037971333034407,-0.03879436955031945,-0.00617037360767375,-0.026186298291337822,-0.04610992832685363,-0.011374705213653911,-0.05661440363546999,-0.10822390411615573,-0.023691614037494604,0.0008773343297229395,-0.10600442119789727,-0.04179320198339136,0.02131542039595015,0.05404923525511935,0.09586070978038481,0.005287417677224878,0.044952986228016266,0.04002511293988373,0.046612964870355114,0.088325475043962,0.1552417833476279,0.1557716242245376,0.143470343512864,0.12674780099527036,0.14608524751641047,0.08358910805900423,0.170136660302469,0.10936801985864256,0.5553019153383598,0.59457935281977,0.5566524380651529,0.5667958806392112,0.5826157131133781,0.5908377403344692,1.0,0.6868751828813272,0.14849243282966712,0.12061174575226849,0.109540766751517,0.13510312592950505,0.08541965228424238,0.10783942950057541,0.19785190108043188,0.14317164053157205
C7 WM descending,0.022395327186562484,0.07894145831934514,-0.016676658191027635,0.05058014552882983,0.07348334706507804,0.060287398041012526,0.1042305989729074,0.008503918546760067,0.026874886363803013,0.05135452200811745,0.04424674124554847,0.05660509525516357,-0.014846002038628167,0.07375430963074128,0.058490737133769996,0.08501022462047617,0.02490560935393072,0.04081400914009621,0.051968848267583814,0.061112863409449485,0.04319712563039076,0.014723505554898302,0.062373609932434786,0.10566037178479855,0.0201845514218438,0.01611041960141172,-0.02801701176349503,0.0833646937890043,0.015908578288956532,0.04138789380765109,0.0317062159392007,0.007268272561105679,0.0112620892920672,0.028492319598337992,0.027417305772568564,0.02953049102380408,0.03542540697007035,0.031705048823557555,0.0049007943129334396,0.060421762873126394,0.06507006519851857,0.058818785093202125,0.024107952324639435,0.01566682901412533,0.09568315770653907,0.07419295612910728,0.0486470275307922,-0.02410951307207348,0.05021266680842012,0.05253607954250432,0.026504879928665917,0.018409380612735348,0.07368369417262631,0.0809619057329455,0.10036225676707207,0.08856800043317001,0.05149843797939035,0.0464048024260639,-0.028080240729957403,0.006625357888505247,0.01826445957950265,0.05304978742863097,-0.03281066910454312,-0.10405091601571143,-0.11134328601315148,-0.08662457402486194,-0.10111802469370289,-0.1254623208754144,-0.08883020314117335,-0.12780836665859188,-0.04088420517059676,0.03267481161308186,-0.008246672668929996,-0.06401391135443155,0.04130752020883695,0.057470270853255276,-0.0701715961474888,0.04384807806174841,0.03247282160048918,0.03290043712561477,0.08779081502662067,0.04407416911745814,0.029498898745159888,0.01874563499716674,0.05562852835933359,0.0546724844686121,0.1286887620893134,0.1114935517116175,0.10723955577539786,0.18546266425972285,0.15438011865534537,0.09827969112729622,0.19533533486467491,0.11348582792290557,0.4546904616672256,0.7259591281701808,0.6698352460360064,0.5137195631780754,0.7409088575596278,0.7291568201939538,0.6868751828813272,1.0,0.13525595173905006,0.06566521127980365,0.04641836175191645,0.1766210873892801,0.14039811261532037,0.14311711442373964,0.18060643927098222,0.14208253134535379
C8 GM left dorsal horn,-0.007811294989874363,-0.009572841284614678,-0.048908064032262895,0.01650268756261707,0.015670643320282566,0.08533045328982274,0.0755302484979164,0.06481109902889082,0.04861846489126207,0.06836994037432319,0.0653382634333316,0.05598900614723439,0.09885849967567092,0.0725051458423711,0.10824347004839699,0.017300043219749255,0.07569240593399568,0.0830262500748523,0.08853205114506828,0.011660109963961229,0.07424695751065287,0.05794872088424358,0.06290070888184761,0.04181576907321315,0.039768647727248564,0.05950068098209533,0.12329435946128242,0.10341084682717507,0.038844236455999756,0.049674784424145114,-0.03960069175762819,-0.019961169639433347,0.005173729247238191,-0.008414112378443665,0.0293328115955985,0.0067669208258924396,0.035505301498251346,0.022223185558882766,0.07871351365495724,0.05371700895202874,0.03391871782405621,0.09623455543281723,0.077270330056995,-0.03930292326195145,0.08372637831881238,0.03981282699280166,0.022941839470347624,0.03526209925615623,0.06884229202708006,0.08313349262530387,0.0673318358269519,0.06574156403961988,0.02805863656130434,0.027800869987370587,0.06459084939142788,0.032865001090221266,0.0893768054620909,0.036068850705210986,0.07624776869297356,0.10319405987251556,0.07024672222212754,-0.004115089057318944,-0.03310076747278265,-0.10976093224452815,-0.10659239368102637,-0.09560775900864373,-0.13015910632213448,-0.1242732503056849,-0.06877661388414912,-0.11931282899633806,0.04246628997914999,0.0703396653891275,0.03792992670646856,0.017330904054462304,0.08083244563973008,0.08232401184944471,0.07006973055143396,0.04120022815840547,0.13698683373514425,0.07648060813206987,0.0840904187349531,0.06875114172199745,0.056563569952505076,-0.004232800084303751,0.1412622467974176,-0.006528778920964051,0.06242260933184833,0.05626207123811181,0.037900232687028496,0.028120025105039945,0.037717714683463945,0.05343354621994617,0.07946169758544652,0.06793394009898715,0.21089577655756664,0.18279136151396697,0.16887445451581692,0.11912212283062662,0.1434510818810176,0.14154918493744004,0.14849243282966712,0.13525595173905006,1.0,0.6975620053192978,0.743567732638837,-0.09477103650007558,0.04312614024030321,-0.03869557498821782,0.4751034930382171,0.33369471707157344
C8 GM left intermediate zone,0.06066344538486107,0.05132262453406093,-0.001618383056160229,0.0675055991153105,0.05169655532222567,0.10070918101629472,0.1225887012353488,0.09104837911563535,0.12056219968144655,0.1331114362564134,0.06457338115569174,0.1028227648880736,0.12015274036391362,0.10458219187377302,0.15616712313981373,0.058540465448368086,0.10916786794085813,0.0837884263312358,0.1425980173096583,0.07589628780098696,0.11793146700652159,0.09486172519805379,0.07414486069550118,-0.05167750625970162,0.09794769486842761,0.10191730352543463,0.10624756385872815,0.099829977571999,0.10147580317484703,0.08138881633112388,0.02788875395252958,0.05595016993747684,0.05502723646045062,0.036042868668236375,0.07735436373166796,0.07127135418404336,0.04042955887787767,0.07059256409142596,0.10095171442348093,0.06402531303544134,0.042472556763625276,0.0944213274062373,0.14120840012568708,0.004402680712729977,0.10868283837200096,0.09860735518601554,0.055008311242400416,0.05862040948966588,0.13553462561108012,0.14791913358959619,0.12523468833377785,0.13713517992853078,0.023080019898850154,0.0765115331791514,0.07618451221783562,0.04522575542523349,0.14462777830390183,0.028672889635441342,0.12522828806711994,0.14234087043437213,0.08103448845699998,0.0416274681950423,-0.01845375012194387,-0.07381607671849928,-0.05388607809791973,-0.07664213725472188,-0.11456893094518687,-0.11363557317860537,-0.09404595002384149,-0.07066967095525291,-0.02220128936388952,0.0544167236094802,0.03598013342517011,0.03576439605133062,0.10665315592179964,0.120523015975667,0.06561844243846245,0.08970274822527785,0.060095495482139674,0.03800016733394877,0.08215007113023005,0.06606044888838176,0.02545149120436676,-0.015895569571985957,0.08745913438566426,-0.03427474045614551,0.051182458458404835,0.02317854704922499,0.030069616116969476,0.028607710494858773,0.029281988012322586,0.08620208386760335,0.04935401020157155,0.09879558580382845,0.17408239712871035,0.1351888361417348,0.09508314421642272,0.09861947187177406,0.07427484866195548,0.060016444051131004,0.12061174575226849,0.06566521127980365,0.6975620053192978,1.0,0.8020383046781676,0.07102320057511016,0.4233566975675007,0.19186534380692552,0.5168024524858534,0.5963247893635925
C8 GM left ventral horn,-0.010050909329421839,-0.011431000736763642,-0.06939219193803393,0.00905839654924369,0.0376830768674745,0.0991654413206789,0.08385805313854683,0.09088253395923782,0.05135806984707935,0.046032178402498035,0.0030404445995879867,0.03280756715916478,0.10105445808511178,0.04508854584748072,0.09091600408240266,-0.008418634036304664,0.02880189744233868,0.038018447109690705,0.07835715449163234,0.02117828022227684,0.04952119911133891,0.029572554576779597,0.01193040850015077,-0.07910199595483253,0.04363292217163616,0.04075322533235465,0.09244288937953363,0.06410075833154892,0.0442700959564024,0.01974549128860979,-0.025571044041111542,0.023351104913513505,0.013848985882747928,-0.002177268979254184,0.035789388065563546,0.031797541824397896,-0.023103029873957553,0.01718933857942847,0.08106164144440953,0.03433428806449828,0.05462852829667139,0.08168853000142763,0.09784158187135679,0.004073255368371252,0.0823238185230509,0.045350281662946794,0.02224531749528775,0.026071964032622984,0.09077191472493319,0.07923205769523106,0.05898082788343132,0.03552995275243037,-0.015204257395669269,0.0014375895980491416,0.0027055714306338076,-0.024097967842309744,0.08636586898556749,0.004005067937104568,0.08941704577118653,0.07912792119805712,0.04128670143583603,-0.011781616224579197,-0.014034777776099877,-0.07155640870955039,-0.05184853449874287,-0.03838312613846259,-0.0818353663517635,-0.07040033184304706,-0.033038662300955625,-0.04195525803208436,0.025326092238556006,0.046764150738504436,0.01959583899254004,0.07206621569937094,0.10884605105665923,0.12261620479415132,0.09503531803179463,0.05943920109169431,0.10443112285152584,0.06285576866372614,0.08195662926251647,0.09171626742392859,0.09893713807009606,0.07399399768807427,0.10933425005957945,0.022632167670752212,0.030347513799339865,0.04381589909045631,0.03001121170002214,0.018158988941069643,0.04813818960246316,0.07154165067782763,0.020714750228440645,0.09490007005756002,0.1497118550195007,0.09790604203554112,0.08826041935572382,0.0953286847969786,0.05893881270079812,0.04431772808120003,0.109540766751517,0.04641836175191645,0.743567732638837,0.8020383046781676,1.0,-0.07191815691974898,0.08495469038761329,0.023204452968030222,0.5104127173674934,0.5246274915225545
C8 GM right dorsal horn,0.14907963848542174,0.14972930348004124,0.0790539276078056,0.10080936493959743,0.10633985248443431,0.06047661378217761,0.09367376149464214,0.037957313452350844,0.0740862104495227,0.09603466615011157,0.0655622203297105,0.11881462936259711,-0.035378010799440494,0.032347216827357105,0.07224719859365389,0.09830438958667802,0.09603255888043821,0.039254126890325265,0.09032408525623872,0.08813213561518674,0.05006992779786207,0.03315326476357205,0.062078657415208835,-0.05502119623645451,0.11203238304209748,0.10662479906900571,0.02074937484398303,0.033666958883440894,0.05671463093048362,0.07641274534755656,0.12441393412183174,0.15203780893814647,0.10645421953494459,0.15690092649313092,0.11273176431221724,0.1315022139308193,0.0425629767234462,0.09994902642741811,0.04041862327289236,0.11461576571784006,0.06266544526857452,0.0685420753442876,0.11554759507620938,0.07935450573005012,0.06792847039594702,0.08686998121075105,0.07944505751177802,0.06900658197674138,0.09888795353410783,0.09047027976989637,0.06040094473030535,0.09976106317359197,0.12414770463475132,0.09520994186075336,0.04011460358659585,0.049653377516206174,0.08899157627819808,0.10486632714761399,0.10870202931165188,0.09036140548758455,0.05590268684737705,0.09041010203088692,0.006580300936849058,-0.057982458149660354,-0.02484717148273888,-0.015719133142989995,-0.043794985104364643,-0.03771351630693413,-0.03379582699140157,-0.019359722167013056,-0.010012773624732064,0.027172921765549807,0.01825405364576998,0.02346748626925069,0.024641256607358178,0.007833440244358027,0.030656364510696536,0.04118275605634642,-0.04755339324598086,0.04566972780357998,0.07785367619987515,0.0328798140189312,-0.023780493221987466,-0.05907398238280143,0.006043251335141259,0.03780900608212982,0.07662408407673542,0.034420032181829756,0.04461057922710576,0.05766455633662154,0.04441442113008906,0.07053610111482934,0.02303788785124215,0.04919444167357237,0.02415339299578062,0.11618361389977785,0.09539212114822525,0.1852418519682791,0.13753082444922238,0.16324983247883937,0.13510312592950505,0.1766210873892801,-0.09477103650007558,0.07102320057511016,-0.07191815691974898,1.0,0.6518530660631338,0.7240265673883833,0.5277659657292574,0.38267094310027855
C8 GM right intermediate zone,0.140675877755783,0.15125697329698432,0.08725131358093552,0.12139452420651566,0.09848318884866551,0.08304552152509453,0.135749582776057,0.039975727033063846,0.13266496876881095,0.15709539923422983,0.07038592623064013,0.21267854918390194,0.07002041977381487,0.07208341602371728,0.12741204620372223,0.13720440799164182,0.11848497773460889,0.06886342686339185,0.12692254606790007,0.11964110210244462,0.06725346797919882,0.07273557464788181,0.11508133440634165,-0.05946194703876179,0.12826829136309104,0.11953750986237902,0.025071354213794934,0.067688216177239,0.11577362804117629,0.09908682277659146,0.09779565098850228,0.1350252377502365,0.10385988867063112,0.12018468239814527,0.10696100997800756,0.13455324325854512,0.06913372255086787,0.13168943256711893,0.07027743980043008,0.10883175079997562,0.031156620833224173,0.06910996995212842,0.14702692288702557,0.08716588108711892,0.10711043116928162,0.10304869809240459,0.1249439379257576,0.10035440379719658,0.11395428169719488,0.12602789653877566,0.12299413195238929,0.159068323358716,0.10127813124832354,0.13924459375961246,0.12179981626618504,0.0846111142941119,0.12732239649359267,0.09591009942960244,0.12454740455067756,0.13493253947084602,0.0744497467658762,0.11666429621614373,0.005492787393189351,-0.03794368255562641,-0.021784008981529303,-0.0568657613754604,-0.05976402323269361,-0.08029856152387009,-0.09094812764596778,-0.05242741932071301,-0.034384057919218586,0.03862716066300167,0.04507496650390108,0.034737253367887556,0.05872152354855547,0.0606943119625585,0.03464188731452231,0.10569687757595334,-0.09600174344643891,0.007530143885925603,0.08386341858677714,-0.01980082767454051,-0.08303844708036916,-0.11110461417585661,-0.049290719340615435,-0.02446727717447007,0.10181976173063598,0.058594529020087355,0.08765414359809934,0.08583873487046245,0.05694871443749727,0.11090309429596659,0.0557007999813987,0.11613271005361897,0.01893787080868524,0.08603048938139062,0.045043264673130454,0.18038022753666846,0.14601793973962754,0.15972896309413495,0.08541965228424238,0.14039811261532037,0.04312614024030321,0.4233566975675007,0.08495469038761329,0.6518530660631338,1.0,0.7957504123033273,0.4754979480315884,0.6231114730302764
C8 GM right ventral horn,0.07180977906729301,0.12646994285193114,0.0624373247699627,0.07204093877870717,0.061901042990699526,0.02600000999525996,0.1039498742728267,-0.0036113080906521886,0.06245454166162718,0.07881918079805364,-0.00973680613944853,0.1544559346985361,0.006471031054182774,0.00012938087733513476,0.05552685318859531,0.11748089648414853,0.039267322051748134,-0.004386009863050341,0.06117828113185047,0.05755298914295079,-0.012984547833314196,-0.00924819545496868,0.07784176158883593,-0.09117511224083184,0.0777243645552548,0.05636160969041919,0.014328619226650696,0.027974771346537197,0.03842903157623376,0.05283831329169782,0.06263378212296195,0.08870025572025327,0.0393983120088653,0.0761842028436564,0.08141243121903885,0.08353487606087046,0.02608636108715404,0.06713471668603173,0.00414054651444917,0.08719091973509704,0.06256092639775518,0.03129461398396703,0.07503719987137414,0.054010411572298495,0.0732783143189998,0.040213646457973234,0.09291775445017963,0.05597344688682762,0.05555846863670351,0.04984947022154617,0.051429861812911745,0.04207548863798317,0.08919394216751049,0.054758222964146515,0.04794954597441542,0.0272359976379075,0.06128323950603217,0.06936637875928983,0.0497311094421415,0.06499212952327808,0.041141072007259714,0.06718271687532588,0.04939083740390089,-0.0026198175254647923,0.028115953472687923,-0.03703056049640876,-0.038080695898857334,-0.046920463100757426,-0.05521333237632751,-0.011908059205406324,0.007218669499780258,0.021239227073321584,0.023369530020838133,0.0429128821950344,0.03029172746247113,0.027379808439355512,0.0440560191982727,0.06415162171072407,-0.07354609046230047,0.03007831864931997,0.07667386266597469,0.025749709843683754,-0.06943594365359335,-0.09443208624993663,-0.031335680930589534,-0.0210127628093717,0.08326119749486967,0.0772598339046128,0.08265683972737906,0.07167813492608598,0.05228141064914759,0.08326692331124941,0.018067778921218726,0.07415303381839593,0.017783465991789652,0.07514545497628196,0.02503357593190986,0.2054954923892226,0.13654256199534046,0.18336315684274437,0.10783942950057541,0.14311711442373964,-0.03869557498821782,0.19186534380692552,0.023204452968030222,0.7240265673883833,0.7957504123033273,1.0,0.5382492028891063,0.6510525746696855
C8 WM ascending,0.08874383396898397,0.16410613762895612,0.028319151657385414,0.0984026416231857,0.11242482782748174,0.09774610803893442,0.0937367676074971,0.05464074833408107,0.11237140657547301,0.08290415146769678,0.018644697890888823,0.18686546262572454,0.09911504339642621,0.06232201097145992,0.08879751721601692,0.08321450728565671,0.08187581652917844,0.053191131981614695,0.11139410482791187,0.07990413219326872,0.05081435699042396,0.04134349539393355,0.08940636463771431,-0.13064743770660225,0.12095086939275704,0.13779021305998462,0.10430045758999708,0.051907395460170626,0.06526949287588771,0.0685745914088936,0.10582263761023693,0.12611838793824182,0.09481064228923335,0.1272145173291139,0.1339170564963274,0.14225140212089019,0.01628446514621396,0.07937596568281384,0.04931960136497874,0.12185844520708665,0.11580678299825722,0.08969954911845117,0.13574059073202524,0.02793957401945376,0.1218531122661569,0.07845133945514222,0.04396397804750278,0.07615456894248375,0.139215976770063,0.11029037016702227,0.08833780234504564,0.07660431077076352,0.1336871782550531,0.06462718319622703,0.014310515104622458,-0.004968047580246902,0.12061105240600793,0.1597927346507243,0.14012706413262094,0.12758486791079673,0.10106084292289273,0.03643757035495694,0.0317028265027027,-0.06843104014618272,-0.02945913588980009,0.002076762428985775,-0.056297400305228305,-0.04803776017846552,-0.02067192291273658,-0.04004386692896658,0.013847849000087457,0.042674895154780866,0.01277365924820267,0.09363420110553734,0.11744462386917127,0.12390522937608173,0.09717265898363249,0.0579343616745414,0.04811796810077491,0.09449037196271383,0.09721045371232515,0.054581316868771816,0.023100221761133504,-0.04161546861341941,0.040129815896079946,0.007851084651911866,0.07467652815814184,0.07396832162001041,0.09232674117677629,0.028091582011179755,0.03448881104965008,0.09767154289837629,0.03437720140532557,0.11813962136436765,0.1298325446469915,0.15237513682741394,0.16576994970867653,0.20162965940570798,0.1440360010085082,0.17921920027106866,0.19785190108043188,0.18060643927098222,0.4751034930382171,0.5168024524858534,0.5104127173674934,0.5277659657292574,0.4754979480315884,0.5382492028891063,1.0,0.6138346743263503
C8 WM descending,0.03471829065070129,0.09203143227322357,-0.0069586808012319255,0.058249631486455046,0.03528465349742287,0.061025394051489094,0.09050801424359185,0.024026296651851565,0.0525424075522706,0.06468129068278207,-0.026852774675191517,0.1486914853475562,0.09761752349609974,0.028181649603327075,0.0812770794167469,0.07531755038273738,0.0407982946886718,0.0031034968219831958,0.08536035934461354,0.044673065835335375,0.023141063646439877,0.016376074790483374,0.04894695351158106,-0.14972764561600657,0.07240159354274983,0.04628712479705273,0.044814664977458674,0.02715952019155735,0.029468173740224757,0.04206238041108134,0.0002773866073355636,0.04801868285475744,0.010007535654195638,0.021464729032228635,0.03397873181986749,0.06680458367921305,-0.03527601278249113,0.011516402514898405,0.025041022298717325,0.050729664722459725,0.04199892236152404,0.01987265919995501,0.0786929638418651,0.014351170083928454,0.07809813705874591,0.03152531238685555,0.09374081316019275,0.06846706593914305,0.06765574990698212,0.07103397826905589,0.08122929075664369,0.03815504482973129,0.05397088455873777,0.03144361141920115,0.047239410911220685,-0.02394182012504028,0.06337267334813323,0.05139690218638379,0.06939092627536607,0.08094951888457522,0.011235051202418578,0.014216793076711672,0.03940535516023577,-0.03541254554343037,-0.008825279913518794,-0.013519986896925155,-0.04990749098537295,-0.049626870449614696,-0.05824010743353401,-0.026185417161650085,-0.05316498345738846,0.02377869054669677,0.0012308375202607148,0.08393473936410699,0.10218483162391323,0.10561099576004081,0.030818301156320674,0.07784138787851888,-0.015184528559708886,0.09491153125468123,0.16373311087500936,0.06309912175144004,0.0053128182884562385,-0.008239772286009335,0.026577731633832938,0.017477951359612647,0.09982804550829011,0.11401328840921877,0.13101453821133602,0.10370259050024773,0.1016235986888932,0.14865258085676095,0.05643274861157641,0.1566705180039665,0.13144698405640617,0.115084375809604,0.04939953223685696,0.19213840789816494,0.10796289066456884,0.13653367539337238,0.14317164053157205,0.14208253134535379,0.33369471707157344,0.5963247893635925,0.5246274915225545,0.38267094310027855,0.6231114730302764,0.6510525746696855,0.6138346743263503,1.0
